decision_ts,entry_year,run_id,direction,entry_px,h1_sl_m1,h1_risk_m1,natural_exit_time_m1,natural_child_pnl_m1,R_child,P_ORACLE13,P_WIN,STD_w1_a50,SLOW_w2_a75,P_X2,P_X3,P_X4,P_X5,grammar_aligned,base_align,slow_align
2025-01-02 08:00:00,2025,1454,UP,2634.26,2605.34,2.1701259021798815,2025-01-03 12:00:00,19.229999999999563,0.6649377593360828,0.03301251267488418,0.4907103484785852,0.04164101199271084,0.21928002386629258,0.11888315775172419,0.027013047724938316,0.004472544944068803,0.001243897511176773,0,1,1
2025-01-02 12:00:00,2025,1454,UP,2636.21,2605.34,2.3133622780083405,2025-01-03 12:00:00,17.279999999999745,0.5597667638483902,0.02554864585059746,0.6138036160657314,0.1187759674964003,0.5715989047787097,0.17151923426880167,0.026890956723101146,0.002372173832661169,0.0012480665568470738,1,1,1
2025-01-02 16:00:00,2025,1454,UP,2643.15,2631.09,0.9033203368009328,2025-01-03 12:00:00,10.33999999999969,0.8573797678275072,0.009055132183778139,0.5618693247382879,0.02896803678249967,0.4116651891616038,0.15881491077054505,0.00958389760368474,0.000557003212490376,0.00022354699556774747,1,1,1
2025-01-02 20:00:00,2025,1454,UP,2656.76,2636.0,1.5506015332024887,2025-01-03 12:00:00,-3.2700000000004366,-0.1575144508670714,0.00349716106770355,0.5682021496567006,0.026382875471784126,0.5260444688955682,0.13844216205644982,0.0037666524287300277,7.812647117797446e-05,2.466012781057956e-05,1,1,1
2025-01-03 01:00:05,2025,1454,UP,2659.93,2636.0,1.7923265448850634,2025-01-03 12:00:00,-6.440000000000055,-0.26911826159632674,0.0005931808047696649,0.4847176019086502,0.007173560481781573,0.2986987238838302,0.024489507698551904,0.0006432169714716946,9.129279315835386e-06,2.394717049964171e-06,1,1,1
2025-01-03 04:00:00,2025,1454,UP,2659.61,2636.0,1.7738440675957365,2025-01-03 12:00:00,-6.120000000000346,-0.25921219822110597,0.00020166172162324906,0.4964203024326653,0.0021607441948163666,0.14932997505478132,0.009053242144725172,0.00021718492407938518,2.142345063218665e-06,5.304082830881334e-07,1,1,1
2025-01-03 08:00:00,2025,1454,UP,2658.75,2636.0,1.7120612570825948,2025-01-03 12:00:00,-5.260000000000218,-0.2312087912088008,5.856040728497878e-05,0.48408531892048984,0.0006918437988553816,0.05460417775295196,0.0044305879039691146,6.453000285125156e-05,4.237034038522414e-07,2.0300468015377345e-07,1,1,1
2025-01-03 12:00:00,2025,1455,DOWN,2653.49,2665.2,0.882284394845455,2025-01-07 01:00:05,16.649999999999636,1.4218616567036366,0.3656046466855588,0.13423264361502096,0.39767342535539957,0.006102484441923614,0.517258422366343,0.3656513182450037,0.22104430851699552,0.13020460338129292,0,1,0
2025-01-03 16:00:00,2025,1455,DOWN,2649.79,2659.29,0.7150075227257747,2025-01-07 01:00:05,12.949999999999818,1.363157894736823,0.22252231908230544,0.24438897057180778,0.3544033405094754,0.0014617390696127525,0.4574559436011916,0.21905527144079098,0.14271131995486822,0.04448783539782371,0,1,0
2025-01-03 20:00:00,2025,1455,DOWN,2641.8,2659.29,1.3161939888498069,2025-01-07 01:00:05,4.960000000000036,0.28359062321327033,0.1419590471738183,0.25446436462275146,0.2754319976617608,0.6643813669189922,0.3777967236353215,0.14375558106639777,0.05923537967953716,0.013887897778219048,0,1,1
2025-01-06 01:00:05,2025,1455,DOWN,2639.26,2642.93,0.2769929387329879,2025-01-06 02:55:00,-3.669999999999618,-1.0,0.0429736067560832,0.21636901057611574,0.09119715896089362,0.3964749216142291,0.16085437760829768,0.04357819865551731,0.017068208211628702,0.004128905671660612,0,1,1
2025-01-06 04:00:00,2025,1455,DOWN,2641.24,2659.29,1.364874348332067,2025-01-07 01:00:05,4.399999999999636,0.24376731301936796,0.016263447182095814,0.22537027819866148,0.021878818983099835,0.18635539283395264,0.05565789915647,0.015483837874910407,0.0031476560459540656,0.0004701323434331422,0,1,1
2025-01-06 08:00:00,2025,1455,DOWN,2633.86,2647.35,1.019796087024518,2025-01-06 13:33:00,-13.489999999999782,-1.0,0.012220635592450811,0.31404418624300445,0.0353508260994304,0.3241183703885892,0.16502117546471348,0.01245190903147991,0.0017184746574956862,0.0002186091119682664,0,1,1
2025-01-06 12:00:00,2025,1455,DOWN,2632.66,2647.35,1.1117716437969898,2025-01-06 13:33:00,-14.690000000000055,-1.0,0.003114944759170685,0.2503929426810207,0.005905480210902626,0.10856513933763026,0.022820062839093946,0.003142614059613491,0.00040236146009068935,5.263635035841793e-05,0,1,1
2025-01-06 16:00:00,2025,1455,DOWN,2624.08,2649.37,1.9024709161354636,2025-01-07 01:00:05,-12.760000000000218,-0.5045472518782221,0.0025370148437560513,0.2531277385416498,0.0035961682195933264,0.1068565523143068,0.026545313697834316,0.002584400137217417,0.0001259444360354669,7.581091412351697e-06,0,1,1
2025-01-06 20:00:00,2025,1455,DOWN,2636.65,2649.37,0.9515854603166394,2025-01-07 01:00:05,-0.19000000000005457,-0.014937106918243518,0.00022748594111792503,0.18645931964202495,0.0007821987271917414,0.039682657083897455,0.0022047572549944135,0.000236902137804307,1.6987046306188808e-05,1.5771575837707817e-06,0,1,1
2025-01-07 01:00:05,2025,1456,UP,2636.84,2632.88,0.2972052497721078,2025-01-08 01:00:05,10.889999999999873,2.7499999999999427,0.4944454285557095,0.3371843093299676,0.4105224818444295,0.03354201544670632,0.7799035798336399,0.4869335012748265,0.4187430452084693,0.262938915265707,1,1,0
2025-01-07 04:00:00,2025,1456,UP,2639.14,2632.88,0.4708205661440329,2025-01-08 01:00:05,8.590000000000146,1.3722044728435256,0.29273736270972067,0.3637691643223889,0.4018268409186736,0.5790045515618903,0.6014023737995965,0.28827183233752784,0.15716813750070371,0.08416763067871443,1,1,1
2025-01-07 08:00:00,2025,1456,UP,2644.57,2632.9,0.8793711360776949,2025-01-08 01:00:05,3.1599999999998545,0.27077977720649826,0.1760250553530713,0.42762984851207597,0.30264263405997743,0.570950550315091,0.5937367059750115,0.17386347069611482,0.06075966023467692,0.024514794460496203,1,1,1
2025-01-07 12:00:00,2025,1456,UP,2641.56,2637.02,0.3427562425118547,2025-01-08 01:00:05,6.170000000000073,1.3590308370044322,0.055604648309861976,0.3046521038155366,0.09072178884087549,0.3900619093086842,0.15642932196581,0.05545189658553695,0.016502171833461338,0.005705399795348596,1,1,1
2025-01-07 16:00:00,2025,1456,UP,2662.77,2637.02,1.9361580894901758,2025-01-08 01:00:05,-15.039999999999964,-0.5840776699029112,0.0681997206514069,0.5561270863897079,0.21408941193179487,0.748659994700567,0.5246158021027229,0.06795648250805522,0.006816873844276898,0.002202617089834382,1,1,1
2025-01-07 20:00:00,2025,1456,UP,2652.65,2641.97,0.8004675041631367,2025-01-08 01:00:05,-4.920000000000073,-0.46067415730336503,0.005701514587942868,0.33247118943842635,0.018002201493077317,0.3213024251590873,0.054837516604909764,0.005713514593258491,0.0005883693381689717,0.00016856958082582464,1,1,1
2025-01-08 01:00:05,2025,1457,DOWN,2647.73,2656.02,0.6233383827023239,2025-01-08 12:00:00,-5.9699999999998,-0.7201447527140924,0.33553629047778744,0.19326538749372005,0.39785798672283207,0.07714191278230366,0.5307162642594941,0.33590238633023334,0.18452625651022794,0.10864614376387988,0,1,0
2025-01-08 04:00:00,2025,1457,DOWN,2648.77,2656.02,0.5471824311767932,2025-01-08 12:00:00,-4.929999999999836,-0.6799999999999774,0.17736772686210797,0.19160711619259768,0.33621752198355914,0.04934132321092551,0.325106331352043,0.1759677954688883,0.07602386117435435,0.03611907419917583,0,1,0
2025-01-08 08:00:00,2025,1457,DOWN,2650.01,2651.51,0.11358065846532364,2025-01-08 08:14:00,-1.5,-1.0,0.08682198838529184,0.1845736289565301,0.16683255247889328,0.046055380941861165,0.14375827514273148,0.08530039497233956,0.03308582157571122,0.01520574762570959,0,1,0
2025-01-08 12:00:00,2025,1458,UP,2653.7,2645.23,0.6432670301268256,2025-01-09 08:00:00,4.620000000000346,0.5454545454545991,0.5238527099864329,0.3064512862361374,0.6424598558173014,0.0863938734260411,0.7357365500256742,0.5274173966617213,0.45831504648458066,0.3258750452248757,1,1,1
2025-01-08 16:00:00,2025,1458,UP,2660.34,2645.23,1.1469166272346605,2025-01-09 08:00:00,-2.019999999999982,-0.13368630046326702,0.36385609118128814,0.4216466859061741,0.4572238621642031,0.0778878442234866,0.7382546066108622,0.36115337872327125,0.20751195945520245,0.07466101379340934,1,1,1
2025-01-08 20:00:00,2025,1458,UP,2655.74,2645.78,0.753642348745195,2025-01-09 08:00:00,2.580000000000382,0.2590361445783625,0.07655914205938619,0.4043639842908409,0.1556159837389077,0.027112036325296032,0.3116041515781032,0.07754286818699868,0.03291391570250859,0.03396480888755404,1,1,1
2025-01-09 01:00:05,2025,1458,UP,2662.6,2649.4,0.9990743450268407,2025-01-09 08:00:00,-4.279999999999745,-0.3242424242424094,0.07737915504690883,0.48526329615389713,0.16201491668808693,0.041620952947446256,0.38270677480203913,0.07959004336436346,0.020015292618200547,0.015687577073497563,1,1,1
2025-01-09 04:00:00,2025,1458,UP,2658.73,2649.4,0.7083418430155652,2025-01-09 08:00:00,-0.4099999999998545,-0.043944265809202326,0.032504183932385314,0.349608347824241,0.02967960344157758,0.009393669538549069,0.07864509499639709,0.032278817811801704,0.007413200389396804,0.0018813394330918494,1,1,1
2025-01-09 08:00:00,2025,1459,DOWN,2658.32,2662.15,0.29157286444983405,2025-01-09 08:33:00,-3.8299999999999272,-1.0,0.39228164644034247,0.2344307013859664,0.016631896627682805,0.009373543922789487,0.5218679250855761,0.3897921827567456,0.2284890777992923,0.15763045764879755,0,0,0
2025-01-09 12:00:00,2025,1460,UP,2665.15,2655.45,0.7398706670187837,2025-01-13 04:00:00,20.33999999999969,2.0969072164947544,0.5601072961008884,0.36535293760298365,0.020803876971474136,0.009725509838699336,0.7714110906101577,0.5617951689815707,0.49780608683366895,0.3850149438295577,1,1,1
2025-01-09 16:00:00,2025,1460,UP,2672.74,2655.45,1.3184095433992171,2025-01-13 04:00:00,12.75,0.7374204742625811,0.27515431935618845,0.37720842486694345,0.01779541899434214,0.013669191100304649,0.6833722676572084,0.28338673113332774,0.15231546810126315,0.17104172627495337,1,1,1
2025-01-09 20:00:00,2025,1460,UP,2666.06,2655.45,0.8090668291331926,2025-01-13 04:00:00,19.429999999999836,1.8312912346842227,0.07136440046180209,0.30676685188908703,0.0013096666623353367,0.0019011640160457722,0.1832296704133262,0.06592023427427766,0.029490591689137067,0.030979827800574927,1,1,1
2025-01-10 01:00:05,2025,1460,UP,2670.81,2662.72,0.6183456963315237,2025-01-13 04:00:00,14.679999999999836,1.8145859085289953,0.0842746073798058,0.36636763153164525,0.0020068950639915662,0.003119756879464783,0.31785309345944257,0.08962620045585586,0.030451081324769546,0.014044159952986848,1,1,1
2025-01-10 04:00:00,2025,1460,UP,2671.08,2668.34,0.21027678330004368,2025-01-10 15:30:00,-2.7399999999997817,-1.0,0.043723922894668886,0.32219755694473967,0.0007869798651596056,0.0016012138325670257,0.20692850041205652,0.04489210910147464,0.011433414664955878,0.0035050484347143775,1,1,1
2025-01-10 08:00:00,2025,1460,UP,2675.09,2668.34,0.5197217053961594,2025-01-10 15:30:00,-6.75,-1.0,0.029148393878808732,0.4046400659283198,0.0005465644998276515,0.0013244610499060444,0.2017964054183321,0.030191862076781848,0.005878297222049763,0.0015769058992419803,1,1,1
2025-01-10 12:00:00,2025,1460,UP,2678.69,2671.53,0.5522343310419802,2025-01-10 15:30:00,-7.1599999999998545,-1.0,0.010540440940245976,0.4890954990419055,0.0002932074423880358,0.001098401659292204,0.12894476618388429,0.010931152938041535,0.001585428329578508,0.0005083371251765047,1,1,1
2025-01-10 16:00:00,2025,1460,UP,2682.84,2662.72,1.5471855886757753,2025-01-13 04:00:00,2.649999999999636,0.13170974155067547,0.006181213880058512,0.48937293045947416,6.28989358985081e-05,0.00035162588925033466,0.08792696712390968,0.006133181512107195,0.0004031121422618217,6.080232130032839e-05,1,1,1
2025-01-10 20:00:02,2025,1460,UP,2696.29,2663.69,2.5022577928270735,2025-01-13 04:00:00,-10.800000000000182,-0.33128834355828873,0.002916751246264486,0.5669656968113506,0.00011489735895751709,0.0011483148518072522,0.09213110108667938,0.0031500616726563226,0.00013003302390334317,1.8417177042598643e-05,1,1,1
2025-01-13 01:00:05,2025,1460,UP,2691.21,2663.69,2.112477951896606,2025-01-13 04:00:00,-5.720000000000255,-0.20784883720931172,0.0002451830622502944,0.3980865715718294,1.2912547235715694e-05,0.00026528136763057417,0.003174185059567083,0.000240807520657041,7.129473097932772e-06,9.301360807975443e-07,1,1,1
2025-01-13 04:00:00,2025,1461,DOWN,2685.49,2693.2,0.591616457857781,2025-01-14 04:00:00,14.58999999999969,1.8923476005187576,0.32187524075040014,0.21755204701634598,0.394296768548898,3.0252596517218966e-05,0.6165460335026188,0.32676320112816387,0.17500084894099766,0.11366059097972991,0,1,0
2025-01-13 08:00:00,2025,1461,DOWN,2686.79,2693.2,0.49297486559377424,2025-01-14 04:00:00,15.889999999999873,2.478939157566339,0.1576280476675473,0.19697054129913819,0.23911831654923962,2.7861648218882278e-05,0.3052378212051136,0.14964580025981195,0.0601962647937035,0.030409884179661013,0,1,0
2025-01-13 12:00:00,2025,1461,DOWN,2684.71,2691.25,0.5039854442490259,2025-01-14 04:00:00,13.809999999999945,2.111620795107037,0.09292957758785428,0.15584658005539656,0.11584101640771936,1.557426953792334e-05,0.19021309396777325,0.0883051399988816,0.027036732193944164,0.007912182723818755,0,1,0
2025-01-13 16:00:00,2025,1461,DOWN,2669.11,2691.25,1.700094362592819,2025-01-14 04:00:00,-1.7899999999999636,-0.0808491418247504,0.09010566555324201,0.3018305794859741,0.2077668079560063,0.7691501795674115,0.33407571629570176,0.09355457490827508,0.013838418949777139,0.006146586724308663,0,1,1
2025-01-13 20:00:00,2025,1461,DOWN,2660.84,2691.25,2.333275559625627,2025-01-14 04:00:00,-10.059999999999945,-0.3308122328181517,0.02940806540627439,0.29927974913768446,0.0693451912719384,0.5703386641347756,0.163809524972397,0.029172304564315056,0.0020286121574049003,0.0008628664888610767,1,1,1
2025-01-14 01:00:05,2025,1461,DOWN,2663.22,2691.25,2.1558689835196336,2025-01-14 04:00:00,-7.680000000000291,-0.2739921512665086,0.0045813755366867276,0.27609493065428853,0.011858972187970234,0.21574001859511904,0.02367217994457036,0.004475213111090456,0.0002898740865798822,0.00015100495138321382,1,1,1
2025-01-14 04:00:00,2025,1462,UP,2670.9,2656.75,1.0898459806235354,2025-01-14 12:00:00,-3.6399999999998727,-0.2572438162544063,0.593618654698992,0.46288883256170216,0.0016005552473455423,0.1205802366935464,0.8831541770408439,0.59807041285225,0.4189665532591448,0.26610915050141604,0,0,0
2025-01-14 08:00:00,2025,1462,UP,2668.85,2656.75,0.9339726817059022,2025-01-14 12:00:00,-1.5899999999996908,-0.1314049586776614,0.1749426720299766,0.33592902742092107,0.36206796181651923,0.10569865417584523,0.3279884755816317,0.17226701378238965,0.10192036887153319,0.04486458863377734,0,1,0
2025-01-14 12:00:00,2025,1463,DOWN,2667.26,2675.22,0.6152977824294221,2025-01-14 20:00:00,-1.9599999999995816,-0.24623115577885485,0.3128942686661726,0.15294797583780587,0.4792888291829236,0.12919267362685705,0.5331366225276207,0.31590263700917065,0.16559645834065906,0.09609412175575249,1,1,1
2025-01-14 16:00:00,2025,1463,DOWN,2662.91,2675.22,0.9512803669121146,2025-01-14 20:00:00,-6.309999999999945,-0.5125913891145388,0.20874499209361344,0.23031424256391167,0.3041785043235939,0.09588633552402924,0.4783650319373386,0.2071919651192675,0.07786148519103842,0.02788132543024051,1,1,1
2025-01-14 20:00:00,2025,1464,UP,2669.22,2659.81,0.7267901826698063,2025-01-16 08:00:00,25.490000000000236,2.708820403825784,0.5663724022961864,0.457370654117898,0.12621047909122748,0.04957797938554598,0.746406341596679,0.5545914693930178,0.4209886625611459,0.31723648870423143,0,0,0
2025-01-15 01:00:05,2025,1464,UP,2678.64,2666.64,0.9273952727379594,2025-01-16 08:00:00,16.070000000000164,1.3391666666666804,0.35276568727740104,0.5150292881648614,0.6437422613281235,0.6012995132717536,0.8306516591182884,0.35007764726420254,0.172750073387316,0.0944394179068159,0,1,1
2025-01-15 04:00:00,2025,1464,UP,2670.18,2666.64,0.27398149782900133,2025-01-16 08:00:00,24.5300000000002,6.929378531073574,0.07060286762169625,0.2838354140752999,0.1882221716299122,0.29638892761226593,0.11796963233649188,0.06885987061202181,0.029180605682161315,0.01812938339484787,0,1,1
2025-01-15 08:00:00,2025,1464,UP,2679.46,2669.32,0.7858082950719387,2025-01-16 08:00:00,15.25,1.5039447731755613,0.0849253627705761,0.51626658961988,0.3376201621402707,0.5029358224693492,0.4421227764256409,0.08837774714707451,0.01822374593206469,0.006901881297986862,0,1,1
2025-01-15 12:00:00,2025,1464,UP,2686.08,2669.32,1.3007877682180944,2025-01-16 08:00:00,8.63000000000011,0.5149164677804434,0.030062911637024858,0.5028824725524371,0.22148448404305288,0.5015283177298208,0.3024982653457967,0.03272594316872093,0.0044585277352430395,0.001275665731505711,0,1,1
2025-01-15 16:00:00,2025,1464,UP,2693.99,2669.32,1.9154094356521911,2025-01-16 08:00:00,0.7200000000002547,0.029185245237140892,0.012288065310138088,0.5157091084854033,0.07409285524585818,0.38101143287551287,0.1512917605848987,0.012287051116507545,0.0009235993573151204,0.00018705919556302904,0,1,1
2025-01-15 20:00:00,2025,1464,UP,2692.81,2676.7,1.2473300203243316,2025-01-16 08:00:00,1.900000000000091,0.11793916821850255,0.0032234700596782398,0.45088480358088173,0.03880443007408352,0.3283867318275912,0.07615917077547071,0.0034080421536453287,0.00018552025144662204,2.9393798919826184e-05,0,1,1
2025-01-16 01:02:44,2025,1464,UP,2697.23,2676.7,1.5940540001398387,2025-01-16 08:00:00,-2.519999999999982,-0.12274719922065062,0.0015236176959015604,0.45253749324492476,0.018455408207595895,0.20883399284541473,0.030619296190784413,0.001632748764199292,6.453666504218264e-05,9.352366362499882e-06,0,1,1
2025-01-16 04:00:00,2025,1464,UP,2696.39,2676.7,1.531037364806559,2025-01-16 08:00:00,-1.6799999999998363,-0.0853224987303114,0.0004161980172474765,0.46598109250148956,0.007587363535658357,0.16307064667690988,0.008202019591247939,0.0004564552982102145,1.0881647382924483e-05,2.5160931501193036e-06,1,1,1
2025-01-16 08:00:00,2025,1465,DOWN,2694.71,2702.21,0.5852616836982857,2025-01-16 10:18:00,-7.5,-1.0,0.4313108228258343,0.19389418603752967,0.0011485611708448747,0.05186380554243592,0.596309001275559,0.44075522794528077,0.22250007875398653,0.12771881630713844,0,0,0
2025-01-16 12:00:00,2025,1466,UP,2705.56,2689.92,1.2186930126778805,2025-01-17 04:00:00,9.110000000000127,0.5824808184143352,0.5290820483080649,0.4191216750466016,0.002644800281245698,0.09364035804820117,0.8548633457160985,0.5192672921185303,0.3929455859655278,0.26703066497354,1,1,1
2025-01-16 16:00:00,2025,1466,UP,2715.45,2689.92,1.9848291181018052,2025-01-17 04:00:00,-0.7799999999997453,-0.03055229142184697,0.2646423918068282,0.35588717672770637,0.0011911193810483132,0.08331930618705961,0.6792956121831355,0.2654861076335767,0.11329304531158851,0.04747812201312251,1,1,1
2025-01-16 20:00:00,2025,1466,UP,2722.04,2700.21,1.6977465695536813,2025-01-17 04:00:00,-7.369999999999891,-0.33760879523591003,0.0677982856534667,0.342492853807452,0.0006695607533110712,0.08003716578981022,0.35573473602701755,0.07092494346159954,0.01842726205171642,0.006487343845195726,1,1,1
2025-01-17 01:00:05,2025,1466,UP,2715.14,2700.21,1.1620729403059287,2025-01-17 04:00:00,-0.4699999999997999,-0.03148024112523812,0.011637318367990538,0.24221413056015834,5.24478289024627e-05,0.0116694253613201,0.0348964401017292,0.011259285945252117,0.002521865350987984,0.0008549651511262849,1,1,1
2025-01-17 04:00:00,2025,1467,DOWN,2714.67,2724.65,0.7790201374177217,2025-01-17 20:00:00,2.0,0.20040080160320606,0.2801514950848785,0.18341929727382927,0.3343022239130756,0.0027989295913924974,0.39692410608860446,0.2795923709059752,0.1495010709931553,0.09396301714333864,0,1,0
2025-01-17 08:00:00,2025,1467,DOWN,2711.63,2717.29,0.44309083595231397,2025-01-17 18:51:00,-5.6599999999998545,-1.0,0.20773840473140032,0.2076477701163201,0.21498860244798626,0.0014131477438343782,0.3648834452402291,0.19477074785125018,0.07340454067604589,0.034842971787200465,0,1,0
2025-01-17 12:00:00,2025,1467,DOWN,2704.63,2717.29,0.9920209544503791,2025-01-17 18:51:00,-12.659999999999854,-1.0,0.14240269506050443,0.2649484234610199,0.31106141070045606,0.6661678079273264,0.45873626202517437,0.14100889398997224,0.03643544473394235,0.014925499529666693,0,1,1
2025-01-17 16:00:00,2025,1467,DOWN,2704.88,2717.29,0.9739244486530183,2025-01-17 18:51:00,-12.409999999999854,-1.0,0.0443245062598661,0.1802112297961231,0.08782107440612494,0.46117224824331476,0.10444345050020176,0.043083333768973726,0.00794490202461884,0.0023824758655929886,0,1,1
2025-01-17 20:00:00,2025,1468,UP,2712.67,2702.69,0.7825695544233914,2025-01-17 22:00:00,-9.980000000000018,-1.0,0.5164620594725767,0.34204037258038655,0.5390162923883429,0.6041697429477687,0.7480913287143441,0.5166344668778416,0.3985434468867622,0.28159196762128264,1,1,1
2025-01-20 01:00:05,2025,1469,DOWN,2701.71,2717.34,1.2247872771156734,2025-01-20 08:00:00,-5.829999999999927,-0.37300063979525827,0.35315995157506413,0.2432019295432287,0.6010595426124018,0.6231966477711172,0.5859501773355762,0.35360062270866227,0.19713809505282268,0.15645178728917453,0,1,1
2025-01-20 04:00:00,2025,1469,DOWN,2693.82,2717.34,1.842425491327336,2025-01-20 08:00:00,-13.7199999999998,-0.5833333333333253,0.15154514523979495,0.3293313891949535,0.4291943909681369,0.5664653266582862,0.5042513896919062,0.16052053760097199,0.04690197054695647,0.035938298376505334,0,1,1
2025-01-20 08:00:00,2025,1470,UP,2707.54,2689.31,1.4272325604129725,2025-01-22 20:00:00,48.929999999999836,2.684037301151936,0.6540507700151766,0.5228440476921162,0.03551523230121342,0.16038935808728572,0.9209435890872962,0.6582148415202893,0.45255123323302315,0.2897893595242499,0,0,0
2025-01-20 12:00:00,2025,1470,UP,2706.4,2702.77,0.28441938145474877,2025-01-20 15:36:00,-3.630000000000109,-1.0,0.19424637695800914,0.3587862885587786,0.44099133545150665,0.38497776121261185,0.5091194129365074,0.1960382816684595,0.1416415991585598,0.07849164051224221,0,1,1
2025-01-20 16:00:00,2025,1470,UP,2705.63,2689.31,1.2798946233508808,2025-01-22 20:00:00,50.83999999999969,3.1151960784313224,0.09823371765393918,0.4194938552133527,0.32882448771784956,0.41234420379970893,0.224841771040181,0.09984916447995432,0.0510304521647309,0.026256149970086896,0,1,1
2025-01-20 20:00:00,2025,1470,UP,2707.96,2701.81,0.483206099370083,2025-01-22 20:00:00,48.50999999999976,7.887804878048625,0.06208686641973126,0.33596074706482704,0.17316442350482775,0.3115655739651974,0.18836387340058403,0.0668071569096688,0.030694903557862505,0.009995886375942668,0,1,1
2025-01-21 01:00:05,2025,1470,UP,2708.36,2703.27,0.4011031581031869,2025-01-21 02:53:00,-5.0900000000001455,-1.0,0.034841091665208504,0.39786076741008275,0.12032408908593609,0.28150659622809654,0.2076447588976616,0.03645708514423514,0.012445151057271498,0.0031109869822726934,0,1,1
2025-01-21 04:00:00,2025,1470,UP,2718.14,2701.81,1.2847418716577477,2025-01-22 20:00:00,38.32999999999993,2.3472137170851255,0.04348583929945513,0.5134634156436183,0.0920241533425138,0.35493245045100824,0.3293285218642978,0.04329279064868193,0.004777610484012736,0.0008346873038176705,1,1,1
2025-01-21 08:00:00,2025,1470,UP,2726.48,2702.74,1.8687520591707276,2025-01-22 20:00:00,29.98999999999978,1.2632687447346034,0.013891812327033012,0.6609982072923776,0.06859128686840839,0.42285246494035617,0.20310311725109134,0.014721100954175914,0.0010104100029241145,0.0001879964457854248,1,1,1
2025-01-21 12:00:01,2025,1470,UP,2721.47,2702.74,1.4728342017300793,2025-01-22 20:00:00,35.0,1.868659903897489,0.001795872188557835,0.5265504450290709,0.007540240995391705,0.13892411714786843,0.014898530147053808,0.0018184630292731629,9.563505986522042e-05,2.6327881945360053e-05,1,1,1
2025-01-21 16:00:00,2025,1470,UP,2726.44,2716.47,0.7837060944197697,2025-01-22 20:00:00,30.029999999999745,3.0120361083248723,0.001501693932369702,0.6449953879566792,0.009448074145300057,0.20579086332817678,0.03666352539207799,0.001604110486519731,5.269056936151019e-05,8.16950311278668e-06,1,1,1
2025-01-21 20:00:00,2025,1470,UP,2740.4,2716.47,1.8747164691659186,2025-01-22 20:00:00,16.06999999999971,0.6715419974926666,0.0008843235728018294,0.7056582930604915,0.007668050861898438,0.25169874456149266,0.049616869304957796,0.0009725986323514501,1.6579882421491768e-05,1.7488030437890576e-06,1,1,1
2025-01-22 01:00:05,2025,1470,UP,2745.28,2716.47,2.263589746872388,2025-01-22 20:00:00,11.1899999999996,0.3884068031933164,0.000152301136935003,0.6414358151902773,0.0021438362864023923,0.13169109658284858,0.007951488975383515,0.00016528106719016931,1.530707787774084e-06,1.1543191793277132e-07,1,1,1
2025-01-22 04:00:00,2025,1470,UP,2748.19,2716.47,2.4971404745401355,2025-01-22 20:00:00,8.279999999999745,0.2610340479192837,4.855364257904823e-05,0.6796670210824327,0.00121766296123735,0.11279548285445548,0.0047032820121644,5.333988723278424e-05,2.361522351166359e-07,1.8187383813728286e-08,1,1,1
2025-01-22 08:00:00,2025,1470,UP,2758.18,2716.47,3.284233663079732,2025-01-22 20:00:00,-1.7100000000000364,-0.04099736274274838,2.291063882005187e-05,0.6810065824198008,0.0007448657319803793,0.10217867741095323,0.00354355537191465,2.5599240901177506e-05,5.1837651147802996e-08,2.5424296424543552e-09,1,1,1
2025-01-22 12:00:00,2025,1470,UP,2758.65,2745.54,1.030479147529456,2025-01-22 20:00:00,-2.180000000000291,-0.16628527841344545,5.759948939993297e-06,0.6021539471652573,0.00018895733910249425,0.044075945884198574,0.0017551989280725243,6.431370959049437e-06,1.2157096465214379e-08,9.293393064800362e-10,1,1,1
2025-01-22 16:00:00,2025,1470,UP,2757.9,2745.54,0.9716724660386569,2025-01-22 20:00:00,-1.430000000000291,-0.11569579288028126,2.0876240315780985e-06,0.5952621477038295,3.594809261019083e-05,0.011236850098206385,0.0004349276436024235,2.350730346584866e-06,3.922113545307726e-09,3.1295861368139294e-10,1,1,1
2025-01-22 20:00:00,2025,1471,DOWN,2756.47,2761.68,0.41009448171022944,2025-01-23 01:00:06,-0.20000000000027285,-0.03838771593095421,0.36169848653810566,0.1580144518000941,1.5044261817570301e-05,0.006322977647529044,0.34272695469362957,0.35276163178752923,0.17758201663972445,0.11872636436574241,0,0,0
2025-01-23 01:00:06,2025,1472,UP,2756.67,2750.44,0.49214954579172443,2025-01-23 04:00:00,-4.070000000000164,-0.6532905296950484,0.4461485621009319,0.327977024195859,7.6007093799130915e-06,0.002323274199717646,0.5795849078873837,0.43469049153640926,0.42085150747899375,0.3215316142079975,1,1,1
2025-01-23 04:00:00,2025,1473,DOWN,2752.6,2761.68,0.7194399921622608,2025-01-23 20:00:00,-5.210000000000036,-0.5737885462555152,0.315660161647336,0.1920267800081069,0.5114492312062867,0.00027284151305157113,0.5052414276248914,0.3164829944280369,0.16493469403623992,0.10168490659391892,0,1,0
2025-01-23 08:00:00,2025,1473,DOWN,2751.91,2761.68,0.7766172146116355,2025-01-23 20:00:00,-5.900000000000091,-0.6038894575230401,0.16445620565070954,0.18932084594583784,0.27436659309956424,0.00022086904892021638,0.2671292469680666,0.15819545214074304,0.060792690323244095,0.029316535867549797,0,1,0
2025-01-23 12:00:00,2025,1473,DOWN,2745.79,2755.47,0.768790960296701,2025-01-23 18:45:00,-9.679999999999836,-1.0,0.10318007167432933,0.2195977760551848,0.2704374898881891,0.6407432181085879,0.274051867436996,0.1018525175672911,0.027810269607802092,0.013388202984769261,0,1,1
2025-01-23 16:00:00,2025,1473,DOWN,2741.61,2754.42,1.0146737240522976,2025-01-23 18:44:00,-12.809999999999945,-1.0,0.04192144034412714,0.19647243606806353,0.13403011136096002,0.515749307097876,0.13498610505333244,0.041349820984343005,0.007080234431286769,0.0024058433253442064,0,1,1
2025-01-23 20:00:00,2025,1474,UP,2757.81,2735.79,1.7396037696076851,2025-01-24 20:00:00,15.5300000000002,0.7052679382379752,0.649272533151423,0.4037041248537391,0.7442586519424228,0.7675194647433429,0.8803563569519579,0.6586703754000762,0.48468595683539306,0.3171666666354893,1,1,1
2025-01-24 01:00:05,2025,1474,UP,2755.05,2735.79,1.525415791877822,2025-01-24 20:00:00,18.289999999999964,0.9496365524402781,0.21341057043840564,0.37785477310453813,0.3148449921063478,0.5036820060305688,0.49206262258364525,0.2034195007782198,0.11238149670958132,0.04482691208910141,1,1,1
2025-01-24 04:00:00,2025,1474,UP,2762.5,2751.27,0.890776630914431,2025-01-24 20:00:00,10.840000000000146,0.9652715939448021,0.16305836963211023,0.3858907876787965,0.38587226896439664,0.6691913910775631,0.5603387747405152,0.16658318667250868,0.05876098124136954,0.020635423371964754,1,1,1
2025-01-24 08:00:00,2025,1474,UP,2775.35,2751.27,1.9080246348425611,2025-01-24 20:00:00,-2.0099999999997635,-0.08347176079733262,0.0695920740663359,0.4573322222525285,0.20379160835873927,0.6636671841073275,0.5044619478354812,0.07265045907341885,0.012183126966166875,0.005008133474451412,1,1,1
2025-01-24 12:00:00,2025,1474,UP,2772.92,2751.27,1.7188008312743126,2025-01-24 20:00:00,0.42000000000007276,0.019399538106238845,0.010233045142926738,0.34024888564021283,0.041184955901012725,0.4095845166885256,0.06877647162325584,0.010462273906837974,0.0014493389204535592,0.0005868169122682288,1,1,1
2025-01-24 16:00:00,2025,1474,UP,2782.56,2770.04,0.9937943374846417,2025-01-24 18:53:00,-12.519999999999982,-1.0,0.007196568770713338,0.40518440207599926,0.060210971174925666,0.5638795485906225,0.15954007613277346,0.007808320147328407,0.0006193960486969722,0.00022295332078931071,1,1,1
2025-01-24 20:00:00,2025,1475,DOWN,2773.34,2785.92,0.9970260806034161,2025-01-27 16:00:00,15.91000000000031,1.264705882352973,0.36704243607098036,0.23508676396858183,0.004045076826641279,0.15410594399291608,0.5125835490912107,0.3702649355404922,0.14543406651219826,0.10115769213672532,0,0,0
2025-01-27 01:00:05,2025,1475,DOWN,2769.67,2785.92,1.292368303181838,2025-01-27 16:00:00,12.240000000000236,0.7532307692307838,0.1466566846407566,0.19498002973394013,0.4952895192112184,0.02102844894890442,0.3525451580013946,0.14884547961613614,0.04591804357270761,0.021330871880086585,0,1,0
2025-01-27 04:00:00,2025,1475,DOWN,2762.97,2785.92,1.8275907343027937,2025-01-27 16:00:00,5.539999999999964,0.24139433551197811,0.06998808928927243,0.21353282098701265,0.4474432010974637,0.6377484226947783,0.21984792520052018,0.07138790134646539,0.011483692695284618,0.004221138901010787,0,1,1
2025-01-27 08:00:00,2025,1475,DOWN,2753.13,2772.5,1.5437027980122524,2025-01-27 16:00:00,-4.299999999999727,-0.22199277232832995,0.026589404144443423,0.20754460786076037,0.26938394967818674,0.5483520988012571,0.1492264172079176,0.027621849070853268,0.0030998783787638496,0.0010258411760250476,0,1,1
2025-01-27 12:00:00,2025,1475,DOWN,2763.26,2772.5,0.7347206131834079,2025-01-27 16:00:00,5.830000000000382,0.6309523809524372,0.0022441504693477216,0.13340090362383483,0.030777153527798716,0.15185658567438629,0.006780462958685041,0.002248454327238501,0.0002893056130349855,0.00013766067348606968,0,1,1
2025-01-27 16:00:00,2025,1476,UP,2757.43,2747.27,0.8053544395327323,2025-01-27 16:31:00,-10.159999999999854,-1.0,0.2525624309458946,0.2979449525485983,0.21488098865605446,0.19481209236593963,0.47611937572336344,0.25422157460103856,0.18794896507854775,0.12540954059586945,1,1,0
2025-01-27 20:00:00,2025,1477,DOWN,2733.58,2771.94,3.0208479319303145,2025-01-28 04:00:00,-8.039999999999964,-0.2095933263816459,0.43502509513323273,0.22462441920207174,0.7142427343618732,0.45471139818349693,0.791488557485671,0.4358657081002777,0.17387277812796556,0.08397620761437198,0,1,1
2025-01-28 01:00:05,2025,1477,DOWN,2739.9,2771.94,2.525035569705187,2025-01-28 04:00:00,-1.7199999999998,-0.05368289637951941,0.03434516733029997,0.1416023608082937,0.16745552911745398,0.04902232601125757,0.07821598203235926,0.03251161858279226,0.009818927734878115,0.004220546662194634,0,1,1
2025-01-28 04:00:00,2025,1478,UP,2741.62,2730.39,0.8875059633227445,2025-01-29 08:00:00,19.16000000000031,1.7061442564559464,0.5299218523344149,0.4587503563993023,0.08218822601983979,0.03810802068140753,0.7219710352207966,0.5302684870948324,0.3915662086745102,0.27005910928197524,0,0,0
2025-01-28 08:00:00,2025,1478,UP,2741.76,2737.84,0.31056952293495477,2025-01-28 10:14:00,-3.9200000000000728,-1.0,0.38701326498252864,0.4140086632674726,0.040053918531995816,0.023769875257028082,0.49725036939006023,0.3704711506019394,0.22798145939919265,0.12498252944732328,0,0,0
2025-01-28 12:00:00,2025,1478,UP,2743.61,2730.39,1.0484883610739664,2025-01-29 08:00:00,17.170000000000073,1.2987897125567127,0.27503133026418436,0.45109262022150975,0.01816465240288161,0.01506488985829678,0.4431922505478207,0.2712183926672236,0.10736080722032611,0.037852342870540207,0,0,0
2025-01-28 16:00:00,2025,1478,UP,2749.09,2734.83,1.133022699541738,2025-01-29 08:00:00,11.690000000000055,0.8197755960729226,0.13040893220333308,0.4316054331189792,0.5281572844820763,0.006343145226610043,0.39300974143034395,0.13127150977098057,0.040635095954185574,0.010648384535895564,0,1,0
2025-01-28 20:00:00,2025,1478,UP,2759.94,2734.83,1.9963704560768707,2025-01-29 08:00:00,0.8400000000001455,0.03345280764636166,0.05627362150297583,0.5352783556798435,0.5430828845298658,0.7066518710543608,0.3417380283613292,0.05882725252236726,0.009815610642572603,0.0023738916282147874,0,1,1
2025-01-29 01:00:05,2025,1478,UP,2763.07,2734.83,2.252042674527415,2025-01-29 08:00:00,-2.2899999999999636,-0.08109065155807169,0.011801074649416808,0.42310564371580434,0.24436816082221774,0.5746888911633509,0.06364860811908321,0.012299072270722688,0.0013348012616328539,0.00026511054043854563,0,1,1
2025-01-29 04:00:00,2025,1478,UP,2763.99,2734.83,2.334168230598751,2025-01-29 08:00:00,-3.2099999999995816,-0.11008230452673518,0.003421626416622469,0.3816764561217974,0.0968976195473661,0.4506790948857835,0.015009091834157742,0.0035554571257587013,0.0002618877713892099,4.472939917373347e-05,0,1,1
2025-01-29 08:00:00,2025,1479,DOWN,2760.78,2766.25,0.4392225008249065,2025-01-29 10:35:00,-5.4699999999998,-1.0,0.37267296025066265,0.2313869666542174,0.017380092938552753,0.22905316011802612,0.6004244955739735,0.3708893066179124,0.15767541560212642,0.09587358672122624,0,0,0
2025-01-29 12:00:00,2025,1479,DOWN,2762.77,2766.25,0.2798996889427437,2025-01-30 04:00:00,2.4400000000000546,0.7011494252873683,0.1532941850778296,0.217770133559922,0.018094481571347784,0.2535860662021504,0.20961234318474756,0.1487196677122269,0.04815947800399534,0.02410062334439248,0,0,0
2025-01-29 16:00:00,2025,1479,DOWN,2758.61,2766.1,0.6027437087717641,2025-01-30 04:00:00,-1.7199999999998,-0.2296395193591255,0.07391645814918475,0.23652513484070326,0.493266642866217,0.02775473665771821,0.16651367777430603,0.07572187410282935,0.021030887809010024,0.010194845486261876,0,1,0
2025-01-29 20:00:00,2025,1479,DOWN,2752.82,2761.12,0.6677915498081098,2025-01-30 02:28:00,-8.299999999999727,-1.0,0.04819644477100381,0.23772152714569936,0.3499199696648947,0.5756459046162041,0.13513633207237774,0.047927013725839546,0.009158981301195539,0.003446852667280167,0,1,1
2025-01-30 01:00:05,2025,1479,DOWN,2758.47,2761.12,0.21294775505999364,2025-01-30 02:28:00,-2.650000000000091,-1.0,0.008382314032796925,0.15746207656089664,0.11966182994078751,0.36137157665864966,0.013342190542379761,0.008359741269575598,0.0015539538657624965,0.0006161161476086279,0,1,1
2025-01-30 04:00:00,2025,1480,UP,2760.33,2744.66,1.2634143827653184,2025-01-31 12:00:00,33.36999999999989,2.1295469049138314,0.4546339411395229,0.3569486189807244,0.5565313819476753,0.4983665383100907,0.6949953757471874,0.46197042456317167,0.3879008211588284,0.251471568784948,0,1,1
2025-01-30 08:00:00,2025,1480,UP,2760.75,2744.66,1.3018157565634,2025-01-31 12:00:00,32.94999999999982,2.047855811062742,0.2416150616310402,0.3831939996410489,0.28406898549498993,0.31279868323967885,0.3286165852704455,0.2349440445266782,0.14798830284242456,0.07202894759160673,0,1,1
2025-01-30 12:00:00,2025,1480,UP,2774.38,2758.77,1.26071848425165,2025-01-31 12:00:00,19.31999999999971,1.2376681614349487,0.28105011445195327,0.5767268721737283,0.456333610590883,0.6942309875820921,0.7460350974241186,0.28356559567305556,0.08329788247166038,0.049157133217176394,1,1,1
2025-01-30 16:00:00,2025,1480,UP,2786.0,2758.77,2.199429189054781,2025-01-31 12:00:00,7.699999999999818,0.282776349614389,0.11314524674597728,0.5914814063495067,0.2976813888343527,0.7122795789401807,0.6163897429864399,0.11471879017479937,0.012784649888560514,0.0054175154480589445,1,1,1
2025-01-30 20:00:00,2025,1480,UP,2795.84,2758.77,2.9861222135784042,2025-01-31 12:00:00,-2.1400000000003274,-0.05772862152684969,0.024167783403916204,0.5862822557020921,0.0953582502659413,0.6344250418901843,0.29484064413112826,0.0246441180612244,0.0010910204244069552,0.0004713452326210574,1,1,1
2025-01-31 01:00:06,2025,1480,UP,2797.43,2758.77,3.1193593137665574,2025-01-31 12:00:00,-3.730000000000018,-0.09648215209518966,0.0037861959870970135,0.5053640646900728,0.022441558274714196,0.3846360510943206,0.04565168002361855,0.0037923599835330457,0.00011596877413620358,4.434074236066383e-05,1,1,1
2025-01-31 04:00:00,2025,1480,UP,2796.59,2789.73,0.5546225148715827,2025-01-31 12:00:00,-2.8900000000003274,-0.42128279883385916,0.0017998217940353519,0.4496001476191962,0.012363948208310258,0.27462636991094885,0.043288422963155895,0.001945981663304838,6.116652234529533e-05,2.9088357916962066e-05,1,1,1
2025-01-31 08:00:00,2025,1480,UP,2795.77,2789.73,0.49008286066751605,2025-01-31 12:00:00,-2.0700000000001637,-0.34271523178810864,0.0007682687409400699,0.4045794353359247,0.003770729536586851,0.10355212915069928,0.015753806858187468,0.0008214021344140214,1.832911733217334e-05,6.265397597392999e-06,1,1,1
2025-01-31 12:00:00,2025,1481,DOWN,2793.7,2800.85,0.5809581357057835,2025-01-31 14:01:00,-7.150000000000091,-1.0,0.33776383794276427,0.18262637745353993,0.0011972699985018616,0.051003193386659054,0.43851907647416566,0.332663299231361,0.14354109938922535,0.08968142419351745,0,0,0
2025-01-31 16:00:00,2025,1482,UP,2806.65,2790.94,1.2734977232055043,2025-02-03 01:00:28,-2.980000000000018,-0.1896880967536608,0.5595932794492667,0.3057814109318625,0.0025088054434363,0.09940208154942953,0.8258951935593054,0.5573676981614348,0.42048592850224226,0.24919883583330252,1,1,1
2025-01-31 20:00:00,2025,1482,UP,2808.87,2790.94,1.4522186807505209,2025-02-03 01:00:28,-5.199999999999818,-0.29001673173451564,0.19051940369651,0.26564502676102947,0.0004683393263026132,0.037473332575453704,0.47667230682856493,0.19256123608158318,0.11361360549786496,0.059655545487708975,1,1,1
2025-02-03 01:00:28,2025,1483,DOWN,2803.67,2817.17,1.092308648241492,2025-02-03 12:00:00,7.170000000000073,0.5311111111111165,0.36091858424202883,0.20472061998739177,0.34109188292951764,0.0036458063664267463,0.6234023141252443,0.36900229927339195,0.17741885925164133,0.11164972004153313,0,1,0
2025-02-03 04:00:00,2025,1483,DOWN,2782.24,2803.67,1.723772113501987,2025-02-03 12:00:00,-14.260000000000218,-0.6654223051796558,0.20959812928128072,0.31093901842643473,0.5183301627717067,0.8200248062694356,0.7473723662406071,0.2071740567338232,0.04918482339629697,0.04143831418347649,0,1,1
2025-02-03 08:00:00,2025,1483,DOWN,2783.14,2803.67,1.650988988773441,2025-02-03 12:00:00,-13.360000000000127,-0.6507549926936189,0.01927162621488731,0.18353256348609923,0.10688592347477743,0.4883539020420355,0.07840156391385165,0.01930026795524189,0.004271598228702014,0.004798896007722557,0,1,1
2025-02-03 12:00:00,2025,1484,UP,2796.5,2772.09,1.9581437414850962,2025-02-04 12:00:00,23.88000000000011,0.9782875870544961,0.5203909063090464,0.3642521755554506,0.6885179450062896,0.63295891112006,0.8727429951334809,0.5368388947803303,0.3480695091571594,0.18195108640702048,0,1,1
2025-02-03 16:00:00,2025,1484,UP,2811.12,2772.09,3.121978324845998,2025-02-04 12:00:00,9.260000000000218,0.2372533948245011,0.31333757824856234,0.48049306585360657,0.5363967791161982,0.7018599686119354,0.7719665519828008,0.30831908555376475,0.11494757065316112,0.029707054144551544,0,1,1
2025-02-03 20:00:00,2025,1484,UP,2817.26,2772.09,3.5998848999092874,2025-02-04 12:00:00,3.119999999999891,0.0690723931813125,0.04805827904257407,0.4439786711783505,0.19046215935233624,0.6578060442669504,0.2372061878590017,0.04863113876740447,0.010968199869764585,0.005732766282353912,1,1,1
2025-02-04 01:00:05,2025,1484,UP,2815.07,2772.09,3.428442905483122,2025-02-04 12:00:00,5.309999999999945,0.12354583527221831,0.00987340873006505,0.35793936224598694,0.040886740032600545,0.43650063230906117,0.03583129267624183,0.009814371363287201,0.0013467568912379256,0.0005872469371750802,1,1,1
2025-02-04 04:00:00,2025,1484,UP,2823.56,2811.46,0.965143909697007,2025-02-04 08:26:00,-12.099999999999909,-1.0,0.00943935361700388,0.3810466933314238,0.08139866838949243,0.6183694718605091,0.3044883634110437,0.010008706991498077,0.0010619380653339517,0.0002819021154124478,1,1,1
2025-02-04 08:00:00,2025,1484,UP,2816.06,2811.46,0.3671528894344301,2025-02-04 08:26:00,-4.599999999999909,-1.0,0.0016084624333883191,0.2366929330177095,0.008379143440558689,0.17384884844725565,0.03553249955954155,0.0016807693376120652,0.00017800266522851444,3.902309640026544e-05,1,1,1
2025-02-04 12:00:00,2025,1485,DOWN,2820.38,2824.53,0.3309362306426577,2025-02-04 15:12:00,-4.150000000000091,-1.0,0.13176158855212117,0.13843390527714186,0.20676276720345882,0.09929067477820519,0.14468238828982474,0.12978634237027906,0.06998757675292228,0.06190828783326804,0,1,0
2025-02-04 16:00:00,2025,1486,UP,2831.69,2807.19,1.9436883311150022,2025-02-06 01:00:06,33.88000000000011,1.3828571428571472,0.4973696269097562,0.35463181266052457,0.7932264825494763,0.2956719781671537,0.8714838744522639,0.49563246406861,0.33413828615192653,0.17421948052811065,1,1,1
2025-02-04 20:00:00,2025,1486,UP,2844.19,2807.19,2.9303740845204063,2025-02-06 01:00:06,21.38000000000011,0.5778378378378408,0.2516258262767693,0.4753741559515802,0.5732099796463478,0.22955302283748352,0.7536125327711732,0.25171872541026874,0.11758114582465126,0.03947635482645233,1,1,1
2025-02-05 01:00:05,2025,1486,UP,2842.6,2807.19,2.815057632774576,2025-02-06 01:00:06,22.970000000000255,0.6486868116351412,0.04311928168827567,0.35241936433580817,0.181595650157214,0.07697826531182866,0.18168052959582173,0.04251816936311328,0.01401653885646898,0.004168261904005627,1,1,1
2025-02-05 04:00:00,2025,1486,UP,2844.65,2807.19,2.9824020042661803,2025-02-06 01:00:06,20.920000000000073,0.5584623598505086,0.018660794124730182,0.35249182213437724,0.10195612061807209,0.054415835333578556,0.09847012719329054,0.01824321869678067,0.0032028215870975444,0.0007835492703767222,1,1,1
2025-02-05 08:00:00,2025,1486,UP,2859.55,2839.69,1.578430156603891,2025-02-06 01:00:06,6.019999999999982,0.3031218529707927,0.014819940617066901,0.3451610274129534,0.11177683886266936,0.07908455580335413,0.28155928003600156,0.016191698299273048,0.001978222220574769,0.00047245023426835387,1,1,1
2025-02-05 12:00:00,2025,1486,UP,2870.56,2839.69,2.4484025496826365,2025-02-06 01:00:06,-4.989999999999782,-0.16164561062519597,0.003282556240763816,0.3596208685652139,0.05368849635514881,0.0678135425786699,0.18655457049026408,0.003540507093362111,0.00023073034261674206,4.715055729282475e-05,1,1,1
2025-02-05 16:00:00,2025,1486,UP,2862.02,2839.69,1.7665816806845165,2025-02-06 01:00:06,3.550000000000182,0.15897895208240903,0.00027315018151172335,0.25524180454128725,0.00392734596112903,0.008897368617439038,0.007507031423855571,0.00028982388832197715,2.1505549368659757e-05,6.0146888586819575e-06,1,1,1
2025-02-05 20:00:00,2025,1486,UP,2873.2,2858.63,1.1481123125465462,2025-02-06 01:00:06,-7.629999999999654,-0.5236787920384218,0.0003150074370823404,0.3061783366657521,0.00393632880454899,0.010817071572600229,0.01688475515976582,0.00034666993185048596,1.5055565142801733e-05,4.198277975546927e-06,1,1,1
2025-02-06 01:00:06,2025,1487,DOWN,2865.57,2882.36,1.3225211186875412,2025-02-06 04:00:00,-6.2199999999998,-0.3704586063132706,0.2805108314549767,0.19644766957861573,0.000625595656813758,0.0025325536128149636,0.2952574247027295,0.2818791600618666,0.10599945553274435,0.0824746378654381,0,0,0
2025-02-06 04:00:00,2025,1488,UP,2871.79,2859.92,0.9368318354937623,2025-02-06 08:50:00,-11.86999999999989,-1.0,0.5101482897773225,0.2754008305545804,0.0007042366066813181,0.0020247793367770086,0.7749538436793809,0.512472484377945,0.4037516032486314,0.21551145262489133,1,1,1
2025-02-06 08:00:00,2025,1488,UP,2868.5,2863.58,0.3889541438430958,2025-02-06 08:48:00,-4.920000000000073,-1.0,0.2646446785913754,0.22138527208571154,0.00019404047312053107,0.0005647900421536447,0.4213128166149753,0.26280546643514563,0.19270009604403185,0.08573103995603465,1,1,1
2025-02-06 12:00:00,2025,1489,DOWN,2859.36,2873.24,1.0926286233389408,2025-02-07 01:00:05,2.8400000000001455,0.2046109510086611,0.24140644238307973,0.1843983833724825,0.5136214007002581,0.643144965699055,0.42821511715293925,0.239874611784898,0.11438120036107387,0.09724071518557033,0,1,1
2025-02-06 16:00:00,2025,1489,DOWN,2856.7,2873.24,1.3008982839632854,2025-02-07 01:00:05,0.1799999999998363,0.01088270858523801,0.10741906941560211,0.14821128253873694,0.2552305583600229,0.4277100667767241,0.2586647469576452,0.10515963771193033,0.025902065147452285,0.011687121200849799,0,1,1
2025-02-06 20:00:00,2025,1489,DOWN,2852.3,2870.22,1.4015705746166658,2025-02-07 01:00:05,-4.2199999999998,-0.2354910714285653,0.02448794289273594,0.15061840968590132,0.12481452534299294,0.3809277429868657,0.07385315297287275,0.02492888063263041,0.0055002036538796244,0.0035810838688051833,0,1,1
2025-02-07 01:00:05,2025,1490,UP,2856.52,2834.13,1.7552199240524786,2025-02-07 16:00:00,6.050000000000182,0.2702099151406975,0.5535112296589763,0.3457089619017778,0.019083379360484147,0.15046946013200813,0.7637001524360755,0.5637807093855137,0.3289499483106117,0.1488538206951681,1,0,0
2025-02-07 04:00:00,2025,1490,UP,2866.39,2834.13,2.5289109216974297,2025-02-07 16:00:00,-3.819999999999709,-0.11841289522627826,0.3768241775937472,0.5183063041275757,0.7300418335507868,0.6998915719139797,0.7634321360241633,0.3745067943236067,0.1908009677018922,0.06768857952929783,1,1,1
2025-02-07 08:00:00,2025,1490,UP,2862.11,2834.13,2.197391971072334,2025-02-07 16:00:00,0.4600000000000364,0.016440314510365834,0.09374317909992815,0.36506139212737043,0.33893601097912346,0.4917109426422424,0.13833322843860776,0.09346434650316861,0.043259332210260626,0.015031744328731599,1,1,1
2025-02-07 12:00:00,2025,1490,UP,2869.13,2859.0,0.7958738761073584,2025-02-07 15:31:00,-10.13000000000011,-1.0,0.0987824463210225,0.41039683697093027,0.32427856151051804,0.5697227008318763,0.3224381431358153,0.09994029109705609,0.03236784225970291,0.008893021255229946,1,1,1
2025-02-07 16:00:00,2025,1491,DOWN,2862.57,2870.81,0.6458134684799522,2025-02-07 16:24:00,-8.239999999999782,-1.0,0.26252506024235456,0.20666319241587647,0.03527012789261698,0.1878650530724108,0.365220144189117,0.2731105421088947,0.11882117001266447,0.10967771868371982,0,0,0
2025-02-07 20:00:00,2025,1492,UP,2860.13,2852.35,0.6043241852837025,2025-02-10 01:00:05,-2.5399999999999636,-0.326478149100244,0.19945052457326906,0.3163627773775406,0.015565444643713008,0.13637739521215403,0.30035592247232684,0.20314625005896658,0.19580151792828457,0.2383935931314045,1,1,1
2025-02-10 01:00:05,2025,1493,DOWN,2857.59,2886.74,2.2709513806174173,2025-02-10 04:00:00,-14.440000000000055,-0.495368782161243,0.2560633450633475,0.16857342871646727,0.42564492264918674,0.4251603169505719,0.35404444769550153,0.238779620360486,0.0892416539422699,0.038557440690374596,0,1,1
2025-02-10 04:00:00,2025,1494,UP,2872.03,2853.84,1.4110988547139558,2025-02-11 12:00:00,31.08999999999969,1.7091808686091037,0.5615430997762093,0.46399962589572796,0.6268330921330857,0.7459438139585189,0.8774935814708631,0.5672502080289913,0.4104383239286143,0.28209468899289974,1,1,1
2025-02-10 08:00:00,2025,1494,UP,2879.45,2853.84,1.9902867178704355,2025-02-11 12:00:00,23.670000000000073,0.92424834049201,0.300037536687889,0.5036516394027598,0.5347963321602083,0.7325634878669751,0.8101295375447315,0.3021285764263617,0.14971954421137387,0.07890750021155239,1,1,1
2025-02-10 12:00:00,2025,1494,UP,2903.06,2853.84,3.8065020230886706,2025-02-11 12:00:00,0.05999999999994543,0.0012190166598932482,0.15940434759941735,0.55447257356967,0.4795185585070599,0.8844756395136585,0.758345566263858,0.16002588525179814,0.022443029084734892,0.011505464716546674,1,1,1
2025-02-10 16:00:00,2025,1494,UP,2901.25,2853.84,3.6669649153744426,2025-02-11 12:00:00,1.8699999999998909,0.039443155452434014,0.008134648261088688,0.3397001219682469,0.08850979805575034,0.6953510596318234,0.06062825916614372,0.008326683762695474,0.0009200352695282972,0.0005597313465233706,1,1,1
2025-02-10 20:00:00,2025,1494,UP,2903.47,2896.3,0.5539336909315522,2025-02-11 12:00:00,-0.34999999999990905,-0.0488145048814404,0.0034616986659590137,0.32476453467836947,0.026929235448514964,0.4611774896950341,0.057500508081791024,0.0035926461394224785,0.0004201591206580764,0.0003784949934397975,1,1,1
2025-02-11 01:00:05,2025,1494,UP,2908.69,2896.64,0.9331729559351133,2025-02-11 12:00:00,-5.570000000000164,-0.46224066390042157,0.00194748831465824,0.3438495131066898,0.02558176171060263,0.4528764053755869,0.10432687013570884,0.0022164520960011483,0.00012113229932389028,6.102168238792152e-05,1,1,1
2025-02-11 04:00:00,2025,1494,UP,2934.14,2896.64,2.8839682981070878,2025-02-11 12:00:00,-31.019999999999982,-0.8271999999999995,0.0012562766044569066,0.39067461507891166,0.03712536939826298,0.7061814201681553,0.17187967305983756,0.0013944030304782324,2.3261377179664417e-05,8.322478570163713e-06,1,1,1
2025-02-11 08:00:00,2025,1494,UP,2923.06,2905.13,1.3646845629430757,2025-02-11 11:00:00,-17.929999999999836,-1.0,4.994209890649592e-05,0.2136824997226921,0.001766288043903551,0.20736950895757483,0.006334162462557137,5.8589755605951e-05,1.2705643784232115e-06,5.766654445027379e-07,1,1,1
2025-02-11 12:00:00,2025,1495,DOWN,2903.12,2929.27,1.9792916140339178,2025-02-12 20:00:00,0.13000000000010914,0.004971319311667636,0.4087106540229124,0.24259975088195687,0.47648257503004937,0.0053365403082203024,0.8028980372780812,0.4072884665247346,0.12967195904683163,0.06223737666740575,0,1,0
2025-02-11 16:00:00,2025,1495,DOWN,2896.49,2929.27,2.468495604502124,2025-02-12 20:00:00,-6.5,-0.19829164124466017,0.04458485724664337,0.17762462009476307,0.42766815512362666,0.8130067317365304,0.20430567091001808,0.044776265095594625,0.009447363577312155,0.006148085978324281,0,1,1
2025-02-11 20:00:00,2025,1495,DOWN,2905.63,2929.27,1.7768109562553123,2025-02-12 20:00:00,2.6400000000003274,0.11167512690356775,0.005181565533951066,0.11416450608006351,0.07108153212113293,0.37704264724853304,0.01259447416420702,0.005070671115985237,0.000786625850264222,0.0006459476819668822,0,1,1
2025-02-12 01:00:05,2025,1495,DOWN,2896.47,2908.66,0.9162551962474179,2025-02-12 19:14:00,-12.190000000000055,-1.0,0.008129267003356035,0.14997308868049058,0.0636378253216129,0.4037530213215923,0.07475230340301747,0.008690632028406548,0.0009755534937354412,0.0003092573686641748,0,1,1
2025-02-12 04:00:00,2025,1495,DOWN,2893.3,2900.71,0.5561176122206872,2025-02-12 18:53:00,-7.4099999999998545,-1.0,0.003343719445617997,0.1175521350278116,0.03919766276955343,0.3414343019458551,0.037243632967042965,0.0034856309415189786,0.0003242744459718545,6.882296639214221e-05,0,1,1
2025-02-12 08:00:00,2025,1495,DOWN,2886.22,2900.71,1.08711282359037,2025-02-12 18:53:00,-14.490000000000236,-1.0,0.002120886688041222,0.12316423011250674,0.015820022533544628,0.1971488848653247,0.026944830684549115,0.002213994145651479,0.00012187650379898991,1.531157241414262e-05,0,1,1
2025-02-12 12:00:00,2025,1495,DOWN,2886.76,2895.67,0.6693823390582218,2025-02-12 16:27:00,-8.909999999999854,-1.0,0.000675029243853939,0.11162836569912954,0.004072358006340007,0.0810524204501546,0.013565083121606827,0.0006918907545808917,2.937252022777602e-05,2.7237307506072902e-06,0,1,1
2025-02-12 16:00:00,2025,1495,DOWN,2884.77,2895.67,0.8145102928211214,2025-02-12 16:27:00,-10.900000000000091,-1.0,0.00014586230423459655,0.11867030562852918,0.002577647797700019,0.10160409058261487,0.0024357969391954892,0.0001637715173460913,6.254447268970079e-06,1.5391819616125123e-06,0,1,1
2025-02-12 20:00:00,2025,1496,UP,2902.99,2863.72,2.9177416956326305,2025-02-13 16:00:00,5.480000000000018,0.13954672778202243,0.513902273787789,0.3974164980975933,0.6525633596898454,0.6471353132506599,0.8349079425470936,0.5250206332801882,0.31342499564870746,0.15850130501258694,0,1,1
2025-02-13 01:00:05,2025,1496,UP,2905.36,2893.48,0.8836115255452348,2025-02-13 16:00:00,3.1099999999996726,0.2617845117844818,0.15836461340193672,0.3543800073516797,0.2649569025598996,0.44680843980605833,0.5707723400718403,0.15612749706952972,0.08142788597902666,0.03612864387468197,0,1,1
2025-02-13 04:00:00,2025,1496,UP,2906.31,2893.48,0.9562245093465669,2025-02-13 16:00:00,2.1599999999998545,0.16835541699141596,0.0614762614134572,0.28620790027178467,0.14495716137878323,0.38719960124445135,0.22820501977170107,0.06163649090342492,0.023698192471122842,0.005366324467737604,0,1,1
2025-02-13 08:00:00,2025,1496,UP,2918.2,2893.48,1.839281265037549,2025-02-13 16:00:00,-9.730000000000018,-0.3936084142394861,0.03485614076251309,0.3993074046676436,0.18793574643874614,0.6507909409832029,0.288621803995744,0.03663480643513639,0.006675841712070517,0.0023463900357067725,1,1,1
2025-02-13 12:00:00,2025,1496,UP,2915.43,2893.48,1.6349377163651437,2025-02-13 16:00:00,-6.960000000000036,-0.317084282460141,0.006858383321489411,0.2799955956220025,0.030306273368401353,0.3061590008061223,0.047656974729964476,0.006778210452970112,0.0008730783424139538,0.00021196571101580862,1,1,1
2025-02-13 16:00:00,2025,1497,DOWN,2908.47,2922.71,1.059773406626751,2025-02-13 20:00:00,-10.640000000000327,-0.7471910112359657,0.32334449426402145,0.22641363541875204,0.008206814668952372,0.14831880687407314,0.5606788321550177,0.31747168137409926,0.10033586600155134,0.055484421591530136,0,0,0
2025-02-13 20:00:00,2025,1498,UP,2919.11,2905.84,0.9871661796275352,2025-02-14 16:00:00,1.4099999999998545,0.10625470987188067,0.5805357042784317,0.3059784266906509,0.011700393441705344,0.1908893277167807,0.7250881971994527,0.5793731088813336,0.4730624438317929,0.31614518617229465,1,1,1
2025-02-14 01:00:05,2025,1498,UP,2928.57,2905.84,1.689599307960525,2025-02-14 16:00:00,-8.050000000000182,-0.35415750109987576,0.39289431749665277,0.4440982242346946,0.011633356516854345,0.23642251158849162,0.8593258008937876,0.3927300465267802,0.18579797343790674,0.10472933237813357,1,1,1
2025-02-14 04:00:00,2025,1498,UP,2929.97,2905.84,1.798406562282115,2025-02-14 16:00:00,-9.449999999999818,-0.39162867799419615,0.12357461925044629,0.3650412724776614,0.0025781367844117235,0.11718747961622465,0.3700037766411251,0.12291455699507615,0.043134560568634045,0.024402640402883494,1,1,1
2025-02-14 08:00:00,2025,1498,UP,2931.22,2923.29,0.5921002155559967,2025-02-14 15:43:00,-7.929999999999836,-1.0,0.0610008334415492,0.3127939116138132,0.0010446604810374989,0.07214345551314164,0.24637852018611714,0.05919765997394801,0.014662698847002154,0.006659836831878134,1,1,1
2025-02-14 12:00:00,2025,1498,UP,2935.5,2923.29,0.9134027269730982,2025-02-14 15:43:00,-12.210000000000036,-1.0,0.029900763002406367,0.32185351163482745,0.000647764782423359,0.05590823375368836,0.1779532020990537,0.030989668131708267,0.005183929627035376,0.0019248202548270681,1,1,1
2025-02-14 16:00:00,2025,1499,DOWN,2920.52,2939.94,1.4473515617807888,2025-02-17 04:00:00,24.840000000000146,1.2790937178166866,0.272186586412586,0.17662293535221543,0.5027568379769478,0.0022452173584686756,0.5806539068673094,0.27368357777432084,0.07962980471696932,0.0387430794437267,0,1,0
2025-02-14 20:00:00,2025,1499,DOWN,2886.89,2939.94,3.9058052786100004,2025-02-17 04:00:00,-8.789999999999964,-0.16569274269556897,0.1949936243369693,0.24445184290981703,0.5117216037318396,0.8864993644042839,0.6354210608908853,0.1924954626330057,0.01994896097027787,0.006822838706267144,0,1,1
2025-02-17 04:00:00,2025,1500,UP,2895.68,2876.94,1.3784407961027734,2025-02-17 20:00:00,2.730000000000018,0.14567769477054696,0.5920161310341325,0.33297260094530895,0.009565445463794418,0.11125861590382939,0.8219311813753573,0.6069454818394567,0.2602144341575578,0.09664668598905972,1,0,0
2025-02-17 08:00:00,2025,1500,UP,2896.52,2876.94,1.4415740132468826,2025-02-17 20:00:00,1.8899999999998727,0.09652706843717465,0.17753671774852195,0.35765167515858937,0.5288519159476803,0.08473922339634343,0.4056863186990644,0.18574125419439375,0.08360687512730074,0.036793385623500756,1,1,0
2025-02-17 12:00:00,2025,1500,UP,2902.67,2888.27,1.0582333441754,2025-02-17 20:00:00,-4.260000000000218,-0.2958333333333466,0.13606074689451983,0.3786261017133872,0.2828026012119553,0.05464249013726988,0.33723603985892725,0.13041869752405488,0.038565551980873525,0.01237415727011495,1,1,0
2025-02-17 16:00:00,2025,1500,UP,2896.94,2888.27,0.6384969513217297,2025-02-17 20:00:00,1.4699999999998,0.16955017301035613,0.03498325026384716,0.2998459195772294,0.10009914563115191,0.06583470617483256,0.0885316364872299,0.0338783196727131,0.009262363566491315,0.0025462141709602214,1,1,0
2025-02-17 20:00:00,2025,1501,DOWN,2898.41,2904.16,0.424477998367539,2025-02-18 04:40:00,-5.75,-1.0,0.28202103472771833,0.19329454664982984,0.07243225474435952,0.02490766219551912,0.40406357223573813,0.2755169925767148,0.11530541046726404,0.07294378205680307,0,0,1
2025-02-18 01:00:05,2025,1501,DOWN,2898.4,2904.16,0.4271882811433065,2025-02-18 04:40:00,-5.7599999999997635,-1.0,0.1302281641239577,0.11317075361696065,0.626819950624592,0.06631962624564594,0.1749132369692289,0.14388296535285652,0.04558085578495583,0.021926995539365144,0,1,1
2025-02-18 04:00:00,2025,1501,DOWN,2895.74,2904.16,0.625818260156217,2025-02-18 04:40:00,-8.420000000000073,-1.0,0.08442801730438604,0.19716470273129735,0.32741443319832814,0.036981866117124174,0.15504108631174507,0.08411767172044349,0.024030481024781305,0.01208219221371682,0,1,1
2025-02-18 08:00:00,2025,1502,UP,2910.9,2892.02,1.3992872807754944,2025-02-19 08:00:00,21.920000000000073,1.1610169491525395,0.5883491346546167,0.42977539516528257,0.7105634279270003,0.7497972943068645,0.8593918865719563,0.5902009132871587,0.4596831486003189,0.3353978893138293,1,1,1
2025-02-18 12:00:00,2025,1502,UP,2912.79,2892.02,1.5433948933801411,2025-02-19 08:00:00,20.0300000000002,0.9643716899374202,0.21427261314294338,0.3734958468502494,0.3252352472519479,0.5282716723353176,0.46791443263661153,0.21303140044801833,0.10991565291462697,0.044270513342750215,1,1,1
2025-02-18 16:00:00,2025,1502,UP,2918.94,2907.1,0.8795399111948871,2025-02-19 08:00:00,13.88000000000011,1.172297297297292,0.10821723255098835,0.3544481561294033,0.2879633839802763,0.6158593828904466,0.43709489690477893,0.10965769245215051,0.0329377334659596,0.010274041405186687,1,1,1
2025-02-18 20:00:00,2025,1502,UP,2931.36,2907.1,1.8003313801344265,2025-02-19 08:00:00,1.4600000000000364,0.06018136850783278,0.04889081489539241,0.4634729976648852,0.22275081612024789,0.6809275156967289,0.465692456807129,0.05143087276386672,0.008939171835463805,0.0024498384943971727,1,1,1
2025-02-19 01:00:05,2025,1502,UP,2935.6,2907.1,2.11922332492629,2025-02-19 08:00:00,-2.7799999999997453,-0.09754385964911387,0.010626759481763092,0.3908719323261022,0.06714565332270005,0.49506632122900784,0.1366952080881157,0.010811545267514256,0.00113986319154995,0.00024352036661975615,1,1,1
2025-02-19 04:00:00,2025,1502,UP,2938.58,2907.1,2.3426881483579027,2025-02-19 08:00:00,-5.7599999999997635,-0.18297331639135198,0.0036523043886382213,0.3555648020103861,0.023231402984120925,0.336999626406948,0.05699297592522487,0.0037603457404362774,0.00022095525194733553,3.321403738572869e-05,1,1,1
2025-02-19 08:00:00,2025,1503,DOWN,2932.82,2939.56,0.5011768732023647,2025-02-19 10:33:00,-6.739999999999782,-1.0,0.300734630258436,0.22985585822481072,0.005475573571229631,0.16484837535081803,0.3628099714593358,0.2970225799487538,0.12437368932853173,0.11078928166987656,0,0,0
2025-02-19 12:00:02,2025,1504,UP,2945.63,2924.11,1.5984854105080784,2025-02-19 18:00:00,-21.519999999999982,-1.0,0.5446889862299079,0.3669330519351557,0.012070632664924313,0.25042956467573796,0.8168243246139008,0.5481838943117305,0.4199990035248359,0.25658299443551186,1,1,1
2025-02-19 16:00:00,2025,1504,UP,2936.44,2924.11,0.915016062699606,2025-02-19 18:00:00,-12.329999999999927,-1.0,0.16022543628811597,0.3751561317825368,0.0012721254374500528,0.04744783833126026,0.3387392241857881,0.15760814774432552,0.1291657572518536,0.048776687016991824,1,1,1
2025-02-19 20:00:00,2025,1505,DOWN,2923.78,2946.94,1.7147539135042957,2025-02-20 04:00:00,-13.389999999999873,-0.5781519861830724,0.3735062658006453,0.22378264989225755,0.6533168112848882,0.7261757291141054,0.7408733909025826,0.37757029462919356,0.15504644078269514,0.08924509211248693,0,1,1
2025-02-20 01:00:05,2025,1505,DOWN,2933.01,2946.94,1.029057006649989,2025-02-20 04:00:00,-4.1599999999998545,-0.2986360373294977,0.03771802286021065,0.11928630793476681,0.24215631264742637,0.38812334255948416,0.06406115555190933,0.03837057182649639,0.010484873077795862,0.007008437681535004,0,1,1
2025-02-20 04:00:00,2025,1506,UP,2937.17,2918.52,1.3799351357646652,2025-02-20 16:00:00,-3.1900000000000546,-0.17104557640750878,0.45460193134737553,0.3767989028840706,0.5764223836756944,0.5771835658988831,0.7169591361480145,0.45149964761612116,0.37643609821721585,0.249540169018989,0,1,1
2025-02-20 08:00:00,2025,1506,UP,2947.01,2933.96,0.9658447395124434,2025-02-20 15:51:00,-13.050000000000182,-1.0,0.35645193742379255,0.47652827224996835,0.4535335959452732,0.574620169112248,0.76447430620402,0.3558924952523238,0.22613646792606173,0.08945511935921631,0,1,1
2025-02-20 12:00:00,2025,1506,UP,2951.72,2933.96,1.315817406095119,2025-02-20 15:51:00,-17.759999999999764,-1.0,0.13999521431977544,0.4624677467120727,0.31811165801186314,0.6241528383538731,0.5688437822771559,0.14128917419844747,0.046040307030404334,0.01700963897790415,1,1,1
2025-02-20 16:00:00,2025,1507,DOWN,2933.98,2954.85,1.5415682289646446,2025-02-21 01:00:05,-5.1599999999998545,-0.2472448490656388,0.47616571482803705,0.29790690162315614,0.028783767947456407,0.14892891128348165,0.8111279269420184,0.4731341425718283,0.16234533147042793,0.08974769721494039,0,0,0
2025-02-20 20:00:00,2025,1507,DOWN,2940.45,2954.85,1.059593574546393,2025-02-21 01:00:05,1.3099999999999454,0.09097222222221786,0.04245978442104602,0.14907424163522406,0.3705156262091966,0.4667500993107689,0.1163538604865949,0.044886037530237045,0.012675954982205603,0.009455431538629907,0,1,1
2025-02-21 01:00:05,2025,1508,UP,2939.14,2933.62,0.40697779600531186,2025-02-21 03:47:00,-5.519999999999982,-1.0,0.5537916361500432,0.4252739384179619,0.16957567817786623,0.2791484349101614,0.7517563156328173,0.5414143005406055,0.4267396933794278,0.2961473809120935,1,0,1
2025-02-21 04:00:00,2025,1509,DOWN,2928.41,2954.85,1.9417084060548566,2025-02-21 16:00:00,-2.680000000000291,-0.10136157337368705,0.33023295453159934,0.2013175726453874,0.14813876610763527,0.5624040595573757,0.5695511075788922,0.3218782854739883,0.11451734398806321,0.06108528153753951,0,1,1
2025-02-21 08:00:00,2025,1509,DOWN,2930.27,2949.68,1.4236058315671287,2025-02-21 16:00:00,-0.8200000000001637,-0.04224626481196135,0.09822056555246474,0.18807862208151865,0.08787257255349058,0.5518156698411385,0.34317463935219916,0.09633612458194463,0.02779848619245647,0.014134390038481744,0,1,1
2025-02-21 12:00:00,2025,1509,DOWN,2929.3,2949.68,1.4931520072491986,2025-02-21 16:00:00,-1.7899999999999636,-0.08783120706575044,0.03585542655397569,0.21674442902037705,0.03866145483422027,0.44928394959074985,0.07975685203653117,0.03603844226813791,0.005717612229090912,0.005934076886392947,1,1,1
2025-02-21 16:00:00,2025,1510,UP,2931.09,2916.77,1.0511089518068621,2025-02-24 04:00:00,-3.2200000000002547,-0.22486033519554594,0.5214311392043138,0.37791438331218935,0.009268146184827847,0.29643488752990443,0.6721285576249152,0.5227567186624931,0.3805254696016335,0.22342122647563772,0,0,0
2025-02-21 20:00:00,2025,1510,UP,2939.99,2921.56,1.349225739421545,2025-02-24 03:24:00,-18.429999999999836,-1.0,0.3592797850392203,0.4563554850946219,0.5433786370425696,0.5840790212063104,0.7075056416685499,0.36433938083620754,0.20025848430313958,0.07078942034459343,0,1,1
2025-02-24 01:00:05,2025,1510,UP,2935.85,2921.56,1.047370785973357,2025-02-24 03:24:00,-14.289999999999964,-1.0,0.10490105170613778,0.4019303840303307,0.27545637689532865,0.4226202234114966,0.2838910690303008,0.10324679017998892,0.051314096974587144,0.016537234804395895,0,1,1
2025-02-24 04:00:00,2025,1511,DOWN,2927.87,2940.34,0.9118977746225493,2025-02-24 04:55:00,-12.470000000000255,-1.0,0.3020770837154875,0.19051307917086813,0.6200150553444002,0.7195740335095967,0.6067976233655047,0.296132766080634,0.12168205253400508,0.0812315881195248,1,1,1
2025-02-24 08:00:00,2025,1512,UP,2936.47,2921.1,1.1212542778820382,2025-02-24 20:00:00,6.870000000000346,0.44697462589462555,0.4470626469168182,0.4455922140875966,0.4847696943383901,0.5038176569299119,0.6903354821845369,0.4496746761198882,0.36829089271041876,0.3076167810162224,0,1,1
2025-02-24 12:00:02,2025,1512,UP,2944.48,2935.28,0.6711987518721725,2025-02-24 12:50:00,-9.199999999999818,-1.0,0.2580089179229178,0.4278789878444005,0.3629302188959618,0.522836419775971,0.5964670925385493,0.26200860252043695,0.14617340573239168,0.08175434571091,0,1,1
2025-02-24 16:00:00,2025,1512,UP,2954.55,2934.92,1.4287154605780987,2025-02-24 16:40:00,-19.63000000000011,-1.0,0.1660059329929403,0.499014728116223,0.24136961222340494,0.5491922583487412,0.630295480362307,0.16480495307036233,0.03659176305869299,0.012455031049680654,0,1,1
2025-02-24 20:00:00,2025,1513,DOWN,2943.34,2956.2,0.9315798925301176,2025-02-25 01:00:05,-10.149999999999636,-0.7892690513219203,0.2863153285227483,0.2328878036721897,0.053151620894765605,0.39520153993069723,0.3646277564603962,0.2891517117461,0.11547912484313896,0.11334779988853318,0,0,0
2025-02-25 01:00:05,2025,1514,UP,2953.49,2930.78,1.6475182121270213,2025-02-25 08:00:00,-15.669999999999618,-0.6900044033465392,0.5520628397966516,0.41750337474187144,0.10297752255605803,0.4716311522419129,0.7703628568481596,0.5582467203914142,0.4407083075870867,0.30012820553278946,1,1,1
2025-02-25 04:00:00,2025,1514,UP,2949.67,2930.78,1.3733675159077525,2025-02-25 08:00:00,-11.849999999999909,-0.6273160402329269,0.22265267057239818,0.3876491826687303,0.01632483404257628,0.1641255198532776,0.40091045616956256,0.21183130885820237,0.15418108798327354,0.06248835128303029,1,1,1
2025-02-25 08:00:00,2025,1515,DOWN,2937.82,2953.62,1.1471314459563513,2025-02-26 04:00:00,19.63000000000011,1.2424050632911676,0.3749512115172071,0.23302155589962723,0.5848845703884731,0.6514422463820257,0.7102119729084698,0.36725767547227484,0.1607928510058161,0.10179430442077261,0,1,1
2025-02-25 12:00:00,2025,1515,DOWN,2938.97,2953.62,1.064051217133318,2025-02-26 04:00:00,20.779999999999745,1.4184300341296667,0.10827141757922704,0.19862349693096762,0.30127989706753483,0.4450974653888001,0.2201361038750679,0.10560337949003569,0.033637569580890196,0.026928762109925865,0,1,1
2025-02-25 16:00:00,2025,1515,DOWN,2937.41,2942.32,0.3560829383296903,2025-02-25 16:18:00,-4.910000000000309,-1.0,0.046050758457079254,0.19212984061062402,0.17645071822139222,0.3806643437072938,0.09535759680503046,0.04636750480802268,0.012349306951228553,0.011922066343040157,0,1,1
2025-02-25 20:00:00,2025,1515,DOWN,2907.65,2944.84,2.6513183580438096,2025-02-26 04:00:00,-10.539999999999964,-0.2834095186878179,0.05533250386520921,0.38312317324006856,0.09537480177486377,0.580366114299648,0.2785025045683551,0.05321735643681363,0.0024318441375438915,0.002888314405201402,1,1,1
2025-02-26 01:00:05,2025,1515,DOWN,2914.47,2944.84,2.16695527138647,2025-02-26 04:00:00,-3.7200000000002547,-0.12248929864999053,0.002948410449142194,0.2255059451047762,0.010260565537946024,0.11663791843914517,0.022118551454748052,0.0029062337012768866,0.00011676020730993388,0.00012428271076068268,1,1,1
2025-02-26 04:00:00,2025,1516,UP,2918.19,2888.2,2.137558077426806,2025-02-26 08:00:00,-2.8400000000001455,-0.0946982327442522,0.43906501267849096,0.44245176633695205,0.002378526384234418,0.07243274972814778,0.47808689930527964,0.4428374965687729,0.28645118818208143,0.21430563826696436,0,0,0
2025-02-26 08:00:00,2025,1517,DOWN,2915.35,2930.15,1.0563736163675788,2025-02-27 01:00:05,-2.180000000000291,-0.14729729729731514,0.227282974313075,0.1261375358929345,0.003793052254293562,0.08108516115574302,0.4343806299533739,0.23317006301916798,0.08402670033871153,0.03937225509279763,1,1,1
2025-02-26 12:00:00,2025,1517,DOWN,2913.08,2930.15,1.21879005156778,2025-02-27 01:00:05,-4.450000000000273,-0.2606912712361002,0.1142287563290678,0.12517773390404388,0.0017571396027341838,0.0452173702919417,0.15984583228895186,0.11477079540247574,0.03364862062261421,0.01648335299691643,1,1,1
2025-02-26 16:00:00,2025,1517,DOWN,2905.93,2918.95,0.9306355093002009,2025-02-27 01:00:05,-11.600000000000364,-0.8909370199693072,0.09464951914040412,0.15608693754066782,0.0013365874495166077,0.046041692121168334,0.234846241619418,0.09376711484701684,0.018557837998483123,0.0067942178143611835,1,1,1
2025-02-26 20:00:00,2025,1517,DOWN,2913.7,2918.95,0.3734943566544066,2025-02-27 01:00:05,-3.830000000000382,-0.7295238095238823,0.012334058463202348,0.10109675015248487,0.0003764179902724623,0.015289605696177388,0.0185343414829796,0.013230317544454064,0.003084008264858688,0.0017371795409591698,1,1,1
2025-02-27 01:00:05,2025,1518,UP,2917.53,2890.81,1.906428758700954,2025-02-27 07:36:00,-26.720000000000255,-1.0,0.43695206071611037,0.36169895678923303,0.45273580644692896,0.008770862301183131,0.656979000882587,0.43858856685368275,0.30018442574201953,0.143004321786927,0,1,0
2025-02-27 04:00:00,2025,1518,UP,2912.82,2890.81,1.5731001142396959,2025-02-27 07:36:00,-22.01000000000022,-1.0,0.15535514525867994,0.35947613184833815,0.2357766336386457,0.008477145167622043,0.1861972283645557,0.15307485047812847,0.08380857225617427,0.04080999211830459,0,1,0
2025-02-27 08:00:00,2025,1519,DOWN,2890.95,2920.74,2.1187975528871634,2025-03-03 01:00:05,34.54999999999973,1.1597851628063032,0.4661032191668137,0.25062801349222935,0.7474947823983029,0.02958679420371705,0.8743734075658622,0.4629626091675618,0.19237832494141796,0.10673861115050753,1,1,1
2025-02-27 12:00:00,2025,1519,DOWN,2887.19,2920.74,2.379465253481082,2025-03-03 01:00:05,30.789999999999964,0.9177347242921077,0.0782133034759822,0.2202951508850469,0.32160688219601546,0.008148884653523,0.31143063627266243,0.07678185090778958,0.016633020292838616,0.00862230216739481,1,1,1
2025-02-27 16:00:00,2025,1519,DOWN,2888.84,2894.97,0.4347953913509768,2025-03-03 01:00:05,32.440000000000055,5.292006525285789,0.021646246786986817,0.15501375874263218,0.1005364678013406,0.0019356041960615041,0.10087387039000899,0.021709163389330367,0.0042846225475411765,0.0025844747218914765,1,1,1
2025-02-27 20:00:00,2025,1519,DOWN,2883.22,2892.39,0.647719121847621,2025-03-03 01:00:05,26.81999999999971,2.924754634678244,0.010886934176443494,0.21199094326763748,0.04182859813675663,0.0011795355001816348,0.08445248374923409,0.011185041162882447,0.0012924100831799568,0.0009463821845376473,1,1,1
2025-02-28 01:00:05,2025,1519,DOWN,2876.83,2887.67,0.7649876436251609,2025-03-03 01:00:05,20.429999999999836,1.8846863468634283,0.006693596402951709,0.23446056645958308,0.02539872922983628,0.0010123241387896774,0.09396149595915723,0.006744219996727723,0.0004470432315268527,0.00020454720612193968,1,1,1
2025-02-28 04:00:00,2025,1519,DOWN,2874.75,2887.67,0.9128701729588109,2025-03-03 01:00:05,18.34999999999991,1.4202786377708827,0.00250831752684095,0.18594672409705515,0.008277956823918985,0.000364856923184841,0.06010524980501221,0.0025815432300794715,0.0001199869702024907,2.804372138236151e-05,1,1,1
2025-02-28 08:00:00,2025,1519,DOWN,2864.19,2884.98,1.4650382106652162,2025-03-03 01:00:05,7.789999999999964,0.3746993746993736,0.0015170776690060634,0.2636097904055605,0.007711976716594006,0.0005672590911036365,0.05406816981022297,0.0016565857242535123,3.572328243967475e-05,1.0898011453864898e-05,1,1,1
2025-02-28 12:00:00,2025,1519,DOWN,2862.36,2884.98,1.5931725685363076,2025-03-03 01:00:05,5.960000000000036,0.2634836427939905,0.00033485937719339106,0.2392623890422375,0.0018260980889949312,0.00019336723736145648,0.0070036780650174135,0.0003517960905092459,5.555672333469802e-06,2.460943444838889e-06,1,1,1
2025-02-28 16:00:00,2025,1519,DOWN,2848.57,2884.98,2.5619823325670192,2025-03-03 01:00:05,-7.829999999999927,-0.21505081021697223,0.0002979715920328677,0.3008813755176388,0.0013891912242817203,0.00017309818848191964,0.0137846881760493,0.0003122323655323338,1.882624583722302e-06,4.228357673251239e-07,1,1,1
2025-02-28 20:00:00,2025,1519,DOWN,2845.0,2864.91,1.3971136687021164,2025-03-03 01:00:05,-11.400000000000091,-0.5725765946760509,4.4368412097648174e-05,0.2537550732729538,0.000315011428714762,7.30968810214197e-05,0.004486321518371698,4.965694218629223e-05,2.68523579864907e-07,1.1111703473125059e-07,1,1,1
2025-03-03 01:00:05,2025,1520,UP,2856.4,2837.94,1.2917347144596039,2025-03-04 20:00:01,55.19999999999982,2.99024918743227,0.5695308631129496,0.3638005756775701,3.43564381954937e-05,1.7114640426385025e-05,0.8290388720698276,0.5683286518285704,0.3044758659632985,0.1440423479371839,0,0,0
2025-03-03 04:00:00,2025,1520,UP,2871.0,2837.94,2.30656174168211,2025-03-04 20:00:01,40.59999999999991,1.2280701754385959,0.22642040052973614,0.37884414497523566,0.5571128453438541,0.4698570739681997,0.5591474625427434,0.2444869290595239,0.10388632547047143,0.039749049654963065,0,1,1
2025-03-03 08:00:00,2025,1520,UP,2864.05,2859.31,0.3309258691720664,2025-03-03 10:27:00,-4.7400000000002365,-1.0,0.03824754831282984,0.2954466569490684,0.2290142533787874,0.35517347643162506,0.12265109893317486,0.03801090121587601,0.018854484580441876,0.009587483637145908,0,1,1
2025-03-03 12:00:01,2025,1520,UP,2867.68,2837.94,2.0777446675488247,2025-03-04 20:00:01,43.92000000000007,1.4767989240080832,0.02852696250387064,0.3397654790055355,0.1862481520959938,0.4118638581059927,0.08607236149811053,0.02947510454422345,0.006620213768151444,0.001068390629103538,0,1,1
2025-03-03 16:00:00,2025,1520,UP,2872.69,2858.93,0.9628011255413566,2025-03-04 20:00:01,38.909999999999854,2.8277616279069213,0.014929565504811301,0.3738336002007101,0.11080990781760709,0.3341557764122499,0.11212044949800187,0.015676791091817403,0.0030884562216160565,0.0008361640840884158,0,1,1
2025-03-03 20:00:00,2025,1520,UP,2890.99,2868.97,1.5362003281167638,2025-03-04 20:00:01,20.610000000000127,0.9359673024523226,0.00997394009057231,0.4116135384874374,0.11388473464842402,0.523574104465418,0.15618528961895192,0.010756484939939616,0.0009837092393997417,0.00017990101235176205,0,1,1
2025-03-04 01:00:05,2025,1520,UP,2893.07,2868.97,1.6797168194760164,2025-03-04 20:00:01,18.529999999999745,0.7688796680497704,0.001788125957863798,0.34319878126284453,0.031364522496797186,0.3587224101560177,0.047327579995450446,0.0018909220797024865,0.0001113352247505825,1.3480393991790168e-05,0,1,1
2025-03-04 04:00:00,2025,1520,UP,2888.54,2878.35,0.7108832482557452,2025-03-04 20:00:01,23.059999999999945,2.263002944062789,0.0003968026412451155,0.2618665495587976,0.005265615727257687,0.1182219638491828,0.007235762957929459,0.0004092230765724424,2.210949628910083e-05,2.7766452582280936e-06,0,1,1
2025-03-04 08:00:00,2025,1520,UP,2889.85,2881.77,0.5647198630016915,2025-03-04 20:00:01,21.75,2.691831683168341,0.00024543660359087235,0.2616904425870804,0.0048910629029337545,0.12067117903691175,0.004393311549261441,0.0002708042156178177,1.2583578434088984e-05,1.0735293264639884e-06,0,1,1
2025-03-04 12:00:00,2025,1520,UP,2918.27,2884.28,2.3548491022101175,2025-03-04 20:00:01,-6.670000000000073,-0.19623418652545208,0.0003878582235228495,0.4801482955244632,0.01108698181889639,0.43338443837498686,0.028732791116769487,0.0004105272674601508,4.719007127946087e-06,4.83805061619109e-07,1,1,1
2025-03-04 16:00:00,2025,1520,UP,2922.81,2884.28,2.668052395180575,2025-03-04 20:00:01,-11.210000000000036,-0.29094212302102546,3.224869350848475e-05,0.3572001218103771,0.0018120696891309818,0.20013981646962892,0.0027763096094743254,3.3848332998604486e-05,3.0424499200555953e-07,2.8221720473849997e-08,1,1,1
2025-03-04 20:00:01,2025,1521,DOWN,2911.6,2927.8,1.1181140359258217,2025-03-05 01:00:05,-6.680000000000291,-0.4123456790123567,0.2570729208629233,0.1800105106070664,0.00021293434479799557,0.06152289649986157,0.3798101736421785,0.26286019289858703,0.07656064341972306,0.052096641822750624,0,0,0
2025-03-05 01:00:05,2025,1522,UP,2918.28,2900.0,1.262714698739364,2025-03-05 04:00:00,-11.090000000000146,-0.6066739606126927,0.4634902462294525,0.20785925059338953,0.00018829925330904478,0.037693655393910105,0.5538085487364873,0.4563804803667646,0.3389030978155174,0.16964842268237842,1,1,1
2025-03-05 04:00:00,2025,1523,DOWN,2907.19,2920.53,0.9213210759061614,2025-03-05 08:00:00,-11.61999999999989,-0.8710644677660992,0.27096451746834255,0.19335573617737456,0.4695786185385223,0.0021676636285931287,0.5018070468673956,0.26801105802406194,0.10702793517128786,0.06835383494187443,0,1,0
2025-03-05 08:00:00,2025,1524,UP,2918.81,2901.98,1.1613400365012465,2025-03-05 15:44:00,-16.829999999999927,-1.0,0.6407143863879113,0.2948061772693623,0.10671838102214772,0.00516692790278259,0.7629332700869141,0.640918861933404,0.4635024187797213,0.27888810403768766,1,0,1
2025-03-05 12:00:00,2025,1524,UP,2919.05,2901.98,1.1801368061135729,2025-03-05 15:44:00,-17.070000000000164,-1.0,0.26834867204589,0.21979872932736802,0.6050494750646095,0.005099273230065381,0.48010348686426546,0.27313477677953096,0.1636756476486173,0.06711248250314107,1,1,1
2025-03-05 16:00:00,2025,1525,DOWN,2899.99,2922.58,1.5555458485696019,2025-03-05 17:32:00,-22.590000000000146,-1.0,0.31176846950368065,0.21670020014944222,0.6480557904439842,0.7484355880104432,0.6501556813008702,0.3111705827803886,0.11850357176264467,0.07649537094802605,0,1,1
2025-03-05 20:00:00,2025,1526,UP,2916.18,2894.3,1.4965630845572668,2025-03-06 11:54:00,-21.879999999999654,-1.0,0.5236155433958679,0.333785579559823,0.09852347127966588,0.4922038649343158,0.6119023382083558,0.5231447751987737,0.36137867535988616,0.2985081231763717,1,0,1
2025-03-06 01:00:05,2025,1526,UP,2920.38,2911.44,0.6121820979829439,2025-03-06 09:57:00,-8.940000000000055,-1.0,0.27544331827366897,0.4008947420345445,0.5664325392560488,0.5513992894383218,0.6344880731222958,0.2759064784840501,0.23470091152227765,0.09046828361747498,1,1,1
2025-03-06 04:00:00,2025,1526,UP,2924.77,2911.44,0.9145044211264128,2025-03-06 09:57:00,-13.329999999999927,-1.0,0.1647964324214139,0.44292401462188175,0.4562320533611547,0.5561154165354231,0.6268380078130773,0.16311055154419696,0.10726846208800754,0.022771688201725596,1,1,1
2025-03-06 08:00:00,2025,1526,UP,2920.15,2911.44,0.5981344229572452,2025-03-06 09:57:00,-8.710000000000036,-1.0,0.05017909027331625,0.30759947867821213,0.16576518066339274,0.3061134149632943,0.16672232488606048,0.05033671614605894,0.026969116257466695,0.004237695318289326,1,1,1
2025-03-06 12:00:00,2025,1527,DOWN,2894.17,2922.96,1.964191104563723,2025-03-06 20:00:00,-21.65000000000009,-0.7519972212573851,0.37109767421465406,0.27658918648997355,0.7054687665352761,0.8148653236947649,0.8143235872471033,0.3588361984681893,0.13382329885910285,0.0832805880017237,0,1,1
2025-03-06 16:00:00,2025,1527,DOWN,2904.4,2922.96,1.2648841252318426,2025-03-06 20:00:00,-11.420000000000073,-0.6153017241379367,0.024969071551561143,0.13502440480487846,0.25942996667309054,0.4074289165567247,0.0858307615219502,0.02479249715658208,0.007289421974633509,0.004492808715171194,0,1,1
2025-03-06 20:00:00,2025,1528,UP,2915.82,2891.21,1.674284266738822,2025-03-07 04:00:00,-9.019999999999982,-0.36651767574156585,0.5074550711816814,0.4377452900358193,0.5566171716442267,0.5150862446704673,0.8070898114748152,0.5136423319225518,0.37739595004448384,0.2512342594520802,0,1,1
2025-03-07 01:00:05,2025,1528,UP,2911.58,2891.21,1.3871042982922992,2025-03-07 04:00:00,-4.779999999999745,-0.23465881197838837,0.18651956700141317,0.35297925148583775,0.2191878889009988,0.3314887579851268,0.2579292695082593,0.1796546486514676,0.1198626476850209,0.07309743352117018,0,1,1
2025-03-07 04:00:00,2025,1529,DOWN,2906.8,2922.69,1.0809960199075928,2025-03-07 10:45:00,-15.889999999999873,-1.0,0.21615623663286068,0.16978038476662463,0.4680605473559633,0.530182460331093,0.3179087413142464,0.21170024010787136,0.09923955918653181,0.07247682301014553,0,1,1
2025-03-07 08:00:00,2025,1529,DOWN,2909.51,2922.69,0.8978154826092798,2025-03-07 10:45:00,-13.179999999999836,-1.0,0.09899556415957321,0.14136578158611895,0.27298449402258274,0.3676691336083921,0.09019826096027969,0.09714661771933504,0.037225648688670086,0.024408339188797045,0,1,1
2025-03-07 12:00:00,2025,1530,UP,2921.71,2896.23,1.7353705902231722,2025-03-07 20:00:00,-13.599999999999909,-0.533751962323387,0.5848199052475822,0.5146633277741688,0.6940130316391255,0.6683450559674244,0.8875696432214241,0.5843592945226024,0.46971365729039993,0.327469184772291,0,1,1
2025-03-07 16:00:00,2025,1530,UP,2913.88,2896.23,1.201424484569162,2025-03-07 20:00:00,-5.769999999999982,-0.32691218130311345,0.16797412860325736,0.3721042387791603,0.2991033371130823,0.43885076746996493,0.30295106787126147,0.16390123456475722,0.12187349337982963,0.07878193422921068,0,1,1
2025-03-07 20:00:00,2025,1531,DOWN,2908.11,2930.3,1.50373275454628,2025-03-10 04:00:00,-4.170000000000073,-0.187922487607033,0.23405813249869764,0.14908599479317608,0.3988058254489296,0.17082243831888064,0.5493692134086343,0.23848255203174468,0.06980198983392377,0.027858623942348382,0,1,0
2025-03-10 00:00:05,2025,1531,DOWN,2911.0,2930.3,1.3099184707773381,2025-03-10 04:00:00,-1.2800000000002,-0.0663212435233258,0.07925811774325224,0.12327454589538049,0.24327805628965907,0.377999087569458,0.0964927557873286,0.08005499781831817,0.029133078279976334,0.01797798038013932,0,1,1
2025-03-10 04:00:00,2025,1532,UP,2912.28,2902.02,0.6979117831406341,2025-03-10 08:00:00,-2.4200000000000728,-0.23586744639376425,0.47126236284278394,0.33984716089439304,0.5154040327759075,0.5180584006747894,0.655525062274573,0.477062305810634,0.3880119130915715,0.2641513910619228,1,1,1
2025-03-10 08:00:00,2025,1533,DOWN,2909.86,2918.28,0.5742869689806143,2025-03-11 08:00:00,13.840000000000146,1.643705463182901,0.2851056556158945,0.16348380578571917,0.5452829369926282,0.5075347994286503,0.4068941475767507,0.2935756018241927,0.15872104633600964,0.11361466491154094,0,1,1
2025-03-10 12:00:00,2025,1533,DOWN,2911.16,2915.5,0.2955411139867828,2025-03-11 08:00:00,15.139999999999873,3.488479262672665,0.1242126228989941,0.1830136340516822,0.32798207835397986,0.4807936713128326,0.14267480522707082,0.1193334598240284,0.04883744278663329,0.0447253666447291,0,1,1
2025-03-10 16:00:00,2025,1533,DOWN,2903.66,2915.5,0.8059623899092291,2025-03-11 08:00:00,7.639999999999873,0.6452702702702516,0.1474429112061372,0.2647905409725621,0.19531105050670097,0.387252368894402,0.20561025685114948,0.14745034056586032,0.03409124530489812,0.028167189472156146,1,1,1
2025-03-10 20:00:00,2025,1533,DOWN,2886.14,2910.54,1.652773377668836,2025-03-11 08:00:00,-9.88000000000011,-0.4049180327868882,0.09342927538198464,0.306742614847207,0.1907149961153866,0.5130846214447258,0.41559543262687637,0.09113852829544558,0.007169534171424047,0.005500514148007851,1,1,1
2025-03-11 00:00:05,2025,1533,DOWN,2888.56,2910.54,1.4911531764421906,2025-03-11 08:00:00,-7.460000000000036,-0.33939945404913696,0.011137400560859823,0.20856933230323912,0.03511285752014987,0.176630215427126,0.044118667391559514,0.011268028344426384,0.000886015566337085,0.0007784006339989119,1,1,1
2025-03-11 04:00:00,2025,1533,DOWN,2890.51,2910.54,1.3606780903997322,2025-03-11 08:00:00,-5.5099999999997635,-0.2750873689465718,0.004395535858979652,0.24936401440649744,0.01315983125590207,0.07785441770856368,0.014587953170511403,0.0044205637107752604,0.0002913136398494007,0.0003154346748652479,1,1,1
2025-03-11 08:00:00,2025,1534,UP,2896.02,2879.78,1.1049466151784773,2025-03-12 04:00:00,18.679999999999836,1.1502463054187246,0.4656679739719678,0.3312203795405719,0.470175110515811,0.03857487434002833,0.6976940435119741,0.47503897445740056,0.4081553498331372,0.2723635981951847,0,1,0
2025-03-11 12:00:00,2025,1534,UP,2911.93,2892.73,1.3042099360423995,2025-03-12 04:00:00,2.769999999999982,0.14427083333333376,0.4231971329646048,0.5502973182865599,0.5263790885213702,0.6822156406946199,0.8452038646560759,0.421143216172365,0.30280645937568895,0.12837590302263716,0,1,1
2025-03-11 16:00:00,2025,1534,UP,2918.74,2892.73,1.7663246720001724,2025-03-12 04:00:00,-4.039999999999964,-0.15532487504805845,0.1091701554050648,0.4168121438288931,0.215936244507812,0.5646744434356034,0.43033765244767475,0.10962849759715873,0.04378585940747525,0.011182288667880758,0,1,1
2025-03-11 20:00:00,2025,1534,UP,2917.92,2906.79,0.7574339552317606,2025-03-12 04:00:00,-3.2200000000002547,-0.28930817610064896,0.0313035222887509,0.335812448596713,0.07480021345053559,0.4224069988555174,0.1473172878189196,0.031150321799150033,0.009745410773296291,0.0023328934710175318,0,1,1
2025-03-12 00:00:05,2025,1534,UP,2916.0,2906.79,0.6287980077035553,2025-03-12 04:00:00,-1.300000000000182,-0.14115092290989975,0.010232777144393326,0.2982975632847736,0.03184847384142004,0.2811416430394256,0.05100679059574646,0.01036995635931335,0.0029978000842333192,0.0005635551089716655,0,1,1
2025-03-12 04:00:00,2025,1535,DOWN,2914.7,2919.69,0.34143240728406554,2025-03-12 05:03:00,-4.9900000000002365,-1.0,0.343061048564456,0.19350129103626867,0.011635855927718862,0.18119974636068595,0.445898975281112,0.3334651251189046,0.13490640729162606,0.08406633608544416,1,0,0
2025-03-12 08:00:00,2025,1536,UP,2916.27,2910.82,0.3738628561752162,2025-03-12 09:03:00,-5.449999999999818,-1.0,0.4521870118196267,0.32722518279062746,0.008124572594582075,0.12008982172110175,0.593506210904378,0.44438769416907203,0.41075281888072634,0.2971516454863893,0,1,1
2025-03-12 12:00:00,2025,1536,UP,2914.69,2908.96,0.39280216044932137,2025-03-12 15:24:00,-5.730000000000018,-1.0,0.264250835819194,0.3228188721534521,0.004074408244205588,0.09939952732763709,0.3520602555495132,0.2664950137769941,0.17517753778366021,0.12047245138801048,0,1,1
2025-03-12 16:00:00,2025,1537,DOWN,2915.54,2925.33,0.6704785987975931,2025-03-12 17:09:00,-9.789999999999964,-1.0,0.16805252212729366,0.15568936591615276,0.3480621504475602,0.020454724713458064,0.25880251529911835,0.1695905340712982,0.0770109102405336,0.05443946077360831,0,1,0
2025-03-12 20:00:00,2025,1538,UP,2936.33,2906.05,2.0646547097304238,2025-03-14 20:00:00,50.25,1.6595112285336995,0.6385907181761079,0.4065823069867584,0.8089311291530458,0.20336969313157208,0.8963288706243732,0.643901187037857,0.48129864825975793,0.30160407690659136,1,1,1
2025-03-13 00:00:05,2025,1538,UP,2934.36,2906.05,1.9362381121646537,2025-03-14 20:00:00,52.2199999999998,1.8445778876721972,0.17123980601095262,0.37222052223833774,0.32214586867631273,0.03931702980949542,0.3793058491671825,0.15891061818174176,0.09216040366354168,0.03267228346328546,1,1,1
2025-03-13 04:00:00,2025,1538,UP,2938.06,2930.73,0.5023810605948199,2025-03-14 20:00:00,48.51999999999998,6.619372442019163,0.1036681840955227,0.3743441195679555,0.2980246272355272,0.05926868026787852,0.41756128688774447,0.10737121690701988,0.050771820256100914,0.020214652714637297,1,1,1
2025-03-13 08:00:00,2025,1538,UP,2940.27,2930.73,0.6550866145263493,2025-03-14 20:00:00,46.309999999999945,4.854297693920349,0.042499665721539376,0.38187869601468244,0.11652106511391097,0.026891945750821412,0.21507775782661695,0.04398717789163036,0.01235151653453523,0.004818578944750384,1,1,1
2025-03-13 12:00:00,2025,1538,UP,2947.98,2932.92,1.0336032408429618,2025-03-14 20:00:00,38.59999999999991,2.563081009296152,0.032096463773545525,0.45758679637916533,0.09284275067266286,0.03146964178918275,0.35040834478735594,0.032562890596337525,0.004474597166926263,0.0009987744132607414,1,1,1
2025-03-13 16:00:00,2025,1538,UP,2950.62,2932.92,1.2153813687921655,2025-03-14 20:00:00,35.960000000000036,2.031638418079119,0.010979787630730027,0.4029941136568905,0.0271841142788856,0.012595650816966874,0.18863936134021184,0.011194489395848592,0.0009945930923889832,0.0001458275396698108,1,1,1
2025-03-13 20:00:00,2025,1538,UP,2979.64,2939.06,2.764528986964179,2025-03-14 20:00:00,6.940000000000055,0.17102020699852308,0.006340358190042985,0.5205683407187587,0.033294550202744515,0.042189148623288986,0.20702137419072386,0.006642115752799516,0.00021616873140652915,4.652726023911828e-05,1,1,1
2025-03-14 00:00:05,2025,1538,UP,2989.29,2939.06,3.427853554950262,2025-03-14 20:00:00,-2.7100000000000364,-0.053951821620546195,0.0006216301294841356,0.4159343767593169,0.014854475878224657,0.03163368985007051,0.03359651221812309,0.0006745250520369075,1.3508469595574723e-05,2.749533453865207e-06,1,1,1
2025-03-14 04:00:00,2025,1538,UP,2988.1,2939.06,3.3546357809594314,2025-03-14 20:00:00,-1.5199999999999818,-0.03099510603588872,0.00010146511386429701,0.4019569585417718,0.002019211747952382,0.00814883228861298,0.007216966863339403,0.00010673235464065341,1.3638311406387034e-06,2.5328905369915255e-07,1,1,1
2025-03-14 08:00:00,2025,1538,UP,2986.6,2981.69,0.33620347624902264,2025-03-14 08:20:00,-4.9099999999998545,-1.0,3.440720105601778e-05,0.2886854143675775,0.0005648626268299545,0.002338395651398367,0.003480856374067268,3.8067383221824594e-05,5.553817493430885e-07,1.2742639900040606e-07,1,1,1
2025-03-14 12:00:00,2025,1538,UP,2998.93,2980.86,1.2354330900522035,2025-03-14 17:03:00,-18.06999999999971,-1.0,3.251500837936018e-05,0.37559589440261965,0.0008734675271829922,0.0036901599855063243,0.010139255916681833,3.717386077087689e-05,2.2774816021085883e-07,3.369250639810151e-08,1,1,1
2025-03-14 16:00:00,2025,1538,UP,2986.86,2980.86,0.4091041579234055,2025-03-14 17:03:00,-6.0,-1.0,3.65590764925019e-06,0.27445631576432744,6.331861497131104e-05,0.00036019755892594766,0.0005771891260801845,4.270054287315297e-06,3.640590005735198e-08,6.575116651032396e-09,1,1,1
2025-03-14 20:00:00,2025,1539,DOWN,2986.58,3004.91,1.2497498568741805,2025-03-17 04:00:00,-4.440000000000055,-0.24222585924713977,0.17511176575469942,0.16561208184437057,0.3264152386366222,7.017902913263263e-05,0.3547181648141716,0.17107136647757812,0.06962449493637599,0.04208074823140642,0,1,0
2025-03-17 00:00:05,2025,1539,DOWN,2983.59,2990.34,0.4615294541519906,2025-03-17 00:13:00,-6.75,-1.0,0.07012750623760874,0.14293599118515096,0.20055225342542754,3.585837266647009e-05,0.11439912220539553,0.07132290249208069,0.020103928006900095,0.011771876648655342,0,1,0
2025-03-17 04:00:00,2025,1540,UP,2991.02,2981.52,0.6504334475384999,2025-03-17 08:00:00,-4.960000000000036,-0.5221052631578985,0.4863563550971043,0.3659871277430505,0.6243902548219583,9.18463177188342e-05,0.7214757211592187,0.494746039409046,0.3919015945442541,0.26402515797863507,1,1,1
2025-03-17 08:00:00,2025,1541,DOWN,2986.06,2994.1,0.5514801611769335,2025-03-17 11:37:00,-8.039999999999964,-1.0,0.3989720489477496,0.24353691609474237,0.24922047048449325,2.4543800662119963e-05,0.5164833322911406,0.40149014285135615,0.2100036830786647,0.1683987586831568,0,0,0
2025-03-17 12:00:00,2025,1542,UP,2995.89,2982.22,0.937935440566941,2025-03-19 04:00:00,33.43000000000029,2.4455010972933513,0.5693194410550011,0.4666753469777322,0.37238465290502054,5.0710659056413055e-05,0.8464298021156998,0.567792613762358,0.4736157190338862,0.3537559793552568,1,1,1
2025-03-17 16:00:00,2025,1542,UP,2988.57,2983.09,0.37574467044190846,2025-03-19 04:00:00,40.75,7.436131386861289,0.1991349916057067,0.33140796190543914,0.06979900768024305,9.513156723048586e-06,0.32653351421120264,0.19563111277294762,0.1528682948735453,0.09915590429949682,1,1,1
2025-03-17 20:00:00,2025,1542,UP,2998.03,2984.77,0.9095993033352476,2025-03-19 04:00:00,31.289999999999964,2.3597285067872886,0.2532015736465196,0.47088796547897954,0.09218811686028072,1.7486952455920128e-05,0.5222343377278776,0.25745932526752335,0.13729481798691465,0.07208083046164253,1,1,1
2025-03-18 00:00:05,2025,1542,UP,3001.84,2984.77,1.1752355016524694,2025-03-19 04:00:00,27.480000000000018,1.6098418277679998,0.11645054517212435,0.4401403629244632,0.06861733898835738,1.5440199707653173e-05,0.4056929382468652,0.12172368794586136,0.04085602836026583,0.013600514748845648,1,1,1
2025-03-18 04:00:00,2025,1542,UP,3005.92,2984.77,1.4591685947008355,2025-03-19 04:00:00,23.40000000000009,1.1063829787234039,0.05421123597691476,0.4872469343617444,0.02546793703235647,1.0235672576301482e-05,0.22317021007043816,0.053075568036443,0.009733827053734956,0.0032089829485056794,1,1,1
2025-03-18 08:00:00,2025,1542,UP,3012.27,2999.4,0.8879722154101479,2025-03-19 04:00:00,17.050000000000182,1.32478632478635,0.02239637860150539,0.45403785443437694,0.009834914367045044,7.124801785606909e-06,0.14053022437148766,0.022871682904653846,0.0032337688108532167,0.0010578147368233313,1,1,1
2025-03-18 12:00:00,2025,1542,UP,3020.23,3006.06,0.9763878010005822,2025-03-19 04:00:00,9.090000000000146,0.6414961185603457,0.007374292137992009,0.41302649323537666,0.00604459801241208,8.211296015566944e-06,0.06017484265456787,0.007604927178568104,0.0006964074441930317,0.00021648179698310695,1,1,1
2025-03-18 16:00:00,2025,1542,UP,3033.44,3006.06,1.8836936225116645,2025-03-19 04:00:00,-4.119999999999891,-0.1504747991234432,0.0028378537974850034,0.4003019082124382,0.0034030057719300036,8.307027087401958e-06,0.036935615388246155,0.0029590016091983924,0.00012597276867211125,2.9379004663634978e-05,1,1,1
2025-03-18 20:00:00,2025,1542,UP,3032.74,3024.62,0.5591123251939732,2025-03-19 04:00:00,-3.419999999999618,-0.42118226600981085,0.000638186976124509,0.4242951363745129,0.0007193897628604036,2.737690452344289e-06,0.024489357773270045,0.0006368204717386292,2.639543367280361e-05,6.373213008784667e-06,1,1,1
2025-03-19 00:00:05,2025,1542,UP,3034.54,3024.62,0.6853982375990735,2025-03-19 04:00:00,-5.2199999999998,-0.5262096774193308,0.0002320069713012457,0.3185972581357756,0.00035247917211019323,1.2731925065486712e-06,0.0057610869205275885,0.00024914504683292316,8.363186528324526e-06,1.489379149661639e-06,1,1,1
2025-03-19 04:00:00,2025,1543,DOWN,3029.32,3037.96,0.598525067821884,2025-03-19 05:54:00,-8.639999999999873,-1.0,0.34354017456359465,0.20397291142439242,4.977317379189618e-05,2.9144238374118743e-07,0.4476712434423987,0.3474973196630056,0.14153414207831208,0.09563206039229506,0,0,0
2025-03-19 08:00:00,2025,1544,UP,3044.71,3027.4,1.198254686295446,2025-03-19 10:44:00,-17.309999999999945,-1.0,0.5888851434686077,0.33790697396843905,0.0001672795632222304,8.27467025699883e-07,0.8694430300791506,0.592845558195388,0.45489377019318883,0.26568797578091524,1,1,1
2025-03-19 12:00:00,2025,1545,DOWN,3030.46,3045.31,1.02488955111187,2025-03-19 20:36:00,-14.849999999999909,-1.0,0.33322676960301645,0.21591204106475534,7.264308508399334e-06,6.700361155819602e-08,0.3799846670271304,0.3337526428534298,0.1337811567207374,0.11500259396547353,0,0,0
2025-03-19 16:00:00,2025,1545,DOWN,3033.31,3045.31,0.8285396477216808,2025-03-19 20:36:00,-12.0,-1.0,0.06337995587402886,0.12711490009663304,0.32378545723888724,2.8205250681457075e-08,0.11919965224627868,0.06272871253259919,0.0130828209277251,0.0056511156011381635,0,1,0
2025-03-19 20:00:00,2025,1545,DOWN,3029.72,3041.04,0.7822051455582805,2025-03-19 20:24:00,-11.320000000000164,-1.0,0.048021172752175004,0.13406146182059323,0.20463362441322222,1.4321934857543458e-08,0.07452283612510317,0.04904478022357301,0.009496478673396147,0.0019883514641348666,0,1,0
2025-03-20 00:00:05,2025,1546,UP,3048.76,3029.29,1.341190647956025,2025-03-20 12:00:00,-7.410000000000309,-0.3805855161787474,0.5786677135634313,0.43131191123211565,0.7102175289280136,8.170304515921855e-08,0.8382850532335497,0.5852718750858283,0.45419088144006486,0.3250637469441747,1,1,1
2025-03-20 04:00:00,2025,1546,UP,3049.75,3029.29,1.412298314753712,2025-03-20 12:00:00,-8.400000000000091,-0.4105571847507368,0.20900897383552278,0.37804406279106306,0.46313277464746944,5.129555070834598e-08,0.5098444576895196,0.21865578219206627,0.13411809023493648,0.086763373609301,1,1,1
2025-03-20 08:00:00,2025,1546,UP,3047.07,3029.29,1.228236381121468,2025-03-20 12:00:00,-5.720000000000255,-0.32170978627672614,0.07169477740639668,0.3435435369398608,0.1789766550223224,1.722616149124013e-08,0.14381101577243358,0.06967068883217883,0.03080898458995429,0.017403437815034076,1,1,1
2025-03-20 12:00:00,2025,1547,DOWN,3041.35,3057.44,1.1122242364166453,2025-03-20 20:00:00,-0.4800000000000182,-0.02983219390926127,0.28076605405352034,0.18146490539948518,0.39142951900857803,2.481871642274943e-09,0.49628224546641114,0.2706149726945936,0.11185907815111971,0.061311556905493246,0,1,0
2025-03-20 16:00:00,2025,1547,DOWN,3032.68,3057.44,1.7101515646281522,2025-03-20 20:00:00,-9.150000000000091,-0.3695476575121167,0.11724903577401542,0.20335625602488164,0.30393225341810426,0.582235638320138,0.21044682597884626,0.11857037148457292,0.0332765067397156,0.01929498731426594,0,1,1
2025-03-20 20:00:00,2025,1548,UP,3041.83,3025.65,1.118357354701871,2025-03-21 04:00:00,-6.019999999999982,-0.3720642768850459,0.6016785352215523,0.42489335854648125,0.0948085719823375,0.41342058811283094,0.8072493996935478,0.6046800944825673,0.375879788734827,0.19397488354873538,1,0,0
2025-03-21 00:00:05,2025,1548,UP,3046.18,3025.65,1.424035868657743,2025-03-21 04:00:00,-10.36999999999989,-0.5051144666341948,0.273950644029185,0.37893546389963756,0.6749078848013474,0.6380774666595932,0.5738831400928937,0.2972001083466638,0.14060785628960865,0.05948669659635337,1,1,1
2025-03-21 04:00:00,2025,1549,DOWN,3035.81,3057.44,1.5020125597352336,2025-03-24 00:00:05,12.4699999999998,0.5765141007859332,0.3346179763699677,0.22113113728511705,0.5976884088050675,0.601993440020261,0.5980610462116491,0.3335691448019258,0.13789341663598467,0.08325598236030596,0,1,1
2025-03-21 08:00:00,2025,1549,DOWN,3028.08,3047.45,1.3445571529597546,2025-03-24 00:00:05,4.739999999999782,0.24470831182239589,0.16729556646297047,0.22507051943095854,0.49871771364897444,0.6671057476591457,0.4625392428558409,0.17093106062782748,0.03803787353594147,0.043058655805377974,1,1,1
2025-03-21 12:00:00,2025,1549,DOWN,3029.55,3047.45,1.2456963048007084,2025-03-24 00:00:05,6.210000000000036,0.3469273743016851,0.04552581208979204,0.2185214599627887,0.11950941021017436,0.29616801611789567,0.13106412728205513,0.04303721380391155,0.006007819124256251,0.004907123923718244,1,1,1
2025-03-21 16:00:00,2025,1549,DOWN,3006.43,3047.45,2.8332145242066296,2025-03-24 00:00:05,-16.91000000000031,-0.41223793271575615,0.049530597462320955,0.3219802224454546,0.155286519044638,0.5208742870626972,0.3347059350153358,0.04793922300587899,0.0023024640535899347,0.0010228456072418261,1,1,1
2025-03-21 20:00:00,2025,1549,DOWN,3013.66,3038.1,1.685241212779765,2025-03-24 00:00:05,-9.680000000000291,-0.3960720130933007,0.00314584842599416,0.16032223245972843,0.030591835904721764,0.17042809012440027,0.016954013608346433,0.0033202876517709483,0.00021026893735666118,0.0001357125355598471,1,1,1
2025-03-24 00:00:05,2025,1550,UP,3023.34,2999.36,1.6559470264362328,2025-03-24 20:00:00,-16.309999999999945,-0.6801501251042508,0.575144524448278,0.4172982776681968,0.660943553989269,0.03086488308650664,0.8898006271335319,0.5896826416872492,0.4145024715066192,0.20901624635936067,0,1,0
2025-03-24 04:00:00,2025,1550,UP,3021.2,2999.36,1.5112304454716883,2025-03-24 20:00:00,-14.169999999999618,-0.6488095238095155,0.23846793748564574,0.40258812136767713,0.2898696058612165,0.05943857498133281,0.44902548214848603,0.23823375247880454,0.13990604212649047,0.04879915657428148,0,1,0
2025-03-24 08:00:00,2025,1550,UP,3022.44,3013.71,0.6049588185594581,2025-03-24 16:31:00,-8.730000000000018,-1.0,0.15991156836540124,0.3817138080475869,0.1698967162144225,0.025441425612921023,0.36262123692227305,0.15947494208161814,0.07427296040999597,0.020585518599813404,0,1,0
2025-03-24 12:00:00,2025,1550,UP,3023.81,3013.71,0.7000812474065757,2025-03-24 16:31:00,-10.099999999999909,-1.0,0.08750023515595283,0.45343621160392117,0.10176913792876949,0.4512527029950796,0.30499987461189804,0.08680628778452146,0.03547213510309664,0.010643224970008476,0,1,1
2025-03-24 16:00:00,2025,1550,UP,3022.73,3013.71,0.6252588515381876,2025-03-24 16:31:00,-9.019999999999982,-1.0,0.038783803551489006,0.4417535076199246,0.03763421535397202,0.39114753710463546,0.0999324671278506,0.03936764778734964,0.015015165843006209,0.004684863019547368,0,1,1
2025-03-24 20:00:00,2025,1551,DOWN,3007.03,3033.24,1.8141766550870766,2025-03-25 04:00:00,-4.929999999999836,-0.1880961465089628,0.4145445960768669,0.22729732137867034,0.6675752771416178,0.7274741290410548,0.74231451139883,0.41420866248409455,0.17447634897502673,0.10000148940484081,1,1,1
2025-03-25 00:00:05,2025,1551,DOWN,3010.94,3033.24,1.5449863535893973,2025-03-25 04:00:00,-1.0199999999999818,-0.04573991031390109,0.06623772018241468,0.13361955052727156,0.3009893451215087,0.43008368214420967,0.08684751208165799,0.0664123694207291,0.019549873870896968,0.010408848222812947,1,1,1
2025-03-25 04:00:00,2025,1552,UP,3011.96,3002.45,0.6610166270173106,2025-03-26 00:00:05,7.210000000000036,0.7581493165089244,0.526600873864392,0.4324225979706963,0.13735175744599842,0.33716899824455304,0.7039783759956542,0.5230215417556596,0.37730523799036486,0.22869783276125297,0,0,0
2025-03-25 08:00:00,2025,1552,UP,3018.47,3007.53,0.7606905514246816,2025-03-26 00:00:05,0.7000000000002728,0.06398537477150809,0.28485697437682994,0.43108188023874405,0.48465938463677594,0.135358301781452,0.6129153107957722,0.2833830853320912,0.13070341097729232,0.05156957078196563,0,1,0
2025-03-25 12:00:00,2025,1552,UP,3023.49,3010.52,0.9023240526796963,2025-03-26 00:00:05,-4.319999999999709,-0.3330763299922726,0.18235419748712717,0.44711809269722147,0.3660455320746055,0.5556627717011647,0.5464742257047258,0.17978621758282023,0.06027312413911329,0.018500879817964624,0,1,1
2025-03-25 16:00:00,2025,1552,UP,3029.37,3010.52,1.3103144221239942,2025-03-26 00:00:05,-10.199999999999818,-0.5411140583554306,0.0744890040655205,0.41537231854841145,0.2099145463396408,0.5007993881602143,0.30428364930029406,0.0753603235385799,0.015440737636329348,0.0036660748661564075,0,1,1
2025-03-25 20:00:00,2025,1552,UP,3022.81,3018.02,0.3325043268943392,2025-03-25 20:36:00,-4.789999999999964,-1.0,0.01741272538317593,0.3705274623793892,0.05579220588024134,0.31542748281321964,0.04368343458366282,0.017590657561157585,0.003696120436333265,0.0014400979342953952,0,1,1
2025-03-26 00:00:05,2025,1553,DOWN,3019.17,3036.0,1.1725258157229648,2025-03-26 04:00:00,-5.829999999999927,-0.3464052287581671,0.30548001654536217,0.26596659900669045,0.5556180478137923,0.5286768036807281,0.6386686479464273,0.31373516427387427,0.17270636387082478,0.1321951814703305,0,1,1
2025-03-26 04:00:00,2025,1554,UP,3025.0,3014.15,0.7574554364220639,2025-03-26 07:07:00,-10.849999999999909,-1.0,0.5962266853655919,0.462120303402962,0.20687032810978234,0.31640238157136047,0.7579259536011236,0.5912752119280991,0.4704513808005153,0.34775190749554713,0,0,1
2025-03-26 08:00:00,2025,1554,UP,3022.84,3010.52,0.860303410856873,2025-03-26 12:00:00,-4.430000000000291,-0.3595779220779409,0.2736318195156626,0.3644115271864105,0.4012066851969149,0.44381801182428005,0.474025251532872,0.2720475370719236,0.17434629001700888,0.08405275075018787,0,1,1
2025-03-26 12:00:00,2025,1555,DOWN,3018.41,3036.0,1.228182945470981,2025-03-27 00:00:05,-1.550000000000182,-0.08811824900512616,0.34599124873206094,0.23976311689715413,0.20068421467765932,0.3096960129484707,0.526017013756056,0.33223529450709893,0.11347491909138115,0.060281431291703866,0,0,0
2025-03-26 16:00:00,2025,1555,DOWN,3016.59,3030.37,0.9620991235679479,2025-03-27 00:00:05,-3.369999999999891,-0.24455732946298644,0.15045311941838838,0.13430475542859813,0.4511428543313632,0.5050549707707874,0.3343905511933322,0.1472436495320007,0.04326015517933165,0.012192509803073813,0,1,1
2025-03-26 20:00:00,2025,1555,DOWN,3018.72,3030.37,0.8149513030206664,2025-03-27 00:00:05,-1.2400000000002365,-0.10643776824036282,0.05368921277649465,0.1770877727097259,0.4086093247504406,0.5772882867677438,0.12193478385189067,0.05562272361072141,0.012727447039374524,0.005963069000966237,1,1,1
2025-03-27 00:00:05,2025,1556,UP,3019.96,3012.28,0.5389569181727139,2025-03-31 20:00:00,97.53999999999996,12.700520833333599,0.5454264752279245,0.434222794698864,0.15181183436044934,0.40914650008675374,0.7113801238199741,0.5530402481232771,0.4397741276954605,0.2972892110567705,0,0,0
2025-03-27 04:00:00,2025,1556,UP,3023.78,3012.28,0.8081250364107634,2025-03-31 20:00:00,93.7199999999998,8.149565217391286,0.2980268904402357,0.4828454650661267,0.5858898212213426,0.5568380111003441,0.6255783818420361,0.3003697961715372,0.18164443358951987,0.09392095972958094,0,1,1
2025-03-27 08:00:00,2025,1556,UP,3029.89,3012.28,1.2369833761586746,2025-03-31 20:00:00,87.61000000000013,4.975014196479373,0.22716232921961338,0.5907003971252961,0.3852969400738683,0.5570915163407241,0.48546857188224146,0.23041530493053564,0.06270816012762132,0.04189478108511276,1,1,1
2025-03-27 12:00:00,2025,1556,UP,3040.21,3026.55,0.9594388201740258,2025-03-31 20:00:00,77.28999999999996,5.658125915080585,0.15321792867072426,0.5521841045388073,0.2948774479505062,0.5900278801710671,0.48392781913896,0.14731668620553298,0.01962158135829035,0.007054292327719992,1,1,1
2025-03-27 16:00:00,2025,1556,UP,3040.96,3026.55,1.008856138636844,2025-03-31 20:00:00,76.53999999999996,5.311589174184645,0.029213888164543046,0.5923506174805963,0.06913404266514357,0.3598219461729234,0.17345130285559374,0.030717938760627082,0.0032785268560110267,0.00204271210861761,1,1,1
2025-03-27 20:00:00,2025,1556,UP,3053.03,3033.4,1.3717748680451485,2025-03-31 20:00:00,64.4699999999998,3.2842587875700175,0.022101936820041263,0.6459219747877546,0.06923125753129228,0.44889812770454285,0.15208981140191596,0.023067814728808696,0.0010568112039100784,0.0005659866781384224,1,1,1
2025-03-28 00:00:05,2025,1556,UP,3057.16,3033.4,1.666337328552194,2025-03-31 20:00:00,60.340000000000146,2.539562289562321,0.006291147265484895,0.6171571539124503,0.04687842732436305,0.4315337840456179,0.10642432200407036,0.0068560367919887144,0.0001745205073690991,6.200388264027965e-05,1,1,1
2025-03-28 04:00:00,2025,1556,UP,3074.21,3054.17,1.402358379285332,2025-03-31 20:00:00,43.289999999999964,2.160179640718565,0.0035492479678477335,0.6868331921045462,0.041265455013775834,0.560068939266137,0.21278327153579107,0.0036855120709698625,5.152253767151845e-05,1.7026445274255905e-05,1,1,1
2025-03-28 08:00:00,2025,1556,UP,3077.88,3054.17,1.660455789612426,2025-03-31 20:00:00,39.61999999999989,1.6710248840151762,0.0004567894390702128,0.5561296326441565,0.009372687764366058,0.33021755269493996,0.02905789827011799,0.0005119783252556968,5.119796670913254e-06,1.6072050079843138e-06,1,1,1
2025-03-28 12:00:01,2025,1556,UP,3073.0,3054.17,1.3157409891558047,2025-03-31 20:00:00,44.5,2.3632501327668707,8.805397382578542e-05,0.47716328511704187,0.0011190101555739107,0.08298627229969531,0.002869701904865734,9.635994959005491e-05,7.631899397161746e-07,2.4957937760518546e-07,1,1,1
2025-03-28 16:00:00,2025,1556,UP,3083.93,3065.85,1.2621694818218332,2025-03-31 20:00:00,33.570000000000164,1.856747787610636,0.0001018198329552132,0.5199099991936839,0.0010700451301066769,0.08332066020261981,0.00769444234939924,0.0001088696118828021,4.044508096977997e-07,7.698445540811579e-08,1,1,1
2025-03-28 20:00:00,2025,1556,UP,3077.65,3067.27,0.7231761078227497,2025-03-31 20:00:00,39.84999999999991,3.8391136801540933,2.500028078644094e-05,0.4570705400141688,0.00031049000569762804,0.028782197867062945,0.0023297860329165414,2.8349944195223603e-05,1.0200327420071968e-07,1.6726597627244963e-08,1,1,1
2025-03-31 01:00:05,2025,1556,UP,3086.77,3073.48,0.9266598782605125,2025-03-31 20:00:00,30.730000000000018,2.3122648607975997,2.4352367768336472e-05,0.4857520498439088,0.00030987260341162225,0.026550502235790672,0.0024245424038433316,2.746347792829073e-05,5.8750278307512555e-08,7.573829536216203e-09,1,1,1
2025-03-31 04:00:00,2025,1556,UP,3079.29,3073.48,0.40420705083788616,2025-03-31 20:00:00,38.210000000000036,6.576592082616247,4.303533354935615e-06,0.3731631983508654,4.46574241714296e-05,0.0064523675589432975,0.00014704578508844654,5.2960488310475384e-06,1.5961528903430673e-08,2.9815153114051597e-09,1,1,1
2025-03-31 08:00:00,2025,1556,UP,3113.61,3076.8,2.536692366600434,2025-03-31 20:00:00,3.8899999999998727,0.10567780494430531,1.2588263050858248e-05,0.6986899724214035,0.00013195028504781267,0.03547578570762523,0.003050222178071105,1.3604494673672793e-05,1.1262024236046916e-08,1.6071979747018018e-09,1,1,1
2025-03-31 12:00:00,2025,1556,UP,3122.47,3076.8,3.140422778269023,2025-03-31 20:00:00,-4.9699999999998,-0.10882417341799522,8.371372147344867e-07,0.514315792657421,3.581185518848386e-05,0.020672180078475925,0.0003691034786228567,9.365963184884811e-07,4.760353220833736e-10,4.8571945706606875e-11,1,1,1
2025-03-31 16:00:00,2025,1556,UP,3124.42,3111.8,0.8676950666894867,2025-03-31 16:32:00,-12.61999999999989,-1.0,1.7467676541675063e-07,0.40349340819325297,9.259596226429118e-06,0.00947445432418322,0.00011687676109499128,2.034227197904386e-07,9.245054516915727e-11,1.1187887707556092e-11,1,1,1
2025-03-31 20:00:00,2025,1557,DOWN,3117.5,3127.78,0.7033131112798885,2025-04-01 01:00:05,-5.789999999999964,-0.5632295719844213,0.1644326850792677,0.18029142575322601,1.4201074082405573e-06,0.0017604534023162837,0.1680670116576885,0.16417820108079392,0.05175873243456786,0.05471034471152692,0,0,0
2025-04-01 01:00:05,2025,1558,UP,3123.29,3099.64,1.6216095235204688,2025-04-01 16:00:00,9.970000000000255,0.42156448202960745,0.49694308852432,0.192221768257971,2.10393748599997e-06,0.0017846996725176829,0.644490682147371,0.5008216942798799,0.36826060718170156,0.15900009151982775,1,1,1
2025-04-01 04:00:00,2025,1558,UP,3127.39,3099.64,1.907547668432269,2025-04-01 16:00:00,5.870000000000346,0.211531531531544,0.428451919657046,0.5101998646914662,6.607460896073013e-07,0.0006497589465047052,0.7054528759057136,0.4222345937456436,0.3580596264947864,0.09192201349560582,1,1,1
2025-04-01 08:00:00,2025,1558,UP,3144.9,3120.05,1.7037742348871272,2025-04-01 16:00:00,-11.639999999999873,-0.46841046277665654,0.294891604540642,0.5648028762230911,6.45247132968037e-07,0.0011088377775146103,0.7972125108750634,0.298005544317505,0.17791034425914062,0.04597235159076464,1,1,1
2025-04-01 12:00:00,2025,1558,UP,3131.38,3120.05,0.7737536656139339,2025-04-01 16:00:00,1.8800000000001091,0.16593115622242904,0.035781139736766096,0.4238894755789923,4.7290405339379886e-08,0.0001355286092501514,0.151730988855047,0.035421325655339904,0.021551323802004047,0.005119161440090911,1,1,1
2025-04-01 16:00:00,2025,1559,DOWN,3133.26,3138.96,0.38976584796720615,2025-04-02 04:00:00,10.240000000000236,1.7964912280702743,0.23115899310060237,0.12429121777009915,0.24348419000678095,4.0552328293517175e-05,0.35034694089661167,0.2269522185516184,0.09753978735552886,0.05226791916018984,0,1,0
2025-04-01 20:00:00,2025,1559,DOWN,3106.59,3137.06,2.0665367860160435,2025-04-02 04:00:00,-16.429999999999836,-0.5392189038398406,0.24334020498917688,0.25738414775420404,0.5959081454297738,0.8746460795124774,0.5870716444376993,0.24252245216527482,0.05259250245543903,0.01993505306722444,0,1,1
2025-04-02 01:00:05,2025,1559,DOWN,3113.69,3137.06,1.5848658075945161,2025-04-02 04:00:00,-9.329999999999927,-0.3992297817715007,0.018650825085397678,0.12459463268424686,0.09724396224372614,0.445281184643964,0.048302798683543605,0.017580319646925052,0.002717620052657787,0.0009239981187644272,0,1,1
2025-04-02 04:00:00,2025,1560,UP,3123.02,3107.46,1.0546390623491055,2025-04-02 23:14:00,-15.559999999999945,-1.0,0.6008406600735108,0.46163444836472023,0.02406365866848195,0.29516542185402206,0.8580030004022294,0.5869182839957979,0.340493740590355,0.16805841316937378,1,0,0
2025-04-02 08:00:00,2025,1560,UP,3116.4,3107.46,0.6047074658471109,2025-04-02 23:14:00,-8.940000000000055,-1.0,0.14803071180205893,0.32863407198494193,0.32741783000339963,0.3774454449390982,0.23791502732017436,0.1574820245806206,0.12703695536276455,0.10920172892759732,1,1,1
2025-04-02 12:00:00,2025,1560,UP,3131.56,3109.75,1.4701678010929935,2025-04-02 23:14:00,-21.809999999999945,-1.0,0.24854769918198238,0.4079356974293536,0.46340350981282485,0.6650205637668059,0.4617180883749755,0.24393358000474777,0.07883437211520625,0.030050182064018723,1,1,1
2025-04-02 16:00:00,2025,1560,UP,3122.66,3110.09,0.8452369857644579,2025-04-02 23:13:00,-12.569999999999709,-1.0,0.05023579670998408,0.3152224165721351,0.12218444552937305,0.3705868714089491,0.20929766706378272,0.05039339436082445,0.016522054620331555,0.0037756139933249415,1,1,1
2025-04-02 20:00:00,2025,1560,UP,3131.52,3110.09,1.4395320315030746,2025-04-02 23:13:00,-21.429999999999836,-1.0,0.054460900434531355,0.3953212884768019,0.15846337667913243,0.4711274243418663,0.2169268551709993,0.05594046612587575,0.01201363879293994,0.002279244815434498,1,1,1
2025-04-03 01:00:05,2025,1560,UP,3141.23,3100.78,2.6938291309102005,2025-04-03 12:00:00,-12.190000000000055,-0.3013597033374564,0.018196037463955324,0.4018884161413308,0.03726695609215575,0.3038057118519661,0.07890510794879196,0.018021340802730556,0.0016783718840527263,0.00023802250555416231,1,1,1
2025-04-03 04:00:00,2025,1560,UP,3151.67,3104.76,3.090082689091016,2025-04-03 12:00:00,-22.63000000000011,-0.48241313152846255,0.008967399445115595,0.48181641333293673,0.048471125953759235,0.5664679160371857,0.05204051558275738,0.009155484830269685,0.0006013530871976329,0.00016470386080101381,1,1,1
2025-04-03 08:00:00,2025,1560,UP,3140.73,3104.76,2.3619346470284466,2025-04-03 12:00:00,-11.690000000000055,-0.3249930497636953,0.0006802807128359035,0.42519934842752916,0.005304891689336205,0.20446447102640603,0.003048604221645009,0.0007078792885622343,4.5651268435337916e-05,1.5229001985647931e-05,1,1,1
2025-04-03 12:00:00,2025,1561,DOWN,3129.04,3167.78,2.535194334991753,2025-04-04 01:00:06,12.840000000000146,0.33144037170882984,0.22713970094112051,0.18680617620926684,0.5514324730636462,0.6857697044727812,0.45559408979890215,0.23222833131590148,0.07878562100330065,0.049770117915255034,0,1,1
2025-04-03 20:00:00,2025,1561,DOWN,3107.51,3135.61,1.762998772557299,2025-04-04 01:00:06,-8.6899999999996,-0.3092526690391327,0.0009599590427459979,0.10495762979731592,0.05578057893428184,0.3094916393765327,0.016636798257855516,0.0010303063712594166,8.824971443868111e-05,0.00027955872464288385,1,1,1
2025-04-04 01:00:06,2025,1562,UP,3116.2,3100.05,1.0118319998618994,2025-04-04 05:37:00,-16.149999999999636,-1.0,0.43759671151851925,0.24235830861941296,0.4575144476338338,0.1589851778853478,0.7030254386516045,0.4312412048472097,0.30487915893387413,0.15055292543861035,0,1,0
2025-04-04 04:00:00,2025,1562,UP,3110.74,3100.05,0.6709987762135601,2025-04-04 05:37:00,-10.6899999999996,-1.0,0.17676655462133373,0.31240682451866536,0.212682677852716,0.16885930065340574,0.35437965084107326,0.17056350302887502,0.12848893685142157,0.044823061126449355,0,1,0
2025-04-04 08:00:00,2025,1563,DOWN,3099.93,3120.02,1.2554314699629394,2025-04-04 14:07:00,-20.090000000000146,-1.0,0.20200315721118214,0.11564436619355199,0.41766525642455304,0.16850923887467995,0.36749099183609557,0.19670206054515035,0.06807914848473867,0.04138825918970135,1,1,1
2025-04-04 12:00:00,2025,1563,DOWN,3084.14,3109.89,1.6005544457976424,2025-04-04 13:32:00,-25.75,-1.0,0.1360966940104923,0.11709228875170169,0.4271045256078979,0.20804335101900107,0.3804898306282087,0.13545596350005962,0.024900822698937914,0.009761812791522734,1,1,1
2025-04-07 04:00:00,2025,1563,DOWN,2978.92,3040.92,3.6454782905002445,2025-04-07 04:39:00,-62.0,-1.0,0.0002590704863002319,0.2642572703288747,0.007237478882998186,0.031857520112353654,0.03229519462121602,0.00027958195809226746,1.6609287302623669e-06,4.155157075485531e-06,1,1,1
2025-04-07 08:00:00,2025,1564,UP,3035.6,2970.32,3.7563904544482685,2025-04-07 19:58:00,-65.27999999999975,-1.0,0.5376776215054414,0.5669565725861557,0.0001656729466485385,0.0014801844698056994,0.7389809540171057,0.5494105871105831,0.16087383295761407,0.12493503727022527,0,0,0
2025-04-07 12:00:00,2025,1564,UP,3031.6,2970.32,3.510684991395762,2025-04-07 19:58:00,-61.279999999999745,-1.0,0.03998649582803262,0.4296140098754682,0.3943202732645776,0.0019935213566912927,0.24700746416264657,0.04113121617493079,0.009708673622330008,0.0063163461307460715,0,1,0
2025-04-07 16:00:00,2025,1564,UP,3031.4,3013.34,1.0301243056734504,2025-04-07 16:35:00,-18.059999999999945,-1.0,0.01964981172844667,0.33035304340054034,0.17336138473859536,0.0009598121452019557,0.10644102088292831,0.020388566772866344,0.005290262405984526,0.0016916738658053218,0,1,0
2025-04-07 20:00:00,2025,1565,DOWN,2970.89,3038.0,3.7676332485595174,2025-04-08 04:00:00,-14.670000000000073,-0.21859633437639764,0.4605213956159523,0.20398262165216893,0.5706111343209757,0.004128950143628332,0.8325635040612258,0.45022371095105157,0.09534493083393614,0.034830907016418056,1,1,1
2025-04-08 01:00:05,2025,1565,DOWN,2981.18,3038.0,3.1779693144434016,2025-04-08 04:00:00,-4.380000000000109,-0.07708553326293728,0.007576582999243182,0.11867002971097937,0.16933135497776947,0.00037207518626128144,0.04863084809941502,0.007635379202861413,0.0020895317306286686,0.0019566411745753427,1,1,1
2025-04-08 04:00:00,2025,1566,UP,2985.56,2956.2,1.644074841892759,2025-04-08 20:00:00,0.4800000000000182,0.016348773841962403,0.5188739778780674,0.335921793093882,0.03206364862466041,0.00010253798915751672,0.6905378319950668,0.5271957292216458,0.3022333938411743,0.14997705448285095,0,0,0
2025-04-08 08:00:00,2025,1566,UP,3002.14,2956.2,2.569787084354581,2025-04-08 20:00:00,-16.09999999999991,-0.3504571179799715,0.38842090960705833,0.4341495753096459,0.5050861072591193,5.7656651455922876e-05,0.5609241231068729,0.3871156165025589,0.18830736173313453,0.050158273452971004,0,1,0
2025-04-08 12:00:00,2025,1566,UP,3007.56,2990.88,0.9335451746505135,2025-04-08 19:35:00,-16.679999999999836,-1.0,0.13532600772273096,0.506731246271233,0.2503984447267438,0.31668582740023915,0.43254966670206596,0.13675768429875484,0.08250008811279422,0.022085541908415947,0,1,1
2025-04-08 16:00:00,2025,1566,UP,3002.78,2994.78,0.4467859619441272,2025-04-08 19:06:00,-8.0,-1.0,0.032927377200578166,0.44931578947290085,0.10947283450368574,0.4018930708498084,0.11878253937112865,0.032601085928842755,0.015424336943210354,0.004000769406693282,0,1,1
2025-04-08 20:00:00,2025,1567,DOWN,2986.04,3022.64,2.031211763589079,2025-04-09 08:00:00,-26.51000000000022,-0.7243169398907181,0.29573912524872453,0.1677109393510358,0.5230272914389993,0.7194099209250846,0.7306788482516446,0.29008749497330727,0.07333782289707175,0.029220584121064732,1,1,1
2025-04-09 01:00:05,2025,1567,DOWN,2983.05,3022.64,2.1973384380278835,2025-04-09 08:00:00,-29.5,-0.7451376610255173,0.07464677636355596,0.13564393043741724,0.25847125907699553,0.517616456479164,0.2281494367939448,0.07783767248700754,0.01907430694166166,0.010087351178966576,1,1,1
2025-04-09 04:00:00,2025,1567,DOWN,2980.32,3022.64,2.346766639028887,2025-04-09 08:00:00,-32.23000000000002,-0.7615784499054877,0.022487759363262,0.15261438967525484,0.09150410763259104,0.2939470336463933,0.05310536463210267,0.022060328848140145,0.0035311270153611436,0.0013387409597489222,1,1,1
2025-04-09 08:00:00,2025,1568,UP,3012.55,2970.01,2.341891469848011,2025-04-14 04:00:00,208.44999999999982,4.900094029149036,0.6717469911641819,0.6210631458641168,0.5335550893195772,0.579450469374349,0.954200004800815,0.6722491863192094,0.4616069944172224,0.30262707438501263,0,1,1
2025-04-09 12:00:00,2025,1568,UP,3044.23,2999.66,2.4322407315631183,2025-04-14 04:00:00,176.76999999999998,3.9661207089970683,0.2041867270108885,0.5966637111403708,0.5036621943697948,0.8323086550626497,0.8851244805309817,0.21005333997953807,0.05190950738645833,0.039880704940284756,0,1,1
2025-04-09 16:00:00,2025,1568,UP,3047.58,2999.66,2.6003316916455543,2025-04-14 04:00:00,173.42000000000007,3.61894824707846,0.008175722894179619,0.4546010391181629,0.1755267646321182,0.8424123382302141,0.16220612107615107,0.008206795059228698,0.00126713810352709,0.0035213926455404444,1,1,1
2025-04-09 20:00:00,2025,1568,UP,3092.57,3035.98,3.044103489749538,2025-04-14 04:00:00,128.42999999999984,2.269482240678556,0.008745704307510175,0.4930964801359957,0.20667446914436383,0.9395780568010107,0.41045988902913044,0.00935314498048411,0.0003484868898423109,0.00048381844763539875,1,1,1
2025-04-10 01:00:05,2025,1568,UP,3084.6,3048.64,1.9157795577006416,2025-04-14 04:00:00,136.4000000000001,3.7931034482758608,0.00027031467557233247,0.24327520055370253,0.03308897847479986,0.7911291073932366,0.06480948217646706,0.00029919044624121825,6.4440300274067565e-06,5.354122330387115e-06,1,1,1
2025-04-10 04:00:00,2025,1568,UP,3097.36,3048.64,2.586821462543004,2025-04-14 04:00:00,123.63999999999987,2.5377668308702632,0.00016640430209615271,0.38943627984400686,0.02258261314270541,0.6952386850459784,0.09441552663659493,0.0001844457484120013,2.0621191659381615e-06,1.5892989636537838e-06,1,1,1
2025-04-10 08:00:00,2025,1568,UP,3125.57,3078.48,2.475061282025343,2025-04-14 04:00:00,95.42999999999984,2.026544913994469,7.282136702546042e-05,0.37239266284275907,0.01079332823765213,0.6687272985562711,0.08015344170743499,8.22504562743303e-05,4.808789753446633e-07,3.077824589342378e-07,1,1,1
2025-04-10 12:00:00,2025,1568,UP,3105.32,3078.48,1.4070991753658784,2025-04-14 04:00:00,115.67999999999984,4.309985096870314,2.748791924139793e-06,0.1948248331427453,0.0007272453489240949,0.1440827963731318,0.0009876332551270967,3.27876699354896e-06,3.063037220115999e-08,3.748412673915193e-08,1,1,1
2025-04-10 16:00:00,2025,1568,UP,3123.35,3103.32,1.0466690062528325,2025-04-14 04:00:00,97.65000000000009,4.87518721917131,5.626244895488301e-06,0.27171461159076304,0.001155327680070237,0.18881247403434057,0.003956683410714948,6.917092662870778e-06,2.837108445336013e-08,2.433595515016546e-08,1,1,1
2025-04-10 20:00:00,2025,1568,UP,3158.65,3103.32,2.8583358850010088,2025-04-14 04:00:00,62.34999999999991,1.1268751129586119,3.366112710741257e-06,0.39474644802092895,0.0006353535031131033,0.2166378728967153,0.007996475018453656,4.201618097585907e-06,4.647428309231631e-09,3.411478605267379e-09,1,1,1
2025-04-11 01:00:05,2025,1568,UP,3176.09,3151.52,1.2672759457724074,2025-04-14 04:00:00,44.909999999999854,1.8278388278388098,5.84590803019953e-07,0.27059362830587885,0.00023613260794454546,0.11642332720529473,0.003845791252177352,7.27019641595502e-07,6.00044024240608e-10,4.124064315847109e-10,1,1,1
2025-04-11 04:00:00,2025,1568,UP,3205.64,3151.52,2.772983241752934,2025-04-14 04:00:00,15.360000000000127,0.2838137472283843,8.054258754547144e-08,0.2644930548589686,0.00018836643042121734,0.20807303282243259,0.0013765466991487473,1.0918728666264664e-07,3.396667042574182e-11,2.9116325477289634e-11,1,1,1
2025-04-11 08:00:00,2025,1568,UP,3208.66,3151.52,2.928218557497085,2025-04-14 04:00:00,12.340000000000146,0.21596079803990503,6.793561765563319e-09,0.19248355107888845,2.0914510154783154e-05,0.04187980063457514,9.64122943596663e-05,9.372408538096734e-09,1.9970811737479734e-12,1.8512655824560266e-12,1,1,1
2025-04-11 12:00:00,2025,1568,UP,3216.13,3187.16,1.47590294039071,2025-04-14 04:00:00,4.869999999999891,0.1681049361408301,2.750362365508439e-09,0.1695654752676846,8.036574635682796e-06,0.018708555642114502,0.00011773664554375989,3.896730159195771e-09,4.539573359010834e-13,3.240209978006228e-13,1,1,1
2025-04-11 16:00:00,2025,1568,UP,3233.89,3187.16,2.3753230032152413,2025-04-14 04:00:00,-12.889999999999873,-0.2758399315215037,1.2539156264919609e-09,0.16926228234568383,3.0574250803504273e-06,0.006438201522708235,0.0001092385328630895,1.7766683049719292e-09,9.41334301441817e-14,4.3812195251260933e-14,1,1,1
2025-04-11 20:00:00,2025,1568,UP,3223.57,3187.16,1.8475942570510584,2025-04-14 04:00:00,-2.5700000000001637,-0.07058500411975122,1.4356180476319282e-10,0.13237073233347596,6.552209817733078e-07,0.0015637216101046895,8.625841862266457e-06,2.1268365522607167e-10,1.234113333714618e-14,8.259072077333594e-15,1,1,1
2025-04-14 01:00:05,2025,1568,UP,3228.25,3219.74,0.4323112216891018,2025-04-14 01:00:00,-8.510000000000218,-1.0,2.007443390525474e-10,0.15898106121603672,3.760247910691953e-07,0.0007420679257756391,2.682847777414413e-05,2.9089724223036825e-10,1.1128117181920176e-14,6.556995671055144e-15,1,1,1
2025-04-14 04:00:00,2025,1569,DOWN,3221.0,3239.02,0.9131459088801123,2025-04-14 04:39:00,-18.019999999999982,-1.0,0.14134401813751263,0.13232753664607985,0.37429069448360874,2.4634346045032898e-05,0.1199451294422709,0.1469016657689201,0.06139890659231405,0.062395001834771244,0,1,0
2025-04-14 08:00:00,2025,1570,UP,3227.57,3215.36,0.6169000273203252,2025-04-14 13:20:00,-12.210000000000036,-1.0,0.35076614455191363,0.12279697896764306,0.5807736413334841,6.535590692524043e-05,0.5064511460360244,0.35643018277941607,0.30622834951577216,0.17336514202621192,1,1,1
2025-04-14 12:00:00,2025,1570,UP,3227.15,3215.36,0.5953744769953558,2025-04-14 13:20:00,-11.789999999999964,-1.0,0.4386882320295595,0.49177242586180975,0.3679537957634295,2.2578457082892385e-05,0.7171154217401539,0.42741712443453805,0.6356772962579106,0.19228704555798207,1,1,1
2025-04-14 16:00:00,2025,1571,DOWN,3206.75,3238.11,1.5786088483083591,2025-04-15 01:00:05,-5.309999999999945,-0.16932397959183432,0.1728791994749025,0.1647404456820827,0.5446839728272752,0.6585009426723528,0.34748604121980614,0.16624323090823162,0.051679338350006356,0.03512264277540557,0,1,1
2025-04-14 20:00:00,2025,1571,DOWN,3207.57,3227.65,1.0101729857175294,2025-04-15 01:00:05,-4.489999999999782,-0.22360557768923298,0.032223156433916725,0.09737734366534587,0.3838522995061648,0.5870116009032622,0.057831768289855826,0.03249811300291947,0.008782254733698943,0.005986053504305417,0,1,1
2025-04-15 01:00:05,2025,1572,UP,3212.06,3193.65,0.9274031607545229,2025-04-15 16:00:00,9.389999999999873,0.5100488864747391,0.5290158488684047,0.16117897823467267,0.11919299501345623,0.34874157891592683,0.6160478104890951,0.5369104474624394,0.37975613729270263,0.16048365007926618,0,0,0
2025-04-15 04:00:00,2025,1572,UP,3212.09,3193.65,0.9327362781260493,2025-04-15 16:00:00,9.359999999999673,0.5075921908893517,0.510852061788702,0.5297996835188472,0.43358468697930386,0.15737225632303609,0.7665678513057631,0.5157975338926692,0.6905602322736005,0.21581917609558884,0,1,0
2025-04-15 08:00:00,2025,1572,UP,3232.04,3210.05,1.1114286100858883,2025-04-15 16:00:00,-10.590000000000146,-0.4815825375170646,0.5173625299241893,0.6138784115708196,0.4992591972384926,0.6763424816888965,0.8908688807728582,0.5237645967279893,0.5816115497078789,0.12538762183942082,0,1,1
2025-04-15 12:00:00,2025,1572,UP,3227.83,3210.05,0.8999020641238116,2025-04-15 16:00:00,-6.380000000000109,-0.3588301462317323,0.1670843350833424,0.49429229033409366,0.1726992456572482,0.5513606560456864,0.5410806013299105,0.1625009522612376,0.16619365883890713,0.014707202913224618,0,1,1
2025-04-15 16:00:00,2025,1573,DOWN,3221.45,3232.12,0.5406456395144731,2025-04-15 23:02:00,-10.670000000000073,-1.0,0.3200412980281597,0.21109231596515285,0.05221041850585947,0.33722934165496227,0.42579371591157966,0.31902760655524803,0.12711180967924987,0.08800523255552117,0,0,0
2025-04-15 20:00:00,2025,1573,DOWN,3221.47,3226.92,0.2764927371983615,2025-04-15 20:37:00,-5.450000000000273,-1.0,0.12509162115532985,0.16934124909770562,0.3706816454840598,0.14548010955271803,0.20304662944139265,0.12174831578344394,0.04454832232547182,0.024861241576848925,0,1,0
2025-04-16 01:00:05,2025,1574,UP,3231.25,3211.59,0.9992425650619123,2025-04-17 08:00:00,110.21000000000004,5.605798575788446,0.534921744245652,0.3889326235291887,0.6184150744061825,0.320108445679962,0.7254264904704015,0.5322147184484226,0.4460223196236137,0.3186152102268678,1,1,1
2025-04-16 04:00:00,2025,1574,UP,3264.65,3211.59,2.6824868340940857,2025-04-17 08:00:00,76.80999999999995,1.4476064832265365,0.41780628419762667,0.645368790439743,0.7134796151232377,0.6212189675108345,0.8905123462262835,0.40922085887752924,0.14326163801341527,0.08451257652079303,1,1,1
2025-04-16 08:00:00,2025,1574,UP,3283.9,3211.59,3.643619239716902,2025-04-17 08:00:00,57.559999999999945,0.796017148388881,0.0782028932299957,0.4776764030732557,0.38285555933980814,0.5453936562826396,0.5012931098260367,0.07862441657156215,0.010019682564705026,0.004168336178958468,1,1,1
2025-04-16 20:00:00,2025,1574,UP,3327.49,3293.21,1.7125064103323424,2025-04-17 08:00:00,13.970000000000255,0.40752625437573975,0.000676151121288147,0.2897816572329031,0.03567870946865109,0.3173939826451952,0.07447816294326845,0.0007464775597371663,1.759666235276672e-05,7.864770648460107e-06,1,1,1
2025-04-17 01:00:05,2025,1574,UP,3343.98,3293.21,2.5372085933405977,2025-04-17 08:00:00,-2.519999999999982,-0.04963561158164236,0.00016695745561755822,0.32321812614078743,0.016122875187191438,0.1904158155960056,0.05117678891184035,0.0001907343619191849,2.5463208317119608e-06,1.0585662891354045e-06,1,1,1
2025-04-17 04:00:00,2025,1574,UP,3345.57,3293.21,2.6198978437207905,2025-04-17 08:00:00,-4.110000000000127,-0.07849503437738956,2.205500055296085e-05,0.23634610465595707,0.0031225419571149883,0.07059888496342513,0.003540585139838912,2.8044023282051916e-05,3.252338948770613e-07,1.8792306549692488e-07,1,1,1
2025-04-17 08:00:00,2025,1575,DOWN,3341.46,3356.19,0.7338892578603522,2025-04-21 01:00:05,7.829999999999927,0.5315682281059008,0.18648177923952744,0.1668917410784837,0.0006047349106204403,0.02169615383738164,0.3041513721967951,0.1858185352785672,0.053509713568918954,0.041744964068173955,0,0,0
2025-04-17 12:00:00,2025,1575,DOWN,3324.16,3345.39,1.0540497672152542,2025-04-21 01:00:05,-9.470000000000255,-0.44606688648140586,0.10049769482932544,0.17901965864416708,0.4249113247658568,0.000600909071244076,0.22889238257487476,0.10469570765108967,0.02210984774340168,0.011936706695348406,0,1,0
2025-04-17 16:00:00,2025,1575,DOWN,3328.41,3345.39,0.8427091411589588,2025-04-21 01:00:05,-5.220000000000255,-0.3074204946996613,0.02454569687068939,0.1413689528618231,0.1907730669296722,0.0008409326031442131,0.06962702329875226,0.02453366678749427,0.0037462755995530624,0.001430066718495579,0,1,0
2025-04-17 20:00:00,2025,1575,DOWN,3316.21,3342.17,1.2785116297820576,2025-04-21 01:00:05,-17.420000000000073,-0.6710323574730374,0.009446303242594644,0.1662542719263191,0.155720685762732,0.6168495586964838,0.027699734679352266,0.009593460967762053,0.0013028530962022253,0.0006968543323413558,0,1,1
2025-04-21 01:00:05,2025,1576,UP,3333.63,3283.92,2.44991499232524,2025-04-22 16:00:00,97.67999999999984,1.9649969824984865,0.5722401963436956,0.32132202615207656,0.016267408076469644,0.44861145418244047,0.7497075329801687,0.5810829796563255,0.320000399023181,0.13437510726281862,1,0,1
2025-04-21 04:00:00,2025,1576,UP,3368.96,3310.95,2.8402940588916215,2025-04-22 16:00:00,62.34999999999991,1.0748146871229043,0.4961395172178036,0.5912300671733717,0.8519723103463821,0.8807706931010029,0.9190354825692135,0.49372505081500023,0.23050020251617237,0.09334775222567782,1,1,1
2025-04-21 08:00:01,2025,1576,UP,3376.5,3310.95,3.211594907904033,2025-04-22 16:00:00,54.809999999999945,0.8361556064073195,0.058033449122180454,0.4221898369819094,0.4379111155933295,0.7667286822962402,0.31708135556582034,0.05871500007715597,0.015134593309810963,0.006174075489820286,1,1,1
2025-04-21 12:00:00,2025,1576,UP,3392.98,3369.52,1.1494943953915537,2025-04-22 16:00:00,38.32999999999993,1.6338448422847343,0.019428020340278816,0.3849091876113082,0.276043348173654,0.7684382002684476,0.29828225476848963,0.020219206931256,0.0037598455667208867,0.001964534297149606,1,1,1
2025-04-21 16:00:00,2025,1576,UP,3415.03,3369.52,2.2245357894897517,2025-04-22 16:00:00,16.279999999999745,0.35772357723576503,0.0053319962197411995,0.36472707914459124,0.19989390944417587,0.7964342617983929,0.2800645098695094,0.005763000435386245,0.0003692541019521981,0.00011854834260811305,1,1,1
2025-04-21 20:00:00,2025,1576,UP,3414.76,3386.45,1.3820887890847173,2025-04-22 16:00:00,16.549999999999727,0.584599081596591,0.0004900716513851883,0.24383116103148358,0.03807247000721137,0.5297599485698891,0.0322742605579121,0.0005535532306839226,3.184543023647828e-05,1.308363235108949e-05,1,1,1
2025-04-22 01:00:05,2025,1576,UP,3424.49,3406.05,0.8992649666686832,2025-04-22 16:00:00,6.820000000000164,0.3698481561822295,0.00027434718350156115,0.2717839285685565,0.01877106330709858,0.36415922334024425,0.03524433513392349,0.000305804787178776,9.960420809982942e-06,3.5201094814306633e-06,1,1,1
2025-04-22 04:00:00,2025,1576,UP,3425.67,3406.05,0.9537804751699304,2025-04-22 16:00:00,5.639999999999873,0.2874617737003009,6.695763993257094e-05,0.23258285447756655,0.004881439294742954,0.1461575199121921,0.010382416823590104,7.901275477970106e-05,1.915175305916702e-06,6.092953360007176e-07,1,1,1
2025-04-22 08:00:00,2025,1576,UP,3484.7,3412.13,3.47844559827318,2025-04-22 16:00:00,-53.38999999999987,-0.7357034587295037,8.434295595044117e-05,0.3569716073196582,0.009246072034978348,0.4665583047043188,0.03885626216050191,9.541374943345497e-05,5.665176845834603e-07,1.5753713168824573e-07,1,1,1
2025-04-22 12:00:00,2025,1576,UP,3444.24,3412.13,1.5245203216298457,2025-04-22 16:00:00,-12.929999999999836,-0.4026782933665515,7.076594643961157e-07,0.1573059249649301,0.00024712109777526563,0.03891172906512853,0.00027114934773572903,8.51747269253988e-07,1.0300958421277157e-08,4.641930052972118e-09,1,1,1
2025-04-22 16:00:00,2025,1577,DOWN,3431.31,3499.99,3.2411574958306817,2025-04-24 04:00:00,99.4699999999998,1.448311007571346,0.1699328361843201,0.17789885140102607,0.3886378434070691,0.0018942438547416421,0.48869210338089436,0.1648604501246935,0.028103060182003453,0.010081035364622659,0,1,0
2025-04-23 08:00:00,2025,1577,DOWN,3346.52,3386.49,1.810048514284068,2025-04-24 04:00:00,14.679999999999836,0.3672754565924421,0.0003390980576784114,0.09490654710645793,0.0060810960890666475,0.1456417614426496,0.011313313458779894,0.0003679838956645533,1.07656164153714e-05,3.2950375599088526e-06,0,1,1
2025-04-23 12:00:00,2025,1577,DOWN,3321.53,3386.49,2.9156278903743504,2025-04-24 04:00:00,-10.309999999999945,-0.1587130541871923,9.181373151797319e-05,0.0998400383160962,0.0024279294238417665,0.10044652498358587,0.010469021034180065,0.00010529726268897636,1.8420585004928316e-06,3.112005333835459e-07,0,1,1
2025-04-23 16:00:00,2025,1577,DOWN,3310.73,3340.57,1.3367550691717327,2025-04-24 04:00:00,-21.110000000000127,-0.7074396782841831,2.6808568488254347e-05,0.07026720265776049,0.0007173947246665684,0.03225148793941618,0.008095476673568143,3.065546490054789e-05,3.304475177692239e-07,3.466754813134032e-08,0,1,1
2025-04-23 20:00:00,2025,1577,DOWN,3295.03,3340.57,2.024322062601578,2025-04-24 04:00:00,-36.809999999999945,-0.8083003952569164,3.997535021735668e-06,0.07679239601388857,0.0003081826489594364,0.02169683572248782,0.0021620097354494417,4.855025208426955e-06,3.83546876575805e-08,8.801026681717789e-09,0,1,1
2025-04-24 01:00:05,2025,1577,DOWN,3288.16,3305.8,0.7838878868536993,2025-04-24 01:03:00,-17.640000000000327,-1.0,1.412083944108179e-06,0.06573874713193809,9.946497577888926e-05,0.007012794004083974,0.000999725089418039,1.7973113614197804e-06,1.1032585550895045e-08,2.511828995403497e-09,0,1,1
2025-04-24 04:00:00,2025,1578,UP,3331.84,3260.12,3.1647567877183773,2025-04-24 20:00:00,-0.2899999999999636,-0.004043502509759657,0.5185593934828769,0.4782641917282336,0.673401895442916,0.0019249354069245759,0.7974264624122861,0.5213474610030017,0.2709607873261717,0.15839878366080956,0,1,0
2025-04-24 08:00:00,2025,1578,UP,3326.38,3260.12,2.9067325113902585,2025-04-24 20:00:00,5.170000000000073,0.07802595834591089,0.04840735795847095,0.3581639507230718,0.16394497309759007,0.2535398044185417,0.09372772032108496,0.04999972678262069,0.02973281138201766,0.03361753951656862,0,1,1
2025-04-24 12:00:00,2025,1578,UP,3336.32,3314.75,0.9452974585505287,2025-04-24 16:50:00,-21.570000000000164,-1.0,0.03616915986540749,0.2965404677134287,0.10039831291053095,0.4126537738328084,0.15147803952755384,0.036386338664470885,0.0103382099315653,0.006938859923429815,0,1,1
2025-04-24 16:00:00,2025,1578,UP,3336.06,3314.75,0.934728756443637,2025-04-24 16:50:00,-21.309999999999945,-1.0,0.016736794142613216,0.26962435371717886,0.04656763419496008,0.3243958125533615,0.09207325925114057,0.017768020177059127,0.00370358819172774,0.0005566166324644443,0,1,1
2025-04-24 20:00:00,2025,1579,DOWN,3331.55,3344.7,0.5758560414621419,2025-04-24 22:50:00,-13.149999999999636,-1.0,0.13657751998672366,0.1291516162692776,0.4101726449942016,0.4651930470718326,0.1485502436019582,0.1374604162569875,0.06467994893821576,0.062180971167910506,0,1,1
2025-04-25 01:00:05,2025,1580,UP,3351.43,3306.66,1.961948752422442,2025-04-25 08:00:00,-26.58999999999969,-0.5939245030154054,0.5703972808213678,0.39473387666970033,0.6566405801070989,0.6397339809902197,0.8339922976224018,0.5720247357128161,0.43319638999140425,0.2366535104243915,0,1,1
2025-04-25 04:00:00,2025,1580,UP,3357.75,3306.66,2.2383037850804524,2025-04-25 08:00:00,-32.909999999999854,-0.6441573693482043,0.19337954370100882,0.4909843796086867,0.3896035107386954,0.5873820229922508,0.581403336842356,0.19052757055598205,0.11527229474463906,0.13352874878369222,1,1,1
2025-04-25 08:00:00,2025,1581,DOWN,3324.84,3370.81,2.002351022380729,2025-04-28 01:00:05,-1.319999999999709,-0.02871437894278257,0.3798519220974338,0.11122180132001519,0.6157810472641803,0.7721612341232977,0.6901930104341386,0.38275464606607523,0.12255831564916897,0.05087653871801278,0,1,1
2025-04-25 12:00:00,2025,1581,DOWN,3303.88,3370.81,2.903026946614353,2025-04-28 01:00:05,-22.279999999999745,-0.33288510383982967,0.13607068704840752,0.2773357889010943,0.2721383520447558,0.5955538142146122,0.4946898994557358,0.1349604299478739,0.04631237030313327,0.018337304972734877,0,1,1
2025-04-25 16:00:00,2025,1581,DOWN,3292.63,3370.81,3.3928372875716506,2025-04-28 01:00:05,-33.529999999999745,-0.4288820670248122,0.03709015890012759,0.261264676005082,0.10264427723724812,0.30829703767528405,0.2112723706931453,0.036415077381355535,0.006606090635256673,0.0019980507953083707,0,1,1
2025-04-25 20:00:00,2025,1581,DOWN,3285.49,3370.81,3.698553223421356,2025-04-28 01:00:05,-40.67000000000007,-0.4766760431317393,0.006494023593631194,0.2417898181090628,0.036656331870366494,0.17501376977433303,0.05523953513706385,0.006874378015504906,0.0008465943270285338,0.00028783764013848604,0,1,1
2025-04-28 01:00:05,2025,1582,UP,3326.16,3265.15,2.63577040839518,2025-04-28 08:00:00,-27.170000000000073,-0.4453368300278672,0.585078781884719,0.49636987519660747,0.6333339973611948,0.03551122892971582,0.9086850795837764,0.5881146331875808,0.32451500385057425,0.14058583349120107,0,1,0
2025-04-28 04:00:00,2025,1582,UP,3314.3,3265.15,2.115879026242376,2025-04-28 08:00:00,-15.3100000000004,-0.3114954221770167,0.10055168163185904,0.33414391928265413,0.2603930106028791,0.34944182818877545,0.2299895461645993,0.10165955931464597,0.04364594496955408,0.022397946994029947,0,1,1
2025-04-28 08:00:00,2025,1583,DOWN,3298.99,3336.58,1.6089880678329604,2025-04-28 19:13:00,-37.590000000000146,-1.0,0.16157813529663545,0.15853911630750353,0.3560810994918493,0.4852228686484157,0.32649584839599477,0.16503601802116724,0.06400446474113193,0.04971799846464649,0,1,1
2025-04-28 12:00:01,2025,1583,DOWN,3282.67,3300.95,0.7824506367693214,2025-04-28 15:27:00,-18.279999999999745,-1.0,0.10657705962389288,0.166781255667269,0.25324718262923973,0.40326570299580417,0.3204343026769338,0.10761348000818503,0.027043098808688187,0.011680727295786742,0,1,1
2025-04-28 16:00:00,2025,1583,DOWN,3295.94,3336.58,1.7371535077420062,2025-04-28 19:13:00,-40.63999999999987,-1.0,0.015569460474998796,0.12526269155668482,0.06989137246505951,0.15673371124589636,0.04348843346205274,0.015335613199717846,0.0032720946445549287,0.001012284210889351,0,1,1
2025-04-28 20:00:00,2025,1584,UP,3336.81,3273.1,2.7047002902701984,2025-04-29 08:00:00,-27.610000000000127,-0.4333699576204695,0.6855008888744268,0.5174505648336228,0.6870626872816212,0.7591508800484964,0.9242237881627823,0.6779071655343074,0.47654370787397315,0.29266413905859545,1,1,1
2025-04-29 01:00:05,2025,1584,UP,3345.16,3273.1,3.061897313760345,2025-04-29 08:00:00,-35.960000000000036,-0.4990285872883717,0.15558530646792168,0.43112159092736846,0.41289477384481676,0.7151422675298515,0.477240519096423,0.15364462659136116,0.06795713316753639,0.04037300950171378,1,1,1
2025-04-29 04:00:00,2025,1584,UP,3330.0,3273.1,2.419341978688863,2025-04-29 08:00:00,-20.800000000000182,-0.3655536028119534,0.024581266297167524,0.2764403040155025,0.082409779098264,0.4399633773856492,0.0368560275687243,0.022788202753970532,0.007204675767047735,0.004041823052570137,1,1,1
2025-04-29 08:00:00,2025,1585,DOWN,3309.2,3352.89,1.853350660383932,2025-04-29 20:00:00,-19.730000000000018,-0.45159075303273044,0.3315019198625339,0.20649553623636654,0.6254677866711374,0.7209333324737449,0.7130841549550563,0.3352370206072047,0.10688173316692096,0.05215034010875554,0,1,1
2025-04-29 12:00:00,2025,1585,DOWN,3311.8,3352.89,1.744608904971916,2025-04-29 20:00:00,-17.129999999999654,-0.41688975419809643,0.08924964383047103,0.1559921812954324,0.3654257086140873,0.508897139440986,0.1952867127947544,0.08725948081717422,0.022412111053462826,0.010698573797150909,0,1,1
2025-04-29 16:00:00,2025,1585,DOWN,3312.73,3324.84,0.5151501561156275,2025-04-29 19:39:00,-12.110000000000127,-1.0,0.034867585484936715,0.14175085615914795,0.2291719201350453,0.4447210111450587,0.07145449654950443,0.03539600883741568,0.009431174909656588,0.006225281499764853,0,1,1
2025-04-29 20:00:00,2025,1586,UP,3328.93,3299.64,1.243971519506604,2025-04-30 04:00:00,-15.86999999999989,-0.5418231478320216,0.5753485218341297,0.385478850813615,0.5838853207097714,0.6465406602112832,0.8688248907064854,0.5797487773946394,0.399481194395011,0.21235713818185967,1,1,1
2025-04-30 01:00:12,2025,1586,UP,3315.17,3299.64,0.6606879427379589,2025-04-30 04:00:00,-2.1100000000001273,-0.1358660656793368,0.20597031807814223,0.29478256047107654,0.28643157260335483,0.49218849152454297,0.34412156471727695,0.20184692273604207,0.1351163819904571,0.07083971772406471,1,1,1
2025-04-30 04:00:00,2025,1587,DOWN,3313.06,3329.96,0.7200667118766974,2025-04-30 20:00:00,2.1100000000001273,0.12485207100592402,0.27699244103413473,0.17572560053963132,0.45678138029991244,0.47209153699626744,0.5055593321182893,0.2731942822094421,0.11015327020914195,0.06166204242584245,0,1,1
2025-04-30 08:00:00,2025,1587,DOWN,3307.95,3328.05,0.8568366370708008,2025-04-30 20:00:00,-3.0,-0.14925373134328088,0.14524302958267196,0.18147379365937016,0.30538353291441267,0.40078300792011207,0.3111591290235202,0.14538906913056399,0.043026678312040496,0.02209931882607037,0,1,1
2025-04-30 12:00:00,2025,1587,DOWN,3284.4,3314.62,1.284918534278397,2025-04-30 16:36:00,-30.2199999999998,-1.0,0.10252614118671124,0.24424866287316846,0.21462217015141097,0.43378078835118833,0.34353660271243913,0.09935979100106775,0.014732272293962675,0.008036354899324685,0,1,1
2025-04-30 16:00:00,2025,1587,DOWN,3298.65,3314.62,0.6767281880043864,2025-04-30 16:36:00,-15.9699999999998,-1.0,0.013172121418297022,0.18168262054883486,0.05377332683165009,0.2077767785663078,0.03014762552429835,0.01307187105921699,0.001806307406184562,0.0016354103844759369,1,1,1
2025-04-30 20:00:00,2025,1588,UP,3310.95,3266.86,1.8669008959725555,2025-05-01 01:00:05,-24.179999999999836,-0.5484236788387391,0.5032682509522207,0.38643264654602894,0.5035160126558957,0.43765170762655603,0.7593601664356502,0.5088134903906371,0.3452070345937046,0.1817449678096492,0,1,1
2025-05-01 01:00:05,2025,1589,DOWN,3286.77,3319.74,1.393810017328557,2025-05-02 01:00:05,47.460000000000036,1.4394904458598825,0.3228120720838708,0.1627176168135234,0.6188454025168284,0.6859027892657986,0.532540455919018,0.32685316489667315,0.10551172735421212,0.0585794682423137,1,1,1
2025-05-01 04:00:00,2025,1589,DOWN,3246.22,3319.74,3.0898754836348035,2025-05-02 01:00:05,6.9099999999998545,0.09398803046789793,0.2117951904660151,0.3596864812328961,0.49673324857788487,0.7588487671890737,0.6833236787559855,0.2123619596091542,0.01769467055799329,0.011910944222443029,1,1,1
2025-05-01 08:00:00,2025,1589,DOWN,3226.69,3319.74,3.904726270542278,2025-05-02 01:00:05,-12.61999999999989,-0.1356260075228364,0.027204028490556757,0.2734305256526547,0.20495488443674256,0.5067147345765183,0.19328643535377002,0.027568206161664548,0.001084671209580769,0.0006461611437587065,1,1,1
2025-05-01 12:00:00,2025,1589,DOWN,3235.08,3243.18,0.34022835594126527,2025-05-02 01:00:05,-4.230000000000018,-0.5222222222222304,0.00329427062939574,0.15643138987401392,0.026840719644900497,0.11378717376801509,0.03325389923177558,0.003354170996074468,0.000184158416911941,0.00017555477488440983,1,1,1
2025-05-01 16:00:00,2025,1589,DOWN,3226.64,3243.18,0.6930426426686255,2025-05-02 01:00:05,-12.670000000000073,-0.7660217654171766,0.0013670609509939258,0.20273683091580658,0.012852003430430074,0.09156092781929831,0.017342666590942947,0.0014563950537309304,4.211530810881742e-05,5.348818762952629e-05,1,1,1
2025-05-01 20:00:00,2025,1589,DOWN,3219.55,3233.25,0.5734505266218116,2025-05-01 23:10:00,-13.699999999999818,-1.0,0.000753308218487969,0.19330069975702746,0.006234856976254245,0.05414789127623601,0.01606303609079422,0.0008229807257387004,1.3453458222430463e-05,1.0815908882864687e-05,1,1,1
2025-05-02 01:00:05,2025,1590,UP,3239.31,3204.94,1.4366282272588602,2025-05-02 20:00:00,-14.320000000000164,-0.41664242071574653,0.5871640842654888,0.452372727769219,0.000742808457243061,0.017975044520695312,0.7734735027823,0.5887989834584536,0.3569371687858746,0.21298092202180444,0,0,0
2025-05-02 04:00:00,2025,1590,UP,3231.5,3204.94,1.1119925851205044,2025-05-02 20:00:00,-6.510000000000218,-0.2451054216867557,0.16806643439537117,0.3557464899279126,0.404633858980003,0.01799906215624563,0.2781056749380655,0.1675487425278121,0.10584848195874592,0.06220825732276895,0,1,0
2025-05-02 08:00:00,2025,1590,UP,3251.78,3227.43,1.018590687854481,2025-05-02 19:01:00,-24.350000000000364,-1.0,0.16756762498136252,0.4430314092515793,0.3852042913751297,0.5282794326324827,0.39055852636817656,0.1652929837732236,0.07072007364903321,0.04175331585756025,0,1,1
2025-05-02 12:00:00,2025,1590,UP,3258.32,3246.4,0.4994426645632589,2025-05-02 16:01:00,-11.920000000000073,-1.0,0.05602643617421004,0.37613658607999384,0.19640883845464274,0.4410490181211412,0.2333974271433843,0.056646588787992384,0.01775158913268112,0.007639951959900318,0,1,1
2025-05-02 16:00:00,2025,1590,UP,3250.5,3246.4,0.17198138832439755,2025-05-02 16:01:00,-4.099999999999909,-1.0,0.012034285789843027,0.3075652777291401,0.06145581420754854,0.3207828178888434,0.03442667384529022,0.012225873835642236,0.0034532229013875537,0.0016439539753470135,0,1,1
2025-05-02 20:00:00,2025,1591,DOWN,3224.99,3269.26,1.8492611846033633,2025-05-05 04:00:00,-21.91000000000031,-0.49491755138920474,0.3798691215733991,0.13821316843493575,0.6498818770703088,0.7843793862084946,0.6810739456185446,0.3798560743974507,0.11778597428009904,0.04663964278792339,1,1,1
2025-05-05 01:00:05,2025,1591,DOWN,3239.13,3269.26,1.2604342069766308,2025-05-05 04:00:00,-7.769999999999982,-0.2578825091271143,0.057692245847537654,0.14821094708092,0.2769326190318307,0.4545069866457416,0.10537814538445887,0.055390224353014474,0.021236401993177313,0.010023950279289909,1,1,1
2025-05-05 04:00:00,2025,1592,UP,3246.9,3222.75,1.012378529467211,2025-05-07 04:00:00,132.40999999999985,5.482815734989622,0.49027147656930437,0.41187822888185727,0.544456783558003,0.47491776099619853,0.7877654620148651,0.4883826850516971,0.3592561228496964,0.20786481306729884,0,1,1
2025-05-05 08:00:00,2025,1592,UP,3256.65,3222.75,1.4204460288582437,2025-05-07 04:00:00,122.65999999999985,3.6182890855457086,0.25838863777723925,0.47574852245731764,0.2969905236736953,0.38462182759523966,0.5017651287039655,0.2642309950837539,0.15411945156020135,0.1513849651148662,0,1,1
2025-05-05 12:00:00,2025,1592,UP,3282.83,3222.75,2.5144925503607003,2025-05-07 04:00:00,96.48000000000002,1.6058588548601886,0.20374083201757046,0.5701785961570753,0.3825790545726638,0.6381583153426198,0.6985453775637224,0.20336241661693938,0.046931894477754914,0.024676538512996837,0,1,1
2025-05-05 20:00:00,2025,1592,UP,3309.85,3222.75,3.632218739971115,2025-05-07 04:00:00,69.46000000000004,0.7974741676234226,0.004412863709843494,0.4082415047326074,0.033197741689091585,0.4559959295945584,0.029264413147164298,0.004280932004129314,0.00027116505735419775,0.00013882678250441984,1,1,1
2025-05-06 01:00:05,2025,1592,UP,3336.53,3305.59,1.2889010796659934,2025-05-07 04:00:00,42.779999999999745,1.382676147382019,0.0046680116907668896,0.5041185686684826,0.05083047278576475,0.6308413970717042,0.15223441950490574,0.0049990570410271985,0.00018618165988775064,0.00012799518022894903,1,1,1
2025-05-06 04:00:00,2025,1592,UP,3329.78,3305.59,1.00979010299561,2025-05-07 04:00:00,49.529999999999745,2.0475403059115185,0.0008002713234029035,0.3626910395108846,0.007158471051029555,0.22285688333035833,0.027281955414844693,0.0007986697225507002,2.0789686892264243e-05,8.91797630290521e-06,1,1,1
2025-05-06 08:00:00,2025,1592,UP,3363.34,3322.73,1.682165663408938,2025-05-07 04:00:00,15.9699999999998,0.3932528933760096,0.00035111044497617897,0.4432623620294796,0.004728344442745817,0.3258731750974413,0.02977862312094309,0.0003940521595571243,4.225800126188171e-06,6.360795678703891e-06,1,1,1
2025-05-06 12:00:00,2025,1592,UP,3377.39,3350.19,1.124419123703005,2025-05-07 04:00:00,1.9200000000000728,0.0705882352941208,0.00010108175920221503,0.43247722921962645,0.0031171842754298554,0.2697333060062768,0.031061075253805612,0.00011211737502268958,7.245170124002543e-07,7.43908783156944e-07,1,1,1
2025-05-06 16:00:00,2025,1592,UP,3391.43,3350.19,1.7060952669358505,2025-05-07 04:00:00,-12.11999999999989,-0.2938894277400571,3.0387103978556738e-05,0.4130794351471006,0.001065590336982077,0.14092054805530005,0.014383929771587563,3.4010793611411594e-05,1.1436414534384417e-07,7.88614703365981e-08,1,1,1
2025-05-06 20:00:00,2025,1592,UP,3409.1,3373.2,1.4820367292126277,2025-05-07 03:40:00,-35.90000000000009,-1.0,1.0060354677409731e-05,0.3922236760317179,0.0005905437176257217,0.11865412404413703,0.008676756708125333,1.19105938785672e-05,2.4036984057631692e-08,1.4649591308813643e-08,1,1,1
2025-05-07 01:00:05,2025,1592,UP,3438.27,3373.2,2.6841891459430354,2025-05-07 03:40:00,-65.07000000000016,-1.0,2.4917555900449436e-06,0.4084019510906591,0.00033349317680672955,0.09933285405918922,0.003303801389326738,2.9791187005585048e-06,2.9183715669564244e-09,1.526236971829604e-09,1,1,1
2025-05-07 04:00:00,2025,1593,DOWN,3379.31,3437.81,2.3842136818710764,2025-05-07 16:00:00,-11.710000000000036,-0.20017094017094078,0.37339083889061425,0.19172428773006633,7.3212350779125064e-06,0.0026430565966619273,0.5955291221730534,0.38773319998052974,0.08711648706781405,0.05533513773810969,0,0,0
2025-05-07 08:00:01,2025,1593,DOWN,3382.1,3437.81,2.2658448204787995,2025-05-07 16:00:00,-8.920000000000073,-0.16011488063184467,0.03687379030450664,0.11586415985919643,0.4627398406674214,0.00022621891004468645,0.09590630005690927,0.0359497525296373,0.008500190473131991,0.005248583771809993,0,1,0
2025-05-07 12:00:00,2025,1593,DOWN,3382.75,3437.81,2.2421624091281296,2025-05-07 16:00:00,-8.269999999999982,-0.15019978205593879,0.013971232083574169,0.15019868710517115,0.2597167790445133,0.0004206323173822598,0.06008461235240944,0.014079451611449348,0.001942934109726002,0.0005922409101966609,0,1,0
2025-05-07 16:00:00,2025,1594,UP,3391.02,3369.23,0.8873393196749428,2025-05-07 22:15:00,-21.789999999999964,-1.0,0.5350866667097355,0.4036174055019119,0.090158955674189,0.00037387837347635023,0.6609792452779545,0.5288697078241239,0.34330968673411877,0.22331477544254422,1,0,1
2025-05-07 20:00:00,2025,1594,UP,3387.06,3375.79,0.45917494393815783,2025-05-07 22:11:00,-11.269999999999982,-1.0,0.2352804219084324,0.3408894827499737,0.46216785936149524,0.0004244428755192305,0.43969141067537604,0.23173902308031818,0.14199111179429807,0.07354776043892176,1,1,1
2025-05-08 01:00:05,2025,1595,DOWN,3365.71,3397.96,1.3110703671894515,2025-05-08 04:49:00,-32.25,-1.0,0.3921680738655066,0.16220311470017262,0.603780533273934,0.6642431693005815,0.6760054383823909,0.3929228560948399,0.15365251040787187,0.07568730271679726,0,1,1
2025-05-08 04:00:00,2025,1595,DOWN,3380.45,3397.96,0.71213572054621,2025-05-08 04:49:00,-17.51000000000022,-1.0,0.07162266128670469,0.1305506008242056,0.18203138389767357,0.2969759692764754,0.11035053505563337,0.06757069280415565,0.02534954646391228,0.009817794901745246,0,1,1
2025-05-08 08:00:00,2025,1596,UP,3382.26,3363.66,0.7545819665374178,2025-05-08 08:53:00,-18.600000000000364,-1.0,0.3209582934557449,0.3497581481017383,0.42014719457236294,0.47909340221055574,0.40141523209620167,0.3230786835602201,0.281438977997838,0.2634210989223492,1,1,1
2025-05-08 12:00:00,2025,1597,DOWN,3339.33,3414.73,3.0320128512040725,2025-05-09 04:00:00,17.009999999999764,0.2255968169761239,0.24636551238138577,0.1760384633754589,0.5665155138553515,0.7669764006107014,0.5469633137173401,0.24263311501891016,0.06286242648375191,0.034646213481394746,1,1,1
2025-05-08 16:00:00,2025,1597,DOWN,3356.09,3414.73,2.3562784670538752,2025-05-09 04:00:00,33.76999999999998,0.5758867667121428,0.017440925286681012,0.11757043113179963,0.19866413330241778,0.38659818406153734,0.026012190244634692,0.01653312176673248,0.004301684912717198,0.0029479737283036496,1,1,1
2025-05-08 20:00:00,2025,1597,DOWN,3310.19,3369.59,2.3655287739484323,2025-05-09 04:00:00,-12.13000000000011,-0.20420875420875573,0.042010846919230224,0.16714354490080574,0.2832438285024858,0.5937827762779728,0.20537805659746944,0.04118117284401285,0.0033803516782414393,0.0010946794409473423,1,1,1
2025-05-09 01:00:05,2025,1597,DOWN,3306.64,3369.59,2.5084184045179048,2025-05-09 04:00:00,-15.680000000000291,-0.249086576648137,0.003231808830292911,0.11505483861223766,0.05828914906010891,0.24444578330727265,0.025856738011280182,0.0033493634377727184,0.0002633968645615266,9.406770001245059e-05,1,1,1
2025-05-09 04:00:00,2025,1598,UP,3322.32,3288.76,1.33934822188028,2025-05-09 04:37:00,-33.559999999999945,-1.0,0.5957076762087193,0.39567898129918067,0.008438405759830615,0.07607507550347997,0.8125792391804684,0.6017521812915803,0.3731705309830363,0.18887414472401862,0,0,0
2025-05-09 08:00:00,2025,1599,DOWN,3324.69,3369.59,1.7809660612476061,2025-05-09 12:00:00,-4.049999999999727,-0.09020044543429218,0.06307680235376335,0.09534852356297736,0.004996755435530224,0.046710094075705276,0.039522846381704724,0.06292312689730276,0.025022186949161876,0.026629650471822034,1,1,1
2025-05-09 12:00:00,2025,1600,UP,3328.74,3274.69,2.146712783240141,2025-05-12 01:00:13,-32.79999999999973,-0.606845513413504,0.4128407344483528,0.2740926849892094,0.4443172469646958,0.03303627124726516,0.563390425933815,0.4114960533238963,0.2515682034713127,0.09817324005107715,0,1,0
2025-05-09 16:00:00,2025,1600,UP,3333.71,3274.69,2.3486977008228296,2025-05-12 01:00:13,-37.76999999999998,-0.639952558454761,0.23804754386929605,0.40443487188594335,0.3214323760585519,0.4354888981612063,0.3575147982283881,0.2338028982169061,0.12647589415804933,0.04543583638892894,0,1,1
2025-05-09 20:00:00,2025,1600,UP,3336.92,3320.28,0.6618848190379065,2025-05-12 01:00:13,-40.98000000000002,-2.4627403846154046,0.12292102858351654,0.404170931694057,0.1550822959459231,0.3667613083299261,0.2970747864697087,0.12317476472620342,0.0701554906839435,0.02818152280270323,0,1,1
2025-05-12 01:00:13,2025,1601,DOWN,3295.94,3347.48,2.053350859051761,2025-05-13 04:00:00,55.84999999999991,1.0836243694218073,0.37596664358818294,0.16402873211395452,0.02612852557518773,0.4721075857856086,0.5115124230466265,0.37604006334404005,0.10150047251752206,0.044528902721888565,1,0,1
2025-05-12 04:00:00,2025,1601,DOWN,3278.72,3347.48,2.7179967165646945,2025-05-13 04:00:00,38.629999999999654,0.5618091913903364,0.15191707436154614,0.24431837858259964,0.6544174634316973,0.7323385741632483,0.371781311158961,0.15706336324168027,0.03645646620369638,0.022851307897852054,1,1,1
2025-05-12 08:00:00,2025,1601,DOWN,3278.82,3347.48,2.713667238458858,2025-05-13 04:00:00,38.73000000000002,0.5640838916399665,0.017197323950234544,0.15274003676023942,0.19257248517697753,0.2550679568413252,0.0443819730046606,0.017948010470403574,0.0021155901617225395,0.001100778636260732,1,1,1
2025-05-12 12:00:00,2025,1601,DOWN,3231.29,3284.73,2.0936663715231862,2025-05-13 04:00:00,-8.800000000000182,-0.16467065868263797,0.014268075019063173,0.24162582973365682,0.22107158215065928,0.4980246405415643,0.22124500882599085,0.014721117176448537,0.0006108046947040634,0.0003041554652218976,1,1,1
2025-05-12 16:00:00,2025,1601,DOWN,3233.75,3284.73,1.9968039973081584,2025-05-13 04:00:00,-6.3400000000001455,-0.12436249509611894,0.0007793509450540718,0.14723882878389846,0.024582804943934503,0.08190835457586026,0.015647031688088512,0.000835047049879938,3.094818437551762e-05,1.7165637077484224e-05,1,1,1
2025-05-12 20:00:00,2025,1601,DOWN,3224.16,3248.62,0.9580774971494941,2025-05-13 04:00:00,-15.930000000000291,-0.651267375306634,0.0004426746436374195,0.150103855788751,0.009395439397736814,0.04172866918884012,0.02644571295002319,0.000468475793875624,7.725547584324851e-06,2.6384854081861717e-06,1,1,1
2025-05-13 01:00:05,2025,1601,DOWN,3237.69,3248.62,0.42877947685242923,2025-05-13 04:00:00,-2.400000000000091,-0.21957913998171336,8.669792327888607e-05,0.083629411476985,0.002749249790474113,0.014895069735104054,0.00504697103472056,9.915680838418464e-05,1.7477243166633415e-06,4.3175333911731615e-07,1,1,1
2025-05-13 04:00:00,2025,1602,UP,3240.09,3220.34,0.7768010057218361,2025-05-13 04:35:00,-19.75,-1.0,0.46116314340090897,0.37589596739174974,0.5408232323536367,0.00763647419120925,0.609517214844482,0.45317872900657397,0.35634933208602876,0.23403860098836737,0,1,0
2025-05-13 08:00:00,2025,1602,UP,3252.83,3215.8,1.4525439396848414,2025-05-13 16:00:00,-11.239999999999782,-0.30353767215770616,0.28738827146489104,0.35719103936269436,0.2988327874941776,0.005210082378038761,0.5269704013094197,0.28127104470245445,0.10690765160690684,0.03642017028133558,0,1,0
2025-05-13 12:00:00,2025,1602,UP,3255.73,3215.8,1.568775995291509,2025-05-13 16:00:00,-14.139999999999873,-0.3541197094916086,0.09621530086722771,0.3656154447172165,0.12157780866216321,0.3822248353852315,0.21110960416950927,0.09848647904618929,0.037965617692700245,0.01818489219578986,0,1,1
2025-05-13 16:00:00,2025,1603,DOWN,3241.59,3265.52,0.941024689425088,2025-05-14 01:00:05,-8.349999999999909,-0.348934391976597,0.4059159600215983,0.1487104621682372,0.025097546502871233,0.43990999722869056,0.6146866851284439,0.4090380093441291,0.142326513276298,0.07070018118826997,1,0,1
2025-05-13 20:00:00,2025,1603,DOWN,3250.92,3258.59,0.30116546507373776,2025-05-14 01:00:05,0.9800000000000182,0.12777053455019674,0.10547056719411832,0.16337904895927607,0.3431633095218886,0.4357115346893907,0.203655075693629,0.10421918490065765,0.049932744146274334,0.02027453043374305,1,1,1
2025-05-14 01:00:05,2025,1604,UP,3249.94,3225.46,0.9638948018851731,2025-05-14 04:00:00,-6.1599999999998545,-0.25163398692809846,0.4648533004321134,0.36615193318749745,0.45421781167276865,0.4137196213015788,0.612510689424098,0.4524474350959301,0.360921970507225,0.22241068676925305,0,1,1
2025-05-14 04:00:00,2025,1605,DOWN,3243.78,3257.73,0.5503493778091647,2025-05-15 16:00:00,54.76999999999998,3.926164874552021,0.3115816958324308,0.1703356575007325,0.5706291071417144,0.5894114624416275,0.5186156940549808,0.3123251917469,0.13010869899392305,0.08096037469940354,1,1,1
2025-05-14 08:00:00,2025,1605,DOWN,3223.96,3257.04,1.3039368747180249,2025-05-15 16:00:00,34.94999999999982,1.0565296251511456,0.2481731444598213,0.21022507132541596,0.44038637882589954,0.5829493011868658,0.5466529130066853,0.24595480474290568,0.04640940717564273,0.020172114619038655,1,1,1
2025-05-14 12:00:00,2025,1605,DOWN,3232.58,3257.04,0.9648239829768867,2025-05-15 16:00:00,43.56999999999971,1.78127555192149,0.06089861942074942,0.1699170538216793,0.13654464947643932,0.2633420778312311,0.12023973296191937,0.0596573716295777,0.010637166235707667,0.005025987858333983,1,1,1
2025-05-14 16:00:00,2025,1605,DOWN,3184.79,3243.81,2.3129941998688044,2025-05-15 16:00:00,-4.220000000000255,-0.07150118603863531,0.07738435836228184,0.4133515017765965,0.2001115692976002,0.5699470731227145,0.5273880072098261,0.07455260637424892,0.003031638526445214,0.005361744170910556,1,1,1
2025-05-14 20:00:00,2025,1605,DOWN,3188.47,3239.15,1.986589295145861,2025-05-15 16:00:00,-0.5400000000004184,-0.010655090765596197,0.005212285789446846,0.23853937548029905,0.04369242761296931,0.2246894264445827,0.05075341448849906,0.005505765900812093,0.00021540642737544316,0.0004426341611908772,1,1,1
2025-05-15 01:00:05,2025,1605,DOWN,3176.56,3239.15,2.4550126499937073,2025-05-15 16:00:00,-12.450000000000273,-0.19891356446717118,0.002279314783334263,0.3036528793826221,0.011969126075997606,0.07972966776221249,0.02376899413686081,0.0022009540908395626,4.772626714865219e-05,9.059183318953742e-05,1,1,1
2025-05-15 04:00:00,2025,1605,DOWN,3187.72,3239.15,2.0235350854078193,2025-05-15 16:00:00,-1.2900000000004184,-0.02508263659343595,0.0005349881376848614,0.20118317495596424,0.0029097641147522945,0.02872599432241273,0.004570345685677763,0.0005325759582268337,8.216973325680808e-06,1.1103811949228975e-05,1,1,1
2025-05-15 08:00:00,2025,1605,DOWN,3138.55,3192.64,2.1135469057618814,2025-05-15 16:00:00,-50.460000000000036,-0.932889628397122,0.0011882175640883022,0.35639048816581576,0.004767955344603687,0.0940353338153062,0.06601170764481473,0.0012152914302631691,7.714687241357554e-06,6.866774647831438e-06,1,1,1
2025-05-15 12:00:00,2025,1605,DOWN,3162.54,3192.64,1.1715792488666388,2025-05-15 16:00:00,-26.470000000000255,-0.8794019933554929,3.829010093679698e-05,0.18524505299963323,0.000521439301970671,0.014345634515987048,0.0013153231563235888,4.08219229874967e-05,4.0416403495639084e-07,5.857321732543297e-07,1,1,1
2025-05-15 16:00:00,2025,1606,UP,3189.01,3120.69,2.656450487522846,2025-05-16 08:00:00,30.529999999999745,0.4468676814988242,0.6565891827127371,0.35318393330526693,0.6140783987685802,0.0070342166606465785,0.9255273755809368,0.6582503081357561,0.4439149780025753,0.17888217915956783,0,1,0
2025-05-15 20:00:00,2025,1606,UP,3222.73,3120.69,3.9573934555849766,2025-05-16 08:00:00,-3.1900000000000546,-0.03126225009800133,0.40868865474331356,0.5602405432349239,0.552815622652224,0.7405826787841245,0.8641918003450059,0.4096524203732813,0.18954425630858335,0.06456448205442958,0,1,1
2025-05-16 08:00:00,2025,1607,DOWN,3219.54,3252.0,1.2575485319586897,2025-05-19 01:00:05,-1.1700000000000728,-0.036044362292053954,0.3157270995293274,0.22969118075202677,0.012185338584617659,0.23262638398810317,0.5765541202128441,0.32307136629293903,0.09620392671478672,0.0593594573760622,0,0,0
2025-05-16 12:00:00,2025,1607,DOWN,3207.36,3231.22,0.9224186410339243,2025-05-19 01:00:05,-13.349999999999909,-0.5595138306789644,0.09441511281469726,0.17161402321405206,0.5947163908417757,0.6873136925116791,0.2999503276819883,0.0952988842917994,0.02070048679165867,0.00979905964955725,0,1,1
2025-05-16 16:00:00,2025,1607,DOWN,3177.49,3231.22,2.062636372560559,2025-05-19 01:00:05,-43.220000000000255,-0.8043923320305274,0.03194873624247387,0.20640732121724725,0.37647235402273393,0.6588539572569044,0.16272290173699971,0.031892554819679966,0.003645947279409334,0.0016969942878507919,0,1,1
2025-05-16 20:00:00,2025,1607,DOWN,3189.35,3231.22,1.6080774974908503,2025-05-19 01:00:05,-31.360000000000127,-0.7489849534272799,0.0033152533300996197,0.14234839321613094,0.07736383507610098,0.2233332279200298,0.012783917977982116,0.003370647581656571,0.0003767647109786831,0.0002063846634887769,0,1,1
2025-05-19 01:00:05,2025,1608,UP,3220.71,3154.19,2.5584521792497816,2025-05-19 20:00:00,11.039999999999964,0.16596512327119614,0.4416787155842651,0.3877189019553722,0.5761127997879274,0.07862914033333106,0.7152960406655426,0.4464265767212146,0.2229788643528358,0.08258579911552354,0,1,0
2025-05-19 04:00:00,2025,1608,UP,3246.59,3154.19,3.5374386178028026,2025-05-19 20:00:00,-14.840000000000146,-0.16060606060606203,0.3396868719278569,0.5261040355830576,0.548334526491205,0.7825071440136314,0.7015436084247377,0.33777087953747664,0.12340730512215525,0.05781473637376189,0,1,1
2025-05-19 08:00:00,2025,1608,UP,3216.09,3154.19,2.362782583458888,2025-05-19 20:00:00,15.659999999999854,0.2529886914378002,0.021441261800318547,0.29294185577661724,0.06596682943563807,0.41927718551968246,0.04949478968367345,0.020485380465072082,0.005878805181350849,0.0028067726838789677,0,1,1
2025-05-19 12:00:00,2025,1608,UP,3244.7,3206.66,1.4508720799215329,2025-05-19 20:00:00,-12.949999999999818,-0.34043112513143614,0.043923500256725895,0.39968134369343755,0.1785211793855708,0.6604985198563889,0.2978002079527271,0.04464979991339956,0.008883534948507785,0.003100513369191868,0,1,1
2025-05-19 16:00:00,2025,1608,UP,3229.59,3206.66,0.8757888512143402,2025-05-19 20:00:00,2.1599999999998545,0.09419973833405264,0.006455236134981894,0.2521118959682329,0.028346973530513117,0.2668940946473137,0.032408699093904016,0.006730299931452071,0.0014995025845132546,0.00047897764516004155,0,1,1
2025-05-19 20:00:00,2025,1609,DOWN,3231.75,3248.46,0.6384594196949197,2025-05-20 12:00:00,-4.2800000000002,-0.25613405146619933,0.17220812559443463,0.1743387906282831,0.33688964349481415,0.08612017195015818,0.3663540546015398,0.17280094311523955,0.06791055793468154,0.04202328739276906,0,1,0
2025-05-20 01:00:05,2025,1609,DOWN,3230.75,3248.46,0.678927702282374,2025-05-20 12:00:00,-5.2800000000002,-0.2981366459627436,0.11887912800502276,0.19950151040023253,0.4156985850644561,0.13071682519539052,0.15111283755094415,0.11817396610890438,0.026027685975308364,0.013564791752655,0,0,0
2025-05-20 04:00:00,2025,1609,DOWN,3222.66,3235.82,0.5055133074051731,2025-05-20 11:59:00,-13.16000000000031,-1.0,0.060769996450063,0.18977042227697732,0.6382506623311547,0.6074311793982987,0.14818541654583384,0.06359630358161503,0.01306091922645426,0.006348649830026679,0,1,1
2025-05-20 08:00:00,2025,1609,DOWN,3217.26,3232.7,0.5928293363230787,2025-05-20 11:55:00,-15.4399999999996,-1.0,0.027709037878213716,0.20140512003657712,0.3069671239349176,0.3650957636295355,0.0778813513073159,0.02712930355637813,0.0040106781758719795,0.0015459337425109004,0,1,1
2025-05-20 12:00:00,2025,1610,UP,3236.03,3204.57,1.2074013743999183,2025-05-21 16:00:00,66.55999999999995,2.1157024793388386,0.5461062469760647,0.3909910238076868,0.6005743645672118,0.6125643020786422,0.8163713733649487,0.5436911547490405,0.3947540258769938,0.23510495997420675,0,1,1
2025-05-20 16:00:00,2025,1610,UP,3243.05,3207.96,1.348403390076976,2025-05-21 16:00:00,59.539999999999964,1.696779709318886,0.3429397766308113,0.5206778216952088,0.4752802307079513,0.6392105214550822,0.7087397220212258,0.354035842320634,0.1600567658224225,0.07712174493700318,1,1,1
2025-05-20 20:00:00,2025,1610,UP,3279.04,3232.81,1.7663341276128217,2025-05-21 16:00:00,23.550000000000182,0.5094094743672977,0.25745831467681907,0.6791894921943532,0.3090576716756753,0.7277375612268109,0.8021954521764456,0.2509930493503622,0.046227108962426836,0.037680590983040066,1,1,1
2025-05-21 01:00:05,2025,1610,UP,3291.02,3232.81,2.228219103116494,2025-05-21 16:00:00,11.570000000000164,0.19876309912386456,0.045400006657195874,0.62160620533271,0.17335797421535382,0.6953215638900699,0.43065182635142407,0.04638000701337862,0.005116017325658231,0.0039054474381665983,1,1,1
2025-05-21 04:00:00,2025,1610,UP,3303.67,3232.81,2.7184743851242614,2025-05-21 16:00:00,-1.0799999999999272,-0.0152413209144782,0.013531574560247743,0.5349523766029064,0.07220290305912999,0.6131261749431138,0.14981100200230818,0.014249590784973183,0.0007086344820976702,0.0003700495059382811,1,1,1
2025-05-21 08:00:00,2025,1610,UP,3302.23,3285.38,0.6459884695943741,2025-05-21 16:00:00,0.36000000000012733,0.02136498516321242,0.003113089066191019,0.4317175064729486,0.01893304801755183,0.3950456454068716,0.07603227712731044,0.00321811691035076,0.0001377360536848839,6.859347026190584e-05,1,1,1
2025-05-21 12:00:00,2025,1610,UP,3308.66,3298.43,0.3925249984944756,2025-05-21 15:28:00,-10.230000000000018,-1.0,0.0015414032573523612,0.4871599204979194,0.007725792498503654,0.20984327989522086,0.05061205124843267,0.001634314843636676,5.836590279156359e-05,3.108453512630266e-05,1,1,1
2025-05-21 16:00:00,2025,1611,DOWN,3302.59,3318.24,0.6002730761270757,2025-05-21 22:04:00,-15.649999999999636,-1.0,0.2750126590237315,0.1686171684672432,0.001441943340727358,0.07877292738866652,0.34698252770637955,0.2784553301808175,0.09732511985355861,0.06600731680468032,0,0,0
2025-05-21 20:00:01,2025,1611,DOWN,3302.99,3318.24,0.5857046229167723,2025-05-21 22:04:00,-15.25,-1.0,0.14031788843948023,0.2139168911838043,0.0011685411854101995,0.0681754740273019,0.19680186429935465,0.13331588562521174,0.034509566042170564,0.015786913477256744,0,0,0
2025-05-22 01:00:05,2025,1612,UP,3318.35,3290.48,1.071328885652859,2025-05-22 12:00:00,-7.119999999999891,-0.2554718335127348,0.48680806758083217,0.29113687190402127,0.0009348629314825148,0.04503153163989342,0.632178507087358,0.48974582578997977,0.3958376057268906,0.2557781735047435,1,1,1
2025-05-22 04:00:00,2025,1612,UP,3323.94,3290.48,1.2903858193874858,2025-05-22 12:00:00,-12.710000000000036,-0.37985654512851236,0.3235999679684931,0.32060549474431527,0.0006543691734005687,0.03729201396564824,0.592197873959944,0.3298817229663643,0.1931323932765737,0.08862585191931237,1,1,1
2025-05-22 08:00:00,2025,1612,UP,3338.72,3290.48,1.8607118894139374,2025-05-22 12:00:00,-27.48999999999978,-0.5698590381426183,0.17468249833359156,0.3476442791682862,0.00022065182963360055,0.024491775207461854,0.4639065212015496,0.17976470951606624,0.06175423693881771,0.020971527619547396,1,1,1
2025-05-22 12:00:00,2025,1613,DOWN,3311.23,3345.42,1.3178171274626733,2025-05-23 04:00:00,10.139999999999873,0.29657794676805666,0.37030716082975834,0.26981194866196784,1.6516299259741807e-05,0.0031890733888294844,0.6320269360024497,0.3703066984734602,0.11820011933674388,0.07685279285681246,0,0,0
2025-05-22 16:00:00,2025,1613,DOWN,3304.04,3345.42,1.5929336266703826,2025-05-23 04:00:00,2.949999999999818,0.07129047849202055,0.05681859020952208,0.1777642337089017,0.4918400103973399,0.5490801798145213,0.1369206183962571,0.056703834552029535,0.013111098200885556,0.008680345732340111,0,1,1
2025-05-22 20:00:00,2025,1613,DOWN,3301.59,3315.69,0.5415562470267016,2025-05-23 04:00:00,0.5,0.03546099290780165,0.020920230602844855,0.1575889505871309,0.24420529504525285,0.33244578033009836,0.04914567245592003,0.02032954628357522,0.004000977286553255,0.0028528740115178206,0,1,1
2025-05-23 01:00:05,2025,1613,DOWN,3293.9,3304.78,0.4190634735096193,2025-05-23 03:20:00,-10.88000000000011,-1.0,0.011774630555339219,0.1557167917790111,0.15709865291457778,0.2930354076685255,0.05295957885663083,0.012489618968532287,0.0015485308722048975,0.0007427412923943248,0,1,1
2025-05-23 04:00:00,2025,1614,UP,3301.09,3279.12,0.8469699144436497,2025-05-26 04:00:00,40.94999999999982,1.8639053254437572,0.5319143444643404,0.5034849396423878,0.03730515753077856,0.15486894407845175,0.7355480014295936,0.5304792497954172,0.3775401307458299,0.2866171892845368,1,0,0
2025-05-23 08:00:00,2025,1614,UP,3313.77,3287.06,1.0298591128120314,2025-05-26 04:00:00,28.269999999999982,1.0584050917259433,0.38465060700735504,0.4380575763466961,0.613198126326067,0.6226638823116306,0.6754896315373784,0.3848588336305732,0.21679037098454151,0.11338863405091855,1,1,1
2025-05-23 12:00:00,2025,1614,UP,3326.55,3287.06,1.5239291852667933,2025-05-26 04:00:00,15.489999999999782,0.39225120283615317,0.17457833024222016,0.4282927408226299,0.4038436236645822,0.5818981562823544,0.41252101634256116,0.17754848133256187,0.06644362045236223,0.030025128633890348,1,1,1
2025-05-23 16:00:00,2025,1614,UP,3357.35,3322.53,1.34052641436676,2025-05-26 04:00:00,-15.309999999999945,-0.43968983342906587,0.10820395423870795,0.524828691509964,0.4451035428924592,0.7961122458183831,0.5061756269508129,0.10861607580456537,0.017186253833230292,0.011393323531201375,1,1,1
2025-05-23 20:00:00,2025,1614,UP,3359.07,3336.61,0.8642890433465737,2025-05-26 03:13:00,-22.460000000000036,-1.0,0.018834246322235237,0.40679573618759884,0.1255865389341311,0.5889713906242462,0.17865809406312158,0.01914870123268608,0.00201775315589461,0.0010143395141052065,1,1,1
2025-05-26 01:00:05,2025,1614,UP,3354.39,3336.61,0.6865740915832811,2025-05-26 03:13:00,-17.779999999999745,-1.0,0.00509141724395532,0.4050400503155478,0.03689940850816447,0.3340603520016894,0.03875427395074086,0.005190876530472007,0.0005010768478023575,0.0003067501439306348,1,1,1
2025-05-26 04:00:00,2025,1615,DOWN,3342.04,3365.89,0.9212034290311222,2025-05-26 20:00:00,-0.21000000000003638,-0.00880503144654244,0.2728300743361375,0.1556092191256717,0.5250538976764928,0.03560069383364674,0.5145695743084552,0.28836875133464074,0.12120597952553556,0.07382761695523138,0,1,0
2025-05-26 08:00:00,2025,1615,DOWN,3349.74,3356.81,0.27335008124601623,2025-05-26 20:00:00,7.489999999999782,1.059405940594004,0.0907999322148408,0.14443642726062209,0.17271455839663302,0.08474855077848246,0.11524240409858785,0.08699506229398048,0.0334309702115439,0.01347896132944039,0,1,0
2025-05-26 12:00:00,2025,1615,DOWN,3334.67,3351.8,0.6630320209599075,2025-05-26 20:00:00,-7.579999999999927,-0.44249854057208865,0.09070269377088139,0.20885492679961581,0.26122520996608595,0.012234628461611557,0.2718338654493,0.09389942643023484,0.02122873805232789,0.006208579666065468,0,1,0
2025-05-26 16:00:00,2025,1615,DOWN,3334.39,3351.8,0.6758149363374394,2025-05-26 20:00:00,-7.860000000000127,-0.4514646754738649,0.030901892329835763,0.2087220870705443,0.09793648173737862,0.47870822130174884,0.08705805872076157,0.031110121468881712,0.007220972783190608,0.0024330694210595656,0,1,1
2025-05-26 20:00:00,2025,1616,UP,3342.25,3326.34,0.6193999780678328,2025-05-27 08:00:00,-11.329999999999927,-0.7121307353865513,0.6356570785809963,0.43222715278559865,0.012873928360694455,0.4267769064640364,0.8329427863609445,0.6479718145536746,0.518422223838051,0.3875926198426477,1,0,1
2025-05-27 01:00:05,2025,1616,UP,3343.89,3326.34,0.6866569354758991,2025-05-27 08:00:00,-12.9699999999998,-0.7390313390313391,0.30304390329026165,0.26187549349492256,0.47002656687565403,0.4948281010425375,0.27989347372086454,0.2825692226522148,0.1507849119594544,0.04047793441307051,1,1,1
2025-05-27 04:00:00,2025,1616,UP,3345.41,3326.34,0.7489147837967218,2025-05-27 08:00:00,-14.489999999999782,-0.7598321971683274,0.21352248236080545,0.4918187951522836,0.38396933824777907,0.3944265639070367,0.42116266177900774,0.21710289152433612,0.13455490335645298,0.05730321512862215,1,1,1
2025-05-27 08:00:00,2025,1617,DOWN,3330.92,3349.95,0.7487870233269311,2025-05-28 01:00:05,28.960000000000036,1.5218076720967117,0.34756375951202767,0.1980835166825627,0.5445060842490075,0.5449384095440314,0.5756460859019978,0.342945635525035,0.16316360300701915,0.1032654599675494,0,1,1
2025-05-27 12:00:00,2025,1617,DOWN,3298.53,3349.95,2.016798341159017,2025-05-28 01:00:05,-3.4299999999998363,-0.06670556203811477,0.16796413124051077,0.2783563028457078,0.46192071985020816,0.6330392229068458,0.5630343800308347,0.1720870425783314,0.029535823435185207,0.017737660117968127,0,1,1
2025-05-27 16:00:00,2025,1617,DOWN,3293.69,3349.95,2.208243061668435,2025-05-28 01:00:05,-8.269999999999982,-0.14699608958407423,0.03025462013520546,0.2446645230762,0.15114379385607715,0.30084184529166147,0.17659375666190597,0.0296219604255726,0.003355777701574922,0.001841292725669998,0,1,1
2025-05-27 20:00:00,2025,1617,DOWN,3297.79,3304.85,0.27744720071957096,2025-05-27 22:03:00,-7.059999999999945,-1.0,0.00777330869136085,0.1692158948383782,0.04010048383884098,0.12044814609170255,0.04269360118986215,0.007716550785340952,0.0009043163920031638,0.0005970824029121443,0,1,1
2025-05-28 01:00:05,2025,1618,UP,3301.96,3284.95,0.6705555493419315,2025-05-28 08:00:00,-5.599999999999909,-0.3292181069958752,0.5525336955361274,0.48482632428385547,0.0113474292503263,0.07375557935271455,0.7170273680398878,0.5606473005419855,0.445565078786873,0.3386039816330507,0,0,0
2025-05-28 04:00:00,2025,1618,UP,3308.68,3284.95,0.9368630460942723,2025-05-28 08:00:00,-12.319999999999709,-0.5191740412979224,0.27534178108453483,0.43877124878859763,0.581612866477243,0.022222310011129467,0.5355184730981963,0.2860475422715461,0.1413684003428705,0.06450711504863282,0,1,0
2025-05-28 08:00:00,2025,1619,DOWN,3296.36,3315.72,0.7648750231805315,2025-05-28 10:43:00,-19.359999999999673,-1.0,0.26338031667867146,0.16143498587286273,0.5025174475866127,0.07161029383169462,0.4285169884056301,0.26848716778085724,0.11778542210104323,0.07854763721585346,0,1,1
2025-05-28 12:00:00,2025,1620,UP,3321.79,3291.61,1.1917007125399377,2025-05-28 19:37:00,-30.179999999999836,-1.0,0.6085273035302667,0.45861593225609426,0.6256187249299737,0.594347349887334,0.822776830446139,0.6090979973528635,0.48844916876576977,0.34934467099341804,0,1,1
2025-05-28 16:00:00,2025,1620,UP,3312.44,3291.61,0.8234409520234328,2025-05-28 19:37:00,-20.829999999999927,-1.0,0.18014324014915067,0.40277530732515104,0.25796147407926073,0.3621688069994428,0.39016765474500076,0.17992173763121633,0.11215823217690318,0.05809428731376832,0,1,1
2025-05-28 20:00:00,2025,1621,DOWN,3293.46,3316.34,0.9040032832248814,2025-05-29 12:00:00,11.570000000000164,0.5056818181818229,0.3662717951122776,0.17021125652635696,0.660132564308339,0.7126673033382609,0.6302060183483208,0.3728413897931043,0.16013656497167147,0.0999146577246648,1,1,1
2025-05-29 01:00:05,2025,1621,DOWN,3287.01,3316.34,1.1584628023875425,2025-05-29 12:00:00,5.120000000000346,0.1745652915104111,0.11625503650452036,0.23581384058719138,0.35173740337297404,0.514233579357297,0.3433105914020614,0.11158408482994335,0.02313331219016957,0.0211867357884901,1,1,1
2025-05-29 04:00:00,2025,1621,DOWN,3265.02,3303.05,1.495867323847846,2025-05-29 12:00:00,-16.86999999999989,-0.44359716013672895,0.05856496551146284,0.26157256782960325,0.29883765984988436,0.5782044376412347,0.2831675864032128,0.0587396370743666,0.00687418752713807,0.005918704230589573,1,1,1
2025-05-29 08:00:00,2025,1621,DOWN,3269.16,3303.05,1.3303254098503505,2025-05-29 12:00:00,-12.730000000000018,-0.3756270286220093,0.010025644673459526,0.17398450826553905,0.0495388926176688,0.1748954787547409,0.03645102368979585,0.010328921155378005,0.000992336390843652,0.0007812940352320408,1,1,1
2025-05-29 12:00:00,2025,1622,UP,3281.89,3265.98,0.6248241410352703,2025-05-30 04:00:00,30.66000000000031,1.9270898805782897,0.4824146385124638,0.3327768676209625,0.5643441651164565,0.05017141916731391,0.742387308400964,0.485532990599564,0.3610928172273696,0.20743250468553442,0,1,0
2025-05-29 16:00:00,2025,1622,UP,3316.6,3265.98,1.9811329772552972,2025-05-30 04:00:00,-4.049999999999727,-0.08000790201500861,0.4094262551746144,0.5633912061808596,0.5319270980319271,0.7058224566631286,0.8633728323041279,0.4078076384595716,0.19006839891238345,0.07283650206205491,0,1,1
2025-05-29 20:00:00,2025,1622,UP,3322.35,3265.98,2.205799180023491,2025-05-30 04:00:00,-9.799999999999727,-0.1738513393649059,0.08156981242862277,0.48474208429136784,0.24746723573695942,0.6294333390784322,0.427119765887764,0.08346988963381027,0.020850896963214606,0.008498802691940683,0,1,1
2025-05-30 01:00:05,2025,1622,UP,3319.09,3265.98,2.0850845363651827,2025-05-30 04:00:00,-6.539999999999964,-0.12314065147806341,0.018674450110691628,0.37417604549603445,0.044140977872989366,0.363127607302738,0.058100968144800785,0.01757383431726022,0.0028859912808953288,0.0010007798864382785,0,1,1
2025-05-30 04:00:00,2025,1623,DOWN,3312.55,3331.11,0.7309151003198643,2025-06-02 04:00:00,1.0600000000004002,0.05711206896553897,0.309482704714257,0.21100553386953735,0.013328714528498821,0.23453895289807566,0.4994441880372269,0.3150009971460252,0.10537243698101013,0.06097641391039703,0,0,0
2025-05-30 08:00:00,2025,1623,DOWN,3296.27,3322.68,1.038685595024471,2025-06-02 04:00:00,-15.2199999999998,-0.5762968572510369,0.1732098261662964,0.20313677155261645,0.6138237878021517,0.6711101326304746,0.4224683445067641,0.1705610007343638,0.041855361524175926,0.020166908034143793,0,1,1
2025-05-30 12:00:00,2025,1623,DOWN,3295.72,3305.0,0.36559986339412653,2025-05-30 15:14:00,-9.2800000000002,-1.0,0.053911314508734515,0.14792731651166208,0.2595244420210585,0.3895246140608162,0.1076325912061253,0.05241900451325817,0.012270327984451117,0.005801719813878964,0,1,1
2025-05-30 16:00:00,2025,1623,DOWN,3303.95,3322.68,0.7381318675783481,2025-06-02 04:00:00,-7.539999999999964,-0.4025627335824857,0.016277397431508956,0.16609967301896808,0.14012821380177404,0.2910323143125848,0.021562889827545527,0.015597061316749655,0.0032246124689388226,0.0017955060568109972,0,1,1
2025-05-30 20:00:00,2025,1623,DOWN,3293.3,3308.24,0.587310106919765,2025-06-02 01:07:00,-14.9399999999996,-1.0,0.012930490558645669,0.19165550560138575,0.07599142236719802,0.2355253324078644,0.02817797683422304,0.013133376595673561,0.0018030282598688265,0.0008441486185323557,0,1,1
2025-06-02 01:00:05,2025,1623,DOWN,3299.16,3308.24,0.3583814674855752,2025-06-02 01:07:00,-9.079999999999927,-1.0,0.006915980175296222,0.18426310880822422,0.029366498234012307,0.16020040323020546,0.02658230369732824,0.006700626287772946,0.0005947428573762026,0.00016038639409766075,0,1,1
2025-06-02 04:00:00,2025,1624,UP,3311.49,3288.69,0.8995487372718458,2025-06-03 08:00:00,51.18000000000029,2.244736842105303,0.5374525156136837,0.39538025378289243,0.6207430749635935,0.56544703525897,0.6883417525565263,0.5435740726721738,0.4696995844650219,0.37210202966717204,0,1,1
2025-06-02 08:00:00,2025,1624,UP,3314.06,3301.41,0.5000316771397286,2025-06-03 08:00:00,48.61000000000013,3.8426877470355554,0.28883186568890346,0.3750649269347054,0.35903069323800596,0.4475264499907053,0.5529959222424968,0.28804165886867333,0.18708872910581842,0.10124874477206396,0,1,1
2025-06-02 12:00:00,2025,1624,UP,3352.22,3301.41,1.9996881652933158,2025-06-03 08:00:00,10.450000000000273,0.2056681755559985,0.27175481925342837,0.6017327467547874,0.4766256220069652,0.7898188494275665,0.7786248275724011,0.2700970345890129,0.05989282772570442,0.036354314948764045,1,1,1
2025-06-02 16:00:00,2025,1624,UP,3355.67,3301.41,2.1383793638053668,2025-06-03 08:00:00,7.0,0.12900847769996263,0.04126536541553475,0.4546788231058622,0.15750185480996973,0.619298696290046,0.2246481406586813,0.040498476501021244,0.005341541469458615,0.0026413873170478635,1,1,1
2025-06-02 20:00:00,2025,1624,UP,3371.83,3301.41,2.773077935442148,2025-06-03 08:00:00,-9.159999999999854,-0.13007668276057718,0.015389369668538055,0.5199060991273453,0.0711458068362372,0.5591720058240733,0.16243922885757522,0.015310013453046388,0.0008412219497758509,0.0004928951685852968,1,1,1
2025-06-03 01:00:05,2025,1624,UP,3383.31,3301.41,3.2345150997317225,2025-06-03 08:00:00,-20.639999999999873,-0.2520146520146502,0.00471832474533938,0.48762451898261105,0.04461966977674424,0.4837990309664365,0.08847947331039001,0.005078299925372027,0.00015485172078571148,6.4098763044668e-05,1,1,1
2025-06-03 04:00:00,2025,1624,UP,3376.0,3301.41,2.9503884736811363,2025-06-03 08:00:00,-13.329999999999927,-0.17871028287974128,0.0009557015323996566,0.3996801645479781,0.006872269198394783,0.1761594750878996,0.009762798714765163,0.0010433959138865668,2.9091779204060463e-05,1.3172577793465908e-05,1,1,1
2025-06-03 08:00:00,2025,1625,DOWN,3362.67,3392.07,1.1645630685371213,2025-06-04 04:00:00,12.230000000000018,0.41598639455782244,0.27390711287041947,0.14952420643230788,0.4615303411312397,0.01732248035088927,0.4509736245742159,0.2785963848427809,0.09926522042336353,0.050802982533457726,0,1,0
2025-06-03 12:00:00,2025,1625,DOWN,3361.16,3392.07,1.2267068234474592,2025-06-04 04:00:00,10.7199999999998,0.3468133290197248,0.08430879766150261,0.1732674881197601,0.2518456238350179,0.01016517183831588,0.13962947616364946,0.08291635744538894,0.022856730993757894,0.010713915275860521,0,1,0
2025-06-03 16:00:00,2025,1625,DOWN,3359.39,3392.07,1.3001559001616168,2025-06-04 04:00:00,8.949999999999818,0.27386780905751956,0.03742892000060252,0.16210968225534048,0.14799586822445512,0.0063501659290938345,0.05225940291517858,0.03686308271892406,0.0072103997461532305,0.0028657918961344066,0,1,0
2025-06-03 20:00:00,2025,1625,DOWN,3348.45,3363.07,0.5810239830410303,2025-06-04 04:00:00,-1.9900000000002365,-0.13611491108072432,0.02225947739201909,0.16897161792505272,0.1008103541718815,0.5334585345284371,0.060967977191194164,0.02226475891405339,0.0033530322633723753,0.001325859692826354,0,1,1
2025-06-04 01:00:05,2025,1625,DOWN,3354.21,3363.07,0.3534415780488237,2025-06-04 04:00:00,3.769999999999982,0.42550790067719274,0.007238808813801162,0.13139237054513087,0.023714438663226686,0.3558699545174191,0.016429053940773743,0.006722646588639829,0.0007439793776568103,0.0001959545845208974,0,1,1
2025-06-04 04:00:00,2025,1626,UP,3350.44,3333.07,0.6949645078438115,2025-06-05 08:00:00,18.049999999999727,1.0391479562463926,0.39575794879259585,0.3599845219344528,0.42441367941274977,0.1938512859101108,0.4376635934361903,0.3972979134541017,0.33512501709740833,0.24176569524324976,1,1,0
2025-06-04 08:00:00,2025,1626,UP,3354.97,3346.47,0.33999541348065176,2025-06-04 14:27:00,-8.5,-1.0,0.3036380621045271,0.39759005641348205,0.2558640795724991,0.4578999586796897,0.36304314095821055,0.30436864774305505,0.23325894342230613,0.18378666852345282,1,1,1
2025-06-04 12:00:00,2025,1626,UP,3362.97,3347.96,0.601441112274059,2025-06-04 13:51:00,-15.009999999999764,-1.0,0.24134054958601026,0.40874259539719693,0.20031233588445707,0.4708611042441958,0.43901324481596926,0.23585925210777908,0.10174207655305059,0.04087381237237932,1,1,1
2025-06-04 16:00:00,2025,1626,UP,3359.05,3333.07,1.0418802616914828,2025-06-05 08:00:00,9.4399999999996,0.3633564280215394,0.09711259459433609,0.36220822142041537,0.08736804714039109,0.3420983218643906,0.22953643862977527,0.09582745902113138,0.031771190693103205,0.006868849640955973,1,1,1
2025-06-04 20:00:00,2025,1626,UP,3375.13,3343.79,1.254347603343778,2025-06-05 08:00:00,-6.640000000000327,-0.21186981493300244,0.08012367278874964,0.45553961469454196,0.08530849124767402,0.4465403685260194,0.2487479501165144,0.08010581679143863,0.016097636070413406,0.0038105168203083906,1,1,1
2025-06-05 01:00:05,2025,1626,UP,3375.24,3343.79,1.2625443582335916,2025-06-05 08:00:00,-6.75,-0.21462639109698056,0.01775491819062647,0.4210678100800734,0.026026620061659893,0.2528957668408634,0.042701561687418954,0.01770034709463277,0.002791377277110718,0.0005850370217480545,1,1,1
2025-06-05 04:00:00,2025,1626,UP,3380.42,3370.7,0.3915528040968331,2025-06-05 04:55:00,-9.720000000000255,-1.0,0.01082095768904386,0.38295044227487174,0.02209908294692694,0.2944367762720638,0.044155657469271484,0.011172748314776364,0.0014885848847554064,0.00022774034018598134,1,1,1
2025-06-05 08:00:00,2025,1627,DOWN,3368.49,3384.08,0.6286658448821549,2025-06-05 12:23:00,-15.590000000000146,-1.0,0.3538462740280321,0.2602057522513817,0.003069134515663022,0.09432225267315311,0.5236505321017424,0.34598869860065956,0.13881729721688438,0.10168729325888005,0,0,0
2025-06-05 12:00:00,2025,1627,DOWN,3375.22,3384.08,0.35800390157422873,2025-06-05 12:23:00,-8.860000000000127,-1.0,0.1009039207648179,0.1520982565214034,0.2780618743518543,0.05725876836753082,0.11178128879339443,0.09743990971170087,0.03741861113187692,0.02216442150079359,0,1,0
2025-06-05 16:00:00,2025,1628,UP,3383.23,3361.16,0.8908629588664988,2025-06-05 18:16:00,-22.070000000000164,-1.0,0.4286449916849399,0.4095089867618776,0.5657654624004438,0.08206843056231343,0.6525030800767629,0.43522214927202957,0.38564898007769316,0.32919397746040857,1,1,1
2025-06-05 20:00:00,2025,1629,DOWN,3354.08,3403.33,1.9771978836712891,2025-06-06 04:00:00,-5.5300000000002,-0.11228426395939492,0.2940124697812288,0.20230157480720592,0.6832814352865599,0.7872868671659383,0.5886688973628816,0.2988194692846506,0.1029970872870455,0.06568708644736833,0,1,1
2025-06-06 01:00:05,2025,1629,DOWN,3353.22,3403.33,2.0173653828706377,2025-06-06 04:00:00,-6.390000000000327,-0.12751945719417904,0.06654263184972949,0.15087408264013744,0.20037443494834914,0.35973093389309657,0.12476083629437551,0.0648975133155592,0.013677273375510978,0.006175378152079435,0,1,1
2025-06-06 04:00:00,2025,1630,UP,3359.61,3339.31,0.8197291950896114,2025-06-06 16:00:00,-6.370000000000346,-0.3137931034482901,0.5446644080987126,0.5262109156067896,0.07636459108711953,0.2519463063575613,0.7567110430301671,0.5568056834030058,0.42567087401623016,0.31746502515956754,0,0,0
2025-06-06 08:00:00,2025,1630,UP,3373.83,3356.03,0.7197888516528754,2025-06-06 09:46:00,-17.799999999999727,-1.0,0.39958571663250764,0.46589242530383945,0.6382370368132068,0.5646743657756124,0.7461622882131904,0.40806250042482534,0.25168254910075316,0.1331651863249073,0,1,1
2025-06-06 12:00:00,2025,1630,UP,3365.54,3339.31,1.0611423500960926,2025-06-06 16:00:00,-12.300000000000182,-0.4689287075867394,0.1387449002997412,0.3691359428706622,0.28238251476116916,0.40158343525426093,0.2580554849729611,0.13626968630118394,0.05681216798056517,0.01948362930950012,0,1,1
2025-06-06 16:00:00,2025,1631,DOWN,3353.24,3367.7,0.5853517310126115,2025-06-09 12:00:00,33.23999999999978,2.2987551867219707,0.28940146207909495,0.17465747924713504,0.5614651264362379,0.5678862179406231,0.4462425378108489,0.29108070619641124,0.1514252215607886,0.11995233229536746,0,1,1
2025-06-06 20:00:00,2025,1631,DOWN,3322.7,3367.7,1.813498805569813,2025-06-09 12:00:00,2.699999999999818,0.05999999999999596,0.21220787822663387,0.27734553872197437,0.4366287855457519,0.6207621167561296,0.5926051462897791,0.21176328920304488,0.0314765176249811,0.020953140461976872,1,1,1
2025-06-09 01:00:05,2025,1631,DOWN,3311.31,3367.7,2.2750948987135344,2025-06-09 12:00:00,-8.690000000000055,-0.15410533782585698,0.04325450886992243,0.23477225130801466,0.2605206736982833,0.46164277053822866,0.25743585109718936,0.04349035479812588,0.00362618246120686,0.0019837748146695902,1,1,1
2025-06-09 04:00:00,2025,1631,DOWN,3305.46,3321.18,0.6344928829013751,2025-06-09 09:47:00,-15.7199999999998,-1.0,0.011684007016690864,0.1888948426318022,0.07330991904244515,0.210749195964997,0.10590343009012845,0.01151362847445284,0.0008189198521901778,0.0005019496776209748,1,1,1
2025-06-09 08:00:00,2025,1631,DOWN,3311.72,3321.18,0.3822351950995697,2025-06-09 09:47:00,-9.460000000000036,-1.0,0.002684693147693864,0.1485207649182714,0.015149737082309123,0.06402934852958728,0.0159718793130979,0.002686660192098264,0.0001652226793935972,0.0001054358336053034,1,1,1
2025-06-09 12:00:00,2025,1632,UP,3320.0,3293.45,1.0741475007971983,2025-06-10 04:00:00,-3.369999999999891,-0.12693032015065414,0.46648387351147536,0.4077930960449205,0.5547600399209893,0.028920736138456738,0.7410093982472465,0.47189778165998786,0.3567475102021927,0.22552550875080515,0,1,0
2025-06-09 16:00:00,2025,1632,UP,3320.24,3312.16,0.32788715683933883,2025-06-09 16:22:00,-8.079999999999927,-1.0,0.23588557245073494,0.3524023352361376,0.20577140421668214,0.03125103082161912,0.368038965808197,0.22849794311019767,0.13069759695848537,0.052206624083372996,0,1,0
2025-06-09 20:00:00,2025,1632,UP,3338.05,3310.72,1.1084473736087377,2025-06-10 04:00:00,-21.420000000000073,-0.7837541163556448,0.21226090926102423,0.46789599243216173,0.26627739113653526,0.5741343459990865,0.5942117004073799,0.20844891014503364,0.06913327063941292,0.01963473076612851,0,1,1
2025-06-10 01:00:05,2025,1632,UP,3326.54,3310.72,0.6432806674601743,2025-06-10 04:00:00,-9.909999999999854,-0.6264222503160399,0.04315612512856425,0.3470450578106557,0.04621160539482011,0.3065695222453678,0.08527176421781477,0.04128353315433923,0.014506628177221434,0.00429927477008763,0,1,1
2025-06-10 04:00:00,2025,1633,DOWN,3316.63,3338.13,0.8764676700079251,2025-06-10 12:00:00,-12.859999999999673,-0.5981395348837057,0.3302272775623265,0.15344211333448038,0.6404094392639716,0.6446438554379758,0.5884355356573324,0.331293794722685,0.13260819332542115,0.07086000579197259,1,1,1
2025-06-10 08:00:00,2025,1633,DOWN,3307.28,3338.13,1.2594890753137868,2025-06-10 12:00:00,-22.20999999999958,-0.7199351701782706,0.15227131136376673,0.19829680204571828,0.41546697989684855,0.5120867532960501,0.35258747185228523,0.1573122177107425,0.0440151011457419,0.01793082548356976,1,1,1
2025-06-10 12:00:00,2025,1634,UP,3329.49,3301.89,1.1258830123246488,2025-06-10 20:00:00,-8.259999999999764,-0.299275362318833,0.5354189632944957,0.44693190069110084,0.5680272096852625,0.14254303316226122,0.8121988872397438,0.5402447556831361,0.3827884811968541,0.23462651150136146,0,1,0
2025-06-10 16:00:00,2025,1634,UP,3337.38,3301.89,1.4507450761412628,2025-06-10 20:00:00,-16.15000000000009,-0.45505776275007,0.2499085550946229,0.48228791838488067,0.3301341127573527,0.5386765296980988,0.6039279716365547,0.25037265523427615,0.10569243835760361,0.06503056019569053,0,1,1
2025-06-10 20:00:00,2025,1635,DOWN,3321.23,3349.14,1.139661965363596,2025-06-11 04:00:00,-11.349999999999909,-0.4066642780365449,0.3399593723901428,0.18164913510996228,0.06656035412158809,0.3493861825600523,0.5390579251893345,0.33508520867872077,0.08738925331525332,0.03880803028595392,0,0,0
2025-06-11 01:00:05,2025,1635,DOWN,3322.42,3349.14,1.093394202006226,2025-06-11 04:00:00,-10.159999999999854,-0.3802395209580812,0.1280898263549941,0.14794954625533382,0.4615432860564017,0.43983241033736326,0.2557253312573614,0.12631210429656248,0.03596285142821134,0.01576301182520564,0,1,1
2025-06-11 04:00:00,2025,1636,UP,3332.58,3301.89,1.2571995523534079,2025-06-11 20:00:00,-2.3400000000001455,-0.07624633431085505,0.6100802060014717,0.5168905679359629,0.13833121401885165,0.3873104428141398,0.8128923463570478,0.6072178264186765,0.4327874521447644,0.29431778939948317,0,0,1
2025-06-11 08:00:00,2025,1636,UP,3341.98,3315.47,1.0880881100325825,2025-06-11 20:00:00,-11.740000000000236,-0.4428517540550788,0.3487941512902815,0.43890708996262834,0.6299158222693824,0.5054918894360932,0.7197657158170478,0.35575472446537865,0.20095842739149394,0.09090503776351823,0,1,1
2025-06-11 12:00:00,2025,1636,UP,3344.68,3332.46,0.502508820270472,2025-06-11 12:51:00,-12.2199999999998,-1.0,0.13125545595654348,0.43080517343661906,0.3802995729595992,0.41333682434637314,0.44025681873981304,0.13333386350105367,0.052158302933016217,0.01863457186715694,0,1,1
2025-06-11 16:00:00,2025,1636,UP,3336.97,3315.47,0.8820596012423033,2025-06-11 20:00:00,-6.730000000000018,-0.31302325581395435,0.04477451292381668,0.42719401946698504,0.24112585618472304,0.41303263550016,0.12842284132267565,0.045269550987961676,0.011184138442880192,0.005281253378734479,1,1,1
2025-06-11 20:00:00,2025,1637,DOWN,3330.24,3360.63,1.2489771522367799,2025-06-12 01:00:05,-27.26000000000022,-0.8970055939453743,0.3016510195473078,0.17767164826553983,0.5718670416131993,0.5730311549795377,0.5057550971477539,0.3028641586829847,0.12356132987584245,0.07080971078726346,0,1,1
2025-06-12 01:00:05,2025,1638,UP,3357.5,3319.26,1.567312342651859,2025-06-12 12:00:00,-0.6999999999998181,-0.01830543933053928,0.6076889486471866,0.458508488726631,0.6905129822266399,0.7829288579296481,0.8680286795977618,0.6037463772542665,0.3964529849169648,0.22906444432673842,1,1,1
2025-06-12 04:00:00,2025,1638,UP,3365.97,3319.26,1.9170533295021253,2025-06-12 12:00:00,-9.169999999999618,-0.1963177049882188,0.2823214725165113,0.5143553546076282,0.49002411015016345,0.7267472684956234,0.7202335361812199,0.292384940216114,0.13464052808415716,0.09020885442729841,1,1,1
2025-06-12 08:00:00,2025,1638,UP,3370.6,3319.26,2.1114113993543624,2025-06-12 12:00:00,-13.799999999999727,-0.268796260225941,0.08933828963238168,0.5581168958238799,0.21834989346249647,0.5742862054409809,0.3458174553662992,0.0930477864440087,0.020610580181200145,0.01646255508670678,1,1,1
2025-06-12 12:00:00,2025,1639,DOWN,3356.8,3377.78,0.8603096128475605,2025-06-12 13:28:00,-20.980000000000018,-1.0,0.2744991407795777,0.19038144966442203,0.03317856577775542,0.23057731477205784,0.3560554960455092,0.27161309272341616,0.09201651318791604,0.06820190233362325,0,0,0
2025-06-12 16:00:00,2025,1640,UP,3388.51,3338.64,2.040050168678068,2025-06-16 08:00:00,39.039999999999964,0.7828353719671084,0.6154911651399748,0.4594885243752138,0.10679343356964936,0.5344690963930697,0.8749482412086877,0.6117846675721328,0.42175280481332567,0.23970176263636586,1,1,1
2025-06-12 20:00:00,2025,1640,UP,3383.86,3338.64,1.851272119936473,2025-06-16 08:00:00,43.690000000000055,0.9661654135338303,0.1485187273476918,0.39500382742528084,0.020105800523822163,0.2720797170541732,0.37107581139154017,0.14555802774564944,0.07149487900036043,0.031197931945668732,1,1,1
2025-06-13 01:00:05,2025,1640,UP,3386.77,3377.82,0.36750834059164966,2025-06-16 08:00:00,40.7800000000002,4.556424581005701,0.09471083576417245,0.4047987113322184,0.009400735426556627,0.19777374548347448,0.34560365539026605,0.08933750554350108,0.034678124200404094,0.014477192358841554,1,1,1
2025-06-13 04:00:00,2025,1640,UP,3415.13,3379.38,1.4625861618648708,2025-06-16 08:00:00,12.420000000000073,0.34741258741258946,0.10301904300611064,0.5506415958684934,0.01764286180196863,0.3845792382214174,0.6385340983679758,0.10358700805714169,0.012798608097420583,0.00422603758727114,1,1,1
2025-06-13 08:00:00,2025,1640,UP,3425.52,3379.38,1.8850701052221404,2025-06-16 08:00:00,2.0300000000002,0.0439965322930257,0.013326958863182806,0.51124110573984,0.0028490173606364228,0.16495750365543685,0.16185636649819243,0.014290909009557254,0.0013831542120926825,0.0010015144184536676,1,1,1
2025-06-13 12:00:00,2025,1640,UP,3424.57,3379.38,1.8477448244415025,2025-06-16 08:00:00,2.980000000000018,0.06594379287453009,0.004077409485375922,0.4419530199378147,0.0006569462155627375,0.08455462501606612,0.05137988412384789,0.00412797979189762,0.00019679604460833558,9.083569937550462e-05,1,1,1
2025-06-13 16:00:00,2025,1640,UP,3436.66,3411.55,1.0262116950765545,2025-06-16 08:00:00,-9.109999999999673,-0.3628036638789244,0.0032445587462785084,0.4445676699399817,0.0006829038572383583,0.0801174291151455,0.10744082366025001,0.003460812055030289,0.00012455005675268626,2.4629794926721295e-05,1,1,1
2025-06-13 20:00:00,2025,1640,UP,3430.2,3411.55,0.7616708237632153,2025-06-16 08:00:00,-2.649999999999636,-0.14209115281499668,0.00078307627514633,0.45580858540500824,0.0001419103657145512,0.019855453555989454,0.02398198851545334,0.0008625704572507977,3.1901608366872854e-05,1.2562698711985496e-05,1,1,1
2025-06-16 01:00:05,2025,1640,UP,3444.09,3419.28,1.0160999379741456,2025-06-16 08:00:00,-16.539999999999964,-0.6666666666666666,0.0005164186767550712,0.4728518813351956,9.036894025483405e-05,0.013410589385549721,0.012955495028775405,0.0005615517104088223,1.320484985616362e-05,4.24504367767221e-06,1,1,1
2025-06-16 04:00:00,2025,1640,UP,3436.52,3419.28,0.7067869803117245,2025-06-16 08:00:00,-8.9699999999998,-0.5203016241299254,0.00024478855363253133,0.39473909442099875,4.2368828627327735e-05,0.007523675993692476,0.004182479823667519,0.00028558611573026153,6.014473910551672e-06,1.6950422784639537e-06,1,1,1
2025-06-16 08:00:00,2025,1641,DOWN,3427.55,3451.45,0.9809216969719096,2025-06-18 01:00:05,36.99000000000024,1.547698744769908,0.23068995996164746,0.14072327383262748,0.46357294119677794,0.0007393412442367544,0.46616480354883266,0.23155890273685983,0.07781337132209719,0.03893156912008039,0,1,0
2025-06-16 12:00:00,2025,1641,DOWN,3413.92,3451.45,1.5415487281074407,2025-06-18 01:00:05,23.360000000000127,0.6224353850253207,0.11514027593497533,0.1845134517071702,0.445421520992492,0.6722278730297967,0.2921986095492036,0.11737616301439371,0.02897798884339225,0.011024911743195472,0,1,1
2025-06-16 16:00:00,2025,1641,DOWN,3415.57,3451.45,1.4779824426206698,2025-06-18 01:00:05,25.01000000000022,0.697045707915286,0.03479695886627946,0.1598743451719936,0.1547520576414405,0.4881242725620057,0.06833150664342387,0.03383985092416228,0.00664838736555204,0.0022726836986524195,0,1,1
2025-06-16 20:00:00,2025,1641,DOWN,3399.39,3422.65,0.9557563562447289,2025-06-18 01:00:05,8.829999999999927,0.37962166809973535,0.016769821136792724,0.17473794505445306,0.07848112946985435,0.3267467343598702,0.05584318221860744,0.01696065540963346,0.0024936624596673686,0.0009533606852839907,0,1,1
2025-06-17 01:00:05,2025,1641,DOWN,3386.84,3422.65,1.473798140206601,2025-06-18 01:00:05,-3.7199999999998,-0.10388159731917916,0.007839117934700225,0.198775869288399,0.058774992361308835,0.2981940413702254,0.0584196568045718,0.008105347852340733,0.0006505193470718536,0.00016406480880333722,0,1,1
2025-06-17 04:00:00,2025,1641,DOWN,3394.34,3422.65,1.1668399742811795,2025-06-18 01:00:05,3.7800000000002,0.13352172377252586,0.0016414964375276076,0.11401415266481876,0.00643831643768337,0.06313031325418428,0.006161244013324151,0.0015808509552893038,0.00010893408354897965,1.2892178902655237e-05,0,1,1
2025-06-17 08:00:00,2025,1641,DOWN,3393.99,3403.19,0.37879327502281307,2025-06-18 01:00:05,3.4299999999998363,0.3728260869564929,0.0007990812239440895,0.14720499045669366,0.005534030156586099,0.07347456205360728,0.005399941078406725,0.0008224952478781475,4.6837081106891764e-05,1.0267727801345644e-05,0,1,1
2025-06-17 12:00:00,2025,1641,DOWN,3378.84,3403.19,1.004107593769755,2025-06-18 01:00:05,-11.7199999999998,-0.481314168377817,0.0008075541542728586,0.16831293479797915,0.004266467306180363,0.07942032035557509,0.008530850691839767,0.0008425236423111699,2.3779255028421016e-05,2.8092140435268722e-06,0,1,1
2025-06-17 16:00:00,2025,1641,DOWN,3386.79,3403.19,0.6762546261150781,2025-06-18 01:00:05,-3.769999999999982,-0.22987804878048543,0.00021630191574654672,0.11572782422364271,0.0011493576224363084,0.033120044623781056,0.0020036053689088565,0.0002297925364156837,6.658185805608794e-06,4.418082615666338e-07,0,1,1
2025-06-17 20:00:00,2025,1641,DOWN,3382.9,3400.16,0.7105839872422615,2025-06-18 01:00:05,-7.6599999999998545,-0.4438006952491286,0.00015415868945161448,0.14000263935302126,0.000744084517598438,0.03628925555809295,0.0013311967459700446,0.00015598823289995263,2.7848388879296514e-06,2.3726160345115218e-07,1,1,1
2025-06-18 01:00:05,2025,1642,UP,3390.56,3366.21,1.0054992584185265,2025-06-18 12:00:00,-7.029999999999745,-0.2887063655030707,0.4658042854973345,0.39164573930300706,0.47702994471579174,0.00920486829401922,0.653612321125855,0.46769126895432095,0.36768124596746665,0.22036273456596553,0,1,0
2025-06-18 04:00:00,2025,1642,UP,3385.87,3366.21,0.8139135798730504,2025-06-18 12:00:00,-2.3399999999996908,-0.11902339776193836,0.22135946308257162,0.3705231115120503,0.2952252405092045,0.010555312608108361,0.2836161409429768,0.22619283776264007,0.14616336811955852,0.0588386499133196,0,1,0
2025-06-18 08:00:00,2025,1642,UP,3395.35,3370.62,1.0225823481480276,2025-06-18 12:00:00,-11.819999999999709,-0.4779619894864416,0.17117599517255633,0.4723706589572839,0.19761333008362025,0.003517229839839507,0.4634619850942413,0.17262268043175916,0.06301566438056815,0.01685278283536167,0,1,0
2025-06-18 12:00:00,2025,1643,DOWN,3383.53,3399.99,0.6814993476994925,2025-06-18 20:00:00,-7.639999999999873,-0.46415552855407455,0.3974547084844691,0.17811542424553028,0.038285713268590954,0.004879353022372593,0.40013316280602895,0.39371809193561197,0.17564012793166464,0.14673366729020243,1,0,1
2025-06-18 16:00:00,2025,1643,DOWN,3386.63,3399.99,0.554401531860546,2025-06-18 20:00:00,-4.539999999999964,-0.3398203592814427,0.12022226646874463,0.1365604822639289,0.43209087010499575,0.004736854376283561,0.15876713092291164,0.1173478452185065,0.05151067846545264,0.01941072290820325,1,1,1
2025-06-18 20:00:00,2025,1644,UP,3391.17,3373.84,0.719332171712249,2025-06-18 22:05:00,-17.329999999999927,-1.0,0.45404089936750125,0.4292411009117948,0.4067684600821192,0.0017124888928003144,0.7031733594814701,0.46028718678726377,0.36526794714359,0.22970741206102638,0,1,0
2025-06-19 01:00:05,2025,1645,DOWN,3369.96,3395.76,1.068647360391321,2025-06-19 08:00:00,-4.75,-0.18410852713178164,0.3273746169209222,0.18930267255614194,0.6514542759263073,0.00709452920565929,0.5572216347356015,0.32934875575157985,0.12565318993769245,0.08720352612166275,1,1,1
2025-06-19 04:00:00,2025,1645,DOWN,3379.44,3395.76,0.6775551809641367,2025-06-19 08:00:00,4.730000000000018,0.2898284313725472,0.066109827039442,0.13265273763384935,0.21659511735303685,0.0010401405712870218,0.11014152692260581,0.061240556890135585,0.015267292512200688,0.007465857465654192,1,1,1
2025-06-19 08:00:00,2025,1646,UP,3374.71,3362.51,0.5071943490879908,2025-06-19 08:52:00,-12.199999999999818,-1.0,0.4598666627641678,0.43702259942207783,0.2085328807728643,0.0019172586499147924,0.4508684293827311,0.4390508256089547,0.3442739392428259,0.24560613083884106,0,0,0
2025-06-19 12:00:00,2025,1647,DOWN,3368.68,3387.91,0.7987654437901003,2025-06-20 01:00:05,-1.7899999999999636,-0.09308372334893197,0.20067760517787728,0.150524637210855,0.08527765580129057,0.000883610578499426,0.23709070924310027,0.1955616925273847,0.08956766326511917,0.07733189595824783,1,1,1
2025-06-19 16:00:00,2025,1647,DOWN,3368.1,3378.99,0.4532471591992885,2025-06-20 01:00:05,-2.369999999999891,-0.21763085399448287,0.11340630717694206,0.1295596064389722,0.04031848791179677,0.0006031286356156662,0.15295442834665524,0.11141565222874654,0.031212582254543778,0.018472355998698262,1,1,1
2025-06-19 20:00:00,2025,1647,DOWN,3371.07,3378.99,0.3305941463987907,2025-06-20 01:00:05,0.6000000000003638,0.07575757575762535,0.04915008030718874,0.12366427259956063,0.017061168555983063,0.00030307980276775856,0.08571860089235747,0.04871946591303133,0.013949682257518897,0.006210390653288398,1,1,1
2025-06-20 01:00:05,2025,1648,UP,3370.47,3361.47,0.37693272297086616,2025-06-20 04:00:00,-2.349999999999909,-0.261111111111101,0.44918019857307184,0.3652435294604174,0.41560484152322436,0.00013960844257565602,0.5454203716106084,0.4527698303190771,0.3962581070762053,0.2621100240600416,0,1,0
2025-06-20 04:00:00,2025,1649,DOWN,3368.12,3375.42,0.30682208001644234,2025-06-20 20:00:00,-3.519999999999982,-0.4821917808219033,0.27018780088661054,0.11863527168207057,0.5547741697366765,0.00020584228707495671,0.2630564489669447,0.278027590107884,0.13130839456766685,0.09132804223993557,1,1,1
2025-06-20 08:00:00,2025,1649,DOWN,3354.22,3375.42,0.891087035433599,2025-06-20 20:00:00,-17.420000000000073,-0.82169811320754,0.2023555410862754,0.1688166306802272,0.354744178686698,0.00018146059077214975,0.26081806560527865,0.201898097123887,0.04860323598781116,0.029618357814847493,1,1,1
2025-06-20 12:00:00,2025,1649,DOWN,3350.94,3375.42,1.0310940955202366,2025-06-20 20:00:00,-20.699999999999818,-0.8455882352941095,0.07847046434630967,0.18330702572940816,0.18244561537255458,8.587318486608507e-05,0.12240671255401962,0.07756975688508268,0.01443169445777149,0.008214269573889314,1,1,1
2025-06-20 16:00:00,2025,1649,DOWN,3344.59,3359.13,0.6133573212630375,2025-06-20 16:30:00,-14.539999999999964,-1.0,0.046874744595969686,0.17968272130934423,0.11441135467335634,6.968559408622997e-05,0.1270025282029987,0.045017215298782054,0.004802228961035189,0.0017458977955807672,1,1,1
2025-06-20 20:00:00,2025,1650,UP,3371.64,3341.9,1.2522716217681817,2025-06-23 08:00:00,-13.179999999999836,-0.4431741761936763,0.6086243543181691,0.5156717545712517,0.5947958819534184,0.5485891527174683,0.847645442746435,0.611943464573347,0.49068241109936594,0.38570874491841,0,1,1
2025-06-23 01:00:05,2025,1650,UP,3393.6,3364.59,1.2263006930910711,2025-06-23 03:21:00,-29.009999999999764,-1.0,0.23594511587873065,0.40272538921172585,0.3276014599006331,0.43090071910155875,0.43669863639720163,0.22899573705647153,0.14059991357226914,0.07259557786755962,0,1,1
2025-06-23 04:00:00,2025,1650,UP,3365.87,3341.9,1.009783739348664,2025-06-23 08:00:00,-7.4099999999998545,-0.3091364205256536,0.05942417630403197,0.3503812110979146,0.1266474001306427,0.35852634863029903,0.07959232461952954,0.06099902397871896,0.03523274996458801,0.026622388765057344,0,1,1
2025-06-23 08:00:00,2025,1651,DOWN,3358.46,3396.67,1.6125506621345096,2025-06-23 16:00:00,-2.1399999999998727,-0.05600628107824838,0.2573407156460382,0.19571255358580694,0.5761461098023952,0.6268655239465238,0.458340710477508,0.25931634978578993,0.10426334707861805,0.07155905163316795,1,1,1
2025-06-23 12:00:00,2025,1651,DOWN,3361.81,3396.67,1.4740501555854062,2025-06-23 16:00:00,1.2100000000000364,0.0347102696500296,0.07448431133564198,0.16705053831128633,0.37990227370373614,0.4868573878041356,0.08326241280145798,0.07291253888066583,0.019840069585191637,0.013910626648885037,1,1,1
2025-06-23 16:00:00,2025,1652,UP,3360.6,3346.94,0.5772747289080992,2025-06-24 02:34:00,-13.659999999999854,-1.0,0.3333937597888896,0.36211353435156024,0.383814114012555,0.41748177685668014,0.45914037564762744,0.3359070642294626,0.28244435195019574,0.2216604443295646,0,1,1
2025-06-23 20:00:00,2025,1652,UP,3389.99,3355.87,1.4385324931954335,2025-06-24 01:18:00,-34.11999999999989,-1.0,0.3498489510072366,0.48452237724720515,0.4673450529879887,0.5983453680218924,0.6530316082454687,0.35307293399989725,0.14196229085123768,0.06373419740210982,0,1,1
2025-06-24 01:00:05,2025,1652,UP,3368.69,3355.87,0.5404161936881068,2025-06-24 01:18:00,-12.820000000000164,-1.0,0.04602668179931678,0.2983511715758501,0.07364183346328022,0.21539972937356924,0.08521486922303668,0.04472535826901355,0.01642009897937924,0.006371026430743684,0,1,1
2025-06-24 04:00:00,2025,1653,DOWN,3351.09,3393.46,1.7808341432282049,2025-06-25 01:00:05,26.100000000000364,0.616001888128403,0.2537019555548262,0.190160239462299,0.6999939712913507,0.7963949828871317,0.4525787326641603,0.2549225966460333,0.09634054538821615,0.0732267528653283,1,1,1
2025-06-24 08:00:00,2025,1653,DOWN,3348.51,3393.46,1.8928584521997582,2025-06-25 01:00:05,23.520000000000437,0.5232480533926703,0.08808200436924112,0.15304151357349696,0.28265809024889654,0.43079254494607067,0.1358583027661773,0.08660096218588087,0.01995504925840811,0.012028808798316321,1,1,1
2025-06-24 12:00:00,2025,1653,DOWN,3327.28,3357.89,1.2863054639885696,2025-06-25 01:00:05,2.2900000000004184,0.07481215289122649,0.06036876542608863,0.19958393211183245,0.17858455552998012,0.3970509764909153,0.21096272504071084,0.061062198966400014,0.008055444086638578,0.004787919411584762,1,1,1
2025-06-24 16:00:00,2025,1653,DOWN,3314.67,3357.89,1.8159478964393847,2025-06-25 01:00:05,-10.319999999999709,-0.23877834335955014,0.01772552005873128,0.218010782663575,0.10807815826252551,0.3258711640210395,0.09865240131754119,0.01830119327865832,0.0012438313004816647,0.0007287813328706695,1,1,1
2025-06-24 20:00:00,2025,1653,DOWN,3318.47,3328.87,0.4368418837636143,2025-06-25 01:00:05,-6.519999999999982,-0.6269230769230697,0.003730800986965578,0.20313919616345086,0.015678723012617808,0.07940478397055765,0.021422632342046867,0.003743681844660224,0.00023175482299901744,0.0002070219738125571,1,1,1
2025-06-25 01:00:05,2025,1654,UP,3324.99,3295.34,1.249562133280519,2025-06-25 16:00:00,-4.369999999999891,-0.14738617200674348,0.5340815185362846,0.4731835960433393,0.0036183927096592808,0.0504664400475027,0.7228657335355219,0.5364978238180685,0.36186992724166994,0.2228531674701199,0,0,0
2025-06-25 04:00:00,2025,1654,UP,3327.14,3295.34,1.3447074898549505,2025-06-25 16:00:00,-6.519999999999982,-0.20503144654088168,0.22078603025966093,0.3978488808617383,0.548936849741763,0.021998372536549383,0.3647512116979684,0.2187525438569299,0.09363031503173742,0.03926428407849583,0,1,0
2025-06-25 08:00:00,2025,1654,UP,3327.66,3295.34,1.371283245429489,2025-06-25 16:00:00,-7.039999999999964,-0.21782178217821865,0.10324697460883625,0.35601563423719595,0.23269475561703856,0.027467660204871062,0.1261591933086949,0.10309000445389024,0.034716155321977825,0.012324923519230906,0,1,0
2025-06-25 12:00:00,2025,1654,UP,3327.48,3325.78,0.07235016809091226,2025-06-25 12:00:00,-1.699999999999818,-1.0,0.05641135082653884,0.3699229802768885,0.14065317929068788,0.01787929575121949,0.09971857459461116,0.05672695762642738,0.019558890241597147,0.007445183965897429,0,1,0
2025-06-25 16:00:00,2025,1655,DOWN,3320.62,3337.04,0.7008252904102887,2025-06-25 20:00:00,-14.340000000000146,-0.8733252131546944,0.301145583927207,0.11760289551725085,0.563432461374922,0.029382275040476167,0.4008925085974503,0.30459082758201594,0.13143109236648332,0.07331307560330155,1,1,1
2025-06-25 20:00:00,2025,1656,UP,3334.96,3311.95,0.9821548315734948,2025-06-26 16:00:00,-12.909999999999854,-0.561060408518024,0.6422182247461578,0.5467327844404349,0.1876838443298441,0.010069525252662942,0.8726900350075794,0.6273781447323423,0.44707330671089573,0.28363979056009603,0,0,0
2025-06-26 01:00:05,2025,1656,UP,3334.39,3311.95,0.9605945157464869,2025-06-26 16:00:00,-12.33999999999969,-0.5499108734402701,0.287860334228889,0.3347102069774882,0.46570383911781066,0.4317892442152324,0.47347481987540063,0.28267828507993403,0.160447572697597,0.06551617194744297,0,1,1
2025-06-26 04:00:00,2025,1656,UP,3334.12,3311.95,0.952325171839098,2025-06-26 16:00:00,-12.069999999999709,-0.5444294091113969,0.13197227431083855,0.46065007354626625,0.30134791394967325,0.3615866172960623,0.30328875493143054,0.1304526626524988,0.05329871919076846,0.03423745481627982,0,1,1
2025-06-26 08:00:00,2025,1656,UP,3334.12,3329.29,0.20794289403117705,2025-06-26 15:49:00,-4.829999999999927,-1.0,0.07196308856833414,0.44950553368164586,0.1602544943139228,0.2558235424765388,0.19879321323546909,0.07057544153295767,0.02430320521609095,0.014063199829475258,0,1,1
2025-06-26 12:00:00,2025,1656,UP,3348.31,3330.98,0.7467953383713531,2025-06-26 15:36:00,-17.329999999999927,-1.0,0.0606804018031233,0.5469446257350332,0.19702919183106035,0.40043052465411383,0.36986744420823703,0.061075128838627896,0.011413585442122976,0.0042761456715086025,0,1,1
2025-06-26 16:00:00,2025,1657,DOWN,3322.05,3350.3,1.2162126639610054,2025-06-27 01:00:05,-5.960000000000036,-0.21097345132743492,0.3921351900087,0.18175521293083868,0.5992829136252747,0.6594869088344362,0.5874677796327787,0.39174247477138674,0.16466786442495335,0.10195512149084206,0,1,1
2025-06-26 20:00:00,2025,1657,DOWN,3331.27,3350.3,0.8192631128066367,2025-06-27 01:00:05,3.2599999999997635,0.17130846032578714,0.09031105298833667,0.1806322345753691,0.3333856680344787,0.5200428648021089,0.1610746021451049,0.09314175257905873,0.03230350716150589,0.021479301316493178,1,1,1
2025-06-27 01:00:05,2025,1658,UP,3328.01,3309.97,0.7793580192897468,2025-06-27 04:00:00,-9.170000000000073,-0.5083148558758237,0.38820835532775094,0.36132722224222397,0.3543000643414026,0.30467839964881027,0.5319665888214118,0.38850814995053123,0.31506094721789457,0.18532208218971905,0,1,0
2025-06-27 04:00:00,2025,1659,DOWN,3318.84,3336.4,0.7601715296634326,2025-06-30 01:00:05,44.789999999999964,2.5506833712984114,0.3258513320633932,0.17826672521278097,0.6756722525806863,0.456499153312197,0.517236931180972,0.3332491863066173,0.15762517808948218,0.11160568163350613,1,1,1
2025-06-27 08:00:00,2025,1659,DOWN,3294.05,3336.4,1.829892330808314,2025-06-30 01:00:05,20.0,0.4722550177095642,0.28564516050036304,0.2978202147578207,0.5506876283214284,0.46092873801653594,0.5713129117656253,0.2790639664307184,0.04001803380173231,0.029183020588122454,1,1,1
2025-06-27 12:00:00,2025,1659,DOWN,3289.42,3336.4,2.0319163831103033,2025-06-30 01:00:05,15.36999999999989,0.32716049382715806,0.0625065106698262,0.22575032274160772,0.2015338548338652,0.19702814220431172,0.16316517043854886,0.06147251386698947,0.005304626777493054,0.0033656417054386887,1,1,1
2025-06-27 16:00:00,2025,1659,DOWN,3270.11,3336.4,2.868203957988004,2025-06-30 01:00:05,-3.9400000000000546,-0.05943581233972027,0.03334958115971021,0.3037836449031532,0.1223159475906588,0.14906031748347548,0.15786934457371288,0.03383838080589196,0.0012043772438723158,0.0007758334680905368,1,1,1
2025-06-27 20:00:00,2025,1659,DOWN,3277.64,3336.4,2.5427002521537982,2025-06-30 01:00:05,3.5899999999996908,0.061095983662349855,0.003985835478511493,0.26167204045370734,0.020332649296995062,0.036473333900825376,0.01708576676673103,0.0041447006168333226,0.00016044549025522574,0.00014701299833126173,1,1,1
2025-06-30 01:00:05,2025,1660,UP,3274.05,3255.93,0.7857434709860157,2025-06-30 01:22:00,-18.120000000000346,-1.0,0.4581192821219363,0.40528029583484076,0.007046096952645169,0.027635270201558117,0.6106335654591449,0.45112519934889145,0.29068228431585225,0.16987508354066688,0,0,0
2025-06-30 04:00:00,2025,1661,DOWN,3264.52,3281.44,0.7316647558629107,2025-06-30 05:09:00,-16.920000000000073,-1.0,0.23140727858651514,0.14022941080926943,0.0053709306351762175,0.021679678835290508,0.3816725157546552,0.23865179158966968,0.12234396541517767,0.09744026729759403,1,1,1
2025-06-30 08:00:00,2025,1662,UP,3285.73,3259.51,1.1328317529983705,2025-06-30 16:00:00,-3.6799999999998363,-0.14035087719297729,0.5284031175772068,0.44195606771344786,0.6015341081241602,0.0033961430593948882,0.8368410457697496,0.5372749471733077,0.37109361193015494,0.22584332687395264,0,1,0
2025-06-30 12:00:00,2025,1662,UP,3289.31,3259.51,1.2909184194400398,2025-06-30 16:00:00,-7.2599999999997635,-0.2436241610738198,0.17366031811380414,0.4028387427929189,0.2902159290427348,0.4246908770174391,0.42847965776633756,0.17876815330349113,0.08844117395696378,0.0516321635329238,0,1,1
2025-06-30 16:00:00,2025,1663,DOWN,3282.05,3296.76,0.638533861711452,2025-06-30 19:50:00,-14.710000000000036,-1.0,0.34248654030838444,0.14468786585134694,0.08166637465013803,0.36616093159490765,0.40072962657014216,0.34299469236197666,0.12756350204947384,0.07654550893992548,1,0,1
2025-06-30 20:00:00,2025,1664,UP,3297.46,3274.55,0.9953128840856613,2025-07-02 01:00:05,40.55000000000018,1.7699694456569375,0.5242941651979396,0.41285384142693426,0.14863362328604798,0.6157776309948503,0.7810667107691424,0.5135668024429092,0.3919020747240308,0.254092895139389,0,1,1
2025-07-01 01:00:05,2025,1664,UP,3303.84,3274.55,1.274197886062317,2025-07-02 01:00:05,34.17000000000007,1.1666097644247222,0.24487140332522503,0.41541589922717725,0.07095992693220585,0.5461592325213808,0.5550548832340415,0.2439568024820328,0.14483953000805566,0.08110659336235522,0,1,1
2025-07-01 04:00:00,2025,1664,UP,3314.93,3274.55,1.761026770885614,2025-07-02 01:00:05,23.080000000000382,0.5715700842001135,0.1376077699759062,0.4618441213423665,0.04418953368615101,0.5468569481613188,0.45635384219933856,0.1390452537217999,0.05000008908364343,0.022337615480498237,0,1,1
2025-07-01 08:00:00,2025,1664,UP,3323.11,3274.55,2.1248825275195404,2025-07-02 01:00:05,14.900000000000091,0.30683690280066117,0.04961415121655918,0.3968387400553475,0.018780846232718723,0.4695233057766635,0.21377138989088967,0.05196119269317829,0.010825963926646382,0.0033617418597023012,0,1,1
2025-07-01 12:00:00,2025,1664,UP,3339.76,3274.55,2.8557928819572034,2025-07-02 01:00:05,-1.75,-0.026836374789142754,0.019183665769735136,0.4071331659503575,0.012184460807691954,0.5250074241549152,0.13110926088521782,0.01995348552542534,0.00204381842669436,0.00047755781318222504,0,1,1
2025-07-01 16:00:00,2025,1664,UP,3354.74,3274.55,3.5145295415473985,2025-07-02 01:00:05,-16.729999999999563,-0.20862950492579682,0.005658926143583463,0.46867900466955953,0.00514057248374532,0.46291479849078143,0.08634506444085163,0.005940634556318954,0.0003067107725923091,8.787204454145363e-05,0,1,1
2025-07-01 20:00:00,2025,1664,UP,3341.89,3274.55,2.9544583005895437,2025-07-02 01:00:05,-3.8799999999996544,-0.05761805761805275,0.0008529287312952623,0.3490947291224366,0.00037602484922752015,0.10189588678929883,0.006745029016641573,0.0008266054078090354,3.825807276214115e-05,1.013968947316199e-05,0,1,1
2025-07-02 01:00:05,2025,1665,DOWN,3338.01,3357.91,0.876828303062244,2025-07-02 16:00:00,-8.849999999999909,-0.4447236180904558,0.23665406294297958,0.1795983706136862,0.3589620100908767,0.026897933152015694,0.37045582394631554,0.24002260461914515,0.0987553422597023,0.06069134523617214,0,1,0
2025-07-02 04:00:00,2025,1665,DOWN,3338.96,3357.91,0.8374903162549839,2025-07-02 16:00:00,-7.900000000000091,-0.4168865435356289,0.11376894293417199,0.11977292081182257,0.204438167093738,0.01610412215924245,0.111372266813405,0.10910674082482438,0.02673696053938841,0.010526611424152144,0,1,0
2025-07-02 08:00:00,2025,1665,DOWN,3340.04,3344.99,0.2192110681861065,2025-07-02 13:37:00,-4.949999999999818,-1.0,0.05525930894143481,0.133504480357201,0.1415353921281218,0.01146595150597417,0.05530823019259998,0.054924411964883325,0.014673785964527779,0.0068370130636199785,0,1,0
2025-07-02 12:00:00,2025,1665,DOWN,3333.49,3343.86,0.4599434710589823,2025-07-02 13:07:00,-10.370000000000346,-1.0,0.0404727147932431,0.1694586461963473,0.07839550833418565,0.004074557803790631,0.06721951856942825,0.03905205301146424,0.006560986378789151,0.002158020418237094,0,1,0
2025-07-02 16:00:00,2025,1666,UP,3346.86,3327.53,0.8583060917352668,2025-07-03 04:00:00,-2.099999999999909,-0.10863942058975255,0.5184435737964826,0.317692500654136,0.6003963493021582,0.013664263383570806,0.7067641096111702,0.5168313483410163,0.4198748143094315,0.2720077875071916,0,1,1
2025-07-02 20:00:00,2025,1666,UP,3348.9,3333.9,0.6672371200742496,2025-07-03 04:00:00,-4.139999999999873,-0.27599999999999153,0.35868202514664094,0.46980435000269555,0.32403831287934665,0.0074243064742630935,0.706862991257951,0.3514270079938682,0.28592134185869206,0.08909968398048236,0,1,1
2025-07-03 01:00:05,2025,1666,UP,3358.42,3333.9,1.0933231968678887,2025-07-03 04:00:00,-13.659999999999854,-0.5570962479608428,0.23827262405356398,0.5407444860831251,0.35804097203330376,0.012500502454339299,0.6828292921548589,0.2391259106209917,0.11997730240530982,0.04225433491009615,1,1,1
2025-07-03 04:00:00,2025,1667,DOWN,3344.76,3365.82,0.9390816584819482,2025-07-03 12:00:00,-11.58999999999969,-0.5503323836657037,0.38414616990741385,0.21629938724648937,0.040826455494851574,0.0021403337564810435,0.6213664169072348,0.3728876076546333,0.11574489704620124,0.05755853990825888,0,0,0
2025-07-03 08:00:00,2025,1667,DOWN,3350.76,3365.82,0.6736156171263499,2025-07-03 12:00:00,-5.589999999999691,-0.3711819389110034,0.11031445704214539,0.13398395839630453,0.3123721049044546,0.0012765850962509703,0.1447386854315112,0.10634653487511146,0.03672517928931586,0.017038499435390327,0,1,0
2025-07-03 12:00:00,2025,1668,UP,3356.35,3341.87,0.6490999058830363,2025-07-03 15:30:00,-14.480000000000018,-1.0,0.5049323677786884,0.3829193163784962,0.5923434485018672,0.0018245774161669472,0.6921792240153042,0.5057333314780412,0.42621654724170277,0.31095081161160715,1,1,1
2025-07-03 16:00:00,2025,1669,DOWN,3324.59,3363.66,1.741682947307982,2025-07-04 08:00:01,-16.4699999999998,-0.42155106219605637,0.2709435031435058,0.20390583453658034,0.6853507104022779,0.7887860624932562,0.5086898058248093,0.2697305173005007,0.09390733673694021,0.06546096587204564,0,1,1
2025-07-03 20:00:00,2025,1669,DOWN,3333.88,3363.66,1.329547913793164,2025-07-04 08:00:01,-7.179999999999836,-0.24110141034250832,0.042869240366540086,0.13485356447017083,0.25979395487903834,0.4119336948864239,0.07867938473399096,0.040552954986569356,0.011688276109379921,0.007577619388517748,0,1,1
2025-07-04 01:00:05,2025,1669,DOWN,3325.55,3334.84,0.4160883724199757,2025-07-04 06:33:00,-9.289999999999964,-1.0,0.03666723701642708,0.157631823543586,0.20097066651104256,0.37481716768811074,0.13901606450569837,0.036620565291330745,0.00798484193582006,0.0026885130111985495,0,1,1
2025-07-04 04:00:00,2025,1669,DOWN,3328.95,3334.84,0.26471574277923277,2025-07-04 06:33:00,-5.890000000000327,-1.0,0.013580985996909356,0.11362525879699432,0.06038061667293375,0.1775804781492411,0.03214523921181499,0.01397671021604298,0.002659774913860548,0.0006778573901969501,0,1,1
2025-07-04 08:00:01,2025,1670,UP,3341.06,3323.46,0.7922236987043865,2025-07-04 16:00:00,-7.130000000000109,-0.40511363636364467,0.55934682232266,0.4804024696721381,0.6503672775257083,0.5627899893431567,0.8443252470637345,0.562342245642019,0.4730622012755845,0.3547958691970419,0,1,1
2025-07-04 12:00:00,2025,1670,UP,3343.0,3326.13,0.7619607627302885,2025-07-04 16:00:00,-9.070000000000164,-0.5376407824540737,0.30028557797044525,0.3959270176327037,0.3077297802666358,0.36415171552508335,0.5373536492370594,0.2969596544875051,0.1916946195715145,0.10076067858808056,0,1,1
2025-07-04 16:00:00,2025,1671,DOWN,3333.93,3345.01,0.5017668598217082,2025-07-07 20:00:00,6.399999999999636,0.5776173285198029,0.3768042456240971,0.21666341706521794,0.07580158931276446,0.3579437066305695,0.5209081566078522,0.3825773381009336,0.16932690518819274,0.12617576045821827,0,0,1
2025-07-07 01:00:05,2025,1671,DOWN,3334.42,3337.99,0.16227590869914105,2025-07-07 01:02:00,-3.569999999999709,-1.0,0.11999126481526462,0.1835956313991158,0.4216630612619033,0.39329153312036347,0.19241991161525776,0.11771070145321275,0.04554729727102416,0.02331253975659925,0,1,1
2025-07-07 04:00:00,2025,1671,DOWN,3326.55,3342.44,0.7225148800807578,2025-07-07 20:00:00,-0.9800000000000182,-0.061674008810574325,0.09067799494457308,0.2557423719830679,0.42273694889505153,0.4281062178398722,0.28495369559237094,0.09101313817883304,0.020443910855095955,0.008186549881624131,0,1,1
2025-07-07 08:00:00,2025,1671,DOWN,3307.75,3342.44,1.5771765638504627,2025-07-07 20:00:00,-19.7800000000002,-0.5701931392332132,0.051764318990842606,0.21942849631473044,0.26360505199047113,0.41407853954927953,0.20077516210102697,0.05412561664215327,0.005348321799939829,0.0021917927247440843,1,1,1
2025-07-07 12:00:00,2025,1671,DOWN,3310.09,3315.25,0.2350371827348307,2025-07-07 16:53:00,-5.1599999999998545,-1.0,0.010053808136299403,0.18631589566906148,0.07431898876256836,0.18247563728693655,0.0462056782380432,0.009695460757839242,0.0010761618381527963,0.0005573255528032735,1,1,1
2025-07-07 16:00:00,2025,1671,DOWN,3309.56,3315.25,0.2595440340453669,2025-07-07 16:53:00,-5.690000000000055,-1.0,0.004027181672996066,0.18760134198494255,0.03322199827621876,0.0978101562275756,0.015938071442668598,0.00406164787543502,0.00033791094332318163,0.00018047140916430042,1,1,1
2025-07-07 20:00:00,2025,1672,UP,3327.53,3296.37,1.4213389931625677,2025-07-08 08:00:00,2.0599999999999454,0.06611039794608231,0.5760892307947033,0.4252274221056769,0.6305066020189447,0.028089769507630074,0.8873575770431582,0.5830614179627839,0.4206609443487511,0.23138560235752986,0,1,0
2025-07-08 01:00:05,2025,1672,UP,3339.59,3296.37,1.975889283010336,2025-07-08 08:00:00,-10.0,-0.2313743637204984,0.27906948886735,0.48891699322572796,0.385320893945281,0.5752084366321574,0.6241058450273896,0.2813189407495663,0.1680927140758276,0.06598166386744017,0,1,1
2025-07-08 04:00:00,2025,1672,UP,3334.46,3296.37,1.7445706318671734,2025-07-08 08:00:00,-4.869999999999891,-0.12785508007350677,0.08754548640340158,0.40087907207281104,0.12000580984905714,0.4627260368963505,0.13725062586150752,0.09065786230353583,0.037490057848230195,0.017287751893971498,0,1,1
2025-07-08 08:00:00,2025,1673,DOWN,3329.59,3337.94,0.3835408660863434,2025-07-08 10:04:00,-8.349999999999909,-1.0,0.3123119270459833,0.15837443358798442,0.03737233536295793,0.302838322831718,0.4312415379888336,0.3155517968930104,0.10927061744367453,0.05640993778170652,0,0,0
2025-07-08 12:00:00,2025,1673,DOWN,3323.66,3345.7,1.0138183158237954,2025-07-09 16:00:00,27.039999999999964,1.226860254083485,0.14413212296205044,0.18489373300617737,0.5341616426814978,0.5546208763752747,0.30540865137509077,0.1381183512777893,0.03166078308929917,0.010631889790244889,0,1,1
2025-07-08 16:00:00,2025,1673,DOWN,3328.17,3339.4,0.5181326461802965,2025-07-09 16:00:00,31.550000000000182,2.8094390026714273,0.051535506337852116,0.1776206279699719,0.33985741793573365,0.4213035479797418,0.0901257555891877,0.051152645826710176,0.013577472459727678,0.005774877110329662,0,1,1
2025-07-08 20:00:00,2025,1673,DOWN,3300.5,3329.82,1.3459029863001073,2025-07-09 16:00:00,3.880000000000109,0.13233287858117623,0.04663835310797126,0.22907204541426093,0.2642500531538158,0.5868901763301065,0.1364555207203837,0.04668492722682587,0.004802744796726777,0.002617833647613169,1,1,1
2025-07-09 01:00:05,2025,1673,DOWN,3301.61,3310.35,0.4023026317548791,2025-07-09 16:00:00,4.9900000000002365,0.5709382151030161,0.009340483073899567,0.15941902514334455,0.06641680505812693,0.26977386123743563,0.042797412545323744,0.00883643458036572,0.0007189502522464281,0.0002805110738025836,1,1,1
2025-07-09 04:00:00,2025,1673,DOWN,3307.11,3310.35,0.14955786489997366,2025-07-09 16:00:00,10.490000000000236,3.2376543209879456,0.003126769842129313,0.17310018639777158,0.0206318387548977,0.11366486905369166,0.012793238005729993,0.0031529872097036267,0.0003090694154962391,0.00010570540310643467,1,1,1
2025-07-09 08:00:00,2025,1673,DOWN,3293.9,3307.97,0.6493745974459687,2025-07-09 16:00:00,-2.7199999999998,-0.1933191186922428,0.0027870776290936346,0.19245330808076258,0.021734738727609462,0.15372426011806173,0.01661658751859372,0.002911884315346775,0.00012162347604217916,3.721461391333262e-05,1,1,1
2025-07-09 12:00:00,2025,1673,DOWN,3284.92,3297.75,0.5931449815930236,2025-07-09 16:00:00,-11.699999999999818,-0.911925175370217,0.0013847731639093587,0.22118283343125583,0.012117447181558593,0.11371603374590106,0.01951755440958986,0.001433693889079427,4.202563350691782e-05,9.121985329182684e-06,1,1,1
2025-07-09 16:00:00,2025,1674,UP,3296.62,3282.66,0.6465985241339153,2025-07-10 20:00:00,18.43000000000029,1.32020057306592,0.5917514418346845,0.4373258666077281,0.0021519327705937542,0.03924606480905944,0.7267904442513937,0.5879015507106086,0.42775026561980534,0.2912432767144383,0,0,0
2025-07-09 20:00:00,2025,1674,UP,3312.01,3283.21,1.3340323283000424,2025-07-10 20:00:00,3.0399999999999636,0.10555555555555363,0.3527843366362589,0.5028888967774782,0.6317960424071621,0.5340190873843107,0.7757405659592066,0.35823593962604455,0.18402067944274264,0.06832418495806508,0,1,1
2025-07-10 01:00:05,2025,1674,UP,3313.65,3283.21,1.4146755905585593,2025-07-10 20:00:00,1.400000000000091,0.04599211563732222,0.11474712859657511,0.407269986676258,0.30361651335819967,0.387796891303052,0.2839495095215758,0.11474603148994385,0.04323202809635067,0.013237353416866183,0,1,1
2025-07-10 04:00:00,2025,1674,UP,3317.79,3283.21,1.6121642967797176,2025-07-10 20:00:00,-2.7399999999997817,-0.0792365529207573,0.05118926730474874,0.4825204626306649,0.21486562375749454,0.4041562822136379,0.18630660502512789,0.05553568003845661,0.01651968235323435,0.00566281315917937,0,1,1
2025-07-10 08:00:00,2025,1674,UP,3322.4,3283.21,1.831842275749397,2025-07-10 20:00:00,-7.349999999999909,-0.18754784383771111,0.02300901746087314,0.455880199222545,0.07490074896433734,0.2664850231210648,0.09117566625176303,0.022974960398937514,0.003943618406572956,0.0008481817761068218,0,1,1
2025-07-10 12:00:00,2025,1674,UP,3328.83,3314.85,0.655346013817736,2025-07-10 16:57:00,-13.980000000000018,-1.0,0.012061375274560165,0.4154292373036031,0.05438984355662439,0.2610859693427059,0.08921104488259109,0.01251020431856984,0.0016848272830486922,0.00029859598604586385,0,1,1
2025-07-10 16:00:00,2025,1674,UP,3323.97,3314.85,0.4285097448914598,2025-07-10 16:57:00,-9.11999999999989,-1.0,0.003985904459054242,0.3624616783278926,0.01600247548326243,0.12040513555050278,0.02505863508192645,0.004080736141652096,0.00044611787399407156,6.409586424975229e-05,0,1,1
2025-07-10 20:00:00,2025,1675,DOWN,3315.05,3330.26,0.7150116873185431,2025-07-11 01:00:05,-9.299999999999727,-0.6114398422090536,0.2992464687471317,0.16516561593455822,0.4834985660515489,0.02473805341823063,0.4647352581293772,0.29672857415643944,0.11594384720989771,0.06728065541375301,1,1,0
2025-07-11 01:00:05,2025,1676,UP,3324.35,3310.01,0.675870299552309,2025-07-14 08:00:00,35.26999999999998,2.4595536959554214,0.6052318433185895,0.511872716214437,0.13523797767291829,0.05030569361772573,0.8111611829496476,0.606561707103034,0.48911820170296294,0.4017506230500763,0,0,1
2025-07-11 04:00:00,2025,1676,UP,3330.7,3310.01,0.9769036976655922,2025-07-14 08:00:00,28.920000000000073,1.397776703721635,0.3109473430141299,0.479693454880544,0.6778514303751352,0.08652766910667953,0.6292615317837821,0.3229559435358738,0.16655437445072035,0.08453166489733963,0,1,1
2025-07-11 08:00:00,2025,1676,UP,3332.1,3310.01,1.0458428322496038,2025-07-14 08:00:00,27.519999999999982,1.2458125848800528,0.1662918528994721,0.5061389149804434,0.29431341552433815,0.03501079318926599,0.38669905954373207,0.15708233805094943,0.05870610825347641,0.022735970054567133,0,1,1
2025-07-11 12:00:00,2025,1676,UP,3333.25,3310.01,1.102740568549976,2025-07-14 08:00:00,26.36999999999989,1.13468158347677,0.07309520046537234,0.498807942137265,0.19076991328888487,0.029981668427525504,0.18284523173781494,0.07411132418941317,0.022595148029372923,0.008968998088000078,0,1,1
2025-07-11 16:00:00,2025,1676,UP,3355.26,3331.12,1.1444756410844166,2025-07-14 08:00:00,4.359999999999673,0.18061309030652914,0.08793382525567019,0.5584015918851485,0.2447240795316636,0.06761856420499461,0.380952340902915,0.08750262645832005,0.01067043065615003,0.0031573461342457153,1,1,1
2025-07-11 20:00:00,2025,1676,UP,3353.89,3331.12,1.0802531760932836,2025-07-14 08:00:00,5.730000000000018,0.2516469038208179,0.014293152722760483,0.5055711931500529,0.05686747849324846,0.023578584023173702,0.08333977116026121,0.014444639061039717,0.001345372018079046,0.0005489202272844556,1,1,1
2025-07-14 01:00:05,2025,1676,UP,3364.1,3349.24,0.7069621743222941,2025-07-14 08:00:00,-4.480000000000018,-0.3014804845222059,0.0069390508535306875,0.5052078615810147,0.027103919234053694,0.015805694622400505,0.047620077333934516,0.00696608471123211,0.0004188494221150988,0.00014279590763594113,1,1,1
2025-07-14 04:00:00,2025,1676,UP,3367.75,3349.24,0.8810829744124867,2025-07-14 08:00:00,-8.13000000000011,-0.4392220421393848,0.004670679689438612,0.5964327748218508,0.023259679574088917,0.017104504753321446,0.07000277254249902,0.005237807515654712,0.0002607939702689043,8.224903296271405e-05,1,1,1
2025-07-14 08:00:00,2025,1677,DOWN,3359.62,3373.97,0.6839223687911966,2025-07-14 10:28:00,-14.349999999999909,-1.0,0.3031549108464199,0.20047681703325046,0.00264991643064585,0.003980764209391921,0.3660019790659325,0.3086064754651602,0.11947164651137458,0.09073190079338263,0,0,0
2025-07-14 12:00:00,2025,1678,UP,3366.26,3353.79,0.5942854991669295,2025-07-14 15:37:00,-12.470000000000255,-1.0,0.4473875201155526,0.32595010639957095,0.0037232102105659243,0.004462189901193268,0.6580517774861034,0.44811424168261593,0.34383708151690867,0.22690079132084534,1,1,1
2025-07-14 16:00:00,2025,1679,DOWN,3350.06,3374.59,1.1677092946170369,2025-07-15 08:00:00,-10.269999999999982,-0.41867101508356697,0.2967642311259924,0.1729060723921531,0.5601457578909157,0.000210393981081094,0.49451856624428775,0.2939666532502674,0.10167264879613504,0.05401261926189549,0,1,0
2025-07-14 20:00:00,2025,1679,DOWN,3347.75,3374.59,1.2787067171433435,2025-07-15 08:00:00,-12.579999999999927,-0.46870342771981593,0.08981710309987025,0.17606739604673052,0.3084628695345503,0.5598430897870889,0.212208883740047,0.08825087451196648,0.02213007456041423,0.009937655262498037,0,1,1
2025-07-15 01:00:05,2025,1679,DOWN,3344.01,3351.65,0.36500666438206003,2025-07-15 05:21:00,-7.639999999999873,-1.0,0.04463495671134784,0.15208097471918697,0.20291358208360835,0.4303122735647355,0.10759955188931798,0.044404843500902166,0.009033638509708855,0.003923120211165934,0,1,1
2025-07-15 04:00:00,2025,1679,DOWN,3347.63,3351.65,0.192717878655431,2025-07-15 05:21:00,-4.019999999999982,-1.0,0.015761205463648436,0.1106269150355468,0.039472076101831385,0.17120728167648572,0.01737500277374048,0.014881049882957,0.0031234655663306744,0.0008194867700840534,0,1,1
2025-07-15 08:00:00,2025,1680,UP,3360.33,3341.25,0.9159861157093707,2025-07-15 16:00:00,-11.449999999999818,-0.6001048218029278,0.6060443804190706,0.49235930318220156,0.7415315763888577,0.7087288955299624,0.895056960261438,0.6071233564411189,0.47473198118367665,0.32606123686230676,1,1,1
2025-07-15 12:00:00,2025,1680,UP,3361.23,3341.25,0.9622238576820765,2025-07-15 16:00:00,-12.349999999999909,-0.618118118118113,0.30693628241230303,0.4044662213941877,0.344853710189589,0.4703702498569194,0.5348986642764428,0.3058414652137544,0.18971591515647915,0.10182431874561154,1,1,1
2025-07-15 16:00:00,2025,1681,DOWN,3348.88,3366.3,0.8391322285364916,2025-07-16 08:00:00,10.470000000000255,0.601033295063158,0.2852197714693156,0.2086731888579001,0.5470485016454879,0.1284728270924521,0.5872029368542012,0.2816588174007137,0.1019379107112916,0.056762528274026364,0,1,0
2025-07-15 20:00:00,2025,1681,DOWN,3329.29,3366.3,1.7773578442670444,2025-07-16 08:00:00,-9.11999999999989,-0.24641988651715313,0.15912023137517373,0.2404571190659536,0.49857340478887435,0.7733079549221331,0.41785939214732704,0.15884366480405235,0.03315508379671891,0.024773265645918155,0,1,1
2025-07-16 01:00:05,2025,1681,DOWN,3324.08,3331.92,0.3778925554206517,2025-07-16 03:33:00,-7.8400000000001455,-1.0,0.036310593317756205,0.21191903543803095,0.12784328933570394,0.3460990585486645,0.1757282866535932,0.0350080669234482,0.005623313292313623,0.003933426525456044,0,1,1
2025-07-16 04:00:00,2025,1681,DOWN,3330.46,3366.3,1.7330157600280032,2025-07-16 08:00:00,-7.949999999999818,-0.22181919642856546,0.007874611800717381,0.1576538973773933,0.02704003325605137,0.13669169766651476,0.01845973343474827,0.007449307722051269,0.0008142387446215851,0.00034482441252084065,0,1,1
2025-07-16 08:00:00,2025,1682,UP,3338.41,3325.08,0.6458129142078002,2025-07-16 16:00:00,-3.8399999999996908,-0.2880720180044795,0.5141017396100541,0.4478837829295842,0.5584281354091426,0.06423795261906674,0.813789737904827,0.5142495407158149,0.3841744985516142,0.22618135289116822,0,1,0
2025-07-16 12:00:00,2025,1682,UP,3342.18,3325.08,0.8315195478824121,2025-07-16 16:00:00,-7.609999999999673,-0.44502923976606507,0.3207429177405033,0.43150291567162646,0.32559321309430295,0.4320051043967987,0.6109279644832065,0.3204803774146801,0.19554259097931892,0.10225284776302618,0,1,1
2025-07-16 16:00:00,2025,1683,DOWN,3334.57,3343.01,0.4113481339634095,2025-07-16 18:01:00,-8.440000000000055,-1.0,0.3556895111773272,0.2141905450349265,0.08300248297056333,0.3203841751200905,0.48095600592751386,0.3582663839927075,0.15773201750666793,0.12139615985556633,0,0,1
2025-07-16 20:00:00,2025,1684,UP,3349.3,3319.63,1.4316833420450037,2025-07-17 04:00:00,-8.519999999999982,-0.2871587462082899,0.34056874953612454,0.39796902719213595,0.10658867234698048,0.712529380519653,0.5429885122250268,0.3405692696235555,0.23578171578865423,0.21894699809555887,1,1,1
2025-07-17 01:00:05,2025,1684,UP,3348.85,3319.63,1.41349468301374,2025-07-17 04:00:00,-8.069999999999709,-0.2761806981519426,0.13328863518452394,0.34006082788727005,0.029814030667430443,0.5920794487812634,0.2213610171073355,0.13279657080902452,0.07005045300371274,0.05196212986365057,1,1,1
2025-07-17 04:00:00,2025,1685,DOWN,3340.78,3352.13,0.5502692169550361,2025-07-17 20:00:00,1.8100000000004002,0.15947136563880304,0.2587704892507064,0.18241753258669868,0.5042175900787672,0.2128928723192255,0.5396187895468851,0.247785893067897,0.0921416460241829,0.04835128026601456,0,1,0
2025-07-17 08:00:00,2025,1685,DOWN,3342.66,3352.13,0.46064520160056116,2025-07-17 20:00:00,3.6900000000000546,0.38965153115099843,0.12432958446680566,0.1435188525427706,0.3887675094912006,0.4288671235356049,0.1439168740450093,0.12142921007832541,0.04684160559761109,0.029034526134633188,0,1,1
2025-07-17 12:00:00,2025,1685,DOWN,3328.74,3344.69,0.7764362046367032,2025-07-17 20:00:00,-10.230000000000018,-0.6413793103448178,0.09964312985763513,0.18175494676710643,0.2506210265515559,0.4838709468505559,0.17360632523718048,0.09889415684268056,0.023458368095781543,0.011727811356399321,0,1,1
2025-07-17 16:00:00,2025,1685,DOWN,3313.04,3344.69,1.5398041550100485,2025-07-17 20:00:00,-25.929999999999836,-0.8192733017377491,0.05821504896104749,0.23494765542345816,0.17170288791417074,0.5246343842033542,0.2012253839496292,0.05808073679622997,0.005009795735796577,0.0025581019575572836,1,1,1
2025-07-17 20:00:00,2025,1686,UP,3338.97,3309.8,1.41602453423774,2025-07-18 08:00:00,-1.919999999999618,-0.06582104902295657,0.6420237047208817,0.5295775848495429,0.009056307609896258,0.12267947460654231,0.9026452527931202,0.6462100583626711,0.3987929725114525,0.23970475159454277,0,0,0
2025-07-18 01:00:05,2025,1686,UP,3341.98,3309.8,1.5685630223022557,2025-07-18 08:00:00,-4.929999999999836,-0.1532007458048434,0.21841645682599192,0.44215470939329393,0.46015880052347846,0.384129694135068,0.5656128209857825,0.21809812225377842,0.11436045925827891,0.042511265960527976,0,1,1
2025-07-18 04:00:00,2025,1686,UP,3340.04,3309.8,1.479793493634927,2025-07-18 08:00:00,-2.9899999999997817,-0.09887566137565487,0.0940942688602027,0.4156730811016112,0.2916986946823923,0.31507592372018794,0.22437856926613567,0.09364671184785688,0.03737220606862572,0.013950899164989171,0,1,1
2025-07-18 08:00:00,2025,1687,DOWN,3337.05,3344.17,0.34937394845304004,2025-07-18 10:09:00,-7.119999999999891,-1.0,0.3396663936038352,0.17319494027695603,0.13492276193840427,0.2910834648729951,0.40959843540478885,0.33892799034537785,0.13643467541208545,0.0872789981335677,1,0,0
2025-07-18 12:00:00,2025,1688,UP,3347.77,3331.8,0.7840310362451886,2025-07-21 01:00:37,1.9699999999998,0.12335629304945676,0.5039930968846206,0.4007658485052686,0.18172900173973372,0.3795489063179643,0.7528449714014964,0.5095825210454104,0.4054332488649197,0.2794502901623403,0,1,1
2025-07-18 16:00:00,2025,1688,UP,3360.12,3331.8,1.3928487651588048,2025-07-21 01:00:37,-10.38000000000011,-0.3665254237288212,0.308219279684449,0.4069089087833807,0.11561499813617478,0.37308139419542774,0.6646452248865776,0.31493299019913257,0.15920014489313575,0.07265302657058578,0,1,1
2025-07-18 20:00:00,2025,1688,UP,3353.84,3331.8,1.087319683868139,2025-07-21 01:00:37,-4.100000000000364,-0.18602540834847417,0.07692165396599551,0.4038669648047823,0.015976420908538326,0.12382889265761972,0.17654965374144171,0.07518060586247086,0.032290308179744466,0.012102447549143611,0,1,1
2025-07-21 01:00:37,2025,1689,DOWN,3349.74,3361.22,0.5685615602084848,2025-07-21 08:00:00,-8.220000000000255,-0.716027874564481,0.29799734287858465,0.16679730936769585,0.4918891431463819,0.03370488960033017,0.40654103518853857,0.30062607559029236,0.12475640371905838,0.07499637561418955,1,1,0
2025-07-21 04:00:00,2025,1689,DOWN,3352.24,3361.22,0.4460445047941259,2025-07-21 08:00:00,-5.720000000000255,-0.6369710467706284,0.15343310770561536,0.1345222651851438,0.2961611247836634,0.0369814031134849,0.11634118907759188,0.1533935247801382,0.053222634338968615,0.02778378343614712,1,1,0
2025-07-21 08:00:00,2025,1690,UP,3357.96,3344.9,0.6508646009934195,2025-07-22 08:00:00,33.23000000000002,2.5444104134762755,0.5135968413779363,0.4017249257173732,0.5443239498875455,0.052435153739809906,0.7005858836155427,0.5144636162696484,0.44314094395358994,0.30494168974447977,0,1,1
2025-07-21 12:00:00,2025,1690,UP,3366.2,3350.63,0.7774686667903118,2025-07-22 08:00:00,24.990000000000236,1.6050096339114133,0.30365321398204326,0.5384336132205174,0.3890198829061741,0.048518355854679715,0.649548904521414,0.3116068106459813,0.1766029169995526,0.11852809345901576,0,1,1
2025-07-21 16:00:00,2025,1690,UP,3387.49,3362.73,1.2343658326428788,2025-07-22 08:00:00,3.700000000000273,0.14943457189015785,0.24539920797707643,0.5851158094011965,0.5264095821704505,0.1587897700272298,0.7342711553548434,0.2426647270832245,0.05331998091546544,0.02646411752651178,1,1,1
2025-07-21 20:00:00,2025,1690,UP,3395.79,3362.73,1.6491016685674578,2025-07-22 08:00:00,-4.599999999999909,-0.139140955837868,0.07844163216517057,0.68724343770684,0.19643136707665365,0.08014439099235286,0.5057302161795342,0.07987201647393961,0.005922125996823463,0.005925656840452754,1,1,1
2025-07-22 01:00:05,2025,1690,UP,3398.15,3391.42,0.3368019237069017,2025-07-22 03:04:00,-6.730000000000018,-1.0,0.02381674592326998,0.6364283113674427,0.06453166055512079,0.03857780043213727,0.24511471349020478,0.023088827456262145,0.0013731209952307264,0.0013945244627249613,1,1,1
2025-07-22 04:00:00,2025,1690,UP,3394.69,3362.73,1.6029108136949202,2025-07-22 08:00:00,-3.5,-0.10951188986232778,0.008250276191919767,0.6361291347249578,0.01676628269906551,0.011316513136061893,0.06776022229705746,0.008470603265030846,0.0003073166773173944,0.00023493347197547674,1,1,1
2025-07-22 08:00:00,2025,1691,DOWN,3391.19,3402.67,0.5772370156306668,2025-07-22 15:42:00,-11.480000000000018,-1.0,0.2562977639862745,0.11863645595619571,0.3412414324695328,0.002339928663085997,0.30709822182110724,0.25854445716410435,0.11333788893382456,0.06797994988485616,0,1,0
2025-07-22 12:00:00,2025,1691,DOWN,3388.92,3402.67,0.6935659735717052,2025-07-22 15:42:00,-13.75,-1.0,0.1414963376121481,0.17349675539622872,0.22103106808588216,0.0012051714390876043,0.17359896057631646,0.14110873872665702,0.05458189369869388,0.020773941950524132,0,1,0
2025-07-22 16:00:00,2025,1692,UP,3407.7,3383.27,1.231109808985771,2025-07-23 08:00:00,15.850000000000364,0.6487924682767282,0.5471511668192015,0.3982822027106013,0.8018967535374296,0.00709695295812835,0.8649032718925553,0.544565807618977,0.37337637787778494,0.20608275751294713,1,1,1
2025-07-22 20:00:00,2025,1692,UP,3432.35,3383.27,2.467733484546834,2025-07-23 08:00:00,-8.799999999999727,-0.1792991035044772,0.2996168276234747,0.5171895618986679,0.6865192105573511,0.009206391373967846,0.8195590641103568,0.3052379339725625,0.11685768701707089,0.03485738737784002,1,1,1
2025-07-23 01:00:05,2025,1692,UP,3431.97,3383.27,2.457502183298052,2025-07-23 08:00:00,-8.419999999999618,-0.172895277207385,0.04954177783102471,0.4260601782121928,0.22054215315664588,0.0024467780550256387,0.26188108945524263,0.04612722978857345,0.011531163912168687,0.0031201950820674723,1,1,1
2025-07-23 04:00:00,2025,1692,UP,3428.97,3383.27,2.310687374982862,2025-07-23 08:00:00,-5.419999999999618,-0.11859956236323063,0.013313853572084679,0.3634162539708713,0.09526944922449332,0.0013346737643631474,0.056179212782959335,0.013641282413171904,0.0025035775416052328,0.0007475680559472712,1,1,1
2025-07-23 08:00:00,2025,1693,DOWN,3423.55,3438.97,0.7814690870975821,2025-07-25 01:00:05,54.39000000000033,3.527237354085712,0.3527098128388727,0.1986528448158683,0.022810766338190278,0.0003281950214252782,0.47227286748014613,0.3566979735297041,0.13671044217827066,0.08688063724172096,0,0,0
2025-07-23 12:00:00,2025,1693,DOWN,3428.45,3438.97,0.5341125909212778,2025-07-25 01:00:05,59.289999999999964,5.635931558935368,0.08651911754908884,0.14160738072312923,0.27329350477586367,0.0001307288598660883,0.08925194439915636,0.08514759692704843,0.026005333842974147,0.013021821841133943,0,1,0
2025-07-23 16:00:00,2025,1693,DOWN,3419.95,3433.74,0.701300613386311,2025-07-25 01:00:05,50.789999999999964,3.6831036983321317,0.11768804034953016,0.2381781721059505,0.42172469772814525,0.00010441105540734504,0.19645209002935624,0.11082338458337132,0.017666293798239557,0.005986910463761095,0,0,0
2025-07-23 20:00:00,2025,1693,DOWN,3387.39,3433.74,2.34430964346698,2025-07-25 01:00:05,18.230000000000018,0.3933117583603032,0.05800180813716973,0.27494273150406046,0.8134476987820732,0.8744107563734578,0.2931416328928029,0.05917475653723522,0.004294548641409898,0.0015757579769965992,0,1,1
2025-07-24 01:00:05,2025,1693,DOWN,3387.93,3433.74,2.323225902770115,2025-07-25 01:00:05,18.769999999999982,0.4097358655315434,0.004867188896996443,0.2131739089213278,0.2851270836082791,0.408121427024443,0.033319139562763965,0.004759284957944577,0.00022588580197531208,6.997416366325164e-05,0,1,1
2025-07-24 04:00:00,2025,1693,DOWN,3391.44,3433.74,2.1530731103876994,2025-07-25 01:00:05,22.2800000000002,0.5267139479905518,0.0011983512550017726,0.17252660591499028,0.10365466123170598,0.1962737829539175,0.00546181503478257,0.0011676444027857828,4.6515939833232165e-05,9.684856183235694e-06,0,1,1
2025-07-24 08:00:01,2025,1693,DOWN,3382.51,3393.32,0.550392645763234,2025-07-25 01:00:05,13.350000000000364,1.2349676225717328,0.0009540155762744507,0.1607639752187584,0.08176067339892151,0.2398753296186717,0.009594968673917894,0.001018288010460819,2.6436304496538964e-05,7.641518702611658e-06,1,1,1
2025-07-24 12:00:00,2025,1693,DOWN,3369.55,3393.32,1.211147171578532,2025-07-25 01:00:05,0.3900000000003274,0.016407236011793343,0.0004898700042518828,0.1752610486424901,0.046773159552327866,0.2055844987248606,0.007848721126310633,0.0005274536394095533,7.792458703387573e-06,1.5099059150280123e-06,1,1,1
2025-07-24 16:00:00,2025,1693,DOWN,3353.39,3393.32,2.035786272624689,2025-07-25 01:00:05,-15.769999999999982,-0.39494114700725935,0.00018958753570205123,0.20516348716851732,0.02509399336710577,0.16097897738010278,0.006950981548343388,0.00020392211456627388,1.5294381047410866e-06,2.1182288131790432e-07,1,1,1
2025-07-24 20:00:00,2025,1693,DOWN,3366.93,3377.37,0.5313046585178942,2025-07-25 01:00:05,-2.230000000000018,-0.21360153256705044,2.41873637777103e-05,0.11237484319008441,0.0032671292124834836,0.030128785675058847,0.0005467982207532797,2.59049400839405e-05,2.1313577049534563e-07,3.1340357761697123e-08,1,1,1
2025-07-25 01:00:05,2025,1694,UP,3369.16,3366.26,0.14810762719487966,2025-07-25 01:16:00,-2.899999999999636,-1.0,0.4531178625680356,0.39718969087072914,0.45961123243930047,0.01777401034855232,0.6364027659176302,0.44895916143593084,0.4029864247915486,0.29551342496047267,0,1,0
2025-07-25 04:00:00,2025,1694,UP,3372.39,3365.02,0.3775922489978793,2025-07-25 05:18:00,-7.369999999999891,-1.0,0.2622834377274968,0.4208693320036155,0.3444974907932637,0.008232434471443858,0.551855658281857,0.25624937724701896,0.12506682996864335,0.0505015142534456,0,1,0
2025-07-25 08:00:00,2025,1695,DOWN,3360.99,3373.45,0.6392393001439236,2025-07-28 08:00:00,21.229999999999563,1.703852327447793,0.3151845285796206,0.12467237997801381,0.6140115622065279,0.027255490093117323,0.4441521086459352,0.32088332515149476,0.14128053508225566,0.09222293663294011,1,1,1
2025-07-25 12:00:00,2025,1695,DOWN,3345.45,3373.45,1.4372309420951919,2025-07-28 08:00:00,5.6899999999996,0.20321428571427141,0.23662164469612687,0.1835402782475869,0.49047894788506907,0.026238100251754787,0.4856343593444888,0.23816695926878348,0.043206595065779216,0.024539863022423003,1,1,1
2025-07-25 16:00:00,2025,1695,DOWN,3340.75,3373.45,1.6818433509168353,2025-07-28 08:00:00,0.9899999999997817,0.030275229357791658,0.06461975945890809,0.1460295886202907,0.222568030397537,0.010661065458175897,0.15195879633809842,0.06449217520232411,0.007001435142093276,0.003454894412768603,1,1,1
2025-07-25 20:00:00,2025,1695,DOWN,3329.8,3347.49,0.9090601651981828,2025-07-28 08:00:00,-9.960000000000036,-0.563029960429636,0.03196657632987178,0.16528166175214237,0.1088840978076579,0.006780480891427923,0.13332672907717913,0.03253506577709144,0.0021654339885023486,0.0013346949835326399,1,1,1
2025-07-28 01:00:05,2025,1695,DOWN,3319.28,3347.49,1.4533084941279752,2025-07-28 08:00:00,-20.480000000000018,-0.7259836937256406,0.006708285789612917,0.13398354877209684,0.01741299475624246,0.0012313452324794632,0.017454180562209144,0.006385431967053403,0.00030768932862896496,0.000145158359293447,1,1,1
2025-07-28 04:00:00,2025,1695,DOWN,3333.33,3340.26,0.3571635221058166,2025-07-28 06:53:00,-6.930000000000291,-1.0,0.003602276994526358,0.16580409045894715,0.016681730393524125,0.0014100353954492116,0.01481682828725626,0.0038495759432992777,0.00022242732153692632,0.00016807916776899186,1,1,1
2025-07-28 08:00:00,2025,1696,UP,3339.76,3319.28,1.0571216658600646,2025-07-28 16:00:00,-11.41000000000031,-0.5571289062500147,0.3772684841831824,0.37012069657706415,0.5716310615052145,0.0002952939147436142,0.6311558842865288,0.3829518991850178,0.26460831083126796,0.1527646360266248,0,1,0
2025-07-28 12:00:00,2025,1696,UP,3336.22,3319.28,0.8760000604392502,2025-07-28 16:00:00,-7.869999999999891,-0.4645808736717873,0.13910329355661033,0.35857688355545814,0.23293552392647587,0.0005158061015884996,0.21301347474316387,0.1321407333109432,0.06762261017716241,0.02970861822943293,0,1,0
2025-07-28 16:00:00,2025,1697,DOWN,3328.35,3345.32,0.8786211389650638,2025-07-29 08:00:00,11.699999999999818,0.6894519740718705,0.32240703966356793,0.11160583855835043,0.5754622805862499,0.0006902360644370214,0.5433502593349618,0.31105100710634254,0.12136055440163541,0.05825938980987205,1,1,1
2025-07-28 20:00:00,2025,1697,DOWN,3312.11,3345.32,1.7147088901544172,2025-07-29 08:00:00,-4.539999999999964,-0.13670581150255823,0.22675683397136434,0.3116830907493838,0.29313095548176943,0.00045667917029610934,0.5498912033439002,0.22440421926485019,0.0692087304510864,0.032867151072418894,1,1,1
2025-07-29 01:00:05,2025,1697,DOWN,3315.26,3345.32,1.5562668172505512,2025-07-29 08:00:00,-1.3899999999998727,-0.04624085163006904,0.05851291384290929,0.217979285233655,0.10089080529983666,0.00012474412339924802,0.12346276543164857,0.05743806894140772,0.01236064422511935,0.004798229989148225,1,1,1
2025-07-29 04:00:00,2025,1697,DOWN,3311.52,3318.75,0.3755544739582781,2025-07-29 04:39:00,-7.230000000000018,-1.0,0.03151427203805419,0.20870734455721998,0.0918768087302173,0.00013601414176232242,0.14234724291723097,0.0340533368803153,0.00697800458584715,0.0021714332715743827,1,1,1
2025-07-29 08:00:00,2025,1698,UP,3316.65,3308.03,0.4486565394457788,2025-07-30 08:00:00,10.509999999999764,1.2192575406032362,0.5772326573665665,0.5004577977706167,0.020020306633299127,6.458809753668049e-05,0.7284043652305613,0.572619035633158,0.46058321873927427,0.35617534356622654,0,0,0
2025-07-29 12:00:00,2025,1698,UP,3326.4,3309.05,0.9031618989271573,2025-07-30 08:00:00,0.7599999999997635,0.043804034582119164,0.3575507067202806,0.4789221573301777,0.5171767766752027,1.9183420080715472e-05,0.6873537573607386,0.35800831815034784,0.20935808224974797,0.10530912137680278,0,1,0
2025-07-29 16:00:00,2025,1698,UP,3323.48,3311.23,0.6387765128721884,2025-07-30 08:00:00,3.6799999999998363,0.30040816326529274,0.1553671930243513,0.4063649333016051,0.2941751881689315,0.33828142676384804,0.31978909832548397,0.14925160835377702,0.07095510134883584,0.029928260646268155,0,1,1
2025-07-29 20:00:00,2025,1698,UP,3323.32,3312.03,0.5882311688091084,2025-07-30 08:00:00,3.8399999999996908,0.3401240035429321,0.07952711131407168,0.42420396877361194,0.19218277617592672,0.42538461771219466,0.18850281441373354,0.07797758782008143,0.02825888866890143,0.01110631349227813,0,1,1
2025-07-30 01:00:05,2025,1698,UP,3327.52,3312.03,0.8096262902064355,2025-07-30 08:00:00,-0.36000000000012733,-0.023240800516470782,0.0502914301028094,0.44552368133466935,0.10042975186671656,0.29373316029855406,0.12214407983052807,0.05052568226765885,0.013838617053556459,0.004425342196450224,0,1,1
2025-07-30 04:00:00,2025,1698,UP,3330.42,3322.61,0.40956779146680133,2025-07-30 04:45:00,-7.809999999999945,-1.0,0.026130559807492296,0.41291476351923684,0.08843351934540929,0.33032283406791146,0.09850723476008906,0.027444679901111328,0.006768002732754434,0.0015060979243485839,0,1,1
2025-07-30 08:00:00,2025,1699,DOWN,3327.16,3333.67,0.3421553699434829,2025-07-30 12:00:00,-5.059999999999945,-0.777265745007646,0.32295822787708894,0.19488335166581736,0.0176124968600064,0.17760533765435454,0.3559605966975486,0.31787311156563797,0.12447342915534496,0.08728765738031809,1,0,0
2025-07-30 12:00:00,2025,1700,UP,3332.22,3323.07,0.4821367198401028,2025-07-30 15:32:00,-9.149999999999636,-1.0,0.5258161831338184,0.38568153640336095,0.017042850731256852,0.17306415046237678,0.7173555791882392,0.5207299664098426,0.4415998504001957,0.29941995131629534,0,1,1
2025-07-30 16:00:00,2025,1701,DOWN,3313.3,3333.98,1.0882856647342625,2025-07-31 08:00:00,15.0,0.7253384912959439,0.3933720511032684,0.2192670316135268,0.6689124522075244,0.7358991146281619,0.6305285827155956,0.3854469454993887,0.1595719787347404,0.10974090340902116,1,1,1
2025-07-30 20:00:00,2025,1701,DOWN,3298.09,3333.98,1.884009775143481,2025-07-31 08:00:00,-0.21000000000003638,-0.005851212036780081,0.15152891274500999,0.23642814702074547,0.4779671072809313,0.6922821168638269,0.4326046348235912,0.15466742331765174,0.031486465649085464,0.02329157395559117,1,1,1
2025-07-31 01:00:05,2025,1701,DOWN,3277.23,3304.93,1.4465451497200426,2025-07-31 08:00:00,-21.070000000000164,-0.7606498194945958,0.04419886143637609,0.25436810066401094,0.2710959688636821,0.6046845432605054,0.3397329599897951,0.04428389577932734,0.0034338982851335634,0.0031043246137120897,1,1,1
2025-07-31 04:00:00,2025,1701,DOWN,3286.45,3304.93,0.9662059613558109,2025-07-31 08:00:00,-11.850000000000364,-0.6412337662337853,0.0033712292532494365,0.11408332278979703,0.017209064786947257,0.08410090301550653,0.012485279797077,0.0032905713059352745,0.00021578501212879422,0.00017448966782777976,1,1,1
2025-07-31 08:00:00,2025,1702,UP,3298.3,3268.01,1.5862385760267632,2025-07-31 20:00:00,-3.330000000000382,-0.10993727302741453,0.5444527400643553,0.45221632329385736,0.6213210617986177,0.044207728905285404,0.846864685454069,0.550736609903848,0.35892242168439425,0.18243981931374526,0,1,0
2025-07-31 12:00:00,2025,1702,UP,3310.02,3268.01,2.199353366477768,2025-07-31 20:00:00,-15.050000000000182,-0.3582480361818678,0.31540823828792,0.5042259966814802,0.43511438752670206,0.549158594142121,0.6901196983231177,0.3121510879380274,0.14663097769399847,0.07574875568687114,0,1,1
2025-07-31 16:00:00,2025,1702,UP,3307.81,3293.67,0.7402062017127686,2025-07-31 17:34:00,-14.139999999999873,-1.0,0.10586073364890135,0.33180190813573907,0.1490725968131526,0.49487069495800473,0.2654872984997426,0.10511779306619441,0.039341931545988744,0.016083644555020888,0,1,1
2025-07-31 20:00:00,2025,1703,DOWN,3294.97,3311.14,0.8460853356601364,2025-08-01 12:00:00,0.5,0.030921459492887927,0.30077356700892355,0.18832097983049367,0.5858911525294783,0.6612366464785129,0.5384535692416542,0.2992189028099997,0.10920830309812524,0.07145827202562641,1,1,1
2025-08-01 01:00:05,2025,1703,DOWN,3290.34,3311.14,1.0916925567792861,2025-08-01 12:00:00,-4.129999999999654,-0.1985576923076783,0.1576448972469833,0.17900251816049442,0.4007275558568544,0.5141554202367058,0.3843924039878103,0.15683381066120466,0.038724000405541664,0.0174218310877829,1,1,1
2025-08-01 04:00:00,2025,1703,DOWN,3290.15,3311.14,1.1050004906984296,2025-08-01 12:00:00,-4.319999999999709,-0.20581229156740133,0.058685181364847266,0.1463973423753518,0.1653300763458456,0.31736400449729113,0.10799505809573313,0.05641871447351364,0.010109459899506502,0.0038694765305587343,1,1,1
2025-08-01 08:00:00,2025,1703,DOWN,3292.07,3311.14,1.0049569987547267,2025-08-01 12:00:00,-2.399999999999636,-0.1258521237545712,0.024789941298574644,0.16459325583959944,0.07628783175059825,0.20469701053457173,0.04547939441875707,0.024283697969278276,0.003867453249132353,0.0016252522406093235,1,1,1
2025-08-01 12:00:00,2025,1704,UP,3294.47,3281.61,0.6784384990187817,2025-08-04 08:00:00,64.5600000000004,5.020217729393627,0.4245409705716089,0.3760011415738314,0.36256103921121546,0.12081965784365921,0.6093637539016877,0.41601488473196446,0.3180098199857593,0.19222813261544788,0,1,0
2025-08-01 16:00:00,2025,1704,UP,3341.4,3285.22,2.9350376020979425,2025-08-04 08:00:00,17.63000000000011,0.3138127447490213,0.5827371100631971,0.7160096861957278,0.7907742570259765,0.9466365312373769,0.9179634885825094,0.5747915751485161,0.13819380101306078,0.0861161668856987,1,1,1
2025-08-01 20:00:00,2025,1704,UP,3347.43,3285.22,3.252681809963226,2025-08-04 08:00:00,11.600000000000364,0.18646519852114382,0.04732783553119152,0.5428486337137893,0.2891837878167793,0.8318826988786359,0.32491357609488447,0.04857461780335208,0.004976620482800717,0.007179863007195508,1,1,1
2025-08-04 01:00:05,2025,1704,UP,3367.62,3340.52,1.4174585804172113,2025-08-04 08:00:00,-8.58999999999969,-0.3169741697416871,0.015848837237253426,0.5270491456751423,0.2705371722963897,0.896956766894212,0.3836616524597681,0.016871132983644444,0.000975746578009374,0.00142100159167177,1,1,1
2025-08-04 04:00:00,2025,1704,UP,3352.29,3340.52,0.6157214427680308,2025-08-04 08:00:00,6.7400000000002365,0.572642310960089,0.001462770424220047,0.3402055415457327,0.019999981475189995,0.4942072222437028,0.030501770551320903,0.001494588693375361,7.490894553731386e-05,0.00010111475722687432,1,1,1
2025-08-04 08:00:00,2025,1705,DOWN,3359.03,3368.76,0.5093032187441406,2025-08-04 12:00:00,0.38000000000010914,0.039054470709158115,0.2069274851663804,0.10273143137812743,0.018143725379086217,0.530719674303379,0.14642282606499665,0.2054622740151288,0.07728184589511891,0.05074335245041198,0,0,0
2025-08-04 12:00:00,2025,1706,UP,3358.65,3345.03,0.7146102324006658,2025-08-05 08:00:00,12.449999999999818,0.9140969162995535,0.43773137106664783,0.26071106947875905,0.0058475262201332446,0.19425222700455275,0.6091003508616438,0.43228078091394534,0.33930528719867015,0.17379869039372436,1,1,1
2025-08-04 16:00:00,2025,1706,UP,3367.99,3352.91,0.7913259634563036,2025-08-05 08:00:00,3.1100000000001273,0.20623342175067258,0.3398427830536897,0.5006519142136687,0.0055143532834622975,0.20740669835717196,0.7672569302261997,0.3376288805913584,0.22982361926144823,0.1297340329093425,1,1,1
2025-08-04 20:00:00,2025,1706,UP,3371.13,3352.91,0.9563145976193034,2025-08-05 08:00:00,-0.03000000000020009,-0.001646542261262331,0.11951570059834139,0.46033057080937334,0.0016551114179065355,0.09813491039471695,0.37735053710943267,0.12262683338392534,0.06930002029685295,0.0419238167738341,1,1,1
2025-08-05 01:00:05,2025,1706,UP,3374.69,3370.55,0.2180998857034095,2025-08-05 08:00:00,-3.5900000000001455,-0.8671497584541681,0.0681441089674754,0.4734229761809371,0.0006501065083443572,0.06097480360553532,0.313003247168331,0.06868655685283576,0.02868265374395312,0.0150675896690138,1,1,1
2025-08-05 04:00:00,2025,1706,UP,3380.01,3370.55,0.5000145418652483,2025-08-05 08:00:00,-8.91000000000031,-0.9418604651163082,0.04628331969998589,0.481529378927221,0.0005366397540459885,0.050745224281074475,0.3454889964862778,0.048168923161199695,0.013162433643168391,0.0026298225806955905,1,1,1
2025-08-05 08:00:00,2025,1707,DOWN,3371.1,3382.36,0.5964752680905812,2025-08-05 17:25:00,-11.260000000000218,-1.0,0.3906182646797036,0.24661681231576016,3.998940754844846e-05,0.008060714777811291,0.5492287721873637,0.38641958140101657,0.15201209000586008,0.10723256350271843,0,0,0
2025-08-05 12:00:00,2025,1707,DOWN,3366.1,3382.36,0.8636522593968594,2025-08-05 17:25:00,-16.26000000000022,-1.0,0.16652708638644448,0.17554628735017475,0.44139116017582813,0.0016835891042959153,0.2713706197954028,0.16387172643297315,0.047727041667515235,0.021367561853365902,0,1,0
2025-08-05 16:00:00,2025,1707,DOWN,3366.2,3375.48,0.4931467656496004,2025-08-05 16:34:00,-9.2800000000002,-1.0,0.037010417826423433,0.1694413486823822,0.4112859130210824,0.4953072174849634,0.052427398052219104,0.03710471618857135,0.009371522440929496,0.006528481776030067,0,1,1
2025-08-05 20:00:00,2025,1708,UP,3382.25,3349.77,1.723107905285178,2025-08-06 08:00:00,-9.860000000000127,-0.3035714285714323,0.4667571502919275,0.4140512883092937,0.678975110662382,0.7359639724285445,0.8028997528547194,0.4711564781448116,0.29726556454680003,0.16627332776827577,1,1,1
2025-08-06 01:00:05,2025,1708,UP,3381.38,3349.77,1.6839859256430763,2025-08-06 08:00:00,-8.990000000000236,-0.284403669724777,0.14828573865339026,0.3424360838479547,0.39729640007457867,0.5983127035381799,0.2830088902613628,0.14051943927740676,0.05264793783259654,0.0207650830563114,1,1,1
2025-08-06 04:00:00,2025,1708,UP,3383.62,3378.1,0.29508386094591343,2025-08-06 04:14:00,-5.519999999999982,-1.0,0.09543375901044254,0.34482435067629175,0.28848415174099457,0.5527536163702595,0.31966092037764715,0.0964019883337938,0.03653976279271464,0.009677273494186383,1,1,1
2025-08-06 08:00:00,2025,1709,DOWN,3372.39,3385.28,0.6905661641404147,2025-08-06 20:00:00,-3.930000000000291,-0.3048875096974547,0.30705543052276624,0.1873578946110874,0.5380685154919755,0.10199960687409786,0.517530435203748,0.3108033550309936,0.12482358111918564,0.0739703055795912,0,1,0
2025-08-06 12:00:00,2025,1709,DOWN,3365.14,3378.64,0.7242778531584573,2025-08-06 17:56:00,-13.5,-1.0,0.17643087273045144,0.18929121621636155,0.38755404867884313,0.5897766155480704,0.40072556525734976,0.17480879762884374,0.05213850611484583,0.02591121354973278,0,1,1
2025-08-06 16:00:00,2025,1709,DOWN,3367.47,3378.64,0.6006261236297726,2025-08-06 17:56:00,-11.170000000000073,-1.0,0.04644380704974562,0.16263719328515913,0.1646838352045483,0.44416522661409563,0.08346203478869393,0.04599723576205277,0.012275037296627276,0.007197612055665911,0,1,1
2025-08-06 20:00:00,2025,1710,UP,3376.32,3358.14,0.9786823212275334,2025-08-07 04:00:00,-4.120000000000346,-0.226622662266242,0.5557905820494856,0.4214853231025168,0.5991912352165117,0.5836168728857535,0.8187388479346934,0.5592167741994187,0.42180282087215143,0.26897467254932805,1,1,1
2025-08-07 01:00:05,2025,1710,UP,3370.55,3358.14,0.669673875900809,2025-08-07 04:00:00,1.6499999999996362,0.13295729250601088,0.19896082348670488,0.3533919039058272,0.22657572791446012,0.3731797705667986,0.28728942677611674,0.18963798989548525,0.10035337379543105,0.03968379234461311,1,1,0
2025-08-07 04:00:00,2025,1711,DOWN,3372.2,3379.96,0.4198349053619412,2025-08-07 04:31:00,-7.760000000000218,-1.0,0.20881084530708566,0.15918405638998348,0.35815954607417855,0.393347837324031,0.22784795056458768,0.1969543266592015,0.09405440268808175,0.06811257377165349,0,1,1
2025-08-07 08:00:00,2025,1712,UP,3378.0,3365.08,0.6999403965224491,2025-08-08 08:00:00,16.340000000000146,1.2647058823529453,0.5288390256016767,0.41632464457803237,0.5699958713265548,0.5877828720535472,0.7148233472672707,0.5356508385021626,0.4658530972667316,0.36497742885263096,1,1,1
2025-08-07 12:00:00,2025,1712,UP,3378.24,3371.53,0.3627092478944076,2025-08-08 08:00:00,16.100000000000364,2.3994038748139146,0.19694019384734865,0.43713389066062547,0.2744823992383879,0.4676458512281276,0.38245333889646366,0.19401079102327287,0.11179618829165426,0.11636721155524433,1,1,1
2025-08-07 16:00:00,2025,1712,UP,3380.94,3371.74,0.49738389242462633,2025-08-08 08:00:00,13.400000000000091,1.4565217391304015,0.1302088270043829,0.42037921818350565,0.2027346573602632,0.45882170863261007,0.306782859541844,0.13139444316417004,0.04419302125657593,0.02997128402252266,1,1,1
2025-08-07 20:00:00,2025,1712,UP,3389.01,3371.74,0.9337256447890825,2025-08-08 08:00:00,5.329999999999927,0.30862767805441765,0.09831845332828944,0.4361134569731846,0.1455277294484847,0.41560597513231723,0.34419350324543435,0.10202168115808706,0.02384989587659348,0.006596221931549358,1,1,1
2025-08-08 01:00:05,2025,1712,UP,3405.39,3384.3,1.1405865057175388,2025-08-08 04:08:00,-21.08999999999969,-1.0,0.04335129263390167,0.5243700566326043,0.08871889715824792,0.3831607157180251,0.2858671551328812,0.04335357097223149,0.0066438191895805505,0.002394027838641672,1,1,1
2025-08-08 04:00:00,2025,1712,UP,3389.92,3384.3,0.30367096228352214,2025-08-08 04:08:00,-5.619999999999891,-1.0,0.008917935757695073,0.4084661046885506,0.017259447599381226,0.16149790466195554,0.03659726417073412,0.00873093047679381,0.001407813711995413,0.0006199056327439646,1,1,1
2025-08-08 08:00:00,2025,1713,DOWN,3394.34,3408.56,0.7684685762388378,2025-08-08 12:00:00,-0.25,-0.017580872011252007,0.14362138489841522,0.10241809993701903,0.22850238612643,0.09528352338408592,0.13359922262720916,0.14560567699913496,0.05744223992391987,0.03590475911439856,0,1,0
2025-08-08 12:00:00,2025,1714,UP,3394.59,3388.73,0.3169722625245348,2025-08-08 13:36:00,-5.860000000000127,-1.0,0.4440339360914349,0.33876951010753403,0.5476771018476846,0.10621936195438782,0.6346407009638255,0.4398862677786232,0.3584595601716995,0.23753276806408635,1,1,1
2025-08-08 16:00:00,2025,1715,DOWN,3391.43,3404.19,0.6895933539405638,2025-08-08 20:00:00,-6.190000000000055,-0.4851097178683345,0.18171622277252367,0.15536879122582178,0.3362493095415331,0.024442706418850397,0.24147324882404744,0.17642263199393116,0.06795019329261455,0.04681937578400816,0,1,0
2025-08-08 20:00:00,2025,1716,UP,3397.62,3381.16,0.8890316154058412,2025-08-08 21:00:00,-16.460000000000036,-1.0,0.5001066662911419,0.3650984056342417,0.5315690957557838,0.04882435164683297,0.7250873791280988,0.5008410060032179,0.3548832317932135,0.20632905580280209,1,1,1
2025-08-11 01:00:05,2025,1716,UP,3399.04,3376.68,1.2044744524604825,2025-08-11 04:00:00,-17.429999999999836,-0.779516994633262,0.30397317515596695,0.3758042533018567,0.280142399615621,0.02862895539781676,0.602225438232176,0.3038791512536276,0.1459810894653951,0.05680478438596876,1,1,1
2025-08-11 04:00:00,2025,1717,DOWN,3381.61,3404.8,1.2473903437910774,2025-08-12 04:00:00,26.870000000000346,1.1586890901250662,0.35137662038474254,0.20840800539975088,0.6593323802916223,0.693671737573956,0.6303773949915381,0.355089534173543,0.12742036192178358,0.0792189501612436,0,1,1
2025-08-11 08:00:00,2025,1717,DOWN,3375.79,3404.8,1.5615778810388872,2025-08-12 04:00:00,21.050000000000182,0.7256118579800077,0.10340298244475783,0.1572757093707955,0.2911442038523101,0.46377593860512867,0.23646918027988598,0.10868661338949784,0.02771979005025667,0.01473416130126377,0,1,1
2025-08-11 12:00:00,2025,1717,DOWN,3361.58,3404.8,2.3233102802379872,2025-08-12 04:00:00,6.8400000000001455,0.15826006478482427,0.05717381208461392,0.27159430359659037,0.2241808611334674,0.4947614449017078,0.2108731278757358,0.05702431518154932,0.004310986223872561,0.0023800751318767727,1,1,1
2025-08-11 16:00:00,2025,1717,DOWN,3356.8,3404.8,2.579570103501242,2025-08-12 04:00:00,2.0600000000004,0.042916666666675006,0.01105831365370226,0.24775717530148356,0.07342853880793575,0.3022341469424923,0.054037576667319856,0.011390095060618909,0.0004513315879361659,0.0004774851919404351,1,1,1
2025-08-11 20:00:00,2025,1717,DOWN,3344.09,3362.8,1.004681366561324,2025-08-12 04:00:00,-10.649999999999636,-0.5692143238909468,0.007082273749415278,0.25120621925539394,0.030073385339837645,0.1757715923719734,0.08338342560135223,0.00736187418992894,0.0002128388256829403,0.00019033389000464861,1,1,1
2025-08-12 01:00:05,2025,1717,DOWN,3342.91,3358.77,0.8519235945297967,2025-08-12 04:00:00,-11.829999999999927,-0.7459016393442517,0.0020200087742201587,0.20416422130142814,0.011371591885917715,0.09096876509250792,0.04361198416269221,0.002099731281117115,3.703264065362376e-05,1.981545709390439e-05,1,1,1
2025-08-12 04:00:00,2025,1718,UP,3354.74,3342.2,0.6746372527449154,2025-08-12 12:00:00,-6.849999999999909,-0.546251993620409,0.6389309366309324,0.3794333682315106,0.0015530452836386786,0.028862435658162995,0.7656458037067868,0.6384169987102616,0.4593622246342635,0.29419733497746736,0,0,0
2025-08-12 08:00:00,2025,1718,UP,3354.64,3346.14,0.45828686766845567,2025-08-12 09:15:00,-8.5,-1.0,0.3205211246544407,0.38659341092009436,0.4111152108121631,0.019784585632858852,0.5883603262718529,0.3173683618530485,0.22056014618980238,0.05651376302352011,0,1,0
2025-08-12 12:00:00,2025,1719,DOWN,3347.89,3358.77,0.5870885589614228,2025-08-12 18:29:00,-10.88000000000011,-1.0,0.2747765080022827,0.12325505636240672,0.46937479510321417,0.026249627466213836,0.34182343953139077,0.27286839347288017,0.11780427281050106,0.07623445469802399,1,1,1
2025-08-12 16:00:00,2025,1719,DOWN,3349.76,3358.08,0.4484905471396554,2025-08-12 18:28:00,-8.319999999999709,-1.0,0.10918852960118595,0.1330997131230705,0.3159414353942198,0.014779573712390824,0.1979229716786275,0.10571861869816543,0.03327111988206575,0.034594980346279114,1,1,1
2025-08-12 20:00:00,2025,1719,DOWN,3349.44,3362.8,0.7181466445116285,2025-08-13 01:00:05,-0.9400000000000546,-0.07035928143712916,0.0579507876290092,0.12690696621652106,0.1571794433691202,0.009893391573266725,0.07911806010578583,0.05726041531362684,0.013038963209714333,0.012013010121188737,1,1,1
2025-08-13 01:00:05,2025,1720,UP,3350.38,3331.08,1.0415710196065275,2025-08-13 04:00:00,-6.8400000000001455,-0.3544041450777244,0.48387833074948966,0.3104208436699058,0.0637032112719965,0.009536067407880473,0.45329071092681184,0.4762111007851792,0.332693077326189,0.17920643297698644,0,0,0
2025-08-13 04:00:00,2025,1721,DOWN,3343.54,3353.73,0.5511490220009395,2025-08-13 05:46:00,-10.190000000000055,-1.0,0.3111481335032415,0.21351351055866982,0.05631451995909452,0.00828196451971875,0.6041670030901378,0.29495706958740914,0.12092790161535828,0.07623160391623084,1,1,1
2025-08-13 08:00:00,2025,1722,UP,3352.02,3342.59,0.5110945045441075,2025-08-14 01:00:05,4.820000000000164,0.5111346765641832,0.513534453801633,0.36161865840899055,0.4670000154560128,0.0016976389891709847,0.616952436861904,0.515603907784148,0.4088592867159495,0.2646696194629013,0,1,0
2025-08-13 12:00:00,2025,1722,UP,3360.42,3345.63,0.8017522042352153,2025-08-14 01:00:05,-3.5799999999999272,-0.24205544286679756,0.3697653075663416,0.4883728867821023,0.3631966122398043,0.5554232332048606,0.7418308871024252,0.36529678859585923,0.20699799315776746,0.16265782432339287,0,1,1
2025-08-13 16:00:00,2025,1722,UP,3358.22,3345.63,0.6838983766542027,2025-08-14 01:00:05,-1.3799999999996544,-0.10961080222396254,0.13091842282987612,0.44660491597462776,0.14212176872484733,0.4546949470262323,0.31909419996742056,0.1281850359001809,0.06191331575020793,0.050804861614275915,0,1,1
2025-08-13 20:00:00,2025,1722,UP,3358.07,3354.08,0.2168536505578855,2025-08-13 20:40:00,-3.9900000000002365,-1.0,0.06376641436557713,0.4253275789924417,0.0706625401101784,0.38205776290231724,0.14529014022998255,0.06191997589249363,0.023448591366716384,0.018774920477226353,0,1,1
2025-08-14 01:00:05,2025,1723,DOWN,3356.84,3370.75,0.7580584498819399,2025-08-14 03:22:00,-13.909999999999854,-1.0,0.22107979465499228,0.1358055397901709,0.424719362622631,0.13956930653783642,0.28445632400616266,0.21654249417797028,0.09310666577318541,0.05389327621460597,0,1,0
2025-08-14 04:00:00,2025,1724,UP,3369.67,3349.9,1.07727264361578,2025-08-14 10:45:00,-19.769999999999982,-1.0,0.5018884364790528,0.482411892543606,0.7473869016639717,0.4000239024584353,0.8503326511177924,0.507052751134994,0.4066538139177897,0.29692053438861216,0,1,1
2025-08-14 08:00:02,2025,1724,UP,3360.51,3349.9,0.5786588632349875,2025-08-14 10:45:00,-10.610000000000127,-1.0,0.14639970608579048,0.35158793564699026,0.24644947624578664,0.09965379469443006,0.26518105911460693,0.1413274479389031,0.08711325166945531,0.037826630244587545,0,1,1
2025-08-14 12:00:01,2025,1725,DOWN,3346.17,3374.78,1.5572447432187664,2025-08-15 08:00:01,0.5199999999999818,0.018175463124780827,0.35269154657045276,0.21538876975985663,0.7102850817078451,0.7813147308581472,0.6128233259855194,0.34966231018457056,0.13530697292620922,0.08773875799577213,1,1,1
2025-08-14 16:00:00,2025,1725,DOWN,3350.44,3366.4,0.8690016769039955,2025-08-15 08:00:01,4.789999999999964,0.3001253132832051,0.10066471899496782,0.14570174968218028,0.36217695733216737,0.5417791735019281,0.17699725945979797,0.09027530360805927,0.025124260190187132,0.0131115391969286,1,1,1
2025-08-14 20:00:00,2025,1725,DOWN,3334.34,3366.4,1.7414677096876787,2025-08-15 08:00:01,-11.309999999999945,-0.3527760449157818,0.07834555132168314,0.2127934116365256,0.27304471339168784,0.5146346592126066,0.2667512508440662,0.07952024735012317,0.01083630067826515,0.0078208649842323,1,1,1
2025-08-15 01:00:05,2025,1725,DOWN,3336.52,3366.4,1.6275953923042048,2025-08-15 08:00:01,-9.13000000000011,-0.3055555555555581,0.018892137771899818,0.1819698102048451,0.07417646458033988,0.24000302996981554,0.07450401782236024,0.01780025525027659,0.0019292517697360693,0.0011292781098522038,1,1,1
2025-08-15 04:00:00,2025,1725,DOWN,3337.07,3341.02,0.21592772793844142,2025-08-15 05:58:00,-3.949999999999818,-1.0,0.009046974636473927,0.15599424604511472,0.03182015419795159,0.12598389962226747,0.027784580283147637,0.00919043043969975,0.0012631327613011791,0.0005733737983305944,1,1,1
2025-08-15 08:00:01,2025,1726,UP,3345.65,3332.18,0.737432253400687,2025-08-15 16:00:00,-3.0100000000002183,-0.22345953971790358,0.5150934121906031,0.49906707910672776,0.5944201175831335,0.03758479617927505,0.8674465524983068,0.5175560955643446,0.3869965794039164,0.243569125910192,0,1,0
2025-08-15 12:00:00,2025,1726,UP,3341.48,3332.18,0.5103566484076391,2025-08-15 16:00:00,1.1599999999998545,0.12473118279568084,0.2248579924057182,0.3655971693751873,0.23486701985463826,0.062494637164759365,0.3550514655223116,0.21596282684135365,0.1367027796143594,0.06509517406779343,0,1,0
2025-08-15 16:00:00,2025,1727,DOWN,3342.64,3348.31,0.3117986163549997,2025-08-18 06:37:00,-5.670000000000073,-1.0,0.22909409919112622,0.11320427498691822,0.4362259347961246,0.06204231366935407,0.21836598907503318,0.22368211357754594,0.09964286129399261,0.06711367928833292,1,1,1
2025-08-15 20:00:00,2025,1727,DOWN,3338.16,3345.97,0.43014742995001554,2025-08-18 04:49:00,-7.809999999999945,-1.0,0.16897011580211205,0.19467089188377187,0.31391583905130915,0.05100605966774526,0.2523384294400676,0.16768308623893208,0.05732380725444297,0.027826474653637485,1,1,1
2025-08-18 01:00:05,2025,1727,DOWN,3336.25,3345.97,0.5374759812568545,2025-08-18 04:49:00,-9.7199999999998,-1.0,0.09904850631236319,0.17597713315439326,0.18845154559342805,0.03411548321895284,0.17084192469454357,0.09937442643269123,0.022564847676973726,0.00707398102349403,1,1,1
2025-08-18 04:00:00,2025,1727,DOWN,3340.56,3345.97,0.2990381491325704,2025-08-18 04:49:00,-5.4099999999998545,-1.0,0.026896701548701763,0.16136855845284745,0.08480768395176272,0.017869436477030657,0.037366852591392316,0.02663211325721632,0.00498173065864062,0.0028857298097561147,1,1,1
2025-08-18 08:00:00,2025,1728,UP,3357.68,3323.47,1.8906765582371876,2025-08-18 16:00:00,-12.940000000000055,-0.37825197310727976,0.5883721171417845,0.4004304694776035,0.7220711815488758,0.6937531981565487,0.8647241806268038,0.5914870418218926,0.43752694226163147,0.24435236154666298,0,1,1
2025-08-18 12:00:00,2025,1728,UP,3348.77,3323.47,1.40006965407655,2025-08-18 16:00:00,-4.0300000000002,-0.15928853754941388,0.16581587169741221,0.37977714272556895,0.2935965145427375,0.42727320736046415,0.2997224982488019,0.1601425044761334,0.11455414628793913,0.043447885701935064,0,1,1
2025-08-18 16:00:00,2025,1729,DOWN,3344.74,3358.36,0.7559189642885934,2025-08-19 08:00:00,6.959999999999582,0.5110132158589872,0.2631804259015226,0.1583199175420028,0.44165919892899486,0.15736965923333365,0.466034194879095,0.26131622295083,0.09587301662883144,0.045355769238610066,0,1,0
2025-08-18 20:00:00,2025,1729,DOWN,3334.26,3358.36,1.3395392360404303,2025-08-19 08:00:00,-3.519999999999982,-0.14605809128630684,0.14853714908103638,0.2126390129335984,0.43516213435081,0.6205069718807682,0.38071451465384404,0.15386938148582055,0.036038554312948605,0.014801930056030576,0,1,1
2025-08-19 01:00:05,2025,1729,DOWN,3332.25,3358.36,1.4572455192367517,2025-08-19 08:00:00,-5.5300000000002,-0.2117962466488002,0.04437368471726495,0.24834458447054047,0.16646810610804413,0.3177785428834866,0.12718669692318663,0.043775878380517115,0.007995003903296447,0.0024218230870647643,0,1,1
2025-08-19 04:00:00,2025,1729,DOWN,3335.13,3358.36,1.2984551515676543,2025-08-19 08:00:00,-2.650000000000091,-0.11407662505381355,0.01731285318025751,0.1579833200961252,0.05308414278609358,0.2367534700588895,0.026795217546582616,0.0166752530386116,0.002213953042510659,0.0006809508460915502,0,1,1
2025-08-19 08:00:00,2025,1730,UP,3337.78,3326.09,0.6545947594409347,2025-08-19 16:10:00,-11.690000000000055,-1.0,0.4320264318186412,0.42684565623738163,0.39386978142914625,0.1137953767615177,0.6752086870128446,0.41812375042577715,0.3127836036442278,0.1898259479777403,0,1,0
2025-08-19 12:00:00,2025,1730,UP,3338.15,3334.4,0.2106702460954371,2025-08-19 15:56:00,-3.75,-1.0,0.22596856976880908,0.4067924976608818,0.23675638736488883,0.08614876505643877,0.42343275166748323,0.22916858118528566,0.13247580559991523,0.06589824702073932,0,1,0
2025-08-19 16:00:00,2025,1730,UP,3334.88,3326.09,0.4948365928966593,2025-08-19 16:10:00,-8.789999999999964,-1.0,0.10206303213862945,0.3897904476403691,0.12662707129812012,0.07908903011243967,0.1437057611197946,0.09981832424988701,0.044286295604313346,0.01880737416252867,0,1,0
2025-08-19 20:00:00,2025,1731,DOWN,3317.42,3345.33,1.5690080030874989,2025-08-20 08:00:00,-1.4099999999998545,-0.05051952705123117,0.33907569266608406,0.19975291078539803,0.6783823771985058,0.21191979357440266,0.6451863261527561,0.33954944623603633,0.11057974324158597,0.05630992690478683,1,1,1
2025-08-20 01:00:05,2025,1731,DOWN,3315.99,3345.33,1.65590291920101,2025-08-20 08:00:00,-2.8400000000001455,-0.09679618268575772,0.0753804424645776,0.19439226685454217,0.37658602661860596,0.08904319841804131,0.2335925126626682,0.07704800152545556,0.015899218504434633,0.008166839221617863,1,1,1
2025-08-20 04:00:00,2025,1731,DOWN,3315.96,3345.33,1.6644475636855867,2025-08-20 08:00:00,-2.869999999999891,-0.0977187606401056,0.025318905316577937,0.16345669878912508,0.16783215136133617,0.0385128762950224,0.0552356155158819,0.025180434805091845,0.003470282218321129,0.0016114264328479565,1,1,1
2025-08-20 08:00:00,2025,1732,UP,3318.83,3311.45,0.41932169205546166,2025-08-21 04:00:00,23.51000000000022,3.185636856368546,0.5753006434204471,0.3839286463670267,0.04241621102028318,0.014964754502944155,0.7316504912224326,0.572836264350127,0.39284819508940305,0.22422622086146438,0,0,0
2025-08-20 12:00:00,2025,1732,UP,3325.16,3311.45,0.7810152028924403,2025-08-21 04:00:00,17.18000000000029,1.2530999270605576,0.3452748303142614,0.3648478868373987,0.4724788530350389,0.008572629669842126,0.5676561394587912,0.3442776947940753,0.19262418026826478,0.08201265312107207,0,1,0
2025-08-20 16:00:00,2025,1732,UP,3343.04,3320.88,1.260894070565827,2025-08-21 04:00:00,-0.6999999999998181,-0.0315884476534216,0.2574765397156864,0.5757590192166342,0.6155203965497975,0.7612429780385591,0.7323670489930797,0.2616275652102649,0.08306582165573677,0.030963760073605188,0,1,1
2025-08-20 20:00:00,2025,1732,UP,3345.37,3320.88,1.396212972950366,2025-08-21 04:00:00,-3.0299999999997453,-0.12372396896691598,0.06111548446764958,0.5111001196179211,0.18422498810596522,0.49830706412175413,0.2597121616643801,0.06124051162510362,0.011318337528737413,0.004310754628204157,0,1,1
2025-08-21 01:00:05,2025,1732,UP,3350.37,3338.87,0.6581845822351448,2025-08-21 04:00:00,-8.029999999999745,-0.6982608695651953,0.025568382218667366,0.5026115263806089,0.12572173847717705,0.48776489340879675,0.16362469270352767,0.02660200948372864,0.003662293132699605,0.0013527473163716807,0,1,1
2025-08-21 04:00:00,2025,1733,DOWN,3342.34,3352.03,0.555810110762488,2025-08-21 20:00:00,2.4400000000000546,0.2518059855521198,0.3487781389591681,0.2949839115443721,0.015586743052164542,0.2215782089549382,0.6453440030136037,0.33376489408898297,0.1184621894565906,0.08080398492219451,0,0,0
2025-08-21 08:00:01,2025,1733,DOWN,3338.24,3352.03,0.7932409042084689,2025-08-21 20:00:00,-1.6600000000003092,-0.1203770848441087,0.1565130815171517,0.18847392336343294,0.5172658434962647,0.04770846106850796,0.3366568212791525,0.1561184335217067,0.04263666794426027,0.018663839477341553,0,1,0
2025-08-21 12:00:00,2025,1733,DOWN,3339.53,3352.03,0.7213795722215771,2025-08-21 20:00:00,-0.36999999999989086,-0.02959999999999127,0.04582391376926767,0.15488310568260302,0.3339441491934433,0.04694794908703076,0.06238585031878156,0.04509872558075933,0.008728510654755809,0.00320206701811782,0,1,0
2025-08-21 16:00:00,2025,1733,DOWN,3341.94,3352.03,0.5818140693108215,2025-08-21 20:00:00,2.0399999999999636,0.20218037661049892,0.017116394962980286,0.1703107336395997,0.13599705274056434,0.04405632436593968,0.021164061449192643,0.01686547912630605,0.0029391390129689656,0.0012952929222371891,0,1,0
2025-08-21 20:00:00,2025,1734,UP,3339.9,3325.13,0.853106983493628,2025-08-22 01:00:05,-1.050000000000182,-0.07109004739337733,0.3833075425181715,0.3750707186797796,0.45414500012557346,0.05195525997348407,0.5635233222848429,0.3840252390529901,0.31830509221723363,0.22138606403360533,0,1,1
2025-08-22 01:00:05,2025,1735,DOWN,3338.85,3348.09,0.5357366635493425,2025-08-22 17:01:00,-9.240000000000236,-1.0,0.2827359504724605,0.2007023706052422,0.4985406809861546,0.46009789768101306,0.4402992755686525,0.27833838872380423,0.13677700060200895,0.09594891571149071,0,1,1
2025-08-22 04:00:00,2025,1735,DOWN,3339.6,3348.09,0.49413245373559134,2025-08-22 17:01:00,-8.490000000000236,-1.0,0.11798025768183323,0.1575908019985684,0.3858737991031773,0.44577715375736165,0.13376194893187704,0.11542892105638479,0.03353975856444857,0.016424272025077315,0,1,1
2025-08-22 08:00:01,2025,1735,DOWN,3328.37,3340.22,0.6908006636913667,2025-08-22 17:00:00,-11.849999999999909,-1.0,0.08786444863252336,0.26045180584898764,0.3025266755609794,0.42071672518704456,0.2814192987693584,0.08865479458263259,0.014458440782571415,0.004701043634585062,0,1,1
2025-08-22 12:00:01,2025,1735,DOWN,3328.77,3340.22,0.6690890649086804,2025-08-22 17:00:00,-11.449999999999818,-1.0,0.027043104450118923,0.1959329115647486,0.0899736621291018,0.20799663929425277,0.07412956233455704,0.026949109549870193,0.003383610114455306,0.0008098255163277759,0,1,1
2025-08-22 16:00:00,2025,1735,DOWN,3323.43,3331.78,0.48901034902998036,2025-08-22 16:34:00,-8.350000000000364,-1.0,0.01968829685612139,0.2821368922655721,0.07688471875469027,0.2457411396437454,0.09524000101275742,0.01953142500991552,0.0015491024721716678,0.00046116050926395263,1,1,1
2025-08-22 20:00:00,2025,1736,UP,3370.7,3321.42,2.8503313076917727,2025-08-25 08:00:00,-4.669999999999618,-0.09476461038960313,0.7121819239286615,0.5556274264787134,0.7722651453869791,0.8884195844626799,0.9356631450140008,0.7051872078936013,0.4834099391108959,0.346672184339678,1,1,1
2025-08-25 01:00:05,2025,1736,UP,3372.47,3321.42,2.962788553185146,2025-08-25 08:00:00,-6.4399999999996,-0.12615083251713288,0.08747710543749965,0.42510233274201115,0.3545757596518499,0.7368056272291098,0.4427793022077545,0.0876520611350915,0.03151399294893115,0.015915288382779738,1,1,1
2025-08-25 04:00:00,2025,1736,UP,3365.09,3321.42,2.541202753612266,2025-08-25 08:00:00,0.9400000000000546,0.021525074421801075,0.014637865086180661,0.29313529289947704,0.10182684824649343,0.5642722526673319,0.06564029850753528,0.014083501336626189,0.003277830442056665,0.001000940784035041,1,1,1
2025-08-25 08:00:00,2025,1737,DOWN,3366.03,3378.75,0.7423270265721931,2025-08-25 20:00:00,-7.989999999999782,-0.628144654088043,0.26536601271528204,0.18257809787852797,0.06875066895514208,0.5344612225823696,0.21485288045643317,0.2578390039665587,0.0949731107100247,0.06668978963040793,0,0,0
2025-08-25 12:00:00,2025,1737,DOWN,3363.88,3378.75,0.870725134029523,2025-08-25 20:00:00,-10.139999999999873,-0.6819098856758539,0.20032237214059684,0.21979553063498516,0.025074929788310194,0.30174402096040936,0.19842175288947664,0.19673760284817923,0.05363450781695686,0.03074547287833229,0,0,0
2025-08-25 16:00:00,2025,1737,DOWN,3364.46,3378.75,0.8388032092651607,2025-08-25 20:00:00,-9.559999999999945,-0.6689993002099349,0.11269360109827406,0.17737257748396704,0.014552892965796677,0.23753819893592532,0.09314688487524841,0.10942821390407499,0.02356984761046272,0.005832057759494389,0,0,0
2025-08-25 20:00:00,2025,1738,UP,3374.02,3362.15,0.6974157860015122,2025-08-26 01:00:05,-8.409999999999854,-0.7085088458298173,0.5463158025517548,0.434899741813099,0.01391637517493454,0.1802347955497553,0.7995237709240685,0.5400820090605403,0.41276422174512967,0.27462773064639123,1,1,1
2025-08-26 01:00:05,2025,1739,DOWN,3365.61,3376.27,0.6276483782744819,2025-08-26 03:21:00,-10.659999999999854,-1.0,0.3960718343353817,0.2864391000321194,0.001310183815728536,0.04415326613673273,0.5489047242254483,0.3931679591947703,0.17264859212229874,0.14222719743364107,0,0,0
2025-08-26 04:00:00,2025,1740,UP,3383.32,3321.42,3.623035614328946,2025-08-26 12:00:00,-6.640000000000327,-0.10726978998385005,0.5091792558073316,0.43881028475417677,0.003763079280477737,0.1093394590293718,0.7687669551942449,0.5036953085967308,0.2283687640269835,0.09427554020970944,1,1,1
2025-08-26 08:00:00,2025,1740,UP,3377.52,3351.29,1.5362406734054597,2025-08-26 12:00:00,-0.8400000000001455,-0.032024399542514105,0.16140613121997613,0.307720090172196,0.0008431390946155102,0.03910009288740821,0.41809367552135246,0.15467974282514615,0.07243926110469832,0.029852267809397533,1,1,1
2025-08-26 12:00:00,2025,1741,DOWN,3376.68,3386.47,0.574208063633128,2025-08-26 18:55:00,-9.789999999999964,-1.0,0.27566590754086073,0.19769400107075807,0.0003482022018729903,0.028624788522226715,0.2647086866484115,0.2705896976465431,0.1068198367434868,0.07959057137407703,0,0,0
2025-08-26 16:00:00,2025,1741,DOWN,3371.99,3386.47,0.850371638567893,2025-08-26 18:55:00,-14.480000000000018,-1.0,0.1562102691031724,0.18301865794064906,0.37100420299291664,0.005704258845228762,0.21190824933755853,0.15091441285014612,0.04210126485222439,0.02024251316022612,0,1,0
2025-08-26 20:00:00,2025,1742,UP,3383.15,3370.3,0.7541337972636547,2025-08-27 08:00:00,-8.240000000000236,-0.6412451361867934,0.49944457627673156,0.4054740026447417,0.6489924542089736,0.017649568014694837,0.6951189006044256,0.49116815050915436,0.393600111951533,0.3012574727403001,1,1,1
2025-08-27 01:00:05,2025,1742,UP,3393.91,3380.22,0.8043909956061227,2025-08-27 07:01:00,-13.690000000000055,-1.0,0.3205759453226142,0.5208252596666834,0.5782601357191364,0.01906061583027043,0.7903804028285488,0.3184782889906402,0.16832577866607323,0.07945851284165027,1,1,1
2025-08-27 04:00:00,2025,1742,UP,3389.79,3380.22,0.5644248209398229,2025-08-27 07:01:00,-9.570000000000164,-1.0,0.08928723344213031,0.3892008537471759,0.17256250555290328,0.0051070594520612805,0.2519771953374068,0.08468909563277545,0.033933126378824244,0.012733630101680944,1,1,1
2025-08-27 08:00:00,2025,1743,DOWN,3374.91,3394.22,1.1391803230497592,2025-08-27 16:00:00,-6.420000000000073,-0.3324702226825526,0.3879106139330602,0.2406224360659778,0.7253325295552459,0.7440649893689815,0.7545408915198853,0.39010720526067827,0.16313501998200464,0.10368627060552377,0,1,1
2025-08-27 12:00:00,2025,1743,DOWN,3384.45,3394.22,0.5774629091999832,2025-08-27 16:00:00,3.119999999999891,0.319344933469795,0.0715926617292225,0.13714170352768348,0.26532331635046313,0.3612259049045411,0.09258849435697707,0.06964822379968118,0.022904533455019527,0.011948487626210508,0,1,1
2025-08-27 16:00:00,2025,1744,UP,3381.33,3370.3,0.6530531015836436,2025-08-28 08:00:00,8.920000000000073,0.8087035358114486,0.5270030656635741,0.4059831356279915,0.13608302896908114,0.310821933573562,0.6387474653837372,0.5222902298496609,0.3665893752221322,0.23511809852521254,1,0,1
2025-08-27 20:00:00,2025,1744,UP,3395.63,3373.69,1.2962980185004775,2025-08-28 08:00:00,-5.380000000000109,-0.24521422060164522,0.4341164980958137,0.5186107149289587,0.7235763640043875,0.6992098496870511,0.7620141587448312,0.43237479858651584,0.19437001598806553,0.1120790830880153,1,1,1
2025-08-28 01:00:05,2025,1744,UP,3399.18,3373.69,1.5115055147328968,2025-08-28 08:00:00,-8.929999999999836,-0.3503334641035666,0.14271016068248993,0.46694099187456495,0.41108125974433746,0.5172801391094674,0.37357537164491295,0.14476423347439168,0.036618361848398395,0.014523061740179278,1,1,1
2025-08-28 04:00:00,2025,1744,UP,3392.18,3373.69,1.099634306939117,2025-08-28 08:00:00,-1.9299999999998363,-0.10438074634937042,0.0459400499115063,0.4218298112394148,0.18403689350083147,0.2985688298874798,0.08514115710677549,0.045955546356092024,0.010339782553847227,0.004446724881403858,1,1,1
2025-08-28 08:00:00,2025,1745,DOWN,3390.25,3399.27,0.5379511543368619,2025-08-28 11:37:00,-9.019999999999982,-1.0,0.23219577565298058,0.1679329385404885,0.4325125532889776,0.08095269565980615,0.3462163226520404,0.2355368892610692,0.10514345482406685,0.0695723736686574,0,1,0
2025-08-28 12:00:00,2025,1746,UP,3400.88,3387.64,0.790510539760294,2025-08-29 08:00:00,7.920000000000073,0.5981873111782425,0.5847248916855198,0.43774836551584323,0.7008234949572991,0.293274193384052,0.842544422860867,0.5825460646003294,0.4526637658015575,0.2972970008012838,1,1,1
2025-08-28 16:00:00,2025,1746,UP,3397.37,3393.77,0.21507432774108914,2025-08-29 08:00:00,11.430000000000291,3.175000000000161,0.23012416741279212,0.4619906659197134,0.4600913250324139,0.16778386271074652,0.4599838942505703,0.2327492151315555,0.12213726563408443,0.10682143094409245,1,1,1
2025-08-28 20:00:00,2025,1746,UP,3415.69,3394.11,1.2863131230078957,2025-08-29 08:00:00,-6.889999999999873,-0.31927710843373014,0.2651162732612889,0.6206449896791855,0.3517102257521172,0.2294261609405118,0.6788328295170465,0.25971281687361697,0.06881751358806275,0.040228348883807316,1,1,1
2025-08-29 01:00:05,2025,1746,UP,3418.16,3394.11,1.4374815736939275,2025-08-29 08:00:00,-9.359999999999673,-0.38918918918918,0.057577836850869694,0.5103664945512345,0.13062218107943596,0.12454106131883495,0.24959996335212717,0.05734360683199647,0.010111900717640537,0.004792583602264446,1,1,1
2025-08-29 04:00:00,2025,1746,UP,3413.63,3394.11,1.1712756588812177,2025-08-29 08:00:00,-4.829999999999927,-0.24743852459016044,0.020216927041253708,0.49199708164822575,0.029635036461838005,0.04247994033621926,0.062210710732234664,0.019729076719497623,0.0028525129240811317,0.0013565543841477614,1,1,1
2025-08-29 08:00:00,2025,1747,DOWN,3408.8,3423.05,0.8579569130167453,2025-08-29 16:00:00,-7.819999999999709,-0.5487719298245409,0.26843520151670264,0.16993824100923768,0.45975252528501587,0.008188295337829679,0.37564524489400214,0.2698082045123202,0.10662578621613857,0.0632329916284563,0,1,0
2025-08-29 12:00:00,2025,1747,DOWN,3410.37,3423.05,0.7655460285337901,2025-08-29 16:00:00,-6.25,-0.4929022082018814,0.12584654207326554,0.1461724919854583,0.2611934533506938,0.009587585232554794,0.12854096009332147,0.1201631740164678,0.036013322575222814,0.01678616094685805,0,1,0
2025-08-29 16:00:00,2025,1748,UP,3416.62,3394.11,1.3608754912233196,2025-09-01 16:00:00,52.840000000000146,2.3474011550422347,0.5467069310702831,0.41988194378323235,0.6041476280155361,0.01720712590750088,0.7689061001622506,0.5347948680567586,0.3759711228048579,0.206454931956434,1,1,1
2025-08-29 20:00:00,2025,1748,UP,3449.27,3404.33,2.6994708868172705,2025-09-01 16:00:00,20.190000000000055,0.44926568758344526,0.5901629021009341,0.660228765067571,0.7224740515181345,0.06731053936923138,0.9341287057564841,0.5861769249185769,0.16434009697542803,0.09491737873937746,1,1,1
2025-09-01 01:00:05,2025,1748,UP,3448.42,3440.97,0.44806048031554,2025-09-01 04:07:00,-7.450000000000273,-1.0,0.07138952712568583,0.5454895799145763,0.2691871423185858,0.023465678395540316,0.5269974916357426,0.07144428061162862,0.01423600278670494,0.0176958261415557,1,1,1
2025-09-01 04:00:00,2025,1748,UP,3444.26,3440.97,0.1982914981991592,2025-09-01 04:07:00,-3.2900000000004184,-1.0,0.017177328627995127,0.5196923055133541,0.0588560031939216,0.006066616786092758,0.13665166298832213,0.016770996447507736,0.002394632290432409,0.003347942974285471,1,1,1
2025-09-01 08:00:00,2025,1748,UP,3475.23,3436.8,2.2912956606480472,2025-09-01 16:00:00,-5.769999999999982,-0.1501431173562323,0.01951414895980976,0.6534864555618237,0.08860734576990399,0.02081559965048615,0.36923191741241074,0.02011927077548431,0.0007416404098453576,0.0005596867013793425,1,1,1
2025-09-01 12:00:00,2025,1748,UP,3477.09,3436.8,2.397985586254377,2025-09-01 16:00:00,-7.630000000000109,-0.18937701662943945,0.0018067495991452337,0.5336334543418906,0.0202532290351559,0.006945059888644336,0.05920755670307295,0.0019082433456022306,5.782240991531034e-05,3.967505874943568e-05,1,1,1
2025-09-01 16:00:00,2025,1749,DOWN,3469.46,3489.78,1.2118534209381726,2025-09-01 20:00:00,-8.059999999999945,-0.39665354330708075,0.366868024280251,0.24082387836932959,0.0025279435743149306,0.0016539686791312758,0.5638757905963909,0.372098284627404,0.11923515179261238,0.07940156340660737,0,0,0
2025-09-01 20:00:00,2025,1750,UP,3477.52,3466.34,0.6676843407836776,2025-09-02 12:00:00,0.09999999999990905,0.008944543828256754,0.4838269793025088,0.3514315012049641,0.003672584361852207,0.0014447177901811522,0.6631711611036629,0.4934937222389484,0.41554104679326903,0.2762099223592153,1,1,1
2025-09-02 01:00:05,2025,1750,UP,3477.93,3472.27,0.33958702129308815,2025-09-02 10:54:00,-5.6599999999998545,-1.0,0.2852949674884156,0.37598564161429066,0.001428270539496227,0.0005892234568268804,0.536971427862967,0.2954935001769561,0.22481120614438468,0.12788531980852255,1,1,1
2025-09-02 04:00:00,2025,1750,UP,3479.35,3474.21,0.3089925082114407,2025-09-02 10:53:00,-5.139999999999873,-1.0,0.17665480438695477,0.3727012638422408,0.000865051100275681,0.00037271582861179113,0.38436365351879676,0.17988063584729613,0.09386572146814423,0.040669675566184824,1,1,1
2025-09-02 08:00:00,2025,1750,UP,3496.88,3474.21,1.355968183259926,2025-09-02 10:53:00,-22.670000000000073,-1.0,0.13523593215540863,0.5304145905634535,0.00047517098954106754,0.0003593974924708529,0.4307540449055025,0.13990461885843522,0.030015180414942985,0.015026919021968278,1,1,1
2025-09-02 12:00:00,2025,1751,DOWN,3477.62,3508.61,1.8469002011514242,2025-09-02 17:44:00,-30.990000000000236,-1.0,0.3269753678561857,0.22171307897439646,1.9408486013951894e-05,2.69070019618971e-05,0.4600687723284396,0.32736772959557064,0.0819490164104118,0.054045070217405115,0,0,0
2025-09-02 16:00:00,2025,1751,DOWN,3482.03,3508.61,1.5825434655344317,2025-09-02 17:44:00,-26.579999999999927,-1.0,0.054695274088525515,0.1265518870681379,0.2800175996557943,1.944922904111407e-05,0.09653149815557008,0.05449551729578791,0.008960164573869335,0.0038298745791644035,0,1,0
2025-09-02 20:00:00,2025,1752,UP,3527.91,3474.35,3.1538051670174507,2025-09-04 04:00:00,33.600000000000364,0.6273338312173338,0.7438466596891127,0.6243850151977052,0.9025383642141656,0.00039291301897850594,0.9707399726120802,0.7370207108419805,0.4968868007727373,0.29408802560717007,1,1,1
2025-09-03 01:00:05,2025,1752,UP,3533.1,3474.35,3.4581469969886514,2025-09-04 04:00:00,28.41000000000031,0.4835744680851116,0.09815302827799949,0.4371174295351847,0.5792965397107432,0.00014938319636732914,0.6032393677478028,0.0995291591429215,0.03361904181344062,0.016420868645910382,1,1,1
2025-09-03 04:00:00,2025,1752,UP,3536.27,3474.35,3.6400485000504763,2025-09-04 04:00:00,25.240000000000236,0.4076227390180912,0.0163485552941945,0.3711304073663213,0.2343835208954587,7.47404463287664e-05,0.1478319439021311,0.016623306863956553,0.002844027599697205,0.00140513611128657,1,1,1
2025-09-03 08:00:00,2025,1752,UP,3537.07,3525.9,0.6566990422054606,2025-09-04 04:00:00,24.440000000000055,2.1880035810205816,0.006409179827636153,0.28200630561865775,0.06708572318500348,2.0794740525098904e-05,0.11617371813922134,0.006716943102846187,0.0012015279650432788,0.0006362150292061135,1,1,1
2025-09-03 12:00:00,2025,1752,UP,3540.24,3526.72,0.7955054340174607,2025-09-04 04:00:00,21.270000000000437,1.5732248520710403,0.003600048186207251,0.2641503316452247,0.03986019489299001,1.0986136238985802e-05,0.1455021077756383,0.0039173619002133364,0.00043467893567473396,0.00012480949290232023,1,1,1
2025-09-03 16:00:00,2025,1752,UP,3550.75,3532.23,1.0888880793009978,2025-09-04 04:00:00,10.760000000000218,0.5809935205183709,0.002465574831322279,0.30564792050982137,0.030754308534249306,8.127555454338058e-06,0.16614340251300586,0.002698004633535415,0.00014991153659236507,3.3569153330742725e-05,1,1,1
2025-09-03 20:00:00,2025,1752,UP,3572.71,3532.23,2.3751659903749034,2025-09-04 04:00:00,-11.199999999999818,-0.2766798418972286,0.0010351141635735954,0.36793594835676785,0.02364835139660845,1.0759360477556618e-05,0.12527866074649113,0.0011751921857758656,3.795948443773641e-05,9.699083689605918e-06,1,1,1
2025-09-04 01:00:05,2025,1752,UP,3561.71,3532.23,1.7283674540157967,2025-09-04 04:00:00,-0.1999999999998181,-0.006784260515597625,6.258557614315384e-05,0.22663872311260427,0.0014197782773059167,1.057195943852391e-06,0.0026406983627576745,6.973421841977698e-05,2.751576640733583e-06,9.90468235083046e-07,1,1,1
2025-09-04 04:00:00,2025,1753,DOWN,3561.51,3578.39,0.9911939831237229,2025-09-04 16:00:00,13.010000000000218,0.7707345971564268,0.1992700961025465,0.12572136090275396,0.0006345387148691719,5.733470067081539e-07,0.22083056066361104,0.19777408053388007,0.0512747890798175,0.02797003781022797,0,0,0
2025-09-04 08:00:00,2025,1753,DOWN,3533.0,3563.38,1.7633606712117138,2025-09-04 16:00:00,-15.5,-0.5102040816326512,0.10226813383386064,0.1749953613150429,0.5700373293888873,0.8081534280145813,0.1726843477736994,0.10061493814025875,0.018350865871715555,0.010713850919578572,0,1,1
2025-09-04 12:00:00,2025,1753,DOWN,3541.16,3563.38,1.2879518980300466,2025-09-04 16:00:00,-7.3400000000001455,-0.3303330333033331,0.009100457951506578,0.10838120677230542,0.16736746571389108,0.42006314285748786,0.016171945981726544,0.008801975537400506,0.0013024506038257695,0.0007233048401861569,0,1,1
2025-09-04 16:00:00,2025,1754,UP,3548.5,3524.08,1.4155321473264069,2025-09-05 12:00:00,-2.5399999999999636,-0.10401310401310221,0.4495040177623796,0.32924707973782724,0.5912931454622701,0.6167538230178571,0.6258488621214987,0.44430334152993767,0.26658153746075874,0.1299534213768984,1,1,1
2025-09-04 20:00:00,2025,1754,UP,3552.62,3535.05,1.016363556676022,2025-09-05 12:00:00,-6.6599999999998545,-0.3790552077404647,0.2955458823651958,0.4190617104793343,0.38068689199092337,0.5535350486601753,0.5708674359625876,0.2949060753290225,0.16875024570621808,0.09199344915963459,1,1,1
2025-09-05 01:00:05,2025,1754,UP,3546.42,3535.05,0.6586542739866914,2025-09-05 12:00:00,-0.4600000000000364,-0.04045734388742663,0.10499832731552411,0.31858073708277573,0.14684148756613888,0.38417694515065065,0.15142952377100957,0.10230395558528349,0.04854182976100672,0.022348706236852058,1,1,1
2025-09-05 04:00:00,2025,1754,UP,3552.36,3540.04,0.7138942970002677,2025-09-05 12:00:00,-6.400000000000091,-0.51948051948052,0.10422360782344255,0.4377780180406766,0.16379552737596628,0.44724418531729654,0.28991574032995016,0.09877754725454936,0.03738206482829458,0.011046044713730918,1,1,1
2025-09-05 08:00:00,2025,1754,UP,3558.65,3545.96,0.7363245248450567,2025-09-05 11:15:00,-12.690000000000055,-1.0,0.07247378475436697,0.45987099572690887,0.10235496581553753,0.3776697827787047,0.30887978274094924,0.07337755763172629,0.01733961935839347,0.004315027521730121,1,1,1
2025-09-05 12:00:00,2025,1755,DOWN,3545.96,3561.07,0.877009545644601,2025-09-05 15:30:00,-15.110000000000127,-1.0,0.34003169739180006,0.19874724892083706,0.008786329926999318,0.09789618371390747,0.5339167801285531,0.34322541924695754,0.10329907214813268,0.06093358688033855,0,0,0
2025-09-05 16:00:00,2025,1756,UP,3580.52,3544.78,2.05863617524809,2025-09-08 08:00:00,1.0599999999999454,0.029658645775040623,0.6673171113064882,0.46431001589720544,0.058673787532456195,0.5328594503739023,0.8495435312111159,0.664427828626514,0.5070613623165575,0.3792485504302984,1,1,1
2025-09-05 20:00:00,2025,1756,UP,3595.38,3544.78,2.9058002817784248,2025-09-08 08:00:00,-13.800000000000182,-0.2727272727272768,0.21954650072454918,0.39438420590922857,0.01744581063854354,0.43161350074553556,0.6563310358949029,0.22040348502781182,0.08190490185452597,0.0381003189013014,1,1,1
2025-09-08 01:00:05,2025,1756,UP,3580.76,3544.78,2.07030345558057,2025-09-08 08:00:00,0.819999999999709,0.022790439132843485,0.02679381472910087,0.32326608303088616,0.001667739125866215,0.12267860786629306,0.10720198806712337,0.026008557092433472,0.008863805936603866,0.005151728092017484,1,1,1
2025-09-08 04:00:00,2025,1756,UP,3594.61,3577.55,0.9810524211476647,2025-09-08 08:00:00,-13.0300000000002,-0.7637749120750434,0.02405598622258082,0.2995547224462925,0.001374029074640897,0.12285974992249309,0.23622628763351558,0.0251772083833515,0.00545351446060947,0.002082967193614071,1,1,1
2025-09-08 08:00:00,2025,1757,DOWN,3581.58,3597.08,0.8913115869948566,2025-09-08 09:43:00,-15.5,-1.0,0.32955226003332466,0.2012265571019903,0.00015809643075547178,0.02130649712086843,0.40945145211276246,0.3363377296163617,0.10329797003358665,0.07383451050056812,0,0,0
2025-09-08 12:00:00,2025,1758,UP,3611.38,3579.58,1.8177035314542043,2025-09-09 20:00:00,33.61999999999989,1.0572327044025063,0.6118430991420041,0.4098353983970959,0.0010672009693057114,0.1272598995939173,0.8603875212772429,0.6089617484684451,0.45440780850444173,0.3026595304384718,1,1,1
2025-09-08 16:00:00,2025,1758,UP,3624.68,3579.58,2.5781219099277513,2025-09-09 20:00:00,20.320000000000164,0.45055432372506,0.23035348555699792,0.31365137415945704,0.00031015333300792947,0.06782057051582867,0.6542191939409767,0.23073723336141688,0.08646789526657576,0.03189311101363504,1,1,1
2025-09-08 20:00:00,2025,1758,UP,3640.85,3579.58,3.4928593252808313,2025-09-09 20:00:00,4.150000000000091,0.06773298514770837,0.055242643609286914,0.27550898428946713,0.00011389302198193881,0.06274509505852062,0.3152236087152928,0.057502807811017076,0.009263852706615519,0.0033108352690544604,1,1,1
2025-09-09 01:00:05,2025,1758,UP,3636.48,3631.84,0.2652094611363087,2025-09-09 01:28:00,-4.639999999999873,-1.0,0.008977448176194022,0.21017197010740205,1.6144179943900258e-05,0.01565857310192549,0.11740590301858388,0.008913873060198332,0.001976140670848497,0.0010229580376123631,1,1,1
2025-09-09 04:00:00,2025,1758,UP,3638.71,3579.58,3.3847850164192392,2025-09-09 20:00:00,6.289999999999964,0.10637578217486812,0.003969238438154867,0.2189348293544376,1.0180798332567872e-05,0.009484855096132776,0.049762727510296166,0.004048546148263614,0.0002955360488070474,6.292005026374213e-05,1,1,1
2025-09-09 08:00:00,2025,1758,UP,3655.02,3628.11,1.5386648579125177,2025-09-09 18:16:00,-26.909999999999854,-1.0,0.0034576709315725343,0.26999746317452755,7.960233844355917e-06,0.008022450130381682,0.14411626203311748,0.0037716466694461717,0.00022539217187910298,6.276869388256487e-05,1,1,1
2025-09-09 12:00:00,2025,1758,UP,3648.36,3636.65,0.668473371100804,2025-09-09 17:37:00,-11.710000000000036,-1.0,0.0006038364932979156,0.17772936445169807,1.2063417379361212e-06,0.0015754683475223653,0.018516361825929084,0.0006508095078195864,3.754873271425972e-05,9.737466120899564e-06,1,1,1
2025-09-09 16:00:00,2025,1758,UP,3647.63,3636.65,0.6277140826102318,2025-09-09 17:37:00,-10.980000000000018,-1.0,0.0003411169765789256,0.18877143214328596,5.467763728020408e-07,0.000742272754931677,0.006935515322427913,0.0003869067925446311,1.9066389485641845e-05,5.271587530465913e-06,1,1,1
2025-09-09 20:00:00,2025,1759,DOWN,3645.0,3674.62,1.6772233941396095,2025-09-10 08:00:00,1.9299999999998363,0.06515867656987992,0.0951250402931868,0.12857101069687116,1.4868457500008606e-07,0.0004228946554865144,0.16355887058917334,0.0936217967117081,0.014585768271332738,0.0087997259202393,0,0,0
2025-09-10 01:00:05,2025,1759,DOWN,3621.69,3674.62,2.994573346968717,2025-09-10 08:00:00,-21.38000000000011,-0.4039297184961303,0.08303555557830705,0.2162511974560327,0.7602159996007812,0.7826683779814915,0.30068481296811045,0.08426364347941975,0.011794909297915362,0.005301925791172282,0,1,1
2025-09-10 04:00:00,2025,1759,DOWN,3623.95,3674.62,2.8651491663800006,2025-09-10 08:00:00,-19.120000000000346,-0.377343595816071,0.013158721925472728,0.14706058010279013,0.3523265095995434,0.46630663708668413,0.060135619344044974,0.013272756865146772,0.0011488335415301392,0.00036787996755372057,0,1,1
2025-09-10 08:00:00,2025,1760,UP,3643.07,3620.22,1.2898896669847537,2025-09-10 20:00:00,-0.36000000000012733,-0.015754923413572063,0.6948670932641325,0.31039309972042006,0.061385083921182707,0.24106398340772092,0.8624738570506953,0.6983878579111077,0.4488868398422584,0.20207103242515123,1,0,0
2025-09-10 12:00:00,2025,1760,UP,3645.87,3620.22,1.4521378923474912,2025-09-10 20:00:00,-3.1599999999998545,-0.12319688109161182,0.3022271899943817,0.22431460965715874,0.6305928783406228,0.6342811030341897,0.6123021531322517,0.3103173785549941,0.15365060792937937,0.04976753923062689,1,1,1
2025-09-10 16:00:00,2025,1760,UP,3644.21,3620.22,1.3583830847253886,2025-09-10 20:00:00,-1.5,-0.06252605252188351,0.1436154068923309,0.48687037134296146,0.38545255228515785,0.5692752861442063,0.35774327074822027,0.14457096616858142,0.12210115773651455,0.03033910228249729,1,1,1
2025-09-10 20:00:00,2025,1761,DOWN,3642.71,3657.51,0.8382641642374358,2025-09-11 04:00:00,-1.3299999999999272,-0.08986486486485884,0.24899250014863658,0.1594712567830846,0.1491284589679751,0.44338143631756954,0.35794073451802305,0.2493917124548252,0.07049820322161557,0.03864161953446939,0,0,0
2025-09-11 01:00:05,2025,1761,DOWN,3642.18,3649.66,0.42409100540047723,2025-09-11 04:00:00,-1.8600000000001273,-0.2486631016042945,0.0929122937469636,0.1548774031373446,0.4176944317643313,0.14827313179691792,0.1750248340065043,0.092564657980651,0.02391050117998309,0.010424503917879552,0,1,0
2025-09-11 04:00:00,2025,1762,UP,3644.04,3635.21,0.5019560698029788,2025-09-11 05:45:00,-8.829999999999927,-1.0,0.6286415061860686,0.49010188880301886,0.15424504467652653,0.17804414749267605,0.7969212378654603,0.6287488916766482,0.5022900765451421,0.3799113336607687,1,0,1
2025-09-11 08:00:00,2025,1763,DOWN,3630.59,3649.14,1.0539235880947393,2025-09-11 20:00:00,-5.879999999999654,-0.31698113207545775,0.30095446302347834,0.17667194307525422,0.2787942639535034,0.623720613020699,0.47948126336278246,0.29564684564735816,0.10834495704412281,0.07104022870923674,0,1,1
2025-09-11 12:00:00,2025,1763,DOWN,3626.12,3637.98,0.6743360814384136,2025-09-11 15:32:00,-11.860000000000127,-1.0,0.11627019442297568,0.1510062866827017,0.09553106034176442,0.39843478078497246,0.25485824024946874,0.11472398344814214,0.032916401547279976,0.01846322565783694,0,1,1
2025-09-11 16:00:00,2025,1763,DOWN,3629.32,3649.14,1.122101048335587,2025-09-11 20:00:00,-7.149999999999636,-0.3607467204843462,0.020716493286585678,0.14377475704475853,0.025359752895247566,0.2214115682073046,0.06743083965160616,0.020866179738656485,0.004210729065016544,0.007356647878740012,0,1,1
2025-09-11 20:00:00,2025,1764,UP,3636.47,3612.72,1.342081923461686,2025-09-12 16:00:00,8.990000000000236,0.37852631578948365,0.5801248871996171,0.26416383386839154,0.007920940999891556,0.19235531231745082,0.698280702063384,0.5788757173203717,0.35765371809500696,0.14320766938788393,0,0,0
2025-09-12 01:00:05,2025,1764,UP,3634.31,3630.43,0.21997798718112282,2025-09-12 03:30:00,-3.880000000000109,-1.0,0.3424562708855762,0.5061867314650085,0.3502696460451073,0.11320644499103534,0.7269056935534454,0.33535477315158496,0.37593824498015116,0.10924465722972065,0,1,0
2025-09-12 04:00:00,2025,1764,UP,3636.84,3612.72,1.3717817280935785,2025-09-12 16:00:00,8.61999999999989,0.3573797678275194,0.25934468752574136,0.5254374885078615,0.3034184213439045,0.4094934243268558,0.5225310124936594,0.25916243829641084,0.21106734251842155,0.04291626128581555,0,1,1
2025-09-12 08:00:03,2025,1764,UP,3655.11,3630.41,1.4038646267385353,2025-09-12 16:00:00,-9.650000000000091,-0.3906882591093111,0.2183192348544457,0.6323291762005633,0.3930477648816343,0.6537507112553498,0.7655244701388861,0.22334908288333033,0.12034909768092078,0.018702479689702046,0,1,1
2025-09-12 12:00:00,2025,1764,UP,3641.11,3630.41,0.6082660252500478,2025-09-12 16:00:00,4.349999999999909,0.40654205607474747,0.02766101091132551,0.42400492712539706,0.04151197265343687,0.2281340702054088,0.07628883307799851,0.027101504521908883,0.016285720897137174,0.0025120413032140767,0,1,1
2025-09-12 16:00:00,2025,1765,DOWN,3645.46,3652.11,0.3783991016694008,2025-09-12 16:41:00,-6.650000000000091,-1.0,0.20246034414188888,0.1386815787252605,0.02920962341658376,0.23637773343482404,0.24434404960343273,0.20363036439371296,0.06122417448024751,0.035702074319148375,0,0,0
2025-09-12 20:00:00,2025,1766,UP,3649.35,3638.26,0.632038338500952,2025-09-15 01:00:05,-4.900000000000091,-0.4418394950405976,0.4909818391114384,0.38632265004991523,0.029109138305508455,0.21171805760513449,0.6567231334634644,0.49405890359304566,0.4298432915275843,0.2986408342689315,0,1,1
2025-09-15 01:00:05,2025,1767,DOWN,3644.45,3650.67,0.355407550790377,2025-09-15 12:00:00,-1.2100000000000364,-0.1945337620578757,0.3028365351266627,0.2121531373957723,0.004701666628940265,0.08551830941853673,0.41469848482902627,0.2996802218826616,0.1110334962717393,0.08168758465520079,0,0,0
2025-09-15 04:00:00,2025,1767,DOWN,3633.42,3650.67,0.9867056046440242,2025-09-15 12:00:00,-12.239999999999782,-0.7095652173912917,0.16242897129150258,0.19069623451316553,0.6291264147185092,0.6210724101093215,0.3462514360185668,0.15798892317327723,0.038295343333594925,0.019589314951391133,0,1,1
2025-09-15 08:00:00,2025,1767,DOWN,3645.64,3650.67,0.28747029075529307,2025-09-15 12:00:00,-0.01999999999998181,-0.003976143141149307,0.02639056726540255,0.10484550661648909,0.23500661354352598,0.32047531123163847,0.02084596156413901,0.026353533577629266,0.007255816710476005,0.0045960947264324994,0,1,1
2025-09-15 12:00:00,2025,1768,UP,3645.66,3626.64,1.088721658623593,2025-09-16 20:00:00,44.07999999999993,2.3175604626708712,0.4886650530431458,0.4286340887762419,0.4454591562593859,0.4460768844417585,0.7860456237823807,0.48087108106770887,0.35724363564789724,0.18485171362070144,0,1,1
2025-09-15 16:00:00,2025,1768,UP,3650.58,3633.7,0.9669087805133854,2025-09-16 20:00:00,39.159999999999854,2.3199052132701183,0.29880387984605233,0.4425443861920985,0.30519187867829733,0.40348929814764867,0.6126662126992879,0.29582898290189025,0.1469304972428403,0.05036246049430071,0,1,1
2025-09-15 20:00:00,2025,1768,UP,3679.4,3636.83,2.42215411487498,2025-09-16 20:00:00,10.33999999999969,0.242894056847537,0.27217280322501003,0.6594561074688071,0.5133506937461473,0.8367785046677554,0.7431413450978953,0.27524385971393844,0.04316298353352717,0.023009884895490235,1,1,1
2025-09-16 01:00:05,2025,1768,UP,3680.29,3636.83,2.4811739306464844,2025-09-16 20:00:00,9.449999999999818,0.21744132535664543,0.03484607010334637,0.5487147278478985,0.11454610940442968,0.5771625002156333,0.14814009127828856,0.03498643516263298,0.003964680217004081,0.0022361197257480536,1,1,1
2025-09-16 04:00:00,2025,1768,UP,3686.63,3636.83,2.8491454706632853,2025-09-16 20:00:00,3.1099999999996726,0.06244979919678035,0.015366814893624613,0.6155368383720036,0.07249051537947995,0.5478575854945469,0.1474896167445582,0.015034487765801696,0.0007980279565395391,0.00034883168444920475,1,1,1
2025-09-16 08:00:00,2025,1768,UP,3684.45,3674.72,0.5571518760825535,2025-09-16 20:00:00,5.289999999999964,0.5436793422404885,0.004732280766787364,0.47283830279646866,0.02006204134996182,0.3146233621448126,0.07740158967290467,0.004710721169812786,0.00023168054129163747,8.385634215041685e-05,1,1,1
2025-09-16 12:00:00,2025,1768,UP,3694.42,3674.72,1.1282165068183825,2025-09-16 20:00:00,-4.680000000000291,-0.23756345177666122,0.0030142020848584012,0.5214943971619941,0.01517565399042706,0.28480910274506704,0.07557415191825097,0.0032684265832009715,9.838909812527583e-05,3.2044073850275315e-05,1,1,1
2025-09-16 16:00:00,2025,1768,UP,3689.4,3674.72,0.8418952976687206,2025-09-16 20:00:00,0.33999999999969077,0.02316076294275777,0.0007397815778055427,0.5613865026376947,0.002969522115411616,0.09069142424647043,0.013987514954632189,0.000783090008262685,2.687017974023745e-05,5.893527978897893e-06,1,1,1
2025-09-16 20:00:00,2025,1769,DOWN,3689.74,3702.97,0.7571186800396235,2025-09-17 04:00:00,-1.650000000000091,-0.12471655328798856,0.24412808788443485,0.13655038407632655,0.001179009756807224,0.06169780089711894,0.28684908455684716,0.24249053746969756,0.0679791129272131,0.03929263021048144,0,0,0
2025-09-17 01:00:05,2025,1769,DOWN,3689.62,3702.97,0.766406559615806,2025-09-17 04:00:00,-1.7699999999999818,-0.1325842696629209,0.15273176394337867,0.1531854316789644,0.0006772360170648152,0.044021680886894496,0.13760529869801782,0.1457573719311877,0.03520202661539752,0.0189485208877818,0,0,0
2025-09-17 04:00:00,2025,1770,UP,3691.39,3678.82,0.7242075191259438,2025-09-17 04:37:00,-12.569999999999709,-1.0,0.489921576647763,0.4100014611197125,0.00037213066573581096,0.021521822613202388,0.583992928128799,0.4864765125627705,0.40836296267566674,0.2855386624455128,1,1,1
2025-09-17 08:00:00,2025,1771,DOWN,3680.74,3695.34,0.8410822676029478,2025-09-17 20:00:00,-4.200000000000273,-0.28767123287672386,0.2624465238544201,0.16309927866248308,0.6390538958623029,0.690424910281898,0.4062042760550912,0.2649298315406363,0.10254073741016556,0.08255218682451711,1,1,1
2025-09-17 12:00:00,2025,1771,DOWN,3664.81,3685.86,1.2103354276214346,2025-09-17 17:48:00,-21.050000000000182,-1.0,0.1534647344620926,0.14751548378601137,0.5645704703392642,0.7069225862731956,0.3551950318942692,0.1536647077651975,0.028239585308860088,0.01367779751298863,1,1,1
2025-09-17 16:00:00,2025,1771,DOWN,3678.73,3685.86,0.40971579222674626,2025-09-17 17:48:00,-7.130000000000109,-1.0,0.016177399907062115,0.09364733137598219,0.0982824957933418,0.22916204255537065,0.02201265581431699,0.015526604873500664,0.0033488573172873464,0.002154447187827352,1,1,1
2025-09-17 20:00:00,2025,1772,UP,3684.94,3660.02,1.4327772601755484,2025-09-17 21:01:00,-24.920000000000073,-1.0,0.5222318521763942,0.3944447898707377,0.6180905377137724,0.5393373637001804,0.8281214811148322,0.5352577868803841,0.39134049915653346,0.20862289281411092,0,1,1
2025-09-18 01:00:05,2025,1773,DOWN,3659.68,3707.43,2.7073849302876156,2025-09-18 16:00:00,-3.8099999999999454,-0.07979057591622922,0.17506807307642355,0.19298720094982946,0.36096856635648544,0.6813467439063073,0.444915225478692,0.18050853123694707,0.033054708962102296,0.021426225466123713,0,1,1
2025-09-18 04:00:00,2025,1773,DOWN,3665.22,3707.43,2.3937669326937128,2025-09-18 16:00:00,1.7300000000000182,0.04098554844823541,0.025081200127143214,0.12844948416398227,0.19183479062094502,0.49091594045578985,0.07338277156638952,0.024896944290448166,0.0044359205985388716,0.002930615732444356,0,1,1
2025-09-18 08:00:00,2025,1773,DOWN,3653.54,3671.97,1.045413462197499,2025-09-18 12:23:00,-18.429999999999836,-1.0,0.018835382513474344,0.1313410153438532,0.11366262975075393,0.3877040242216804,0.10388439844907874,0.019755832138841353,0.0029370246299668026,0.001225401480912773,0,1,1
2025-09-18 12:00:00,2025,1773,DOWN,3665.44,3671.97,0.368745938784111,2025-09-18 12:23:00,-6.529999999999745,-1.0,0.0021898470398716736,0.08524798918175604,0.02297103187952552,0.1759033450126057,0.007840742354733431,0.002300815778573651,0.0002856312905957899,0.00023205557222730447,1,1,1
2025-09-18 16:00:00,2025,1774,UP,3663.49,3633.9,1.6749994918416673,2025-09-18 16:43:00,-29.58999999999969,-1.0,0.3461661378456954,0.39593213535953925,0.3943668679687465,0.16188979596139041,0.5432597238245679,0.35668858708325885,0.26407621221718497,0.15220390998772393,0,1,0
2025-09-18 20:00:00,2025,1775,DOWN,3646.31,3672.93,1.4980836950784764,2025-09-19 08:00:00,-12.690000000000055,-0.4767092411720551,0.2188046328992576,0.1243007403554611,0.46954342814512995,0.22608803922236437,0.3901820591346486,0.22295195234089304,0.0703347439767537,0.046069308547450935,1,1,1
2025-09-19 01:00:05,2025,1775,DOWN,3643.41,3647.24,0.21629478332433222,2025-09-19 04:07:00,-3.8299999999999272,-1.0,0.07137400396604521,0.13194789823330297,0.2188348608139868,0.08981728054531525,0.16915465362110346,0.0709564021007044,0.021551055856988324,0.011444793881352628,1,1,1
2025-09-19 04:00:00,2025,1775,DOWN,3640.0,3647.21,0.40840866168991086,2025-09-19 04:07:00,-7.210000000000036,-1.0,0.029741132379879385,0.12709546614168582,0.1690160396353662,0.0800044106652501,0.13668326445313186,0.03171227889305308,0.007163063406551457,0.0027374242697996197,1,1,1
2025-09-19 08:00:00,2025,1776,UP,3659.0,3632.33,1.5059876165750383,2025-09-19 16:00:00,-9.739999999999782,-0.36520434945630875,0.5824392685865017,0.4897030433476805,0.5811677812803508,0.011204733382662473,0.847874566671072,0.5925585568610792,0.4105446833176156,0.23944250561476205,0,1,0
2025-09-19 12:00:00,2025,1776,UP,3655.83,3643.3,0.7074929465107485,2025-09-19 16:00:00,-6.569999999999709,-0.5243415802074894,0.24378800612575188,0.42017543509540023,0.2859357000174471,0.3858480538423947,0.539810214973873,0.23976704897092357,0.15688212050938416,0.08559056869463147,0,1,1
2025-09-19 16:00:00,2025,1777,DOWN,3649.26,3659.17,0.5600969310884659,2025-09-19 16:50:00,-9.909999999999854,-1.0,0.33775291856621725,0.17990653859208328,0.06688609662678933,0.4402089303097471,0.482192998773413,0.3356141320033163,0.105375123020148,0.07030128473345365,1,0,1
2025-09-19 20:00:00,2025,1778,UP,3668.38,3643.71,1.3880073858700295,2025-09-24 01:00:05,96.90000000000009,3.9278475881637536,0.5042759500782457,0.48528500059950924,0.14870912635687225,0.6844667197059405,0.7487816534865629,0.5077378117461043,0.3934460370621803,0.3142066645959891,0,1,1
2025-09-22 01:00:05,2025,1778,UP,3687.36,3643.71,2.456249840056783,2025-09-24 01:00:05,77.92000000000007,1.7851088201603644,0.27542358468647193,0.541331039910464,0.09594433066271271,0.6987278381368554,0.730896915631006,0.27257608343756,0.11579674513740815,0.056965370260815856,0,1,1
2025-09-22 04:00:00,2025,1778,UP,3691.03,3643.71,2.670556292296671,2025-09-24 01:00:05,74.25,1.5691039729501213,0.06143028672348484,0.45763712733895745,0.031113217584947932,0.6137436421575473,0.2775907738775432,0.06351615417291893,0.017021588795561187,0.007560313828893362,0,1,1
2025-09-22 08:00:00,2025,1778,UP,3692.32,3685.45,0.3884039545014723,2025-09-24 01:00:05,72.96000000000004,10.620087336244012,0.017255650142606146,0.31091570799178175,0.00987554732535235,0.4786384741845344,0.09944526841648839,0.017920638535678417,0.00411206565624176,0.001861913407119425,0,1,1
2025-09-22 12:00:00,2025,1778,UP,3720.51,3685.45,1.9741355857932057,2025-09-24 01:00:05,44.76999999999998,1.2769537934968473,0.016352479897229325,0.45247722694926934,0.015070077589555404,0.7484291796344743,0.3102951367253182,0.017219169569213037,0.001132876859143087,0.0005312651240593324,1,1,1
2025-09-22 16:00:00,2025,1778,UP,3721.84,3685.45,2.0500438007944823,2025-09-24 01:00:05,43.440000000000055,1.1937345424567096,0.0017045827619713294,0.37252191259078943,0.0017928480190402129,0.3718273414947852,0.04917907209169906,0.001759444465312446,9.620766294943512e-05,4.344200694235245e-05,1,1,1
2025-09-22 20:00:00,2025,1778,UP,3737.25,3712.16,1.4099200261570433,2025-09-24 01:00:05,28.0300000000002,1.1171781586289373,0.0007872386585430579,0.31724361446186594,0.0024391087641436864,0.5584506732950574,0.05045127097571272,0.0008863668489270702,2.3152462713778942e-05,9.130744589010746e-06,1,1,1
2025-09-23 01:00:05,2025,1778,UP,3746.12,3712.16,1.9119976447147444,2025-09-24 01:00:05,19.16000000000031,0.5641931684334596,0.00017653048202922832,0.33049617167207845,0.0006708663051667186,0.3301391299863815,0.022923326187324313,0.00020266787797062433,3.570748092820316e-06,1.379809615395086e-06,1,1,1
2025-09-23 04:00:00,2025,1778,UP,3747.29,3738.16,0.5148909928013926,2025-09-23 05:55:00,-9.13000000000011,-1.0,4.555137681945275e-05,0.2509305919092568,0.00015918316903821287,0.14299523881254494,0.006158948812248049,5.057955967641991e-05,7.255979088435091e-07,2.7038921572544845e-07,1,1,1
2025-09-23 08:00:00,2025,1778,UP,3744.86,3736.74,0.45725131443828687,2025-09-24 01:00:05,20.420000000000073,2.5147783251230544,1.3608536715829623e-05,0.21495368058271389,4.4145730979756046e-05,0.04884314681507373,0.0014561785749236486,1.5964143065250244e-05,1.73119661977889e-07,6.186516012430057e-08,1,1,1
2025-09-23 12:00:00,2025,1778,UP,3774.55,3736.74,2.119768677964393,2025-09-24 01:00:05,-9.269999999999982,-0.24517323459401966,1.9690284259780465e-05,0.3468229982388196,7.792093637811788e-05,0.10732442150833194,0.007815837039021908,2.2911788390911367e-05,8.540012498094687e-08,2.0636584948400343e-08,1,1,1
2025-09-23 16:00:00,2025,1778,UP,3784.49,3736.74,2.6778149403933047,2025-09-24 01:00:05,-19.20999999999958,-0.4023036649214572,3.2675390070008917e-06,0.5408066452026049,1.7313308174560288e-05,0.04676196095731225,0.0031550942675270736,4.0555640304260795e-06,2.3183998190284612e-08,3.489128375080787e-09,1,1,1
2025-09-23 20:00:00,2025,1778,UP,3779.54,3736.74,2.3958168069749965,2025-09-24 01:00:05,-14.259999999999764,-0.333177570093451,6.226074947375894e-07,0.4446205616720281,2.7010532111213833e-06,0.0110486852069631,0.0004264583607919033,7.294015307650429e-07,2.4581982550476024e-09,2.7987704615580493e-10,1,1,1
2025-09-24 01:00:05,2025,1779,DOWN,3765.28,3785.68,1.1363494577551134,2025-09-24 12:00:00,-4.9099999999998545,-0.24068627450980107,0.2676864513448111,0.18080991143433794,0.26191779910029334,0.0008459719724678577,0.4247125348913527,0.2596284587265365,0.08174151858973477,0.05796432661607488,0,1,0
2025-09-24 04:00:00,2025,1779,DOWN,3765.15,3785.68,1.1459855126547769,2025-09-24 12:00:00,-5.039999999999964,-0.2454943984413067,0.08440319542676387,0.14971086222773874,0.25654146381405396,0.0003289332202065033,0.14889318480366526,0.08413746693396539,0.020818522254681216,0.012546829300047612,0,1,0
2025-09-24 08:00:00,2025,1779,DOWN,3768.22,3771.75,0.19684665030237739,2025-09-24 08:21:00,-3.5300000000002,-1.0,0.03073911238007063,0.13411704828629883,0.09475126946009572,0.0003880478778066691,0.04381656062644569,0.030552077827560614,0.007798838001795399,0.005557010378930516,0,1,0
2025-09-24 12:00:00,2025,1780,UP,3770.19,3750.59,1.0949446621235357,2025-09-24 16:00:00,-2.150000000000091,-0.10969387755102555,0.4169804143924066,0.3886963782452162,0.55506098414712,0.000510812679455831,0.5591786086278792,0.4161789978167204,0.3326747881813234,0.22616932039690307,1,1,1
2025-09-24 16:00:00,2025,1781,DOWN,3768.04,3779.16,0.6223454487595426,2025-09-25 04:00:00,19.059999999999945,1.7140287769784293,0.20317712030080667,0.13728906815598957,0.3742423736454665,0.00011760914064323646,0.2630064677662588,0.2020919195161309,0.07503154265253546,0.046675250536965404,0,1,0
2025-09-24 20:00:00,2025,1781,DOWN,3735.73,3772.9,2.0656488278695497,2025-09-25 04:00:00,-13.25,-0.3564702717245083,0.1976352744125889,0.29567715557146806,0.5818184364312141,0.8570722518036171,0.6853116263207503,0.19037616565473114,0.02075499977754922,0.027803047149366163,1,1,1
2025-09-25 01:00:01,2025,1781,DOWN,3736.45,3772.9,2.023571035334971,2025-09-25 04:00:00,-12.5300000000002,-0.3437585733882059,0.01312372657991181,0.17712961691537374,0.13618510459179548,0.588725828781778,0.06906328279333526,0.012766039872311157,0.0012921085000384186,0.002344436067878251,1,1,1
2025-09-25 04:00:00,2025,1782,UP,3748.98,3717.49,1.7496036113333926,2025-09-25 08:00:00,-10.849999999999909,-0.34455382661161726,0.6285827173629791,0.3988026551409433,0.012492937939783854,0.24217429086442083,0.856129390881857,0.6440766860120586,0.41970619498548817,0.19965779984050017,0,0,0
2025-09-25 08:00:00,2025,1783,DOWN,3738.13,3751.44,0.7388545273401393,2025-09-25 10:39:00,-13.309999999999945,-1.0,0.23369957841082264,0.10832237741201375,0.02716152899381983,0.2727172556178823,0.2623634367929838,0.23494921591516268,0.0789537465683781,0.050463584871886166,1,1,1
2025-09-25 12:00:00,2025,1784,UP,3756.67,3729.53,1.5021343364795035,2025-09-25 16:00:00,-17.940000000000055,-0.6610169491525475,0.5725888225586948,0.5244894063204976,0.6127659992932046,0.6040992133474362,0.8085121938463946,0.5642273371282394,0.43780206789857723,0.3297240929858394,0,1,1
2025-09-25 16:00:00,2025,1785,DOWN,3738.73,3761.65,1.2637054238217567,2025-09-26 01:00:00,-12.159999999999854,-0.5305410122163968,0.3319727810624449,0.186042772320848,0.11170150439180819,0.4950340727948305,0.4484873304649309,0.33046424839428223,0.08822998405685017,0.06189176437891332,1,0,1
2025-09-25 20:00:00,2025,1785,DOWN,3733.69,3761.65,1.5390836279481315,2025-09-26 01:00:00,-17.199999999999818,-0.6151645207439126,0.07564924547561809,0.1295093090896008,0.49642052046303925,0.45302148620098676,0.16317737290136053,0.07612460083529886,0.012804839433116997,0.005027111439451859,1,1,1
2025-09-26 01:00:00,2025,1786,UP,3750.89,3722.13,1.579394842651708,2025-09-26 08:00:00,-3.2199999999998,-0.11196105702363791,0.4973181716996362,0.46400395726560956,0.41996583665631615,0.23398067742682807,0.7076680722355824,0.5014702812847939,0.34678833013353716,0.2127999319873048,0,1,0
2025-09-26 04:00:00,2025,1786,UP,3749.81,3722.13,1.5222538008843025,2025-09-26 08:00:00,-2.1399999999998727,-0.07731213872831956,0.22723043461694523,0.4795500335845631,0.20163386254610824,0.3709344253814297,0.49066069239398374,0.2176469544878608,0.09854972219603847,0.04131096861693581,0,1,1
2025-09-26 08:00:00,2025,1787,DOWN,3747.67,3753.27,0.30790584687582784,2025-09-26 09:19:00,-5.599999999999909,-1.0,0.22576037898890555,0.16144968950085187,0.16027445968841458,0.5325411683148744,0.18668133581921803,0.2251349467002257,0.07856928561915903,0.0688322992919095,1,0,0
2025-09-26 12:00:00,2025,1788,UP,3753.05,3734.4,1.0261408707774498,2025-09-30 12:00:00,63.11999999999989,3.3844504021447497,0.5088922219091396,0.45421402427538876,0.11579725239699261,0.3955900682985908,0.7245705183702102,0.5062483450884585,0.41059042224334236,0.27409703385000667,0,1,1
2025-09-26 16:00:00,2025,1788,UP,3752.22,3742.91,0.512832164475428,2025-09-30 12:00:00,63.95000000000027,6.868958109559683,0.28698931567194774,0.4079715924225721,0.045008968643669434,0.27034987047902265,0.4575528030351961,0.2796202546724314,0.19311456119793738,0.10469245853223151,0,1,1
2025-09-26 20:00:00,2025,1788,UP,3774.39,3742.91,1.7264284453175531,2025-09-30 12:00:00,41.7800000000002,1.3271918678526105,0.27234786417394424,0.5135422928242726,0.051079583908336765,0.5108454024126501,0.4826582443400813,0.2764547148478187,0.07505119152874035,0.04809430299478416,1,1,1
2025-09-29 01:00:00,2025,1788,UP,3759.81,3742.91,0.9254590242162763,2025-09-30 12:00:00,56.36000000000013,3.33491124260354,0.0354395470426206,0.4114552201419766,0.00483265628159688,0.15392318327442447,0.05219890857000911,0.035027063991993596,0.01003088890890491,0.008279334814903576,1,1,1
2025-09-29 04:00:00,2025,1788,UP,3787.29,3756.22,1.6947291816452221,2025-09-30 12:00:00,28.88000000000011,0.9295140006437064,0.08831945343765872,0.5949234179409647,0.01713138306225889,0.438917158497815,0.4068521226420955,0.09085185445481246,0.008719649860584714,0.003361556682448783,1,1,1
2025-09-29 08:00:00,2025,1788,UP,3805.21,3756.22,2.653851768365763,2025-09-30 12:00:00,10.960000000000036,0.22371912635231647,0.020723071707077524,0.5824632562957207,0.007397256529791382,0.42802958248090794,0.34175003037960233,0.020411098827709615,0.0006938631328041833,0.00017392716750686172,1,1,1
2025-09-29 12:00:00,2025,1788,UP,3818.92,3756.22,3.396345984440544,2025-09-30 12:00:00,-2.75,-0.04385964912280683,0.0034666321924525785,0.5290565660032461,0.002242788223550713,0.30733801137920547,0.06545414869842156,0.0035904629151390526,8.445395932764675e-05,2.5941413005170683e-05,1,1,1
2025-09-29 16:00:00,2025,1788,UP,3814.02,3756.22,3.1248573399851423,2025-09-30 12:00:00,2.150000000000091,0.03719723183391149,0.00034394501611854965,0.4433255314461056,0.0005108897124756775,0.17456475598604823,0.0047482200789094806,0.0003611658708498644,6.959680447210642e-06,2.8123697207446565e-06,1,1,1
2025-09-29 20:00:00,2025,1788,UP,3830.56,3809.3,1.1474232090181435,2025-09-30 11:37:00,-21.259999999999764,-1.0,0.0003628039781254412,0.42490326838998577,0.0004983799522766244,0.16656632305491947,0.01616559487565603,0.0004060987984081845,4.941042258743922e-06,1.7446793388572634e-06,1,1,1
2025-09-30 01:00:00,2025,1788,UP,3834.86,3809.3,1.3823577685904467,2025-09-30 11:37:00,-25.559999999999945,-1.0,0.00010220060612377043,0.3924018262353447,0.00013111634233792428,0.05917809336409137,0.008329821171615856,0.0001105236548206384,8.478075128016414e-07,1.851215864625241e-07,1,1,1
2025-09-30 04:00:00,2025,1788,UP,3839.2,3822.54,0.9019526443888598,2025-09-30 11:22:00,-16.659999999999854,-1.0,3.9830608522037125e-05,0.4081814959056278,6.909243659791866e-05,0.03801638410351792,0.005809867997766351,4.355600828038708e-05,2.434133526673885e-07,5.4406723230880866e-08,1,1,1
2025-09-30 08:00:00,2025,1788,UP,3867.19,3822.54,2.4095081651698362,2025-09-30 11:22:00,-44.65000000000009,-1.0,2.3737333650604842e-05,0.511774980130824,7.555470554745106e-05,0.06898569328323262,0.008687993839160437,2.7073093730252506e-05,6.891198416338975e-08,1.515198670156861e-08,1,1,1
2025-09-30 12:00:00,2025,1789,DOWN,3816.17,3871.74,2.9584171777975725,2025-09-30 20:00:00,-30.0,-0.5398596364945143,0.3110886086458146,0.24508571260520626,0.4827506113301212,0.0002738801895025822,0.6456160064822903,0.30689016722048573,0.04547210699789692,0.025433523677161073,0,1,0
2025-09-30 16:00:00,2025,1789,DOWN,3819.29,3871.74,2.7842814099629507,2025-09-30 20:00:00,-26.88000000000011,-0.5124880838894224,0.017055002852717015,0.12113066637689723,0.31572298922128383,0.6548590428089646,0.04132215384991243,0.018169683337399833,0.003569525131723365,0.0035709152859812526,0,1,1
2025-09-30 20:00:00,2025,1790,UP,3846.17,3793.1,2.797425071999037,2025-10-01 20:00:00,24.699999999999818,0.46542302619181725,0.5208126836861894,0.3582296024234217,0.6016926315018297,0.7611298903795731,0.8493294858819244,0.525513103108944,0.26381323122849387,0.10338007490008624,1,1,1
2025-10-01 01:00:00,2025,1790,UP,3859.83,3793.1,3.5153100204467016,2025-10-01 20:00:00,11.039999999999964,0.16544282931215287,0.2480575430134424,0.5182727895835153,0.49682976426174436,0.7753330595520644,0.6435802360894087,0.2466619581164049,0.11063042417128473,0.027149690688611353,1,1,1
2025-10-01 04:00:00,2025,1790,UP,3860.42,3793.1,3.5551232188458455,2025-10-01 20:00:00,10.449999999999818,0.15522875816993156,0.05801956508947512,0.3939898594188951,0.2428493552777183,0.6837013950076979,0.17797347542606354,0.05950703757183069,0.016010505301965447,0.0032762881689556798,1,1,1
2025-10-01 08:00:00,2025,1790,UP,3865.07,3793.1,3.7996565606961648,2025-10-01 20:00:00,5.799999999999727,0.08058913436153545,0.023624253192403327,0.5148336613205101,0.07623060678188273,0.48715499736061935,0.10861700981691566,0.02325737182367175,0.0037848820125832208,0.001000207084852546,1,1,1
2025-10-01 12:00:00,2025,1790,UP,3893.18,3853.35,2.0887107958098072,2025-10-01 20:00:00,-22.309999999999945,-0.5601305548581468,0.022209304497641323,0.5055454704314895,0.14298417664659727,0.7741773814519943,0.4288091827798264,0.023422000794583394,0.0021909169965617084,0.0005025131102461511,1,1,1
2025-10-01 16:00:00,2025,1790,UP,3870.68,3853.35,0.9057825205283414,2025-10-01 20:00:00,0.19000000000005457,0.010963646855167649,0.001161117137198573,0.2723201567981191,0.006589988191416326,0.18504234797418537,0.014874145853647219,0.0012299650963435989,0.00014815990276794566,3.308382623817203e-05,1,1,1
2025-10-01 20:00:00,2025,1791,DOWN,3870.87,3891.09,1.0558653588568907,2025-10-02 12:00:00,-3.8200000000001637,-0.18892185954501067,0.18675879142002935,0.12457547101188077,0.3406599272985231,0.039478942913879794,0.24817976652062135,0.18728560483285644,0.05831328267435391,0.03314980154593594,0,1,0
2025-10-02 01:00:00,2025,1791,DOWN,3866.71,3891.09,1.2739680996777853,2025-10-02 12:00:00,-7.980000000000018,-0.32731747333880157,0.1101541916011937,0.1445441981071277,0.2546529471125379,0.01940605720810675,0.1144493745327641,0.10772938437794075,0.025298529510012217,0.014307830313520639,0,1,0
2025-10-02 04:00:00,2025,1791,DOWN,3856.0,3891.09,1.836017555950403,2025-10-02 12:00:00,-18.690000000000055,-0.5326303790253627,0.08651068120096699,0.17974727809383526,0.23769895735527583,0.595961189652774,0.1880929385215764,0.08781393230221292,0.011814171632472692,0.004350236366031234,0,1,1
2025-10-02 08:00:00,2025,1791,DOWN,3864.17,3870.0,0.30521596762705167,2025-10-02 08:26:00,-5.829999999999927,-1.0,0.0173178113156416,0.1240442613898936,0.07254641134063516,0.4084964091133293,0.04549872657111084,0.016413422648432322,0.0021023224304681453,0.001328154338492079,0,1,1
2025-10-02 12:00:00,2025,1792,UP,3874.69,3852.83,1.145122163869712,2025-10-02 17:37:00,-21.860000000000127,-1.0,0.5419266182598219,0.36608673255500707,0.5870945244702394,0.5888261888378535,0.7362402073278304,0.5444608926973031,0.44227936998578277,0.2683045872020343,0,1,1
2025-10-02 16:00:00,2025,1792,UP,3884.67,3861.69,1.2039151619096453,2025-10-02 17:25:00,-22.980000000000018,-1.0,0.3066756067088344,0.5309922244116196,0.4418997365834659,0.5999563871591254,0.6749394028651575,0.3071001820692243,0.22426411883400188,0.08692817071446446,0,1,1
2025-10-02 20:00:00,2025,1793,DOWN,3844.83,3896.81,2.677692513327728,2025-10-03 04:00:00,-12.159999999999854,-0.23393612928048962,0.1755136159721372,0.2172072299238086,0.4388442858984413,0.8086971666372447,0.4573449415583939,0.17265477537647267,0.033101821077130514,0.027446156881066663,0,1,1
2025-10-03 01:00:00,2025,1793,DOWN,3856.33,3896.81,2.0856481018831485,2025-10-03 04:00:00,-0.6599999999998545,-0.016304347826083355,0.012882244253373634,0.10745257262686023,0.11048240222858809,0.4164072309901946,0.026270226613554545,0.012599781556926606,0.002534688843120984,0.0025795734156593914,0,1,1
2025-10-03 04:00:00,2025,1794,UP,3856.99,3819.31,1.9456939137095692,2025-10-03 08:00:00,-12.809999999999945,-0.33996815286624205,0.4781902207511874,0.5166711851832697,0.05030738366608252,0.37657269445250274,0.6272446077014837,0.46966825635861753,0.2825800683052337,0.15231971195322166,0,0,0
2025-10-03 08:00:00,2025,1795,DOWN,3844.18,3863.67,1.0048994263725664,2025-10-03 10:40:00,-19.490000000000236,-1.0,0.2378010323239401,0.1484560980405517,0.05945770894901849,0.37019083712422884,0.461977910191396,0.2394534505712695,0.08271872870775962,0.05164028791560976,0,1,1
2025-10-03 12:00:00,2025,1796,UP,3864.88,3838.03,1.3834617434981002,2025-10-07 12:00:00,86.40999999999985,3.218249534450657,0.5791475007114288,0.4953752466654314,0.565698380474957,0.06548103258049742,0.8230772478680448,0.5837910236881817,0.4188345802037497,0.2541909026944598,0,1,0
2025-10-03 16:00:00,2025,1796,UP,3874.34,3838.03,1.8704374382654945,2025-10-07 12:00:00,76.94999999999982,2.119250895070227,0.2910414335911513,0.5289269016022199,0.33838802319239497,0.5609481289836075,0.7250305394985704,0.285646558409907,0.12166090032776096,0.03907346068234944,0,1,1
2025-10-03 20:00:00,2025,1796,UP,3883.92,3854.72,1.501658402561714,2025-10-07 12:00:00,67.36999999999989,2.3071917808218925,0.09842716612503215,0.4698277145224378,0.20427923483875973,0.5838886910167472,0.37757228866877823,0.10096424099108527,0.03198923162273561,0.011409239418679202,0,1,1
2025-10-06 01:00:00,2025,1796,UP,3889.1,3854.72,1.7716753116018213,2025-10-07 12:00:00,62.190000000000055,1.8089005235602054,0.03218533094530834,0.45271792680648826,0.08515536075512399,0.4577512580653013,0.16500284512520969,0.03266103545384515,0.006284989621906152,0.00176041771091332,0,1,1
2025-10-06 04:00:00,2025,1796,UP,3900.55,3854.72,2.3501494681471478,2025-10-07 12:00:00,50.73999999999978,1.1071350643683038,0.011596408858235529,0.520165350059045,0.06776447139513213,0.6422402203631405,0.10240783061133472,0.0122304432404107,0.001286833600026672,0.0006149849095803398,1,1,1
2025-10-06 12:00:00,2025,1796,UP,3942.78,3922.27,1.0431640659706476,2025-10-07 12:00:00,8.509999999999764,0.41491955143830683,0.0006432738249571986,0.3387237981021091,0.013869544354435569,0.6021300663856062,0.04739917455061614,0.0006939558982754732,2.3956750477081893e-05,7.842642136129777e-06,1,1,1
2025-10-06 16:00:00,2025,1796,UP,3934.46,3922.27,0.619933956791204,2025-10-07 12:00:00,16.829999999999927,1.3806398687448607,0.00010766250668668793,0.3136940673854895,0.002135966586065886,0.23258891651934713,0.006581063437678084,0.0001181681504604634,3.3441284812077176e-06,1.2583459442036503e-06,1,1,1
2025-10-06 20:00:00,2025,1796,UP,3954.39,3926.53,1.407637120789883,2025-10-07 12:00:00,-3.099999999999909,-0.1112706389088279,8.128532222969885e-05,0.35766619646243936,0.002468263627142515,0.3241665610547282,0.00933469776608489,9.371238111355383e-05,1.144130436801477e-06,3.65989480848115e-07,1,1,1
2025-10-07 01:00:00,2025,1796,UP,3960.58,3926.53,1.7232780115581525,2025-10-07 12:00:00,-9.289999999999964,-0.27283406754772505,2.4011271033925014e-05,0.29671847323738254,0.0008530352869847146,0.1518107948148332,0.003762265952439003,2.7792697834575286e-05,2.035173647284953e-07,4.3275302212238014e-08,1,1,1
2025-10-07 04:00:00,2025,1796,UP,3962.93,3926.53,1.842625906454202,2025-10-07 12:00:00,-11.639999999999873,-0.3197802197802195,6.455246063175865e-06,0.2848518171813872,0.00029802372171127073,0.07888772133241484,0.0008432713950573655,7.859635157896858e-06,4.767648206246883e-08,1.1455490105811438e-08,1,1,1
2025-10-07 08:00:00,2025,1796,UP,3976.01,3955.86,1.0196363372306714,2025-10-07 09:42:00,-20.15000000000009,-1.0,5.559134911223107e-06,0.3063107102169323,0.00020646439389983195,0.057082225406278234,0.0021901378808770367,6.3538441337379605e-06,2.063098595337597e-08,3.2035231938202465e-09,1,1,1
2025-10-07 12:00:00,2025,1797,DOWN,3951.29,3976.97,1.2935656869667047,2025-10-07 15:52:00,-25.679999999999836,-1.0,0.19681503554650073,0.1617277966764432,0.38141204845096116,0.0016861991450150408,0.2660314953870127,0.19655397769376318,0.050643343865837256,0.040369408617927496,0,1,0
2025-10-07 16:00:00,2025,1798,UP,3979.5,3940.86,1.9414827734700506,2025-10-09 04:00:00,43.38000000000011,1.1226708074534226,0.6089144899378669,0.30784454942024253,0.7818502476457823,0.016661509044165378,0.8065283084195748,0.6150887626973695,0.4034897392451705,0.18390576358695257,1,1,1
2025-10-07 20:00:00,2025,1798,UP,3976.97,3940.86,1.8096500171055132,2025-10-09 04:00:00,45.91000000000031,1.2713929659374335,0.2480709923525368,0.4806423091818281,0.41844364615208085,0.0034481537422310663,0.6213286536152244,0.2511134414831597,0.20651297851459036,0.04866871456212185,1,1,1
2025-10-08 01:00:00,2025,1798,UP,3985.16,3961.77,1.1742950081357224,2025-10-09 04:00:00,37.720000000000255,1.6126549807610286,0.1693011855814329,0.4477898920812824,0.31520304271145017,0.004147134583359401,0.4768691012111626,0.17652144997344826,0.10964788895154325,0.023643491828479437,1,1,1
2025-10-08 04:00:00,2025,1798,UP,3992.44,3961.77,1.5413860058752857,2025-10-09 04:00:00,30.440000000000055,0.9925008151287897,0.07811140060727484,0.5228116488079623,0.19140294786761386,0.003151357412434176,0.40541071098863096,0.08292894852001563,0.038558297144265785,0.007889675300400181,1,1,1
2025-10-08 08:00:00,2025,1798,UP,4026.82,3984.41,2.117856161830727,2025-10-09 04:00:00,-3.9400000000000546,-0.09290261730723946,0.059009850720520694,0.5973569837626249,0.15977432497305769,0.00593457832078293,0.6676712385880271,0.05853800538067752,0.010631180528399434,0.0016397782721391456,1,1,1
2025-10-08 12:00:00,2025,1798,UP,4036.56,3984.41,2.604816233225933,2025-10-09 04:00:00,-13.679999999999836,-0.2623202301054614,0.0056237508851265305,0.4818596978955879,0.0516524303950582,0.003234265612905854,0.19533420039437124,0.006101696999657255,0.0007896267752102058,0.00012623289396144013,1,1,1
2025-10-08 16:00:00,2025,1798,UP,4040.23,3984.41,2.789048821868378,2025-10-09 04:00:00,-17.34999999999991,-0.31082049444643245,0.0009256886656534274,0.39452221568457396,0.009322542940806597,0.00113480717661719,0.022623761943080443,0.0009525750322892661,7.192169489441965e-05,1.1398926579707775e-05,1,1,1
2025-10-08 20:00:00,2025,1798,UP,4056.8,4026.25,1.520979006947623,2025-10-09 01:09:00,-30.550000000000182,-1.0,0.0005464278435828702,0.31967605656003145,0.007512346739131938,0.0010947622608817136,0.03958617768718402,0.0006102599350738432,2.319125071249393e-05,2.6039467523505737e-06,1,1,1
2025-10-09 01:00:00,2025,1798,UP,4043.12,4026.25,0.838529669237788,2025-10-09 01:09:00,-16.86999999999989,-1.0,7.620512135134922e-05,0.30852578982141526,0.0008202329129600347,0.0001268346025448102,0.006734700551707681,8.293178230188023e-05,3.698582575945979e-06,4.4153307241745684e-07,1,1,1
2025-10-09 04:00:00,2025,1799,DOWN,4022.88,4059.18,1.792499048197351,2025-10-09 12:00:00,-15.489999999999782,-0.42672176308539667,0.18407326526769904,0.14784417899001592,0.49938422425135476,3.398949281615721e-06,0.2756553385930991,0.1856283030904919,0.04925358439201593,0.03421804000647864,0,1,0
2025-10-09 08:00:00,2025,1799,DOWN,4038.89,4059.18,0.9969266305957114,2025-10-09 12:00:00,0.5199999999999818,0.025628388368653658,0.021936460310667875,0.09188463574522938,0.15163565416404845,1.3339623294506644e-05,0.01883538254315704,0.021466490187964225,0.005786349721640293,0.005029594433246939,0,1,0
2025-10-09 12:00:00,2025,1800,UP,4038.37,4022.63,0.7732223351578503,2025-10-09 16:47:00,-15.739999999999782,-1.0,0.4006063324199697,0.3852989343223148,0.5420217606438479,1.7654662128032752e-05,0.6878398581679056,0.4002380382209593,0.2870832485213867,0.16007057508938144,1,1,1
2025-10-09 16:00:00,2025,1800,UP,4053.69,4022.63,1.525889919712757,2025-10-09 16:47:00,-31.059999999999945,-1.0,0.3340211153324261,0.4562146431059731,0.4701965969149293,2.045296210664703e-05,0.5947488207066233,0.3301750076590952,0.160748433080921,0.0759698327821291,1,1,1
2025-10-10 01:00:01,2025,1801,DOWN,3975.31,4057.93,3.9613014028668436,2025-10-10 04:00:00,-15.88000000000011,-0.192205277172599,0.007498939587076628,0.11179246714216773,0.21906896163651857,0.6115505042114906,0.042247757043373024,0.007863123061673848,0.0013852351248258507,0.0012915150718513296,0,1,1
2025-10-10 04:00:00,2025,1802,UP,3991.19,3944.55,2.2273492412224845,2025-10-10 08:00:00,-24.980000000000018,-0.535591766723844,0.490747487176601,0.5903112767892791,0.015006960364101237,0.13759645227638176,0.8914509468919125,0.49193193157955634,0.17917636348708316,0.075815255368558,0,0,0
2025-10-10 08:00:00,2025,1803,DOWN,3966.21,3994.41,1.3380767756435,2025-10-10 11:47:00,-28.199999999999818,-1.0,0.20270418350206817,0.11296437532648168,0.03648119829800064,0.2450419434163318,0.3047599020661814,0.20313197866705274,0.06348005256641961,0.040874210705600315,0,1,1
2025-10-10 12:00:00,2025,1804,UP,3992.24,3947.04,2.132970204335118,2025-10-14 16:00:00,114.32000000000062,2.529203539823033,0.5947084597599209,0.5507512636748155,0.0027348829588749166,0.05300786978410122,0.72060530125984,0.5941246641309016,0.3346353623482233,0.21858529185249204,0,0,0
2025-10-10 16:00:00,2025,1804,UP,3985.88,3952.62,1.567303837670234,2025-10-14 16:00:00,120.68000000000029,3.6283824413710013,0.1120491617573538,0.3814127904320777,0.2821256926503607,0.09098667750048121,0.15114170255795573,0.11184402995544095,0.06780258564818134,0.04855749802338858,0,1,0
2025-10-10 20:00:00,2025,1804,UP,3983.84,3970.7,0.6142408179460311,2025-10-14 16:00:00,122.72000000000025,9.339421613394002,0.041736169641270734,0.39665179632260367,0.18867637800871007,0.04032742147406738,0.051144713793741976,0.041504561637242345,0.024144376191740164,0.02546913067307209,0,1,0
2025-10-13 01:00:00,2025,1804,UP,4008.6,3975.17,1.5527593095547119,2025-10-14 16:00:00,97.96000000000049,2.9303021238408906,0.08797315466644677,0.4790160516948049,0.24264293231234643,0.6966440949274727,0.25933073412841073,0.08940366968834194,0.01964007934560008,0.008153440629240363,0,1,1
2025-10-13 04:00:00,2025,1804,UP,4044.05,3975.17,3.1683165608505863,2025-10-14 16:00:00,62.51000000000022,0.9075203252032538,0.04381673286925347,0.6055278822667061,0.16706909575736528,0.8340618041600228,0.34877346531003905,0.045630509116539014,0.0034604712950771764,0.0016799484150929777,1,1,1
2025-10-13 08:00:00,2025,1804,UP,4056.4,3975.17,3.7346314808812275,2025-10-14 16:00:00,50.16000000000031,0.6175058475932574,0.005613515976470681,0.5243405532966658,0.07417447746120671,0.7991920526360103,0.08628503966583727,0.00561598648473423,0.0002216513089901784,8.4527651244479e-05,1,1,1
2025-10-14 04:00:00,2025,1804,UP,4124.66,4090.75,1.5513906492864646,2025-10-14 09:24:00,-33.909999999999854,-1.0,4.775319016114406e-06,0.27430833675775534,0.0011442195751442206,0.35597357260976176,0.0024920490815622375,5.814726193433928e-06,1.8549507932957983e-08,6.1434010254529575e-09,1,1,1
2025-10-14 08:00:00,2025,1804,UP,4168.24,4090.75,3.523022033388914,2025-10-14 09:24:00,-77.48999999999978,-1.0,2.490957133173494e-06,0.35204094306631084,0.0008094808822591862,0.45019224074837844,0.0032453489956023266,3.0459036795462624e-06,3.4098571626008856e-09,1.0216479424170369e-09,1,1,1
2025-10-14 12:00:00,2025,1804,UP,4144.07,4090.39,2.399706484269911,2025-10-14 16:00:00,-37.50999999999931,-0.6987704918032679,1.0454513961132124e-07,0.20854831160730225,5.9397769173067545e-05,0.10613545424471472,0.00020371240065889304,1.3507213998294728e-07,1.3124360096488653e-10,3.267478158748781e-11,1,1,1
2025-10-14 16:00:00,2025,1805,DOWN,4106.56,4145.08,1.7140767709903915,2025-10-14 19:47:00,-38.51999999999953,-1.0,0.3131572776529564,0.19008393665443862,0.49452349117061056,0.00105761719253873,0.601468278946341,0.30317162858383817,0.0694012526972747,0.03762403663962876,0,1,0
2025-10-14 20:00:00,2025,1806,UP,4140.53,4097.76,1.8868376363130852,2025-10-17 16:00:00,173.60000000000036,4.058919803600708,0.4777907306572199,0.5009932803384914,0.059852937228330134,0.006382571718965134,0.6512065993561983,0.48596704659057943,0.23520526164699693,0.16869759104415405,1,0,1
2025-10-15 01:00:00,2025,1806,UP,4143.1,4097.76,2.002299983381434,2025-10-17 16:00:00,171.02999999999975,3.7721658579620465,0.15013982033901524,0.4028581490555385,0.6071742050686643,0.004912575910521694,0.33517473079336674,0.1533966510863031,0.06950121806636356,0.03651012584155984,1,1,1
2025-10-15 04:00:00,2025,1806,UP,4162.66,4134.5,1.2416229476529492,2025-10-17 16:00:00,151.47000000000025,5.378906250000036,0.10904626098183336,0.35992327427212645,0.5809329346210409,0.007869815032839624,0.31384042752430386,0.1187756901653202,0.03429964257329514,0.015602941720022974,1,1,1
2025-10-15 08:00:00,2025,1806,UP,4179.86,4134.5,1.9969775407410635,2025-10-17 16:00:00,134.27000000000044,2.9600970017636996,0.03484785299020378,0.45858152869814184,0.29929997392357166,0.004932780103476293,0.2311656439390489,0.037191254957213114,0.005949452605021186,0.0034669376033957594,1,1,1
2025-10-15 12:00:00,2025,1806,UP,4208.53,4134.5,3.2442306824720135,2025-10-17 16:00:00,105.60000000000036,1.426448736998524,0.010235488720969492,0.4692253572402389,0.28249568884920623,0.009237702929568907,0.1682988316453494,0.011229174515023128,0.0006851052627300782,0.00034629076741604723,1,1,1
2025-10-15 16:00:00,2025,1806,UP,4190.78,4164.3,1.153420209261419,2025-10-17 16:00:00,123.35000000000036,4.658232628398882,0.0009777658072165098,0.290506796616792,0.023545785646118127,0.0009018147439504928,0.024042892671940406,0.001016553669755277,5.498250080933552e-05,2.1019654021110127e-05,1,1,1
2025-10-15 20:00:00,2025,1806,UP,4199.12,4176.34,0.9899618779662949,2025-10-17 16:00:00,115.01000000000022,5.04872695346802,0.0007158903425787094,0.299821124306551,0.022297954460763752,0.0006810772274778382,0.021705450737182445,0.0008079762867975749,3.593999451448642e-05,1.0827319484410381e-05,1,1,1
2025-10-16 01:00:00,2025,1806,UP,4210.11,4179.8,1.3147086744255299,2025-10-17 16:00:00,104.02000000000044,3.4318706697460306,0.00048128896227858555,0.3512729800946914,0.014105460788145393,0.00047388230648020093,0.026967502788119147,0.0005181161841207064,1.3651598957116696e-05,2.6293543669978993e-06,1,1,1
2025-10-16 04:00:00,2025,1806,UP,4210.71,4199.57,0.4826559475806114,2025-10-17 16:00:00,103.42000000000007,9.283662477558082,0.00016970644401624043,0.36068667330849713,0.005175405050949761,0.00022375177671178046,0.009850380311564336,0.00019360368341676576,5.4083762189450835e-06,1.8869427678428921e-06,1,1,1
2025-10-16 08:00:00,2025,1806,UP,4233.62,4199.57,1.472191389148571,2025-10-17 16:00:00,80.51000000000022,2.3644640234948544,0.00011814361058703294,0.4021844225640543,0.0029512771238360113,0.000196439837832305,0.00790420678244227,0.00013294875844015137,1.8369690753266033e-06,5.381927581303859e-07,1,1,1
2025-10-16 12:00:00,2025,1806,UP,4233.11,4203.53,1.276068663573462,2025-10-17 16:00:00,81.02000000000044,2.739012846517939,3.1816585281341284e-05,0.3230503100907879,0.0008773751712884897,8.464935430109147e-05,0.00418459266743697,3.5524924093760654e-05,2.7266093779332404e-07,4.1029843146137195e-08,1,1,1
2025-10-16 16:00:00,2025,1806,UP,4236.18,4222.02,0.6100099979813247,2025-10-17 16:00:00,77.94999999999982,5.5049435028249025,1.0846614458140301e-05,0.2935073234043208,0.00039398047901511213,3.9289074627287425e-05,0.001351826612389762,1.2305922822388417e-05,9.046681051675868e-08,1.6333664083761773e-08,1,1,1
2025-10-16 20:00:00,2025,1806,UP,4282.82,4227.63,2.358435336366384,2025-10-17 16:00:00,31.3100000000004,0.5673129190070778,9.42717430188472e-06,0.3741299453306485,0.0005053817723762037,0.00012958805398382875,0.0018634804423048816,1.101985173766714e-05,3.237630116174694e-08,6.123091845599686e-09,1,1,1
2025-10-17 12:00:00,2025,1806,UP,4347.78,4278.7,2.83055729392123,2025-10-17 16:00:00,-33.649999999999636,-0.4871163867979107,8.205660517194247e-10,0.1074373248603429,1.4812141318209774e-06,5.296977305720361e-06,5.384736901388581e-06,1.0864363087302409e-09,2.637888032276748e-13,2.8066243976068076e-14,1,1,1
2025-10-17 16:00:00,2025,1807,DOWN,4314.13,4378.7,2.6216701862209186,2025-10-20 04:00:00,64.40999999999985,0.9975220690723269,0.15694029974382648,0.1415367664451764,0.524673330308175,4.632826834243119e-08,0.2427429657868707,0.1574912593917399,0.028917787715559903,0.019885432870563272,0,1,0
2025-10-20 04:00:00,2025,1808,UP,4249.72,4186.3,2.483139245776048,2025-10-21 08:00:00,92.26999999999953,1.454903815830959,0.28193418069801224,0.27865485342173235,0.008563719192364937,0.29516838893276925,0.4478193670349961,0.2887021980512651,0.0892756730232728,0.03365864462846997,1,0,0
2025-10-20 08:00:00,2025,1808,UP,4266.4,4218.96,1.8509097897635762,2025-10-21 08:00:00,75.59000000000015,1.5933811129848394,0.3578761498081624,0.5331620055301314,0.0019041048135472755,0.1281380551305981,0.6161084528643797,0.36828588473005164,0.17286327243317026,0.05509626094793927,1,0,0
2025-10-20 12:00:00,2025,1808,UP,4258.85,4221.31,1.4584385423526032,2025-10-21 08:00:00,83.13999999999942,2.2147043153968964,0.13869975163266696,0.4529546978977891,0.001724383963599785,0.09855895222365835,0.3534303132059265,0.13840199025586855,0.04338972887549977,0.008071711890794137,1,0,0
2025-10-20 16:00:00,2025,1808,UP,4324.13,4245.72,3.010003619331416,2025-10-21 08:00:00,17.859999999999673,0.22777706925136726,0.16529248738154168,0.5923370527941693,0.8002154474740839,0.8904598012181277,0.6355214200520386,0.16101868269934874,0.02727372953617988,0.004480924470806203,1,1,1
2025-10-20 20:00:00,2025,1808,UP,4347.9,4245.72,3.892015707272779,2025-10-21 08:00:00,-5.9099999999998545,-0.05783910745742699,0.012619021813828752,0.4775088023321897,0.5386511798929563,0.8897892695898879,0.14272015001529498,0.012872424192107393,0.001192166093790859,0.0001800287581432165,1,1,1
2025-10-21 08:00:00,2025,1809,DOWN,4341.99,4372.25,1.146075406378533,2025-10-22 08:00:00,213.67000000000007,7.061136814276224,0.2549319970796584,0.177581714811931,0.01044833932404894,0.29817786674282915,0.4376658655446196,0.26288481915120815,0.049641811118408825,0.030302290255078617,0,0,0
2025-10-21 12:00:00,2025,1809,DOWN,4274.15,4372.25,3.65933743238069,2025-10-22 08:00:00,145.82999999999993,1.486544342507639,0.09648222098027738,0.17761755035241694,0.7630576186012961,0.9342959126777397,0.25644079597059805,0.09519588734885243,0.007361279259347961,0.003960114893598604,0,1,1
2025-10-22 04:00:00,2025,1809,DOWN,4075.03,4132.38,2.025340736764171,2025-10-22 06:37:00,-57.34999999999991,-1.0,5.502162826285173e-07,0.03371350760328397,0.0034329192976441094,0.12216043525024811,0.0006351334393205923,6.808377246919149e-07,1.2546036215651262e-09,5.9730183688042985e-09,1,1,1
2025-10-22 12:00:00,2025,1811,DOWN,4070.46,4161.41,3.1337777789121963,2025-10-23 01:00:07,-25.389999999999873,-0.2791643760307853,0.16078327141488422,0.0495542889447731,0.0002456101840587106,0.01529949184238145,0.39701513326953797,0.16212255945064605,0.0168255569329643,0.003937596000137128,1,1,1
2025-10-22 20:00:00,2025,1811,DOWN,4058.89,4085.31,0.8928052245495883,2025-10-22 22:03:00,-26.420000000000073,-1.0,0.003761738826700592,0.10668065950112526,3.5884094011594175e-05,0.0013987505124881355,0.06275115522416738,0.003970118335636152,0.0012383210279914407,0.00031620657473975847,1,1,1
2025-10-23 01:00:07,2025,1812,UP,4095.85,4010.95,2.847650363422869,2025-10-24 01:00:00,31.139999999999873,0.3667844522968179,0.6472943927762277,0.5370639604954364,0.6106383204155719,0.000593614811587978,0.8629309577988025,0.6492937435941547,0.4150389964289135,0.24309897878330167,0,1,0
2025-10-23 04:00:00,2025,1812,UP,4082.21,4010.95,2.381266409130074,2025-10-24 01:00:00,44.779999999999745,0.6284030311535168,0.10430931857661832,0.41816828595927164,0.12751627354179634,0.0018387379356783796,0.16337138525845782,0.09870203637726334,0.04329865738287813,0.022195340933675096,0,1,0
2025-10-23 08:00:00,2025,1812,UP,4089.91,4066.16,0.7938113825083606,2025-10-24 01:00:00,37.07999999999993,1.5612631578947338,0.07982928565603042,0.4539414444067593,0.12467380195560172,0.00039339302210457866,0.25745429511499546,0.0802583246201465,0.028385570391637197,0.014528255776422055,0,1,0
2025-10-23 12:00:00,2025,1812,UP,4116.62,4066.16,1.6791698651110583,2025-10-24 01:00:00,10.36999999999989,0.20550931430836075,0.05098219976341325,0.474061633768664,0.06555666313744234,0.48981937824339133,0.2475395685135513,0.051560407320380426,0.010160977702218375,0.003646003903484381,0,1,1
2025-10-23 16:00:00,2025,1812,UP,4127.37,4066.16,2.0372545149909014,2025-10-24 01:00:00,-0.38000000000010914,-0.006208135925504148,0.016746964358140534,0.43917251249183925,0.03412236936518727,0.4594385292876754,0.1380810860139713,0.017206390716340895,0.001889001448726233,0.0004166558620571088,0,1,1
2025-10-23 20:00:00,2025,1812,UP,4132.8,4100.11,1.0881743647936324,2025-10-24 01:00:00,-5.8100000000004,-0.17773019271949556,0.003991843882300575,0.45274394454788663,0.017457537691506788,0.41897305941447843,0.0540035071724022,0.004426333830460415,0.0005712904109327776,0.0001975395947930723,0,1,1
2025-10-24 01:00:00,2025,1813,DOWN,4126.99,4154.66,0.9200597095380406,2025-10-24 20:00:00,-2.730000000000473,-0.09866281170944943,0.17977371570585318,0.15362537120159955,0.0028867255351111305,0.23992296662829032,0.2649404915454211,0.18144425185279114,0.03763601146708289,0.02443308422764699,1,0,0
2025-10-24 04:00:00,2025,1813,DOWN,4132.69,4154.66,0.7308580581781872,2025-10-24 20:00:00,2.969999999999345,0.13518434228490261,0.06433192218012743,0.1477789694240781,0.002833446208825321,0.2737394152837163,0.0433731657368772,0.061007924600892126,0.011145406129495371,0.007606662266754665,1,0,0
2025-10-24 08:00:00,2025,1813,DOWN,4111.89,4144.49,1.0821397902758207,2025-10-24 20:00:00,-17.829999999999927,-0.5469325153374303,0.057674233578752856,0.1583906142185074,0.4180286322019972,0.0434600703417493,0.10511049202901977,0.05634461460588558,0.005903510089201519,0.00209233055411243,1,1,0
2025-10-24 12:00:00,2025,1813,DOWN,4065.2,4144.49,2.6125520950658463,2025-10-24 20:00:00,-64.52000000000044,-0.8137217808046471,0.029126715761060407,0.18358421802207914,0.44026511979332666,0.8223588088219689,0.11497664450746657,0.029032924090658878,0.0014196862177791167,0.000381035942908437,1,1,1
2025-10-24 16:00:00,2025,1813,DOWN,4082.15,4144.49,2.0471843804855,2025-10-24 20:00:00,-47.570000000000164,-0.7630734680782868,0.0014312842031873937,0.1142625384611956,0.07630045722584711,0.40701637545075,0.00353678381472544,0.0013986624631040865,6.454177812735216e-05,2.085389414087271e-05,1,1,1
2025-10-24 20:00:00,2025,1814,UP,4129.72,4044.32,2.789647859205981,2025-10-27 04:00:00,-47.940000000000055,-0.5613583138173303,0.6356661811569554,0.48443719163890747,0.6011567337796737,0.5799452090931052,0.8773083476465593,0.6444508453837418,0.41374802395956417,0.21042768242206045,0,1,1
2025-10-27 00:00:00,2025,1814,UP,4102.65,4044.32,1.9029961237640731,2025-10-27 04:00:00,-20.869999999999436,-0.3577918738213548,0.12085169345043983,0.40754968627411087,0.2441122291162524,0.41421129585841404,0.2868417981297816,0.11694120378120139,0.05719400986315841,0.02332148296715524,0,1,1
2025-10-27 04:00:00,2025,1815,DOWN,4081.78,4138.62,1.8463177373219022,2025-10-28 04:00:00,70.59000000000015,1.2419071076706638,0.223226651352972,0.16908533781384089,0.4961332361377737,0.6167115417895719,0.3587464965866482,0.21874074239001978,0.059715470893639974,0.042038831216154926,1,1,1
2025-10-27 08:00:00,2025,1815,DOWN,4079.6,4097.73,0.5888963464428015,2025-10-28 04:00:00,68.40999999999985,3.773303916161123,0.0643999848952938,0.12469613219419463,0.2734612466009701,0.395977904983562,0.10531277931137188,0.06394094677230787,0.01673662845285424,0.01396639260271308,1,1,1
2025-10-27 12:00:00,2025,1815,DOWN,4039.71,4084.78,1.4563043892233054,2025-10-28 04:00:00,28.519999999999982,0.6327934324384265,0.05496839874882841,0.1896929466096507,0.25086283482385824,0.5169750255676012,0.24991386464618157,0.05470971121215195,0.004536482700807739,0.0028401763348764267,1,1,1
2025-10-27 16:00:00,2025,1815,DOWN,4022.05,4084.78,2.024699395453803,2025-10-28 04:00:00,10.860000000000127,0.1731229076996672,0.011705441147045501,0.15548831122897583,0.06600357251180246,0.2366216561726058,0.10554076244618465,0.011862104558560828,0.000556454737245764,0.00022027736638487776,1,1,1
2025-10-27 20:00:00,2025,1815,DOWN,4006.57,4050.38,1.408690357534163,2025-10-28 04:00:00,-4.619999999999891,-0.10545537548504672,0.0019748676483907295,0.1620820548637567,0.021300198585648532,0.13318794650963894,0.02201726736089589,0.002126690274790942,6.662323170933289e-05,7.146945454811711e-05,1,1,1
2025-10-28 00:00:05,2025,1815,DOWN,3986.77,4010.15,0.7517999579296235,2025-10-28 03:00:00,-23.38000000000011,-1.0,0.0011367479420301525,0.17224044082588927,0.010537872234087448,0.08285248083297304,0.035361105579297725,0.001183109253667633,1.8261335099282368e-05,1.2462156016358351e-05,1,1,1
2025-10-28 04:00:00,2025,1816,UP,4011.19,3971.3,1.2791093990930742,2025-10-28 06:26:00,-39.88999999999987,-1.0,0.5542626879375536,0.5389199259499236,0.0012030214213047173,0.019127993601299263,0.6606244829929091,0.552076563100442,0.3274095817679717,0.24051535800552767,0,0,0
2025-10-28 08:00:00,2025,1817,DOWN,3966.45,4019.8,1.7035834914730223,2025-10-28 20:00:00,3.9699999999998,0.07441424554826191,0.291863995306724,0.10567788332033382,0.003037789133684666,0.04440202907624399,0.45712326334365305,0.2985796999479047,0.08009432533908939,0.03965979789877787,1,1,1
2025-10-28 12:00:00,2025,1817,DOWN,3904.67,4019.8,3.6436203499093955,2025-10-28 20:00:00,-57.809999999999945,-0.5021280291843992,0.10884975815983898,0.167184896663646,0.0016285052671363022,0.06626138511444246,0.4864543488145318,0.10797802850104475,0.007842964206196155,0.005494174265880337,1,1,1
2025-10-28 16:00:00,2025,1817,DOWN,3938.74,4019.8,2.561439947253174,2025-10-28 20:00:00,-23.740000000000236,-0.2928694793979783,0.003196330984060428,0.0749677304906229,0.0001228414064928878,0.004460162918349487,0.010988225128420221,0.003184762962471087,0.0002629791834545992,0.0003015647098954471,1,1,1
2025-10-28 20:00:00,2025,1818,UP,3962.48,3886.4,2.402471134315851,2025-10-29 20:00:00,32.17000000000007,0.4228443743427984,0.45364633299317764,0.47775028194348834,0.5987719332404373,0.001958381194733641,0.7664357944985482,0.4571389350428844,0.24145295728528618,0.1157637356669868,0,1,0
2025-10-29 00:00:05,2025,1818,UP,3953.74,3945.18,0.27091686715681246,2025-10-29 00:07:00,-8.559999999999945,-1.0,0.14890988795422377,0.32270942049306833,0.2565236406208205,0.002659114384111077,0.21774731521302895,0.13889431018629303,0.08152698238341509,0.04478516984219246,0,1,0
2025-10-29 04:00:00,2025,1818,UP,3973.82,3916.57,1.8011272008653214,2025-10-29 20:00:00,20.829999999999927,0.36384279475982406,0.11565547304343984,0.43857656132433037,0.15218031235870816,0.0009256380171409503,0.36620228545783867,0.11340068301329631,0.02572075383729508,0.007929359286734156,0,1,0
2025-10-29 08:00:00,2025,1818,UP,3962.88,3943.99,0.5944476815839543,2025-10-29 20:00:00,31.769999999999982,1.6818422445738186,0.027431554135352115,0.3405324578541247,0.042910723731655484,0.0014557870079702066,0.12073714440984938,0.027009077953032493,0.006659249901976141,0.0019591996774308926,0,1,0
2025-10-29 12:00:00,2025,1818,UP,4024.1,3943.99,2.504366171584209,2025-10-29 20:00:00,-29.449999999999818,-0.3676195231556581,0.033206077703955346,0.5907968337248504,0.1163984716216464,0.8169524444315719,0.3120227988363074,0.03352594365876683,0.0031553458804618293,0.0007214938021246417,0,1,1
2025-10-29 16:00:00,2025,1818,UP,4012.7,3943.99,2.1495886437789253,2025-10-29 20:00:00,-18.049999999999727,-0.2626982971910889,0.0022244245845271645,0.4055805584420011,0.013842303574318206,0.6035353633411681,0.016041095302568215,0.00220734081210644,0.00021863497054207197,5.1256203557537666e-05,0,1,1
2025-10-29 20:00:00,2025,1819,DOWN,3994.65,4030.1,1.1081796456752715,2025-10-30 08:00:00,30.550000000000182,0.8617771509167937,0.3100096432596983,0.12402857876557358,0.003000561860003404,0.3699255802947333,0.5073460251719747,0.31208336041039864,0.06337301534718551,0.026741297414369845,1,0,0
2025-10-30 00:00:00,2025,1819,DOWN,3931.25,4007.44,2.36216636298083,2025-10-30 08:00:00,-32.84999999999991,-0.43115894474340316,0.24613604129465125,0.18119315952051876,0.7224756052622333,0.8671631087803583,0.6025983095572561,0.24931040872621296,0.03340120116289653,0.006627638048700867,1,1,1
2025-10-30 04:00:00,2025,1819,DOWN,3948.0,4007.44,1.8370790820686849,2025-10-30 08:00:00,-16.09999999999991,-0.27086137281291883,0.013558712183052208,0.15500722448570073,0.2898036557115309,0.5320023824120287,0.05673906684093447,0.013167909113053496,0.00174660275477385,0.000737309587266056,1,1,1
2025-10-30 08:00:00,2025,1820,UP,3964.1,3915.45,1.4946945047155595,2025-10-31 08:00:00,40.92000000000007,0.841109969167523,0.45348766475375596,0.4810208193734584,0.07047344900235473,0.31136047007980483,0.7680415567092379,0.4527026380230681,0.2029837619098581,0.09622058075731756,0,0,0
2025-10-30 12:00:00,2025,1820,UP,3998.74,3915.45,2.548842605227234,2025-10-31 08:00:00,6.2800000000002,0.07539920758794817,0.26840852496033707,0.5036930594964519,0.6536770324194973,0.6491991131626664,0.6742711700058298,0.27184881983447157,0.09360239319189508,0.04344293584032822,0,1,1
2025-10-30 16:00:00,2025,1820,UP,3995.47,3915.45,2.445621342051771,2025-10-31 08:00:00,9.550000000000182,0.11934516370907504,0.05332272614071737,0.4167096195002836,0.2832125978369651,0.5038280172810106,0.21784656375110664,0.05186570302701497,0.009376686849965295,0.002408272778498785,0,1,1
2025-10-30 20:00:00,2025,1820,UP,4004.66,3960.55,1.3484837093276034,2025-10-31 08:00:00,0.36000000000012733,0.008161414645208117,0.02292611864807746,0.35487689634761893,0.23680924172728515,0.4991087401519738,0.11161088008949538,0.025163910258438456,0.00421150571493385,0.0012612654103918892,0,1,1
2025-10-31 00:00:05,2025,1820,UP,4023.83,3960.55,1.9364065837109137,2025-10-31 08:00:00,-18.809999999999945,-0.29725031605562613,0.013137906473069887,0.47293169707678023,0.14532342349264107,0.464083432721628,0.11532657271846074,0.013666384865471214,0.0014147949004118352,0.0003569561398430138,0,1,1
2025-10-31 04:00:00,2025,1820,UP,4018.69,3960.55,1.7788076982928696,2025-10-31 08:00:00,-13.670000000000073,-0.23512211902304958,0.002004616118077583,0.4102301349538815,0.03541630446771988,0.2535545664861789,0.019720932697783605,0.0020884651837861827,0.00016962642354694194,8.326160409239317e-05,0,1,1
2025-10-31 08:00:00,2025,1821,DOWN,4005.02,4046.35,1.265022970201686,2025-10-31 16:00:00,-11.829999999999927,-0.2862327607065073,0.18241310898672325,0.0872329476551066,0.39959084103924875,0.0431999201493928,0.22849722299588318,0.1845581683168776,0.04720574406135135,0.021102882578225523,0,1,0
2025-10-31 12:00:00,2025,1821,DOWN,4008.43,4046.35,1.1616005081721534,2025-10-31 16:00:00,-8.420000000000073,-0.22204641350211118,0.08095323811109381,0.1486366270829527,0.257994532679247,0.04135634958421646,0.13377877251254183,0.07965139973728896,0.01937104101185111,0.005800559633692424,0,1,0
2025-10-31 16:00:00,2025,1822,UP,4016.85,3998.75,0.5542780928079923,2025-10-31 18:09:00,-18.09999999999991,-1.0,0.40390758389372483,0.42889522846491224,0.5189592954373005,0.08421275970377375,0.5245575707514808,0.4062560756128114,0.3366143528556928,0.26791327736054216,0,1,1
2025-10-31 20:00:00,2025,1823,DOWN,3997.52,4036.24,1.1812839740248327,2025-11-03 08:00:00,-16.579999999999927,-0.4282024793388433,0.18596769457218543,0.14538286793860727,0.5735341861482388,0.7099625908680147,0.25728974654793213,0.18424866110713892,0.053810495698184635,0.04306746953039402,1,1,1
2025-11-03 01:00:01,2025,1823,DOWN,3983.55,4036.24,1.6112895555780617,2025-11-03 08:00:00,-30.549999999999727,-0.579806414879483,0.05219880806562723,0.1261602757935501,0.31182521707050664,0.5156396540339921,0.0608521897789349,0.046850428746714155,0.006852186108000636,0.0032309761438497884,1,1,1
2025-11-03 04:00:00,2025,1823,DOWN,3995.93,4036.24,1.2313384178579392,2025-11-03 08:00:00,-18.170000000000073,-0.4507566360704564,0.02409211426514529,0.1368670594891186,0.18110723890475144,0.4401621774836151,0.027443611098843194,0.023971309839404115,0.0038758101876101123,0.0024671403417235757,1,1,1
2025-11-03 08:00:00,2025,1824,UP,4014.1,3962.63,1.5734966838285902,2025-11-04 01:00:00,-10.699999999999818,-0.207888090149599,0.5164082288887045,0.45997884456196636,0.5736308872280923,0.5163604287806098,0.80746778288415,0.5176550531988104,0.36759451098438983,0.20842668060666392,0,1,1
2025-11-03 12:00:00,2025,1824,UP,4000.85,3962.63,1.1679610233841908,2025-11-04 01:00:00,2.550000000000182,0.06671899529042898,0.1654544933210455,0.431388610258919,0.2574618678102344,0.36457044845537295,0.23397585535785098,0.16105414707849572,0.10859176689884642,0.05320216976344637,0,1,1
2025-11-03 16:00:00,2025,1824,UP,4016.32,3993.02,0.7128432545621938,2025-11-04 01:00:00,-12.920000000000073,-0.5545064377682392,0.18742888139323755,0.5369752651733838,0.28487064355032277,0.4639996020439877,0.49551612903734066,0.18622103529131973,0.08379683230334617,0.031539083420186964,0,1,1
2025-11-03 20:00:00,2025,1824,UP,4006.32,3993.02,0.40673160505476796,2025-11-04 01:00:00,-2.9200000000000728,-0.2195488721804536,0.0634249522395344,0.4272534153906777,0.08147053629155322,0.2266433048219696,0.15004560388511257,0.06218463435434056,0.024143495613035845,0.006698311938298277,0,1,1
2025-11-04 01:00:00,2025,1825,DOWN,4003.4,4030.48,0.8299823947880881,2025-11-05 08:00:00,38.13000000000011,1.408050221565739,0.24377749058401996,0.13594240128102436,0.5224727909043569,0.556471063429887,0.3116301276534722,0.24244367710656897,0.07783715648534575,0.0467013283850207,1,1,1
2025-11-04 04:00:00,2025,1825,DOWN,3987.4,4014.94,0.8448546070161631,2025-11-05 08:00:00,22.13000000000011,0.8035584604212106,0.107446706398207,0.1102845156508917,0.4150648108726405,0.5364810220820561,0.1360123966136256,0.11028583066082157,0.01741665788916348,0.007330058209027881,1,1,1
2025-11-04 08:00:00,2025,1825,DOWN,3973.28,3999.32,0.7996504505191,2025-11-04 10:08:00,-26.039999999999964,-1.0,0.05843010079816096,0.1271711278873403,0.22221101927957476,0.3970668417144013,0.11777715186735188,0.05885481195283065,0.0064740555220923045,0.0020967666572597565,1,1,1
2025-11-04 12:00:00,2025,1825,DOWN,3991.13,4014.94,0.7309851124341765,2025-11-05 08:00:00,25.860000000000127,1.0860982780344473,0.011292824104985172,0.1125020307930218,0.06238590965169134,0.17902962693398908,0.016603418738047826,0.011007269292418864,0.0011619332293507935,0.0004092204215768727,1,1,1
2025-11-04 16:00:00,2025,1825,DOWN,3975.73,4000.01,0.7459682458463208,2025-11-05 08:00:00,10.460000000000036,0.4308072487644131,0.013148227869390261,0.14231766529305864,0.07122554455546029,0.24893403310777984,0.0332345866611251,0.013406757396700667,0.000795229576309987,0.00019978259759864523,1,1,1
2025-11-04 20:00:00,2025,1825,DOWN,3955.06,4000.01,1.3771642699344324,2025-11-05 08:00:00,-10.210000000000036,-0.22714126807563903,0.005078096275270582,0.19556457555655973,0.021804102652479295,0.18494308047569302,0.018983940911939,0.005182461022554025,0.00022483343642012922,8.17706730298247e-05,1,1,1
2025-11-05 01:00:00,2025,1825,DOWN,3932.73,4000.01,2.0634708164045197,2025-11-05 08:00:00,-32.539999999999964,-0.48365041617122273,0.0026194093594243597,0.197140913737625,0.015449106935216193,0.13544299352788067,0.013863894551723087,0.002693330980392357,5.6608295973370064e-05,1.2734579783546707e-05,1,1,1
2025-11-05 04:00:00,2025,1825,DOWN,3936.96,4000.01,1.9379820718201388,2025-11-05 08:00:00,-28.309999999999945,-0.4490087232355252,0.0004897811042941496,0.12153443108617236,0.0027580212456513532,0.03293513869471841,0.0023035034268096954,0.0004744205757300472,8.12777922146388e-06,1.0503140533948497e-06,1,1,1
2025-11-05 08:00:00,2025,1826,UP,3965.27,3929.69,1.091699877388585,2025-11-06 04:00:00,11.349999999999909,0.3189994378864512,0.5106287678370477,0.5073784503402325,0.540242237941928,0.012072763177867752,0.7830866226662839,0.5137294902696522,0.35372614203882546,0.2311024876314295,0,1,0
2025-11-05 12:00:00,2025,1826,UP,3971.99,3929.69,1.2995267253017726,2025-11-06 04:00:00,4.630000000000109,0.10945626477541699,0.24299507169857407,0.4822354193249833,0.23511594569896332,0.4005535670478045,0.45688088875969113,0.23519005973234217,0.13063560173951788,0.07819880393942916,0,1,1
2025-11-05 16:00:00,2025,1826,UP,3976.02,3956.18,0.6104911970331409,2025-11-06 04:00:00,0.599999999999909,0.030241935483866163,0.12609362471734428,0.4538499006223891,0.1461733088265703,0.3816884210342623,0.38351912905820557,0.12261660077234961,0.04366700434065523,0.0186161247872488,0,1,1
2025-11-05 20:00:00,2025,1826,UP,3982.2,3964.16,0.5557031694689004,2025-11-06 04:00:00,-5.579999999999927,-0.30931263858092783,0.06338557401562273,0.4503641183400079,0.08732689640772318,0.339394992973843,0.28066497183099104,0.06535081474902164,0.01762387613827055,0.005963399540281465,0,1,1
2025-11-06 01:00:01,2025,1826,UP,3972.79,3964.16,0.26676219306805904,2025-11-06 04:00:00,3.8299999999999272,0.4438006952491169,0.02404687567254965,0.4088701912139129,0.03536976457652468,0.2175580362250364,0.07759949620378566,0.02432423178475467,0.00590457832999097,0.00197450373462315,0,1,1
2025-11-06 04:00:00,2025,1827,DOWN,3976.62,3990.17,0.41999853654340435,2025-11-06 05:38:00,-13.550000000000182,-1.0,0.19110647588833282,0.11350251925489827,0.5035034630105555,0.0563599247871182,0.17603160184239344,0.2013748310788365,0.06754934599736505,0.043868737197564935,1,1,0
2025-11-06 08:00:00,2025,1828,UP,3987.85,3964.53,0.7247999566866725,2025-11-06 20:00:00,-1.650000000000091,-0.07075471698113686,0.4960227967982398,0.47306920364219524,0.6505466495777616,0.19169497156063386,0.7865791975575087,0.5029442125977274,0.4011584457092152,0.2746991597197847,0,1,1
2025-11-06 12:00:00,2025,1828,UP,4011.27,3982.31,0.8997333297741926,2025-11-06 17:03:00,-28.960000000000036,-1.0,0.3428891915369052,0.4639403684885965,0.5011722368031133,0.20972696313281577,0.6920823606947505,0.34580339468335825,0.18440121416663274,0.09065219952561109,0,1,1
2025-11-06 16:00:00,2025,1828,UP,4012.56,3982.31,0.9423089939943459,2025-11-06 17:03:00,-30.25,-1.0,0.11576120747234075,0.40205166340545906,0.19254611044017944,0.09179756018826925,0.2791019154857626,0.11277335797797923,0.04265738508244889,0.01659543490172383,0,1,1
2025-11-06 20:00:00,2025,1829,DOWN,3986.2,4019.6,1.037534274758319,2025-11-07 04:00:00,-15.75,-0.4715568862275436,0.20108759302634321,0.16795753773861455,0.46594596607074357,0.008642538312134075,0.35289999456942706,0.20812643586392232,0.06040577772692829,0.041811427195880636,0,1,0
2025-11-07 01:00:09,2025,1829,DOWN,3977.63,3995.18,0.5464711846561826,2025-11-07 03:05:00,-17.549999999999727,-1.0,0.08417576527810676,0.15436919468586024,0.292476231811609,0.5343733834646888,0.21171249305240325,0.0831058271854152,0.015346835817557395,0.0075501519981250095,0,1,1
2025-11-07 04:00:00,2025,1830,UP,4001.95,3974.66,0.8503543679050124,2025-11-10 01:00:00,-0.8899999999998727,-0.0326126786368587,0.641858257441927,0.6024970236195178,0.04113756480176774,0.42578559474049954,0.854737650587951,0.6461587916782852,0.4812361130029847,0.3803195447120385,0,0,1
2025-11-07 08:00:00,2025,1830,UP,3995.19,3974.66,0.6413155472742383,2025-11-10 01:00:00,5.869999999999891,0.2859230394544488,0.26133939406305173,0.4221843782102816,0.4147595842436939,0.4536479473747092,0.4490109921889533,0.25280043612392156,0.1516739158960268,0.07072933654394838,0,1,1
2025-11-07 12:00:00,2025,1830,UP,4006.85,3985.61,0.6646551665235296,2025-11-07 16:37:00,-21.23999999999978,-1.0,0.1897147417043087,0.5045770308143636,0.37123148124282884,0.42857983859378634,0.4246680715079198,0.19002789717405433,0.09008341844606253,0.043707706037647995,0,1,1
2025-11-07 16:00:00,2025,1830,UP,3997.92,3985.61,0.386007076416901,2025-11-07 16:37:00,-12.309999999999945,-1.0,0.0724988420193091,0.4292266537366449,0.1266130559422673,0.20558499910854364,0.12305109697284429,0.06945952099567905,0.027317323093964688,0.010363111968652035,0,1,1
2025-11-07 20:00:00,2025,1830,UP,4005.75,3984.15,0.6759730414336569,2025-11-10 01:00:00,-4.690000000000055,-0.21712962962963306,0.06439721908944566,0.49541621119859713,0.11143240989562536,0.29892750192512596,0.12668004506857625,0.06354103937001487,0.013215635593746281,0.004630638132210051,1,1,1
2025-11-10 01:00:00,2025,1831,DOWN,4001.06,4027.44,0.8280661150033141,2025-11-10 03:11:00,-26.38000000000011,-1.0,0.2586609524780407,0.1801021014829618,0.04065039710716407,0.19267193254922918,0.2265839508664853,0.2492534855047316,0.0748789270024891,0.047785693214428375,0,0,0
2025-11-10 04:00:00,2025,1832,UP,4044.18,3994.54,1.5518218655446914,2025-11-11 20:00:00,70.20000000000027,1.4141821112006538,0.5678709000401864,0.5289317530355403,0.10426210206678681,0.4278210569854711,0.8746761060249687,0.5721630464871245,0.3920893336192483,0.2663595548071405,1,1,1
2025-11-10 08:00:00,2025,1832,UP,4069.68,3994.54,2.348887915052447,2025-11-11 20:00:00,44.70000000000027,0.5948895395262224,0.23907944968710254,0.45351079808402506,0.037729522891836925,0.3451307108046547,0.6646543355716185,0.2343621816804943,0.07392731650452457,0.026836203688989747,1,1,1
2025-11-10 12:00:00,2025,1832,UP,4076.77,3994.54,2.5762132114366887,2025-11-11 20:00:00,37.61000000000013,0.4573756536543855,0.04609762617461337,0.4332022253602863,0.012661350472390323,0.25978736794418267,0.24330826647274875,0.04840031066972078,0.010596930887801625,0.004689163217085653,1,1,1
2025-11-10 16:00:00,2025,1832,UP,4091.81,4071.45,0.6380666496659286,2025-11-11 20:00:00,22.570000000000164,1.1085461689587437,0.01665720592900275,0.36510500369702636,0.0055416758434745205,0.21651896982474772,0.13940709597884443,0.01763400538160362,0.003249006917364465,0.001668220152836565,1,1,1
2025-11-10 20:00:00,2025,1832,UP,4102.69,4074.34,0.8890163797320076,2025-11-11 20:00:00,11.69000000000051,0.41234567901237157,0.007658488035821003,0.3704312471546832,0.0016636889911902822,0.10097424437807602,0.1346741965504138,0.007614009741417094,0.0006598184124501376,0.00017053372087986982,1,1,1
2025-11-11 01:00:05,2025,1832,UP,4116.49,4074.34,1.3256749163337567,2025-11-11 20:00:00,-2.1099999999996726,-0.05005931198101283,0.0029318851629744906,0.4036411988698759,0.0011401576290450723,0.07475425239334882,0.10492597983368405,0.0033528233257435892,0.00020587419880219233,4.9688833114326864e-05,1,1,1
2025-11-11 04:00:00,2025,1832,UP,4136.46,4074.34,1.9553832730061702,2025-11-11 20:00:00,-22.079999999999927,-0.35544108177720485,0.0012384125579736436,0.4985801413410055,0.0007009448699804577,0.07214219015268065,0.06575708492597997,0.0013390232723646334,3.9526890837883916e-05,9.59881447140351e-06,1,1,1
2025-11-11 08:00:00,2025,1832,UP,4131.18,4074.34,1.7915281548702586,2025-11-11 20:00:00,-16.800000000000182,-0.29556650246305666,0.0002752661104410309,0.38724127468201003,7.829965215253154e-05,0.013018553869654668,0.005855459199072213,0.00029272529892965027,5.8915592420295596e-06,1.424036317139675e-06,1,1,1
2025-11-11 12:00:00,2025,1832,UP,4141.99,4124.75,0.5444008422605229,2025-11-11 16:33:00,-17.23999999999978,-1.0,0.00021685078435015664,0.4133092724830337,6.45696816658069e-05,0.012036582044757648,0.010394720589687018,0.00024687314704918635,3.794197597990597e-06,8.180610306106792e-07,1,1,1
2025-11-11 16:00:00,2025,1832,UP,4142.82,4124.75,0.5724368877326477,2025-11-11 16:33:00,-18.06999999999971,-1.0,7.96828072333022e-05,0.3404757421468632,1.9071597478447272e-05,0.0035749649663594043,0.004461138760121118,8.739711899261085e-05,1.0984043316092787e-06,1.388497854614838e-07,1,1,1
2025-11-11 20:00:00,2025,1833,DOWN,4114.38,4146.66,1.0199630476631614,2025-11-12 04:00:00,-17.229999999999563,-0.5337670384138693,0.1975460877737674,0.16412444079191701,0.4727451620357049,0.00018441828050268165,0.31432274328011,0.19810481867299523,0.05711676457311311,0.04225358587669147,0,1,0
2025-11-12 01:00:00,2025,1833,DOWN,4126.91,4146.66,0.6247475131655144,2025-11-12 04:00:00,-4.699999999999818,-0.23797468354429457,0.043915650960366384,0.09425878564705302,0.19661567215735373,0.0003408310248551215,0.03583224271827607,0.04325183114082646,0.010643245036409586,0.0064540368691099635,0,1,0
2025-11-12 04:00:00,2025,1834,UP,4131.61,4097.05,1.0956228996987756,2025-11-12 08:00:00,-26.98999999999978,-0.7809606481481534,0.4627801042195845,0.47104355420568494,0.576864850461986,0.000469965008181922,0.6154734191250208,0.46850477759296744,0.38907867552649317,0.29556832693169716,1,1,1
2025-11-12 08:00:00,2025,1835,DOWN,4104.62,4145.51,1.2951640351864862,2025-11-12 16:00:00,-22.710000000000036,-0.5553925165077,0.2962846925981444,0.1990713089746929,0.6711264949346271,0.6901461259941131,0.600282427023713,0.2960923657829802,0.08864998982697532,0.054619767620120184,0,1,1
2025-11-12 12:00:00,2025,1835,DOWN,4124.67,4145.51,0.6602271405825794,2025-11-12 16:00:00,-2.6599999999998545,-0.12763915547024166,0.048047104075118446,0.10655483588269689,0.24241411196407348,0.3401380729090033,0.05437267352057349,0.04637244945719768,0.010215058198786545,0.005287769396238063,0,1,1
2025-11-12 16:00:00,2025,1836,UP,4127.33,4098.84,0.9041883207349876,2025-11-13 20:00:00,74.5,2.614952614952635,0.5025462449874797,0.43004007722190246,0.5114185305795965,0.5394052844825296,0.6330484338126583,0.49599430599013095,0.37958828202285616,0.24508611061706126,1,1,1
2025-11-12 20:00:00,2025,1836,UP,4199.53,4122.74,2.4158150863254004,2025-11-13 20:00:00,2.300000000000182,0.029951816642794414,0.5531272048294755,0.7322034121048242,0.7312829868693328,0.8958969516253589,0.9371335553991119,0.5439295559705877,0.1401168697192786,0.2300683890024805,1,1,1
2025-11-13 01:00:05,2025,1836,UP,4196.72,4122.74,2.331673658380892,2025-11-13 20:00:00,5.109999999999673,0.06907272235738902,0.05586360184345148,0.6001738123571375,0.21685818192578668,0.6534438158025196,0.36315481024204943,0.05459374806940166,0.008855463786977588,0.019442338879588208,1,1,1
2025-11-13 04:00:00,2025,1836,UP,4192.46,4122.74,2.19831634101133,2025-11-13 20:00:00,9.36999999999989,0.1343947217441173,0.015416408502318532,0.5103174971670377,0.0819630077888817,0.5120394688013763,0.09986826536643596,0.015118383819037351,0.0011819516491291795,0.0020099194104472185,1,1,1
2025-11-13 08:00:00,2025,1836,UP,4212.12,4179.87,1.0161040953442475,2025-11-13 20:00:00,-10.289999999999964,-0.31906976744185933,0.01244186989164217,0.4932362874100362,0.07772819211916855,0.5275405638163214,0.24910681822469957,0.013224002571090116,0.0005954823525368211,0.0006440240193860812,1,1,1
2025-11-13 12:00:00,2025,1836,UP,4233.38,4203.23,0.949191333706291,2025-11-13 16:42:00,-30.150000000000546,-1.0,0.0053725193514875666,0.5719402691983511,0.0393315690225746,0.4473910341969725,0.26999306446556903,0.005538506429932235,0.0001852039621310642,0.0001785057866723231,1,1,1
2025-11-13 16:00:00,2025,1836,UP,4231.9,4219.12,0.40274698574865975,2025-11-13 16:08:00,-12.779999999999745,-1.0,0.001164330351561193,0.45126423057581466,0.0087036253854039,0.2088875265346122,0.045581271981728254,0.0012406017400122995,3.665377053195915e-05,3.595427520239617e-05,1,1,1
2025-11-13 20:00:00,2025,1837,DOWN,4201.83,4245.16,1.361631252504368,2025-11-14 08:00:00,11.680000000000291,0.2695591968613042,0.2291690427751222,0.08180637530213791,0.3827199994137592,0.014121093624453874,0.265867572320486,0.23153303659682314,0.05984241352048859,0.030523746475872388,0,1,0
2025-11-14 01:00:00,2025,1837,DOWN,4171.62,4245.16,2.30049323582335,2025-11-14 08:00:00,-18.529999999999745,-0.25197171607288216,0.10422370943441064,0.20518651262334983,0.2971385475816597,0.6647453466724174,0.22859543312929137,0.10156711647231853,0.02625661332469673,0.00979246507047193,0,1,1
2025-11-14 04:00:00,2025,1837,DOWN,4190.0,4245.16,1.7280030091034055,2025-11-14 08:00:00,-0.1499999999996362,-0.0027193618564111057,0.013278394745047615,0.1179633630603897,0.08267772508260803,0.3727156743221816,0.023085416857984844,0.012954915537175295,0.0024563541539705147,0.0007724686050917461,0,1,1
2025-11-14 08:00:00,2025,1838,UP,4190.15,4145.31,1.4058135032334966,2025-11-14 12:00:00,-20.73999999999978,-0.4625334522747577,0.4038476478974923,0.4306156546033109,0.4738289494236522,0.4531585023822333,0.49025685607388403,0.40598992003420825,0.3017303673372717,0.21526360759653412,1,1,1
2025-11-14 12:00:00,2025,1839,DOWN,4169.41,4211.31,1.3130232066537548,2025-11-17 01:00:00,82.10999999999967,1.959665871121685,0.23560694374323676,0.1456440682803011,0.5445620588597243,0.5653542091200848,0.39368317118307306,0.23656929137112961,0.07316556926822754,0.043757516986737154,0,1,1
2025-11-14 20:00:00,2025,1839,DOWN,4099.88,4211.31,3.406181256797664,2025-11-17 01:00:00,12.579999999999927,0.11289598851296684,0.0013384339981168316,0.13950234493601196,0.045511598697644574,0.19704061209533674,0.006898569967719161,0.0013005233844847713,7.300533779558999e-05,0.0001400798889568879,1,1,1
2025-11-17 01:00:00,2025,1840,UP,4087.3,4032.07,1.6895833585617368,2025-11-17 08:00:00,-28.960000000000036,-0.524352706862213,0.381228417379126,0.3757751152221025,0.023568101115813783,0.16657417249104498,0.43143848343877633,0.3707552717475079,0.17065710255101754,0.07270436958264616,0,0,0
2025-11-17 04:00:00,2025,1840,UP,4091.35,4072.98,0.5618789679789099,2025-11-17 05:00:00,-18.36999999999989,-1.0,0.3499572952616405,0.4926520463840069,0.00594266611574622,0.06558453759816628,0.3890904552779256,0.3610385344808471,0.20788232617964658,0.10847333507532862,0,0,0
2025-11-17 08:00:00,2025,1841,DOWN,4058.34,4106.63,1.4741878759736284,2025-11-18 12:00:00,17.940000000000055,0.3715054876786098,0.2485880605046698,0.12024147985157796,0.013689252505470671,0.11592983876594305,0.5015260284496934,0.24735414855688134,0.06653932360673429,0.03344898403078341,1,1,1
2025-11-17 12:00:00,2025,1841,DOWN,4082.14,4106.63,0.7465570215446242,2025-11-18 12:00:00,41.73999999999978,1.7043691302572226,0.042893566103534744,0.05945206634804348,0.0017282937757537894,0.0206228314123528,0.05309317955090862,0.04205242094848715,0.009880169356024097,0.004398355398155137,1,1,1
2025-11-17 16:00:00,2025,1841,DOWN,4065.18,4095.93,0.937531370966378,2025-11-18 12:00:00,24.779999999999745,0.8058536585365771,0.05117499667589707,0.0803970208021588,0.001451196031352118,0.023692082072822983,0.10428956237891952,0.050655190257277584,0.008198711092201667,0.0023244552757511706,1,1,1
2025-11-17 20:00:00,2025,1841,DOWN,4073.38,4092.26,0.5759322994177063,2025-11-18 12:00:00,32.98000000000002,1.746822033898296,0.017802391004070873,0.07500972198924342,0.0005575595831170613,0.010933594456774652,0.032835681509406335,0.01737814458114601,0.0030168179616341115,0.0008569493221917926,1,1,1
2025-11-18 01:00:01,2025,1841,DOWN,4044.79,4081.03,1.0987049216663385,2025-11-18 12:00:00,4.389999999999873,0.12113686534215905,0.013510585852472091,0.12634747274951966,0.000390126023154826,0.012343601686994351,0.028068817322890807,0.013278613200017901,0.0011429725294044384,0.000589972341877556,1,1,1
2025-11-18 04:00:00,2025,1841,DOWN,4024.99,4055.08,0.9122946602409595,2025-11-18 12:00:00,-15.41000000000031,-0.512130275839157,0.007792552640387239,0.14082695353939162,0.00021147815035370724,0.008550580626746782,0.048528206990634364,0.00754438824654057,0.00037246330684309614,0.00011181405568477662,1,1,1
2025-11-18 08:00:00,2025,1841,DOWN,4019.0,4055.08,1.094257214592718,2025-11-18 12:00:00,-21.40000000000009,-0.5931263858093163,0.0020842324176247643,0.10365241472292498,8.772483465078474e-05,0.004091752208789039,0.012905965570281681,0.0021025519730358063,7.114419324863952e-05,1.582783250645402e-05,1,1,1
2025-11-18 12:00:00,2025,1842,UP,4040.4,3997.89,1.2857309810594013,2025-11-19 04:00:00,18.730000000000018,0.44060221124441123,0.4982483094807485,0.5374355210152696,1.0395722351752315e-05,0.0010485660358174342,0.7729972978540919,0.49505787314058614,0.2580547344457298,0.14726244624629353,0,0,0
2025-11-18 16:00:00,2025,1842,UP,4065.48,3997.89,2.0415451410777186,2025-11-19 04:00:00,-6.349999999999909,-0.09394880899541197,0.2568421259323924,0.4924043062563115,0.5587447156856088,0.4670856938230182,0.6338405812802949,0.25600105017898606,0.09591026405617507,0.04212951899581157,0,1,1
2025-11-18 20:00:00,2025,1842,UP,4071.64,4029.19,1.2804222744456335,2025-11-19 04:00:00,-12.509999999999764,-0.2946996466431052,0.06083100808728699,0.4155347047134068,0.311394468252761,0.43218459587768054,0.23715847283071445,0.06294260292233596,0.01592328300025133,0.006146602961687756,0,1,1
2025-11-19 01:00:05,2025,1842,UP,4068.69,4040.45,0.8538028251655133,2025-11-19 04:00:00,-9.559999999999945,-0.3385269121812983,0.017179088258492983,0.38100938696902487,0.13799253444424142,0.3070640581699761,0.057495086127872255,0.016939182159684017,0.003695196821792228,0.0015026128534004445,0,1,1
2025-11-19 04:00:00,2025,1843,DOWN,4059.13,4082.34,0.7030097757833046,2025-11-19 07:16:00,-23.210000000000036,-1.0,0.30160690546595914,0.10590462436556682,0.048605358826426914,0.21849469903102592,0.42087741185052385,0.29347469597226367,0.06662997093221541,0.02702612326023256,1,0,0
2025-11-19 08:00:00,2025,1844,UP,4095.71,4055.48,1.2167069267073995,2025-11-19 20:00:00,-16.929999999999836,-0.42083022619934946,0.5421839253171941,0.49512080236315864,0.09104248280825263,0.3808651278508194,0.8094403721632463,0.5352331192204969,0.40093132198947024,0.27014822311908493,0,1,1
2025-11-19 12:00:00,2025,1844,UP,4113.55,4055.48,1.7548006579089217,2025-11-19 20:00:00,-34.76999999999998,-0.5987601171000496,0.23594210536058385,0.39564124431548525,0.035514470410675895,0.30712845760843144,0.5950219788744392,0.2323934214948028,0.09059243944088939,0.030497384378770566,0,1,1
2025-11-19 16:00:00,2025,1844,UP,4110.91,4078.28,0.988361595950766,2025-11-19 18:26:00,-32.629999999999654,-1.0,0.056712415946809626,0.4454683603096097,0.01130386167072511,0.18512939099614956,0.25842310471649793,0.059051366158727706,0.022787358671037435,0.008026846343619623,0,1,1
2025-11-19 20:00:00,2025,1845,DOWN,4078.78,4132.85,1.6256689654885024,2025-11-20 04:00:00,-2.9099999999998545,-0.053819123358606356,0.24129929899181943,0.12099477754148302,0.4886369373830903,0.011419385491122522,0.44836597648341414,0.2428409636538923,0.05013910200367948,0.025108100864464796,1,1,0
2025-11-20 01:00:00,2025,1845,DOWN,4079.08,4132.85,1.618698660498607,2025-11-20 04:00:00,-2.6100000000001273,-0.0485400781104725,0.08060433809418645,0.10489972970913769,0.24416374394744333,0.595854475771505,0.1424469122735285,0.07719869513439796,0.014182141280311273,0.00744312496339002,1,1,1
2025-11-20 04:00:00,2025,1846,UP,4081.69,4065.59,0.48475241974130623,2025-11-20 04:07:00,-16.09999999999991,-1.0,0.43713573589214333,0.479324718747111,0.07281967805431991,0.2811948723213695,0.4370956283514644,0.44374889817899904,0.3583360722965835,0.32927094013692143,0,0,1
2025-11-20 08:00:00,2025,1847,DOWN,4066.65,4110.13,1.306733242447656,2025-11-20 16:00:00,-13.730000000000018,-0.31577736890524405,0.2166061027244384,0.13276016722474024,0.08917075538403728,0.6364219143589487,0.24997804492244083,0.22098372462988541,0.07685873250231062,0.05863287378125657,1,1,1
2025-11-20 12:00:00,2025,1847,DOWN,4064.16,4110.13,1.3802564564765876,2025-11-20 16:00:00,-16.220000000000255,-0.3528388079182111,0.09150493854294794,0.13725829963646996,0.03410405144490791,0.39086892804887663,0.08323429260147915,0.08765163172317893,0.021912244030432425,0.015968117711662823,1,1,1
2025-11-20 16:00:00,2025,1848,UP,4080.38,4051.04,0.879215650994007,2025-11-20 18:58:00,-29.340000000000146,-1.0,0.41294738319952773,0.48597697577656135,0.4740094972085496,0.18168603118051388,0.7197336987974784,0.41281226098767687,0.270358344321063,0.15925996270704695,0,1,0
2025-11-20 20:00:00,2025,1848,UP,4066.12,4038.79,0.814913165334042,2025-11-21 04:00:00,2.400000000000091,0.0878155872667434,0.10213909920177457,0.4302703052168348,0.14118878586866712,0.2665548690966367,0.20375673419614257,0.1002124118251108,0.0456734145664586,0.02449127102476013,0,1,0
2025-11-21 01:00:01,2025,1848,UP,4074.86,4043.74,0.9283425655630072,2025-11-21 04:00:00,-6.3400000000001455,-0.20372750642673762,0.14602843939856414,0.5488174320871431,0.3012272562114139,0.19268672023937805,0.3138946173724298,0.14946458877523566,0.03979783568497713,0.016608369499180646,0,0,0
2025-11-21 04:00:00,2025,1849,DOWN,4068.52,4088.94,0.6096576518088919,2025-11-21 16:00:00,-11.420000000000073,-0.559255631733596,0.30403369251140505,0.17557364157596544,0.2203617405599888,0.11904298979768613,0.33171426313915126,0.2968579929666019,0.08859051041391368,0.06794903946233709,1,0,1
2025-11-21 08:00:00,2025,1849,DOWN,4058.53,4088.94,0.906895932031888,2025-11-21 16:00:00,-21.409999999999854,-0.7040447221308765,0.11963918440761673,0.14008252467224397,0.5367317657176282,0.1686347393810742,0.18184740282178075,0.1183841772373841,0.025113327792249087,0.014333523591517138,1,1,1
2025-11-21 12:00:00,2025,1849,DOWN,4050.42,4064.74,0.4264343495636064,2025-11-21 14:45:00,-14.319999999999709,-1.0,0.059731426438389044,0.19991750371185485,0.22112704874178107,0.07071781970452544,0.09287999152363106,0.0587577672361792,0.009612565720003328,0.010887691266199477,1,1,1
2025-11-21 16:00:00,2025,1850,UP,4079.94,4031.03,1.4525420691707933,2025-11-24 01:00:00,-8.070000000000164,-0.1649969331425105,0.5189794762901755,0.5504263215812879,0.525573354742429,0.01720463040789982,0.865502238768048,0.5069863457245894,0.2856329406986048,0.12928329802961272,0,1,0
2025-11-21 20:00:00,2025,1850,UP,4085.65,4055.17,0.9033715758483315,2025-11-21 23:09:00,-30.480000000000018,-1.0,0.1769875020851914,0.46950348660943575,0.31507318471208684,0.5918016529437501,0.520681227705658,0.1784648275778434,0.07420169342429474,0.035825927540898056,0,1,1
2025-11-24 01:00:00,2025,1851,DOWN,4071.87,4101.13,0.8666679169995927,2025-11-24 12:00:00,-0.2800000000002001,-0.009569377990437389,0.31505826389321234,0.1683170084404035,0.05886020426123799,0.3243410871943403,0.4138038742552606,0.3181266349204321,0.07336586497480012,0.040999546996322356,1,0,0
2025-11-24 04:00:00,2025,1851,DOWN,4044.2,4101.13,1.6859110371801578,2025-11-24 12:00:00,-27.950000000000273,-0.4909538029158639,0.151607140823539,0.2216360520261562,0.6157541422263039,0.6781027786523786,0.4565930311211555,0.1470570512813056,0.015628774086797012,0.006902386960863335,1,1,1
2025-11-24 08:00:00,2025,1851,DOWN,4046.38,4101.13,1.6247071353248665,2025-11-24 12:00:00,-25.769999999999982,-0.470684931506849,0.03993136383035202,0.1502393008748212,0.44485454329238244,0.5741907565120731,0.09556099365655003,0.0401130246246234,0.003391355276301351,0.0013602049144804747,1,1,1
2025-11-24 12:00:00,2025,1852,UP,4072.15,4040.0,0.9548338678539953,2025-11-25 12:00:00,56.23000000000002,1.7489891135303222,0.5789906137515439,0.5240065848975183,0.6499247446023368,0.5719335741210032,0.8308851721083748,0.5868868276789675,0.4269692474218605,0.28309612281621865,0,1,1
2025-11-24 16:00:00,2025,1852,UP,4077.88,4040.0,1.1270717132746721,2025-11-25 12:00:00,50.5,1.3331573389651492,0.23610408089232313,0.4930638734933712,0.352532087599029,0.44080663313538476,0.5332918478156198,0.23813193633108085,0.10259719141277207,0.04495055843634595,0,1,1
2025-11-24 20:00:00,2025,1852,UP,4093.12,4040.0,1.580871299970781,2025-11-25 12:00:00,35.26000000000022,0.6637801204819331,0.12167330170395953,0.48472336279668077,0.23054768611552798,0.45253129704046097,0.3417733353905497,0.12355673122103758,0.02958014035266103,0.009701422427108858,0,1,1
2025-11-25 01:00:05,2025,1852,UP,4134.06,4087.98,1.3672083845050076,2025-11-25 12:00:00,-5.680000000000291,-0.12326388888889418,0.0997368680266578,0.6724654339090956,0.24636413099537305,0.6995466685984814,0.6440212265013475,0.10097156578795563,0.009523684096078601,0.006119027265576486,1,1,1
2025-11-25 04:00:00,2025,1852,UP,4134.93,4087.98,1.3957233720215454,2025-11-25 12:00:00,-6.550000000000182,-0.13951011714590295,0.014147145405507204,0.5828778577201063,0.04961533778312388,0.40396057081042,0.14508106432203635,0.013828012897128471,0.0010019244249364072,0.0006077661831608959,1,1,1
2025-11-25 08:00:00,2025,1852,UP,4151.21,4122.54,0.8537670001837632,2025-11-25 10:38:00,-28.670000000000073,-1.0,0.006394989507888356,0.5924050600048975,0.03211733099421301,0.42280442513586813,0.11098181521320705,0.006717932315051177,0.00032693126624768864,0.00019772753560586259,1,1,1
2025-11-25 12:00:00,2025,1853,DOWN,4128.38,4152.09,0.7050187883023722,2025-11-25 16:00:00,-19.399999999999636,-0.8182201602699117,0.2698891820644441,0.1651754844774967,0.0034728127847309435,0.10896201549047356,0.32813760919598306,0.2731401486460498,0.07359635591777275,0.05635160212092466,0,0,0
2025-11-25 16:00:00,2025,1854,UP,4147.78,4109.56,1.1362684062628763,2025-11-26 01:00:00,-15.519999999999527,-0.40607012035582923,0.5165428583781622,0.3528180039531739,0.007000916828328046,0.16595302992204056,0.6664560935611461,0.5183053601821328,0.3356909186974347,0.16599949382353243,1,1,1
2025-11-25 20:00:00,2025,1854,UP,4146.35,4110.88,1.051957089600151,2025-11-26 01:00:00,-14.090000000000146,-0.3972371017761501,0.25918859958739415,0.4855576679958618,0.0027436467431035958,0.08991189116034118,0.609019902041778,0.2593451578854911,0.11361191429891412,0.04774454485286201,1,1,1
2025-11-26 01:00:00,2025,1855,DOWN,4132.26,4159.22,0.8009558571527624,2025-11-26 04:00:00,-16.359999999999673,-0.6068249258160108,0.35572057646464167,0.15848269285405003,0.0003456177512847825,0.020171258741208464,0.4118231065712703,0.36094400863407516,0.10351664264209097,0.060520064109757875,0,0,0
2025-11-26 04:00:00,2025,1856,UP,4148.62,4127.69,0.6229103757615507,2025-11-26 16:00:00,4.720000000000255,0.2255136168179737,0.5426720076552699,0.46685006743165003,0.0012080625247485074,0.04852699774162111,0.7159490262227026,0.5490676047777943,0.4350200058003148,0.33119850724662514,1,1,1
2025-11-26 08:00:00,2025,1856,UP,4162.36,4127.69,1.0338194194000592,2025-11-26 16:00:00,-9.019999999999527,-0.2601672916065621,0.37508727178646467,0.5724316422020498,0.00035474743776363733,0.02410568839213268,0.6856057955747159,0.3756644106628937,0.21793764272530464,0.17295487093986284,1,1,1
2025-11-26 12:00:00,2025,1856,UP,4162.95,4146.66,0.4866952290823885,2025-11-26 16:00:00,-9.609999999999673,-0.5899324739103556,0.1854793946860996,0.4855042885150219,0.00010653292635488461,0.012002386769958033,0.3990249787827936,0.17793408321128032,0.06856086791991971,0.038383377238049805,1,1,1
2025-11-26 16:00:00,2025,1857,DOWN,4153.34,4211.31,1.734502335893193,2025-11-26 20:00:00,-14.069999999999709,-0.2427117474555744,0.26911655701075005,0.17113303471793712,2.924644205379121e-05,0.005634996019138878,0.25793991217168866,0.26129835076753943,0.055830287179356376,0.028526511019898528,0,0,0
2025-11-26 20:00:00,2025,1858,UP,4167.41,4137.27,0.9019387531773772,2025-11-27 04:00:00,-13.109999999999673,-0.4349701393496989,0.5132796336197017,0.4257235826063713,3.660874406972181e-05,0.0063999350086693715,0.6910105279079752,0.5060332154608429,0.34655153489137164,0.20573888388102118,1,1,1
2025-11-27 01:00:10,2025,1858,UP,4165.48,4158.03,0.2236813432607178,2025-11-27 03:09:00,-7.449999999999818,-1.0,0.27476614333379795,0.34201391904176087,1.1245948131378893e-05,0.002344438860243361,0.3930910070415376,0.2743959636998098,0.20446942512378852,0.08338946827379165,1,1,1
2025-11-27 04:00:00,2025,1859,DOWN,4154.3,4168.52,0.42789800276959766,2025-11-27 12:00:00,-4.510000000000218,-0.31715893108299137,0.22557203751004937,0.1771792188779894,0.5221712828385758,0.00036133007562836445,0.4354322838519083,0.22394720432543638,0.0696821261834719,0.043906604101216794,0,1,0
2025-11-27 08:00:00,2025,1859,DOWN,4147.01,4168.52,0.6494099920844327,2025-11-27 12:00:00,-11.800000000000182,-0.5485820548582083,0.13195550110307347,0.16050075912385295,0.32282876357451323,0.49612167798087736,0.2024516974447408,0.1286054932650681,0.03158487322244823,0.017807141150682642,0,1,1
2025-11-27 12:00:00,2025,1860,UP,4158.81,4142.71,0.48710673433452834,2025-11-28 12:00:03,8.039999999999964,0.4993788819875641,0.6417713836051526,0.5563800841464556,0.09428427908200442,0.3626509957284987,0.7333123530531916,0.6411501418366745,0.5287790944944482,0.44579892642601215,1,0,1
2025-11-27 16:00:00,2025,1860,UP,4155.2,4148.43,0.2055112475022208,2025-11-28 12:00:03,11.650000000000546,1.7208271787298905,0.2889956314761828,0.4314194568757367,0.47041654936726657,0.4797950714845661,0.4046649741763753,0.2809593474177089,0.15344346592980643,0.07151565013598757,1,1,1
2025-11-27 20:00:00,2025,1860,UP,4158.02,4149.16,0.26998292509563027,2025-11-28 12:00:03,8.829999999999927,0.9966139954852536,0.2105594710162807,0.4668173984525207,0.3434440442517638,0.4108657277290989,0.34586454524328114,0.21247772679037927,0.09048406848897139,0.03434510656904405,1,1,1
2025-11-28 01:00:02,2025,1860,UP,4158.17,4151.41,0.20698125101954967,2025-11-28 12:00:03,8.680000000000291,1.284023668639055,0.12576288832620577,0.483164953772281,0.23355693286059565,0.35017844599960474,0.25931665224548717,0.12585476678910182,0.03987695892368383,0.01172814409544398,1,1,1
2025-11-28 04:00:00,2025,1860,UP,4191.25,4151.41,1.219217906540975,2025-11-28 12:00:03,-24.399999999999636,-0.6124497991967758,0.1239378056617109,0.6908513984336597,0.32890816511959264,0.5347594963868013,0.5484608171531206,0.12321324852168847,0.01876525715213346,0.005425052998520796,1,1,1
2025-11-28 08:00:00,2025,1860,UP,4182.61,4151.41,0.9572629330186746,2025-11-28 12:00:03,-15.759999999999309,-0.5051282051281859,0.024055995994010017,0.5171818201366114,0.046341978847836314,0.18017181810800736,0.07072415547169818,0.0229520356436286,0.002955020802108745,0.0006541282326044648,1,1,1
2025-11-28 12:00:03,2025,1861,DOWN,4166.85,4193.21,0.8081931565060478,2025-11-28 16:00:00,-15.960000000000036,-0.605462822458279,0.19009818365795733,0.14946177998086513,0.4743717187463727,0.03252760628316096,0.3114546431527558,0.19134316398500978,0.05042934492663457,0.031144354207568958,0,1,0
2025-11-28 16:00:00,2025,1862,UP,4182.81,4152.1,0.9432368918103552,2025-12-01 20:00:00,49.719999999999345,1.619016606968391,0.6631217632575318,0.5340419677496759,0.14390133947132916,0.06518203161379148,0.766123275710992,0.6622666491630796,0.49405824021963524,0.34619491322137885,1,0,1
2025-11-28 20:00:00,2025,1862,UP,4217.17,4152.1,1.9978781474253207,2025-12-01 20:00:00,15.359999999999673,0.2360534808667549,0.42466362800939916,0.6144023079489619,0.7737846934596251,0.1984648942475617,0.7941909026973173,0.4304004655892448,0.1239686395277704,0.06280864660123302,1,1,1
2025-12-01 01:00:00,2025,1862,UP,4224.11,4152.1,2.2173789760134452,2025-12-01 20:00:00,8.420000000000073,0.11692820441605546,0.11801006476217915,0.6636547189903506,0.5191425923117441,0.13736122818461446,0.48156234672820636,0.12100546194491865,0.025211368623137224,0.015992144421451384,1,1,1
2025-12-01 04:00:00,2025,1862,UP,4255.67,4205.76,1.5321396114931132,2025-12-01 20:00:00,-23.140000000000327,-0.46363454217592454,0.06346923252480775,0.6571401440464913,0.4571033313330534,0.19791739738024752,0.6126620255147432,0.06374595821967192,0.005580801749638395,0.005152598446288025,1,1,1
2025-12-01 08:00:00,2025,1862,UP,4229.81,4205.76,0.7372175383213446,2025-12-01 20:00:00,2.719999999999345,0.11309771309768502,0.006030030421900171,0.43989623000871175,0.06710750044087722,0.02909387191670977,0.06279882663643364,0.006093723943423779,0.000515405849899348,0.00043947424922752883,1,1,1
2025-12-01 12:00:01,2025,1862,UP,4250.14,4215.5,1.062805468409132,2025-12-01 20:00:00,-17.610000000000582,-0.5083718244803815,0.007766696493365622,0.5586105444760084,0.08746018844855463,0.04107146299500452,0.11538314264568755,0.008207422992218624,0.0003900637737771544,0.00027308740450823847,1,1,1
2025-12-01 16:00:00,2025,1862,UP,4247.46,4215.5,0.9826398479548968,2025-12-01 20:00:00,-14.930000000000291,-0.4671464330413102,0.0022170100368131274,0.49172521617273657,0.029309527146366372,0.015339526487722898,0.027953676726320733,0.0024190586241854962,0.00010652183951798171,6.853264781131075e-05,1,1,1
2025-12-01 20:00:00,2025,1863,DOWN,4232.53,4264.48,0.9828048911812853,2025-12-03 04:00:00,17.86999999999989,0.5593114241001562,0.20053564018005304,0.08222155370622083,0.4315572642828591,0.0013144341337040415,0.25184817681630084,0.20144675139057766,0.05254740272845985,0.024929219387948,0,1,0
2025-12-02 01:00:05,2025,1863,DOWN,4232.05,4244.63,0.3881012294503952,2025-12-03 04:00:00,17.390000000000327,1.3823529411765045,0.10000652222263529,0.1193353791760145,0.21628817066484377,0.001044973990795463,0.15107323288425456,0.09587209039962902,0.02544384756036502,0.006465076692179147,0,1,0
2025-12-02 04:00:00,2025,1863,DOWN,4219.43,4244.63,0.7769057556614646,2025-12-03 04:00:00,4.770000000000437,0.189285714285733,0.05376648799118628,0.15274220618065518,0.2726989928662825,0.6594396455572117,0.11225422494347251,0.05488782533573847,0.012036888265791246,0.0037410143694097584,0,1,1
2025-12-02 08:00:00,2025,1863,DOWN,4224.93,4244.63,0.6094270796808711,2025-12-03 04:00:00,10.270000000000437,0.5213197969543417,0.018705956148590355,0.1382390529319073,0.06188953998318151,0.38869795291750286,0.025309601339485246,0.01795386859572704,0.0034153419865875475,0.0009315879977703636,0,1,1
2025-12-02 12:00:00,2025,1863,DOWN,4192.0,4226.22,1.056289806397844,2025-12-02 16:25:00,-34.220000000000255,-1.0,0.01920370721009735,0.21646126609789876,0.07266334749552951,0.46249173584724007,0.08768151281789711,0.019404512127055566,0.0019791025608875312,0.00039077951039277124,0,1,1
2025-12-02 16:00:00,2025,1863,DOWN,4212.38,4226.22,0.4271731076834702,2025-12-02 16:25:00,-13.840000000000146,-1.0,0.0024064912984612394,0.09662565192446895,0.009827720451882885,0.12855065599731583,0.004053429486356871,0.002431643140159253,0.00024362080284677116,4.1080779191875335e-05,0,1,1
2025-12-02 20:00:00,2025,1863,DOWN,4193.79,4230.74,1.1337739479787183,2025-12-03 04:00:00,-20.86999999999989,-0.5648173207036534,0.0022900484774474993,0.1726595889853027,0.006291194143900398,0.14441887489997174,0.008408354436400487,0.002229534299599741,0.00011362931446801006,1.5341440660023232e-05,0,1,1
2025-12-03 01:00:06,2025,1863,DOWN,4208.44,4230.74,0.6846606452123385,2025-12-03 04:00:00,-6.220000000000255,-0.27892376681615266,0.0006649361241960922,0.13040094632488675,0.001659644793751627,0.05536356014270452,0.0022307766065622434,0.0006667129127000595,3.2174299767555465e-05,3.464753779777062e-06,0,1,1
2025-12-03 04:00:00,2025,1864,UP,4214.66,4163.92,1.5616184792532466,2025-12-03 12:00:00,-12.489999999999782,-0.24615687820259827,0.5761646251813736,0.5167494251552002,0.6303037080814575,0.5697880894891804,0.7286321146208807,0.576391904066043,0.46126006758846605,0.3283015710411602,1,1,1
2025-12-03 08:00:00,2025,1864,UP,4207.92,4163.92,1.355793939986195,2025-12-03 12:00:00,-5.75,-0.13068181818181818,0.2906017792261457,0.4139275114877273,0.3221400535457236,0.4249870763501008,0.2278342677804742,0.288905677792766,0.19232691061746862,0.11554367751713288,1,1,1
2025-12-03 12:00:00,2025,1865,DOWN,4202.17,4228.89,0.8258309319339754,2025-12-03 15:52:00,-26.720000000000255,-1.0,0.18579189752134545,0.12927957393997785,0.5674355442826918,0.526532323642271,0.2794942002528262,0.18794484958855004,0.052410201321807307,0.030630165930443706,0,1,1
2025-12-03 16:00:00,2025,1866,UP,4237.28,4194.63,1.3156187644551909,2025-12-04 01:00:02,-33.42999999999938,-0.7838218053927237,0.6656451644092694,0.5616509473821542,0.7361902281108004,0.7761279206219067,0.9091587645548654,0.6618824832225089,0.49837411161032824,0.3293049274886836,1,1,1
2025-12-03 20:00:00,2025,1866,UP,4211.32,4194.63,0.5136764203446278,2025-12-04 01:00:02,-7.469999999999345,-0.4475733972438301,0.18138188504949676,0.39518874139308946,0.2711973938792375,0.467455410832454,0.36724858452121334,0.17741930415627089,0.11931067853382332,0.06619785156208229,1,1,1
2025-12-04 01:00:02,2025,1867,DOWN,4203.85,4241.44,1.159841610794163,2025-12-04 16:00:00,5.3100000000004,0.14126097366322182,0.2158446100428481,0.12722457959950567,0.4882998726682264,0.4920786324076002,0.26045181506293774,0.2141501200167412,0.06580675230031657,0.03996260751793086,0,1,1
2025-12-04 04:00:00,2025,1867,DOWN,4209.24,4241.44,0.996662660969068,2025-12-04 16:00:00,10.699999999999818,0.332298136645959,0.07518264670074666,0.1254895072521283,0.2750035702428634,0.33283864721872547,0.0792935559853623,0.06982449084230621,0.013420172796708213,0.005516985800147527,0,1,1
2025-12-04 08:00:00,2025,1867,DOWN,4181.01,4216.84,1.108620509854069,2025-12-04 16:00:00,-17.529999999999745,-0.48925481440133356,0.07330208942894095,0.20288051953647648,0.29864135069276737,0.4534189724499448,0.22648056405999803,0.07436512046562543,0.00772732058954708,0.0034269835642926107,0,1,1
2025-12-04 12:00:00,2025,1867,DOWN,4199.8,4216.84,0.528028195169379,2025-12-04 16:00:00,1.2600000000002183,0.07394366197184396,0.01223900706258555,0.11595260312016693,0.0608460200475665,0.14886532402215735,0.016341261269097213,0.01194270950179876,0.001270743652286699,0.0005346895136605875,0,1,1
2025-12-04 16:00:00,2025,1868,UP,4198.54,4183.46,0.4681905279934487,2025-12-05 04:00:00,4.5600000000004,0.3023872679045373,0.4355621630195281,0.4518994414463949,0.35379100426447485,0.09500178770853705,0.6249274913975189,0.4267501713007824,0.3191485594342405,0.17610785172527857,0,1,0
2025-12-04 20:00:00,2025,1868,UP,4216.66,4185.41,0.9709373664452561,2025-12-05 04:00:00,-13.55999999999949,-0.4339199999999837,0.3862710105120359,0.5326470651886621,0.40708619847905353,0.5700529246120055,0.6614054203003968,0.39371636155522477,0.2285901170428442,0.12032289519546428,0,1,1
2025-12-05 01:00:00,2025,1868,UP,4208.65,4199.56,0.28312488403464237,2025-12-05 03:07:00,-9.089999999999236,-1.0,0.14749689001079372,0.4376290923124931,0.1226318637694118,0.4177065537597607,0.2546038097024349,0.14261107405563037,0.0687833281511212,0.028337262321776302,0,1,1
2025-12-05 04:00:00,2025,1869,DOWN,4203.1,4219.36,0.507886113533745,2025-12-05 07:28:00,-16.25999999999931,-1.0,0.1937923278215623,0.13329311002583694,0.5880953768542146,0.5549523894418417,0.256487842242955,0.19742843923246783,0.059754326642301174,0.04111436483120283,0,1,1
2025-12-05 08:00:00,2025,1870,UP,4220.7,4194.69,0.8134785086981906,2025-12-05 20:00:00,-3.2899999999999636,-0.1264898116109164,0.5984110840411734,0.5069051763623024,0.6933956955498,0.7026981383465483,0.8186052101715768,0.5995356529227969,0.46945450449480153,0.3235681902808447,1,1,1
2025-12-05 12:00:00,2025,1870,UP,4223.51,4194.69,0.9040433528854818,2025-12-05 20:00:00,-6.100000000000364,-0.21165857043720449,0.32833257808694266,0.4618420217806951,0.35974184955799043,0.47129275413695443,0.4902397717087449,0.33064790661304777,0.2159271142411651,0.12223325045625691,1,1,1
2025-12-05 16:00:00,2025,1870,UP,4234.67,4215.82,0.5926470488401988,2025-12-05 18:11:00,-18.850000000000364,-1.0,0.20892632525902669,0.5008056097823527,0.318560328099588,0.5600042647022696,0.4670852137980537,0.20981896288660495,0.09372339497278186,0.04516391024844986,1,1,1
2025-12-05 20:00:00,2025,1871,DOWN,4217.41,4259.22,1.307937438664779,2025-12-08 08:00:00,0.18999999999959982,0.004544367376216168,0.19310549834751442,0.15797632212141538,0.03685939471345017,0.23639191979492052,0.26221414136037,0.19372576911805242,0.034233715519032225,0.020861768613303813,0,0,0
2025-12-08 01:00:01,2025,1871,DOWN,4199.68,4259.22,1.8641368999773338,2025-12-08 08:00:00,-17.539999999999964,-0.2945918710110845,0.0903034272052001,0.16227607023342838,0.6837136470741854,0.6816815105792698,0.24353696352257834,0.09234807975624866,0.013653086260170214,0.007274193864935722,0,1,1
2025-12-08 04:00:00,2025,1871,DOWN,4201.24,4259.22,1.8202846964726096,2025-12-08 08:00:00,-15.980000000000473,-0.27561228009659094,0.02029671314377452,0.11205375979991021,0.30606337999544847,0.3747745675529123,0.028665407512436514,0.01920783210440402,0.0017210239857289868,0.0006214660972722021,0,1,1
2025-12-08 08:00:00,2025,1872,UP,4217.22,4191.99,0.793920971666155,2025-12-08 16:00:00,-15.490000000000691,-0.6139516448672374,0.658239245900996,0.6059778256131351,0.107506679175313,0.28662204124368007,0.84141559675349,0.6475666556794574,0.4598204946573511,0.2971918935438144,1,0,0
2025-12-08 12:00:00,2025,1872,UP,4208.11,4191.99,0.5086610769916496,2025-12-08 16:00:00,-6.380000000000109,-0.39578163771713104,0.28328752565050047,0.43034714180475026,0.34987404142829537,0.1729430385806544,0.3810670714547148,0.277437715672899,0.17159773318401642,0.07668374147000391,1,1,0
2025-12-08 16:00:00,2025,1873,DOWN,4201.73,4219.04,0.5475723779688907,2025-12-09 04:00:00,5.299999999999272,0.3061813980357683,0.21668040132438388,0.12614846946712735,0.4869648863309414,0.19180520379575292,0.29110724352981354,0.21337613322096396,0.0683905077415774,0.0427463401000527,0,1,1
2025-12-08 20:00:00,2025,1873,DOWN,4194.84,4215.45,0.6515136883853466,2025-12-09 04:00:00,-1.5900000000001455,-0.07714701601165312,0.09159132831526075,0.1714117927463609,0.28751242317984177,0.13268596157882212,0.1499263547827223,0.0896686055291213,0.016913187488998206,0.009715184043193483,0,1,1
2025-12-09 01:00:00,2025,1873,DOWN,4191.41,4215.45,0.7626472882780873,2025-12-09 04:00:00,-5.020000000000437,-0.2088186356073396,0.04719796338075353,0.17477391259671943,0.14510618300030817,0.07553163046485836,0.0693636144814683,0.04749368362369848,0.006988504210722333,0.003519065295384469,0,1,1
2025-12-09 04:00:00,2025,1874,UP,4196.43,4184.24,0.38828947739072694,2025-12-09 07:05:00,-12.19000000000051,-1.0,0.608609392023054,0.5832436256326621,0.039874988509931875,0.03905970606074675,0.7670612852853768,0.6111480829942729,0.4859806310980505,0.3528710614022121,0,0,0
2025-12-09 08:00:00,2025,1875,DOWN,4179.7,4198.72,0.6069971142874814,2025-12-09 11:05:00,-19.020000000000437,-1.0,0.244964514828518,0.15326854672570364,0.06618221944364996,0.05673176180107462,0.3679054050610665,0.2434812641833487,0.07883585503319086,0.05288017326257949,0,1,1
2025-12-09 12:00:00,2025,1876,UP,4203.22,4169.98,1.058636200389102,2025-12-10 12:00:00,-8.8100000000004,-0.2650421179302111,0.6143389678326434,0.6341836125439969,0.007457138847769754,0.01856867044539266,0.8160127042476203,0.6085916485291522,0.4359276129995141,0.32598852052061933,0,0,0
2025-12-09 16:00:00,2025,1876,UP,4201.73,4169.98,1.0145568873496595,2025-12-10 12:00:00,-7.319999999999709,-0.23055118110235304,0.2801785512850048,0.4886237961888607,0.4094538334186113,0.3772427084411083,0.4587280436602294,0.2782960387286796,0.18055363273621902,0.1013077468390443,0,1,1
2025-12-09 20:00:00,2025,1876,UP,4203.19,4189.49,0.43773801652286165,2025-12-10 12:00:00,-8.779999999999745,-0.6408759124087491,0.12160525319474838,0.5237605063808701,0.27732525575857775,0.34121965201301174,0.2926066627870659,0.11901585577649894,0.042031139771428264,0.025808976103926545,0,1,1
2025-12-10 01:00:06,2025,1876,UP,4208.9,4201.27,0.24450820883883392,2025-12-10 10:10:00,-7.6299999999992,-1.0,0.07697122145405345,0.5369987935136163,0.17983832307208794,0.2932871790196813,0.23490206173059566,0.07801807513329953,0.021375203169286507,0.01063437246572938,0,1,1
2025-12-10 04:00:00,2025,1876,UP,4213.87,4201.27,0.40522187104917395,2025-12-10 10:10:00,-12.599999999999454,-1.0,0.041653814786945964,0.5290213210851921,0.11504954596912036,0.2763612381565393,0.17807187916269973,0.043020516943636275,0.00934656649764574,0.0026235377804525364,0,1,1
2025-12-10 08:00:00,2025,1876,UP,4211.5,4201.27,0.3298339152482077,2025-12-10 10:10:00,-10.229999999999563,-1.0,0.018824993322182033,0.46990765290103603,0.042585740201016443,0.154850840931183,0.06611746946183235,0.018978899951618746,0.002995612109998639,0.0005809382366615974,0,1,1
2025-12-10 12:00:00,2025,1877,DOWN,4194.41,4218.73,0.785804094823019,2025-12-10 20:00:00,-5.470000000000255,-0.2249177631579079,0.25116501258478496,0.17688727719445452,0.6836131298465024,0.6451655557404145,0.4272066725367291,0.2500927390335608,0.07767938951861636,0.05559224597181952,0,1,1
2025-12-10 16:00:00,2025,1877,DOWN,4200.66,4218.73,0.5853005500617473,2025-12-10 20:00:00,0.7799999999997453,0.043165467625885884,0.06697990272762015,0.1551651780336772,0.3105070457063381,0.3772729497467378,0.0883294799753299,0.0642716184754923,0.015300136246267113,0.009582962825900395,0,1,1
2025-12-10 20:00:00,2025,1878,UP,4199.88,4188.93,0.3554949902693609,2025-12-10 21:41:00,-10.949999999999818,-1.0,0.5259381091434657,0.4577100819388376,0.1638259908959674,0.31611234170548963,0.5918722178960457,0.5206998628097775,0.3633326809639653,0.2081293527210388,0,0,0
2025-12-11 01:00:01,2025,1878,UP,4228.9,4182.06,1.5136342861070844,2025-12-11 08:00:00,-21.449999999999818,-0.45794192997438443,0.4820197198315257,0.5714104948148339,0.6478996967068247,0.7563136735539245,0.7351035027993755,0.47871725283659294,0.16813500162659356,0.0964618645612912,1,1,1
2025-12-11 04:00:00,2025,1878,UP,4238.52,4182.06,1.826956369224467,2025-12-11 08:00:00,-31.07000000000062,-0.5503010981225752,0.18701897512174814,0.596646778969604,0.4345690474692328,0.67966318375164,0.4841766769123024,0.1832954973180944,0.04237941869984287,0.023913670946958072,1,1,1
2025-12-11 08:00:00,2025,1879,DOWN,4207.45,4247.53,1.2960247032209515,2025-12-11 16:00:00,-13.610000000000582,-0.3395708582834483,0.3316542535058271,0.2186963926989506,0.060668054528694206,0.27996582472819226,0.5949359224216327,0.3335531828375722,0.06819828705928387,0.03654702094890717,0,0,0
2025-12-11 12:00:00,2025,1879,DOWN,4218.44,4247.53,0.9429692470770641,2025-12-11 16:00:00,-2.6200000000008004,-0.09006531454110647,0.05352794362910371,0.11335033895541245,0.4039369943574088,0.39636256693236216,0.06705032064833776,0.05100148549942089,0.009543857473163013,0.004465885910054007,0,1,1
2025-12-11 16:00:00,2025,1880,UP,4221.06,4204.27,0.5452679709543427,2025-12-12 20:00:00,73.31999999999971,4.366885050625364,0.5091358485712569,0.4219297199933202,0.49980931905261067,0.557559753119775,0.6910342774396099,0.5061167627413748,0.37019686344659347,0.21344872189712535,1,1,1
2025-12-11 20:00:00,2025,1880,UP,4278.88,4205.3,2.37539861671219,2025-12-12 20:00:00,15.5,0.21065506931231334,0.48623085196841326,0.7012610091188868,0.7283383125491615,0.8806558439163512,0.897426006432591,0.4876185795248779,0.11149290863898761,0.08476048829440931,1,1,1
2025-12-12 01:00:00,2025,1880,UP,4280.49,4263.05,0.5638409195476056,2025-12-12 18:40:00,-17.4399999999996,-1.0,0.08315576658521674,0.5399484707654296,0.25440981781749533,0.6801547029792553,0.46572218256669407,0.08468660206863146,0.016326862036399256,0.015482381753824579,1,1,1
2025-12-12 04:00:00,2025,1880,UP,4271.17,4263.05,0.26309218895623765,2025-12-12 18:40:00,-8.11999999999989,-1.0,0.020184809458817073,0.4835349672778076,0.05330533299045359,0.37060276211041726,0.09957263340548192,0.019472580262633692,0.002644108885518915,0.0025086653390887508,1,1,1
2025-12-12 08:00:00,2025,1880,UP,4279.27,4264.55,0.47834111009789626,2025-12-12 18:39:00,-14.720000000000255,-1.0,0.01647317398118205,0.5025998991729589,0.05677138025814403,0.39711133837225154,0.12324656715838446,0.01757826513484975,0.0014305700018169693,0.0005262709931964253,1,1,1
2025-12-12 12:00:00,2025,1880,UP,4318.46,4265.95,1.7024195623220064,2025-12-12 18:39:00,-52.51000000000022,-1.0,0.011680331285000413,0.6629876828618881,0.09481265973404762,0.6272335315115607,0.33286779454345533,0.012226252616940686,0.00039603040377153814,0.00016705651015008305,1,1,1
2025-12-12 16:00:00,2025,1880,UP,4341.23,4265.95,2.440358832639203,2025-12-12 18:39:00,-75.27999999999975,-1.0,0.0022017733003805253,0.6043871007639916,0.0208071642483027,0.4245694684538201,0.0867783032084102,0.002346180470075835,4.794195990129318e-05,1.751870668995637e-05,1,1,1
2025-12-12 20:00:00,2025,1881,DOWN,4294.38,4353.43,1.8919550662717795,2025-12-15 04:00:00,-28.31999999999971,-0.4795935647756075,0.20167403929063768,0.15141059796339015,0.0008519765296459617,0.04662354447877038,0.2788233657019115,0.2036025678528289,0.027619120508133425,0.019103929087624736,0,0,0
2025-12-15 01:00:00,2025,1881,DOWN,4300.72,4353.43,1.6935220829369133,2025-12-15 04:00:00,-21.979999999999563,-0.4169986719787431,0.03126442072118612,0.11547282280764738,0.3145553154130231,0.019490085380210596,0.06233684042810316,0.02977448269368597,0.004723016717086,0.0030564095361701013,0,1,0
2025-12-15 04:00:00,2025,1882,UP,4322.7,4288.55,1.097223511095133,2025-12-15 16:00:00,9.449999999999818,0.27672035139092005,0.5406954188605395,0.5269497740266188,0.7748723979347588,0.08202658980406694,0.8519752650225668,0.5430708776595277,0.38651765472774163,0.24109055973553825,1,1,1
2025-12-15 08:00:00,2025,1882,UP,4343.8,4288.55,1.777076987331189,2025-12-15 16:00:00,-11.650000000000546,-0.2108597285067972,0.3308250822265533,0.5287400770588796,0.58543078726934,0.0583892066152236,0.7112900764024007,0.3272423579277112,0.14764494361470765,0.06459598230815902,1,1,1
2025-12-15 12:00:00,2025,1882,UP,4342.73,4288.55,1.747147611500857,2025-12-15 16:00:00,-10.579999999999927,-0.1952750092284985,0.09800558040892629,0.43170675679977444,0.26446434872359015,0.02582993727507278,0.2344988674755971,0.10025861174847976,0.03221287261624545,0.012867153410029567,1,1,1
2025-12-15 16:00:00,2025,1883,DOWN,4332.15,4350.14,0.5815139972460325,2025-12-16 16:00:00,18.849999999999454,1.0478043357420084,0.26327418532313734,0.16571356517803076,0.06066485354430711,0.007352692134580055,0.36306151669818026,0.25939903741138454,0.055115671485535124,0.030164235417068586,0,0,0
2025-12-15 20:00:00,2025,1883,DOWN,4304.55,4348.39,1.4119109321054812,2025-12-16 16:00:00,-8.75,-0.1995894160583935,0.082422781242687,0.16073332081885375,0.6914154066643584,0.7726925605441044,0.20283757677757205,0.08439879126327837,0.01043392298299482,0.005486177425262647,0,1,1
2025-12-16 01:00:01,2025,1883,DOWN,4306.32,4317.66,0.366068145121573,2025-12-16 03:37:00,-11.340000000000146,-1.0,0.02113079691465628,0.10579473631205609,0.37991959481542487,0.5548971524810499,0.0450555619061933,0.021190826843641992,0.0022934782824894965,0.0010820678350399386,0,1,1
2025-12-16 04:00:00,2025,1883,DOWN,4308.83,4348.39,1.279850886714169,2025-12-16 16:00:00,-4.470000000000255,-0.11299292214358467,0.00697625168465635,0.09685807493535674,0.1438216310826332,0.2993920092869056,0.011978970147009872,0.006723368635971647,0.0005022695586532089,0.0001340906353707672,0,1,1
2025-12-16 08:00:00,2025,1883,DOWN,4284.05,4317.91,1.093484158211894,2025-12-16 16:00:00,-29.25,-0.863851151801544,0.006384376306329445,0.14416883363703953,0.12461202017313101,0.34657054941620147,0.02709386270746447,0.006625765160836968,0.0002916767491587487,8.761565421694309e-05,0,1,1
2025-12-16 12:00:00,2025,1883,DOWN,4280.48,4317.91,1.2118741741147054,2025-12-16 16:00:00,-32.82000000000062,-0.8768367619556603,0.0019089871763429713,0.12371804971773474,0.033741182074579,0.15112944501189407,0.007760662269080084,0.0018952495317242422,6.21378076572624e-05,1.3701855890764528e-05,0,1,1
2025-12-16 16:00:00,2025,1884,UP,4313.3,4273.84,1.2756071439337981,2025-12-17 01:00:00,-10.090000000000146,-0.25570197668525435,0.5930418050324443,0.6105148488702169,0.642748455288201,0.024529344608955894,0.9015800664782457,0.5863702889155271,0.38555528675018236,0.213749483938373,0,1,0
2025-12-16 20:00:00,2025,1884,UP,4303.69,4273.84,0.9627397109781446,2025-12-17 01:00:00,-0.47999999999956344,-0.01608040201003592,0.175121504197409,0.5031358179149572,0.2449884599363021,0.35143152927134885,0.39474101803831957,0.18229219978563252,0.1278399159065539,0.09320383012866053,0,1,1
2025-12-17 01:00:00,2025,1885,DOWN,4303.21,4315.85,0.4085530039776509,2025-12-17 03:00:00,-12.640000000000327,-1.0,0.20511547527940882,0.13072677861872706,0.10886315020257488,0.42537816084442376,0.26093344968203513,0.20350697335859558,0.04614614477924288,0.02407485577040541,0,0,0
2025-12-17 04:00:00,2025,1886,UP,4326.89,4296.87,0.9712636381604244,2025-12-17 12:00:00,-10.100000000000364,-0.33644237175217245,0.6388219271322813,0.6184001659531597,0.20617231687077356,0.5349310993645071,0.9026423120050937,0.6360790890245301,0.5344865416133413,0.4015275787536565,0,1,1
2025-12-17 08:00:00,2025,1886,UP,4334.13,4296.87,1.2054252086211292,2025-12-17 12:00:00,-17.340000000000146,-0.4653784219001622,0.3828855517516159,0.548803850622886,0.09347360878785967,0.4982228322236176,0.7285150917407157,0.38027279074275366,0.182637412084293,0.09575496602181235,1,1,1
2025-12-17 12:00:00,2025,1887,DOWN,4316.79,4342.43,0.829800979802803,2025-12-17 15:58:00,-25.640000000000327,-1.0,0.2431305822654187,0.18362986091878597,0.010424502872463628,0.19707270862622636,0.3282430400423501,0.24212963711275629,0.05258101772539548,0.035296452724212855,0,0,0
2025-12-17 16:00:00,2025,1888,UP,4342.28,4306.69,1.1504733799177869,2025-12-18 04:00:00,-10.729999999999563,-0.3014891823545805,0.6149683860872193,0.5284383410602238,0.026683791970109696,0.35083141792583616,0.8374328553814077,0.6126098518032411,0.4645855307388608,0.31201840021928107,1,1,1
2025-12-17 20:00:00,2025,1888,UP,4342.74,4306.69,1.165825836029145,2025-12-18 04:00:00,-11.1899999999996,-0.31040221914007055,0.3185625498746795,0.4887794230266553,0.006844881390992097,0.17879863897943424,0.6548246527491591,0.3079668165313156,0.16459619321141442,0.06941174699613463,1,1,1
2025-12-18 01:00:00,2025,1888,UP,4340.8,4320.1,0.6710237944021844,2025-12-18 04:00:00,-9.25,-0.44685990338164644,0.13284944830465634,0.46501873648001174,0.002810499520134514,0.11251625052763171,0.28105189890434745,0.1349197344331893,0.05807675285143214,0.020094494774503317,1,1,1
2025-12-18 04:00:00,2025,1889,DOWN,4331.55,4346.27,0.47821960050408396,2025-12-18 16:00:00,-4.789999999999964,-0.32540760869564406,0.19463626376712495,0.12887512423145864,0.4968997196508365,0.016268154971810927,0.2769297468413248,0.20101797785534523,0.052928667214087975,0.030940339363881582,0,1,0
2025-12-18 08:00:00,2025,1889,DOWN,4333.33,4346.27,0.42202991956894764,2025-12-18 16:00:00,-3.0100000000002183,-0.23261205564142967,0.09511900469919854,0.1097304328964902,0.26117385545058586,0.02082677652527218,0.08545785745493008,0.08813933621403289,0.017437505655294817,0.0072892843838793225,0,1,0
2025-12-18 12:00:00,2025,1889,DOWN,4323.52,4337.72,0.46428167632271716,2025-12-18 15:41:00,-14.199999999999818,-1.0,0.07609006100689222,0.1561582560722753,0.3038396301219626,0.598100232657054,0.15245675176791296,0.07646654532709414,0.011720300637324627,0.005082697110965013,0,1,1
2025-12-18 16:00:00,2025,1890,UP,4336.34,4306.69,0.9698269221393931,2025-12-19 01:00:00,-2.9000000000005457,-0.09780775716696433,0.6395325753059579,0.5588362481929003,0.04141509268138151,0.4093379529904156,0.7317878799501554,0.6366873563383072,0.4576125164627716,0.33650988971624773,1,0,1
2025-12-18 20:00:00,2025,1890,UP,4333.67,4308.76,0.809601346505947,2025-12-19 01:00:00,-0.23000000000047294,-0.00923323966280507,0.29130924819643644,0.6073333985781115,0.3896192119378849,0.6197037814177215,0.4759020508571308,0.2893469565426432,0.11818698272266347,0.11662996433429972,1,1,1
2025-12-19 01:00:00,2025,1891,DOWN,4333.44,4374.57,1.3397144247709096,2025-12-19 12:00:00,3.8099999999994907,0.09263311451493995,0.14759314366055634,0.12255474347872926,0.402228609074177,0.2986107699725458,0.16909253054022433,0.1435493436263006,0.03435024760083806,0.018096214651642042,0,1,0
2025-12-19 04:00:00,2025,1891,DOWN,4323.32,4374.57,1.670241768440731,2025-12-19 12:00:00,-6.3100000000004,-0.12312195121952,0.06602572319855549,0.12234971441526908,0.4028254203085658,0.6021545949589153,0.0862727609450451,0.06612120518746277,0.011415902867537369,0.005247002761818033,0,1,1
2025-12-19 08:00:00,2025,1891,DOWN,4325.99,4374.57,1.587371801974501,2025-12-19 12:00:00,-3.6400000000003274,-0.07492795389049677,0.02689509210426519,0.09882692576737644,0.12868763037188005,0.3783818822387021,0.021418795279545093,0.025407108241853566,0.0034661659103487354,0.0012157312054646822,0,1,1
2025-12-19 12:00:00,2025,1892,UP,4329.63,4309.18,0.6704070225763997,2025-12-23 20:00:00,143.34000000000015,7.009290953545301,0.4985063692286413,0.46541608933086537,0.5072209456099741,0.17368941600738083,0.6541264409127073,0.49949003975673856,0.3679042364002779,0.21249682064152506,1,1,0
2025-12-19 16:00:00,2025,1892,UP,4328.54,4309.18,0.636516353971956,2025-12-23 20:00:00,144.4300000000003,7.460227272727414,0.3537677058899424,0.4529498080625428,0.42547438365209483,0.5033917273720344,0.4073537846677241,0.3476669259283625,0.21870983708634045,0.1127055951554141,1,1,1
2025-12-19 20:00:00,2025,1892,UP,4353.48,4319.75,1.107799455410037,2025-12-23 20:00:00,119.49000000000069,3.5425437296176177,0.3150584342159951,0.521686027143434,0.3820339116066644,0.6547588762194271,0.5877462258704764,0.3177266027408875,0.11283405754366342,0.03757378834388781,1,1,1
2025-12-22 01:00:00,2025,1892,UP,4340.23,4319.75,0.673922262028801,2025-12-23 20:00:00,132.7400000000007,6.481445312500172,0.07628225808882275,0.45193002338330857,0.05709474668724553,0.2754948001438558,0.10326469191028433,0.07180780977916393,0.026929434523363837,0.0094202998307525,1,1,1
2025-12-22 04:00:00,2025,1892,UP,4383.17,4336.55,1.5295002809728717,2025-12-23 20:00:00,89.80000000000018,1.9262119262119346,0.10220243213439578,0.741648087832623,0.2187511206910817,0.7349790892798399,0.5132528830400089,0.10117374421360391,0.010122787702176648,0.003738498622275697,1,1,1
2025-12-22 08:00:00,2025,1892,UP,4400.36,4336.55,2.0932913020644213,2025-12-23 20:00:00,72.61000000000058,1.1379094185864467,0.016477497853905367,0.6615123265654854,0.0892084891200899,0.6725442884845259,0.2001734709041113,0.01721410379992529,0.0010452289485876143,0.0003282326549056185,1,1,1
2025-12-22 12:00:00,2025,1892,UP,4411.38,4336.55,2.45875235993166,2025-12-23 20:00:00,61.590000000000146,0.8230656153948979,0.003606836098926733,0.5809718412614875,0.018842228138814702,0.46362638558944536,0.03026925653397948,0.0037614196593892956,0.00014040222695157776,4.2001632927378876e-05,1,1,1
2025-12-22 16:00:00,2025,1892,UP,4424.23,4406.07,0.5976906329132072,2025-12-23 20:00:00,48.74000000000069,2.6839207048458746,0.0014165541808502074,0.4977118736211513,0.011764093939559206,0.4278018114887812,0.02803803816424799,0.001513219209277366,4.1849546267742384e-05,1.1127138566933439e-05,1,1,1
2025-12-22 20:00:00,2025,1892,UP,4438.9,4412.03,0.8844009605101023,2025-12-23 20:00:00,34.07000000000062,1.2679568291775496,0.000531317590684003,0.5204149942953116,0.00444331879905645,0.2951514180481502,0.022927673968760155,0.0005754051267704233,9.34728904993408e-06,1.9326865186363396e-06,1,1,1
2025-12-23 01:00:00,2025,1892,UP,4448.1,4428.8,0.6364369129398312,2025-12-23 20:00:00,24.86999999999989,1.2886010362694122,0.00015631297356852514,0.4673681075916388,0.0017566163844886895,0.17285861150676932,0.00793801562581185,0.0001720844508418762,2.0379054766856477e-06,3.7829426263658733e-07,1,1,1
2025-12-23 04:00:00,2025,1892,UP,4486.89,4428.8,1.9097631398155475,2025-12-23 20:00:00,-13.920000000000073,-0.23962816319504282,8.515284041104207e-05,0.5498134151327395,0.0024756454962633592,0.33252564313383687,0.010645262871924983,9.573155302888784e-05,4.926791078045355e-07,8.928449159189993e-08,1,1,1
2025-12-23 08:00:00,2025,1892,UP,4475.21,4428.8,1.5278839504005632,2025-12-23 20:00:00,-2.2399999999997817,-0.04826546003016136,7.517822286794048e-06,0.4117091834081646,0.00014076344807128905,0.04696025742794152,0.0004469385213162299,8.336003617131603e-06,4.608103891776363e-08,9.573978244025515e-09,1,1,1
2025-12-23 12:00:00,2025,1892,UP,4480.67,4469.34,0.37345037682143795,2025-12-23 16:05:00,-11.329999999999927,-1.0,4.781367782358284e-06,0.4502649784183883,7.975249583191753e-05,0.029340686332126716,0.0005126677379787166,5.25223377635805e-06,2.0388003286716425e-08,4.180144055925801e-09,1,1,1
2025-12-23 16:00:00,2025,1892,UP,4479.45,4469.34,0.33362251656638386,2025-12-23 16:05:00,-10.109999999999673,-1.0,1.9418693965045148e-06,0.35539970181879993,3.090223210639367e-05,0.010949455776596027,0.00023000100922037216,2.3157045073107544e-06,7.283898829956561e-09,8.166528993385357e-10,1,1,1
2025-12-23 20:00:00,2025,1893,DOWN,4472.97,4497.35,0.8017122933950085,2025-12-23 22:58:00,-24.38000000000011,-1.0,0.07470488906621744,0.10563489593458368,0.2837439693515436,0.0012883491162225943,0.05269468800741285,0.07381261896897624,0.020958012620188052,0.022508475878686984,0,1,0
2025-12-24 01:00:00,2025,1894,UP,4487.53,4430.45,1.8781415524100395,2025-12-24 08:00:00,0.8500000000003638,0.01489138051857682,0.4532648855855263,0.3465483817587578,0.6552874436362965,0.003615082581779329,0.6530127578657652,0.459405289658072,0.2941871844206677,0.1304497272839179,1,1,1
2025-12-24 04:00:00,2025,1894,UP,4518.87,4483.57,1.1591268371857848,2025-12-24 04:59:00,-35.30000000000018,-1.0,0.39604607443174555,0.5395370277876668,0.6799062479880661,0.007126045673456714,0.781674083758551,0.40361736577150875,0.2683865592315418,0.10378371567894046,1,1,1
2025-12-24 08:00:00,2025,1895,DOWN,4488.38,4525.88,1.2270811956318495,2025-12-26 12:00:00,-24.460000000000036,-0.6522666666666677,0.2345619298647893,0.15524932460519306,0.11847283927626104,0.0009074256850842772,0.22411810994879375,0.23475196820583114,0.04474018136159684,0.03293125646038271,0,0,0
2025-12-24 12:00:00,2025,1895,DOWN,4494.57,4525.88,1.0264885416264804,2025-12-26 12:00:00,-18.270000000000437,-0.5835196422868159,0.04060936235991745,0.11537798524969843,0.3551137479820467,0.00022869565439307473,0.05467296468839513,0.040698150975491225,0.005940020575316355,0.0033910786039756087,0,1,0
2025-12-24 16:00:00,2025,1895,DOWN,4487.94,4499.77,0.38821986903493955,2025-12-26 08:00:00,-11.830000000000837,-1.0,0.027662183862593528,0.09244428861180687,0.2509670602605561,9.506285177801121e-05,0.03288916598997659,0.02820824000095147,0.003744506329856664,0.001273102134365951,0,1,0
2025-12-26 08:00:00,2025,1895,DOWN,4510.0,4525.88,0.5201163243581994,2025-12-26 12:00:00,-2.8400000000001455,-0.1788413098236855,0.012512759355415933,0.12084709082922553,0.11869990045743878,0.43320028828499013,0.01801890266254473,0.012399858238984507,0.0013504924646008775,0.0006983817064646662,0,1,1
2025-12-26 12:00:00,2025,1896,UP,4512.84,4448.3,2.1102759395285062,2025-12-29 04:00:00,-15.650000000000546,-0.24248528044624348,0.49133645732739706,0.530143950050135,0.6856677839249474,0.68635639348112,0.6498966059025021,0.5043932912100952,0.4276515218324268,0.33149401169811976,0,1,1
2025-12-26 16:00:00,2025,1896,UP,4525.37,4502.9,0.7353312304968374,2025-12-29 02:22:00,-22.470000000000255,-1.0,0.28203090276139214,0.5280605964736507,0.41659184448002956,0.6494932403673772,0.5881656178753477,0.28074044052105346,0.1181845587005398,0.06469877758823865,1,1,1
2025-12-26 20:00:00,2025,1896,UP,4519.28,4502.9,0.535097806394792,2025-12-29 02:22:00,-16.38000000000011,-1.0,0.06365848625976335,0.4714627272055224,0.15214204779600923,0.4546230599872369,0.20546309977639296,0.06430178597199687,0.01985335946079222,0.010878766859780682,1,1,1
2025-12-29 01:00:01,2025,1896,UP,4540.13,4509.86,0.9905465771528451,2025-12-29 02:20:00,-30.270000000000437,-1.0,0.051544470748949425,0.5029746581950622,0.13583398898039017,0.49434904836574856,0.23807024951821745,0.05345121227343457,0.008118499854237375,0.0029126305622040297,1,1,1
2025-12-29 04:00:00,2025,1897,DOWN,4497.19,4549.69,1.7034544918500116,2025-12-30 04:00:00,136.7599999999993,2.604952380952368,0.15401085925866062,0.13645373888148984,0.4746738145243012,0.03686435602817916,0.2271126577272865,0.15261400080355308,0.026309648475371594,0.017537831353135674,0,1,0
2025-12-29 08:00:00,2025,1897,DOWN,4506.45,4520.35,0.45156334468403037,2025-12-30 04:00:00,146.01999999999953,10.505035971222576,0.03681242538118781,0.09154915769351835,0.21215285242879897,0.42994271874110096,0.0643411515509138,0.033620573745723255,0.006045652583911492,0.003858758314569223,0,1,1
2025-12-29 12:00:00,2025,1897,DOWN,4472.01,4520.35,1.5605773099777223,2025-12-30 04:00:00,111.57999999999993,2.308233347124526,0.03253527606194924,0.17732738588408198,0.17437280796071483,0.5637917542333104,0.09541199627135405,0.032824355066430444,0.0031378569896617003,0.0025345951517822675,0,1,1
2025-12-29 16:00:00,2025,1897,DOWN,4421.1,4520.35,3.1833722852166346,2025-12-30 04:00:00,60.67000000000007,0.611284634760706,0.013290426008095681,0.20125360748545768,0.10719561456588138,0.612485069718147,0.09139811061326009,0.013088791550203292,0.0004098032615694268,0.0003851901919636083,1,1,1
2025-12-30 04:00:00,2025,1898,UP,4360.43,4323.19,1.1770566223286958,2025-12-30 20:00:00,9.88000000000011,0.2653061224489776,0.6012277761007327,0.5380460600728832,0.00034796628163822333,0.016855348730965093,0.8137130962602168,0.6053846332192236,0.2879678009513967,0.1455114000903391,0,0,0
2025-12-30 08:00:00,2025,1898,UP,4377.89,4323.19,1.7289381228941834,2025-12-30 20:00:00,-7.579999999999927,-0.13857404021937525,0.3031088896105321,0.5160885277046567,0.6980702544900423,0.006944643657920267,0.6673829914648816,0.3073521100666334,0.11424966749846878,0.04623525732787559,0,1,0
2025-12-30 12:00:00,2025,1898,UP,4372.09,4323.19,1.5451899444086223,2025-12-30 20:00:00,-1.7799999999997453,-0.03640081799590441,0.0889587376011227,0.4208327239276235,0.3514576355494905,0.00850975534497308,0.1659187795572502,0.08623590933511813,0.024762850183342205,0.008986624476024302,0,1,0
2025-12-30 16:00:00,2025,1898,UP,4388.6,4350.26,1.2104160898513852,2025-12-30 20:00:00,-18.289999999999964,-0.47704747000521375,0.04705293972706945,0.4676215085753675,0.14213410274862895,0.0078280908731207,0.11889072408908484,0.0470734153141213,0.011243087690129727,0.004653166674058874,0,1,0
2025-12-30 20:00:00,2025,1899,DOWN,4370.31,4404.36,1.0739075090255719,2025-12-31 16:00:00,24.26000000000022,0.7124816446402565,0.20930936489430568,0.0729496279266625,0.043724559745729634,0.004502515388003329,0.22493582726516909,0.2085460024299985,0.03626485175684668,0.017031896104147248,1,0,1
2025-12-31 01:00:05,2025,1899,DOWN,4340.78,4381.7,1.2878164146902653,2025-12-31 16:00:00,-5.270000000000437,-0.12878787878788922,0.15596915062777306,0.17643372102788238,0.6253026257083238,0.013903718594068826,0.4900798197133721,0.15732853256970036,0.03239070396701456,0.007147178949415099,1,1,1
2025-12-31 04:00:00,2025,1899,DOWN,4366.08,4381.7,0.4905005171952162,2025-12-31 16:00:00,20.029999999999745,1.28233034571062,0.017447334687932373,0.11823338923681395,0.1875856779331403,0.0017423954975705307,0.03960527310793598,0.017204875144273695,0.004525279465851719,0.0014048982198454887,1,1,1
2025-12-31 08:00:00,2025,1899,DOWN,4285.79,4373.31,2.7184490696376042,2025-12-31 16:00:00,-60.26000000000022,-0.688528336380255,0.057026202338193596,0.2208525528851361,0.33618446153694503,0.011566359653010014,0.19402647356915487,0.056787822191771455,0.0029572822657621856,0.0005616293673125841,1,1,1
2025-12-31 12:00:00,2025,1899,DOWN,4325.65,4373.31,1.4725419543529896,2025-12-31 16:00:00,-20.400000000000546,-0.4280318925723923,0.0013621876214833873,0.10889829380303286,0.050513109189423915,0.0012654066771429627,0.007078734563287131,0.0014029985112925065,0.00010897147957953437,2.897468983383058e-05,1,1,1
2025-12-31 16:00:00,2025,1900,UP,4346.05,4274.35,2.2104658051358506,2026-01-02 20:00:00,-22.970000000000255,-0.3203626220362666,0.5433522173695974,0.4954243182059829,0.49179467140072397,0.00034992468773022216,0.8175946808012187,0.5348741346087152,0.2842001054447496,0.10224033614626295,0,1,0
2026-01-02 08:00:00,2026,1900,UP,4380.98,4303.03,2.4015931362807774,2026-01-02 20:00:00,-57.899999999999636,-0.7427838357921716,0.15757667709076462,0.4644783686167886,0.2232103936762261,0.0005976627834327404,0.35214889832429097,0.15312487228827695,0.08743932925682876,0.04669684082294861,0,1,0
2026-01-02 12:00:00,2026,1900,UP,4385.67,4317.05,2.0986477346984582,2026-01-02 18:18:00,-68.61999999999989,-1.0,0.21464043966292568,0.5008860296869393,0.4285391671716509,0.7680114223337506,0.37856710517420233,0.22853406146641003,0.08885414125187288,0.04653585903773492,0,1,1
2026-01-02 16:00:00,2026,1900,UP,4366.3,4317.05,1.5042896620564805,2026-01-02 18:18:00,-49.25,-1.0,0.04155646304140353,0.3810718413907124,0.05825741200238249,0.3794635461979544,0.1052934485423151,0.03988898319831599,0.009623770417595422,0.0024971734562081547,0,1,1
2026-01-02 20:00:00,2026,1901,DOWN,4323.08,4402.35,2.4106448210784435,2026-01-05 03:02:00,-79.27000000000044,-1.0,0.48293030998998276,0.32346755641568165,0.6980814939240588,0.7257728305467884,0.8144982164638332,0.481496323359212,0.28319721298499156,0.14597213722214886,1,1,1
2026-01-05 01:00:00,2026,1901,DOWN,4350.83,4402.35,1.5692926828230545,2026-01-05 03:02:00,-51.52000000000044,-1.0,0.1083558065171024,0.2505676639942055,0.2581676946999382,0.4022357306819849,0.1698326108472903,0.10789179213411508,0.04752370039634184,0.020528641588900384,1,1,1
2026-01-05 04:00:00,2026,1902,UP,4402.1,4309.99,2.779097396008989,2026-01-06 12:00:00,44.30999999999949,0.48105526001519067,0.7784813565611345,0.5422369660741301,0.8683013205243361,0.8867980508168379,0.9313231329969399,0.7831311599581428,0.595207683585932,0.40402305755949275,1,1,1
2026-01-05 08:00:00,2026,1902,UP,4412.76,4309.99,3.104620206581043,2026-01-06 12:00:00,33.649999999999636,0.32743018390580414,0.3187492012828163,0.530348992780041,0.569173988955231,0.7185517572592297,0.7046417365857057,0.29924420638558563,0.1698159652267384,0.05601150535631786,1,1,1
2026-01-05 12:00:00,2026,1902,UP,4434.96,4309.99,3.7794313888488005,2026-01-06 12:00:00,11.449999999999818,0.09162198927742495,0.1334621128788868,0.5376855608348955,0.5149640410296565,0.7344627061673851,0.6221091053206731,0.15186298161253703,0.07643383882357359,0.011822760809097157,1,1,1
2026-01-05 16:00:00,2026,1902,UP,4417.07,4309.99,3.2326081789112617,2026-01-06 12:00:00,29.340000000000146,0.2740007471049698,0.02821978456296579,0.4341942312230582,0.0736463934701241,0.2867543186977171,0.16032924388876443,0.025685325928013276,0.0075765738685317175,0.000804521131005648,1,1,1
2026-01-05 20:00:00,2026,1902,UP,4443.68,4396.21,1.4316718932204584,2026-01-06 12:00:00,2.7299999999995634,0.057510006319771406,0.030176878432955526,0.41436997874874354,0.09533420708466851,0.367376603184451,0.23000358952833624,0.034426601064392146,0.007104567202731811,0.0004655609975607477,1,1,1
2026-01-06 01:00:05,2026,1902,UP,4450.12,4432.32,0.5385145577103119,2026-01-06 02:40:00,-17.800000000000182,-1.0,0.012230643364317836,0.3578226733020843,0.034369717173700416,0.2213166702554666,0.106275484321758,0.013173665352460687,0.002097091760489305,9.815904359188209e-05,1,1,1
2026-01-06 04:00:00,2026,1902,UP,4450.83,4396.21,1.6527014012087156,2026-01-06 12:00:00,-4.420000000000073,-0.08092273892347275,0.003560981397298875,0.37055014127096275,0.008669537389279908,0.11056359954796163,0.05065454334581202,0.003586963627150268,0.0004544187283931218,1.5932914799541395e-05,1,1,1
2026-01-06 08:00:00,2026,1902,UP,4452.88,4427.92,0.7562061480658363,2026-01-06 12:00:00,-6.470000000000255,-0.25921474358975344,0.0013380582843126117,0.32755488044510994,0.005729183498812052,0.08252381350835788,0.018239943423835624,0.0017156182701019676,0.00019913196596058294,6.4681763763741235e-06,1,1,1
2026-01-06 12:00:00,2026,1903,DOWN,4446.41,4520.35,2.2408700614648844,2026-01-06 16:00:00,-21.800000000000182,-0.29483364890451763,0.32899035768224594,0.23174896136199089,0.0010589475995132728,0.03057216588240513,0.5605995702587163,0.3256391327713894,0.15003064834500013,0.06066822606982524,0,0,0
2026-01-06 16:00:00,2026,1904,UP,4468.21,4442.52,0.7792543837166979,2026-01-07 04:00:00,-2.649999999999636,-0.1031529778123658,0.636672303234546,0.3924783447710167,0.0010530229659918575,0.033381443245528185,0.7990154051567315,0.617662677007524,0.4262764133661931,0.2711050731539055,1,1,1
2026-01-06 20:00:00,2026,1904,UP,4489.31,4442.52,1.4203783969671304,2026-01-07 04:00:00,-23.75,-0.5075870912588164,0.44927136475223733,0.41536579224602116,0.0007129023815082213,0.03251540294314544,0.7353651711852576,0.4636227441972131,0.2540776869013814,0.10598921444840619,1,1,1
2026-01-07 01:00:00,2026,1904,UP,4495.86,4477.25,0.5661664345493291,2026-01-07 03:06:00,-18.609999999999673,-1.0,0.18605349152249462,0.4523004574087336,0.0002566377877762118,0.01767695917636063,0.5127503015248048,0.19412800808286845,0.08634384548097093,0.02186240820103641,1,1,1
2026-01-07 04:00:00,2026,1905,DOWN,4465.56,4500.43,1.059680770684248,2026-01-08 01:00:00,5.6200000000008,0.16117006022371144,0.5142878323071575,0.27719611079091816,1.893805238646292e-05,0.002899382875058263,0.766327886268964,0.5148656872436845,0.28241413877975,0.14129020909565304,0,0,0
2026-01-07 08:00:00,2026,1905,DOWN,4454.44,4500.43,1.3966557690838477,2026-01-08 01:00:00,-5.5,-0.11959121548162464,0.21702241031589123,0.2378812846270629,0.6091222087718916,0.6242415901155577,0.5096598069692938,0.2073449509700006,0.07793134604617519,0.03061763349787425,0,1,1
2026-01-07 12:00:00,2026,1905,DOWN,4463.35,4500.43,1.1259546623955008,2026-01-08 01:00:00,3.410000000000764,0.0919633225458676,0.05102641953807409,0.2145314408652097,0.24914208020426604,0.35683720479788494,0.13953412161641882,0.04915318098314653,0.01497004511217129,0.007636010678644546,0,1,1
2026-01-07 16:00:00,2026,1905,DOWN,4452.83,4474.97,0.6714949299041698,2026-01-08 01:00:00,-7.109999999999673,-0.3211382113820943,0.02623677099699522,0.20906243045232148,0.1905525213134759,0.3907769928149519,0.10915997088656779,0.02792034293176701,0.006708053586721385,0.002639254246493853,0,1,1
2026-01-07 20:00:00,2026,1905,DOWN,4451.68,4474.97,0.7049663877928004,2026-01-08 01:00:00,-8.259999999999309,-0.3546586517818515,0.009433844212046206,0.18795701034487733,0.045828016631470736,0.21181904760184872,0.04451051113855029,0.00938844912349568,0.0016120493172546038,0.0005099970211169713,0,1,1
2026-01-08 01:00:00,2026,1906,UP,4459.94,4445.35,0.44287578140297806,2026-01-08 03:00:00,-14.589999999999236,-1.0,0.6136942649467926,0.38369409155479184,0.02879302401904687,0.17113936492390963,0.6951643507834104,0.5747370022128149,0.39937893021434406,0.28016915578613677,0,0,0
2026-01-08 04:00:00,2026,1907,DOWN,4448.45,4468.33,0.6043078020462652,2026-01-08 20:00:00,-14.980000000000473,-0.753521126760583,0.4035101472160385,0.21145100085282537,0.33602131527458523,0.12076201482579621,0.5201222151795319,0.37795487105814035,0.1785287728093351,0.11085775314024222,0,0,1
2026-01-08 08:00:00,2026,1907,DOWN,4425.51,4466.33,1.2406082833315857,2026-01-08 20:00:00,-37.92000000000007,-0.9289563939245552,0.24386336675392745,0.2625339381482465,0.6766146267295203,0.21178955845585937,0.5922474540864244,0.2642749871253721,0.11278400836926186,0.06780738254872311,1,1,1
2026-01-08 12:00:00,2026,1907,DOWN,4432.63,4439.65,0.2136836209831219,2026-01-08 17:05:00,-7.019999999999527,-1.0,0.07777087401635556,0.18594041779930684,0.25824960153214177,0.07337101457989355,0.14413035729131202,0.07263827097018372,0.017966358373731003,0.00970086523662129,1,1,1
2026-01-08 16:00:00,2026,1907,DOWN,4423.75,4439.65,0.48435468187604436,2026-01-08 17:05:00,-15.899999999999636,-1.0,0.03552765669587774,0.19282415838481534,0.1393282558778628,0.057306761239652754,0.11210813617919935,0.03469780917247956,0.006699372682981254,0.00266515068501915,1,1,1
2026-01-08 20:00:00,2026,1908,UP,4463.43,4407.65,1.6952644360867402,2026-01-09 08:00:00,4.670000000000073,0.08372176407314481,0.7268229127137298,0.461557544628935,0.6690874335833469,0.6648515753961364,0.9061396340844472,0.7172903984700575,0.5402982555679819,0.37229434924816596,0,1,1
2026-01-09 01:00:00,2026,1908,UP,4480.8,4444.6,1.0998057855153753,2026-01-09 08:00:00,-12.699999999999818,-0.3508287292817647,0.404818460907752,0.49332133699452485,0.48255615514149813,0.6382232527050994,0.7852096327671862,0.3719028171066754,0.22970002991863128,0.10163950479144303,0,1,1
2026-01-09 04:00:00,2026,1908,UP,4469.04,4444.6,0.7427709108063901,2026-01-09 08:00:00,-0.9399999999995998,-0.03846153846152272,0.12890295969554805,0.39954058535128045,0.12865759827091094,0.333100398141261,0.2927179616150709,0.11800264648327086,0.046385518268951466,0.014499317390355261,0,1,1
2026-01-09 08:00:00,2026,1909,DOWN,4468.1,4483.83,0.47925385522357167,2026-01-09 12:00:00,-3.2899999999999636,-0.20915448188175811,0.3929754818006454,0.24960770768206225,0.07194791220920035,0.28349222545860214,0.5371607191415567,0.3537792987865147,0.165803209201965,0.08963005616024235,1,0,0
2026-01-09 12:00:00,2026,1910,UP,4471.39,4458.24,0.40196640254431343,2026-01-13 01:00:01,129.60999999999967,9.856273764258122,0.5204965712271487,0.35268996220075705,0.042561333493323694,0.2215304313455434,0.6337197524188662,0.5122506996815638,0.36032212632182614,0.3112184978902308,0,1,1
2026-01-09 16:00:00,2026,1910,UP,4482.96,4458.24,0.7556413701563739,2026-01-13 01:00:01,118.03999999999996,4.775080906148816,0.3857502259359464,0.41103774045078195,0.021916754319247726,0.18967827635731022,0.6187973851148643,0.37658628015422657,0.1623437483796448,0.0942108398908295,0,1,1
2026-01-09 20:00:00,2026,1910,UP,4484.78,4459.12,0.7836664909441127,2026-01-13 01:00:01,116.22000000000025,4.529228371005492,0.1712402827283163,0.45017423373047455,0.010191549536096077,0.176949621463503,0.34743851085996513,0.18330275070652277,0.05834986714607444,0.04009142429337871,1,1,1
2026-01-12 01:00:00,2026,1910,UP,4511.91,4482.09,0.9113877296903184,2026-01-13 01:00:01,89.09000000000015,2.9875922199866203,0.16215901006633435,0.5009674437246929,0.007907875974653663,0.18111062339851058,0.4696979174145754,0.15632283949280312,0.02913361185425207,0.008924501168987513,1,1,1
2026-01-12 04:00:00,2026,1910,UP,4570.25,4482.09,2.66760765506136,2026-01-13 01:00:01,30.75,0.3487976406533581,0.08031774893280921,0.5804589531106552,0.012763490509175253,0.4454942365658224,0.45013508867058766,0.08230271005124326,0.008756957541111113,0.002456464019525033,1,1,1
2026-01-12 08:00:00,2026,1910,UP,4580.93,4482.09,2.995654553202944,2026-01-13 01:00:01,20.06999999999971,0.20305544314042573,0.0160941403716948,0.5345897591139884,0.002267935010928454,0.15443285719762406,0.16335271766871154,0.014667523906275754,0.001505856608638721,0.0002049615373610204,1,1,1
2026-01-12 12:00:00,2026,1910,UP,4589.31,4482.09,3.2515388244566648,2026-01-13 01:00:01,11.6899999999996,0.10902816638686413,0.004965000647097168,0.49015717017624066,0.0009556229421333958,0.08747820256809107,0.09983193293504873,0.005060178147074654,0.0005645690645206629,4.059527862492593e-05,1,1,1
2026-01-12 20:00:00,2026,1910,UP,4616.57,4578.43,1.1525698516722285,2026-01-13 01:00:01,-15.569999999999709,-0.4082328264289446,0.0012194199419629508,0.41300388235817903,0.00010678335560883136,0.019635468980317084,0.03402241465137349,0.0012043849542261477,5.338294077054751e-05,1.2220817860560974e-06,1,1,1
2026-01-13 01:00:01,2026,1911,DOWN,4601.0,4630.11,0.8802100440834059,2026-01-13 16:00:00,-10.600000000000364,-0.36413603572657105,0.38479389490953575,0.202279132445265,1.2529849775771233e-05,0.003927317596182665,0.5156636827207312,0.39281558426878604,0.1787130851573436,0.09217967526873273,0,0,0
2026-01-13 04:00:00,2026,1911,DOWN,4577.62,4630.11,1.5873390138397112,2026-01-13 16:00:00,-33.98000000000047,-0.647361402171854,0.16433983507990632,0.23084343468397636,0.5284898758865222,0.000928886858756871,0.3804072806449539,0.1754967241747492,0.05322005964666856,0.013913045284308204,0,1,0
2026-01-13 08:00:00,2026,1911,DOWN,4592.01,4630.11,1.1536796638246722,2026-01-13 16:00:00,-19.590000000000146,-0.5141732283464678,0.0326387541040425,0.1795669206982839,0.2061158487581385,0.0010204830282998772,0.0866823696556674,0.029314591212823163,0.007596185093625622,0.00202293585460043,0,1,0
2026-01-13 12:00:00,2026,1911,DOWN,4586.13,4602.0,0.4813253507430852,2026-01-13 15:12:00,-15.86999999999989,-1.0,0.016678222248122612,0.1620643298122729,0.12873828245405483,0.0005579208540457562,0.0567849930362714,0.017240881846012166,0.0035058634055925094,0.0007113414042678371,0,1,0
2026-01-13 16:00:00,2026,1912,UP,4611.6,4573.76,1.14571354338095,2026-01-13 22:34:00,-37.840000000000146,-1.0,0.7021317480993653,0.44607442045285695,0.7279333550730458,0.0013124062925790713,0.865112007588511,0.6944073399566512,0.5216952169425925,0.3386482170478308,1,1,1
2026-01-13 20:00:00,2026,1912,UP,4590.52,4577.79,0.38448217879496227,2026-01-13 22:33:00,-12.730000000000473,-1.0,0.24008655754267236,0.49051809043873273,0.3173640605343748,0.00033826195370675904,0.44081372955319686,0.2440762543957217,0.1328352388526311,0.06045150047168411,1,1,1
2026-01-14 01:00:01,2026,1913,DOWN,4588.43,4634.53,1.3925985813643973,2026-01-14 04:00:00,-31.049999999999272,-0.673535791757042,0.24580688595251052,0.1707417869557607,0.5605171691961723,0.5656912098609642,0.4106121697345862,0.2527478198782802,0.12873014839887778,0.06070345809912697,0,1,1
2026-01-14 04:00:00,2026,1914,UP,4619.48,4569.86,1.4988317733819239,2026-01-14 20:00:00,-5.619999999999891,-0.11326078194276307,0.6981436391601923,0.4236761244845429,0.7398308449076265,0.7291498782340754,0.9054757746556599,0.7056790335730168,0.5786098642169322,0.3602868935557738,0,1,1
2026-01-14 08:00:00,2026,1914,UP,4619.69,4569.86,1.5068986241603761,2026-01-14 20:00:00,-5.829999999999927,-0.11699779249447995,0.3168608783918045,0.5464457019029443,0.49620585630058567,0.6401013751717606,0.6681914599546038,0.3403883778271177,0.22333201258396276,0.09561809546460763,1,1,1
2026-01-14 12:00:00,2026,1914,UP,4630.66,4569.86,1.842276207280553,2026-01-14 20:00:00,-16.800000000000182,-0.2763157894736864,0.1707678140407745,0.5335228672714719,0.24162963746643,0.4927152880842657,0.4704468523728382,0.16535409532663653,0.06359119517263453,0.01727252236156419,1,1,1
2026-01-14 16:00:00,2026,1914,UP,4636.04,4569.86,2.0107947783766367,2026-01-14 20:00:00,-22.18000000000029,-0.3351465699607161,0.07152390665328796,0.5268947534293326,0.13037096806328652,0.3959773347963856,0.39340967686496325,0.07267264286580709,0.024551037984618822,0.004510313213445278,1,1,1
2026-01-14 20:00:00,2026,1915,DOWN,4613.86,4641.76,0.8467714183174806,2026-01-14 21:02:00,-27.900000000000546,-1.0,0.37462936750690046,0.22693989978167167,0.5444203061050138,0.10132549744423554,0.5994853707142658,0.3803890301664954,0.18425774076899878,0.08042508642520163,0,1,0
2026-01-15 01:00:00,2026,1916,UP,4630.8,4599.48,0.9510292130494633,2026-01-15 03:24:00,-31.32000000000062,-1.0,0.6110927648290305,0.4443276588052722,0.22720835875757409,0.12493811189996641,0.6993070783557687,0.6190425039129106,0.44483393703332463,0.42161442189588355,1,0,1
2026-01-15 04:00:00,2026,1917,DOWN,4599.98,4642.89,1.2994059429732963,2026-01-15 12:00:00,-12.780000000000655,-0.29783267303659816,0.37774569048227735,0.22546436708142586,0.2450523891130427,0.6392786959564369,0.6142730507742821,0.3825166887501018,0.19054489640701952,0.1149222869209858,0,1,1
2026-01-15 08:00:00,2026,1917,DOWN,4595.27,4642.89,1.44191170716403,2026-01-15 12:00:00,-17.48999999999978,-0.3672826543469093,0.1344668532091931,0.24584541656716716,0.07613437820019009,0.44959149312644103,0.31940908579355903,0.12698629993123461,0.049142682057915825,0.01981048126470157,0,1,1
2026-01-15 12:00:00,2026,1918,UP,4612.76,4581.09,0.9610799394822866,2026-01-15 16:00:00,-24.5,-0.7736027786548767,0.7028290656514681,0.5073019509565059,0.01592551457298655,0.22390603401338338,0.8512542745218026,0.7139162754832644,0.5533968153865617,0.427696571441006,1,0,0
2026-01-15 16:00:00,2026,1919,DOWN,4588.26,4623.1,1.0558891217607538,2026-01-15 18:11:00,-34.840000000000146,-1.0,0.37317378156882486,0.2212377535684622,0.0222240804818814,0.3197164722099078,0.6337001034475426,0.35874663225759795,0.16544694501432058,0.09233283086694505,0,1,1
2026-01-15 20:00:00,2026,1920,UP,4616.69,4582.34,1.0395380754194001,2026-01-16 04:00:00,-16.149999999999636,-0.47016011644832295,0.7203320262665108,0.5306965836625988,0.0035843458699946055,0.13425197862453098,0.8509029188570536,0.7212158938247782,0.5228862179869395,0.4496658631692779,1,0,0
2026-01-16 01:00:00,2026,1920,UP,4617.1,4582.34,1.0541247139897802,2026-01-16 04:00:00,-16.5600000000004,-0.4764096662830925,0.3903817019433109,0.45282717624492386,0.5177156153314375,0.5588594777757674,0.6487054025279014,0.3909440215271771,0.2032477220696876,0.14080479892577133,1,1,1
2026-01-16 04:00:00,2026,1921,DOWN,4600.54,4620.8,0.6150208221998499,2026-01-19 01:00:01,-28.56999999999971,-1.4101678183612736,0.3457513358688213,0.20420039907245602,0.5895426021001872,0.5741452922756578,0.5956673379703626,0.35410985806710227,0.18107098440128055,0.10361140497017632,0,1,1
2026-01-16 08:00:00,2026,1921,DOWN,4611.41,4620.8,0.2854265593617997,2026-01-19 01:00:01,-17.699999999999818,-1.8849840255590202,0.12608280084378873,0.1620108059325568,0.2379751315373896,0.32735853142703175,0.17794703768294878,0.1281326974781762,0.04245400659841439,0.022861007358742136,0,1,1
2026-01-16 12:00:00,2026,1921,DOWN,4600.7,4616.24,0.47355147342790543,2026-01-16 17:05:00,-15.539999999999964,-1.0,0.0807941936265551,0.18148694708068802,0.176068200029381,0.33323723919812825,0.18338022569766646,0.08185457680893526,0.02004635472734105,0.007475393163607435,0,1,1
2026-01-16 16:00:00,2026,1921,DOWN,4601.89,4615.93,0.4277887037312377,2026-01-16 17:05:00,-14.039999999999964,-1.0,0.028777037909851748,0.17251000573612704,0.0847604625505704,0.2772929052033349,0.09476144816308509,0.0285753507777244,0.005936533815779583,0.0019620148311044537,0,1,1
2026-01-16 20:00:00,2026,1921,DOWN,4581.36,4620.15,1.1718424629975441,2026-01-19 01:00:01,-47.75,-1.2309873678783203,0.01730335166125955,0.24147977575468305,0.03771815980698766,0.2736711809959964,0.09256275939193243,0.01726936807646015,0.002320390116254592,0.001256733402839323,1,1,1
2026-01-19 01:00:01,2026,1922,UP,4629.11,4536.61,2.8013524566268297,2026-01-20 04:00:00,40.590000000000146,0.43881081081081236,0.5720502559929513,0.4590555683327221,0.007639277515997674,0.11706856503262046,0.7621136442627344,0.5679453002044791,0.4181598315433648,0.25319196787537396,0,0,0
2026-01-19 04:00:00,2026,1922,UP,4657.33,4536.61,3.618917207540042,2026-01-20 04:00:00,12.36999999999989,0.10246852220013142,0.36405011831021034,0.616817471944601,0.8422333186224019,0.8652288417843833,0.6979480461148636,0.40386247969180605,0.23453345592449845,0.19808106745350082,1,1,1
2026-01-19 08:00:00,2026,1922,UP,4670.2,4653.19,0.5109531766846517,2026-01-20 04:00:00,-0.5,-0.029394473838917905,0.26399553650070773,0.5087368430877132,0.5833936346503135,0.7415236538389496,0.5728502952166817,0.24949969945897676,0.08568384076404853,0.024100255602967656,1,1,1
2026-01-19 12:00:00,2026,1922,UP,4668.65,4653.19,0.4656159657501372,2026-01-20 04:00:00,1.050000000000182,0.06791720569212027,0.0740100611535524,0.4193989520033516,0.24885867218050212,0.5349502801766829,0.2794971539555457,0.07406717434371744,0.021929422799741725,0.0033498618304425025,1,1,1
2026-01-19 16:00:00,2026,1922,UP,4666.31,4659.73,0.19880936445045874,2026-01-20 02:29:00,-6.580000000000837,-1.0,0.03041469146514827,0.3904684348607997,0.1176175119866053,0.35745905808914913,0.16030533296870955,0.031524191582971484,0.006527410531847275,0.0006074447549005546,1,1,1
2026-01-19 20:00:00,2026,1922,UP,4676.4,4659.73,0.5050121844465072,2026-01-20 02:29:00,-16.670000000000073,-1.0,0.014232808037077861,0.4149297459913569,0.06848657523472246,0.28623383537446023,0.19103173586727154,0.015290312321677126,0.002998990767564801,0.00020664692298522758,1,1,1
2026-01-20 01:00:00,2026,1922,UP,4672.69,4659.73,0.39400216050377035,2026-01-20 02:29:00,-12.960000000000036,-1.0,0.003924451883771008,0.3358751569030733,0.013121742224908148,0.11913224805111655,0.032476819296975025,0.004205993188910959,0.0005533017944155476,4.0817214649288286e-05,1,1,1
2026-01-20 04:00:00,2026,1923,DOWN,4669.7,4680.25,0.3215762692411201,2026-01-20 05:51:00,-10.550000000000182,-1.0,0.2516580461208807,0.1667685088694804,0.39678597706058416,0.059111498372088705,0.3657424243897838,0.2439594755843589,0.1079260329269973,0.05523221455693961,0,1,0
2026-01-20 08:00:00,2026,1924,UP,4714.73,4659.5,1.678253156634801,2026-01-21 20:00:00,111.38000000000011,2.0166576136158065,0.7404759304966584,0.4835965086673224,0.8369844902350231,0.19344926287627398,0.9247157353586346,0.7282829012744219,0.5717368519549878,0.40022882598901427,1,1,1
2026-01-20 12:00:00,2026,1924,UP,4732.66,4659.5,2.223467864291909,2026-01-21 20:00:00,93.44999999999982,1.277337342810279,0.4126328290700963,0.5723887054048439,0.7205164365812855,0.1443514726304978,0.8202496486296448,0.44766411609018875,0.3414193527635896,0.134627009912744,1,1,1
2026-01-20 16:00:00,2026,1924,UP,4737.38,4659.5,2.370938017853823,2026-01-21 20:00:00,88.72999999999956,1.139316897791467,0.15026539764971134,0.5167910036417166,0.29636471397446335,0.04416843948062551,0.5190515957634506,0.13577576065558955,0.06361147607891575,0.014409737272506072,1,1,1
2026-01-20 20:00:00,2026,1924,UP,4759.22,4715.52,1.3287209711936174,2026-01-21 20:00:00,66.88999999999942,1.5306636155606337,0.0882972765198043,0.46349112763483713,0.24492255155820505,0.048896023101544894,0.4715895868072391,0.09504805787636462,0.03351844567013641,0.005481480031216358,1,1,1
2026-01-21 01:00:01,2026,1924,UP,4763.42,4715.52,1.4598490603106888,2026-01-21 20:00:00,62.6899999999996,1.3087682672233836,0.029273690165475836,0.44438429269549284,0.08349184050728244,0.019009453786009267,0.21918663669566005,0.03055760683456166,0.008752875794978309,0.0009283396937838829,1,1,1
2026-01-21 04:00:00,2026,1924,UP,4835.67,4747.37,2.6668642425609845,2026-01-21 20:00:00,-9.5600000000004,-0.10826727066818098,0.03129608756521597,0.5478996363021856,0.16586138204461054,0.07351073395473949,0.451546757254636,0.03125328487235935,0.005214262362312862,0.0004407237120817739,1,1,1
2026-01-21 08:00:00,2026,1924,UP,4870.17,4747.37,3.691525553083006,2026-01-21 20:00:00,-44.0600000000004,-0.3587947882736184,0.006741424479815445,0.5474974004094498,0.08299304179092548,0.04393064704748603,0.22338294623832203,0.00676664105299033,0.0013385284008880281,6.614528408383115e-05,1,1,1
2026-01-21 12:00:00,2026,1924,UP,4860.56,4832.54,0.8391213276249923,2026-01-21 17:19:00,-28.020000000000437,-1.0,0.0013597804332016474,0.3456771043501037,0.010175189784937226,0.0070218619731394144,0.025465847959688013,0.0014636212446158274,0.000197848490067955,5.5010039176113884e-06,1,1,1
2026-01-21 16:00:00,2026,1924,UP,4879.56,4832.54,1.4100804011051287,2026-01-21 17:19:00,-47.02000000000044,-1.0,0.0009292023728550762,0.3910291606206457,0.004740745187875938,0.00356797830490452,0.03757382091914643,0.0010193360574734546,9.273363550765169e-05,1.0053496568470912e-06,1,1,1
2026-01-21 20:00:00,2026,1925,DOWN,4826.11,4880.88,1.6302710394114772,2026-01-22 12:00:00,2.759999999999309,0.0503925506664102,0.5049762717954089,0.25867746366177313,0.5216018882739453,0.00017110201002508145,0.7008733306885622,0.5224926142695304,0.2002493314893633,0.08624824308179704,0,1,0
2026-01-22 01:00:00,2026,1925,DOWN,4835.46,4853.9,0.5430779612483457,2026-01-22 12:00:00,12.109999999999673,0.6567245119305822,0.1287246502782095,0.1885671489320022,0.25960630291288156,0.5534332913760256,0.19309812395743625,0.12334377450392708,0.037196551770366286,0.021731047341103676,0,1,1
2026-01-22 04:00:00,2026,1925,DOWN,4797.75,4853.9,1.6458646798699657,2026-01-22 12:00:00,-25.600000000000364,-0.45592163846839767,0.07667757657568582,0.1916186366890795,0.17674700280538982,0.5640738053706199,0.2178823060491696,0.08277213722036961,0.01509951263252692,0.004403222343672807,0,1,1
2026-01-22 08:00:00,2026,1925,DOWN,4821.31,4853.9,0.9533189844109062,2026-01-22 12:00:00,-2.0399999999999636,-0.06259588830929769,0.011167682233882346,0.1316027426163084,0.03724949830945886,0.3026992386311722,0.029367871049212353,0.012804743581823434,0.0024827773959137287,0.00043752724203414354,0,1,1
2026-01-22 12:00:00,2026,1926,UP,4823.35,4772.49,1.490166776475636,2026-01-23 12:00:00,95.42000000000007,1.8761305544632123,0.5168392944391399,0.44505881173112655,0.5958271988454016,0.5941181804859021,0.7031623217910107,0.5193863753222241,0.39878527577427897,0.3225489578297928,1,1,1
2026-01-22 16:00:00,2026,1926,UP,4822.16,4772.49,1.457343051584295,2026-01-23 12:00:00,96.61000000000058,1.945037245822437,0.2918669623201078,0.42471704184866976,0.34292234803631527,0.4348511317550602,0.4318063067153485,0.2720095342641443,0.13429162232894362,0.08562118679433418,1,1,1
2026-01-22 20:00:00,2026,1926,UP,4904.68,4810.73,2.733501563267627,2026-01-23 12:00:00,14.090000000000146,0.14997339010111801,0.46068189166790674,0.5852388398811406,0.5688758463192664,0.8278166681436915,0.8439045015860264,0.4369525547947424,0.12879317231426854,0.057516529259601025,1,1,1
2026-01-23 01:00:00,2026,1926,UP,4937.53,4810.73,3.686248555495784,2026-01-23 12:00:00,-18.75999999999931,-0.14794952681387447,0.12618409469761085,0.5624254626642642,0.4158874810206613,0.7881739614945886,0.5211481106766412,0.12465325110744394,0.03619031894287278,0.01038406966332745,1,1,1
2026-01-23 12:00:00,2026,1927,DOWN,4918.77,4967.39,1.407536510728129,2026-01-23 18:09:00,-48.61999999999989,-1.0,0.48151993997464526,0.25499631003191453,0.002860681879073192,0.05389618534382566,0.6852553636172614,0.49204826761991605,0.22289145127815138,0.11608220431295642,0,0,0
2026-01-23 16:00:00,2026,1927,DOWN,4939.0,4967.39,0.8216919299625141,2026-01-23 18:09:00,-28.390000000000327,-1.0,0.09337133340065737,0.19990114660605593,0.24154563367325751,0.05276569581321535,0.16358097183807585,0.09032446280984277,0.027477516862400592,0.010055584982286777,0,1,0
2026-01-23 20:00:00,2026,1928,UP,4965.73,4899.7,1.9047669514762242,2026-01-26 16:00:00,103.0,1.559897016507654,0.6033054836427689,0.48150797587281685,0.8085989079069764,0.08869993063092313,0.8124788879360261,0.628740176537859,0.47510902480167766,0.3566487985129432,1,1,1
2026-01-26 01:00:01,2026,1928,UP,5010.33,4958.35,1.5002133794038721,2026-01-26 16:00:00,58.399999999999636,1.1235090419392098,0.42552985705698987,0.4443634561160054,0.5832883751737306,0.0453771267796803,0.6779712074162474,0.4108450021890097,0.21266332946049626,0.11152959681225195,1,1,1
2026-01-26 04:00:00,2026,1928,UP,5071.15,4958.35,3.223126041204452,2026-01-26 16:00:00,-2.4200000000000728,-0.021453900709220642,0.3810822154306556,0.5524915187018714,0.7622234554353724,0.164210886153866,0.7675274312785493,0.38329800121273694,0.14377091937039407,0.05769142719546104,1,1,1
2026-01-26 08:00:00,2026,1928,UP,5074.63,4958.35,3.319531385930577,2026-01-26 16:00:00,-5.900000000000546,-0.05073959408325214,0.05382876803590359,0.4331300390271228,0.2314255728177149,0.029199792067400594,0.239842255287357,0.04761416645592984,0.01435503292628356,0.0033038853250606528,1,1,1
2026-01-26 12:00:00,2026,1928,UP,5084.79,5052.23,0.9279116913905308,2026-01-26 16:00:00,-16.0600000000004,-0.4932432432432495,0.027848721313974336,0.34383687301150484,0.1386715255082115,0.015589819624231345,0.15839175624759838,0.0303216264918457,0.006571586882488055,0.0006534775778246114,1,1,1
2026-01-26 16:00:00,2026,1929,DOWN,5068.73,5098.48,0.8468587270221601,2026-01-26 18:03:00,-29.75,-1.0,0.388302899481389,0.23181548689729958,0.01318059688618339,0.0022895520110639504,0.6266865418290044,0.3836179147847381,0.18354258478460167,0.09391201549590572,0,0,0
2026-01-26 20:00:00,2026,1930,UP,5101.24,5054.59,1.3255541994122941,2026-01-26 21:02:00,-46.649999999999636,-1.0,0.6534287703301971,0.4063574372992475,0.016861030248418864,0.002575610277978592,0.8189304063812307,0.6495845973964434,0.4370545076188227,0.261998939272811,1,1,1
2026-01-27 01:00:01,2026,1931,DOWN,5013.37,5104.94,2.5702672879281505,2026-01-27 08:00:00,-69.77999999999975,-0.7620399694222996,0.6278503281150403,0.30333939099037477,0.683995183541355,0.757983483229287,0.7924844439994085,0.6078820605440086,0.22507651982386154,0.13970193456289876,0,1,1
2026-01-27 04:00:00,2026,1931,DOWN,5060.06,5104.94,1.2534874490734353,2026-01-27 08:00:00,-23.089999999999236,-0.5144830659536463,0.06953745105823468,0.19423337987092826,0.18076183023703005,0.5324638019064308,0.17033236674095834,0.06425187416594073,0.025777596423906226,0.011222614074909607,0,1,0
2026-01-27 08:00:00,2026,1932,UP,5083.15,4989.9,2.6044069541708548,2026-01-27 16:00:00,-5.569999999999709,-0.05973190348525157,0.6523553698069857,0.5173834640980008,0.6825579033128207,0.6780132481481984,0.8760914818451965,0.6417585200648629,0.4773784573924848,0.32675715519908,1,1,1
2026-01-27 12:00:00,2026,1932,UP,5098.44,5057.19,1.1536237410606767,2026-01-27 16:00:00,-20.859999999999673,-0.5056969696969618,0.4605702978695713,0.4631239546469165,0.544635813738825,0.6379997435663904,0.7438076962207831,0.45318748211315935,0.2610474915493125,0.12482890420952757,1,1,1
2026-01-27 16:00:00,2026,1933,DOWN,5077.58,5100.61,0.6444948916071376,2026-01-27 18:18:00,-23.029999999999745,-1.0,0.3943295530292802,0.22082491423353734,0.1651339418620482,0.3314667249549573,0.5440864799148132,0.3901220407179683,0.17066186555856822,0.08755064935341623,0,0,0
2026-01-27 20:00:00,2026,1933,DOWN,5081.27,5104.94,0.660287848078838,2026-01-27 22:03:00,-23.669999999999163,-1.0,0.12366863217646452,0.1816212129610814,0.33937719854709303,0.19310061032321266,0.2382824957239148,0.130196869148053,0.0387312581379901,0.01655268602130843,0,1,0
2026-01-28 01:00:03,2026,1934,UP,5181.1,5076.39,2.885950020823826,2026-01-29 16:00:00,329.4499999999998,3.146308853022631,0.8418013402712289,0.5847503749944044,0.9303929159702579,0.770681950417748,0.9633410443849344,0.8226361737557015,0.6287942403992755,0.5137809125666475,1,1,1
2026-01-28 04:00:00,2026,1934,UP,5205.08,5076.39,3.5298798640629894,2026-01-29 16:00:00,305.47000000000025,2.3736887093014314,0.37757678399469596,0.6132467129256729,0.7976669431551436,0.5787066579988484,0.7699866639000514,0.35364622391392575,0.23846809522754667,0.09762254113679067,1,1,1
2026-01-28 08:00:00,2026,1934,UP,5261.43,5157.36,2.842432014852805,2026-01-29 16:00:00,249.1199999999999,2.393773421735355,0.26036440435491737,0.5629628292758112,0.7205854647186607,0.5580005075387521,0.7595524187053053,0.25272226652390095,0.11284320784125892,0.019647177814230577,1,1,1
2026-01-28 12:00:00,2026,1934,UP,5278.4,5157.36,3.2945122137635914,2026-01-29 16:00:00,232.15000000000055,1.9179610046265747,0.05344134526329131,0.5124188134623474,0.34208398788977384,0.2718520065688343,0.329430962953046,0.051248474969999826,0.017404865144222847,0.00151889631356427,1,1,1
2026-01-28 16:00:00,2026,1934,UP,5267.1,5238.86,0.7670324037781777,2026-01-28 17:08:00,-28.24000000000069,-1.0,0.018030116867885415,0.3536354636263279,0.08373680823711611,0.07588998656015017,0.13371176159722692,0.01945669591318303,0.0038874825283784853,0.0001511536467326793,1,1,1
2026-01-28 20:00:00,2026,1934,UP,5298.2,5235.83,1.6853183164945817,2026-01-29 16:00:00,212.35000000000036,3.4046817380150833,0.015838504136977887,0.3973338443667152,0.05026648349298147,0.049157457140402906,0.29188160299333404,0.017558932678377697,0.0030192646943939783,6.509103910168481e-05,1,1,1
2026-01-29 16:00:00,2026,1935,DOWN,5510.55,5595.45,2.166112519897033,2026-02-02 16:00:00,804.1000000000004,9.47114252061253,0.3742806540119332,0.27176604116378195,0.00024180688058031993,0.0007429710930924834,0.512544786544028,0.35388537034338374,0.14985010719878397,0.09275574812281405,0,0,0
2026-01-30 01:00:01,2026,1935,DOWN,5385.21,5549.69,3.9129211567399103,2026-02-02 16:00:00,678.7600000000002,4.126702334630362,0.022817967325445214,0.2549834988704521,0.08035762682359268,0.4604021859207376,0.09879729996470185,0.025326233324376526,0.002976440947216302,0.0009985339296914282,0,1,1
2026-02-02 20:00:00,2026,1937,DOWN,4674.12,4812.46,2.5777741307529327,2026-02-03 02:24:00,-138.34000000000015,-1.0,0.2091698503209718,0.10679338880184977,0.22968431971922498,6.02764167583373e-05,0.4526731097183455,0.23326550923488043,0.0713220781609427,0.0076248819916544175,1,1,1
2026-02-03 01:00:01,2026,1937,DOWN,4668.38,4812.46,2.673543235314421,2026-02-03 02:24:00,-144.07999999999993,-1.0,0.0653442977227989,0.24860293195395905,0.15011234073906485,3.7794124878280864e-05,0.40944243584057766,0.0788909445248196,0.03973345158553769,0.004255182466667514,1,1,1
2026-02-03 08:00:00,2026,1938,UP,4825.39,4745.7,1.451381083004905,2026-02-04 16:00:00,228.83999999999924,2.8716275567825043,0.26694914161457733,0.25443788159119185,0.46944799883487787,0.5525417349536127,0.3922676137458257,0.23096448804727773,0.10110805252162147,0.02671719011756034,0,1,1
2026-02-03 12:00:00,2026,1938,UP,4916.46,4745.7,3.0860947428209413,2026-02-04 16:00:00,137.76999999999953,0.8068048723354377,0.13110944588589854,0.2845576900862223,0.408188130833371,0.7280487674046426,0.34514823055289173,0.12871660544175725,0.03363097528681575,0.004351625968350693,0,1,1
2026-02-03 16:00:00,2026,1938,UP,4932.96,4883.83,0.8868613529931741,2026-02-03 21:06:00,-49.13000000000011,-1.0,0.04081218393353506,0.18479429247440926,0.202464020023378,0.5953889076158861,0.10483214237680011,0.040423287930502365,0.008592916510712255,0.00047592949538326576,0,1,1
2026-02-03 20:00:00,2026,1938,UP,4929.34,4883.83,0.8178703997651328,2026-02-03 21:06:00,-45.51000000000022,-1.0,0.008683218667541235,0.1573217933004744,0.0576988926880065,0.37214688937349655,0.03291894107536059,0.008463407397524016,0.0013713123912037328,4.5693067936644975e-05,0,1,1
2026-02-04 01:00:09,2026,1938,UP,4947.63,4880.74,1.1987732324698694,2026-02-04 16:00:00,106.59999999999945,1.5936612348631922,0.006226991608118299,0.17207335215861952,0.02235313516347848,0.2387843520076042,0.04050859116492733,0.0064312137705321406,0.0005616969860593825,6.703555919091009e-06,0,1,1
2026-02-04 04:00:00,2026,1938,UP,5047.03,4880.74,2.9543615493740973,2026-02-04 16:00:00,7.199999999999818,0.04329785314811366,0.004755194404018216,0.24052454590561914,0.028161271489278102,0.35923239481746283,0.10588815512600588,0.0049183086641314015,0.0003259017624176886,2.5339823789262767e-06,0,1,1
2026-02-04 08:00:00,2026,1938,UP,5079.73,4880.74,3.535790086131616,2026-02-04 16:00:00,-25.5,-0.12814714307251635,0.000620215362900321,0.3470449371490071,0.012934779136675753,0.22685276050430417,0.03425767821542675,0.0007796953484959925,0.00010084778891559123,5.173350035510023e-07,0,1,1
2026-02-04 12:00:00,2026,1938,UP,5060.37,4880.74,3.1942317334239787,2026-02-04 16:00:00,-6.140000000000327,-0.03418137282191351,0.00011853109541033056,0.28626784021435886,0.0014063758198501813,0.0511246811228265,0.005877831360770458,0.00011563096687313919,1.0604095611438174e-05,3.185966239988979e-08,0,1,1
2026-02-04 16:00:00,2026,1939,DOWN,5054.23,5091.72,0.6670061374265669,2026-02-05 04:00:00,95.33999999999924,2.5430781541743794,0.4143054150795514,0.1723394245794089,0.0003617578129776838,0.018881890049779276,0.41348499363474095,0.40646659851097017,0.20536328501844414,0.08210833517979987,0,0,0
2026-02-04 20:00:00,2026,1939,DOWN,4898.01,5063.46,2.9012708923410906,2026-02-05 04:00:00,-60.88000000000011,-0.36796615291629,0.4775993127034748,0.416257379215524,0.6988184510807998,0.7876140286427827,0.8677516361151869,0.4478256832954239,0.2022188405039532,0.1359071206371717,1,1,1
2026-02-05 01:00:07,2026,1939,DOWN,4977.57,5063.46,1.5002001120064459,2026-02-05 04:00:00,18.67999999999938,0.21748748399114345,0.039366077475599344,0.24498167740943952,0.19056804787606868,0.4172668986725523,0.1259549738065011,0.03530744387065252,0.019524054166361608,0.009991209266765127,1,1,1
2026-02-05 04:00:00,2026,1940,UP,4958.89,4855.2,1.805728942521876,2026-02-05 04:47:00,-103.69000000000051,-1.0,0.3645089802395617,0.38236744515803794,0.3768364295013403,0.31905092456545125,0.5645155945255305,0.40262978076989236,0.26989662895242483,0.17994958732248742,0,1,0
2026-02-05 08:00:00,2026,1941,DOWN,4896.21,5023.86,2.198671817320126,2026-02-05 20:00:00,27.170000000000073,0.21284763023893577,0.25622787807414604,0.19750278906432725,0.5003904831907647,0.3662394001693515,0.36663231252573897,0.2665407545782769,0.1075191122135036,0.05752787940454252,1,1,1
2026-02-05 12:00:00,2026,1941,DOWN,4855.16,5023.86,2.89578320550021,2026-02-05 20:00:00,-13.88000000000011,-0.08227622999407305,0.1490331424421949,0.20986301048308525,0.2536956624063859,0.23821521721039812,0.34967287877158204,0.1335100860359687,0.030215527312475163,0.006286659590465179,1,1,1
2026-02-05 16:00:00,2026,1941,DOWN,4835.4,4943.69,1.8527940891648056,2026-02-05 20:00:00,-33.64000000000033,-0.31064733585742305,0.047346966010036226,0.1810426921949432,0.13690508837196277,0.15916685579272294,0.16329325142647325,0.04972617963582316,0.009899067884768832,0.0006243363554460834,1,1,1
2026-02-05 20:00:00,2026,1942,UP,4869.04,4800.59,1.165899276610103,2026-02-05 22:54:00,-68.44999999999982,-1.0,0.5980568277738516,0.44369370707304706,0.029453495959777577,0.053187217331046525,0.7823314187596111,0.5948068032708695,0.3489021510017416,0.2667902882917446,0,0,0
2026-02-06 01:00:01,2026,1943,DOWN,4790.15,4906.41,1.9697409416004759,2026-02-06 08:00:00,-107.70000000000073,-0.9263719249957039,0.3845019900481461,0.2038436648496049,0.046477001792935374,0.08578327704064762,0.6257705487636935,0.3924833271566193,0.17713774415064099,0.06329730433376182,1,1,1
2026-02-06 04:00:00,2026,1943,DOWN,4774.19,4906.41,2.222928918103447,2026-02-06 08:00:00,-123.66000000000076,-0.9352594161246447,0.07205797338781537,0.17508222230965426,0.0069283210010048805,0.03518380660033637,0.12224311616870895,0.07487930985142957,0.027482566610624547,0.010730458559307222,1,1,1
2026-02-06 12:00:00,2026,1944,UP,4867.01,4654.84,3.535660454112829,2026-02-09 16:00:00,139.97999999999956,0.6597539708724114,0.22053688095517077,0.5265838450758522,0.3577986787216259,0.4973210047796064,0.562501375597071,0.20450432905565713,0.14810184871496482,0.04967090807580268,0,1,1
2026-02-09 04:00:00,2026,1944,UP,4982.65,4936.59,0.7648962451934115,2026-02-09 16:00:00,24.340000000000146,0.5284411636995313,0.005995330697379846,0.31795839007275556,0.029377872626109573,0.3472213754736696,0.049517599905127996,0.007120766420567491,0.0016334884700194175,0.00012795918810107833,0,1,1
2026-02-09 08:00:00,2026,1944,UP,5036.31,4969.19,1.1133883994283902,2026-02-09 16:00:00,-29.32000000000062,-0.4368295589988121,0.006156772398867539,0.3694460776753861,0.015062808012743033,0.2835210417271338,0.09888227031903697,0.006254719093077837,0.0007453694750953601,2.0261817369870617e-05,0,1,1
2026-02-09 12:00:00,2026,1944,UP,5008.03,4997.14,0.1808395108622009,2026-02-09 12:02:00,-10.889999999999418,-1.0,0.0012612333371055835,0.2629679991877322,0.0032314183597823027,0.10631173549784163,0.015346641889630239,0.0013440947164987868,0.00017017784173159624,3.472612236160414e-06,0,1,1
2026-02-09 16:00:00,2026,1945,DOWN,5006.99,5041.1,0.567365991091748,2026-02-09 17:01:00,-34.11000000000058,-1.0,0.29179613549540334,0.20274414416244962,0.000997430583759964,0.053106411939861785,0.4069283563102076,0.2964336296779068,0.149087324010626,0.10042378814094512,1,0,0
2026-02-09 20:00:00,2026,1946,UP,5046.52,4982.29,1.0665885518971785,2026-02-10 04:00:00,-13.640000000000327,-0.21236182469251483,0.5905926604041236,0.3536335526780288,0.0009620485252080952,0.0624179021730005,0.733614587984542,0.597923392722267,0.43115815612707553,0.2782717823800618,0,1,1
2026-02-10 01:00:01,2026,1946,UP,5060.49,4982.29,1.300756357045984,2026-02-10 04:00:00,-27.609999999999673,-0.35306905370843655,0.3319316456789598,0.34130033673704296,0.0002781671927082331,0.032567920365997954,0.4480252215210248,0.31842773372791183,0.1576972220192766,0.06845218480900171,0,1,1
2026-02-10 04:00:00,2026,1947,DOWN,5032.88,5086.36,0.8872530038851364,2026-02-10 12:00:00,-14.269999999999527,-0.266828721017196,0.2915006718381882,0.17903528850128075,4.848874713061614e-05,0.010071830202044198,0.3357836750732558,0.334991133573512,0.1402366314458624,0.07509246204834853,0,0,0
2026-02-10 08:00:00,2026,1947,DOWN,5039.14,5056.2,0.28343679443024156,2026-02-10 11:09:00,-17.05999999999949,-1.0,0.08760917553836774,0.17265910668478665,0.3868151027089853,0.00562503411416107,0.15679841874846062,0.08385899597339949,0.024511436078122274,0.008521941165727005,0,1,0
2026-02-10 12:00:00,2026,1948,UP,5047.15,5011.43,0.5943102561165323,2026-02-10 17:37:00,-35.719999999999345,-1.0,0.5635463540698431,0.3883146242610707,0.5853299976888992,0.006832539087258985,0.7371824087096082,0.5696432290506337,0.3929344760832644,0.28312388850256726,0,1,1
2026-02-10 16:00:00,2026,1948,UP,5051.26,5011.43,0.6640043509736078,2026-02-10 17:37:00,-39.82999999999993,-1.0,0.3292950952373799,0.36928773186653285,0.27894834441810246,0.003641263003085322,0.5669893399475561,0.32073060321125824,0.152944936803844,0.09333129501140744,0,1,1
2026-02-10 20:00:00,2026,1949,DOWN,5026.31,5078.61,0.8703060994688638,2026-02-11 04:00:00,-26.539999999999964,-0.5074569789675016,0.35961942260841323,0.23480795473214958,0.42285612219635654,0.0012168628357636015,0.5733308591350176,0.34623732479902364,0.14424086770470082,0.06695974228165454,0,1,0
2026-02-11 01:00:00,2026,1949,DOWN,5026.36,5078.61,0.8710317301591111,2026-02-11 04:00:00,-26.49000000000069,-0.5069856459330275,0.13512754968738774,0.1796379688131362,0.2551895819103275,0.5017094221547251,0.267526193738281,0.15050253675111314,0.05336620706201979,0.030795995243981484,0,1,1
2026-02-11 04:00:00,2026,1950,UP,5052.85,5004.66,0.8056325193485782,2026-02-12 04:00:00,10.8799999999992,0.22577298194644294,0.5992136860426152,0.4105223563162955,0.6009892072746241,0.5749864860949979,0.8058886817444725,0.6116191784673644,0.46424717196709464,0.37449015185941414,0,1,1
2026-02-11 08:00:00,2026,1950,UP,5053.16,5004.66,0.8129659314428734,2026-02-12 04:00:00,10.569999999999709,0.2179381443298909,0.34801755990321526,0.3990112002782257,0.3350243691288838,0.4523905888315174,0.6032982954591627,0.3378296236537754,0.1832951849286285,0.11263709828791969,0,1,1
2026-02-11 12:00:00,2026,1950,UP,5063.04,5043.58,0.3272128281604307,2026-02-11 15:30:00,-19.460000000000036,-1.0,0.1917451270474853,0.36935638458639347,0.19165109193902838,0.38411292978273587,0.4135698328450132,0.1879792389426184,0.07161768108931081,0.035015918283265716,0,1,1
2026-02-11 16:00:00,2026,1950,UP,5066.06,5004.66,1.0284855430992093,2026-02-12 04:00:00,-2.3300000000008367,-0.03794788273616964,0.09064888000543644,0.43338051386484333,0.07378294078244321,0.3271907757293109,0.3279573519703403,0.0916465241868915,0.02456095397045033,0.02827933373241918,1,1,1
2026-02-11 20:00:00,2026,1950,UP,5091.69,5018.68,1.2225580917140355,2026-02-12 04:00:00,-27.960000000000036,-0.3829612381865539,0.0576161870376938,0.4500096379790654,0.06347056931340753,0.3504510439827636,0.33667605837819264,0.06104937163040875,0.011738651136083383,0.008295485366653855,1,1,1
2026-02-12 01:00:00,2026,1950,UP,5085.43,5018.68,1.1211474929398368,2026-02-12 04:00:00,-21.700000000000728,-0.3250936329588124,0.013494970756354528,0.5177122497932701,0.019256397778544928,0.19274418119002001,0.12181768455173642,0.011912024780808115,0.0015807201140612861,0.00033254181768629086,1,1,1
2026-02-12 04:00:00,2026,1951,DOWN,5063.73,5099.99,0.6092973242550176,2026-02-12 16:00:00,-11.830000000000837,-0.32625482625484736,0.3780981552192465,0.21650042943482206,0.53546534804851,0.06557291989960633,0.5737689855330498,0.42010520677010255,0.20384451341135557,0.08437498297754473,0,1,0
2026-02-12 08:00:00,2026,1951,DOWN,5075.61,5099.99,0.41090386204397206,2026-02-12 16:00:00,0.049999999999272404,0.002050861361742091,0.12777209169741735,0.18252340778207135,0.2274639354964778,0.0683566716351861,0.23455413473052014,0.11862244330565569,0.0388655067855465,0.017123763740768724,0,1,0
2026-02-12 12:00:00,2026,1951,DOWN,5073.23,5099.99,0.45210773256691267,2026-02-12 16:00:00,-2.3300000000008367,-0.08707025411064341,0.04033597399219685,0.1871282854495976,0.12452356242534693,0.04599503869855744,0.11442406184663068,0.04234338154951505,0.012192092027622487,0.0049518777179544705,0,1,0
2026-02-12 16:00:00,2026,1952,UP,5075.56,5047.1,0.48192279767330504,2026-02-12 16:56:00,-28.460000000000036,-1.0,0.6221912573033863,0.45519951928994296,0.5429880625015476,0.047082393612802406,0.7746272488086576,0.5924904077702599,0.40898103257729346,0.32474405392578987,1,1,1
2026-02-12 20:00:00,2026,1953,DOWN,4940.85,5083.77,2.388632154810956,2026-02-13 04:00:00,-40.149999999999636,-0.2809263923873469,0.507837893984319,0.2801768691782509,0.6302578825375262,0.7527056148504514,0.7170327914986848,0.4872056146112518,0.18845158334228543,0.12018054809381318,1,1,1
2026-02-13 01:00:00,2026,1953,DOWN,4923.67,5083.77,2.6778173040616045,2026-02-13 04:00:00,-57.32999999999993,-0.35808869456589504,0.12217621475433196,0.2721132556350357,0.27429187468176136,0.5051398533839577,0.35171799613396204,0.12910355073842836,0.05352764314042505,0.015958373796326975,1,1,1
2026-02-13 04:00:00,2026,1954,UP,4981.0,4887.46,1.558543640836645,2026-02-16 08:00:00,9.710000000000036,0.10380585845627582,0.7027125272660286,0.5163906104298361,0.049879883094147925,0.1633229285635837,0.9113753460328626,0.710226952682912,0.48443468060385353,0.3279889924731897,0,0,0
2026-02-13 08:00:00,2026,1954,UP,4946.68,4887.46,0.9874045805076432,2026-02-16 08:00:00,44.029999999999745,0.7434988179668955,0.2372525438944274,0.3933845836351604,0.3835482088213064,0.1667883084023657,0.3725897379476137,0.23909335807842422,0.10616911189791721,0.07276454235658035,0,1,0
2026-02-13 12:00:00,2026,1954,UP,4970.47,4944.91,0.42682680392296257,2026-02-13 13:00:00,-25.5600000000004,-1.0,0.22643108999354103,0.4276826701751586,0.36309099207267087,0.11457359234707415,0.3706946548686458,0.22399373895962135,0.0703364077009181,0.042581552517999194,0,0,0
2026-02-13 16:00:00,2026,1954,UP,4987.24,4933.81,0.8917413697655723,2026-02-16 08:00:00,3.4700000000002547,0.06494478757253032,0.08937808587444251,0.39990191471273456,0.5082055035353986,0.06273503681871657,0.3419254787143362,0.09049982338552696,0.021135121154110738,0.0075034002402151944,0,1,0
2026-02-13 20:00:00,2026,1954,UP,5021.21,4933.81,1.457381981080855,2026-02-16 08:00:00,-30.5,-0.34897025171624857,0.04376338572039594,0.3990312635226077,0.4030625400496535,0.6109936122058793,0.228970939717393,0.04890124649320336,0.00907812336363608,0.0029008364299286248,0,1,1
2026-02-16 01:00:00,2026,1954,UP,5029.43,4933.81,1.5988201113985174,2026-02-16 08:00:00,-38.720000000000255,-0.40493620581468626,0.012996345530224157,0.442333444653687,0.2595591952902572,0.56894706273292,0.10514609156475788,0.014750642081519043,0.0026236037162681337,0.000527653179228958,0,1,1
2026-02-16 04:00:00,2026,1954,UP,5029.17,4933.81,1.5956476696133919,2026-02-16 08:00:00,-38.460000000000036,-0.40331375838926353,0.0031099547642231304,0.3940585430800208,0.06196971641781099,0.33749687174146786,0.033094533052168425,0.0029009467062964503,0.0003843784916467295,6.341955245991623e-05,0,1,1
2026-02-16 08:00:00,2026,1955,DOWN,4990.71,5051.96,1.0242998859166685,2026-02-18 01:01:22,124.35999999999967,2.03036734693877,0.42838095088218825,0.26539807930859327,0.6506359720197525,0.6513875020215152,0.7010688584109667,0.42923607952728643,0.23618279712354903,0.1366121280236707,1,1,1
2026-02-16 12:00:00,2026,1955,DOWN,5013.42,5051.96,0.6461707219008616,2026-02-18 01:01:22,147.0699999999997,3.8160352880124506,0.11304379556240331,0.2183123775872875,0.22667113147378642,0.3621619365490919,0.1754003335820886,0.09735495398734223,0.03139141715627193,0.01745386590058301,1,1,1
2026-02-16 16:00:00,2026,1955,DOWN,4997.24,5017.24,0.3363295064988277,2026-02-18 01:01:22,130.88999999999942,6.544499999999971,0.08020545203070698,0.22694080239654937,0.25790000229389903,0.4436845315060941,0.24279543713865243,0.08997498953537628,0.03110632090291945,0.009485765583304693,1,1,1
2026-02-16 20:00:00,2026,1955,DOWN,4991.7,5017.24,0.4306589895857818,2026-02-18 01:01:22,125.34999999999945,4.907987470634285,0.029542534802940276,0.21275415353426774,0.0802630109112771,0.30430598202345005,0.10194096709088998,0.029390178149204416,0.00798745708919422,0.002260223496591582,1,1,1
2026-02-17 01:00:00,2026,1955,DOWN,4995.7,5017.24,0.3649308415126391,2026-02-18 01:01:22,129.34999999999945,6.0051067780872645,0.01466741574726045,0.22448845529190797,0.03410178455125989,0.22283288109829402,0.06675600115893544,0.012571378488895817,0.002401765976810111,0.0004269295793813554,1,1,1
2026-02-17 04:00:00,2026,1955,DOWN,4957.81,5001.0,0.7304173548856945,2026-02-18 01:01:22,91.46000000000004,2.11761981940266,0.00700932484155174,0.2589435157154091,0.02816919101360674,0.26529657299357573,0.062630643374718,0.007645195027599453,0.0009789132046104704,0.0001689415131160732,1,1,1
2026-02-17 08:00:00,2026,1955,DOWN,4888.77,5001.0,1.8886249641636814,2026-02-18 01:01:22,22.420000000000073,0.1997683328878211,0.004109873607304502,0.30817262887970587,0.012465639067385322,0.2323755792423554,0.06944145912308868,0.004420040651286817,0.00042531799902574384,7.277519500012857e-05,1,1,1
2026-02-17 12:00:00,2026,1955,DOWN,4925.95,5001.0,1.264533714919914,2026-02-18 01:01:22,59.599999999999454,0.794137241838765,0.00043275264014071735,0.2295548092229996,0.0011542589520636168,0.05572287874993292,0.003869569883120037,0.0004217533325414328,3.423394278921121e-05,5.076907482220893e-06,1,1,1
2026-02-17 16:00:00,2026,1955,DOWN,4870.67,5001.0,2.1929080755875145,2026-02-18 01:01:22,4.319999999999709,0.03314662779098988,0.0003618968989574005,0.3032714597308558,0.0013987547644134259,0.0631604965960964,0.012897837428242532,0.00035771008425889767,2.1052443158707824e-05,9.780219085029794e-07,1,1,1
2026-02-17 20:00:00,2026,1955,DOWN,4865.18,4944.34,1.3311986584070439,2026-02-18 01:01:22,-1.1700000000000728,-0.014780192016170729,0.00012742146066616625,0.2607063586763323,0.0005819214372552286,0.03899817886367739,0.00550314948402559,0.0001507652891244789,9.63385753054466e-06,4.724475134474033e-07,1,1,1
2026-02-18 01:01:22,2026,1956,UP,4866.35,4841.76,0.41397029392324114,2026-02-19 04:00:00,106.72999999999956,4.340382269215085,0.5785360910751912,0.3802745823323182,0.00014082328778626283,0.01523586617005697,0.6820905257637758,0.5823061979398656,0.4100029850567019,0.3423199345663265,0,0,0
2026-02-18 04:00:00,2026,1956,UP,4890.16,4854.24,0.6058776685599345,2026-02-19 04:00:00,82.92000000000007,2.308463251670376,0.4113313904161869,0.4831730396767937,5.547639537571105e-05,0.009605599551840354,0.6643206384590209,0.4133572177102183,0.21378493010015484,0.10610039257648565,0,0,0
2026-02-18 08:00:00,2026,1956,UP,4933.57,4854.24,1.3387817851170412,2026-02-19 04:00:00,39.51000000000022,0.4980461363922886,0.2075465166617167,0.5034314857838011,0.6832209567914334,0.6242200243286297,0.7175439689201595,0.21689650164835717,0.10872028971831733,0.04227418564460628,0,1,1
2026-02-18 12:00:00,2026,1956,UP,4917.5,4854.24,1.0705975047191694,2026-02-19 04:00:00,55.57999999999993,0.8785962693645232,0.053371693625105056,0.4022553083175224,0.2582913260165287,0.33211046427842733,0.14952665685594568,0.04829289952765029,0.013739441126275865,0.004616673564195415,0,1,1
2026-02-18 16:00:00,2026,1956,UP,4954.63,4906.36,0.8166298730628594,2026-02-19 04:00:00,18.449999999999818,0.3822249844623918,0.03617930533758564,0.42856836595156933,0.29636327534056833,0.5083755029348589,0.23537806369886757,0.03758204880627531,0.008627493310279085,0.0017181449099019858,0,1,1
2026-02-18 20:00:00,2026,1956,UP,4999.41,4906.36,1.5743031904011615,2026-02-19 04:00:00,-26.329999999999927,-0.2829661472326693,0.016533102289802017,0.47662146349147294,0.1790641134396941,0.4787674466540865,0.1959910984612549,0.017697534339697698,0.0029368083010030974,0.00040647386163409277,0,1,1
2026-02-19 01:00:01,2026,1956,UP,4975.86,4972.97,0.0490286304380053,2026-02-19 01:01:00,-2.889999999999418,-1.0,0.003955594271747687,0.33851311185664434,0.028930164374626602,0.2097994289558511,0.021232083814245555,0.003727598991615355,0.00039165683402922756,4.521037088174578e-05,0,1,1
2026-02-19 04:00:00,2026,1957,DOWN,4973.08,4988.81,0.2675867366200757,2026-02-19 07:04:00,-15.730000000000473,-1.0,0.3768418258244234,0.2128555048311543,0.010591732482718465,0.1291567714099699,0.48070818865167564,0.3723208172037959,0.183518885355117,0.0968109062239663,0,0,0
2026-02-19 08:00:02,2026,1958,UP,4997.09,4958.75,0.6538126546658903,2026-02-19 16:00:00,-0.19000000000050932,-0.004955659885250615,0.6012185515421328,0.3940966222046824,0.014002879557049765,0.16243225965954344,0.8260276032034791,0.6083784601982245,0.47576280861025017,0.34598754707307666,0,1,1
2026-02-19 12:00:00,2026,1958,UP,4995.88,4958.75,0.6349736213575908,2026-02-19 16:00:00,1.019999999999527,0.02747104767033461,0.3595913126655932,0.427674585232409,0.004155626654406686,0.10368289343819034,0.5388863352585346,0.35778850541291995,0.1747696062229475,0.11571836971730208,1,1,1
2026-02-19 16:00:00,2026,1959,DOWN,4996.9,5021.97,0.4301125799168267,2026-02-19 17:34:00,-25.07000000000062,-1.0,0.30994338444978675,0.18977125165832417,0.001179706717057825,0.05424208517763286,0.33996194392377976,0.3214613988582517,0.15752154444597202,0.0918234998512621,0,0,0
2026-02-19 20:00:00,2026,1959,DOWN,4985.06,5022.28,0.6385293702693281,2026-02-20 01:00:00,-11.979999999999563,-0.321869962385808,0.17773753243458432,0.19559396353669015,0.0004896243810464122,0.031917316172916474,0.23155252845666952,0.17783195580544287,0.05122681168089303,0.023780590426065975,0,0,0
2026-02-20 01:00:00,2026,1960,UP,4997.04,4975.33,0.373496291673502,2026-02-23 12:00:00,152.52999999999975,7.025794564716697,0.6893672519702435,0.4424269649280464,0.3179017481274081,0.02127210998344165,0.726718005813447,0.6701135314859228,0.48055380073424137,0.3950504713808346,1,0,1
2026-02-20 04:00:01,2026,1960,UP,4997.31,4975.33,0.37918350893398217,2026-02-23 12:00:00,152.2599999999993,6.927206551410192,0.32279287301266163,0.4342421348908016,0.5829827815059215,0.019700680461762907,0.5222437557225599,0.32103519966988714,0.19593877522107947,0.11437715694151161,1,1,1
2026-02-20 08:00:00,2026,1960,UP,5012.4,4981.75,0.5301636185728759,2026-02-23 12:00:00,137.17000000000007,4.475367047308375,0.19253403535654365,0.452969120826409,0.4119755197442347,0.015735730050401617,0.5083747476336512,0.1831905592059371,0.08623050736470651,0.035979269219964784,1,1,1
2026-02-20 12:00:00,2026,1960,UP,5027.9,4981.75,0.7998298416678569,2026-02-23 12:00:00,121.67000000000007,2.6364030335861544,0.08467360519177339,0.468920969368251,0.29861639524023514,0.014764017832095279,0.33107987860899474,0.0936998871447287,0.03185488989325447,0.011129031272595928,1,1,1
2026-02-20 16:00:00,2026,1960,UP,5043.81,5005.04,0.67295272104775,2026-02-20 17:06:00,-38.77000000000044,-1.0,0.039456245295834046,0.45825271575431487,0.130762447354198,0.008779158357196616,0.2117504842480527,0.037527169479430265,0.008649081350628364,0.0021972129057082077,1,1,1
2026-02-20 20:00:00,2026,1960,UP,5073.25,4989.2,1.4547636406344873,2026-02-23 12:00:00,76.31999999999971,0.9080309339678708,0.0196650081688939,0.5074028368539618,0.0824715963329313,0.00837443872264232,0.21806835019449256,0.0212113573943702,0.003229165974725215,0.0005119731135720157,1,1,1
2026-02-23 01:00:00,2026,1960,UP,5106.66,4989.2,2.0339253419783674,2026-02-23 12:00:00,42.909999999999854,0.3653158522050046,0.008603144150011593,0.6036536515765754,0.06031373810406283,0.00841830587832175,0.17193400384183002,0.009500691920421273,0.0010153156556429001,9.961287335364602e-05,1,1,1
2026-02-23 04:00:00,2026,1960,UP,5157.46,4989.2,2.90918761539754,2026-02-23 12:00:00,-7.890000000000327,-0.046891715202664434,0.0026443393932430335,0.5882158495394584,0.03234029991830343,0.007574761665131637,0.06318555476257405,0.0033437445046758654,0.00035038369988048235,7.232431686760459e-05,1,1,1
2026-02-23 08:00:00,2026,1960,UP,5158.44,4989.2,2.9355940976963573,2026-02-23 12:00:00,-8.86999999999989,-0.05241077759394885,0.0005527136290239169,0.5407929925349689,0.00599699761876544,0.0024523261397315613,0.013254637562465043,0.0005700099209133214,5.1591998801607666e-05,7.536104656698541e-06,1,1,1
2026-02-23 12:00:00,2026,1961,DOWN,5149.57,5176.6,0.4696856614705753,2026-02-23 16:00:00,3.1099999999996726,0.11505734369217896,0.3882069037829278,0.17061930771855446,0.0017811478030210683,0.0009446325235815147,0.46617175171922376,0.3805920130863882,0.18865280138108348,0.07080927815424322,0,0,0
2026-02-23 16:00:00,2026,1962,UP,5146.46,5122.2,0.4230147694622118,2026-02-24 04:00:00,31.0,1.2778235779060065,0.5145502167359269,0.3737061416506597,0.000862446784006128,0.0005502147798484692,0.5935569922327978,0.5073957587296923,0.35879874204079304,0.2870114941578404,1,1,1
2026-02-23 20:00:00,2026,1962,UP,5208.17,5141.55,1.159361040020216,2026-02-24 04:00:00,-30.710000000000036,-0.4609726808766149,0.5008461622864954,0.4195114588406192,0.0008369012087213406,0.0007520648536203721,0.780384987134728,0.5056940773103449,0.3215889463038695,0.35179249068527507,1,1,1
2026-02-24 01:00:00,2026,1962,UP,5228.1,5141.55,1.509208279542352,2026-02-24 04:00:00,-50.64000000000033,-0.5850953206239193,0.2302879365219323,0.41195211822781114,0.00042354003458713223,0.0005031561439993908,0.5750986065242475,0.24917822347680973,0.1375352043425159,0.11264259092337792,1,1,1
2026-02-24 04:00:00,2026,1963,DOWN,5177.46,5249.64,1.2529107512031947,2026-02-25 01:00:01,33.81999999999971,0.46855084510944267,0.44081843966622897,0.2164417671288712,2.1738144339412426e-05,5.885001665615852e-05,0.6726131624611779,0.4368462767793938,0.20735036438737747,0.07961114689316481,0,0,0
2026-02-24 08:00:00,2026,1963,DOWN,5182.74,5249.64,1.1642709677382457,2026-02-25 01:00:01,39.099999999999454,0.5844544095665043,0.1405500843951466,0.16258306999747077,0.4295454537869304,3.4322090084016474e-05,0.2287202193682844,0.14030193368235933,0.04420860725606661,0.012027721487846607,0,1,0
2026-02-24 12:00:00,2026,1963,DOWN,5171.39,5249.64,1.3656444074076406,2026-02-25 01:00:01,27.75,0.3546325878594249,0.045056832564152244,0.2373618457824635,0.276451394310968,1.923270670336677e-05,0.21562345332510288,0.04539568272001961,0.015789779816634382,0.0032358180258684316,0,1,0
2026-02-24 16:00:00,2026,1963,DOWN,5114.91,5249.64,2.3483891747758054,2026-02-25 01:00:01,-28.730000000000473,-0.21324129740963685,0.03597267142701903,0.28385928981503833,0.2353097480392566,0.6383461529680288,0.3058080415290584,0.03595449986191585,0.008780134997702563,0.0011566908219042646,0,1,1
2026-02-24 20:00:00,2026,1963,DOWN,5163.72,5249.64,1.4957447582973133,2026-02-25 01:00:01,20.079999999999927,0.233705772811917,0.004548496171172463,0.18183733994527543,0.04110086165109131,0.31781496429288736,0.019083491524355654,0.005406082605374318,0.0012117321678631636,0.00016410424686741997,0,1,1
2026-02-25 01:00:01,2026,1964,UP,5143.64,5093.5,0.8749351255462423,2026-02-25 16:00:00,41.23999999999978,0.8224970083765359,0.530515232348415,0.42179520489337796,0.42062487261869846,0.2511570059440545,0.6491813536876789,0.5205727680860158,0.3541338961503022,0.21946603734420722,1,1,0
2026-02-25 04:00:00,2026,1964,UP,5176.98,5122.03,0.9578842777338111,2026-02-25 16:00:00,7.900000000000546,0.1437670609645236,0.38860816691369904,0.515483189450138,0.43004137783763446,0.6614968985492216,0.721246344230502,0.37348073258635667,0.19733453267932158,0.1013012318362045,1,1,1
2026-02-25 08:00:00,2026,1964,UP,5202.07,5122.03,1.3970447533689059,2026-02-25 16:00:00,-17.1899999999996,-0.21476761619189916,0.19805159116680474,0.5113943746669575,0.3172901917937692,0.6604995447654194,0.5605750562558444,0.21122555925639594,0.09124697294875082,0.03410566772304175,1,1,1
2026-02-25 12:00:00,2026,1964,UP,5193.57,5122.03,1.2525662765191614,2026-02-25 16:00:00,-8.6899999999996,-0.1214705060106179,0.06581730873183336,0.4672477349783679,0.0783251409675405,0.41931908594135364,0.2302219096005016,0.05791445245263319,0.016045088634871918,0.004450371061034242,1,1,1
2026-02-25 16:00:00,2026,1965,DOWN,5184.88,5210.59,0.45089315524790297,2026-02-25 18:46:00,-25.710000000000036,-1.0,0.2636693358305803,0.18386073023778232,0.38875473372400865,0.23744127347607033,0.3979889277089282,0.2645742254659572,0.11852888949644816,0.06369050195601599,0,1,0
2026-02-25 20:00:00,2026,1966,UP,5207.12,5158.87,0.8460526415130671,2026-02-25 22:58:00,-48.25,-1.0,0.6503221585919194,0.4647595796880109,0.6515865800872143,0.32943086477731515,0.8203849921418989,0.6437771707760712,0.45979798010923834,0.35075672196041674,1,1,1
2026-02-26 01:00:00,2026,1967,DOWN,5159.58,5217.58,1.0164997035063172,2026-02-26 08:00:00,-38.98999999999978,-0.6722413793103411,0.37825035374351246,0.21599804496660993,0.6473963637153956,0.6444906218853442,0.6309917228970817,0.38529170512442784,0.1879465644400068,0.10184575610791344,0,1,1
2026-02-26 04:00:00,2026,1967,DOWN,5191.45,5217.58,0.45858550879857524,2026-02-26 08:00:00,-7.119999999999891,-0.272483735170297,0.10767652144968211,0.1869874277765793,0.19588364677720863,0.3005312796158822,0.15458104220149083,0.09937156847036291,0.030903954549024722,0.013969184280734652,0,1,1
2026-02-26 08:00:00,2026,1968,UP,5198.57,5146.15,0.9222828390340504,2026-02-26 12:00:00,-12.269999999999527,-0.23407096528041796,0.6465739572070407,0.4959049140245345,0.6171804116832524,0.615326393476108,0.8191239519431369,0.6194765567735027,0.4654364587221173,0.36171410347141175,1,1,1
2026-02-26 12:00:00,2026,1969,DOWN,5186.3,5205.55,0.3395173566369527,2026-02-27 01:00:01,1.8500000000003638,0.096103896103915,0.3613437476070386,0.21664944520604124,0.2641787280314787,0.37607327196298757,0.4997004170418046,0.36912476511013104,0.19154268663747753,0.11239141584186844,0,0,0
2026-02-26 16:00:00,2026,1969,DOWN,5166.05,5205.55,0.6983407800780634,2026-02-27 01:00:01,-18.399999999999636,-0.46582278481011735,0.18474247447520903,0.19719607619374505,0.47141212424973156,0.501391710645187,0.38138766099486426,0.17858193830807542,0.06059551166499087,0.027223913496878083,0,1,1
2026-02-26 20:00:00,2026,1969,DOWN,5167.32,5192.79,0.4500369713882263,2026-02-26 21:48:00,-25.470000000000255,-1.0,0.07296761865235757,0.19014076621964834,0.27368454629433697,0.371877589309783,0.17091026413349697,0.0701085465842305,0.014945565913208479,0.005905779102950142,0,1,1
2026-02-27 01:00:01,2026,1970,UP,5184.45,5160.39,0.42579056405715515,2026-02-27 12:00:00,-8.460000000000036,-0.35162094763093166,0.6086448285565849,0.39906573518740185,0.5516236170966439,0.5348014235590386,0.7605613272618708,0.6141740610249248,0.4455675754031363,0.35545067595842295,0,1,1
2026-02-27 04:00:00,2026,1970,UP,5194.24,5160.39,0.6007192640075302,2026-02-27 12:00:00,-18.25,-0.53914327917283,0.3431273482549609,0.437832442645985,0.2636019252310987,0.4253849811110042,0.5982470654450492,0.31670990516906555,0.15919452940437365,0.08982106617112064,0,1,1
2026-02-27 08:00:00,2026,1970,UP,5198.09,5166.83,0.5563673494712132,2026-02-27 12:00:00,-22.100000000000364,-0.7069737683941206,0.18463806299299926,0.4030282083073561,0.18081407269894798,0.3751122810882724,0.3982440682572807,0.18394289910569686,0.08016288065756991,0.030369008657173135,0,1,1
2026-02-27 12:00:00,2026,1971,DOWN,5175.99,5200.48,0.43713859292033025,2026-02-27 15:07:00,-24.48999999999978,-1.0,0.40672153537948535,0.23686867411239523,0.03928625640166806,0.1718909701048862,0.6312906490496788,0.4057346898882437,0.2244969693383552,0.12103733715698581,0,0,0
2026-02-27 16:00:00,2026,1972,UP,5223.01,5168.74,0.9671840399930326,2026-03-02 20:00:00,83.71999999999935,1.5426570849456176,0.6923491681186822,0.5038585781530514,0.10271282908185735,0.438896309856404,0.8649354729056201,0.6964016670984189,0.530980184436334,0.4484918776263071,1,1,1
2026-02-27 20:00:00,2026,1972,UP,5234.84,5168.74,1.179438485933105,2026-03-02 20:00:00,71.88999999999942,1.0875945537064906,0.4028895214882512,0.4380123476815006,0.03297172739862709,0.27965145390277674,0.6583824235812834,0.4056406822097254,0.26435732370003345,0.33197571710013213,1,1,1
2026-03-02 01:00:00,2026,1972,UP,5303.3,5168.74,2.4005048319579907,2026-03-02 20:00:00,3.4299999999993815,0.025490487514858585,0.22400861973060682,0.5601635376689613,0.029247146667379043,0.34665448061199516,0.7380533608983655,0.2262153983426512,0.12174594689234777,0.0865275951121684,1,1,1
2026-03-02 04:00:00,2026,1972,UP,5325.21,5168.74,2.7752003328226866,2026-03-02 20:00:00,-18.480000000000473,-0.11810570716431548,0.07246070970536865,0.5263972032161119,0.009802927420616538,0.2942756308255562,0.25736190381681784,0.0825233089565215,0.027963404597253945,0.01927643127358194,1,1,1
2026-03-02 08:00:00,2026,1972,UP,5366.41,5168.74,3.508121457086787,2026-03-02 20:00:00,-59.68000000000029,-0.30191733697576906,0.03578229527647426,0.5523989305928411,0.005292485330995801,0.21393151875756242,0.32703906929365933,0.03707311242088456,0.008482786566147277,0.002074625184176145,1,1,1
2026-03-02 12:00:00,2026,1972,UP,5392.41,5340.72,0.9174350969166736,2026-03-02 16:25:00,-51.6899999999996,-1.0,0.016311028283551746,0.425430020091451,0.0022549663192951708,0.135170179529668,0.1680266947352611,0.018606690291094435,0.00348783432528222,0.0005675328584970197,1,1,1
2026-03-02 16:00:00,2026,1972,UP,5394.19,5375.2,0.337553893270089,2026-03-02 16:09:00,-18.98999999999978,-1.0,0.0054481385779633,0.3742243113954219,0.0006144281477160581,0.057810366696005616,0.0592325711322174,0.005579626274755281,0.0007260621080940866,7.145195577623652e-05,1,1,1
2026-03-02 20:00:00,2026,1973,DOWN,5306.73,5416.39,1.9342538508762523,2026-03-03 04:00:00,-33.0,-0.3009301477293432,0.4605086970908155,0.284445454401636,0.627839370351877,0.003459470653005115,0.7297237480660388,0.4692273888391932,0.21512909068431865,0.110821642226459,0,1,0
2026-03-03 01:00:00,2026,1973,DOWN,5323.08,5416.39,1.6458432416136872,2026-03-03 04:00:00,-16.649999999999636,-0.17843746650947984,0.12728940320067336,0.19812305824322046,0.24645384009889026,0.4832014222770781,0.19867150882103535,0.1174208074811375,0.03615095763087788,0.01738677236018628,0,1,1
2026-03-03 04:00:00,2026,1974,UP,5339.73,5260.39,1.3992620038995096,2026-03-03 08:00:00,-20.609999999999673,-0.2597680867154004,0.551911401094085,0.4545565445295123,0.6459507157058189,0.6782976674104846,0.7247299919582828,0.5784180550160232,0.4141899663413407,0.30881043354648446,1,1,1
2026-03-03 08:00:00,2026,1975,DOWN,5319.12,5379.84,1.0694329100206308,2026-03-04 04:00:00,143.9399999999996,2.370553359683778,0.3437295897066004,0.22947882258038843,0.5325972681755946,0.27909043824538143,0.6189356998583712,0.33343724360836685,0.14641210340597102,0.05939634037557854,0,1,0
2026-03-03 12:00:00,2026,1975,DOWN,5274.92,5375.64,1.764812700026606,2026-03-04 04:00:00,99.73999999999978,0.9902700555996776,0.19441378410915583,0.24387314001978957,0.39708206070190605,0.6759851450889224,0.3793693199569895,0.21303869395883177,0.059764548272864856,0.030464902898462435,0,1,1
2026-03-03 16:00:00,2026,1975,DOWN,5156.72,5335.86,3.0916332629808707,2026-03-04 04:00:00,-18.460000000000036,-0.10304789550072622,0.1625934506866653,0.41004830059230934,0.13806895459633048,0.5892056089486964,0.43424946617514765,0.14827243279081245,0.014104008267637169,0.006897781787866179,1,1,1
2026-03-04 01:00:00,2026,1975,DOWN,5101.64,5148.89,0.8052074500515973,2026-03-04 03:01:00,-47.25,-1.0,0.013917714293358698,0.24517969540437157,0.011110290594012084,0.1605776480675662,0.11373819509068779,0.013417007529192343,0.0007595740760600833,5.18585977890005e-05,1,1,1
2026-03-04 04:00:00,2026,1976,UP,5175.18,5083.51,1.556904945712323,2026-03-04 20:00:00,-34.14000000000033,-0.37242282098833096,0.7956227087352304,0.5216569450001998,0.0021280899930419665,0.040253418559565636,0.9115541747135494,0.7931105360426801,0.5838657582323266,0.41515141869730354,0,0,0
2026-03-04 08:00:00,2026,1976,UP,5160.18,5083.51,1.3033001504290913,2026-03-04 20:00:00,-19.140000000000327,-0.24964131994261524,0.3340740709695169,0.3986420417434389,0.43805969688256996,0.06113798939126846,0.5042323436764827,0.3436936108446913,0.16558505980154978,0.07591656812886716,0,1,0
2026-03-04 12:00:00,2026,1976,UP,5182.53,5121.36,1.0393459585844227,2026-03-04 19:24:00,-61.17000000000007,-1.0,0.22275533005207535,0.41238843950828635,0.3203955014232629,0.03134299830036249,0.5518730846286711,0.200730400971607,0.062193652414173635,0.01524750605543203,0,1,0
2026-03-04 16:00:00,2026,1976,UP,5168.19,5121.36,0.7963839258870823,2026-03-04 19:24:00,-46.82999999999993,-1.0,0.05735518388490433,0.3331543454133238,0.11632691389450793,0.032832737045798845,0.1621889015328222,0.06285531359663976,0.01703823339222782,0.004120824012033581,0,1,0
2026-03-04 20:00:00,2026,1977,DOWN,5141.04,5205.98,1.1037282838244313,2026-03-05 04:00:00,-31.86999999999989,-0.49076070218663514,0.37538640369356396,0.20282165230250004,0.6118351453674408,0.0378251159174668,0.6011091769394753,0.4032203729395332,0.21269740584158722,0.08096396635191928,1,1,1
2026-03-05 01:00:01,2026,1977,DOWN,5146.26,5205.98,1.017051805896272,2026-03-05 04:00:00,-26.649999999999636,-0.44624916275954335,0.11243255053078662,0.22836452090394319,0.3036257614034441,0.017677546275301066,0.23036752793276913,0.11839727348047564,0.05053572099612501,0.017627270800472737,1,1,1
2026-03-05 04:00:00,2026,1978,UP,5172.91,5109.11,1.0879425575205812,2026-03-05 12:00:00,-12.019999999999527,-0.18840125391848736,0.6216687462860997,0.43994631611682566,0.6437091593175691,0.5927456461100997,0.8594138018249574,0.6279705472719674,0.5238545238094306,0.4173588812353865,0,1,1
2026-03-05 08:00:00,2026,1978,UP,5148.9,5109.11,0.6792896338018758,2026-03-05 12:00:00,11.990000000000691,0.30133199296307367,0.21851637607826854,0.4199743224363372,0.2083679248669754,0.5431551205316014,0.351717269983754,0.21379591672596068,0.11604922333652896,0.06632183381775662,0,1,0
2026-03-05 12:00:00,2026,1979,DOWN,5160.89,5194.94,0.5812406548872794,2026-03-06 04:00:00,26.140000000000327,0.7676945668135355,0.29936833674782576,0.2119908531990892,0.4597167119446828,0.44337690838424504,0.39898611085713914,0.3094571724659873,0.1439292971911494,0.08384118740130184,1,1,1
2026-03-05 16:00:00,2026,1979,DOWN,5118.0,5180.41,1.062431083074431,2026-03-06 04:00:00,-16.75,-0.26838647652619835,0.1962985349677505,0.2998018204697299,0.4372845431518299,0.5337274830572012,0.4421845516593149,0.20072548220896172,0.06426304800465753,0.030502883687456555,1,1,1
2026-03-05 20:00:00,2026,1979,DOWN,5062.72,5171.4,1.847154195534497,2026-03-06 04:00:00,-72.02999999999975,-0.66277143908723,0.11028869185317872,0.31482326633603,0.21676836729941357,0.41305380774382244,0.3780596698869296,0.1164349305880534,0.02633110401177474,0.007952435605315646,1,1,1
2026-03-06 01:00:31,2026,1979,DOWN,5082.86,5171.4,1.5069932912160515,2026-03-06 04:00:00,-51.89000000000033,-0.5860627964761729,0.019509979084073974,0.24261214051869526,0.039451175071002806,0.16702017233447422,0.07237527904278378,0.018134483729657046,0.0035471289914425627,0.0009457043179405397,1,1,1
2026-03-06 04:00:00,2026,1980,UP,5134.75,5050.85,1.4255007053828481,2026-03-06 12:00:00,-49.07999999999993,-0.5849821215733032,0.7033054784542737,0.491287908976442,0.5898065229743651,0.06812956184332977,0.9088081513745754,0.7005154697434073,0.5083753250203834,0.31742650838931263,0,1,0
2026-03-06 08:00:00,2026,1980,UP,5117.59,5066.27,0.8745445070316863,2026-03-06 12:00:00,-31.920000000000073,-0.6219797349961078,0.28713125564506214,0.42953451259518327,0.2908385994089236,0.4412689994539292,0.46515936521684204,0.29352910295132656,0.16229690178147857,0.09616334861178755,0,1,1
2026-03-06 12:00:00,2026,1981,DOWN,5085.67,5143.7,0.9906803030829072,2026-03-06 17:01:00,-58.029999999999745,-1.0,0.42400008425780017,0.2566081200528033,0.6383694109603627,0.6285268796312199,0.7083947779720141,0.43181100929949706,0.24046487193019753,0.11798948862003987,1,1,1
2026-03-06 16:00:00,2026,1981,DOWN,5085.1,5143.7,0.9995235641465674,2026-03-06 17:01:00,-58.599999999999454,-1.0,0.18285303111463755,0.23073083727915358,0.2372086657017343,0.42777245046391327,0.36354287635181914,0.17192074797967435,0.057004165075918815,0.023385091537775137,1,1,1
2026-03-06 20:00:00,2026,1982,UP,5141.0,5062.77,1.3303227811079632,2026-03-09 01:42:00,-78.22999999999956,-1.0,0.6706599734995629,0.4602775124937673,0.5786893537501593,0.5976045287368738,0.8343216108616034,0.6596799862814329,0.4410941545987737,0.3617187941875031,0,1,1
2026-03-09 00:00:00,2026,1982,UP,5179.63,5062.77,1.9913444788390051,2026-03-09 01:42:00,-116.85999999999967,-1.0,0.3811641925855859,0.5092933474043451,0.4676680685701683,0.5988570222139301,0.7227571308247425,0.3875690407719849,0.21733029778757554,0.1074541864457942,0,1,1
2026-03-09 04:00:00,2026,1983,DOWN,5070.18,5198.67,2.1638698741922533,2026-03-09 12:00:00,-35.289999999999964,-0.274651723869562,0.49929509723503734,0.3182706299644702,0.661030269160911,0.7504198459570169,0.7670726232856098,0.4985462768641323,0.19191494673106274,0.1049749403947915,1,1,1
2026-03-09 08:00:00,2026,1983,DOWN,5124.06,5198.67,1.2535023761761923,2026-03-09 12:00:00,18.590000000000146,0.24916231068221723,0.08787452096905074,0.21402874941535324,0.17598144804575996,0.37642613582362233,0.155161761418501,0.0775629395872741,0.02442194362524051,0.015270274352101269,1,1,1
2026-03-09 12:00:00,2026,1984,UP,5105.47,5081.02,0.4112592250873084,2026-03-09 13:20:00,-24.449999999999818,-1.0,0.5028347943075752,0.37148866239661515,0.42958880184992737,0.3268158011615673,0.6367487858002823,0.4986408035679116,0.3104329579192289,0.19749565187449564,0,1,0
2026-03-09 16:00:00,2026,1985,DOWN,5074.1,5132.58,0.9850066689522247,2026-03-09 21:19:00,-58.47999999999956,-1.0,0.4042564363935595,0.2398085865885287,0.5781872390468697,0.37979793262455913,0.6424578819374296,0.38905906884973407,0.2076415694447839,0.11612143955802616,1,1,1
2026-03-09 20:00:00,2026,1985,DOWN,5096.02,5116.03,0.3371658040705016,2026-03-09 20:36:00,-20.00999999999931,-1.0,0.14324184932311917,0.18362997773638523,0.28005036309436415,0.22367196709550388,0.21998387327514482,0.13785874541099216,0.04883279631581032,0.02337769610629391,1,1,1
2026-03-10 00:00:00,2026,1986,UP,5140.91,5060.71,1.3518397736462777,2026-03-11 00:00:00,46.07999999999993,0.5745635910224443,0.647800178853975,0.4617159267856563,0.694930010691069,0.6613351218103408,0.8811568438406214,0.6525047529036928,0.5286935855390517,0.4169886433237134,0,1,1
2026-03-10 04:00:00,2026,1986,UP,5184.58,5117.63,1.127525798382935,2026-03-11 00:00:00,2.4099999999998545,0.03599701269603975,0.43830320242591914,0.48270244437296744,0.4927943100445334,0.6310600110769938,0.7622459918808392,0.42226853805925507,0.22604491191404225,0.11008276835024852,0,1,1
2026-03-10 08:00:00,2026,1986,UP,5178.37,5124.58,0.908166067067467,2026-03-11 00:00:00,8.61999999999989,0.16025283509945895,0.14496906947314692,0.41214274299471,0.2317900446327038,0.4485647162382055,0.38112210144126846,0.14100228810484514,0.05695561577901544,0.01832912536751356,0,1,1
2026-03-10 12:00:00,2026,1986,UP,5182.72,5158.5,0.409788576757195,2026-03-10 12:37:00,-24.220000000000255,-1.0,0.06904536619749038,0.38689517600740536,0.12609248083752014,0.35843321710365467,0.23956957993656738,0.07731686068793804,0.023258915086333203,0.004566823804810104,0,1,1
2026-03-10 16:00:00,2026,1986,UP,5205.68,5156.45,0.8319186159313382,2026-03-11 00:00:00,-18.69000000000051,-0.37964655697745947,0.04166032178713315,0.483784994785878,0.0784409554396518,0.37849841091291514,0.256643891409134,0.04206806863542188,0.007736601748409394,0.0016989258185023395,1,1,1
2026-03-10 20:00:00,2026,1986,UP,5227.94,5156.45,1.2087633091186172,2026-03-11 00:00:00,-40.94999999999982,-0.5728073856483417,0.016352173117917986,0.48888752823669185,0.03726616915513097,0.27992873581215477,0.1876777585516946,0.016787409438544426,0.002749800548995525,0.0004493942517630472,1,1,1
2026-03-11 00:00:00,2026,1987,DOWN,5186.99,5238.51,0.870425998792217,2026-03-11 08:00:00,-12.930000000000291,-0.2509704968944135,0.38945747491578436,0.21369248265164387,0.004199137952166607,0.08155432659809203,0.5441654530534229,0.4064514628866923,0.20429343253307405,0.10022873034243455,0,0,0
2026-03-11 04:00:00,2026,1987,DOWN,5208.49,5238.51,0.5081081349461716,2026-03-11 08:00:00,8.569999999999709,0.2854763491005858,0.13021044422360517,0.21761179387341684,0.005424181433951422,0.10299173354471992,0.19695016350928166,0.12140898472371896,0.04042272090418689,0.01688400787018536,0,0,0
2026-03-11 08:00:00,2026,1988,UP,5199.92,5160.5,0.6690514624698632,2026-03-11 12:00:00,-12.270000000000437,-0.3112633181126437,0.5397421183858794,0.41132014427419694,0.0010881881165613384,0.04202093318793807,0.6108672270470863,0.4919359786273076,0.312270267717814,0.2533172338896889,1,1,1
2026-03-11 12:00:00,2026,1989,DOWN,5187.65,5210.85,0.3946285545232697,2026-03-12 12:00:00,-0.8200000000006185,-0.03534482758623245,0.3526053696952898,0.20903079873102542,0.5035139305921406,0.015923331660962405,0.5501839853235992,0.3299481402099524,0.15126645547182616,0.05993202208139056,0,1,0
2026-03-11 16:00:00,2026,1989,DOWN,5176.85,5210.85,0.5789443879079639,2026-03-12 12:00:00,-11.61999999999989,-0.34176470588234975,0.155444695508998,0.18141540583555052,0.3421439474977704,0.5563790832492551,0.2833154213808326,0.15945469162833883,0.056052974368998545,0.024944470791089548,0,1,1
2026-03-11 20:00:00,2026,1989,DOWN,5169.73,5196.85,0.46254578974111105,2026-03-12 12:00:00,-18.74000000000069,-0.6910029498525124,0.07554406305192896,0.1772162180846748,0.13841730420483223,0.40140162837772086,0.1817624048272097,0.06605032279786677,0.015381425562641578,0.004667756838353619,0,1,1
2026-03-12 00:00:05,2026,1989,DOWN,5178.94,5196.85,0.30675062895304245,2026-03-12 12:00:00,-9.530000000000655,-0.5321049692909128,0.027348517222549808,0.14399774467297954,0.04362696621965764,0.25425975497588804,0.059574218062471505,0.023858638360379974,0.004190855696844193,0.0009015008848656548,0,1,1
2026-03-12 04:00:00,2026,1989,DOWN,5168.54,5183.54,0.25692489391795126,2026-03-12 09:45:00,-15.0,-1.0,0.010280670788925049,0.1466208590907704,0.023935413820244663,0.22204610429451765,0.03568678482052088,0.010493978255098034,0.0016231708790619863,0.0003972170165807541,0,1,1
2026-03-12 08:00:00,2026,1989,DOWN,5154.5,5175.11,0.3537028571088932,2026-03-12 09:42:00,-20.609999999999673,-1.0,0.004853142687133919,0.15014799649700575,0.015727015171897986,0.19650061008632294,0.029031500829438547,0.004932264102340399,0.0006298698413127276,0.00011334696023621512,0,1,1
2026-03-12 12:00:00,2026,1990,UP,5188.47,5137.17,0.8816751093786099,2026-03-12 16:00:00,-37.350000000000364,-0.728070175438601,0.6439865127515444,0.45010004748549115,0.6160786228415956,0.5820697864689246,0.8575804026399011,0.6498304238139059,0.4992720866475284,0.38934629292485645,0,1,1
2026-03-12 16:00:00,2026,1991,DOWN,5151.12,5191.68,0.6979277961633866,2026-03-13 04:00:00,26.6899999999996,0.6580374753451513,0.4228257805649755,0.21820560808879566,0.18583073632476765,0.472691455373998,0.5899453164355928,0.41079676365549944,0.20107966744323522,0.1298905676207393,0,0,1
2026-03-12 20:00:00,2026,1991,DOWN,5105.19,5186.07,1.3913261470087592,2026-03-13 04:00:00,-19.24000000000069,-0.23788328387735738,0.27578446803258505,0.2964588565830072,0.66003515352173,0.6047345319387991,0.6925906628155759,0.27835254400000775,0.10075102932743557,0.040336044419730294,1,1,1
2026-03-13 00:00:00,2026,1991,DOWN,5080.32,5186.07,1.819261903929069,2026-03-13 04:00:00,-44.11000000000058,-0.4171158392435043,0.08252058486063296,0.3499288586450319,0.39607229890405693,0.4945549876720227,0.37587938088547274,0.08927371853364001,0.0234519829060267,0.006799886369044253,1,1,1
2026-03-13 04:00:00,2026,1992,UP,5124.43,5055.04,1.1944655917095857,2026-03-13 12:00:00,-34.840000000000146,-0.5020896382764084,0.7156948038526199,0.5025932979421823,0.05759139312414531,0.14216500319154732,0.9062861273707309,0.733314294324816,0.5735193144487263,0.3986357252186204,0,0,0
2026-03-13 08:00:00,2026,1992,UP,5103.34,5055.04,0.8336550737971874,2026-03-13 12:00:00,-13.75,-0.284679089026914,0.26269792293279337,0.4282258151809418,0.364893623568955,0.15769976341021405,0.4148976071638561,0.26343118412619515,0.12232480652495996,0.06443101100197321,0,1,0
2026-03-13 12:00:00,2026,1993,DOWN,5089.59,5128.49,0.6721617190228332,2026-03-13 16:00:00,-12.329999999999927,-0.31696658097686486,0.3375520063614365,0.21842177755672704,0.4739438446984684,0.13645998317622848,0.507157309177409,0.33245621484201093,0.1730687939789596,0.09963768116226801,1,1,1
2026-03-13 16:00:00,2026,1994,UP,5101.92,5061.41,0.7010683535395774,2026-03-13 16:52:00,-40.51000000000022,-1.0,0.6406685183014535,0.4655639382763037,0.2213483967581082,0.06559228633736691,0.7576195644556231,0.6546215221614221,0.4861482241458256,0.40297338020471885,0,0,0
2026-03-13 20:00:00,2026,1995,DOWN,5046.37,5121.66,1.2990889985599259,2026-03-16 16:00:00,16.349999999999454,0.2171603134546349,0.424815416854199,0.26198565978659066,0.18713437845877848,0.0774470504826555,0.6622653879528165,0.42864240752128197,0.21137283789841466,0.12443615239514874,1,1,1
2026-03-16 00:00:00,2026,1995,DOWN,5005.87,5121.66,2.0009478106878205,2026-03-16 16:00:00,-24.150000000000546,-0.20856723378530576,0.19567737754798395,0.29813481433454675,0.10969161071189816,0.06418859323775844,0.5315368008472242,0.20405468158157913,0.07788869021041363,0.02854314994335812,1,1,1
2026-03-16 04:00:00,2026,1995,DOWN,5015.91,5121.66,1.826432555414972,2026-03-16 16:00:00,-14.110000000000582,-0.13342789598109298,0.06266728623828806,0.3020379717066568,0.022305760047458677,0.026181104485316655,0.1985315917818947,0.061781190718391554,0.01130450774141832,0.003116024887217563,1,1,1
2026-03-16 08:00:00,2026,1995,DOWN,5017.36,5030.9,0.23451829045798836,2026-03-16 08:15:00,-13.539999999999964,-1.0,0.03210680843724397,0.23503561323909702,0.009472626389114776,0.013163488083442887,0.11072524639968771,0.029810658170956864,0.0031417700146347885,0.0005699691906263011,1,1,1
2026-03-16 12:00:00,2026,1995,DOWN,4975.27,5035.96,1.0506199280757231,2026-03-16 16:00:00,-54.75,-0.9021255561048008,0.024153801560565097,0.2737656661328733,0.008382370645859333,0.013985019048575093,0.23249253564849662,0.024021154577876465,0.0025570729689393047,0.00024453527008185243,1,1,1
2026-03-16 16:00:00,2026,1996,UP,5030.02,4970.04,1.0376788482591943,2026-03-16 20:00:00,-38.8100000000004,-0.6470490163387812,0.6896520862955969,0.48192083523874996,0.0010648953155951194,0.003432787655666652,0.8441411300555108,0.6839556707377595,0.47615280041989533,0.4073460708701994,0,0,0
2026-03-16 20:00:00,2026,1997,DOWN,4991.21,5037.91,0.8074545522733548,2026-03-17 04:00:00,-36.82999999999993,-0.7886509635974319,0.4295812523448227,0.24432149912659404,0.3335138045649224,0.0036710507808592496,0.5529857205560493,0.4363298025334062,0.21509108598798873,0.1374699828029927,1,0,1
2026-03-17 00:00:00,2026,1997,DOWN,5007.73,5037.91,0.5231395668406957,2026-03-17 04:00:00,-20.3100000000004,-0.6729622266401658,0.16388724404674268,0.18319598616016225,0.35580880874222687,0.0021430145826270334,0.24033256050925886,0.14373584954434337,0.048252097290703996,0.021529935347663356,1,1,1
2026-03-17 04:00:00,2026,1998,UP,5028.04,4973.99,0.9391337446716209,2026-03-17 12:00:00,-17.720000000000255,-0.32784458834412944,0.6307238539174307,0.4685789251463167,0.509559367444977,0.0012589572452126317,0.8462486667545464,0.6002692661874768,0.43047537801167873,0.30687565018155094,0,1,0
2026-03-17 08:00:00,2026,1998,UP,5021.0,4994.75,0.457560477273771,2026-03-17 12:00:00,-10.680000000000291,-0.40685714285715396,0.3455899686752705,0.4008981184038507,0.3818602777436373,0.4963718320899546,0.5408837375854215,0.3519628509612785,0.18289931312531568,0.15331338446042947,0,1,1
2026-03-17 12:00:00,2026,1999,DOWN,5010.32,5044.37,0.5954217333027263,2026-03-20 00:00:00,358.8899999999994,10.540088105726799,0.33692645032774693,0.18108163666568672,0.534965346107403,0.509839200344418,0.504138819876045,0.3568102633654755,0.18253549996220086,0.08680663184992898,0,1,1
2026-03-17 16:00:00,2026,1999,DOWN,5016.5,5044.37,0.48818996209515464,2026-03-20 00:00:00,365.0699999999997,13.09903121636172,0.1177560003744473,0.19833948158249456,0.2560071982954532,0.335273044231394,0.2073625789714165,0.11584339173025944,0.04165365491168328,0.01759627018730625,0,1,1
2026-03-17 20:00:00,2026,1999,DOWN,5002.43,5031.38,0.5076087973363709,2026-03-20 00:00:00,351.0,12.124352331606294,0.06105130854116431,0.21303967681293548,0.1773523685272976,0.34643672324550334,0.16936513721484645,0.06519525876283562,0.019881313829132042,0.006560810631608491,0,1,1
2026-03-18 00:00:00,2026,1999,DOWN,5005.87,5008.99,0.05494377869227669,2026-03-18 02:05:00,-3.119999999999891,-1.0,0.023056028415519444,0.18066497963874917,0.05063573507036604,0.2160514063587043,0.0705923487369557,0.020513855611739303,0.004225356914352962,0.001282252451947173,0,1,1
2026-03-18 04:00:00,2026,1999,DOWN,4998.63,5031.38,0.5785542113414545,2026-03-20 00:00:00,347.1999999999998,10.601526717557247,0.01093218200709639,0.17816108431422664,0.033506502563784436,0.18308587834937537,0.05179633912757001,0.011328525853144606,0.0023080772936361765,0.0004842842853547345,0,1,1
2026-03-18 08:00:00,2026,1999,DOWN,4997.63,5015.88,0.3233950322640587,2026-03-18 08:36:00,-18.25,-1.0,0.004366142317079533,0.1664389742931349,0.012675960969288774,0.13546792865125235,0.02361175878487323,0.0045403683441490855,0.0007820270303213107,0.0001416356615637239,0,1,1
2026-03-18 12:00:00,2026,1999,DOWN,4992.1,5016.15,0.42690905934139983,2026-03-20 00:00:00,340.6700000000001,14.165072765073196,0.0019004068339849955,0.1749856199472931,0.006837681098074766,0.10190723141335686,0.01767678165313145,0.0017489065048330627,0.0002484809042805612,3.548098095083118e-05,0,1,1
2026-03-18 16:00:00,2026,1999,DOWN,4878.07,5016.15,2.4267140622112024,2026-03-20 00:00:00,226.63999999999942,1.6413673232908426,0.002333675361830471,0.38750886899061326,0.007902526622669402,0.26465402285137957,0.06055996235681328,0.0024336826284358302,0.00011533932313435253,2.0493379425352518e-05,1,1,1
2026-03-18 20:00:00,2026,1999,DOWN,4890.7,5016.15,2.2078930039451112,2026-03-20 00:00:00,239.26999999999953,1.907293742526902,0.0002029017856115308,0.31441852915929763,0.0005230585258007412,0.04194685728426239,0.003749878420277749,0.0002063841230053417,1.205068077669902e-05,1.6417317828087678e-06,1,1,1
2026-03-19 00:00:00,2026,1999,DOWN,4824.36,4899.26,1.3136383202574697,2026-03-20 00:00:00,172.92999999999938,2.30881174899864,0.0002415239578595142,0.33533550443134424,0.0008169804787696728,0.061375446001456495,0.012262326511030616,0.0002797358823445156,1.0176922114716797e-05,4.6656878857059615e-07,1,1,1
2026-03-19 04:00:00,2026,1999,DOWN,4849.89,4899.26,0.8653912152577855,2026-03-20 00:00:00,198.46000000000004,4.019850111403696,2.954490261025647e-05,0.2221619603154772,6.604829263781348e-05,0.010230414944099736,0.0008381232213259675,3.0118428384868437e-05,9.152780770147092e-07,3.891290549672397e-08,1,1,1
2026-03-19 08:00:00,2026,1999,DOWN,4827.42,4867.0,0.6950056212567693,2026-03-20 00:00:00,175.98999999999978,4.446437594744824,2.7412715453578043e-05,0.27317081673955995,9.571328462265368e-05,0.01192903862562757,0.0019705562991411472,3.2396707726150084e-05,7.130762002611512e-07,1.1186073102271604e-08,1,1,1
2026-03-19 12:00:00,2026,1999,DOWN,4698.89,4867.0,2.9238801061018416,2026-03-20 00:00:00,47.460000000000036,0.28231515079412367,2.7371678644787996e-05,0.38678415713036307,5.926966383560646e-05,0.014768931011960683,0.00427879232243169,3.3527205969396974e-05,3.8756854900786576e-07,4.030394851409097e-09,1,1,1
2026-03-20 00:00:00,2026,2000,UP,4651.43,4502.58,2.5416018532062843,2026-03-20 12:00:00,16.17999999999938,0.10870003359085886,0.6315949184358093,0.5034011460117891,3.8252682477649706e-07,0.0003262852456227749,0.8457990485683885,0.6485596621211493,0.44761163434942025,0.2607149697876095,0,0,0
2026-03-20 04:00:00,2026,2000,UP,4677.58,4634.08,0.7422890397292842,2026-03-20 12:00:00,-9.970000000000255,-0.22919540229885643,0.39305528214986096,0.3850227014369694,0.6468888694155273,0.00021839232637592526,0.5744289995990445,0.40059169555915575,0.17015381354104225,0.08234865140113941,0,1,0
2026-03-20 08:00:00,2026,2000,UP,4688.68,4634.08,0.9311016004599237,2026-03-20 12:00:00,-21.07000000000062,-0.38589743589744463,0.14162474355434235,0.36198490375765957,0.27485133495824665,0.00025929937288917337,0.25205683604901546,0.1445643205675937,0.04449974508322575,0.017949671921726314,0,1,0
2026-03-20 12:00:00,2026,2001,DOWN,4667.61,4735.68,1.1590242159766826,2026-03-23 16:00:00,213.28999999999996,3.1333920963713533,0.36991731372051506,0.19006385342774487,0.10331791315850951,0.00023199999710781297,0.57349114097112,0.3797130503124127,0.17309944294574559,0.06602978476571303,1,0,1
2026-03-20 16:00:00,2026,2001,DOWN,4616.34,4734.79,2.012275356463568,2026-03-23 16:00:00,162.02000000000044,1.367834529337279,0.1772146141698444,0.2995242808824867,0.5551053664180855,0.00021370038293166177,0.5796710929451209,0.18098085586828555,0.06782498580871255,0.016047180827168866,1,1,1
2026-03-20 20:00:00,2026,2001,DOWN,4573.39,4695.47,2.0694517144272653,2026-03-23 16:00:00,119.07000000000062,0.9753440366972533,0.05750672227480049,0.2788626447865261,0.28289999829884804,0.00010654605139786453,0.24244627813918246,0.06830034951835301,0.021903093340817546,0.005087047410819574,1,1,1
2026-03-23 04:00:00,2026,2001,DOWN,4388.11,4535.57,2.4537276008584907,2026-03-23 16:00:00,-66.21000000000004,-0.44900311949003135,0.020532371479768628,0.35215992082179126,0.05129285555060643,5.439651487691658e-05,0.1624090240800532,0.018930029175908643,0.0016419027824840279,0.00013703790689258922,1,1,1
2026-03-23 08:00:00,2026,2001,DOWN,4310.02,4535.57,3.7326368307777726,2026-03-23 16:00:00,-144.29999999999927,-0.6397694524495665,0.006945731498191841,0.38579577570411355,0.015185344500795735,1.5128822053452182e-05,0.15656101989571067,0.007092524355550027,0.00047367430475984013,1.0531451591356842e-05,1,1,1
2026-03-23 20:00:00,2026,2002,UP,4426.47,4351.15,1.1979506899934111,2026-03-24 02:39:00,-75.32000000000062,-1.0,0.2779047523465972,0.4177163939336197,0.2953755378779157,0.42191616504947244,0.45778276125671985,0.2755802370794251,0.15222571318290506,0.0809906095473861,0,1,1
2026-03-24 00:00:00,2026,2002,UP,4414.32,4351.15,1.002829008655744,2026-03-24 02:39:00,-63.17000000000007,-1.0,0.0840903532138955,0.3701198411470242,0.10620926592379105,0.5367423708810578,0.23307049975158625,0.08513426956230877,0.02984768411377574,0.006454809384308245,0,1,0
2026-03-24 04:00:00,2026,2003,DOWN,4322.07,4448.26,1.9897436470139551,2026-03-24 12:00:00,-104.5600000000004,-0.8285918060068149,0.48821129239747496,0.26078599247118944,0.6319842332691964,0.643809139341242,0.7707583629173115,0.4941284116365237,0.21649800438772723,0.08175549208716784,1,1,1
2026-03-24 08:00:00,2026,2003,DOWN,4347.3,4448.26,1.5905445092299142,2026-03-24 12:00:00,-79.32999999999993,-0.785756735340728,0.12404163014267963,0.21067261775526067,0.25930859754723246,0.31892755715099713,0.22931645189808295,0.11902300422261303,0.0438086140116052,0.014082700047224419,1,1,1
2026-03-24 12:00:00,2026,2004,UP,4426.63,4319.73,1.680267783802356,2026-03-24 20:00:00,-38.10999999999967,-0.3565014031805377,0.7423493064906763,0.4250966372723389,0.5902781076276005,0.574413327728132,0.9005917047350471,0.7454752844243125,0.5501524118898385,0.37049883858431965,0,1,1
2026-03-24 16:00:00,2026,2004,UP,4381.73,4319.73,0.9722308510596506,2026-03-24 20:00:00,6.790000000000873,0.10951612903227215,0.2317727359684689,0.4070227747450103,0.19123082505797975,0.2735867733654232,0.45023479909725467,0.2128638599887073,0.12346917050989523,0.06223740107283297,0,1,1
2026-03-24 20:00:00,2026,2005,DOWN,4388.52,4433.63,0.7075218675455213,2026-03-24 22:23:00,-45.10999999999967,-1.0,0.4239007735326912,0.24897531418709049,0.12830399327666,0.47278953182826355,0.5276180560036714,0.39054094420591595,0.18043881257670574,0.10335850102964846,1,0,1
2026-03-25 00:00:00,2026,2006,UP,4472.42,4372.22,1.5666209118836485,2026-03-25 12:00:00,79.32999999999993,0.7917165668662681,0.6969205523524222,0.4464966061142431,0.19500728929204011,0.7449672889955319,0.8943107927778654,0.6879506196134137,0.5077173525249996,0.4269434753796862,0,1,1
2026-03-25 04:00:00,2026,2006,UP,4595.31,4372.22,3.463572492281585,2026-03-25 12:00:00,-43.5600000000004,-0.19525751938679622,0.581799070194738,0.5435728128081323,0.21071391704081674,0.8692341400041784,0.9158839874998339,0.5656733852718255,0.30315906514331115,0.19006997256474661,0,1,1
2026-03-25 08:00:00,2026,2006,UP,4555.94,4372.22,2.8551849512874927,2026-03-25 12:00:00,-4.1899999999996,-0.02280644458959076,0.08164385404334003,0.3720192462892542,0.019004207962538384,0.4736892148689965,0.2000109607104501,0.06735137157846388,0.025325570251249083,0.012086051035085145,0,1,1
2026-03-25 12:00:00,2026,2007,DOWN,4551.75,4602.32,0.7875637928865827,2026-03-27 04:00:00,134.23999999999978,2.6545382637927735,0.3842233046706419,0.20585799080523248,0.00688395426243197,0.315852130029149,0.474708170096353,0.3989742304993555,0.19074940389957576,0.07898432531167249,0,0,0
2026-03-25 16:00:00,2026,2007,DOWN,4544.86,4585.92,0.6394576075680574,2026-03-27 04:00:00,127.34999999999945,3.1015586945932347,0.16799002369648064,0.24750307867010674,0.0026820797045369474,0.1836009249152842,0.3044492044572731,0.15647730639188218,0.05380931692439414,0.020904903724472044,0,0,0
2026-03-25 20:00:00,2026,2007,DOWN,4550.62,4585.92,0.5502285047626244,2026-03-27 04:00:00,133.10999999999967,3.770821529745014,0.08153613090112662,0.24904847561123622,0.0010500888933909897,0.11090982874583072,0.1729473066469678,0.07700826542585633,0.020788154104020882,0.005653596333061414,0,0,0
2026-03-26 00:00:02,2026,2007,DOWN,4510.84,4568.83,0.9025287326093382,2026-03-27 04:00:00,93.32999999999993,1.609415416451117,0.03265649986851697,0.241520835266273,0.5793152441092523,0.021320175755077584,0.18995692973892575,0.0344539866616809,0.007846447980345714,0.0015948077902958398,0,1,0
2026-03-26 04:00:00,2026,2007,DOWN,4535.41,4568.83,0.5205503165309778,2026-03-27 04:00:00,117.89999999999964,3.5278276481148825,0.006506635674578276,0.18105955982793961,0.21404231659093576,0.02885669085736901,0.02552896613393561,0.006522746228513705,0.0012338824625702561,0.00024915133557628895,0,1,0
2026-03-26 08:00:00,2026,2007,DOWN,4438.87,4543.97,1.6323959187874675,2026-03-27 04:00:00,21.359999999999673,0.20323501427211796,0.007831001136519869,0.24036654497560478,0.23731294230142488,0.6386967915919344,0.08380571532832734,0.007735536312593526,0.0009013195775936997,0.00012283096079449912,0,1,1
2026-03-26 12:00:00,2026,2007,DOWN,4423.71,4543.97,1.8699729397765368,2026-03-27 04:00:00,6.199999999999818,0.051554964244136095,0.0019823858308215298,0.21104753848912078,0.0777050652372703,0.4702726281204395,0.01864734083317928,0.002394835763167582,0.0002774644870172575,2.2091391999376514e-05,0,1,1
2026-03-26 16:00:00,2026,2007,DOWN,4452.61,4543.97,1.4230904826377766,2026-03-27 04:00:00,35.099999999999454,0.3841943957968392,0.0003826418302148637,0.16355031667350564,0.01364364334900351,0.20173930925448855,0.002848660483976539,0.0003654909629436301,3.118883266972228e-05,2.0461866066967603e-06,0,1,1
2026-03-26 20:00:00,2026,2007,DOWN,4381.46,4479.28,1.5173737129329503,2026-03-27 04:00:00,-36.05000000000018,-0.3685340421181792,0.0004234113421944074,0.20003025732885923,0.018163983141263475,0.2883485362947812,0.009224453110102851,0.00046958716470583457,2.5259236279234625e-05,8.464345560811474e-07,0,1,1
2026-03-27 00:00:00,2026,2007,DOWN,4378.32,4479.28,1.5653831811575825,2026-03-27 04:00:00,-39.19000000000051,-0.38817353407290506,8.608284450337037e-05,0.16375960151440788,0.003641816680037866,0.12179412150764415,0.0019725571954111315,8.980943260086467e-05,4.860460674546395e-06,1.5409515195940851e-07,0,1,1
2026-03-27 04:00:00,2026,2008,UP,4417.51,4351.02,1.0326320288100583,2026-03-27 16:00:00,13.539999999999964,0.20363964505940754,0.6857254543552499,0.4445120719969436,0.0011528234027069972,0.06340902516947915,0.8230417748555374,0.6804613670767692,0.4740150340269486,0.3538516861538962,0,0,0
2026-03-27 08:00:00,2026,2008,UP,4454.65,4375.26,1.2336082934052692,2026-03-27 16:00:00,-23.599999999999454,-0.29726665826929877,0.41404238171969837,0.4845479977626299,0.6640571760941338,0.6057635559322977,0.7255014671786004,0.4533924065681185,0.26517030895524557,0.13447017772450284,0,1,1
2026-03-27 12:00:00,2026,2008,UP,4429.2,4375.26,0.8390397223969412,2026-03-27 16:00:00,1.8500000000003638,0.034297367445316605,0.12195416613972604,0.3740885571252838,0.21444169396786672,0.28709298524694604,0.16917467212864445,0.11948772224352996,0.035952675347575194,0.015711482438821103,0,1,1
2026-03-27 16:00:00,2026,2009,DOWN,4431.05,4475.34,0.6903352312525479,2026-03-27 16:47:00,-44.289999999999964,-1.0,0.293313399059744,0.1930366274259921,0.41528915770762964,0.46147772268133025,0.39634854217912807,0.29012570985556674,0.13856837887012066,0.07679517711127447,0,1,1
2026-03-27 20:00:00,2026,2010,UP,4486.9,4404.34,1.2801052803242285,2026-03-30 04:00:00,-54.73999999999978,-0.6630329457364356,0.6302881062104326,0.45676040976324983,0.6303442989048719,0.7015765706355459,0.7745984922806278,0.6306553261351664,0.43735351851888526,0.38434069063199583,1,1,1
2026-03-30 01:00:00,2026,2010,UP,4493.52,4486.33,0.11169635272517238,2026-03-30 01:00:00,-7.190000000000509,-1.0,0.30041760007769397,0.40985962506138457,0.3973312084257845,0.6061155738738295,0.4626096752425569,0.308030160981874,0.16067325521341366,0.10695570355363548,1,1,1
2026-03-30 04:00:00,2026,2011,DOWN,4432.16,4555.33,1.9085226036832539,2026-03-30 08:00:00,-64.80000000000018,-0.5261021352602107,0.47067692508703446,0.29021993901417337,0.6719348157767902,0.677538421755398,0.7673525519786187,0.4775631821582245,0.2521792541743883,0.11366129700608942,0,1,1
2026-03-30 08:00:00,2026,2012,UP,4496.96,4419.64,1.1959051045900408,2026-03-31 01:00:00,17.050000000000182,0.22051215726849774,0.7264281957646441,0.4895832763861361,0.14406607914132488,0.628511951576535,0.8466544456470781,0.7366547947122198,0.525931504588584,0.44713582476244396,1,0,1
2026-03-30 12:00:00,2026,2012,UP,4538.56,4419.64,1.8410269859117767,2026-03-31 01:00:00,-24.550000000000182,-0.20644130507904615,0.3992892502096779,0.5347281703429643,0.7501534460804294,0.7032508924310984,0.7683743924609965,0.4136642757396193,0.23087526788808527,0.1184838346800284,1,1,1
2026-03-30 16:00:00,2026,2012,UP,4569.72,4419.64,2.3249284528914207,2026-03-31 01:00:00,-55.710000000000036,-0.37120202558635434,0.20085727245287865,0.5719785997944895,0.611941298199754,0.6733362485655336,0.6395099261107909,0.20486234481837243,0.07209490272566586,0.02109438786848765,1,1,1
2026-03-30 20:00:00,2026,2012,UP,4539.87,4512.45,0.42470760079808834,2026-03-30 20:57:00,-27.420000000000073,-1.0,0.05347243307505166,0.4108495115842497,0.21505872985526905,0.3479059552080719,0.18792142929058933,0.05224948656404712,0.011832129838511021,0.0032333131157582457,1,1,1
2026-03-31 01:00:00,2026,2013,DOWN,4514.01,4580.64,1.033391774416959,2026-03-31 04:00:00,-33.649999999999636,-0.5050277652708927,0.38628492693401384,0.24408130735357414,0.5457314215768586,0.10937233021631411,0.5995562825985643,0.40708065441247904,0.21993906175133623,0.10408753477675907,0,1,0
2026-03-31 04:00:00,2026,2014,UP,4547.66,4419.64,1.985332417117597,2026-04-02 08:00:00,124.90000000000055,0.9756288079987581,0.6502125600846583,0.505432205826527,0.16330269552886476,0.15815013457192836,0.8571676827621723,0.6496494750510854,0.4790707820465829,0.3819256007637995,1,0,1
2026-03-31 08:00:00,2026,2014,UP,4564.7,4482.68,1.269445483457136,2026-04-02 08:00:00,107.86000000000058,1.315045110948564,0.3218318371817319,0.46416796538677985,0.613892141662145,0.1671706350354967,0.6339325307741425,0.33284123003941973,0.14779725528433152,0.13490029009889629,1,1,1
2026-03-31 12:00:00,2026,2014,UP,4568.78,4482.68,1.3356534808649627,2026-04-02 08:00:00,103.78000000000065,1.2053426248548351,0.13864338426489936,0.5133529611797998,0.40510964598789656,0.10848942746901671,0.45294546005473346,0.1352862011711672,0.04060167262445808,0.022519984352828475,1,1,1
2026-03-31 16:00:00,2026,2014,UP,4575.05,4529.44,0.7073184436754165,2026-04-02 08:00:00,97.51000000000022,2.1379083534312424,0.07667074523008624,0.469300424717803,0.23886087988299273,0.07954436073313177,0.31544554942201114,0.0798193097979951,0.01769695344556755,0.005366028108196354,1,1,1
2026-03-31 20:00:00,2026,2014,UP,4638.44,4529.44,1.6875455048288344,2026-04-02 08:00:00,34.1200000000008,0.3130275229357872,0.052714349831394655,0.5457199017870861,0.22948850768143186,0.10289283026992428,0.37518009139671954,0.06035667074726413,0.009942508199444216,0.002390191480013236,1,1,1
2026-04-01 01:00:00,2026,2014,UP,4671.84,4529.44,2.2072819064052442,2026-04-02 08:00:00,0.7200000000002547,0.005056179775282668,0.011346780575890477,0.5845211304144404,0.11969326373925505,0.07323234427413716,0.1534766792462454,0.012804139126896989,0.002200749334591792,0.0003994357415139057,1,1,1
2026-04-01 04:00:00,2026,2014,UP,4711.11,4661.63,0.7672111759795343,2026-04-02 04:32:00,-49.47999999999956,-1.0,0.006497993735700538,0.5293326823427937,0.07958099955831148,0.06778254297878543,0.10875444714403097,0.008006596994923365,0.0009623093333033865,9.87028854132655e-05,1,1,1
2026-04-01 08:00:00,2026,2014,UP,4676.61,4661.63,0.23241911845804555,2026-04-02 04:32:00,-14.979999999999563,-1.0,0.0011797774528747875,0.4102199903492296,0.006477624798566606,0.011204821701151082,0.010493639293056566,0.0011788596799431207,8.930877440969156e-05,7.903558747680462e-06,1,1,1
2026-04-01 12:00:00,2026,2014,UP,4728.92,4667.03,0.9595412713959465,2026-04-02 04:32:00,-61.89000000000033,-1.0,0.001042015895137392,0.4842404037548059,0.00935838833026614,0.016082401242536255,0.032865342890815684,0.001321618616914576,8.816164472912753e-05,6.636061339882578e-06,1,1,1
2026-04-01 16:00:00,2026,2014,UP,4725.01,4667.03,0.9000579696399015,2026-04-02 04:32:00,-57.98000000000047,-1.0,0.00026841152730265974,0.449299626284732,0.0026514768065085846,0.006781204364003024,0.009213242723479021,0.0003127616328404706,1.9319624297953603e-05,1.276079882276226e-06,1,1,1
2026-04-01 20:00:00,2026,2014,UP,4787.29,4716.23,1.1021520714907065,2026-04-02 04:20:00,-71.0600000000004,-1.0,0.00021144114619906006,0.4896894731272752,0.0020886728234558683,0.007552638450296201,0.016704899157135238,0.00024240370852708225,9.895240021221981e-06,3.8132189102213245e-07,1,1,1
2026-04-02 01:03:01,2026,2014,UP,4758.56,4741.99,0.25730454690751026,2026-04-02 04:04:00,-16.57000000000062,-1.0,4.373159883821334e-05,0.37577619436756066,0.0002752208616253003,0.0017848769418546304,0.0017341841714651367,5.160229348134935e-05,1.7056594351151742e-06,5.661502778098356e-08,1,1,1
2026-04-02 04:00:00,2026,2014,UP,4784.85,4741.99,0.6665190575134202,2026-04-02 04:04:00,-42.86000000000058,-1.0,2.175288897488016e-05,0.420983231991197,0.00026598015311598406,0.001733174013849319,0.002512383169305328,2.8249391878368843e-05,8.916970835056045e-07,2.1151681045353063e-08,1,1,1
2026-04-02 08:00:00,2026,2015,DOWN,4672.56,4800.23,1.9732800854855026,2026-04-02 20:00:00,13.220000000000255,0.1035482102295006,0.5351445781777318,0.2517092642641594,0.6677690781030746,0.694753422972023,0.7742474427515618,0.5348258442042211,0.2699089546955588,0.14257416399897624,0,1,1
2026-04-02 12:00:00,2026,2015,DOWN,4620.75,4800.23,2.759332444589975,2026-04-02 20:00:00,-38.590000000000146,-0.2150100289725888,0.1706825689983811,0.32963886343963106,0.19786342903858722,0.47688283096504464,0.43231896925525276,0.1577128120766646,0.06419903552205393,0.021706679422589692,0,1,1
2026-04-02 16:00:00,2026,2015,DOWN,4601.9,4800.23,3.055057561785221,2026-04-02 20:00:00,-57.44000000000051,-0.28961831291282475,0.051282279692396876,0.28951109571395633,0.10206367629642746,0.3350878101461327,0.2376971118406318,0.0496777566469438,0.015233575869036267,0.0022146040996289273,0,1,1
2026-04-02 20:00:00,2026,2016,UP,4659.34,4580.8,1.2042968799053693,2026-04-06 04:00:00,-37.029999999999745,-0.47147950089126256,0.6789839543283923,0.5206392480647615,0.029872399129124816,0.1624244855299631,0.8577349616204837,0.6579335417072455,0.4302901512558116,0.338181385049866,1,0,0
2026-04-06 01:00:00,2026,2016,UP,4650.88,4580.8,1.0772598661935604,2026-04-06 04:00:00,-28.56999999999971,-0.4076769406392657,0.4287408970541338,0.48481203158890734,0.5628901857596947,0.10642660599836398,0.7098955355763943,0.42648227164671204,0.20444421566878776,0.09162131395198883,1,1,0
2026-04-06 04:00:00,2026,2017,DOWN,4622.31,4681.72,0.9124499677366822,2026-04-06 08:00:00,-36.94999999999982,-0.6219491668069334,0.37263188606226627,0.20490629454725423,0.5774223480709836,0.1626687643768263,0.5293879601556744,0.40721235819387325,0.2054541215222577,0.10748981132504891,0,1,1
2026-04-06 08:00:00,2026,2018,UP,4659.26,4600.83,0.8984496587074463,2026-04-06 20:00:00,1.0900000000001455,0.01865480061612425,0.6718963806538872,0.4938325995530159,0.19495049211809212,0.05612973422001678,0.7848851170844299,0.6698162396248125,0.492456538347868,0.4223166069774723,1,0,0
2026-04-06 12:00:00,2026,2018,UP,4696.21,4600.83,1.4679465997418832,2026-04-06 20:00:00,-35.85999999999967,-0.3759698049905602,0.4653101215755938,0.4821582110484369,0.6969123103248842,0.6842299199883757,0.7404559712134654,0.4731389864845914,0.258023010745872,0.15535747384253784,1,1,1
2026-04-06 16:00:00,2026,2018,UP,4676.13,4600.83,1.160706991529857,2026-04-06 20:00:00,-15.779999999999745,-0.20956175298804391,0.15949001782606556,0.4142832143079215,0.3141066098335871,0.40719109838523637,0.2988414400988593,0.1547786642082184,0.049621447471632135,0.030053294526458347,1,1,1
2026-04-06 20:00:00,2026,2019,DOWN,4660.35,4697.58,0.5748316758737764,2026-04-07 12:00:00,-22.649999999999636,-0.6083803384367419,0.35105640786164083,0.1973045555382844,0.49574643956900993,0.23309978696823855,0.5662542730154638,0.355295438642407,0.16679500080649298,0.06333027843851466,0,1,0
2026-04-07 01:00:00,2026,2019,DOWN,4651.29,4697.58,0.7174090420648295,2026-04-07 12:00:00,-31.710000000000036,-0.6850291639663008,0.15206141734475273,0.2223977725808213,0.31471660029765725,0.503155895271635,0.3360780043790596,0.16128715837422766,0.06518679379441662,0.02284371310031286,0,1,1
2026-04-07 04:00:00,2026,2019,DOWN,4654.85,4668.11,0.20631191381269035,2026-04-07 11:20:00,-13.259999999999309,-1.0,0.06031053980586373,0.2057080399980492,0.1258990046038197,0.32628235801699573,0.179710064032402,0.047600696840928415,0.013468675847059878,0.00412807736024047,0,1,1
2026-04-07 08:00:00,2026,2019,DOWN,4660.34,4664.42,0.06357038509654775,2026-04-07 11:14:00,-4.079999999999927,-1.0,0.023097876173749136,0.18281006054258814,0.056604190966751955,0.2705848555943193,0.05503822400924135,0.024066961260853524,0.005189291115032382,0.0013876588453477288,0,1,1
2026-04-07 12:00:00,2026,2020,UP,4683.0,4623.08,0.933327005528901,2026-04-07 16:00:00,-31.36999999999989,-0.5235313751668867,0.6890004491849618,0.47551840005129764,0.6104359307784228,0.63442082096523,0.8597658837747005,0.6759558301754245,0.48086284056996775,0.3420457866502125,1,1,1
2026-04-07 16:00:00,2026,2021,DOWN,4651.63,4694.51,0.6678198515140878,2026-04-07 22:20:00,-42.88000000000011,-1.0,0.4138291707243382,0.24549881595507397,0.27346730293908444,0.39526137415446533,0.5558610473593244,0.4043786547935775,0.185150683899919,0.10345827769752408,0,0,0
2026-04-07 20:00:00,2026,2021,DOWN,4657.02,4694.51,0.5840246650390792,2026-04-07 22:20:00,-37.48999999999978,-1.0,0.15209906471479168,0.20968120145910488,0.38098493035050657,0.44579710321423577,0.28002031437871144,0.146835434133992,0.044125909202188375,0.025094227818422656,0,1,1
2026-04-08 01:00:01,2026,2022,UP,4720.45,4607.42,1.7607204217270978,2026-04-08 16:00:00,79.07000000000062,0.6995487923560187,0.6493667141802877,0.48484022730993287,0.729011106294508,0.7287385088721172,0.8486143455149137,0.6505803658952934,0.5006011467768577,0.3817920221334113,1,1,1
2026-04-08 04:00:00,2026,2022,UP,4818.14,4607.42,3.2577251494637105,2026-04-08 16:00:00,-18.61999999999989,-0.08836370539103962,0.4587862039379985,0.6157284585640469,0.7531607506152453,0.8737128541442599,0.8198320824985558,0.4407186163531108,0.2336141698527025,0.1729689375768875,1,1,1
2026-04-08 08:00:00,2026,2022,UP,4803.81,4787.99,0.24515353436578863,2026-04-08 12:43:00,-15.820000000000618,-1.0,0.18791134233170012,0.43173064474910994,0.25122344676577296,0.5786492329592748,0.30807859775878566,0.1656270684545893,0.050092349657917194,0.017497889204951097,1,1,1
2026-04-08 12:00:00,2026,2022,UP,4794.02,4790.17,0.059717970846579774,2026-04-08 12:43:00,-3.850000000000364,-1.0,0.04768951658848566,0.3592796098821298,0.10502990902597877,0.3889548807024859,0.1298973365851252,0.048434975453270114,0.012990733243295418,0.002625916553904186,1,1,1
2026-04-08 16:00:00,2026,2023,DOWN,4799.52,4843.76,0.687783184446943,2026-04-09 12:00:00,73.08000000000084,1.6518987341772422,0.3241703927506056,0.21757705103870828,0.04275857897250898,0.24609726184664601,0.4068048878386179,0.3114770649105262,0.15448351785004183,0.09175234635985315,0,0,0
2026-04-08 20:00:00,2026,2023,DOWN,4760.41,4807.14,0.7258619005474986,2026-04-09 12:00:00,33.970000000000255,0.726942007275838,0.18406809196634535,0.21433729199969748,0.5078092743346875,0.06549479623842502,0.3655596619796717,0.18229095785214816,0.059467148982433125,0.02280620418916158,0,1,0
2026-04-09 01:00:01,2026,2023,DOWN,4719.77,4807.14,1.3570802008772525,2026-04-09 12:00:00,-6.669999999999163,-0.07634199381937933,0.09259108076843114,0.21357580967475207,0.3346596788382414,0.553843866808265,0.25181266718512063,0.09167464183535029,0.022965840599196784,0.007374352457969694,0,1,1
2026-04-09 04:00:00,2026,2023,DOWN,4706.46,4734.05,0.4296189783081887,2026-04-09 12:00:00,-19.979999999999563,-0.724175425878922,0.037458799422661525,0.169725428177504,0.1513362741988085,0.431317133050276,0.10448469593333773,0.03799237651044759,0.0070771609345758645,0.0013971062118205923,0,1,1
2026-04-09 08:00:00,2026,2023,DOWN,4720.93,4732.91,0.18704598951485282,2026-04-09 11:44:00,-11.979999999999563,-1.0,0.00879173149612691,0.1340974503090211,0.0442637059876183,0.2559034597319326,0.03161572813199401,0.008187936642387037,0.0012622861851612477,0.0002260970338079573,0,1,1
2026-04-09 12:00:00,2026,2024,UP,4726.44,4703.54,0.3586157404744384,2026-04-10 04:00:00,36.30000000000018,1.5851528384279807,0.6182476125524381,0.4459116417181047,0.018102802204546947,0.16653993672258843,0.7564414323667745,0.6102516345956196,0.44166939861672094,0.3738769310608797,1,0,0
2026-04-09 16:00:00,2026,2024,UP,4746.29,4703.54,0.6710542927129952,2026-04-10 04:00:00,16.449999999999818,0.38479532163742264,0.39360961021610535,0.4327008061226969,0.623257925066966,0.6045723294929707,0.642955375789224,0.3936881924541972,0.20658650532059974,0.13512318073985793,1,1,1
2026-04-09 20:00:00,2026,2024,UP,4789.14,4703.54,1.3438418705462005,2026-04-10 04:00:00,-26.400000000000546,-0.3084112149532761,0.2695519764772813,0.4797631290778209,0.5509352012149498,0.6757511343269127,0.5841966462125503,0.2789263178551221,0.09986061658186665,0.03894208022207163,1,1,1
2026-04-10 01:00:00,2026,2024,UP,4766.93,4703.54,0.9972018758863208,2026-04-10 04:00:00,-4.190000000000509,-0.06609875374665543,0.05953827935978162,0.3678845174698693,0.14242818946572627,0.3554233222153672,0.12078287381920254,0.056339933804636776,0.013358546538482624,0.005419402691232667,1,1,1
2026-04-10 04:00:00,2026,2025,DOWN,4762.74,4801.19,0.606660438874717,2026-04-10 16:00:00,-9.280000000000655,-0.2413524057217347,0.3544052643209839,0.21859124436872832,0.06039453289573201,0.2637644709962744,0.5188350598420093,0.3565263165301635,0.19753263438883775,0.11199788597231891,0,0,0
2026-04-10 08:00:00,2026,2025,DOWN,4758.6,4777.02,0.29125064560240466,2026-04-10 15:30:00,-18.420000000000073,-1.0,0.13914514459657215,0.22437461806470638,0.3894752093908908,0.16006926219498116,0.27193876758863506,0.13037101776249965,0.04563050085304331,0.015709533692079763,0,1,0
2026-04-10 12:00:00,2026,2025,DOWN,4740.72,4770.77,0.47617267645357053,2026-04-10 15:18:00,-30.050000000000182,-1.0,0.07169234715346377,0.22292986573792697,0.3565998744709208,0.5498140185126834,0.24043901861688788,0.07264016918723311,0.023115022464296687,0.00752302897412391,0,1,1
2026-04-10 16:00:00,2026,2026,UP,4772.02,4730.58,0.657903832711433,2026-04-13 01:00:13,-81.70000000000073,-1.97152509652509,0.6502429232190086,0.46460421273248637,0.6901108741596627,0.6750300503394167,0.8490675033635149,0.6663492158446556,0.524609310675842,0.41664062059721263,1,1,1
2026-04-10 20:00:00,2026,2026,UP,4764.12,4730.58,0.533210893857669,2026-04-13 01:00:13,-73.80000000000018,-2.2003577817531386,0.3077022523674369,0.45160935761925414,0.3165959311759983,0.41672614081276144,0.49317454414650413,0.292206083879962,0.14608972171572368,0.0980018397001031,1,1,1
2026-04-13 01:00:13,2026,2027,DOWN,4690.32,4773.21,1.3213624253323064,2026-04-13 08:00:00,-33.11000000000058,-0.3994450476535222,0.33706854380072826,0.23439635790135172,0.5552820853220448,0.537595461069193,0.5756025958111554,0.32831838208206504,0.1756957160379489,0.0965907458452494,0,1,1
2026-04-13 04:00:00,2026,2027,DOWN,4694.76,4773.21,1.2458646894895926,2026-04-13 08:00:00,-28.670000000000073,-0.3654557042702376,0.13016087097566073,0.23767293790210653,0.2957186203610419,0.4811494539482096,0.19205244783372735,0.156378801069293,0.06068394637995155,0.04925305095461863,0,1,1
2026-04-13 08:00:00,2026,2028,UP,4723.43,4643.82,1.2674903332562741,2026-04-13 16:00:00,-0.07000000000061846,-0.0008792865218015067,0.603289508348512,0.43901768971162425,0.06328184563162143,0.2177083909400439,0.8006993613432368,0.6408878654555851,0.5007244378601916,0.33871248644107127,0,0,0
2026-04-13 12:00:00,2026,2028,UP,4723.57,4708.61,0.23901053056016552,2026-04-13 13:27:00,-14.960000000000036,-1.0,0.27407763457187373,0.41096553910757294,0.4866402557746878,0.16172245523086448,0.48517489139137004,0.27295557906097745,0.14707154394501584,0.07259563877280227,0,1,0
2026-04-13 16:00:00,2026,2029,DOWN,4723.36,4739.98,0.2664090604412512,2026-04-13 16:49:00,-16.61999999999989,-1.0,0.29419106687016267,0.16852536269113852,0.4750996282883817,0.17572624288954217,0.3959251033403216,0.302029872678884,0.1434708028500809,0.07924128097879544,0,1,1
2026-04-13 20:00:00,2026,2030,UP,4733.34,4643.82,1.4370690281731757,2026-04-14 16:00:00,37.970000000000255,0.4241510277033073,0.5144167579251049,0.4323126775142006,0.49921264896769785,0.07892873752869223,0.7214990766127969,0.5294945139284944,0.35300845731668534,0.24806712024637487,0,1,0
2026-04-14 01:00:00,2026,2030,UP,4744.65,4700.29,0.7143701264658673,2026-04-14 16:00:00,26.660000000000764,0.6009918845807249,0.3054682816875039,0.3767628009409957,0.3106306446902728,0.5031513488204903,0.5264110192649332,0.2936492522081461,0.1447266764785023,0.11156482153137916,0,1,1
2026-04-14 04:00:00,2026,2030,UP,4770.18,4700.29,1.1281817960825171,2026-04-14 16:00:00,1.1300000000001091,0.016168264415511575,0.1701812226493789,0.4632198774131337,0.2971710065143852,0.5850388390262563,0.5001883214420675,0.18577552850492685,0.07987724523273106,0.03478774591441241,0,1,1
2026-04-14 08:00:00,2026,2030,UP,4774.45,4700.29,1.2021198990388204,2026-04-14 16:00:00,-3.139999999999418,-0.04234088457388652,0.06455307592788712,0.4126442258927553,0.09988485574782432,0.4000677372189479,0.20030253077130694,0.06827082366354933,0.01840808666170346,0.005901891412803649,0,1,1
2026-04-14 12:00:00,2026,2030,UP,4787.26,4757.94,0.476273321623273,2026-04-14 13:39:00,-29.32000000000062,-1.0,0.03672567979234542,0.4726832252888177,0.05985814433546633,0.39691142763312165,0.19812249594048884,0.035462424454252475,0.006336445448834992,0.0015376117157784295,1,1,1
2026-04-14 16:00:00,2026,2031,DOWN,4771.31,4796.28,0.40651601843158675,2026-04-14 16:37:00,-24.969999999999345,-1.0,0.3692157024131934,0.23135217894957602,0.0122862826936779,0.20101076618615693,0.527007890640303,0.36723407864826046,0.1924509838789715,0.12340708427257609,0,0,0
2026-04-14 20:00:00,2026,2032,UP,4810.44,4752.33,0.947086506568701,2026-04-15 12:00:00,7.980000000000473,0.13732576148684422,0.6482605089109551,0.46384402995955215,0.0190344654015013,0.2992839888170326,0.8273113362390099,0.6647269998395033,0.5178918958236707,0.4174667715562411,1,1,1
2026-04-15 01:00:00,2026,2032,UP,4840.83,4752.33,1.4456047126861349,2026-04-15 12:00:00,-22.409999999999854,-0.2532203389830492,0.3807731876678265,0.5194185783282139,0.010176291634899668,0.2598524915514985,0.7066690691309365,0.40332953154542645,0.2498732984595902,0.13106672032407632,1,1,1
2026-04-15 04:00:00,2026,2032,UP,4835.67,4752.33,1.365983202931068,2026-04-15 12:00:00,-17.25,-0.20698344132469365,0.13283381947185596,0.4460697856299689,0.00144144479931152,0.09842675533663768,0.2631215391202691,0.11770885569489196,0.04018244960462464,0.016527556535785574,1,1,1
2026-04-15 08:00:00,2026,2032,UP,4825.35,4752.33,1.1975619240422182,2026-04-15 12:00:00,-6.930000000000291,-0.09490550534100588,0.047012276416677594,0.4102679126299706,0.0006157370585134329,0.06280315131865569,0.12295578893173595,0.052228460158450486,0.01422741228865736,0.006453710327104794,1,1,1
2026-04-15 12:00:00,2026,2033,DOWN,4818.42,4830.29,0.1952913816323935,2026-04-15 16:57:00,-11.86999999999989,-1.0,0.36214706006750813,0.19689841358531848,0.5067201947726573,0.020039680540912673,0.5358208116654714,0.3695052276772984,0.20447688109193998,0.08597910456743224,0,1,0
2026-04-15 16:00:00,2026,2033,DOWN,4811.51,4830.29,0.309756335223326,2026-04-15 16:57:00,-18.779999999999745,-1.0,0.1289620345014927,0.19869328060645766,0.25050022303576747,0.48226384086589685,0.2092115962663356,0.13365982972469195,0.053625823497255865,0.02589025220446975,0,1,1
2026-04-15 20:00:00,2026,2033,DOWN,4803.85,4830.48,0.43992429278521394,2026-04-16 03:00:00,-26.6299999999992,-1.0,0.07395711958254941,0.21949078274830658,0.16261462377919564,0.4407670611440092,0.19285224789412397,0.0700986964391595,0.020298610762955454,0.0054456256219844144,0,1,1
2026-04-16 01:00:01,2026,2033,DOWN,4792.89,4830.48,0.6232451284923449,2026-04-16 03:00:00,-37.589999999999236,-1.0,0.03219403201660777,0.20065324496003362,0.09447944827800876,0.3853891581472336,0.1323601646272562,0.03574627119240881,0.01069012627542142,0.002030940677893621,0,1,1
2026-04-16 04:00:00,2026,2034,UP,4833.3,4787.73,0.7564846243446057,2026-04-16 12:00:00,-19.48999999999978,-0.42769365810839405,0.6797661228090356,0.5011802976619675,0.7439925282509817,0.7262000699928455,0.9046131644904024,0.6830649657591769,0.5607023296545626,0.4569483796908378,1,1,1
2026-04-16 08:00:00,2026,2034,UP,4833.32,4787.73,0.7592821481560121,2026-04-16 12:00:00,-19.50999999999931,-0.42794472472031686,0.43692096926407065,0.4583438495900976,0.4406792588132451,0.49433639064036383,0.6576838785230454,0.4064161152133403,0.20527509239475733,0.11433831198722458,1,1,1
2026-04-16 12:00:00,2026,2035,DOWN,4813.81,4838.32,0.40927776110428465,2026-04-17 08:00:00,10.550000000000182,0.4304365565075675,0.39527874864883816,0.23183926541629235,0.13110979635187653,0.28555110320766486,0.5801054266778947,0.38997192272090947,0.2076456836582468,0.11999480067297393,0,0,0
2026-04-16 16:00:00,2026,2035,DOWN,4816.19,4838.32,0.37097639179723435,2026-04-17 08:00:00,12.929999999999382,0.5842747401716818,0.164107518105845,0.1831568722935542,0.41108945298315147,0.4530078658350288,0.27611869008098194,0.14844543462246465,0.04924348167323356,0.02447997550954254,0,1,1
2026-04-16 20:00:00,2026,2035,DOWN,4792.01,4823.96,0.5360344968785764,2026-04-17 08:00:00,-11.25,-0.35211267605634006,0.07954427206591812,0.24600541620604296,0.31856372486704154,0.44366776600542157,0.24796887747621188,0.08178920482135774,0.020011933254875266,0.006904022197408103,0,1,1
2026-04-17 01:00:00,2026,2035,DOWN,4792.38,4823.96,0.5319253096581792,2026-04-17 08:00:00,-10.88000000000011,-0.3445218492716952,0.024869191327620416,0.21134494853424501,0.13854439663227877,0.3185476757602219,0.09362850358323559,0.026122548406248367,0.005251832154184209,0.0016369203299328667,0,1,1
2026-04-17 04:00:00,2026,2035,DOWN,4794.85,4823.96,0.49235211272905066,2026-04-17 08:00:00,-8.409999999999854,-0.28890415664719854,0.009606337951727236,0.18749278946680717,0.04901865365357255,0.19699516292687072,0.03856774768121146,0.008254377305209015,0.0013023628780640467,0.000316067555026028,0,1,1
2026-04-17 08:00:00,2026,2036,UP,4803.26,4767.66,0.6033836293035274,2026-04-20 01:00:00,-10.900000000000546,-0.30617977528091106,0.6533831895949098,0.45829422336310044,0.02669410871059178,0.18262936839792068,0.7952816400892674,0.6112404543451848,0.4100589898844277,0.30155623078085597,0,0,0
2026-04-17 12:00:00,2026,2036,UP,4796.09,4767.66,0.4832883992354429,2026-04-20 01:00:00,-3.730000000000473,-0.13119943721422564,0.3202313368263208,0.3786611040805449,0.42143916557032013,0.1254187132396056,0.5099951943501293,0.31324816358781565,0.14013450522685192,0.07663891568742694,0,1,0
2026-04-17 16:00:00,2026,2036,UP,4846.53,4778.62,1.1536977885676998,2026-04-20 01:00:00,-54.17000000000007,-0.797673391253132,0.2163504711365186,0.5004496990150445,0.4992390071520484,0.6993977036970694,0.6464024643093744,0.2136393098321697,0.07067321215466195,0.032865907255671976,0,1,1
2026-04-17 20:00:00,2026,2036,UP,4867.21,4778.62,1.5056468869849489,2026-04-20 01:00:00,-74.85000000000036,-0.8449034879783298,0.1091198616945412,0.5437080420390538,0.34101450878033757,0.6761587087421447,0.34081264840809694,0.13225814408093842,0.031648605306882155,0.012762418149681178,1,1,1
2026-04-20 01:00:00,2026,2037,DOWN,4792.36,4889.35,1.6514087969630902,2026-04-20 12:00:00,-4.110000000000582,-0.042375502629142726,0.4152688092766596,0.2608989141179892,0.04538080284248686,0.29167943313464223,0.7138351808621364,0.42529505827859737,0.23595370679209404,0.09469672134293515,0,0,0
2026-04-20 04:00:00,2026,2037,DOWN,4772.41,4889.35,1.9840647979513966,2026-04-20 12:00:00,-24.0600000000004,-0.20574653668548226,0.2145874583282399,0.39485847908879684,0.6844027425211173,0.7169900678781909,0.519136623956794,0.2311899016950906,0.07764284820821608,0.03055022733855675,1,1,1
2026-04-20 08:00:00,2026,2037,DOWN,4788.83,4814.32,0.43312406168730777,2026-04-20 12:00:00,-7.640000000000327,-0.2997253825029577,0.08678415056675394,0.30771550923517027,0.28086547365059733,0.37812870134989995,0.2410228176816793,0.0703556395207444,0.011384480017298783,0.0023009094771535717,1,1,1
2026-04-20 12:00:00,2026,2038,UP,4796.47,4779.66,0.2865222012163588,2026-04-21 08:00:00,-7.210000000000036,-0.4289113622843465,0.5876300819151347,0.4054195818127215,0.15632028170111892,0.2925391222989567,0.6798343978414044,0.5621915796681141,0.3832959947069311,0.30675196399715643,0,0,0
2026-04-20 16:00:00,2026,2038,UP,4803.76,4783.41,0.3475174101931641,2026-04-21 08:00:00,-14.5,-0.7125307125306998,0.33121477594090787,0.381384899170431,0.5194382676141188,0.15838451533872663,0.5529303531977773,0.3311470905734631,0.16272614537356117,0.08407451516552496,0,1,0
2026-04-20 20:00:00,2026,2038,UP,4805.97,4792.65,0.2279767723553034,2026-04-21 06:42:00,-13.320000000000618,-1.0,0.15468108531329014,0.3234879665365507,0.23824199792421963,0.46199025536231847,0.26717039355346417,0.15473476146067505,0.05170303780934945,0.03046872106435879,0,1,1
2026-04-21 01:00:01,2026,2038,UP,4822.77,4792.65,0.5175013761061744,2026-04-21 06:42:00,-30.1200000000008,-1.0,0.09092420051159517,0.3600531018178338,0.21878229533297952,0.49336793062958495,0.2907668434092657,0.09716398547120393,0.027793504600118927,0.009809413469912105,0,1,1
2026-04-21 04:00:00,2026,2038,UP,4824.25,4792.65,0.5451079128141901,2026-04-21 06:42:00,-31.600000000000364,-1.0,0.03104877408445156,0.31292017269331546,0.0892480959010261,0.3694726396429314,0.10543839990521207,0.035329341744526954,0.007598684049905756,0.0024981046647183747,0,1,1
2026-04-21 08:00:00,2026,2039,DOWN,4789.26,4833.19,0.7594213887298082,2026-04-22 04:00:00,49.11000000000058,1.1179148645572792,0.462726865977386,0.2715369260612975,0.7163268241027467,0.6830272223374356,0.759724358550067,0.47711669589044947,0.30154257428908865,0.15216661097064627,1,1,1
2026-04-21 12:00:00,2026,2039,DOWN,4785.91,4833.19,0.8199764791193748,2026-04-22 04:00:00,45.76000000000022,0.9678510998308051,0.1656547079734856,0.26772489160577945,0.3124081784638954,0.46690922481297875,0.3341897665135966,0.1593326706866532,0.0651677559262525,0.026751819095982246,1,1,1
2026-04-21 16:00:00,2026,2039,DOWN,4778.69,4833.19,0.9475748558997369,2026-04-22 04:00:00,38.539999999999964,0.7071559633027517,0.06975853357054138,0.2577473454370207,0.17696522094237296,0.388321511100902,0.20199505411420485,0.07008628469455609,0.021814644499258472,0.006584312411145357,1,1,1
2026-04-21 20:00:00,2026,2039,DOWN,4711.09,4797.95,1.506047067328201,2026-04-22 04:00:00,-29.05999999999949,-0.3345613631130509,0.06776392647393785,0.3592153628210318,0.12569926803868475,0.42895416890381505,0.3568422008298498,0.06935646768453795,0.009592199756525036,0.001490910445204027,1,1,1
2026-04-22 01:00:00,2026,2039,DOWN,4720.98,4797.95,1.3350633998338652,2026-04-22 04:00:00,-19.170000000000073,-0.24905807457450968,0.010020449710250203,0.30797927955646076,0.02824788135305568,0.21659350835956473,0.05299583354091333,0.010491742034860288,0.0013851281051369827,0.00024912786098925393,1,1,1
2026-04-22 04:00:00,2026,2040,UP,4740.15,4668.31,1.2491882957682576,2026-04-22 16:00:00,4.079999999999927,0.05679287305122453,0.6407331792822778,0.49169283078690423,0.004425603684433371,0.0666834032939352,0.8799611294655303,0.6599859740016268,0.543231435340738,0.396544864395813,0,0,0
2026-04-22 08:00:00,2026,2040,UP,4754.84,4668.31,1.5087715752208233,2026-04-22 16:00:00,-10.610000000000582,-0.12261643360684865,0.27881739972737435,0.48412924967701054,0.546042823397406,0.058930218557021664,0.6348297770956168,0.28138935972625156,0.16007808507013574,0.08061345279922753,0,1,0
2026-04-22 12:00:00,2026,2040,UP,4757.23,4668.31,1.5560021109604099,2026-04-22 16:00:00,-13.0,-0.1461988304093581,0.1077063244017408,0.41232693642913576,0.24232341402916532,0.4390599382417153,0.27765764098029083,0.10679891642948462,0.04186799114313892,0.02354212906991163,0,1,1
2026-04-22 16:00:00,2026,2041,DOWN,4744.23,4772.24,0.49194172398134983,2026-04-23 16:00:00,3.7999999999992724,0.1356658336308191,0.45067167028149785,0.25512419289886307,0.10119581841506267,0.4957260220373382,0.604051594847413,0.433787870447433,0.2468554817228278,0.15713655913432062,1,0,1
2026-04-22 20:00:00,2026,2041,DOWN,4728.61,4760.89,0.5680372148587316,2026-04-23 16:00:00,-11.820000000000618,-0.36617100371748385,0.22859902003502822,0.305840031273089,0.6102029989677137,0.5310253498400076,0.5006605363371399,0.23265816342720397,0.08553839209383342,0.030185650598569463,1,1,1
2026-04-23 01:00:01,2026,2041,DOWN,4741.79,4749.28,0.13226879922634685,2026-04-23 03:30:00,-7.489999999999782,-1.0,0.06980590638429733,0.23259316712237246,0.3057821796429014,0.30956464337596523,0.15309324890061382,0.06160347742637641,0.016891155169317714,0.005949413912604939,1,1,1
2026-04-23 04:00:00,2026,2041,DOWN,4747.72,4760.89,0.23250880517385147,2026-04-23 16:00:00,7.289999999999964,0.5535307517084225,0.020764790053942255,0.21851574685539538,0.1874713084431561,0.27340963129895973,0.05626559364106941,0.02122204202184315,0.005151575294586233,0.0020083426047591696,1,1,1
2026-04-23 08:00:00,2026,2041,DOWN,4704.26,4753.47,0.8691957549170453,2026-04-23 16:00:00,-36.17000000000007,-0.7350132086974202,0.021207540792933167,0.29327338756229143,0.14298572317864852,0.3005995363673958,0.14208431352959358,0.024478273419646104,0.003972487810048077,0.000820996052785763,1,1,1
2026-04-23 12:00:00,2026,2041,DOWN,4703.25,4753.47,0.8891578049323727,2026-04-23 16:00:00,-37.18000000000029,-0.7403424930306671,0.006106472186086927,0.25765889601278236,0.029599308775376212,0.1510354250844223,0.046380788322608044,0.005903175423591353,0.0007834719788447954,0.00014171848813109947,1,1,1
2026-04-23 16:00:00,2026,2042,UP,4740.43,4684.21,0.9951573730123536,2026-04-23 20:42:00,-56.220000000000255,-1.0,0.6618814938477282,0.4857766846549481,0.007533302343249877,0.06056783872964453,0.8742588030277688,0.642788461043456,0.46183003312085436,0.3903713555052426,0,0,0
2026-04-23 20:00:00,2026,2042,UP,4733.28,4684.21,0.8712334635884574,2026-04-23 20:42:00,-49.06999999999971,-1.0,0.33516381072801227,0.4066690058593045,0.4264891154198343,0.4525755092837717,0.5977749916670835,0.30970791975279305,0.15068464429709613,0.10189127546840443,0,1,1
2026-04-24 01:00:00,2026,2043,DOWN,4700.95,4743.06,0.7466284187367496,2026-04-24 16:00:00,-0.22000000000025466,-0.005224412253627443,0.4358318362080763,0.2518831716491507,0.6058882490829381,0.6303482066424597,0.6148565698736719,0.4461446926364637,0.2264068260020568,0.13215690516472656,1,1,1
2026-04-24 04:00:00,2026,2043,DOWN,4704.56,4743.06,0.6850115539200676,2026-04-24 16:00:00,3.3900000000003274,0.08805194805195656,0.13565627272428657,0.19594663702330675,0.23645386313122774,0.3601816716630316,0.22843264334754895,0.12070981468976655,0.039616184930841056,0.024269687770837156,1,1,1
2026-04-24 08:00:00,2026,2043,DOWN,4674.49,4711.01,0.6499618577562636,2026-04-24 14:24:00,-36.52000000000044,-1.0,0.10574338120569954,0.23369742126147897,0.24185392778193843,0.4460150230879507,0.3324056007009485,0.11137166356371248,0.0328532186945902,0.010361238450194167,1,1,1
2026-04-24 12:00:00,2026,2043,DOWN,4690.83,4711.01,0.3600640071861929,2026-04-24 14:24:00,-20.18000000000029,-1.0,0.03213935194965994,0.18995782539082026,0.04495016114908784,0.19230889411813226,0.07802876391610378,0.029324135810886148,0.005549667518415528,0.0014578009709189977,1,1,1
2026-04-24 16:00:00,2026,2044,UP,4701.17,4674.53,0.47594891961036145,2026-04-27 03:07:00,-26.640000000000327,-1.0,0.5811829593657317,0.4071695158080522,0.5204253945492292,0.11304445923486794,0.7341070581238172,0.5742425693475072,0.37483231685358415,0.24856426456940292,0,1,0
2026-04-24 20:00:00,2026,2044,UP,4727.0,4674.53,0.9379284206839045,2026-04-27 03:07:00,-52.470000000000255,-1.0,0.4113700210675503,0.42001245607608756,0.3953813244924769,0.586783298996763,0.6543704386389796,0.41178846261011665,0.2051491417067131,0.11580800652159483,0,1,1
2026-04-27 01:00:01,2026,2044,UP,4700.64,4674.53,0.46816651390982855,2026-04-27 03:07:00,-26.110000000000582,-1.0,0.14306217416239866,0.32627664705345594,0.0949962528307589,0.3041910443509571,0.18832362824296128,0.1322191676948409,0.03684559263237126,0.0188535347031316,0,1,1
2026-04-27 04:00:00,2026,2045,DOWN,4697.83,4740.31,0.7631811665719497,2026-04-27 08:00:00,-27.409999999999854,-0.6452448210922681,0.37446208341113735,0.23209012560691852,0.6137022013468934,0.607364765929053,0.4378218549400012,0.4362406483849744,0.24174367566297325,0.14600213832871228,1,1,1
2026-04-27 08:00:00,2026,2046,UP,4725.24,4672.05,0.957175593391469,2026-04-27 16:00:00,-26.139999999999418,-0.49144576048128624,0.6139662777724005,0.4342983698453129,0.6693594025389723,0.6353346605138187,0.8572844785922599,0.6338358020669037,0.5071989370031285,0.38353194342884017,0,1,1
2026-04-27 12:00:00,2026,2046,UP,4707.05,4672.05,0.6320824795838222,2026-04-27 16:00:00,-7.949999999999818,-0.22714285714285196,0.24945803319577647,0.3867219663276374,0.2240172559395565,0.31076659131848505,0.32879934454798276,0.2205175356885043,0.09616370185182656,0.0632705545666248,0,1,1
2026-04-27 16:00:00,2026,2047,DOWN,4699.1,4729.91,0.5586384438866855,2026-04-28 04:00:00,8.320000000000618,0.2700421940928515,0.40251374005944085,0.24267590622429708,0.592533007999076,0.5736762672000754,0.6041734260520168,0.40550976277325057,0.22721985128223807,0.1314640400834745,1,1,1
2026-04-27 20:00:00,2026,2047,DOWN,4676.65,4712.57,0.6525353179725406,2026-04-28 04:00:00,-14.13000000000011,-0.39337416481069265,0.25865071407847623,0.2788646185460503,0.43853813351669696,0.5662080970276376,0.519376587168804,0.27512064844665957,0.09887481081820171,0.03858304315990879,1,1,1
2026-04-28 01:00:00,2026,2047,DOWN,4683.69,4686.12,0.04431035233959499,2026-04-28 01:00:00,-2.430000000000291,-1.0,0.10138185373249962,0.22155487594106965,0.12225671044189311,0.3284150190487171,0.15887785607704677,0.09385582568164792,0.018820241019912518,0.0062289987453798545,1,1,1
2026-04-28 04:00:00,2026,2048,UP,4690.78,4667.15,0.43243839339093565,2026-04-28 05:00:00,-23.63000000000011,-1.0,0.5593568977856351,0.39819440854366267,0.5784573833996459,0.14901255914791486,0.7419340388918293,0.5996564131723088,0.44833048789109614,0.3052929028589585,0,1,0
2026-04-28 08:00:00,2026,2049,DOWN,4667.64,4701.18,0.6156401292215008,2026-04-29 01:00:00,69.3100000000004,2.0664877757901157,0.4181219813754351,0.25290690747694866,0.6414496424997663,0.2715910634934353,0.6719087862162098,0.4369588108113173,0.2677619473048748,0.152566508937035,1,1,1
2026-04-28 12:00:00,2026,2049,DOWN,4629.56,4701.18,1.3147947619467126,2026-04-29 01:00:00,31.230000000000473,0.4360513822954555,0.29323085195216575,0.32806560678797764,0.3956613039328252,0.21971456266011336,0.5644698559808495,0.3077603564064712,0.09163433852506467,0.032800173391331004,1,1,1
2026-04-28 16:00:00,2026,2049,DOWN,4593.7,4701.18,1.9689637570395229,2026-04-29 01:00:00,-4.630000000000109,-0.04307778191291486,0.10322160705449569,0.34341265961942585,0.19212725679289336,0.16886912629618567,0.3357088180076322,0.10396734853086227,0.0193186647455125,0.006581888565080898,1,1,1
2026-04-28 20:00:00,2026,2049,DOWN,4592.16,4701.18,2.0006425053584924,2026-04-29 01:00:00,-6.170000000000073,-0.05659512016143871,0.03021734112141966,0.2936621080464384,0.039363444393570944,0.05531098903971791,0.09301482929995537,0.0310721157567129,0.004079373213188091,0.0008621116807459706,1,1,1
2026-04-29 01:00:00,2026,2050,UP,4598.33,4554.83,0.8015694421656817,2026-04-29 12:00:00,-25.18000000000029,-0.5788505747126503,0.5839374649753158,0.41673883719017313,0.014307612029383764,0.029325033826997436,0.7276148233623249,0.5959647911085022,0.4350816917295849,0.3191088239753085,0,0,0
2026-04-29 04:00:00,2026,2050,UP,4600.54,4554.83,0.845048036992762,2026-04-29 12:00:00,-27.390000000000327,-0.5992124261649596,0.37510271277188323,0.4191388568094501,0.006838157756347532,0.018585513011651563,0.5109422727639267,0.37407146857184137,0.19320799418593734,0.1172546558825615,0,0,0
2026-04-29 08:00:00,2026,2050,UP,4604.98,4575.65,0.5435750494135937,2026-04-29 10:24:00,-29.329999999999927,-1.0,0.20914364264548935,0.4047607260336687,0.003908950770408583,0.014504296051758113,0.4192116089435938,0.181985945832361,0.060856558093883524,0.03003742152670356,0,0,0
2026-04-29 12:00:00,2026,2051,DOWN,4573.15,4607.66,0.6398067762461694,2026-04-30 04:00:00,3.019999999999527,0.08751086641551747,0.4000438014904567,0.2622860967652113,0.005077650680429737,0.01993064724674122,0.6997487535802719,0.40305672642087065,0.23460204350032496,0.1432822885513997,1,1,1
2026-04-29 16:00:00,2026,2051,DOWN,4545.04,4607.66,1.1627889504745226,2026-04-30 04:00:00,-25.090000000000146,-0.4006707122325166,0.24621824849453977,0.3086510767702506,0.0015413047086111913,0.010448910852243351,0.5952937628694245,0.2402219301476731,0.06976488576348525,0.026423661924812096,1,1,1
2026-04-29 20:00:00,2026,2051,DOWN,4545.52,4607.66,1.1537738740173573,2026-04-30 04:00:00,-24.609999999999673,-0.39604119729642584,0.07657303552633424,0.2926723898550047,0.00032254440260682344,0.004402762481747233,0.25228895192565104,0.0756327110712568,0.014135659509201983,0.004856938187262044,1,1,1
2026-04-30 01:00:00,2026,2051,DOWN,4545.48,4564.81,0.3595573243271992,2026-04-30 03:00:00,-19.330000000000837,-1.0,0.03675273305712348,0.2639863901966223,0.00015921812190684294,0.002986218037437972,0.13681111202664611,0.036434169611930085,0.004762489798216017,0.0011258412240715667,1,1,1
2026-04-30 04:00:00,2026,2052,UP,4570.13,4518.16,0.9685867624806502,2026-04-30 08:00:00,-28.18000000000029,-0.542235905330001,0.6234222115432227,0.46803806346110166,0.6722916749802553,0.000791091276263284,0.8802828399454642,0.6394447368057725,0.5224637338917962,0.3539345713953561,0,1,0
2026-04-30 08:00:00,2026,2053,DOWN,4541.95,4582.48,0.7563250081370889,2026-04-30 09:52:00,-40.529999999999745,-1.0,0.5072912508586583,0.28489059877987644,0.1810504013646923,0.001713036569256753,0.6899244172213317,0.49413247824651946,0.26029627245557735,0.14340473227198192,1,0,1
2026-04-30 12:00:00,2026,2054,UP,4616.66,4540.96,1.407639520069967,2026-05-01 01:00:01,8.94000000000051,0.1180977542932699,0.6677511373896146,0.4484410345538829,0.38655406597788183,0.7566860806232082,0.8823763535349142,0.6569024797142664,0.47113813990037384,0.3920726515111206,0,1,1
2026-04-30 16:00:00,2026,2054,UP,4639.82,4540.96,1.842320224918843,2026-05-01 01:00:01,-14.219999999999345,-0.14383977341694712,0.358365152692368,0.41372977206384925,0.16451187379805418,0.623084582352742,0.6360925066855344,0.35709966213005145,0.19121362938459333,0.10380088296159416,0,1,1
2026-04-30 20:00:00,2026,2054,UP,4607.86,4540.96,1.248422034971024,2026-05-01 01:00:01,17.74000000000069,0.26517189835576666,0.09534856902758776,0.3164273207950445,0.024839057883084995,0.29831443307364436,0.14695958100048992,0.0891105488020805,0.02794487130841834,0.010456928146251635,0,1,1
2026-05-01 01:00:01,2026,2055,DOWN,4625.6,4645.87,0.3795848987313272,2026-05-01 04:00:00,5.650000000000546,0.27873704982736447,0.3272349215788042,0.20458670614166607,0.01988706855679984,0.2921916964756847,0.36117868858083835,0.2937470597624742,0.1293835519408683,0.07686185167513146,0,0,0
2026-05-01 04:00:00,2026,2056,UP,4619.95,4605.34,0.2746117728069535,2026-05-01 08:00:00,-10.849999999999454,-0.7426420260095618,0.5051904314909741,0.2959577505880821,0.006793471132937871,0.19582484993374677,0.4815633402094184,0.5557000555272743,0.3685927931297367,0.2989218717773109,0,1,1
2026-05-01 08:00:00,2026,2057,DOWN,4609.1,4635.95,0.5060682063696804,2026-05-01 17:00:00,-26.849999999999454,-1.0,0.33372127090997905,0.20954397921881476,0.467827554625791,0.07541233801256343,0.547949665559256,0.3265953390738765,0.15799651136591913,0.07458621140003717,0,1,0
2026-05-01 12:00:00,2026,2057,DOWN,4568.99,4635.95,1.262328407370366,2026-05-01 17:00:00,-66.96000000000004,-1.0,0.21447143852847858,0.24593946803257852,0.4706694489637273,0.666794571412646,0.5784975155750445,0.21721700709652472,0.09027387237942282,0.038282723864507276,0,1,1
2026-05-01 16:00:00,2026,2057,DOWN,4591.05,4635.95,0.8469580567694057,2026-05-01 17:00:00,-44.899999999999636,-1.0,0.054721143433014756,0.17602038988307572,0.07315380183499388,0.26421087453333475,0.08853045317944798,0.049550893242799134,0.01157306588356046,0.004176944102383529,0,1,1
2026-05-01 20:00:00,2026,2058,UP,4639.15,4560.12,1.4875298957733825,2026-05-04 04:00:00,-26.289999999999964,-0.3326584841199551,0.6847274539420176,0.4779437698710887,0.7103787129650494,0.7272118438880012,0.879043257255236,0.6767282724147599,0.4981729896015411,0.36953036710555925,1,1,1
2026-05-04 01:00:00,2026,2058,UP,4634.4,4560.12,1.4006749643153829,2026-05-04 04:00:00,-21.539999999999964,-0.28998384491114754,0.22956421256718074,0.4305108373985807,0.25903834021572725,0.3772550367163472,0.36124568385551437,0.21273083325594494,0.10014656768740522,0.057785238368896104,1,1,1
2026-05-04 04:00:00,2026,2059,DOWN,4612.86,4636.47,0.4460523142632299,2026-05-05 08:00:00,79.17999999999938,3.3536637018211533,0.3816250305668141,0.23157436477170248,0.1559650975262834,0.3297989128700077,0.5291712461270266,0.3615840542574025,0.17563642866584428,0.09706900349812629,0,0,0
2026-05-04 08:00:00,2026,2059,DOWN,4606.09,4618.49,0.23489690297447055,2026-05-05 08:00:00,72.40999999999985,5.839516129032417,0.16618016245288664,0.18285452034971078,0.4398585754728314,0.4807811106300352,0.24357102187760107,0.16285514830995038,0.0543091342968516,0.028899067963731435,0,1,1
2026-05-04 12:00:00,2026,2059,DOWN,4576.87,4618.49,0.7895384264576025,2026-05-05 08:00:00,43.1899999999996,1.037722248918782,0.10209519654610286,0.21878754644885248,0.43238953956022014,0.5418971163552427,0.319723120583674,0.11362370426839812,0.03370033525745702,0.010771799409698758,0,1,1
2026-05-04 16:00:00,2026,2059,DOWN,4568.28,4618.49,0.9519137543397966,2026-05-05 08:00:00,34.599999999999454,0.6891057558255214,0.02999530777718947,0.2143916024330519,0.10728169924641785,0.32828852968581473,0.09667385213656544,0.028501415334401887,0.005173900955670594,0.0017204221586684147,0,1,1
2026-05-04 20:00:00,2026,2059,DOWN,4510.61,4583.15,1.3709640197019652,2026-05-05 08:00:00,-23.07000000000062,-0.3180314309346654,0.028775603575491863,0.3016287757175488,0.14169247579478877,0.47234194597368734,0.1923436443431697,0.028751242912346712,0.0029464027765108963,0.0005180317484925769,1,1,1
2026-05-05 01:00:00,2026,2059,DOWN,4523.72,4583.15,1.1268736811774689,2026-05-05 08:00:00,-9.960000000000036,-0.1675921251893007,0.005681111678997424,0.24090865385432214,0.022691431087081097,0.16245613644363077,0.03747167139622262,0.005376479707113106,0.0005163687683595172,6.709984560389354e-05,1,1,1
2026-05-05 04:00:00,2026,2059,DOWN,4529.64,4583.15,1.0184889778490822,2026-05-05 08:00:00,-4.039999999999964,-0.07549990655952188,0.0017185749465819726,0.18990520308863126,0.0077726319399754815,0.09433843348507989,0.010808994255195398,0.0016912262977042615,0.00013602497365325272,1.4689429249432858e-05,1,1,1
2026-05-05 08:00:00,2026,2060,UP,4533.68,4513.53,0.3847972909542845,2026-05-06 01:00:00,26.5,1.3151364764267635,0.5323288580449419,0.36429076402823624,0.4838005140321905,0.050285184050970384,0.6614247732196712,0.5513323924829892,0.3709857384280705,0.2586660499024365,0,1,0
2026-05-05 12:00:00,2026,2060,UP,4558.94,4527.95,0.593315276219656,2026-05-06 01:00:00,1.2400000000006912,0.04001290738950306,0.38196752880091134,0.39292565163630483,0.35440695464981775,0.03261266565950391,0.653222944313336,0.38812378097611494,0.19619521317457833,0.09475557525349901,0,1,0
2026-05-05 16:00:00,2026,2060,UP,4564.56,4527.95,0.7022300036568062,2026-05-06 01:00:00,-4.380000000000109,-0.11963944277519911,0.1804955679125305,0.3553554813291165,0.21059697862850088,0.5648893466385696,0.3981429053348658,0.1823389397132815,0.06510373721841411,0.027958006918223102,0,1,1
2026-05-05 20:00:00,2026,2060,UP,4561.47,4539.93,0.41401929392327197,2026-05-06 01:00:00,-1.2899999999999636,-0.05988857938718504,0.06055037046955119,0.29941813796896183,0.0527800544420215,0.34036000246094655,0.11972385448188644,0.06092855977919273,0.014478335274091928,0.005756827223305775,0,1,1
2026-05-06 01:00:00,2026,2061,DOWN,4560.18,4586.57,0.5092958993775881,2026-05-06 02:12:00,-26.389999999999418,-1.0,0.42345386752621667,0.25025364091197533,0.021786186717185144,0.265904804020632,0.5114498780472716,0.42339093750303447,0.22986890272529137,0.12028735838691927,1,0,0
2026-05-06 04:00:00,2026,2062,UP,4619.0,4546.23,1.4010699685638386,2026-05-07 20:00:00,96.03999999999996,1.3197746324034545,0.7012173403056706,0.4548384398185714,0.05107454417511576,0.5589902161858551,0.906684420061976,0.6854786696409856,0.5000850528743543,0.3702879323569612,0,1,1
2026-05-06 08:00:00,2026,2062,UP,4649.12,4546.23,1.982625688239161,2026-05-07 20:00:00,65.92000000000007,0.6406842258722895,0.38696913578697556,0.4472282224400809,0.028286971894727276,0.49627608917779514,0.7779706106012514,0.41126033126878936,0.26161638644341695,0.13313980390429267,0,1,1
2026-05-06 12:00:00,2026,2062,UP,4700.73,4546.23,2.9751292488063994,2026-05-07 20:00:00,14.3100000000004,0.09262135922330356,0.19086486060512098,0.5406381260174689,0.015844863988276822,0.4968556922207724,0.6431284866960092,0.19659374551083786,0.07029107106507464,0.018458017342812664,0,1,1
2026-05-06 16:00:00,2026,2062,UP,4683.48,4546.23,2.6399215761758086,2026-05-07 20:00:00,31.5600000000004,0.22994535519125975,0.03231513872921205,0.4348316259225753,0.0015091152870638609,0.14161253224902057,0.1653151879218472,0.0337246099984674,0.009515635377407796,0.001945435745717226,0,1,1
2026-05-06 20:00:00,2026,2062,UP,4683.37,4660.28,0.44427187703345306,2026-05-07 20:00:00,31.670000000000073,1.3715894326548235,0.018532397461756927,0.3518582823762219,0.0006075616609776413,0.0855720884763206,0.09433619871989254,0.01939575295625404,0.0034810691093734394,0.0004731093569307057,0,1,1
2026-05-07 01:00:02,2026,2062,UP,4693.46,4678.81,0.28280822989719173,2026-05-07 20:00:00,21.579999999999927,1.4730375426621476,0.010206051145082638,0.3318123551097102,0.0003391370255825994,0.058852497819504135,0.08019418229081988,0.010742268181711064,0.0016167615526690234,0.00014168547956477375,0,1,1
2026-05-07 04:00:00,2026,2062,UP,4688.76,4678.81,0.19282452062940575,2026-05-07 20:00:00,26.279999999999745,2.6412060301507765,0.003747189129778899,0.29479741078464444,9.929341527395787e-05,0.02941224718052933,0.03052500246397127,0.004457017151776928,0.0005339138404845955,4.145235555718196e-05,0,1,1
2026-05-07 08:00:00,2026,2062,UP,4696.57,4685.09,0.2228403491544911,2026-05-07 20:00:00,18.470000000000255,1.6088850174216862,0.0018530158455239273,0.3005994312055624,4.408005536182304e-05,0.01754747075919578,0.017728606925701728,0.002323459044162928,0.00022027968569229915,1.3129173502819597e-05,0,1,1
2026-05-07 12:00:00,2026,2062,UP,4731.31,4692.26,0.7574198561074115,2026-05-07 20:00:00,-16.270000000000437,-0.41664532650449065,0.001137862049242774,0.5493601102906058,5.891899233342145e-05,0.030456200824087547,0.04547226361239433,0.0013803434256680822,0.00010166641244923315,4.05125205636157e-06,1,1,1
2026-05-07 16:00:00,2026,2062,UP,4750.32,4721.63,0.5577164997073996,2026-05-07 19:07:00,-28.6899999999996,-1.0,0.00044781270769548475,0.5156485181290468,2.3057286513488993e-05,0.01743726164967103,0.02438239614413756,0.0005239185488963338,3.2224770292947966e-05,9.322109611751632e-07,1,1,1
2026-05-07 20:00:00,2026,2063,DOWN,4715.04,4772.24,1.1108879776363927,2026-05-08 08:00:00,3.7899999999999636,0.06625874125874083,0.4234697237653304,0.24557885809581104,1.9517391009739255e-06,0.0029358067184746665,0.5680934494745836,0.4331511925448471,0.19026557659514742,0.09461068235874774,0,0,0
2026-05-08 01:00:02,2026,2063,DOWN,4680.33,4764.72,1.6421836216767354,2026-05-08 08:00:00,-30.920000000000073,-0.3663941225263651,0.18083202249562536,0.2206824876577585,0.5873277594151906,0.5805374223811011,0.42066652996180176,0.1781331550850617,0.06037369522277406,0.027072851563501903,0,1,1
2026-05-08 04:00:00,2026,2063,DOWN,4701.14,4719.1,0.3502077536758366,2026-05-08 04:06:00,-17.960000000000036,-1.0,0.04793649037748874,0.18256004045304475,0.2587398456240102,0.3494003972032833,0.08499869835654639,0.04854611564186884,0.012383857591493122,0.004221031043611055,0,1,1
2026-05-08 08:00:00,2026,2064,UP,4711.25,4676.97,0.6698141058543541,2026-05-11 01:00:02,-29.890000000000327,-0.8719369894982657,0.6002458384754842,0.39834284802397507,0.5780675119555716,0.5849032196913458,0.7185005055028777,0.6063934462941979,0.4326089997181966,0.3104264709195633,1,1,1
2026-05-08 12:00:00,2026,2064,UP,4715.9,4676.97,0.7617997925226114,2026-05-11 01:00:02,-34.539999999999964,-0.8872334960185079,0.31513999093524203,0.46126758610218194,0.30864638236187747,0.48791962586232346,0.5726276486699374,0.3088390071409701,0.17261990344042014,0.09185797408993215,1,1,1
2026-05-08 16:00:00,2026,2064,UP,4724.29,4697.11,0.5331457737564504,2026-05-11 01:00:02,-42.93000000000029,-1.5794701986754904,0.1888576323958662,0.452576516054599,0.20561044274723636,0.4258197373955967,0.4774203221681874,0.18539713597026714,0.07553419505217276,0.02733417242254768,1,1,1
2026-05-08 20:00:00,2026,2064,UP,4712.68,4697.11,0.30552253728500367,2026-05-11 01:00:02,-31.32000000000062,-2.011560693641578,0.06102786772412295,0.41597857833180474,0.0733034837809708,0.2719650623221025,0.20215692508291977,0.060000437790378364,0.019544053483660045,0.0068386220705369625,1,1,1
2026-05-11 01:00:02,2026,2065,DOWN,4681.36,4728.93,0.9369291468939261,2026-05-11 16:00:00,-19.170000000000073,-0.40298507462686195,0.32866542890967637,0.2251773124701301,0.42955602611028176,0.1709278228546216,0.4878120232103605,0.30586983239690707,0.1400366307749135,0.057329080211694916,0,1,0
2026-05-11 04:00:00,2026,2065,DOWN,4683.52,4728.93,0.8949720562329454,2026-05-11 16:00:00,-17.00999999999931,-0.3745870953534324,0.20431828790440518,0.264515234594795,0.39173737785243157,0.5978039114059661,0.3426136224043071,0.22533437267725434,0.0859787280203795,0.04126695253510675,0,1,1
2026-05-11 08:00:00,2026,2065,DOWN,4672.02,4705.53,0.6614262855739177,2026-05-11 16:00:00,-28.50999999999931,-0.8507908087138137,0.08406845766295616,0.23495128989118966,0.15473234686815532,0.4214697718015371,0.26422247730723986,0.07780948593397749,0.01975370399005252,0.006869745059533293,0,1,1
2026-05-11 12:00:00,2026,2065,DOWN,4667.53,4705.53,0.7515401359970486,2026-05-11 16:00:00,-33.0,-0.868421052631579,0.026017935437475263,0.21131385197711458,0.05632630872308582,0.28481300365471357,0.09745142283040567,0.02579593439012028,0.005399680070363937,0.0016669223706709557,0,1,1
2026-05-11 16:00:00,2026,2066,UP,4700.53,4650.45,0.9904630692014148,2026-05-12 08:00:00,13.460000000000036,0.2687699680511193,0.6808166712641117,0.44385088025037467,0.5987645545064917,0.08908096021362835,0.884423587233377,0.6737644707975261,0.4666343011184874,0.23763564321108938,0,1,0
2026-05-11 20:00:00,2026,2066,UP,4716.68,4650.45,1.309972658641265,2026-05-12 08:00:00,-2.6900000000005093,-0.04061603502945025,0.28927580271315984,0.44499631644186494,0.36358396760781736,0.5691613938225288,0.5462126043281931,0.31354663155025403,0.17397110052297246,0.10619762986362342,0,1,1
2026-05-12 01:00:02,2026,2066,UP,4738.04,4707.92,0.59758301773383,2026-05-12 08:00:00,-24.050000000000182,-0.798472775564418,0.14590241402024184,0.50185608237237,0.2932463391116379,0.5929382239729069,0.5307036568919835,0.15731857886799147,0.07668519862448428,0.024308342737595072,0,1,1
2026-05-12 04:00:00,2026,2066,UP,4749.58,4707.92,0.8276041146404662,2026-05-12 08:00:00,-35.590000000000146,-0.8542966874700016,0.07073326764396311,0.5992867711127643,0.1842219940010202,0.5935090075449928,0.388982877529715,0.07937840940959497,0.01912894145911042,0.004669914858723937,1,1,1
2026-05-12 08:00:00,2026,2067,DOWN,4713.99,4773.43,1.1816045718177683,2026-05-13 01:00:02,-2.050000000000182,-0.03448855989233116,0.4416464730680646,0.25978536867908886,0.0163605714999574,0.19161226237181053,0.7151101260715007,0.45734454073947556,0.2667629397458722,0.12896144480329677,0,0,0
2026-05-12 12:00:00,2026,2067,DOWN,4703.39,4773.43,1.3947126399891927,2026-05-13 01:00:02,-12.649999999999636,-0.1806110793832045,0.15801592216096896,0.26427949035186393,0.5708218453850972,0.5548321886767718,0.3694879073367746,0.1706452919304358,0.07390876126199462,0.02584410907492178,0,1,1
2026-05-12 16:00:00,2026,2067,DOWN,4705.62,4773.43,1.3538648610818556,2026-05-13 01:00:02,-10.420000000000073,-0.15366465123138195,0.049786971910819336,0.22318256259722624,0.2669191116816501,0.3487949612664045,0.11298688015710433,0.04868539718670161,0.01404153775560723,0.004354086991094794,0,1,1
2026-05-12 20:00:00,2026,2067,DOWN,4671.36,4711.59,0.8013840535894426,2026-05-12 22:53:00,-40.23000000000047,-1.0,0.03587726930836592,0.23452165331708988,0.1724729901546908,0.3862969139553573,0.13277554105200015,0.03985165703746324,0.007526862149377427,0.0019285132617890203,0,1,1
2026-05-13 01:00:02,2026,2068,UP,4716.04,4638.24,1.550132530847977,2026-05-13 08:00:00,-16.48999999999978,-0.21195372750642344,0.6422568953114222,0.47013498948581706,0.02120159474076057,0.11169405494949211,0.892970880595669,0.6478698292431817,0.5243997603414591,0.37637651421786417,0,0,0
2026-05-13 04:00:00,2026,2068,UP,4715.06,4638.24,1.5365678263433875,2026-05-13 08:00:00,-15.510000000000218,-0.20190054673262292,0.26176343815136666,0.43591568820465154,0.5632902266041322,0.5286965375845464,0.5179213098000938,0.2774149869226395,0.16790745464638243,0.0902949474818804,0,1,1
2026-05-13 08:00:00,2026,2069,DOWN,4699.55,4726.9,0.548308479273719,2026-05-14 04:00:00,-5.710000000000036,-0.20877513711152287,0.33862178135457094,0.19165066517720156,0.5439361166963516,0.5213698750296634,0.5330192992956708,0.35415418020165584,0.1839960557403715,0.09615827419403389,0,1,1
2026-05-13 12:00:00,2026,2069,DOWN,4700.61,4715.34,0.2962308566327857,2026-05-14 04:00:00,-4.650000000000546,-0.3156822810590901,0.133587165234095,0.2030421419459887,0.3348993066722387,0.3742680524290876,0.2799038571857838,0.12994963105851143,0.049048607426630635,0.02087910819916431,0,1,1
2026-05-13 16:00:00,2026,2069,DOWN,4683.54,4710.28,0.5386943378176698,2026-05-14 04:00:00,-21.720000000000255,-0.8122662677636662,0.07129246810836523,0.21244708570123738,0.18061184474949082,0.37571160705574047,0.21839097412225725,0.07451307124366689,0.0219004528904665,0.006964413340684012,0,1,1
2026-05-13 20:00:00,2026,2069,DOWN,4695.63,4710.28,0.29543641436836937,2026-05-14 04:00:00,-9.63000000000011,-0.6573378839590681,0.02214505968442512,0.18740991286218284,0.041714210818043544,0.17981494884045027,0.06230213752423969,0.020172186792445694,0.004326981867619807,0.0012356710606303395,0,1,1
2026-05-14 01:00:02,2026,2069,DOWN,4692.29,4709.85,0.3551476293925343,2026-05-14 04:00:00,-12.970000000000255,-0.7386104783599066,0.010527523257054926,0.19439739680774426,0.03403739580485568,0.19802418891728368,0.05510277669113049,0.011195601374098006,0.002185842450436528,0.0004720235071092853,0,1,1
2026-05-14 04:00:00,2026,2070,UP,4705.26,4677.52,0.5630304650515533,2026-05-14 06:41:00,-27.73999999999978,-1.0,0.5934847514077063,0.4076832843236658,0.5886119470253209,0.5451923917642917,0.8052116959371224,0.5874618551496594,0.44815144617161856,0.36474014072216504,0,1,1
2026-05-14 08:00:00,2026,2070,UP,4702.71,4638.24,1.3092869725873764,2026-05-14 20:00:00,-24.230000000000473,-0.3758337211105999,0.3589963404937201,0.3620568710788555,0.3328104218027405,0.38454897281330513,0.6266287431714958,0.33787188766283494,0.1550895692813745,0.10358499296942168,0,1,1
2026-05-14 12:00:00,2026,2070,UP,4693.64,4668.53,0.5109106291002202,2026-05-14 16:42:00,-25.110000000000582,-1.0,0.17268046640758064,0.3187620491231235,0.1435078132959142,0.2928810260812845,0.30959128601244146,0.16304347728035232,0.05242452031598188,0.03193182139536454,0,1,1
2026-05-14 16:00:00,2026,2070,UP,4705.04,4688.41,0.3394262597112497,2026-05-14 16:29:00,-16.63000000000011,-1.0,0.09279736270889066,0.3686958608307667,0.09256342744236232,0.2860357996499702,0.2637425568242421,0.09104873801933606,0.022435214274688114,0.00919263670544086,0,1,1
2026-05-14 20:00:00,2026,2071,DOWN,4678.48,4710.0,0.6439198107978499,2026-05-18 08:00:00,137.47999999999956,4.361675126903479,0.4029133044560314,0.2505274936844695,0.6114802324800654,0.6126334503359542,0.6230619154311543,0.4061754036626509,0.21930634972129276,0.1437781401250861,1,1,1
2026-05-15 01:00:02,2026,2071,DOWN,4652.67,4710.0,1.1725518529417334,2026-05-18 08:00:00,111.67000000000007,1.9478458049886658,0.23905000161193105,0.28093563948877337,0.4567239742351902,0.6066913290301551,0.5667420148988345,0.24298287579908134,0.10419330021781824,0.044282573507426155,1,1,1
2026-05-15 04:00:00,2026,2071,DOWN,4630.25,4710.0,1.6305771162863356,2026-05-18 08:00:00,89.25,1.1191222570532915,0.11261222341767438,0.294668636792435,0.21830936069509085,0.48047620558317783,0.37008639918486125,0.11233695182223169,0.029615323930158467,0.009470047314520126,1,1,1
2026-05-15 08:00:00,2026,2071,DOWN,4606.11,4665.23,1.2117661568736717,2026-05-18 08:00:00,65.10999999999967,1.1013193504736094,0.04544433566812251,0.2443782478486099,0.0827976904198749,0.304340655958757,0.1918758517133767,0.04937634343481494,0.009687817957816789,0.0022973520241356335,1,1,1
2026-05-15 12:00:00,2026,2071,DOWN,4554.22,4665.23,2.2734041991177785,2026-05-18 08:00:00,13.220000000000255,0.11908837041708258,0.022673637917623474,0.28433631339444826,0.03648839687556091,0.23937154419536202,0.17351052811946754,0.023733939137033085,0.003114825590134315,0.0004301242226766535,1,1,1
2026-05-15 16:00:00,2026,2071,DOWN,4545.9,4572.45,0.5442386505416107,2026-05-18 08:00:00,4.899999999999636,0.18455743879471195,0.00760092708454798,0.22185771917313532,0.010031758896640947,0.11199090861494124,0.05167671859222371,0.007914203167312285,0.0007269168155627943,6.752352976029565e-05,1,1,1
2026-05-15 20:00:00,2026,2071,DOWN,4544.34,4566.5,0.45393813331403077,2026-05-18 08:00:00,3.3400000000001455,0.15072202166065737,0.002208513004656195,0.20180990044568692,0.003798087714684897,0.06122147233961914,0.019123849258150215,0.0022577532547711525,0.00015900761695766238,1.0224395169502563e-05,1,1,1
2026-05-18 01:00:03,2026,2071,DOWN,4529.56,4564.44,0.7159266663554055,2026-05-18 08:00:00,-11.4399999999996,-0.3279816513761428,0.0010280241706474753,0.21862787633179315,0.001975127796816092,0.04005276867990492,0.020159641916839756,0.0009659642627418996,5.207252505622806e-05,1.8978720769974196e-06,1,1,1
2026-05-18 04:00:00,2026,2071,DOWN,4514.78,4564.44,1.0163463618048023,2026-05-18 08:00:00,-26.220000000000255,-0.5279903342730634,0.0005531966269438771,0.2631764874651693,0.001469472936435151,0.04080397567602803,0.015804468353212527,0.0006887512929232676,2.4791701086300576e-05,7.186694299307675e-07,1,1,1
2026-05-18 08:00:00,2026,2072,UP,4541.0,4480.33,1.2400526007937278,2026-05-19 01:00:02,27.31999999999971,0.4503049283006375,0.631420740984151,0.4385595067764394,0.00014684211393687266,0.008337521905050533,0.8376807687293113,0.6459997752420046,0.4531414264724147,0.3074892094948994,0,0,0
2026-05-18 12:00:00,2026,2072,UP,4550.09,4529.62,0.4192812207663044,2026-05-19 01:00:02,18.229999999999563,0.8905715681484776,0.2767993238863709,0.4008207858957834,0.53999920188897,0.0060957438415087375,0.5765248035744098,0.287312572785309,0.1473183022251476,0.07442020057594871,0,1,0
2026-05-18 16:00:00,2026,2072,UP,4571.58,4529.62,0.8598512462915193,2026-05-19 01:00:02,-3.2600000000002183,-0.07769304099142553,0.1745347082559895,0.410794456839725,0.37819191203260033,0.5657040499064616,0.44662272968863875,0.17177215963292594,0.05641464681810555,0.02033908792132657,0,1,1
2026-05-18 20:00:00,2026,2072,UP,4550.16,4529.92,0.41458721664141157,2026-05-19 01:00:02,18.159999999999854,0.8972332015810301,0.04000471336552396,0.3287446587681487,0.10486492706955709,0.31409931669617125,0.11015054826993428,0.03852879951177802,0.009824956194338453,0.0035121895284828913,0,1,1
2026-05-19 01:00:02,2026,2073,DOWN,4568.32,4584.17,0.325271801549818,2026-05-19 02:13:00,-15.850000000000364,-1.0,0.3374044397503543,0.21450770404068742,0.10135391552750835,0.3978006635173324,0.32593012992629317,0.30964675352209486,0.1397709027845343,0.07495020812442793,1,0,0
2026-05-19 04:00:00,2026,2074,UP,4563.2,4531.68,0.6483886306460872,2026-05-19 08:00:00,-20.73999999999978,-0.657994923857871,0.4607954875657906,0.3173394837446609,0.04187471536182624,0.2840434298995606,0.47922653708710505,0.47234329154971233,0.30582008668017785,0.24228568537530062,0,1,1
2026-05-19 08:00:00,2026,2075,DOWN,4542.46,4589.15,0.9620076860690944,2026-05-20 16:00:00,46.039999999999964,0.9860783893767479,0.44183996555391875,0.24508099422407204,0.6761881852683247,0.6597205185375646,0.7062763478234884,0.4701721850469562,0.28883454945672227,0.1319004797840052,1,1,1
2026-05-19 12:00:00,2026,2075,DOWN,4542.66,4589.15,0.9600984760202685,2026-05-20 16:00:00,46.23999999999978,0.9946224994622499,0.15373918176437543,0.26999931788546777,0.3241090012076568,0.42658145127391617,0.3568142470265766,0.14654017068329578,0.06432379006344745,0.024498656291990873,1,1,1
2026-05-19 16:00:00,2026,2075,DOWN,4537.14,4559.29,0.45880381312635915,2026-05-20 16:00:00,40.720000000000255,1.8383747178329988,0.07724643099297486,0.25292771120939994,0.18141602079693425,0.3941258968134676,0.20863670142131624,0.07785898481789501,0.025618510777040977,0.007178724457045362,1,1,1
2026-05-19 20:00:00,2026,2075,DOWN,4507.53,4547.91,0.8340542462290079,2026-05-20 16:00:00,11.109999999999673,0.2751362060425865,0.03070247420482326,0.26713470183726423,0.07210133821140584,0.3402856878373572,0.1358209582150404,0.03418633026790212,0.007853992516744594,0.002562882077841415,1,1,1
2026-05-20 01:00:02,2026,2075,DOWN,4482.09,4547.91,1.3623823772391703,2026-05-20 16:00:00,-14.329999999999927,-0.21771498024916425,0.01789228708306102,0.31280266553687736,0.05273690664817766,0.29747012045139254,0.173116008530003,0.019619350859588162,0.0037735729217063464,0.0005248924859612915,1,1,1
2026-05-20 04:00:00,2026,2075,DOWN,4500.97,4547.91,0.9734735547635307,2026-05-20 16:00:00,4.550000000000182,0.09693225394120623,0.0033321232879724404,0.20094549726165323,0.006269352196552735,0.0915599889483698,0.017875399340708132,0.003201157279295006,0.0004477346335531369,6.0383286857677004e-05,1,1,1
2026-05-20 08:00:00,2026,2075,DOWN,4461.95,4508.79,0.9709006786900454,2026-05-20 16:00:00,-34.470000000000255,-0.7359094790777145,0.003089304887579115,0.25856837410606887,0.00849703897303975,0.12018083390805626,0.04577200116159232,0.0034856318823319565,0.00035258151264672355,2.708188169271584e-05,1,1,1
2026-05-20 12:00:00,2026,2075,DOWN,4484.07,4508.79,0.5135584935768952,2026-05-20 16:00:00,-12.350000000000364,-0.499595469255673,0.0006456036166071027,0.20022921757011633,0.0012317345367298352,0.039216277541021055,0.006409790115566833,0.0006030979284229788,4.846484420627223e-05,3.59876955510299e-06,1,1,1
2026-05-20 16:00:00,2026,2076,UP,4496.42,4453.57,0.8918106526742201,2026-05-21 12:00:00,35.97999999999956,0.839673278879796,0.6044707083308214,0.43174932365396074,0.5818527916165573,0.021127446593964327,0.8098675495306057,0.6130670303596483,0.4409693604426845,0.2659796271132008,0,1,0
2026-05-20 20:00:00,2026,2076,UP,4534.7,4467.04,1.4020572468562766,2026-05-21 12:00:00,-2.300000000000182,-0.0339934968962487,0.461263362692086,0.43432508082199817,0.4078139131011424,0.6397071548076045,0.7066628463158893,0.4530063897624545,0.1931584286682202,0.09656267902816867,0,1,1
2026-05-21 01:00:02,2026,2076,UP,4545.35,4467.04,1.6278820996364374,2026-05-21 12:00:00,-12.950000000000728,-0.1653684076107861,0.16969515106797228,0.41547489515135294,0.274882418453102,0.5904963650673681,0.4678134470624162,0.16974440634269608,0.06757349528621245,0.024658206170254462,0,1,1
2026-05-21 04:00:00,2026,2076,UP,4545.54,4467.04,1.63740363977171,2026-05-21 12:00:00,-13.140000000000327,-0.1673885350318513,0.05996835309709039,0.37690652588189694,0.09681826643377323,0.4207253608170764,0.21560859094472803,0.05318083891167058,0.013795575824105498,0.003484686735559625,0,1,1
2026-05-21 08:00:00,2026,2076,UP,4538.73,4467.04,1.496117674274031,2026-05-21 12:00:00,-6.329999999999927,-0.0882968335890635,0.018305288835870712,0.31611418408968905,0.027456945135152903,0.26107557268444015,0.0659358902548726,0.019729497364666025,0.0037008758216474672,0.0008229800340956103,0,1,1
2026-05-21 12:00:00,2026,2077,DOWN,4532.4,4570.78,0.8027911213369822,2026-05-22 01:00:02,-12.950000000000728,-0.33741532047943434,0.33630392709209556,0.2482420808926854,0.47881158194657797,0.1151961690947679,0.49747339343929964,0.3355561125349923,0.17410385324507993,0.09224848320382063,1,1,0
2026-05-21 16:00:00,2026,2077,DOWN,4504.06,4542.74,0.8097745984030621,2026-05-21 20:20:00,-38.67999999999938,-1.0,0.24532258010848668,0.30303246467279005,0.4280534362219114,0.6392315722055405,0.5158129564887429,0.2324414670216859,0.08760964808375264,0.030100255322689982,1,1,1
2026-05-21 20:00:00,2026,2077,DOWN,4519.56,4542.74,0.48614175816610977,2026-05-21 20:20:00,-23.17999999999938,-1.0,0.05775300084928146,0.22662587721222446,0.1256309690339283,0.39780317846612995,0.10939486028749586,0.057957932446280856,0.01684735952267762,0.006149903643782228,1,1,1
2026-05-22 01:00:02,2026,2078,UP,4545.35,4488.55,1.1915819777264656,2026-05-22 08:00:00,-18.160000000000764,-0.3197183098591674,0.5709718125318951,0.3958299245275334,0.6033647564501259,0.5956926960197092,0.7959557016240608,0.5807930214093698,0.427842971849366,0.34215837868853965,0,1,1
2026-05-22 04:00:00,2026,2078,UP,4526.96,4488.55,0.8083562206574283,2026-05-22 08:00:00,0.22999999999956344,0.005988023952084465,0.21929456886557258,0.3697204149981097,0.23562322480259643,0.32116887927963766,0.313367991092162,0.21070838880106574,0.09812983591579973,0.0625710830070475,0,1,1
2026-05-22 08:00:00,2026,2079,DOWN,4527.19,4545.98,0.39682342788349884,2026-05-22 16:00:00,-1.5399999999999636,-0.08195848855774171,0.37707117891051684,0.23842275937391463,0.5228507016721934,0.5554195157018349,0.5341794545501107,0.3724117547392401,0.20043132742840497,0.12127758908209406,1,1,1
2026-05-22 12:00:00,2026,2079,DOWN,4521.8,4534.21,0.2627145326315316,2026-05-22 12:54:00,-12.409999999999854,-1.0,0.20584334217414166,0.22958120036167567,0.30759248061625005,0.4840697545857793,0.3325479978078416,0.2007501604945744,0.0730970636222505,0.03635428993733328,1,1,1
2026-05-22 16:00:00,2026,2080,UP,4528.73,4510.16,0.3940737945782126,2026-05-22 17:00:00,-18.56999999999971,-1.0,0.5948180928559342,0.4048794039107847,0.15106616296709705,0.34213382222547944,0.7018556760538682,0.566907773805779,0.36790972806658023,0.29033275288176696,0,0,0
2026-05-22 20:00:00,2026,2081,DOWN,4515.0,4536.8,0.4628709704614039,2026-05-25 01:00:00,-21.800000000000182,-1.0,0.38140328141944285,0.24665155018610477,0.07379902207210136,0.29519593782942655,0.5178733034136024,0.360126055630349,0.17430421970318824,0.11853088433054677,1,1,1
2026-05-25 01:00:02,2026,2081,DOWN,4534.72,4536.8,0.044284909645370844,2026-05-25 01:00:00,-2.0799999999999272,-1.0,0.2263468000751533,0.2816976342223741,0.05215337501014059,0.2772288644451233,0.4439702869374942,0.22300205847120377,0.08366480784662982,0.03125357766411882,1,1,1
2026-05-25 04:00:00,2026,2082,UP,4569.66,4503.88,1.3963001668682447,2026-05-25 12:00:00,-13.63000000000011,-0.2072058376406227,0.7195365154725647,0.5062551979597832,0.798464349064936,0.7931270256927628,0.8555228992249825,0.731793113291972,0.576818844478646,0.5026014746784327,1,1,1
2026-05-25 08:00:00,2026,2082,UP,4565.09,4503.88,1.303516309971214,2026-05-25 12:00:00,-9.0600000000004,-0.1480150302238261,0.32754285635453717,0.4235868910898219,0.4308922082464073,0.49821861732882455,0.5534134055973696,0.2897821850172293,0.1461973360200965,0.09845571320591844,1,1,1
2026-05-25 12:00:00,2026,2083,DOWN,4556.03,4565.96,0.21225732629387636,2026-05-25 12:44:00,-9.930000000000291,-1.0,0.3617168961302666,0.2155301471981899,0.1759234465420607,0.3516406043879059,0.48845381475184146,0.3613234863489763,0.18919800333068262,0.11604965772131433,0,0,0
2026-05-25 16:00:00,2026,2084,UP,4567.89,4550.46,0.37357792172943044,2026-05-26 03:01:00,-17.43000000000029,-1.0,0.6087986797014348,0.41504919226436043,0.10999522767915396,0.32785749424368305,0.7546071612656013,0.5945591888484358,0.42089412071253013,0.34055216312103237,1,1,1
2026-05-25 20:00:00,2026,2084,UP,4573.72,4552.8,0.4500956896476932,2026-05-26 03:01:00,-20.920000000000073,-1.0,0.4095205313836964,0.41942337939625174,0.06906836228176595,0.2756436239248606,0.6620192783156897,0.4049457945305,0.2231189125553412,0.12667421383358343,1,1,1
2026-05-26 01:00:02,2026,2084,UP,4570.25,4552.8,0.37687890644844596,2026-05-26 03:01:00,-17.449999999999818,-1.0,0.18977186513113717,0.36270011224164606,0.014984971555680127,0.13543543374622602,0.2739377449082696,0.18371900121521326,0.05727070464222812,0.027549751559798268,1,1,1
2026-05-26 04:00:00,2026,2085,DOWN,4549.52,4589.15,0.8565005947571904,2026-05-27 04:00:00,34.11000000000058,0.8607115821347785,0.39748368068434536,0.2421932030392423,0.6298819945419626,0.623496346235228,0.6583686447816544,0.3829514817992806,0.20116057082522282,0.10830812230486395,0,1,1
2026-05-26 08:00:00,2026,2085,DOWN,4525.42,4580.16,1.1858736529015141,2026-05-27 04:00:00,10.010000000000218,0.18286445012788197,0.20493032056412827,0.23223185396609414,0.34240369444134083,0.49006377415652674,0.46169849359204684,0.20108591385336497,0.07688620081145175,0.03334856843873991,0,1,1
2026-05-26 12:00:00,2026,2085,DOWN,4523.8,4580.16,1.2249923810024057,2026-05-27 04:00:00,8.390000000000327,0.14886444286728842,0.06268243209548965,0.23356475220250653,0.12988703615597974,0.31951729540743773,0.17939923444308575,0.060786005685456466,0.01716803212490717,0.004727401732333625,0,1,1
2026-05-26 16:00:00,2026,2085,DOWN,4520.33,4540.47,0.438065094531439,2026-05-27 04:00:00,4.920000000000073,0.24428997020853985,0.025799666678716703,0.19972439580085685,0.06915762189714159,0.2771360907602945,0.08207588963387662,0.027176186992604604,0.005582409335356378,0.0012061387106568906,0,1,1
2026-05-26 20:00:00,2026,2085,DOWN,4504.84,4540.47,0.776347859891082,2026-05-27 04:00:00,-10.569999999999709,-0.29666011787818347,0.01391085954191519,0.21632714976660344,0.030085669369320982,0.18989138087793753,0.06793062785816908,0.013624816845384824,0.002022674963734826,0.0002703719286616516,0,1,1
2026-05-27 01:00:02,2026,2085,DOWN,4510.24,4540.47,0.6601122762175055,2026-05-27 04:00:00,-5.170000000000073,-0.17102216341382706,0.004471705236153605,0.25434767213834736,0.009759350597980164,0.12958805376059182,0.026130613301327044,0.0046100423665413615,0.0004684579347300431,6.714528788507012e-05,1,1,1
2026-05-27 04:00:00,2026,2086,UP,4515.41,4496.06,0.4226794051664197,2026-05-27 07:00:00,-19.349999999999454,-1.0,0.5753288889654838,0.40472820464958326,0.5317930900369313,0.058869143400391954,0.7624631075772351,0.5724791861024341,0.38459052920862713,0.23439811856432,0,1,0
2026-05-27 08:00:00,2026,2087,DOWN,4510.13,4539.0,0.6321998907537025,2026-05-28 01:00:02,52.909999999999854,1.8326983027364065,0.3473452312319781,0.23297297327589278,0.5367969011817969,0.07935755809562574,0.5056065726968869,0.34273121472568024,0.17887615946285032,0.10196504690305701,1,1,1
2026-05-27 12:00:00,2026,2087,DOWN,4497.75,4517.24,0.4271862688398343,2026-05-28 01:00:02,40.529999999999745,2.0795279630579886,0.17716295364483692,0.2855106070916438,0.3289848557063291,0.057622692314630186,0.3581317949285301,0.17895475793897742,0.061739933141942684,0.027932345276445388,1,1,1
2026-05-27 16:00:00,2026,2087,DOWN,4438.79,4517.24,1.713786700825448,2026-05-28 01:00:02,-18.43000000000029,-0.2349267049075887,0.1352676736721811,0.3716368580780433,0.21972212883669293,0.06218053816568801,0.4552671275313805,0.134994665744301,0.025461640216456895,0.007798139866974318,1,1,1
2026-05-27 20:00:00,2026,2087,DOWN,4450.77,4517.24,1.4505863931841025,2026-05-28 01:00:02,-6.449999999999818,-0.0970362569580244,0.023103458642155926,0.3246792234324794,0.040987944853668294,0.019479592623524982,0.0793660492413253,0.025928687392339847,0.0035830213120458688,0.0010528257923458249,1,1,1
2026-05-28 01:00:02,2026,2088,UP,4457.22,4401.26,1.2254581386390122,2026-05-28 05:12:00,-55.960000000000036,-1.0,0.5858910391798542,0.4306357102526862,0.016323580967271156,0.010428174014441008,0.7969478686788832,0.5659350310528596,0.4197231386483458,0.28570822797343565,0,0,0
2026-05-28 04:00:00,2026,2088,UP,4457.36,4401.26,1.232090689818895,2026-05-28 05:12:00,-56.099999999999454,-1.0,0.2952668840126991,0.4470029055460687,0.012092010931219572,0.00856330006066204,0.4531657267403016,0.28107974946032355,0.14417492801154302,0.08354480742457635,0,0,0
2026-05-28 08:00:00,2026,2089,DOWN,4372.97,4458.76,1.8734479608658023,2026-05-28 16:00:00,-59.469999999999345,-0.6932043361697094,0.5923432809063952,0.31578385446446894,0.013209494593861339,0.014248939355050325,0.8772371225297391,0.5890217219781895,0.3452211811945166,0.18930794089840186,1,1,1
2026-05-28 12:00:00,2026,2089,DOWN,4386.75,4458.76,1.5757628179369834,2026-05-28 16:00:00,-45.6899999999996,-0.6344952089987427,0.1385442340658164,0.28222893730944415,0.0011813486077063811,0.0026378866973334504,0.30126504526567893,0.12331873708830139,0.05560923496905172,0.01925179817517698,1,1,1
2026-05-28 16:00:00,2026,2090,UP,4432.44,4375.26,1.2493184630892487,2026-06-01 04:00:00,108.3100000000004,1.894193774046897,0.737887202424888,0.4901532335449801,0.00043400092043631005,0.0010484355342418941,0.8992035131794265,0.7271998276564234,0.5160963050899811,0.3999011383474783,0,0,0
2026-05-28 20:00:00,2026,2090,UP,4511.35,4375.26,2.9564955268463815,2026-06-01 04:00:00,29.399999999999636,0.2160335072378544,0.5911093210135189,0.5732228601230241,0.8345097621106102,0.8292881828008478,0.9205430128422342,0.5776617586798035,0.2848758631816569,0.164834318301165,0,1,1
2026-05-29 01:00:02,2026,2090,UP,4496.39,4375.26,2.6392655104913447,2026-06-01 04:00:00,44.35999999999967,0.3662181127713996,0.1275383062395117,0.4430434649188601,0.3809159410625918,0.4783475800759536,0.25923170469060386,0.11162216764991723,0.03388032037506136,0.013435826500897308,0,1,1
2026-05-29 04:00:00,2026,2090,UP,4496.43,4375.26,2.651181670765741,2026-06-01 04:00:00,44.31999999999971,0.36576710406866125,0.046284336937487444,0.41588895570976897,0.2388883226958885,0.38152094929134306,0.20424701747670404,0.04429581570212707,0.010016791181981498,0.0020877174024494607,0,1,1
2026-05-29 08:00:00,2026,2090,UP,4514.36,4489.02,0.5556176448705266,2026-06-01 04:00:00,26.390000000000327,1.0414364640884421,0.0408190753676538,0.3487524517681249,0.13776667101153753,0.35714268542128735,0.19052241454913568,0.045342408510757666,0.006628758296092024,0.0007595747626899639,0,1,1
2026-05-29 12:00:00,2026,2090,UP,4515.16,4489.02,0.574710002440946,2026-06-01 04:00:00,25.590000000000146,0.9789594491201498,0.012356588633707907,0.3261625970015049,0.04799553818141728,0.2131719023597731,0.09213219565740678,0.012668529220485475,0.0016110935995485918,0.00015870296840793236,0,1,1
2026-05-29 16:00:00,2026,2090,UP,4523.37,4509.83,0.29823343981400463,2026-06-01 04:00:00,17.38000000000011,1.2836041358936598,0.00636055499855968,0.3701683837225155,0.0209495544914359,0.18275483267968975,0.05505571264823861,0.006889967334152348,0.0005817342856077943,5.207587500681516e-05,1,1,1
2026-05-29 20:00:00,2026,2090,UP,4567.22,4512.71,1.195866623359804,2026-06-01 04:00:00,-26.470000000000255,-0.4855989726655687,0.004288312545118154,0.46944001331509116,0.020736836952447685,0.2505879809144829,0.08762525374423762,0.0046955581758278435,0.00023274242689892892,1.8173066113026573e-05,1,1,1
2026-06-01 01:00:02,2026,2090,UP,4524.8,4512.71,0.26576526027989555,2026-06-01 04:00:00,15.949999999999818,1.3192721257237077,0.0007965186988626796,0.35475530967973296,0.0020904068414172253,0.058542156445992914,0.010448539661421872,0.0007674341549514013,2.9575641328691512e-05,2.0345601462870493e-06,1,1,1
2026-06-01 04:00:00,2026,2091,DOWN,4540.75,4595.16,1.19844379826414,2026-06-02 04:00:00,59.22999999999956,1.088586656864542,0.24714144350971515,0.19915757700393227,0.40263462172721387,0.025946201223161942,0.33644187738206466,0.2575912625054079,0.12895181916967774,0.06507573434963129,0,1,0
2026-06-01 08:00:00,2026,2091,DOWN,4514.4,4545.82,0.693131783926598,2026-06-02 04:00:00,32.8799999999992,1.0464672183322445,0.19897467038156635,0.20882848099686224,0.41450534163078107,0.008756880870607131,0.4025722974390141,0.21350265234581042,0.07628901172200281,0.02246181271934965,0,1,0
2026-06-01 12:00:00,2026,2091,DOWN,4498.04,4545.82,1.0554390412728367,2026-06-02 04:00:00,16.519999999999527,0.34575136040183374,0.09144559405358407,0.20160966177100276,0.1924121470345053,0.5641708713080137,0.25588417256722457,0.08806534516948808,0.02297667593809642,0.005735178449900958,0,1,1
2026-06-01 16:00:00,2026,2091,DOWN,4502.76,4545.82,0.9536950029677426,2026-06-02 04:00:00,21.23999999999978,0.4932652113330245,0.022782813188706452,0.15572796098748684,0.044487975220062266,0.32823809576892743,0.05995510936222092,0.020272463134842936,0.0038753310263508005,0.0009229171929384501,0,1,1
2026-06-01 20:00:00,2026,2091,DOWN,4479.96,4512.87,0.7279062546557424,2026-06-02 04:00:00,-1.5600000000004002,-0.04740200546947454,0.01048970083309941,0.1502267796856938,0.02532964982116638,0.31928490117820874,0.038869534872554096,0.012039736384030292,0.0018426702618650106,0.0003575999455644742,0,1,1
2026-06-02 01:00:02,2026,2091,DOWN,4486.38,4495.45,0.20113431567050427,2026-06-02 03:32:00,-9.069999999999709,-1.0,0.0044913126419110945,0.13203592224455044,0.007913060239682454,0.17734338898723898,0.013670757636873114,0.004096531280524232,0.00036777526229313603,4.345319038141732e-05,0,1,1
2026-06-02 04:00:00,2026,2092,UP,4481.52,4447.63,0.7538268037512547,2026-06-02 20:00:00,10.339999999999236,0.30510475066388715,0.5655440758353769,0.4400632722071032,0.0035744052681887604,0.13822739584920293,0.6282942880717707,0.5587356829839636,0.3811771203821616,0.30747916277378734,1,0,0
2026-06-02 08:00:00,2026,2092,UP,4517.62,4462.96,1.2142840200201166,2026-06-02 20:00:00,-25.76000000000022,-0.4712769849981758,0.45705458494741175,0.45459053308346864,0.6882476759264297,0.702795808443554,0.7529148160849496,0.4570666021928341,0.2104638082893911,0.11748504216892582,1,1,1
2026-06-02 12:00:00,2026,2092,UP,4526.98,4462.96,1.425518001619355,2026-06-02 20:00:00,-35.11999999999989,-0.5485785691971282,0.17804837789426456,0.4339161031377159,0.4713812664285223,0.6251957822887826,0.43135129980848314,0.18635643577387542,0.07008504896956333,0.03336325148769353,1,1,1
2026-06-02 16:00:00,2026,2092,UP,4515.24,4462.96,1.1673684188802924,2026-06-02 20:00:00,-23.38000000000011,-0.4472073450650387,0.04754728178771377,0.40534893606302747,0.14866740948297352,0.3661494082100113,0.09581261664718611,0.04759182855630896,0.010870266476105587,0.0036605712363962373,1,1,1
2026-06-02 20:00:00,2026,2093,DOWN,4491.86,4541.41,1.1072867885317268,2026-06-04 04:00:00,43.159999999999854,0.8710393541876831,0.3969785985367294,0.24116860883505795,0.6348485635171636,0.6125382140424247,0.7031144211438063,0.41902259458946306,0.24964936294260986,0.13891661624901366,0,1,1
2026-06-03 01:00:02,2026,2093,DOWN,4490.29,4541.41,1.1467104455971608,2026-06-04 04:00:00,41.590000000000146,0.8135758998435101,0.174971915046476,0.2211370735584137,0.2712765829555473,0.4118825274374678,0.31701716987803163,0.16854271949332295,0.06428794752520563,0.027763144281922357,0,1,1
2026-06-03 04:00:00,2026,2093,DOWN,4485.91,4541.41,1.2465148266479158,2026-06-04 04:00:00,37.210000000000036,0.6704504504504512,0.0674385999617204,0.2273429039837242,0.11955290493439587,0.30557059980708295,0.16228922202340998,0.06187836798578209,0.014134527064561562,0.004782437961766033,0,1,1
2026-06-03 08:00:00,2026,2093,DOWN,4469.33,4496.75,0.6173651034758685,2026-06-04 04:00:00,20.63000000000011,0.7523705324580618,0.03855697611151011,0.19950784599784857,0.07245967918489395,0.262759297479308,0.13143998730663425,0.04162330797508572,0.007275722881294686,0.0017527259631010047,0,1,1
2026-06-03 12:00:00,2026,2093,DOWN,4443.75,4488.07,0.9991713143954299,2026-06-04 04:00:00,-4.949999999999818,-0.11168772563176559,0.024957031462475573,0.2760156002814338,0.051501439614370176,0.29430239691904825,0.18098828610671205,0.026305097983078753,0.003633639416980831,0.0006770930944313051,1,1,1
2026-06-03 16:00:00,2026,2093,DOWN,4460.23,4488.07,0.6288438722153188,2026-06-04 04:00:00,11.529999999999745,0.4141522988505634,0.004851792313028786,0.20987603509957653,0.009661635481640975,0.1202120812832957,0.03142167936095851,0.004764987682308546,0.0005530144518771849,0.00010427109951346949,1,1,1
2026-06-03 20:00:00,2026,2093,DOWN,4442.04,4467.99,0.5864805919922657,2026-06-04 04:00:00,-6.6599999999998545,-0.25664739884392684,0.0031514799555619048,0.22705702186977947,0.008401654577755501,0.12355583324162085,0.03143030586968667,0.0033719257263753917,0.00027561071423777225,3.318998801055466e-05,1,1,1
2026-06-04 01:00:02,2026,2093,DOWN,4438.56,4467.99,0.6670015114273724,2026-06-04 04:00:00,-10.139999999999418,-0.3445463812436164,0.0012936626520512187,0.2215415228904043,0.003054047664209005,0.0716650581637597,0.018956076288279906,0.0013363145026253386,9.071331867520146e-05,7.961024059483842e-06,1,1,1
2026-06-04 04:00:00,2026,2094,UP,4448.7,4423.95,0.56112424661774,2026-06-05 01:00:02,26.88000000000011,1.0860606060606104,0.5826195333166717,0.408838831458928,0.0006494390901559652,0.030407840594081734,0.7502113992223731,0.5697582862452262,0.3979924028067705,0.3199049509331296,0,0,0
2026-06-04 08:00:00,2026,2094,UP,4481.36,4443.32,0.8628023952447714,2026-06-05 01:00:02,-5.779999999999745,-0.15194532071503025,0.4350516046077395,0.37848197142349466,0.6243521872567822,0.5940271536683751,0.6856174639648072,0.45394445388495275,0.21601298349112819,0.11819253523751232,0,1,1
2026-06-04 12:00:00,2026,2094,UP,4463.61,4443.32,0.4613821235057342,2026-06-05 01:00:02,11.970000000000255,0.5899457861015415,0.11216764829496985,0.34924327070364897,0.2102240493116832,0.29697243115334654,0.1820178444643251,0.09515791265384732,0.027633592891364567,0.012445535796366638,0,1,1
2026-06-04 16:00:00,2026,2094,UP,4504.31,4458.48,1.0408687710692177,2026-06-04 17:53:00,-45.83000000000084,-1.0,0.08278227876709157,0.4199670012932601,0.37733189776877324,0.6031363473588633,0.3656595326395149,0.09142564956228058,0.024265336652365594,0.006557093681579248,0,1,1
2026-06-04 20:00:00,2026,2094,UP,4482.97,4457.28,0.5824293128309094,2026-06-05 01:00:02,-7.390000000000327,-0.2876605683145263,0.017839060701603505,0.3316512914464994,0.07218749780097888,0.2509529708922833,0.07207073073182918,0.017930644570791975,0.0035654720736439803,0.0008194823521319363,0,1,1
2026-06-05 01:00:02,2026,2095,DOWN,4475.58,4515.32,0.9047827941743741,2026-06-08 16:00:00,142.3699999999999,3.5825364871665997,0.39538400853712585,0.2635495778761427,0.5726176840356908,0.10929065486018069,0.5938618899351398,0.4119983590425144,0.23129734612897754,0.10278931321936881,1,1,0
2026-06-05 04:00:00,2026,2095,DOWN,4459.26,4483.33,0.5489171969346467,2026-06-08 16:00:00,126.05000000000018,5.23680930619035,0.2362592051139808,0.29978556715482624,0.4446052747107676,0.6503672541622008,0.489287510677473,0.23185619410693492,0.09544774836257079,0.03323213417305507,1,1,1
2026-06-05 08:00:00,2026,2095,DOWN,4444.91,4483.33,0.8771752052350882,2026-06-08 16:00:00,111.69999999999982,2.907339927121281,0.08874062166574129,0.27751388159595297,0.22262633092036155,0.5331240211424504,0.30144251118713433,0.09548330087831511,0.031898915868833005,0.009521756403283317,1,1,1
2026-06-05 12:00:00,2026,2095,DOWN,4462.6,4483.33,0.4735469034086213,2026-06-08 16:00:00,129.39000000000033,6.241678726483505,0.022388246390334408,0.2223649022503241,0.04304794046854925,0.261784889624101,0.054353098689302964,0.019792961379074582,0.0042627947964873234,0.0012005227429964659,1,1,1
2026-06-05 16:00:00,2026,2095,DOWN,4406.44,4483.33,1.7503801564210393,2026-06-08 16:00:00,73.22999999999956,0.9523995317986637,0.025146976382530342,0.3243341027557703,0.0679996173430988,0.4312323107184353,0.21926275030804304,0.023920793536232936,0.003156976826192499,0.0005072914621841202,1,1,1
2026-06-05 20:00:00,2026,2095,DOWN,4344.62,4475.82,2.966610383507858,2026-06-08 16:00:00,11.409999999999854,0.08696646341463315,0.01096151047357503,0.41158147979249604,0.029063009993317648,0.408706987210273,0.17142747483754128,0.012237220712339148,0.0010555415777838296,0.00012522638042364472,1,1,1
2026-06-08 01:00:02,2026,2095,DOWN,4325.28,4475.82,3.407610611412866,2026-06-08 16:00:00,-7.930000000000291,-0.05267702936096913,0.001755530295142141,0.42537028127231524,0.004386759825560623,0.1317631883474836,0.025732837824093788,0.0017587425572113983,0.0001465561501520346,8.837670171390505e-06,1,1,1
2026-06-08 04:00:00,2026,2095,DOWN,4342.3,4475.82,3.0223426223490044,2026-06-08 16:00:00,9.090000000000146,0.06807968843619067,0.00031092357199819794,0.32596265730826246,0.0006709360878279785,0.034026100115042625,0.005037716948405716,0.0002893384704708587,1.8059140702094423e-05,7.890606275295254e-07,1,1,1
2026-06-08 08:00:00,2026,2095,DOWN,4312.57,4353.28,0.9213117359157929,2026-06-08 16:00:00,-20.640000000000327,-0.5070007369196834,0.0003524452275178517,0.2700976307660968,0.0009318262314198985,0.041166133527912006,0.011240774391506177,0.0004369324400511109,2.0382268388191197e-05,7.947068407760311e-07,1,1,1
2026-06-08 12:00:00,2026,2095,DOWN,4288.73,4353.28,1.4600929280984185,2026-06-08 16:00:00,-44.48000000000047,-0.6890782339271936,0.00015497512548413509,0.2996817070545976,0.00039780344937716413,0.027711106696195247,0.007025471984355571,0.00018272442108860284,6.7057567438281404e-06,1.6475214080890976e-07,1,1,1
2026-06-08 16:00:00,2026,2096,UP,4333.21,4272.94,1.3594833675949314,2026-06-09 04:00:00,-13.449999999999818,-0.22316243570598507,0.7338444303578021,0.44662939623350617,4.377584540048639e-05,0.0052294690357696716,0.8773869709826516,0.7434415514579245,0.5296977248919792,0.3154016491276157,0,0,0
2026-06-08 20:00:00,2026,2096,UP,4340.95,4314.57,0.5959628941766678,2026-06-09 02:49:00,-26.38000000000011,-1.0,0.3247237935120941,0.44100120139674365,0.5433928904916613,0.005855188599674996,0.6808853661582159,0.3183202537638097,0.17856563969230832,0.07008263946283469,0,1,0
2026-06-09 01:00:02,2026,2096,UP,4333.23,4314.57,0.4227056066746245,2026-06-09 02:49:00,-18.659999999999854,-1.0,0.10438564155897584,0.3707893022600715,0.2184115928881886,0.006732774220893815,0.2392323774453123,0.09434372230018896,0.03361582402194492,0.01091142986770577,0,1,0
2026-06-09 04:00:00,2026,2097,DOWN,4319.76,4346.24,0.601649428013192,2026-06-09 08:00:00,-12.840000000000146,-0.4848942598187446,0.39015925615026326,0.24267679319125648,0.6104326755179132,0.006332148257318216,0.6283142146325595,0.4137215855959886,0.24074646552443166,0.12639385250383403,1,1,1
2026-06-09 08:00:00,2026,2098,UP,4332.6,4312.75,0.452165777146071,2026-06-09 17:17:00,-19.850000000000364,-1.0,0.5122214780883223,0.36951965436190554,0.47978011973496454,0.0018669562861650542,0.7081208088587203,0.5192605417918195,0.3626132794422291,0.2919510634033809,0,1,0
2026-06-09 12:00:00,2026,2098,UP,4326.89,4312.75,0.32265346503199893,2026-06-09 17:17:00,-14.140000000000327,-1.0,0.2589433093119099,0.4069074897203913,0.2681068067112764,0.0013482491397252478,0.45628502117512754,0.26039441825352677,0.13232970410737582,0.10091231337670042,0,1,0
2026-06-09 16:00:00,2026,2098,UP,4341.82,4321.18,0.47240459069858814,2026-06-09 17:14:00,-20.639999999999418,-1.0,0.1852176919898411,0.42238107456106316,0.20449035751603917,0.5334254589712405,0.48767780917242654,0.18280631066810213,0.07004903683577075,0.04246796226447642,0,1,1
2026-06-09 20:00:00,2026,2099,DOWN,4252.22,4363.3,2.5158341233187436,2026-06-11 08:00:00,169.24000000000024,1.523586604249193,0.579845446405398,0.31415991355324097,0.7364210368519368,0.8085980891172916,0.8321363308863962,0.5767485433510838,0.2687620259672161,0.1206706493281019,1,1,1
2026-06-10 01:00:02,2026,2099,DOWN,4254.14,4363.3,2.4785365024239945,2026-06-11 08:00:00,171.1600000000003,1.5679736167094223,0.14306982594541576,0.24822299601625644,0.25863691927553684,0.4128711434477986,0.30779433264609485,0.12300842138483008,0.04677433261984388,0.01547660536678811,1,1,1
2026-06-10 04:00:00,2026,2099,DOWN,4218.09,4363.3,3.290273642041297,2026-06-11 08:00:00,135.11000000000013,0.9304455616004413,0.07088287562056754,0.35979819725571077,0.218048694631066,0.49272882273266144,0.36152198699702986,0.07913797941480338,0.0267198825737576,0.0036174516308445878,1,1,1
2026-06-10 12:00:00,2026,2099,DOWN,4168.96,4222.0,1.198987210449318,2026-06-11 08:00:00,85.98000000000002,1.6210407239819018,0.01169457863121075,0.2289957334157879,0.020559203022384735,0.14195511197890848,0.10948212737121125,0.01175754588868834,0.0018071620859443705,8.005990544185706e-05,1,1,1
2026-06-10 16:00:00,2026,2099,DOWN,4146.98,4222.0,1.6948707651975699,2026-06-11 08:00:00,63.999999999999545,0.8531058384430709,0.004201469575817205,0.23949168075324587,0.00938154548932528,0.08912061689186902,0.055370620664055015,0.00455838829223327,0.0005728704471823861,1.6839891440095002e-05,1,1,1
2026-06-10 20:00:00,2026,2099,DOWN,4122.0,4186.2,1.4440631403991961,2026-06-11 08:00:00,39.01999999999998,0.607788161993771,0.0018485656398261692,0.22368654768326296,0.0037659337992143665,0.04868801559847898,0.03844177178622264,0.002009678812155545,0.00017751535195035498,3.405551964255934e-06,1,1,1
2026-06-11 01:00:02,2026,2099,DOWN,4071.62,4186.2,2.5697713917940916,2026-06-11 08:00:00,-11.360000000000127,-0.09914470239134347,0.0011638737117199188,0.29960224202728764,0.0024561294894772773,0.042990245457093304,0.047349652224717785,0.0013861063477821863,8.420480299778233e-05,8.189050503906112e-07,1,1,1
2026-06-11 04:00:00,2026,2099,DOWN,4075.76,4186.2,2.473975956492394,2026-06-11 08:00:00,-7.2199999999998,-0.06537486417964349,0.0001312711801282676,0.24718637193087725,0.0003861615488379014,0.011155040313147109,0.0035853742907213143,0.00015892180000413956,8.347457387856005e-06,8.926944567134785e-08,1,1,1
2026-06-11 08:00:00,2026,2100,UP,4082.98,4023.87,1.3206964532023706,2026-06-11 16:00:00,-0.9800000000000182,-0.016579259008628253,0.48800391759560363,0.37960064850580083,0.00012464230281609623,0.004767887122865602,0.6962033422616735,0.5131340007719152,0.3144261952707378,0.24339478044660937,0,0,0
2026-06-11 12:00:00,2026,2100,UP,4084.77,4023.87,1.3615044993776675,2026-06-11 16:00:00,-2.769999999999982,-0.045484400656814084,0.23658797272014784,0.4210048072680084,6.680583346308412e-05,0.003119175095048478,0.3658936316129676,0.23296549564379013,0.10017124930069997,0.06295025038606945,0,0,0
2026-06-11 16:00:00,2026,2101,DOWN,4082.0,4112.52,0.6828175552983531,2026-06-11 20:30:00,-30.520000000000437,-1.0,0.3101700661330365,0.18647151707448245,6.67791950210553e-05,0.003296523506597661,0.4252110684493219,0.3257099989577456,0.180617972121422,0.07823501967386257,1,1,1
2026-06-11 20:00:00,2026,2101,DOWN,4080.16,4112.52,0.7230791020460889,2026-06-11 20:30:00,-32.36000000000058,-1.0,0.16777855831549993,0.1861002157366689,1.566855194623696e-05,0.0013531564473554978,0.24217841104907872,0.16050219461608545,0.05202403656441503,0.018150419920512438,1,1,1
2026-06-12 01:00:02,2026,2102,UP,4215.05,4052.83,3.5788265764061076,2026-06-12 08:00:00,-25.150000000000546,-0.15503637036124093,0.8168953132727669,0.5453251547451782,0.8505675177489868,0.8832526685446382,0.951004899301632,0.7960646412577882,0.5292595055052466,0.4186300522370063,0,1,1
2026-06-12 04:00:00,2026,2102,UP,4208.56,4052.83,3.435532383849252,2026-06-12 08:00:00,-18.660000000000764,-0.11982277017916078,0.18666369964653357,0.4703861108245068,0.5449250955603915,0.6659344151236488,0.382161548578543,0.171121982739901,0.10414542404165439,0.05411235456207814,0,1,1
2026-06-12 08:00:00,2026,2103,DOWN,4189.9,4246.26,1.2442141657452637,2026-06-12 12:00:00,-30.0600000000004,-0.5333569907735999,0.4039414207326371,0.25283318438300956,0.17105541956089795,0.3943764519464858,0.600481067891696,0.4336524349929773,0.21916277308263973,0.08987238073967763,1,0,0
2026-06-12 12:00:00,2026,2104,UP,4219.96,4052.83,3.6848701718363253,2026-06-16 01:00:02,89.05000000000018,0.5328187638365351,0.48365189089136734,0.4452021479041407,0.16519485988698956,0.4620491662805095,0.7895759468943253,0.4803111898257741,0.3167829105692351,0.1963340770333268,0,1,1
2026-06-12 16:00:00,2026,2104,UP,4191.97,4170.15,0.4814322760683936,2026-06-16 01:00:02,117.03999999999996,5.363886342804612,0.197461113677052,0.2750978386468729,0.022766670930820264,0.1428252167245208,0.2628215444753003,0.1876232749200658,0.08445135778041334,0.05504186117063307,0,1,1
2026-06-12 20:00:00,2026,2104,UP,4216.27,4177.09,0.8630765252065168,2026-06-16 01:00:02,92.73999999999978,2.3670239918325446,0.135128249941821,0.38839714010504894,0.023365483596255888,0.16716662307156435,0.38494558645696797,0.14104626518660987,0.04992225315581922,0.019208740337370463,0,1,1
2026-06-15 01:00:02,2026,2104,UP,4274.93,4177.09,2.158376019563745,2026-06-16 01:00:02,34.07999999999993,0.34832379394930374,0.04692058362187165,0.42226834053299805,0.006771778768344252,0.08707717864928481,0.24573151580213978,0.04839126729683709,0.015129275900417816,0.005999359023089634,0,1,1
2026-06-15 04:00:00,2026,2104,UP,4292.84,4201.77,1.9980503893648855,2026-06-16 01:00:02,16.170000000000073,0.1775557263643365,0.04711692231873109,0.45921275917757304,0.01601872974748961,0.23159501767287127,0.1815929136772616,0.06110341986062013,0.01204357580270494,0.003349557103441628,0,1,1
2026-06-15 08:00:00,2026,2104,UP,4328.51,4201.77,2.7791698878906854,2026-06-16 01:00:02,-19.5,-0.1538582925674612,0.013461333966709474,0.4780762612479455,0.004837792172755065,0.1211586544731797,0.22391166229905934,0.013642558384528346,0.0023854718312132993,0.0003343180788739877,0,1,1
2026-06-15 12:00:00,2026,2104,UP,4334.46,4300.85,0.7370987059742442,2026-06-16 01:00:02,-25.449999999999818,-0.7572151145492433,0.0047821607298157865,0.34653665778649917,0.0014256506250688052,0.05726736600661657,0.06368741322729712,0.005235192373821937,0.0006229031679855278,4.977176949549946e-05,0,1,1
2026-06-15 16:00:00,2026,2104,UP,4349.3,4300.85,1.065247876955903,2026-06-16 01:00:02,-40.289999999999964,-0.8315789473684234,0.001882836329051838,0.3537769026454578,0.0004977607988864946,0.025351793110009402,0.04119873780571444,0.002101180230767588,0.00020388063898073777,9.202079456535314e-06,0,1,1
2026-06-15 20:00:00,2026,2104,UP,4339.46,4324.51,0.3291314522722719,2026-06-15 20:36:00,-14.949999999999818,-1.0,0.0005707888614051508,0.33995699512633637,0.00012216148567365984,0.011250794087132325,0.011072184130258074,0.0006345341309451067,4.927200137153625e-05,2.9997393354384987e-06,1,1,1
2026-06-16 01:00:02,2026,2105,DOWN,4309.01,4369.27,1.3286993619639174,2026-06-16 08:00:00,-13.699999999999818,-0.22734815798207383,0.44448967934157235,0.26238455743830863,0.5912483999316605,0.0015056947187415423,0.769129516970428,0.4472198463319034,0.27713966328221584,0.11085976490156164,0,1,0
2026-06-16 04:00:00,2026,2105,DOWN,4319.18,4369.27,1.1086137866846688,2026-06-16 08:00:00,-3.5299999999997453,-0.07047314833299531,0.12087414142209912,0.23657753131653023,0.23562177033928666,0.001521479176602485,0.22196130125341282,0.1145519325597316,0.04675749846275564,0.015377398648092816,0,1,0
2026-06-16 08:00:00,2026,2106,UP,4322.71,4305.95,0.3718381738914395,2026-06-16 20:00:00,17.81999999999971,1.0632458233889903,0.6171963572775271,0.3805697444684455,0.09306153869075443,0.001409023382274401,0.7010909433681364,0.6179513350064236,0.44414757949293016,0.34315206996373876,1,0,1
2026-06-16 12:00:00,2026,2106,UP,4347.24,4313.46,0.7504263980663851,2026-06-16 17:34:00,-33.779999999999745,-1.0,0.3701009334752148,0.4752089135979617,0.723190932795366,0.0020107926643353003,0.743355780016331,0.3756911821999691,0.2194585492760311,0.09887867590544859,1,1,1
2026-06-16 16:00:00,2026,2106,UP,4354.89,4313.46,0.9232347388650813,2026-06-16 17:34:00,-41.43000000000029,-1.0,0.1827282552761632,0.4701331795619653,0.45954261012662095,0.0010168364883564804,0.5138945399459255,0.17999167368899918,0.0757571536960781,0.022858068225200773,1,1,1
2026-06-16 20:00:00,2026,2107,DOWN,4340.53,4354.97,0.3219132809087487,2026-06-17 16:00:00,6.6799999999993815,0.46260387811628434,0.38758543730388156,0.23549246911431243,0.2029418725775934,0.00044636850800903257,0.46124221569644364,0.38393759728958254,0.18338396187830697,0.1300528865545641,0,0,0
2026-06-17 01:00:02,2026,2107,DOWN,4332.67,4346.84,0.3169629461175255,2026-06-17 04:06:00,-14.170000000000073,-1.0,0.17009516940326225,0.2522772548990519,0.5217089618616484,0.00013632397427609078,0.3887061814869015,0.18126177282762798,0.06787641354354916,0.025230620672706695,0,1,0
2026-06-17 04:00:00,2026,2107,DOWN,4337.03,4342.85,0.1306996799128153,2026-06-17 04:03:00,-5.8200000000006185,-1.0,0.05964401013924177,0.19557468408340775,0.23388052527518483,0.0001365170195508682,0.13863834503967193,0.05854932500388572,0.017110179197645237,0.0059470660611626565,0,1,0
2026-06-17 08:00:00,2026,2107,DOWN,4326.82,4349.69,0.5143761754315814,2026-06-17 16:00:00,-7.030000000000655,-0.30738959335376864,0.031207425022951037,0.23471577008721858,0.18741107109561525,6.019062034522933e-05,0.17438822366424403,0.029651051153727948,0.008209333227967165,0.0019032783141135297,0,1,0
2026-06-17 12:00:00,2026,2107,DOWN,4324.75,4349.69,0.5628582283643279,2026-06-17 16:00:00,-9.100000000000364,-0.36487570168406214,0.013043104335884145,0.19610985353735022,0.0851552234714992,0.5007610677469106,0.051166006241506426,0.014132325994461278,0.002884029030695272,0.0006715115520089207,0,1,1
2026-06-17 16:00:00,2026,2108,UP,4333.85,4316.89,0.3841328229983321,2026-06-17 21:04:00,-16.960000000000036,-1.0,0.6212522485245672,0.4526807455898067,0.023135861315828118,0.321456370364781,0.772824019151215,0.617087917074767,0.46058661269167556,0.40030659436949756,1,0,0
2026-06-17 20:00:00,2026,2108,UP,4359.72,4319.72,0.9061767607961143,2026-06-17 21:04:00,-40.0,-1.0,0.41139273977747337,0.5459967533470181,0.7083673765934411,0.7126287297093568,0.7470586704466882,0.41963522847291085,0.1734938700847609,0.09372632571453743,1,1,1
2026-06-18 01:00:02,2026,2109,DOWN,4256.72,4382.2,2.800692041434818,2026-06-18 08:00:00,-59.30000000000018,-0.47258527255339805,0.5991305784231865,0.34094434169327786,0.6978331310660895,0.816300085975977,0.8111389137033554,0.5844985945018866,0.22557213438772475,0.12087538351382741,1,1,1
2026-06-18 04:00:00,2026,2109,DOWN,4308.4,4382.2,1.6439057996118505,2026-06-18 08:00:00,-7.6200000000008,-0.1032520325203358,0.08860589418904365,0.21066852894117813,0.12345388860167575,0.3010627583062899,0.12335520552775552,0.08327540439370508,0.02782194648692844,0.014316310792446175,1,1,1
2026-06-18 08:00:00,2026,2110,UP,4316.02,4218.95,2.1681548054842334,2026-06-18 12:00:00,-49.13000000000011,-0.5061295971978963,0.5045855065314887,0.4240965600646773,0.4775460090769585,0.29359547503012834,0.6985072384786152,0.5089457790816314,0.3411854674458497,0.19831846342745169,0,1,0
2026-06-18 12:00:00,2026,2111,DOWN,4266.89,4324.53,1.2851789873281525,2026-06-19 16:00:00,87.53999999999996,1.5187369882026518,0.5316921369735289,0.29242151396619726,0.661231303961104,0.44463592144468944,0.8164102495250867,0.5232580571364888,0.2830650240689062,0.13253010624601874,1,1,1
2026-06-18 16:00:00,2026,2111,DOWN,4246.57,4324.53,1.740711461755968,2026-06-19 16:00:00,67.21999999999935,0.8622370446382672,0.22199601597503205,0.2779070806710305,0.34285337598314664,0.2673418536502266,0.5323758367037877,0.22661061596183607,0.09888609553881411,0.03767124558355365,1,1,1
2026-06-18 20:00:00,2026,2111,DOWN,4219.47,4276.63,1.2734537994022193,2026-06-19 16:00:00,40.11999999999989,0.7018894331700488,0.1235667138695521,0.27945299767853793,0.1755187619544871,0.1893748945052598,0.445351844778724,0.11079008080932096,0.026114400455430068,0.006215568182772616,1,1,1
2026-06-19 01:00:02,2026,2111,DOWN,4211.07,4276.63,1.4629811674022706,2026-06-19 16:00:00,31.719999999999345,0.48383160463696084,0.03598582162578976,0.25287520598916857,0.05772934513816075,0.08877295174332822,0.19688355573345087,0.0334341071152984,0.0068362606419530665,0.0011739553292915077,1,1,1
2026-06-19 04:00:00,2026,2111,DOWN,4190.36,4276.63,1.928897235128541,2026-06-19 16:00:00,11.009999999999309,0.1276225802712328,0.013807360814033262,0.25881084969015306,0.03823307399176704,0.07362634647857201,0.12836933105191897,0.015353823378875689,0.0026897845828750965,0.000285675216793654,1,1,1
2026-06-19 08:00:00,2026,2111,DOWN,4125.63,4276.63,3.365868575423592,2026-06-19 16:00:00,-53.720000000000255,-0.3557615894039752,0.010100734096281544,0.33892349918921205,0.021378763076598813,0.06886449194547942,0.20639332019263437,0.010534440880169589,0.0010817953074702558,8.019238105269391e-05,1,1,1
2026-06-19 12:00:00,2026,2111,DOWN,4169.03,4276.63,2.394878022598893,2026-06-19 16:00:00,-10.320000000000618,-0.0959107806691504,0.0009582840820288259,0.20780241946357556,0.0014786380945044225,0.008924382969794815,0.008553275974680224,0.0009603023652409831,8.807040351697475e-05,6.0608333703539075e-06,1,1,1
2026-06-19 16:00:00,2026,2112,UP,4179.35,4121.6,1.2864207010705755,2026-06-22 01:00:02,-38.74000000000069,-0.6708225108225228,0.6282491288139228,0.4048604818761205,0.0012734729797859903,0.007535006519065241,0.8031184806698599,0.582794306675748,0.36636067648446397,0.2363809439875303,0,0,0
2026-06-22 01:00:02,2026,2113,DOWN,4140.61,4182.84,0.9412404791604023,2026-06-22 03:49:00,-42.23000000000047,-1.0,0.39782675170646215,0.22218666302027187,0.0009318304954752583,0.006554784205943069,0.5595854015614196,0.367821861152867,0.171332902234184,0.07431198606657817,1,1,1
2026-06-22 04:00:00,2026,2114,UP,4201.28,4121.6,1.7716329855144624,2026-06-22 20:00:00,-11.399999999999636,-0.14307228915662304,0.5999891111374243,0.4308016364851711,0.6082880504726474,0.0018200920308386482,0.85789315185656,0.577460399925836,0.34185771501715856,0.21665694328558105,0,1,0
2026-06-22 08:00:00,2026,2114,UP,4182.02,4136.46,1.012309909239198,2026-06-22 20:00:00,7.859999999999673,0.17251975417031615,0.21915164313386487,0.3159885867097517,0.2755246301598866,0.43944700766468037,0.29934664485305057,0.24068287581493747,0.1124856710921978,0.07971083350012441,0,1,1
2026-06-22 12:00:00,2026,2114,UP,4197.56,4170.6,0.6002968453590478,2026-06-22 18:49:00,-26.960000000000036,-1.0,0.11214527010776576,0.35292594564621804,0.20714315576435274,0.4657820497195844,0.2964713679246464,0.11915794017527352,0.04169399616129873,0.019079831260132202,0,1,1
2026-06-22 16:00:00,2026,2114,UP,4193.68,4188.6,0.11342057388246526,2026-06-22 16:25:00,-5.079999999999927,-1.0,0.042891411126217735,0.303739850613304,0.07504453890533509,0.34493910830031804,0.09337958171110607,0.05013918237744813,0.01229926072800188,0.002795615187783343,0,1,1
2026-06-22 20:00:00,2026,2115,DOWN,4189.88,4215.13,0.564018918499236,2026-06-23 04:00:00,-3.6700000000000728,-0.14534653465346822,0.3362672495107004,0.25274372270526624,0.5666669581841187,0.1479329831894252,0.5564464282804173,0.35028393020755294,0.1817080606832866,0.09369790741369347,1,1,0
2026-06-23 01:00:02,2026,2115,DOWN,4192.36,4215.13,0.5104089035811288,2026-06-23 04:00:00,-1.1900000000005093,-0.052261747913943196,0.16036157823581948,0.21929284588852654,0.3025535230564162,0.5050984649283877,0.23859611718666685,0.1492599673725144,0.049281025159449196,0.029547847375147727,1,1,1
2026-06-23 04:00:00,2026,2116,UP,4193.55,4169.7,0.5364673426699109,2026-06-23 04:33:00,-23.850000000000364,-1.0,0.5972290675762495,0.3813252105776007,0.18341425841724968,0.38339719355915863,0.6756336168973254,0.5773703598777336,0.3842306385277543,0.3506814216508054,0,0,1
2026-06-23 08:00:00,2026,2117,DOWN,4118.34,4198.34,1.7907210345186333,2026-06-23 20:00:00,-16.099999999999454,-0.20124999999999318,0.601638222920309,0.33105793210651896,0.15003235855612274,0.7181258913965183,0.8488968321023074,0.591412798523716,0.32381907753813166,0.18575469869374855,1,1,1
2026-06-23 12:00:00,2026,2117,DOWN,4105.28,4198.34,2.082586125488901,2026-06-23 20:00:00,-29.159999999999854,-0.3133462282398424,0.2146770816849439,0.3005791603573764,0.043395157169364436,0.546252314799502,0.5444653985096919,0.21685079686860875,0.10257240311597873,0.03824360625929021,1,1,1
2026-06-23 16:00:00,2026,2117,DOWN,4113.18,4133.24,0.4497761225756842,2026-06-23 16:48:00,-20.05999999999949,-1.0,0.06488198426268489,0.23733021512887037,0.00915481801824794,0.2599354558948711,0.1757833430381109,0.05883967937321759,0.01625475329908695,0.003585139404936469,1,1,1
2026-06-23 20:00:00,2026,2118,UP,4134.44,4105.32,0.6533181168582776,2026-06-24 01:00:02,-22.00999999999931,-0.7558379120878912,0.6638112506264926,0.4374521547264796,0.0029308532840300033,0.14326413808680777,0.8085552799483614,0.663149612351404,0.46438174128458526,0.3581330979503926,0,0,0
2026-06-24 01:00:02,2026,2119,DOWN,4112.43,4144.97,0.7311646152004508,2026-06-25 16:00:00,99.61000000000013,3.0611555009219495,0.3922559133615192,0.2584702600924114,0.004676816522412057,0.20880190470510365,0.6854915602950079,0.39215369125373467,0.23049183706846516,0.1280960659934533,1,1,1
2026-06-24 04:00:00,2026,2119,DOWN,4097.21,4144.97,1.0745265030334823,2026-06-25 16:00:00,84.38999999999987,1.7669597989949641,0.19585763060294314,0.3320604205699692,0.001387273755837016,0.11859276133198635,0.45265779471843115,0.19378062088815343,0.07117501172505313,0.027114280003341457,1,1,1
2026-06-24 08:00:00,2026,2119,DOWN,4064.43,4144.97,1.8103645933711292,2026-06-25 16:00:00,51.60999999999967,0.6407996026818898,0.10845998855716699,0.3847576485391137,0.0006517099939636815,0.09471108239528755,0.3671754889617903,0.11013751782594783,0.022700532125377888,0.005517302743776319,1,1,1
2026-06-24 12:00:00,2026,2119,DOWN,4076.13,4097.47,0.48014091125666886,2026-06-25 16:00:00,63.309999999999945,2.9667291471414954,0.0310078393674962,0.2835916854473133,0.00014336242887527437,0.03576751101113762,0.11436912821963297,0.028606068598912453,0.004236980818076094,0.0008526763787439288,1,1,1
2026-06-24 16:00:00,2026,2119,DOWN,3988.06,4097.47,2.4472902248955473,2026-06-25 16:00:00,-24.76000000000022,-0.2263047253450338,0.038299092424835986,0.5215776366472894,0.00019673508073566576,0.07336201682422604,0.47788905679979593,0.03770208964235129,0.0020704566829643674,0.00021971066947109946,1,1,1
2026-06-24 20:00:00,2026,2119,DOWN,4006.65,4097.47,2.023187884827286,2026-06-25 16:00:00,-6.170000000000073,-0.06793657784629004,0.004921071292112685,0.4575661808147789,2.580986099322931e-05,0.01705547406607842,0.0596922314733034,0.005535484570100935,0.0002452360793846674,1.9802375145640207e-05,1,1,1
2026-06-25 01:00:02,2026,2119,DOWN,4004.67,4097.47,2.0654555511029487,2026-06-25 16:00:00,-8.150000000000091,-0.08782327586206977,0.0016294274509173214,0.44057149855820865,8.833931796976258e-06,0.007976922322543923,0.026850476968677678,0.0017749063945260918,6.053432831519207e-05,3.5417977212442494e-06,1,1,1
2026-06-25 04:00:00,2026,2119,DOWN,3991.36,4097.47,2.3630907245322144,2026-06-25 16:00:00,-21.460000000000036,-0.2022429554236171,0.0008947281207773254,0.45544912618194094,5.1616791319942785e-06,0.004998572946622756,0.02859994141796887,0.0009657531258699749,2.1651889224965397e-05,6.457321162371314e-07,1,1,1
2026-06-25 08:00:00,2026,2119,DOWN,3996.01,4018.62,0.503663970843343,2026-06-25 15:53:00,-22.609999999999673,-1.0,0.0003726435231773237,0.34654987759732625,1.6899446028919627e-06,0.0026886697047891163,0.009024174992630942,0.00041372197525918713,8.746654677522476e-06,2.363432583340303e-07,1,1,1
2026-06-25 12:00:00,2026,2119,DOWN,3989.15,4018.62,0.6576374601901328,2026-06-25 15:53:00,-29.4699999999998,-1.0,0.00018124733073240597,0.35731713420861555,8.170014985805484e-07,0.0017469575556568072,0.006241135321008194,0.00019063319708176416,2.957347446033815e-06,6.10944140605292e-08,1,1,1
2026-06-25 16:00:00,2026,2120,UP,4012.82,3971.34,0.9255858864068798,2026-06-26 04:00:00,7.389999999999873,0.17815814850530062,0.5567037913772844,0.38788768331285195,0.5652306205959088,0.0007148454752345195,0.7718289088874981,0.5435332852229227,0.3397570393372636,0.22459825125531085,0,1,0
2026-06-25 20:00:00,2026,2120,UP,4028.97,3973.66,1.2341804587076695,2026-06-26 04:00:00,-8.759999999999764,-0.15838003977580495,0.28902519989488,0.41619859205007304,0.3920529747517309,0.5911521817051052,0.5178787694823827,0.30284666624965334,0.14487746003009117,0.08025305491517785,0,1,1
2026-06-26 01:00:10,2026,2120,UP,4031.22,3973.66,1.2879719758987884,2026-06-26 04:00:00,-11.009999999999764,-0.19127866574009336,0.09341925013232524,0.3797461499511979,0.12932667611299797,0.37911316227049324,0.21731971841498454,0.08725917065354817,0.03090708983746883,0.01399092445130816,0,1,1
2026-06-26 04:00:00,2026,2121,DOWN,4020.21,4044.18,0.5376539720210237,2026-06-26 12:00:00,-10.9699999999998,-0.457655402586562,0.4491499191336516,0.26165948288741503,0.04257884993705855,0.24137934096835323,0.5955672183648649,0.46558736997371647,0.26674691434979,0.1324746970441894,1,0,0
2026-06-26 08:00:00,2026,2121,DOWN,4011.62,4044.18,0.730162952105083,2026-06-26 12:00:00,-19.559999999999945,-0.6007371007371001,0.17595254736890986,0.29662643387131243,0.5043719254727621,0.570705352839273,0.37637300099694715,0.17472854694694712,0.07347243699802702,0.030943109194324105,1,1,1
2026-06-26 12:00:00,2026,2122,UP,4031.18,3982.97,1.0825317057564785,2026-06-29 04:00:00,38.43000000000029,0.797137523335413,0.5550225707830204,0.39618905923832864,0.5960918658621113,0.5830928792927171,0.7786199592277951,0.5733259587102568,0.40475488055762454,0.3177023060221328,0,1,1
2026-06-26 16:00:00,2026,2122,UP,4059.32,3982.97,1.7170971258468146,2026-06-29 04:00:00,10.289999999999964,0.1347740667976413,0.29523957709089976,0.5116823058941744,0.429861849713758,0.5648019862221518,0.6506617004656992,0.3043033693808405,0.15385220074584538,0.09699317042559265,0,1,1
2026-06-26 20:00:00,2026,2122,UP,4085.4,4035.75,1.1154797291270717,2026-06-29 04:00:00,-15.789999999999964,-0.31802618328297955,0.1506798460393523,0.49211183997075375,0.3380133728948444,0.5921429659862717,0.5483748779489435,0.15860112151753797,0.06210054753010399,0.027489493913016996,0,1,1
2026-06-29 01:00:02,2026,2122,UP,4087.18,4035.75,1.1582290521745624,2026-06-29 04:00:00,-17.56999999999971,-0.34162939918335145,0.05169281121221839,0.4445248401732463,0.09897193607798853,0.3580831790380632,0.22581233441780335,0.04595325217486689,0.010996957518231766,0.0031210774476012762,0,1,1
2026-06-29 04:00:00,2026,2123,DOWN,4069.61,4089.85,0.45604955353349674,2026-06-30 12:00:00,54.01000000000022,2.668478260869605,0.4323510801095899,0.2536640212505268,0.023668149370678356,0.1732740529785625,0.5318158694558069,0.43899184455003204,0.2230890615825256,0.15618023349108412,0,0,0
2026-06-29 08:00:00,2026,2123,DOWN,4052.14,4089.85,0.8516543940338829,2026-06-30 12:00:00,36.539999999999964,0.9689737470167046,0.25869010924780445,0.27234005109187925,0.5201520394969877,0.060980036965610995,0.5191511297980095,0.2666907355971314,0.0828774923435615,0.029509535453478244,0,1,0
2026-06-29 12:00:00,2026,2123,DOWN,4046.88,4075.53,0.6482653424874717,2026-06-30 12:00:00,31.2800000000002,1.0917975567190261,0.10421520749820183,0.23643925491727324,0.30339862196286793,0.5161969317346433,0.3116864928152412,0.0994495224032896,0.024238261402415466,0.0092290245445152,0,1,1
2026-06-29 16:00:00,2026,2123,DOWN,4043.66,4068.54,0.56391509785412,2026-06-30 12:00:00,28.059999999999945,1.127813504823144,0.038986871112904324,0.223878821069453,0.129292105778237,0.4196007286163551,0.13857078776333207,0.04056909521992705,0.007958893444695091,0.0023918808607347945,0,1,1
2026-06-29 20:00:00,2026,2123,DOWN,4023.84,4052.27,0.6437692992958043,2026-06-30 12:00:00,8.240000000000236,0.2898346816742977,0.022445798412751777,0.25595174434762874,0.08025848484017176,0.3773911838560731,0.1143482741269345,0.023351090729804798,0.0028109265633724503,0.0005783063470208757,0,1,1
2026-06-30 01:00:02,2026,2123,DOWN,4018.34,4032.09,0.3120327730832751,2026-06-30 09:35:00,-13.75,-1.0,0.007907214688374629,0.22297083670396037,0.02943177160333776,0.2519669867195045,0.056734807801550456,0.007894421020759148,0.0007950721850199663,0.0001301889619386591,0,1,1
2026-06-30 04:00:00,2026,2123,DOWN,3987.06,4032.09,1.02202532464798,2026-06-30 09:35:00,-45.0300000000002,-1.0,0.005018047331134304,0.3188232537488313,0.023406723036076407,0.29934848615777077,0.08192828852990822,0.0050751896974535315,0.0003603555063050405,3.8246586560864325e-05,1,1,1
2026-06-30 08:00:00,2026,2123,DOWN,3985.46,4022.41,0.8374060325560632,2026-06-30 09:32:00,-36.94999999999982,-1.0,0.0013294772181307727,0.2805722249870787,0.0038607163156617274,0.13222911056294462,0.011373512299968969,0.0015515177164673363,6.842564303954193e-05,6.416981600898462e-06,1,1,1
2026-06-30 12:00:00,2026,2124,UP,4015.6,3942.28,1.657833888744378,2026-07-01 01:00:02,-4.309999999999945,-0.05878341516639338,0.5569925664114729,0.42851352281821287,0.5717618025937086,0.04897853640509666,0.8274707111566915,0.55754759755882,0.3696156532177244,0.22130432869294453,0,1,0
2026-06-30 16:00:00,2026,2124,UP,4010.13,3942.28,1.5371597449654688,2026-07-01 01:00:02,1.1599999999998545,0.017096536477521827,0.21740945810380036,0.39784063123607905,0.2711713412961,0.425134857815776,0.33360857489482393,0.21239812748832004,0.10122088587004603,0.05933823525941822,0,1,1
2026-06-30 20:00:00,2026,2124,UP,4026.33,4008.66,0.39982284985346755,2026-06-30 23:55:00,-17.670000000000073,-1.0,0.11202448347045951,0.420761514263052,0.15805753290623992,0.4593903659926014,0.2529132978675565,0.11587036882524489,0.041079217413283346,0.01723329572100591,0,1,1
2026-07-01 01:00:02,2026,2125,DOWN,4011.29,4063.29,1.1791118059314871,2026-07-01 16:00:00,-11.659999999999854,-0.22423076923076643,0.46966009103447004,0.2915827203588591,0.029328253983889822,0.5706241390384608,0.671985927077234,0.47637103883615306,0.29393885433152017,0.1770065235310777,1,0,1
2026-07-01 04:00:00,2026,2125,DOWN,3996.68,4063.29,1.5139826294061003,2026-07-01 16:00:00,-26.269999999999982,-0.3943852274433258,0.18372531592071156,0.3363093076834881,0.6439451435931365,0.570639612245453,0.5350780853315712,0.17314949634655025,0.08399233290802471,0.029983207509711687,1,1,1
2026-07-01 08:00:00,2026,2125,DOWN,3976.51,4063.29,1.9760199353188972,2026-07-01 16:00:00,-46.4399999999996,-0.5351463470845786,0.08748869101020758,0.3245027738054288,0.39066471364181676,0.4571720238380388,0.27749143934285403,0.09701465590350655,0.031805944577601976,0.008403034264853086,1,1,1
2026-07-01 12:00:00,2026,2125,DOWN,3974.38,4063.29,2.0295703068399553,2026-07-01 16:00:00,-48.56999999999971,-0.5462827578450095,0.025545945767731913,0.2875414746111288,0.12021789258274733,0.2723330541703737,0.09095759430664901,0.025509084167595272,0.006154572410445003,0.0014015146150209421,1,1,1
2026-07-01 16:00:00,2026,2126,UP,4022.95,3960.15,1.430124468726248,2026-07-02 04:00:00,28.920000000000073,0.46050955414013056,0.6614719882958366,0.4361828774770165,0.69568885663739,0.6927488103571403,0.8982432550993135,0.6620937794003173,0.4840024457429659,0.3594910247440881,0,1,1
2026-07-01 20:00:00,2026,2126,UP,4071.44,3960.15,2.515623643635673,2026-07-02 04:00:00,-19.570000000000164,-0.17584688651271607,0.31491614715020866,0.6947090051136222,0.5476508767753524,0.7364600944333155,0.7647449040773786,0.3168738535429431,0.14256682581752614,0.0785135103612667,1,1,1
2026-07-02 01:00:02,2026,2126,UP,4036.99,3960.15,1.7367096957360413,2026-07-02 04:00:00,14.88000000000011,0.19364914107236034,0.06209357561516063,0.5096229496874546,0.09011259040183603,0.30862299500175155,0.15638695124564383,0.05820805408381774,0.015022900760073515,0.006167269180908676,1,1,1
2026-07-02 04:00:00,2026,2127,DOWN,4051.87,4115.53,1.442884728581029,2026-07-02 08:00:00,-9.079999999999927,-0.14263273641218893,0.30648179836646505,0.24923867074547698,0.11499276831215402,0.4119231411492598,0.34137032671269796,0.28346678294673866,0.1354670106626259,0.0810879133917106,0,0,0
2026-07-02 08:00:00,2026,2128,UP,4060.95,4030.68,0.6870635496568057,2026-07-06 01:00:02,122.97000000000025,4.062438057482667,0.5997107198307803,0.40817406837780856,0.06887131197004503,0.3631386908136451,0.7404883747261438,0.6209784694755668,0.4326588476139893,0.3189721033701246,1,1,1
2026-07-02 12:00:00,2026,2128,UP,4076.32,4053.16,0.5268256909703227,2026-07-06 01:00:02,107.59999999999991,4.645941278065564,0.3833917766089954,0.4028587496274143,0.03020813358315431,0.2618876440343452,0.6514727932475469,0.37461334475247454,0.18843915301529668,0.10697523720415067,1,1,1
2026-07-02 16:00:00,2026,2128,UP,4117.83,4053.16,1.463835631321981,2026-07-06 01:00:02,66.09000000000015,1.021957631049947,0.2668546551154605,0.49040964894511146,0.0297885870197161,0.3613207669811636,0.6395077526856442,0.2644070175753336,0.07315304970300875,0.025820141473059537,1,1,1
2026-07-02 20:00:00,2026,2128,UP,4118.22,4057.43,1.3760945468376724,2026-07-06 01:00:02,65.69999999999982,1.0807698634643752,0.0689396211368872,0.4205774123460348,0.005337638978654325,0.14267493210913967,0.21999271964083877,0.06739162375916008,0.014672805471024402,0.0041762145701850105,1,1,1
2026-07-03 01:00:02,2026,2128,UP,4125.98,4100.28,0.5834457211655197,2026-07-06 01:00:02,57.94000000000051,2.254474708171242,0.03323046856517626,0.37994232687873325,0.0025085262466372172,0.08729809209903193,0.1642840384140144,0.03307094232723725,0.005030611492866617,0.0008607303555046579,1,1,1
2026-07-03 04:00:00,2026,2128,UP,4147.4,4100.28,1.0716262869467181,2026-07-06 01:00:02,36.52000000000044,0.7750424448217428,0.016546187254267323,0.43404536858423975,0.0022169736005304918,0.09246784888328045,0.22556953063986088,0.018841083591717496,0.002711831838633262,0.00033979504812337393,1,1,1
2026-07-03 08:00:00,2026,2128,UP,4179.06,4100.28,1.7905542665677288,2026-07-06 01:00:02,4.859999999999673,0.06169078446305702,0.005614959602783579,0.40901093458935556,0.0008691627400742704,0.06252689204415232,0.07700842120510872,0.007313604081409958,0.0007086036594235266,8.177262478646504e-05,1,1,1
2026-07-03 12:00:00,2026,2128,UP,4181.33,4160.38,0.4772402007620767,2026-07-03 17:08:00,-20.949999999999818,-1.0,0.002512516913802653,0.3631064005825075,0.0002430361660801861,0.02722386178433108,0.03339858837436469,0.002645719752111623,0.00017465842816524228,1.0822594034056976e-05,1,1,1
2026-07-03 16:00:00,2026,2128,UP,4177.15,4168.39,0.2002106952669196,2026-07-03 16:09:00,-8.759999999999309,-1.0,0.0009173217986603898,0.313338964584322,6.283701246401202e-05,0.010317916273091258,0.012086721902730153,0.0009033791918758152,5.092304111904829e-05,2.2612330666461937e-06,1,1,1
2026-07-06 01:00:02,2026,2129,DOWN,4183.92,4186.31,0.05476181316574276,2026-07-06 01:31:00,-2.3900000000003274,-1.0,0.39990692068171835,0.22083172819708222,2.059380331132082e-05,0.004973509371133673,0.39349181082752405,0.40392279125810926,0.19772533973347975,0.13062783088552196,0,0,0
2026-07-06 04:00:00,2026,2130,UP,4179.63,4155.36,0.5569618159627253,2026-07-06 08:00:00,-20.25,-0.8343634116192681,0.49736243431656435,0.35416964068228723,1.1143065528778028e-05,0.0038375712959105223,0.6064623471286177,0.5036952217708391,0.3524407509664291,0.2633116943356673,1,1,1
2026-07-06 08:00:00,2026,2131,DOWN,4159.38,4202.99,1.0005276831566208,2026-07-07 01:00:02,-5.3400000000001455,-0.12244897959184099,0.47451699391858293,0.29659168771349464,0.5264998467026778,0.000768682623918055,0.7856428163953835,0.4577616131863278,0.24345828452095591,0.10325582249101187,0,1,0
2026-07-06 12:00:00,2026,2131,DOWN,4150.42,4202.99,1.2095062578853832,2026-07-07 01:00:02,-14.300000000000182,-0.2720182613658029,0.21603495933779188,0.24874961710438862,0.2745948581429313,0.5153093694104204,0.4369276949480525,0.22042233268885464,0.08272413197511962,0.05129633888521597,0,1,1
2026-07-06 16:00:00,2026,2131,DOWN,4139.69,4166.26,0.6125162825914858,2026-07-06 21:35:00,-26.57000000000062,-1.0,0.08306011563789233,0.253377831391579,0.16374101822584347,0.45113050435354934,0.2431898527436496,0.0850781203644314,0.0241144596918837,0.01083464644348765,0,1,1
2026-07-06 20:00:00,2026,2131,DOWN,4154.93,4159.46,0.1046381290573687,2026-07-06 20:26:00,-4.529999999999745,-1.0,0.022762233148960715,0.203659329162579,0.04381980516547069,0.2491285042937338,0.060345563150229944,0.022137223962265876,0.004667259524627709,0.0018754953446449554,0,1,1
2026-07-07 01:00:02,2026,2132,UP,4164.72,4128.33,0.8434036013655729,2026-07-07 04:00:00,-18.850000000000364,-0.5179994503984664,0.6098274585712449,0.3835193462303678,0.6225051447978912,0.5708777723665138,0.8097739870455185,0.6302348297051849,0.49075081640768026,0.31151509850570536,0,1,1
2026-07-07 04:00:00,2026,2133,DOWN,4145.87,4168.49,0.5255975222360251,2026-07-07 15:09:00,-22.61999999999989,-1.0,0.4575947510175525,0.25116152429264765,0.16120106396322434,0.49900470320046814,0.66427396756538,0.44789377192135477,0.2674135038536535,0.18138210558930062,0,0,1
2026-07-07 08:00:00,2026,2133,DOWN,4126.61,4168.49,0.9755750190012963,2026-07-07 15:09:00,-41.88000000000011,-1.0,0.24964596463499028,0.2793527151033215,0.6196010389309285,0.5497894929997714,0.5587105029016455,0.2613464277691173,0.10649146326611829,0.05951235564397119,1,1,1
2026-07-07 12:00:00,2026,2133,DOWN,4125.92,4168.49,0.9942600832877496,2026-07-07 15:09:00,-42.56999999999971,-1.0,0.08476425997378517,0.2961645174114268,0.2826539373295409,0.35803904095801004,0.2251424200300119,0.08275068911865885,0.0224048727129503,0.00833618593901996,1,1,1
2026-07-07 16:00:00,2026,2134,UP,4172.73,4119.73,1.2358696248410472,2026-07-07 22:01:00,-53.0,-1.0,0.7113093896425002,0.4330752879648725,0.6970573133456519,0.6999615424367447,0.8961971383552088,0.7088574878790617,0.5074163147643183,0.3358630021104966,0,1,1
2026-07-07 20:00:00,2026,2134,UP,4145.27,4119.73,0.5954200326171266,2026-07-07 22:01:00,-25.540000000000873,-1.0,0.20158731193965013,0.3638116892845093,0.21311598880422128,0.30888248118092126,0.3462248486858341,0.18482095318077335,0.0938659000992904,0.06013108262265448,0,1,1
2026-07-08 01:00:02,2026,2135,DOWN,4097.77,4180.39,1.9228929272532096,2026-07-08 08:00:00,-27.61999999999989,-0.33430162188332035,0.4741754379121643,0.3191111841492377,0.6639313815631747,0.6846500054433531,0.7843796682815629,0.4683397845612219,0.28404038819309,0.1620302044976767,1,1,1
2026-07-08 04:00:00,2026,2135,DOWN,4111.4,4180.39,1.6077742707827682,2026-07-08 08:00:00,-13.990000000000691,-0.2027830120307371,0.13159041127010757,0.2772382250525064,0.24878968022756698,0.36411220553296586,0.2692192784205195,0.12029093004387048,0.05065841147111448,0.02228439485454066,1,1,1
2026-07-08 08:00:00,2026,2136,UP,4125.39,4092.19,0.7745271593645422,2026-07-08 11:17:00,-33.20000000000027,-1.0,0.6153850950239121,0.4258254310974884,0.1162524504037902,0.24433844225690832,0.7904638814304454,0.5944728581574691,0.39189620711664835,0.28171147902966487,0,0,0
2026-07-08 12:00:00,2026,2137,DOWN,4056.67,4133.84,1.7913183978095224,2026-07-09 01:00:02,-19.949999999999818,-0.25852015031747827,0.5794863454596063,0.33226945463380564,0.1526784292703634,0.44538799833573617,0.8393704711265724,0.5605538068926665,0.2969224329958102,0.17440656881561686,1,1,1
2026-07-08 16:00:00,2026,2137,DOWN,4072.18,4133.84,1.4307296621968586,2026-07-09 01:00:02,-4.440000000000055,-0.07200778462536543,0.15880816630157782,0.2518537956191009,0.018422079871413644,0.13964494970073868,0.3025601475204313,0.15918916606756295,0.06823215023450788,0.03248170787475277,1,1,1
2026-07-08 20:00:00,2026,2137,DOWN,4063.85,4086.5,0.5243376893645614,2026-07-08 21:46:00,-22.65000000000009,-1.0,0.06579150088657028,0.26745413596753653,0.01110299642589728,0.11807802244368554,0.178988045370015,0.06862686268476562,0.021433015951008674,0.006691802516759847,1,1,1
2026-07-09 01:00:02,2026,2138,UP,4076.62,4021.72,1.2727768552945455,2026-07-09 08:00:00,-12.230000000000018,-0.2227686703096539,0.5191944547998696,0.4177623499019775,0.5663628462275543,0.0406598189599088,0.7675521718724554,0.5312521780560066,0.37077861506143023,0.25543514864844313,0,1,0
2026-07-09 04:00:00,2026,2138,UP,4074.36,4021.72,1.2241129690538082,2026-07-09 08:00:00,-9.970000000000255,-0.18939969604863588,0.2389834128303313,0.42627772192683033,0.332130109961152,0.03777461654924993,0.4086751707092243,0.2316883791845264,0.10732215841493528,0.05413446517455697,0,1,0
2026-07-09 08:00:00,2026,2139,DOWN,4064.39,4089.72,0.5901509867412212,2026-07-09 09:00:00,-25.329999999999927,-1.0,0.38221754976673733,0.2516327166062457,0.5624031301503362,0.04502291153515575,0.603036993177894,0.39415784291801603,0.22214384726215272,0.1377738711529446,1,1,1
2026-07-09 12:00:00,2026,2140,UP,4108.65,4054.18,1.2672520236484772,2026-07-10 08:00:00,6.539999999999964,0.12006609142647306,0.666207124221156,0.44141470145398115,0.6919707757399257,0.6705328320426854,0.8709894772846453,0.6796408532357804,0.5043747899709238,0.4030592701382185,0,1,1
2026-07-09 16:00:00,2026,2140,UP,4107.89,4093.7,0.3307338741044774,2026-07-10 08:00:00,7.299999999999272,0.5144467935164913,0.30571043707343276,0.38417321871375915,0.41952922366328416,0.4712436621200886,0.4829329525380657,0.2948266003964636,0.14459561627831022,0.08623794454511395,0,1,1
2026-07-09 20:00:00,2026,2140,UP,4128.26,4093.7,0.8067341004453707,2026-07-10 08:00:00,-13.070000000000618,-0.3781828703703839,0.18498092860266926,0.46514129611911764,0.33839934951580275,0.584538769121946,0.4872708496843557,0.20948647484417113,0.07839013840147849,0.033844152106025004,1,1,1
2026-07-10 01:00:02,2026,2140,UP,4126.22,4093.7,0.7614477129020459,2026-07-10 08:00:00,-11.030000000000655,-0.33917589175893315,0.05983407196381309,0.4190115861662158,0.08094508760043463,0.3318030717775698,0.18854608580605686,0.054565597559516156,0.012953817509455871,0.004338725558569002,1,1,1
2026-07-10 04:00:00,2026,2140,UP,4126.46,4093.7,0.7699606289654567,2026-07-10 08:00:00,-11.270000000000437,-0.34401709401710506,0.029477279627621814,0.4277743674550247,0.04174905623232613,0.2654880293038094,0.16989734936546053,0.028463600650101752,0.005328447594821249,0.0010926382068296749,1,1,1
2026-07-10 08:00:00,2026,2141,DOWN,4115.19,4138.04,0.5381925834699349,2026-07-13 01:00:02,20.1599999999994,0.882275711159697,0.4048802569196182,0.248462914087565,0.012242651499831423,0.1347559358944019,0.526920225297212,0.386514196580679,0.19408803974331248,0.12466537090654198,0,0,0
2026-07-10 12:00:00,2026,2141,DOWN,4097.96,4134.8,0.8696691255246919,2026-07-13 01:00:02,2.9299999999998363,0.07953311617806257,0.21287237256025238,0.2424550793029609,0.6414131343287808,0.6077834162297547,0.5224570007244307,0.22112201764237563,0.09561669013935557,0.04312358967731257,0,1,1
2026-07-10 16:00:00,2026,2141,DOWN,4100.74,4134.8,0.806076691612368,2026-07-13 01:00:02,5.709999999999582,0.1676453317674549,0.07977162051793343,0.20399260594939422,0.2857816704048983,0.3631718092638418,0.18712409135212774,0.07555041026868713,0.019564516132342346,0.006859987445905268,0,1,1
2026-07-10 20:00:00,2026,2141,DOWN,4104.31,4117.58,0.3140409731793532,2026-07-10 23:53:00,-13.269999999999527,-1.0,0.024884032458135995,0.17551988612819253,0.11843440318210062,0.25248000359833905,0.06707146345987199,0.023582121236712644,0.00486650604528292,0.001822380170723757,0,1,1
2026-07-13 01:00:02,2026,2142,UP,4095.03,4072.87,0.5257560737754065,2026-07-13 01:48:00,-22.16000000000031,-1.0,0.6496463500073058,0.4346389304809899,0.6399879745504573,0.6355020159469935,0.846364990102746,0.6280419760354734,0.4630605057054542,0.35002688845649016,1,1,1
2026-07-13 04:00:00,2026,2143,DOWN,4074.14,4120.83,1.1053431940380143,2026-07-14 08:00:00,53.529999999999745,1.1464981794816809,0.4582651316224907,0.25013622663436674,0.5754495220162816,0.5778880200325928,0.5929796037278661,0.472074784336588,0.25231628630843167,0.15197358147084128,0,1,1
2026-07-13 08:00:00,2026,2143,DOWN,4058.86,4120.83,1.4675909666288591,2026-07-14 08:00:00,38.25,0.6172341455543024,0.21607092594489105,0.3151468943333615,0.3150193613471081,0.45515726494251574,0.5217980391063126,0.21342795334908052,0.07172210332522509,0.020075210997994405,0,1,1
2026-07-13 12:00:00,2026,2143,DOWN,4074.37,4120.83,1.101054626626893,2026-07-14 08:00:00,53.75999999999976,1.1571244080929772,0.04378471216630116,0.2382961982187974,0.07119588219668614,0.18971534123427072,0.12779328513605556,0.03909845532725241,0.010067205140458679,0.003141627000288318,0,1,1
2026-07-13 16:00:00,2026,2143,DOWN,4067.33,4080.7,0.31737208314056653,2026-07-14 08:00:00,46.7199999999998,3.494390426327613,0.028756356085859285,0.23180146237858942,0.06916400529023438,0.2022650826961147,0.105657528945072,0.029885475698670304,0.005666687239261375,0.0011134202008060193,0,1,1
2026-07-13 20:00:00,2026,2143,DOWN,3993.63,4080.7,2.0562588389302427,2026-07-14 08:00:00,-26.980000000000018,-0.3098656253589079,0.04068261644643524,0.45354375325749385,0.06232741258223511,0.32432530530579445,0.4004044677946019,0.04067018407988737,0.003205930753408186,0.0004066507369092877,1,1,1
2026-07-14 01:00:02,2026,2143,DOWN,4005.68,4080.7,1.7770638718674063,2026-07-14 08:00:00,-14.930000000000291,-0.1990135963743041,0.005962238083340468,0.35740481796597406,0.007802304887736065,0.09937172338757326,0.05168203893259778,0.005822489633014734,0.0004899069093991481,4.8274276395725215e-05,1,1,1
2026-07-14 04:00:00,2026,2143,DOWN,4004.26,4080.7,1.8151210760681267,2026-07-14 08:00:00,-16.34999999999991,-0.21389324960753525,0.0018151583224070428,0.3343012377173663,0.00412418808740373,0.058357822491461535,0.020923150825952176,0.0017719730408085434,0.00011103459837820902,7.0039919916870314e-06,1,1,1
2026-07-14 08:00:00,2026,2144,UP,4020.61,3983.47,0.8831726503135656,2026-07-15 01:00:02,32.92000000000007,0.886375875067307,0.6173333030831595,0.4265545242520994,0.001122781950591062,0.026259823713852652,0.8217269963576019,0.6033581362347213,0.440112739316412,0.334303065748451,0,0,0
2026-07-14 12:00:00,2026,2144,UP,4016.27,3983.47,0.782290869453742,2026-07-15 01:00:02,37.26000000000022,1.135975609756098,0.23102187039833175,0.3910266809173547,0.4146270450350725,0.023922582438737374,0.37757326144711884,0.23149851979474043,0.10982025917419479,0.05627383475733986,0,1,0
2026-07-14 16:00:00,2026,2144,UP,4076.38,4013.64,1.4868303090216561,2026-07-15 01:00:02,-22.84999999999991,-0.3642014663691397,0.17282539458416354,0.5644657538678696,0.6196163518203669,0.8046836973990894,0.5017474493250624,0.18530550251121133,0.06008575381180265,0.019590846196997427,0,1,1
2026-07-14 20:00:00,2026,2144,UP,4061.8,4013.64,1.1412052357209246,2026-07-15 01:00:02,-8.269999999999982,-0.17171926910298854,0.024588549301756437,0.4430259257628595,0.1323596918324979,0.40647701220348637,0.08170871854254962,0.023798503182686115,0.007246533297743726,0.0022543027172669105,0,1,1
2026-07-15 01:00:02,2026,2145,DOWN,4053.53,4100.54,1.1168896222661584,2026-07-15 16:00:00,-14.9399999999996,-0.31780472239948254,0.48860362251977013,0.3277543406339195,0.041903359901011746,0.27415629415197196,0.6548145206834184,0.49578244932231713,0.2935848499546643,0.1409575618451162,1,0,0
2026-07-15 04:00:00,2026,2145,DOWN,4058.99,4100.54,0.9908573820318762,2026-07-15 16:00:00,-9.480000000000018,-0.2281588447653424,0.18746271665233516,0.2519963828219638,0.03971488036570149,0.2857468989875587,0.2186424345006016,0.16747781875150597,0.06706041925365244,0.03666696323621354,1,0,0
2026-07-15 08:00:00,2026,2145,DOWN,4033.23,4062.05,0.6880028378565494,2026-07-15 15:36:00,-28.820000000000164,-1.0,0.14541172149587953,0.27726851385554213,0.6615541764788666,0.6494161198107197,0.3907852356949251,0.14932675206850837,0.044501358998182444,0.014686502054236866,1,1,1
2026-07-15 12:00:00,2026,2145,DOWN,4031.15,4062.05,0.7398671506660048,2026-07-15 15:36:00,-30.90000000000009,-1.0,0.04338476803649831,0.23548105850931927,0.3222040457910008,0.4890224672827755,0.11701077339469076,0.043834741123356474,0.009877842907238655,0.0030845216109396316,1,1,1
2026-07-15 16:00:00,2026,2146,UP,4068.47,4017.34,1.223555121390943,2026-07-15 20:00:00,-34.70999999999958,-0.6788578134167772,0.6412067587649818,0.43785224096692055,0.6930599720984532,0.6916349835026318,0.8886660871284665,0.6421300605057573,0.46037570082449647,0.32677883547186964,0,1,1
2026-07-15 20:00:00,2026,2147,DOWN,4033.76,4074.08,0.9641584438170402,2026-07-15 21:29:00,-40.31999999999971,-1.0,0.5206824766053496,0.3259970676009281,0.15562196062090755,0.23943781738888525,0.7262140248521114,0.5343991987099855,0.2913396193800824,0.16850006594010147,1,0,0
2026-07-16 01:00:02,2026,2148,UP,4065.43,4026.75,0.9241557978205741,2026-07-16 05:39:00,-38.679999999999836,-1.0,0.5242227529813057,0.3865595790466095,0.2176521213507559,0.39659817348201476,0.7032223321512081,0.5212114132309066,0.3221876788767265,0.2838603717941837,0,1,1
2026-07-16 04:00:00,2026,2148,UP,4044.84,4026.75,0.43330320187751686,2026-07-16 05:39:00,-18.090000000000146,-1.0,0.2811319263494409,0.263313985985888,0.042278410721301105,0.18610219529839414,0.2463605399670176,0.27709341886929567,0.09180478350724743,0.07565165180316984,0,1,1
2026-07-16 08:00:00,2026,2149,DOWN,4033.08,4066.48,0.801657594004886,2026-07-17 08:00:00,51.279999999999745,1.5353293413173534,0.42454728771920835,0.2795416916555877,0.6228662721897708,0.6087026957910844,0.6478104315732898,0.44417912278773447,0.2821196336486737,0.1848283508022713,1,1,1
2026-07-16 12:00:00,2026,2149,DOWN,4035.29,4066.48,0.7514106014047249,2026-07-17 08:00:00,53.48999999999978,1.714972747675527,0.178566234302801,0.24209910499719925,0.31849454716034725,0.4088876266853961,0.2828914284985058,0.17083052969425436,0.06851967711687212,0.038839076797787156,1,1,1
2026-07-16 16:00:00,2026,2149,DOWN,3991.96,4066.48,1.7925194060935399,2026-07-17 08:00:00,10.159999999999854,0.13633923778851123,0.15346697380292995,0.35710026671469397,0.23782095948511342,0.48177444259112195,0.5287995993620848,0.1440842772073733,0.029585593192233983,0.009328520210752778,1,1,1
2026-07-16 20:00:00,2026,2149,DOWN,3992.14,4043.3,1.2303620567481828,2026-07-17 08:00:00,10.33999999999969,0.20211102423767843,0.05089932421128539,0.3251797392727993,0.07191006693376845,0.28744700169430376,0.20791869414941755,0.051355191486052665,0.007397992761021252,0.0015973412724349747,1,1,1
2026-07-17 01:00:02,2026,2149,DOWN,3978.0,4016.77,0.9346228873843794,2026-07-17 08:00:00,-3.800000000000182,-0.09801392829507825,0.023653803317139878,0.3152871079576034,0.04393960931512976,0.23357526444697968,0.14313045003983996,0.026283999926807085,0.003103505094611857,0.00042874416567044747,1,1,1
2026-07-17 04:00:00,2026,2149,DOWN,3991.96,4016.77,0.5999159406161834,2026-07-17 08:00:00,10.159999999999854,0.40951229343006357,0.005026926435816684,0.23038310133290651,0.00635272476252238,0.07805304555513604,0.021202220150591256,0.004710091342967458,0.0003600742565233083,5.347181548487562e-05,1,1,1
2026-07-17 08:00:00,2026,2150,UP,3981.8,3970.72,0.2680372401384847,2026-07-17 15:43:00,-11.080000000000382,-1.0,0.5112974552750569,0.3628196568981701,0.005431814523997009,0.07202788631151612,0.5629204040440605,0.5087455332870773,0.3102199870395896,0.25924266936817714,0,0,0
2026-07-17 12:00:00,2026,2150,UP,3994.35,3974.98,0.46916380525612156,2026-07-17 15:42:00,-19.36999999999989,-1.0,0.3105084626089213,0.36621078989570166,0.5232150220103091,0.03299000630693382,0.5548250810440354,0.30553887078240166,0.13098780441156757,0.06782893397392085,0,1,0
2026-07-17 16:00:00,2026,2151,DOWN,3966.16,4007.08,0.9915174815846367,2026-07-17 18:04:00,-40.92000000000007,-1.0,0.4614427221255267,0.30211267576431666,0.6405209812506466,0.06289133366194835,0.756788242791794,0.45432938315913507,0.26308982351658733,0.15256055686420422,1,1,1
2026-07-17 20:00:00,2026,2152,UP,4015.58,3959.51,1.354409026150396,2026-07-20 04:00:00,-7.0099999999997635,-0.12502229356161584,0.6457213226627994,0.4238378891415727,0.6590800306690177,0.665542638504008,0.8760079600021993,0.6452039007637779,0.4288356246348965,0.31757370946608215,0,1,1
2026-07-20 01:00:02,2026,2152,UP,4001.87,3959.51,1.026611111528789,2026-07-20 04:00:00,6.700000000000273,0.15816808309726924,0.32657195170568715,0.3569381425584341,0.32160163110107864,0.48204566148780364,0.5748921007523564,0.3054784386833775,0.1391253313876573,0.08026232339137877,0,1,1
2026-07-20 04:00:00,2026,2153,DOWN,4008.57,4018.42,0.23893419426773094,2026-07-20 04:10:00,-9.849999999999909,-1.0,0.27353756929093925,0.1923350302365347,0.48847526284807347,0.21922172687615527,0.34000200693915217,0.3182653165293718,0.16302358252479676,0.09907663042136013,0,1,0
2026-07-20 08:00:00,2026,2154,UP,4019.07,3982.6,0.8856529523993841,2026-07-20 20:00:00,-9.370000000000346,-0.2569234987661168,0.5875864076556193,0.41895057278377346,0.6593397944705495,0.4158540494813043,0.7479273239143238,0.5935967304787819,0.4213011463697867,0.2979392059730974,1,1,1
2026-07-20 12:00:00,2026,2154,UP,4019.22,3982.6,0.8907965085244225,2026-07-20 20:00:00,-9.519999999999982,-0.2599672310213001,0.31467270546262727,0.39296538196465763,0.39642187568012865,0.30661480201146873,0.5047964547812035,0.28839286707362255,0.13633136647025093,0.07931327876647605,1,1,1
2026-07-20 16:00:00,2026,2154,UP,4008.37,4001.99,0.1553430523115173,2026-07-20 17:02:00,-6.380000000000109,-1.0,0.12583300383828847,0.33065627900574607,0.15714183657577796,0.1555192094391007,0.18544221927327037,0.11659026753394648,0.037514111027026925,0.02128648569304791,1,1,1
2026-07-20 20:00:00,2026,2155,DOWN,4009.7,4040.62,0.7548766583393819,2026-07-21 04:00:00,-15.490000000000236,-0.500970245795608,0.3471630514339898,0.2108643469144355,0.48347759547673913,0.48248858401355516,0.48410354803328276,0.34072298480337676,0.1760726118266714,0.09950319771060155,0,1,1
2026-07-21 01:00:02,2026,2155,DOWN,4009.82,4019.45,0.2359462081775614,2026-07-21 03:36:00,-9.629999999999654,-1.0,0.16963218526197588,0.23134391114520636,0.28944618093876984,0.4115598048108924,0.30200417887246794,0.1640496303882691,0.061891076621633324,0.024768879014476886,0,1,1
2026-07-21 04:00:00,2026,2156,UP,4025.19,3999.69,0.6259200116078967,2026-07-22 16:00:00,87.62000000000035,3.4360784313725627,0.6054302605152988,0.4399379468292187,0.6823688570934684,0.679024650570541,0.8391543923778462,0.6044832258827264,0.44692811725739323,0.3745191396561603,1,1,1
2026-07-21 08:00:00,2026,2156,UP,4049.84,3999.69,1.2322110609450472,2026-07-22 16:00:00,62.970000000000255,1.2556331006979091,0.44119113200904886,0.4887274896771149,0.5723100017254301,0.7009473797781545,0.7929511098512891,0.4540349644606487,0.23165623232269164,0.14336293358938068,1,1,1
2026-07-21 12:00:00,2026,2156,UP,4063.21,3999.69,1.5613537292631368,2026-07-22 16:00:00,49.600000000000364,0.7808564231738094,0.1554930774479208,0.542718022455114,0.27130186320700095,0.5751958368140846,0.47627036510189563,0.15741775736692754,0.0481796712247032,0.02291157177334275,1,1,1
2026-07-21 16:00:00,2026,2156,UP,4054.3,3999.69,1.3462964802958128,2026-07-22 16:00:00,58.51000000000022,1.0714154916681942,0.06242684722733981,0.43192153591679605,0.07975566420743425,0.3346647331207809,0.16428803331662825,0.06173265219293212,0.010511516164174037,0.003567300999656291,1,1,1
2026-07-21 20:00:00,2026,2156,UP,4071.91,4044.4,0.6783454578434013,2026-07-22 16:00:00,40.900000000000546,1.486732097419153,0.03820301078056054,0.4658121724122832,0.07492441143610852,0.35581932954528406,0.21967415468481163,0.0402598574953269,0.006660219583912648,0.001217277443789753,1,1,1
2026-07-22 01:00:02,2026,2156,UP,4079.35,4044.4,0.8641963305119695,2026-07-22 16:00:00,33.46000000000049,0.9573676680973009,0.012416360087421396,0.4677913712182636,0.03177842729486055,0.2438307518458636,0.1267252097478424,0.013374082497194907,0.0018403006612228744,0.0003030969849412228,1,1,1
2026-07-22 04:00:00,2026,2156,UP,4097.78,4044.4,1.3225486374274888,2026-07-22 16:00:00,15.030000000000655,0.2815661296365821,0.00517393148885092,0.5402076261620781,0.022023925005651854,0.24212903404756167,0.09987027118018127,0.005974986391949951,0.0007019319178067579,6.919841760072128e-05,1,1,1
2026-07-22 08:00:00,2026,2156,UP,4127.31,4076.67,1.2538787951576067,2026-07-22 16:00:00,-14.5,-0.28633491311216247,0.0028879189415971468,0.5921092213880382,0.010306444294204596,0.20126631549652166,0.06148176159644509,0.0035930916853458136,0.00017569209998507637,1.3054073673740174e-05,1,1,1
2026-07-22 12:00:00,2026,2156,UP,4118.63,4076.67,1.0410094596120336,2026-07-22 16:00:00,-5.819999999999709,-0.13870352716872508,0.0006531592534835077,0.5309847248977695,0.001543244673089381,0.06588349434859601,0.012729353384533881,0.0006659622027560343,2.529452157186681e-05,1.4531751595452206e-06,1,1,1
2026-07-22 16:00:00,2026,2157,DOWN,4112.81,4135.2,0.5564515981626431,2026-07-22 16:28:00,-22.389999999999418,-1.0,0.4220156553188383,0.25560215678786924,0.0008095312714240683,0.04114907944404034,0.5613231393910392,0.38333719492039164,0.1776228573775483,0.11048229677084107,0,0,0
2026-07-22 20:00:00,2026,2158,UP,4147.17,4106.67,1.0047091295450092,2026-07-23 04:00:00,-15.19000000000051,-0.3750617283950743,0.6072681157142573,0.4137544058218562,0.0005896685298342729,0.04362960627078681,0.7755543564921434,0.5998343157739463,0.4019957460761631,0.3179597203117996,1,1,1
2026-07-23 01:00:02,2026,2158,UP,4113.79,4106.67,0.17713716545635447,2026-07-23 04:00:00,18.1899999999996,2.5547752808988595,0.28143693639577977,0.32549003370219404,7.646525781778463e-05,0.011404822085363264,0.32604988546941394,0.2517190860395615,0.09744601453359392,0.06041995274342427,1,1,1
2026-07-23 04:00:00,2026,2159,DOWN,4131.98,4166.0,0.8485875739925063,2026-07-24 12:00:00,74.09999999999945,2.178130511463801,0.3068811328667108,0.2275771958521885,0.37644692883187747,0.005535348478569925,0.378033997145486,0.3082027448395194,0.15506466319336384,0.08076247125950424,0,1,0
2026-07-23 08:00:00,2026,2159,DOWN,4121.18,4140.91,0.4929031748513179,2026-07-24 12:00:00,63.30000000000018,3.208312214901246,0.1915012520096296,0.22186222735261077,0.24902946533177134,0.0033017609269882,0.3555088040833775,0.17523929624729276,0.05618645296508796,0.021235307162719,0,1,0
2026-07-23 12:00:00,2026,2159,DOWN,4093.21,4140.91,1.1910726905526752,2026-07-24 12:00:00,35.32999999999993,0.7406708595387854,0.11700965269736344,0.24975870010787818,0.2846990214231464,0.678485334126796,0.42173154799689644,0.11730888455900527,0.033974535407256756,0.010539246602261968,0,1,1
2026-07-23 16:00:00,2026,2159,DOWN,4061.68,4140.91,1.9788343479668606,2026-07-24 12:00:00,3.799999999999727,0.04796163069544019,0.04942864032269482,0.2584576501181299,0.10744238403335236,0.551298554574819,0.26100373891838186,0.049213789865474304,0.010424299140009054,0.0021864822236243265,0,1,1
2026-07-23 20:00:00,2026,2159,DOWN,4051.39,4140.91,2.2397882880470856,2026-07-24 12:00:00,-6.4900000000002365,-0.07249776586237978,0.015458800137429566,0.2632652684396557,0.027616357406374095,0.333790866392794,0.0657976695210339,0.01739295916373811,0.00191915290461005,0.00023823159697947873,0,1,1
2026-07-24 01:00:02,2026,2159,DOWN,4048.88,4140.91,2.310978221199303,2026-07-24 12:00:00,-9.0,-0.09779419754427932,0.003972891908777293,0.22990392694998954,0.007132944801955948,0.17550329715973143,0.024200318000842123,0.00405860195959084,0.0003681381661337082,3.482793481546885e-05,0,1,1
2026-07-24 04:00:00,2026,2159,DOWN,4049.8,4051.12,0.03328691302500984,2026-07-24 10:31:00,-1.319999999999709,-1.0,0.0020809767681636854,0.15598403325409166,0.003863065227126,0.11715151770823255,0.011871659284577759,0.002134385132705919,0.0001591387001881386,1.0718329410975119e-05,0,1,1
2026-07-24 08:00:00,2026,2159,DOWN,4027.04,4050.81,0.6004542656258255,2026-07-24 10:27:00,-23.769999999999982,-1.0,0.001513239392404691,0.2328071859933765,0.0035303260486662666,0.14216058798377046,0.02245184554973981,0.0018180654665845505,9.743021378856916e-05,4.172924601330413e-06,1,1,1
2026-07-24 12:00:00,2026,2160,UP,4057.88,4021.97,0.9074905953865116,2026-07-27 01:00:02,31.2199999999998,0.8693957115009616,0.6364079875375047,0.4442581968798401,0.0003653881721045769,0.033806566636977085,0.847593019939504,0.6385437158696545,0.45199166329985146,0.3516449835483157,0,0,0
2026-07-24 16:00:00,2026,2160,UP,4056.24,4021.97,0.8693596041228122,2026-07-27 01:00:02,32.86000000000013,0.9588561423986036,0.2865600538096279,0.37834579423307857,0.419729575675013,0.03997369624617483,0.5241011793934689,0.27529262965300205,0.12689534512548242,0.06769460489490543,0,1,0
2026-07-24 20:00:00,2026,2160,UP,4067.31,4044.56,0.5772762122434348,2026-07-27 01:00:02,21.789999999999964,0.9578021978021962,0.13875295144229569,0.3857874961810714,0.3438730961081364,0.5410295116502499,0.3375059209473075,0.13679598188228512,0.04445597028285459,0.020228969386146115,0,1,1
2026-07-27 01:00:02,2026,2161,DOWN,4089.1,4140.91,1.318169907682052,2026-07-27 04:00:00,-11.799999999999727,-0.22775525960238832,0.49505964790510926,0.29906711676270303,0.07631679448276832,0.5454401986141568,0.6419179532761126,0.5001639025501446,0.2960659771716043,0.15820204340659183,1,0,1
2026-07-27 04:00:00,2026,2162,UP,4100.9,4049.22,1.3104418740994013,2026-07-27 16:00:00,-17.099999999999454,-0.33088235294116697,0.6336188072695028,0.4225274529145783,0.22545849977456686,0.7658996420056494,0.7231180272355544,0.6414443205508308,0.45820805235561,0.3754957795972042,0,1,1
2026-07-27 08:00:00,2026,2162,UP,4090.59,4049.22,1.0508064509679076,2026-07-27 16:00:00,-6.789999999999964,-0.16412859560067458,0.2755921724698438,0.3363041498189537,0.028847525947725477,0.3974881158961023,0.35383558541488797,0.2557520295467705,0.10186555204562651,0.05336140646452089,0,1,1
2026-07-27 12:00:00,2026,2162,UP,4095.22,4084.37,0.2762822737138026,2026-07-27 15:19:00,-10.849999999999909,-1.0,0.1574659482708244,0.30090110195047687,0.015513749496505339,0.34652373588457036,0.31591346963190914,0.15331318383606926,0.05061998039540008,0.015562921898693932,0,1,1
2026-07-27 16:00:00,2026,2163,DOWN,4083.8,4106.04,0.5676650445666891,2026-07-29 12:00:00,45.66000000000031,2.0530575539568687,0.4651126019120762,0.30291296144500474,0.003991004928112562,0.17992665183793732,0.6100419521228778,0.44574698646169164,0.24669676524472747,0.16387243302390933,1,0,0
2026-07-27 20:00:00,2026,2163,DOWN,4082.28,4104.12,0.5582934706611918,2026-07-29 12:00:00,44.14000000000033,2.0210622710623145,0.18782946228204736,0.24700690891485322,0.48284949138954725,0.5421112037770477,0.32658504307379904,0.18003542273371784,0.06892470719149404,0.04308730684701375,1,1,1
2026-07-28 01:00:02,2026,2163,DOWN,4079.19,4093.89,0.37686409158552703,2026-07-29 12:00:00,41.05000000000018,2.792517006802768,0.10645572456461097,0.2356817433606265,0.32641305985142605,0.5057233570985609,0.20321714344371664,0.11485144597360372,0.03069115119443406,0.012442251749543339,1,1,1
2026-07-28 04:00:00,2026,2163,DOWN,4057.76,4089.26,0.8092367002419047,2026-07-29 12:00:00,19.620000000000346,0.6228571428571539,0.05681105100159033,0.2725393965749028,0.28757792307185687,0.5190123756188979,0.2809447598433848,0.06170606596406937,0.015544904617760646,0.004167178648125493,1,1,1
2026-07-28 08:00:00,2026,2163,DOWN,4041.97,4089.26,1.218159119650047,2026-07-29 12:00:00,3.8299999999999272,0.0809896384013511,0.019910006459021037,0.2735797508162874,0.10219547554799463,0.35616516824085653,0.13502967967671428,0.02130487965616561,0.0036944702422107988,0.0008929279872998381,1,1,1
2026-07-28 12:00:00,2026,2163,DOWN,4045.38,4089.26,1.1333317516505683,2026-07-29 12:00:00,7.2400000000002365,0.1649954421148637,0.006110262685549676,0.23795748989726195,0.026555628189274143,0.20648443427096475,0.033154802878126124,0.006267636368735664,0.0007507330055149567,0.00013130797346263954,1,1,1
2026-07-28 16:00:00,2026,2163,DOWN,4029.34,4055.13,0.6670384893310854,2026-07-29 12:00:00,-8.799999999999727,-0.34121752617292517,0.003379446904130966,0.25709857824726445,0.01569562848730763,0.1606902542650734,0.02942130864265014,0.003548516643823087,0.00026767341310000593,3.160793227266375e-05,1,1,1
2026-07-28 20:00:00,2026,2163,DOWN,4037.48,4055.13,0.45670272314873134,2026-07-29 12:00:00,-0.6599999999998545,-0.037393767705374,0.000948811110287536,0.22087199787351122,0.0035064066316083053,0.07253879004207225,0.007990781053418758,0.0009433205227692331,5.56548221663539e-05,5.607298764639307e-06,1,1,1
2026-07-29 01:00:02,2026,2163,DOWN,4028.72,4047.03,0.47506215734150037,2026-07-29 10:21:00,-18.3100000000004,-1.0,0.0005604837897516158,0.2380013746156885,0.0034493581505713983,0.07741308698550851,0.009630271964089438,0.0006314591761065424,3.060373777434068e-05,1.8839904440660029e-06,1,1,1
2026-07-29 04:00:00,2026,2163,DOWN,4021.65,4047.03,0.6605890324912057,2026-07-29 10:21:00,-25.38000000000011,-1.0,0.00020570018889241659,0.2172556987256776,0.0011746633553627363,0.05007553189081774,0.004364792731183515,0.0002393445839438872,1.0013254147562327e-05,5.872368655642916e-07,1,1,1
2026-07-29 08:00:00,2026,2163,DOWN,4027.26,4037.8,0.27476435017103407,2026-07-29 08:44:00,-10.539999999999964,-1.0,8.196795543359904e-05,0.19357904062156345,0.0005131623316565086,0.03002697384680545,0.0013065497702351484,9.698633344356572e-05,2.7491521623289645e-06,1.1743003557346377e-07,1,1,1
2026-07-29 12:00:00,2026,2164,UP,4038.14,4020.47,0.461787354097793,2026-07-29 15:17:00,-17.670000000000073,-1.0,0.534903168097929,0.37513873785133656,0.5235015452191751,0.01373767678053465,0.711903607142961,0.5401972045898854,0.3674142052888193,0.25011690150548976,0,1,0
2026-07-29 16:00:00,2026,2165,DOWN,4022.87,4047.73,0.6505458431720423,2026-07-29 20:13:00,-24.860000000000127,-1.0,0.40406493540264554,0.25073410106698557,0.6244112404532708,0.022761213957999977,0.6103704412520263,0.4183813769364113,0.24203847317255295,0.13756771680954363,1,1,1
2026-07-29 20:00:00,2026,2165,DOWN,4027.26,4047.73,0.5357627898465896,2026-07-29 20:13:00,-20.4699999999998,-1.0,0.14163889667994461,0.27013506495883877,0.2811508947024415,0.009356977159872675,0.23703975311376635,0.14734051554938415,0.05863112430669324,0.026573233368478447,1,1,1
2026-07-30 01:00:02,2026,2166,UP,4065.32,3995.88,1.804112744434694,2026-07-30 08:00:00,-19.289999999999964,-0.2777937788018426,0.5838240970182765,0.47756942421855103,0.5908421429484282,0.6713556235454232,0.7493660417299206,0.5809462356197809,0.37086610251760854,0.348494637550078,1,1,1
2026-07-30 04:00:00,2026,2166,UP,4072.42,3995.88,1.9892402446857593,2026-07-30 08:00:00,-26.389999999999873,-0.34478703945649186,0.23281057276589542,0.4747268527268427,0.3972468459251665,0.6186448431934604,0.3832808397297703,0.23127292306704614,0.10481339618368508,0.06308515172009205,1,1,1
2026-07-30 08:00:00,2026,2167,DOWN,4046.03,4100.25,1.4071110186681446,2026-07-30 16:00:00,-23.029999999999745,-0.42475101438583235,0.48401456527461917,0.3027981822777942,0.10431832815491886,0.2779644949865292,0.7642555158469716,0.4717113091487235,0.24362632929768255,0.11775489301931254,0,0,0
2026-07-30 12:00:00,2026,2167,DOWN,4061.29,4100.25,1.010223466687756,2026-07-30 16:00:00,-7.769999999999982,-0.19943531827515334,0.12473631282485,0.21516760824405634,0.312377227205067,0.26267667964060826,0.21666267844848222,0.12123600598041999,0.048261615614995854,0.02048274288354932,0,1,0
2026-07-30 16:00:00,2026,2168,UP,4069.06,4028.41,1.0558891487176827,2026-07-31 04:00:00,25.59999999999991,0.629766297662973,0.5472762677930355,0.417699975026911,0.6617712144762685,0.30771448201174334,0.7507453607293966,0.5672219689987928,0.4122661825220977,0.3267259247146912,1,1,1
2026-07-30 20:00:00,2026,2168,UP,4110.9,4065.01,1.1891311420405237,2026-07-31 04:00:00,-16.23999999999978,-0.3538897363259967,0.4437121989505932,0.499519306645234,0.5763937946649641,0.35313393436673496,0.7294742689095519,0.4401152345414006,0.18054734204848427,0.09908315894350556,1,1,1
2026-07-31 01:00:02,2026,2168,UP,4104.34,4065.01,1.02202518971189,2026-07-31 04:00:00,-9.680000000000291,-0.24612255275871622,0.13891379270426896,0.44682942028354156,0.25555398965300125,0.16714600975155355,0.34541805401713016,0.12601035116973697,0.039713659302960294,0.015321115928588777,1,1,1
2026-07-31 04:00:00,2026,2169,DOWN,4094.66,4117.43,0.5931719041305803,2026-08-03 01:00:02,10.349999999999909,0.4545454545454418,0.44015042873571447,0.27650003489513075,0.06040985028749329,0.06585984408628842,0.6562407986508135,0.42482387228572266,0.23622388495675972,0.1323801837551721,0,0,0
2026-07-31 08:00:00,2026,2169,DOWN,4079.98,4117.43,0.9768325240381112,2026-08-03 01:00:02,-4.329999999999927,-0.11562082777035769,0.2238813924799724,0.2650001223541822,0.5670236382888415,0.02040200381136211,0.47928277142717796,0.2365019764610937,0.08989091084540995,0.031597233045479664,0,1,0
2026-07-31 12:00:00,2026,2169,DOWN,4060.69,4087.43,0.6979893038910974,2026-08-03 01:00:02,-23.61999999999989,-0.8833208676140645,0.11056404691557317,0.23336714679969917,0.3864978182961925,0.6046467153624873,0.31136373087104835,0.10882741609244638,0.0297462227820207,0.010981491485810431,0,1,1
2026-07-31 16:00:00,2026,2169,DOWN,4040.58,4087.43,1.2255579388970226,2026-08-03 01:00:02,-43.73000000000002,-0.9334044823906106,0.04814616512508373,0.25077911043845297,0.1789578145271496,0.4776246712688394,0.20234097565550083,0.04920282424546288,0.00898652054462281,0.002166417876485541,0,1,1
2026-07-31 20:00:00,2026,2169,DOWN,4043.18,4087.43,1.1586431770966112,2026-08-03 01:00:02,-41.13000000000011,-0.9294915254237313,0.012989207600932036,0.23651907938900682,0.042535235657277265,0.2789171403956552,0.050089900187799526,0.013090042693600085,0.0014833537005264012,0.0002562865769696109,0,1,1
2026-08-03 01:00:02,2026,2170,UP,4084.31,4020.81,1.6685135335145531,2026-08-03 08:00:00,-20.529999999999745,-0.32330708661416924,0.45182228067475383,0.39128780726368706,0.019316127016817966,0.18152229300561584,0.6376085324202064,0.46945250655912063,0.32745504852327156,0.26405724653567486,0,0,0
2026-08-03 04:00:00,2026,2170,UP,4057.39,4042.29,0.3967361317308522,2026-08-03 08:00:00,6.390000000000327,0.4231788079470441,0.2423949889091283,0.40904940791167516,0.5423598826231271,0.5044455397173409,0.2807316347632124,0.274181037922875,0.13141404867656617,0.07728081776860951,0,1,1
2026-08-03 08:00:00,2026,2171,DOWN,4063.78,4082.07,0.48150370719871277,2026-08-03 12:00:00,4.070000000000164,0.22252597047567915,0.31241318940948337,0.19882341988519586,0.2769809469564841,0.3499182166184238,0.2911442465261116,0.3051887207572791,0.1465488997852486,0.11346856959385822,0,0,1
2026-08-03 12:00:00,2026,2172,UP,4059.71,4047.31,0.3273027044823715,2026-08-03 12:32:00,-12.400000000000091,-1.0,0.5240043183002063,0.3522882473615426,0.10786621831831653,0.42395822894810054,0.6569463662636867,0.478307627102263,0.27794982068904667,0.2355166807019303,0,1,1
2026-08-03 16:00:00,2026,2173,DOWN,4047.56,4072.03,0.6473630654219216,2026-08-04 01:00:02,-6.710000000000036,-0.2742133224356341,0.3554092011720417,0.22073816838836754,0.5076536947605771,0.497091129828284,0.5342531813858201,0.34721051488039445,0.18454824753157276,0.11810308338095776,0,1,1
2026-08-03 20:00:00,2026,2173,DOWN,4036.87,4064.54,0.7323625070515938,2026-08-04 01:00:02,-17.40000000000009,-0.6288398988073742,0.20187607253833217,0.27176010667597794,0.3448801778194632,0.49905857099414835,0.383342534388376,0.2135100386181402,0.07474973909928917,0.039400738953573315,1,1,1
2026-08-04 01:00:02,2026,2174,UP,4054.27,4029.57,0.6546458212425448,2026-08-05 04:00:00,28.230000000000018,1.142914979757094,0.6318924967658883,0.4321672983101637,0.08384743825307513,0.2313774097730701,0.849164616982345,0.6321960744801297,0.46579252855041964,0.34540413716333845,0,0,0
2026-08-04 04:00:00,2026,2174,UP,4049.04,4029.57,0.5173201516377356,2026-08-05 04:00:00,33.460000000000036,1.7185413456600092,0.2435934194544696,0.3766537799554363,0.4760100196939023,0.4678338713902125,0.3977927568339539,0.23946571453163756,0.11327195073946145,0.07506215969162834,0,1,1
2026-08-04 08:00:00,2026,2174,UP,4064.33,4042.39,0.5841275611188851,2026-08-05 04:00:00,18.170000000000073,0.8281677301732009,0.13478627908950175,0.44425879280850616,0.3284560894786665,0.4515938499656572,0.4133396617339091,0.12805086292773943,0.046145366916534564,0.019407420463837945,0,1,1
2026-08-04 12:00:00,2026,2174,UP,4055.24,4051.12,0.11000190009536097,2026-08-04 12:06:00,-4.119999999999891,-1.0,0.04675964758614497,0.3264689088377339,0.13097153488212396,0.3106598597585383,0.13543348302794936,0.04571673886881394,0.01265580326444894,0.005803721216657574,0,1,1
2026-08-04 16:00:00,2026,2174,UP,4071.13,4045.54,0.6831066024429439,2026-08-05 04:00:00,11.36999999999989,0.4443141852285981,0.02699987265685902,0.4497858307178819,0.12034569115401215,0.3721157550254101,0.16170460684816412,0.02757719405261349,0.005154879536239649,0.0013698218390614347,0,1,1
2026-08-04 20:00:00,2026,2174,UP,4093.57,4045.54,1.2830093192880052,2026-08-05 04:00:00,-11.070000000000164,-0.2304809494066233,0.012689178330897265,0.466048452425318,0.06577601213430959,0.3314005410340616,0.14774924879941082,0.012934969383809216,0.0020103521140784966,0.0003890739695425486,0,1,1
2026-08-05 01:00:02,2026,2174,UP,4080.36,4045.54,0.9309287586575539,2026-08-05 04:00:00,2.1399999999998727,0.06145893164847394,0.0022705955363187097,0.36701841803810026,0.011801853154305098,0.1426741297257669,0.013600821686656476,0.002501053820642707,0.0003123334272724701,6.407787042518603e-05,0,1,1
2026-08-05 04:00:00,2026,2175,DOWN,4082.5,4085.79,0.08818171859369948,2026-08-05 04:00:00,-3.2899999999999636,-1.0,0.34392308220965223,0.2127238367054182,0.3557441066867827,0.08442830863515151,0.4506859614731879,0.3340436904588706,0.15756392961539692,0.0768480251434607,0,1,0
2026-08-05 08:00:00,2026,2176,UP,4135.79,4065.34,1.880834958142257,2026-08-06 12:00:00,142.35000000000036,2.0205819730305286,0.7246278792932564,0.5054363434582699,0.8268302000340965,0.30737680972007714,0.923256267303123,0.719722428322382,0.5432337727059935,0.41561676751643944,1,1,1
2026-08-05 12:00:00,2026,2176,UP,4160.89,4065.34,2.5481579487026456,2026-08-06 12:00:00,117.25,1.2271062271062247,0.3763637010859836,0.5190324537278638,0.6441222100889854,0.2162887306742399,0.7108168915139297,0.37396725095722855,0.1872371063999938,0.09843070043763684,1,1,1
2026-08-05 16:00:00,2026,2176,UP,4184.0,4150.1,0.9006171588396886,2026-08-06 12:00:00,94.14000000000033,2.7769911504425173,0.22366231465180356,0.4876427904330983,0.5366715064451214,0.2344794266285352,0.5238411493065975,0.21979010771286253,0.04810604162268964,0.01344778626823644,1,1,1
2026-08-05 20:00:00,2026,2176,UP,4242.58,4150.1,2.4411278418756184,2026-08-06 12:00:00,35.5600000000004,0.3845155709342622,0.13270508835914233,0.5370384741010198,0.35288924763316293,0.18543875378671665,0.5985426468942028,0.12349372995136296,0.01696039489410676,0.003975382194457456,1,1,1
2026-08-06 01:00:02,2026,2176,UP,4247.93,4150.1,2.585059981246046,2026-08-06 12:00:00,30.210000000000036,0.3088009812940822,0.02612737368160202,0.4781667166784144,0.1011906641051251,0.061610343698397324,0.22158842060472553,0.025221981472904557,0.0034117056607491326,0.00039967063292708116,1,1,1
2026-08-06 04:00:00,2026,2176,UP,4295.04,4242.89,1.3746324333492534,2026-08-06 12:00:00,-16.899999999999636,-0.3240651965484133,0.024354772293072046,0.4666680715673123,0.1352219259801746,0.09300286500189558,0.38757433980485734,0.025347027653489784,0.002043646324876155,9.766889988299414e-05,1,1,1
2026-08-06 08:00:00,2026,2176,UP,4262.2,4242.89,0.5080214462498609,2026-08-06 12:00:00,15.94000000000051,0.825479026411234,0.0032046220757514544,0.34527856799894713,0.0072246944681818945,0.007138970876559879,0.04320215083878504,0.0031527181964721694,0.000218280861425913,7.5461889318242e-06,1,1,1
2026-08-06 12:00:00,2026,2177,DOWN,4278.14,4304.0,0.680967656913181,2026-08-07 08:00:00,12.829999999999927,0.4961330239752548,0.2824773743167526,0.19058396715454515,0.005473755226716811,0.005797184948105788,0.2492484141788762,0.2662196927181849,0.11908351668754115,0.07666393077604886,0,0,0
2026-08-06 16:00:00,2026,2177,DOWN,4250.08,4284.69,0.9116822873451158,2026-08-07 08:00:00,-15.230000000000473,-0.44004622941348215,0.24911328750698233,0.2876315840660319,0.0007264660386992005,0.0011556103507055298,0.40569737662740524,0.22631276545478854,0.07016494830866683,0.02196517149973865,0,0,0
2026-08-06 20:00:00,2026,2177,DOWN,4241.27,4275.31,0.8948320063746329,2026-08-07 08:00:00,-24.039999999999964,-0.706227967097532,0.06892259387223403,0.2269931657321789,0.5801872203619062,0.0002157710022087478,0.1984602633733432,0.07490443404654593,0.019093888260606685,0.004186881530756799,0,1,0
2026-08-07 01:00:02,2026,2177,DOWN,4241.11,4275.31,0.9016453554426425,2026-08-07 08:00:00,-24.200000000000728,-0.7076023391812928,0.020529315955522952,0.20413789238818866,0.2535180309606137,0.00023091383489241466,0.06956740886832236,0.019835024740453063,0.0040222997108434735,0.0007116026835119098,0,1,0
2026-08-07 04:00:00,2026,2177,DOWN,4232.82,4275.31,1.122579699827935,2026-08-07 08:00:00,-32.49000000000069,-0.7646505060014159,0.009398524937554617,0.20225166704632713,0.15615601010388436,0.5137243356961767,0.04137335294141746,0.00934488418795063,0.0013507228698654886,0.00011014052364993097,0,1,1
2026-08-07 08:00:00,2026,2178,UP,4265.31,4229.63,0.9427366263127056,2026-08-10 01:00:02,76.10999999999967,2.1331278026905562,0.6569775611813239,0.44623150956862395,0.7048902332328371,0.7211942811563123,0.864081473453221,0.6610260154794805,0.4744408018910458,0.36058923292794487,1,1,1
2026-08-07 12:00:00,2026,2178,UP,4306.39,4229.63,2.0231145670311883,2026-08-10 01:00:02,35.029999999999745,0.45635747785304387,0.4946789711455454,0.5139163584691148,0.6558774183761469,0.7937474812501277,0.8328492623142832,0.5072362507629833,0.26074946200493315,0.162707778874781,1,1,1
2026-08-07 16:00:00,2026,2178,UP,4361.64,4229.63,3.4630022657349655,2026-08-10 01:00:02,-20.220000000000255,-0.15317021437770034,0.27728400517575463,0.5639290234158442,0.5909243277592915,0.8437090367736029,0.7336600320307938,0.2671744773265743,0.07924341915450206,0.02801544775068645,1,1,1
2026-08-07 20:00:00,2026,2178,UP,4329.25,4301.7,0.7224567958757593,2026-08-10 01:00:02,12.170000000000073,0.4417422867513609,0.037763849706907805,0.3485940094373847,0.11520277068634799,0.4335197605373949,0.12408347897184664,0.03530877136456036,0.00927820070771918,0.002699611392011724,1,1,1
2026-08-10 01:00:02,2026,2179,DOWN,4341.42,4371.79,0.798206407084526,2026-08-10 12:00:00,-5.460000000000036,-0.17978268027659058,0.3504411640493559,0.23419954553984165,0.0626810794023108,0.32253455834253375,0.44728599721933054,0.3375643729825869,0.1565336453653905,0.08238112061077758,0,0,0
2026-08-10 04:00:00,2026,2179,DOWN,4332.14,4350.97,0.49619104437327793,2026-08-10 08:51:00,-18.829999999999927,-1.0,0.22912576986609653,0.23535993373395528,0.013638008001385581,0.1413967444853257,0.37386197718335495,0.22214726940831317,0.07676695850135953,0.03546417634661575,0,0,0
2026-08-10 08:00:00,2026,2179,DOWN,4339.39,4350.97,0.3056189542479977,2026-08-10 08:51:00,-11.579999999999927,-1.0,0.05759659567846986,0.18019863033700398,0.3157348331813382,0.07445523342114078,0.10291122274490988,0.06182655365556156,0.016150995664333378,0.006743276728547374,0,1,0
2026-08-10 12:00:00,2026,2180,UP,4346.88,4313.39,0.8848425734092065,2026-08-10 16:00:00,-14.38000000000011,-0.42938190504628854,0.5656123986090568,0.39652752957850873,0.6671467989161519,0.0778978201408147,0.7562341475545182,0.5644277913701622,0.4107399119772901,0.2715218489109061,1,1,1
2026-08-10 16:00:00,2026,2181,DOWN,4332.5,4361.91,0.7784119988756941,2026-08-10 19:02:00,-29.409999999999854,-1.0,0.39033116849088567,0.25916938867969413,0.5256923390727205,0.01716954699519971,0.6588890576222888,0.39779250179959436,0.22160692350723507,0.11153632718064202,0,1,0
2026-08-10 20:00:00,2026,2182,UP,4357.39,4316.66,1.0763936917346166,2026-08-11 12:00:00,11.61999999999989,0.28529339553154326,0.6230428315166994,0.44321738213921263,0.6999560800707432,0.04293509427339848,0.8251422243404227,0.6322146625058488,0.4202948518117911,0.314261199195404,1,1,1
2026-08-11 01:00:02,2026,2182,UP,4390.53,4316.66,1.9505726450467888,2026-08-11 12:00:00,-21.519999999999527,-0.29132259374576364,0.4382520696970461,0.5381899739721356,0.6690265971087636,0.053096076655875075,0.8654170683858857,0.4526225162216274,0.2346387814522145,0.16547359991390156,1,1,1
2026-08-11 04:00:00,2026,2182,UP,4409.63,4316.66,2.457401407555897,2026-08-11 12:00:00,-40.61999999999989,-0.4369151339141635,0.155613106644603,0.5638291578629333,0.5022406779881474,0.04063630269462814,0.6037519639268899,0.17615436248393285,0.0676655554333897,0.029836948363178517,1,1,1
2026-08-11 08:00:00,2026,2182,UP,4409.03,4393.69,0.40525880606718245,2026-08-11 08:26:00,-15.340000000000146,-1.0,0.05954761963359263,0.42934882269228136,0.1206410213771649,0.01201783454569955,0.19094540127224732,0.06005717766774456,0.01187165200090315,0.003924877800394758,1,1,1
2026-08-11 12:00:00,2026,2183,DOWN,4369.01,4435.07,1.7415167108024245,2026-08-11 20:00:00,-14.789999999999964,-0.22388737511353432,0.4572653436758726,0.28421776300940854,0.5584008302458602,0.0015592709347605985,0.7699687183431371,0.4552782814022607,0.24236937278853304,0.10868771300060258,0,1,0
2026-08-11 16:00:00,2026,2183,DOWN,4392.49,4435.07,1.1233957367525553,2026-08-11 20:00:00,8.6899999999996,0.20408642555189324,0.08671966524442375,0.22431796557317915,0.13584369723710074,0.0028397559921708527,0.17156635521686028,0.07374658422281288,0.02755268690177022,0.012652701484355199,0,1,0
2026-08-11 20:00:00,2026,2184,UP,4383.8,4356.61,0.7176629297164331,2026-08-12 01:00:02,-12.980000000000473,-0.477381390217,0.46689745782112496,0.37545973423159135,0.44085647563906494,0.0013883680437794608,0.6069547746014067,0.4487395070105216,0.26466724350741777,0.21714578442973304,1,1,1
2026-08-12 01:00:02,2026,2185,DOWN,4370.82,4404.12,0.88053059583138,2026-08-12 05:14:00,-33.30000000000018,-1.0,0.42081045807930834,0.23794579992359513,0.5599342995311366,0.5445546969915661,0.5943129622227177,0.41885930063982163,0.2303444642997686,0.135649327348655,0,1,1
2026-08-12 04:00:00,2026,2185,DOWN,4380.51,4404.12,0.6258273187711291,2026-08-12 05:14:00,-23.609999999999673,-1.0,0.1539113299439221,0.19474779445719048,0.2228858889239188,0.31166797982695765,0.2094523384571681,0.13116347133507292,0.04397751250734485,0.022197871916286305,0,1,1
2026-08-12 08:00:00,2026,2186,UP,4401.29,4362.38,1.0314016531103272,2026-08-13 01:00:02,9.670000000000073,0.24852223078900307,0.6255911343116823,0.45465150587868713,0.6538392597841499,0.6587589822071156,0.8106873976102987,0.6233780375725931,0.4558317535419608,0.3753487257172742,1,1,1
2026-08-12 12:00:00,2026,2186,UP,4401.99,4383.94,0.479254457347825,2026-08-12 15:30:00,-18.050000000000182,-1.0,0.40107141929379053,0.41525031179232497,0.4080856264816351,0.5579170312130581,0.5871360413275244,0.3876167997827562,0.18846301564637302,0.10122024227764294,1,1,1
2026-08-12 16:00:00,2026,2186,UP,4437.49,4362.38,1.988955541253897,2026-08-13 01:00:02,-26.529999999999745,-0.35321528424976517,0.27438990907205146,0.50104938776751,0.3329791952042225,0.5929167242863496,0.707381975818395,0.2713663963950189,0.08482552708270794,0.0306325039715597,1,1,1
2026-08-12 20:00:00,2026,2186,UP,4401.89,4382.35,0.5169096815064839,2026-08-13 01:00:02,9.069999999999709,0.46417604912997573,0.04728946313455535,0.3686614070531229,0.07091696497487252,0.2604193533885504,0.13824020440730125,0.0468845355526527,0.013067215945805316,0.004913188308033263,1,1,1
2026-08-13 01:00:02,2026,2187,DOWN,4410.96,4441.09,0.7989108753223839,2026-08-13 03:34:00,-30.13000000000011,-1.0,0.3369719348859459,0.21621544640877496,0.4265377535761204,0.15521284928522508,0.500087251579291,0.3369168050425803,0.1662159975990571,0.07098026527090623,0,1,0
2026-08-13 04:00:00,2026,2188,UP,4427.92,4398.09,0.7893381228461045,2026-08-13 07:00:00,-29.829999999999927,-1.0,0.6382610193982191,0.45674700192002055,0.7423169027125683,0.30909097576546524,0.8140591827370917,0.6316165228264217,0.4452729443845721,0.3148690070214773,1,1,1
2026-08-13 08:00:00,2026,2189,DOWN,4397.63,4449.72,1.3771604731537492,2026-08-14 12:00:00,48.73000000000047,0.9354962564791771,0.41700165637220427,0.2709855988860451,0.6284469409023803,0.04151102717437259,0.7512744539157454,0.44611074592738537,0.24698829254356183,0.10123097465218608,0,1,0
2026-08-13 12:00:00,2026,2189,DOWN,4375.86,4449.72,1.9511629015654495,2026-08-14 12:00:00,26.960000000000036,0.3650148930408858,0.1842989383988674,0.30275078435480707,0.3322604742799414,0.5714656854424518,0.4877913275990381,0.17871196846948306,0.06872485928748233,0.025658908397539742,0,1,1
2026-08-13 16:00:00,2026,2189,DOWN,4401.79,4449.72,1.2677083870031476,2026-08-14 12:00:00,52.89000000000033,1.1034842478614648,0.03488411214015556,0.2066581588467162,0.0751304466314781,0.2760463742572716,0.0610597187798072,0.03311362564969514,0.008741856081688431,0.003127711376486637,0,1,1
2026-08-13 20:00:00,2026,2189,DOWN,4367.19,4402.01,0.9191997167688967,2026-08-14 12:00:00,18.289999999999964,0.5252728317059058,0.046411107259238076,0.3170199936248534,0.11630710960607185,0.448181749412924,0.20628473815168175,0.04796603316882892,0.0068420142941745705,0.0015669347285808698,1,1,1
2026-08-14 01:00:02,2026,2189,DOWN,4354.09,4402.01,1.266563444973852,2026-08-14 12:00:00,5.190000000000509,0.10830550918198041,0.01903401213685907,0.33212467383910016,0.04602890794922643,0.31930464196832997,0.15752032401164293,0.019890678648544373,0.0027532242898467255,0.0003873502361355849,1,1,1
2026-08-14 04:00:00,2026,2189,DOWN,4340.78,4402.01,1.6190715873115782,2026-08-14 12:00:00,-8.11999999999989,-0.13261473134084317,0.006221732042442458,0.3178125964553051,0.01634421617580198,0.2108693699527732,0.06789909801706454,0.006382325603419883,0.0006639446127055402,6.526682647114038e-05,1,1,1
2026-08-14 08:00:00,2026,2189,DOWN,4326.91,4364.08,0.9839397562360975,2026-08-14 12:00:00,-21.98999999999978,-0.5916061339790083,0.0024450991811707404,0.287743814916893,0.005047066525663435,0.12731090991453503,0.02731506605463262,0.0030045830868876185,0.0001968599952293793,2.0155876758163703e-05,1,1,1
2026-08-14 12:00:00,2026,2190,UP,4348.9,4310.98,1.0036614102761376,2026-08-17 16:00:00,36.27000000000044,0.9564873417721615,0.649595445732873,0.4170079118942119,0.001024832260587215,0.04451687032612861,0.8454798572372766,0.6453393929848497,0.4429916097361453,0.2803662920242702,0,0,0
2026-08-14 16:00:00,2026,2190,UP,4373.94,4310.98,1.6656578718332173,2026-08-17 16:00:00,11.230000000000473,0.1783672172808206,0.3219249605262554,0.470347970771446,0.6799300208823349,0.642686357254034,0.7004674758744022,0.3401678244706146,0.1900736192565254,0.09850483751703004,0,1,1
2026-08-14 20:00:00,2026,2190,UP,4386.12,4310.98,1.9910879183056633,2026-08-17 16:00:00,-0.9499999999998181,-0.012643066276281794,0.12122594276539606,0.4379669186449946,0.41328655135604164,0.5351624046892867,0.3539382226628197,0.125905486878474,0.0481390152491884,0.017609666461881734,0,1,1
2026-08-17 01:00:02,2026,2190,UP,4380.53,4370.78,0.25920429502802633,2026-08-17 02:32:00,-9.75,-1.0,0.047230407857361024,0.33096520852871875,0.10470840980891148,0.2776271479647696,0.10901137918880809,0.040181818589329905,0.008458615700909982,0.0021623038402625804,0,1,1
2026-08-17 04:00:00,2026,2190,UP,4401.12,4310.98,2.397334749982497,2026-08-17 16:00:00,-15.949999999999818,-0.176946971377854,0.02460346394828163,0.43116392273559645,0.12841929722596301,0.3763303256192955,0.2225109717769002,0.025583555425599237,0.005330962126877106,0.0007573920040053678,0,1,1
2026-08-17 08:00:00,2026,2190,UP,4390.95,4367.13,0.6343602072837029,2026-08-17 16:00:00,-5.779999999999745,-0.2426532325776581,0.006580861161923619,0.3055524982615417,0.04100570638018523,0.2207820560471959,0.03289300958699268,0.007902433194587518,0.001328713647933057,0.0001982190809511575,0,1,1
2026-08-17 12:00:00,2026,2190,UP,4395.48,4386.93,0.22814377148133116,2026-08-17 15:26:00,-8.549999999999272,-1.0,0.0024870087320516413,0.3510233936413566,0.015454998113192727,0.15996937947131473,0.02518880983839741,0.002692414665415644,0.0003839876971232094,4.22909364920574e-05,0,1,1
2026-08-17 16:00:00,2026,2191,DOWN,4385.17,4405.8,0.551214536852233,2026-08-17 16:53:00,-20.63000000000011,-1.0,0.41451086536638615,0.2839011064951391,0.5880632654214124,0.045967371999394525,0.6632939653188962,0.4209409464976254,0.23301913332120616,0.12108319746879755,1,1,0
2026-08-17 20:00:00,2026,2192,UP,4424.42,4377.31,1.2569307958529137,2026-08-18 08:00:00,-30.970000000000255,-0.6573975801316169,0.6499148209725092,0.42725203732880035,0.7245449276034835,0.15539378734006,0.880581013600226,0.6587657961508221,0.4789581628086344,0.35177397941136745,0,1,1
2026-08-18 01:00:02,2026,2192,UP,4418.95,4397.9,0.562407048251921,2026-08-18 05:33:00,-21.050000000000182,-1.0,0.28876595522567583,0.3810910556848429,0.3931202239380064,0.0594015837648806,0.4924733959953481,0.276266294488634,0.12828531875827304,0.06359362623315509,0,1,1
2026-08-18 04:00:00,2026,2192,UP,4435.01,4397.9,0.9932987673239132,2026-08-18 05:33:00,-37.11000000000058,-1.0,0.1836792177261542,0.4312801164854879,0.33301864089217825,0.07144614580062983,0.5300832203033187,0.19311731875508553,0.07625232825546763,0.021798416867126937,0,1,1
2026-08-18 08:00:00,2026,2193,DOWN,4393.45,4436.12,1.1404339907440237,2026-08-19 08:00:00,44.779999999999745,1.049449261776416,0.4898298754888332,0.2908413799823624,0.6146991549132641,0.007114192365533233,0.8050850784935716,0.49091662433327393,0.2572820386470181,0.11543705660825394,0,1,0
2026-08-18 12:00:00,2026,2193,DOWN,4393.12,4436.12,1.1526641158433995,2026-08-19 08:00:00,44.44999999999982,1.0337209302325538,0.19546234936633364,0.22750318745228948,0.27222940375453086,0.49127273510264463,0.37173664345177954,0.18855688280126917,0.06950428407099099,0.03193093980597512,0,1,1
2026-08-18 16:00:00,2026,2193,DOWN,4394.04,4403.56,0.25608822021094035,2026-08-18 16:41:00,-9.520000000000437,-1.0,0.06650323536602848,0.2115985888704931,0.13891253139189202,0.35859395800500454,0.15963332848219614,0.06657505887982032,0.01900282139054564,0.0064478030320989175,0,1,1
2026-08-18 20:00:00,2026,2193,DOWN,4363.76,4406.64,1.1503758459983258,2026-08-19 08:00:00,15.090000000000146,0.3519123134328383,0.05421175759968777,0.34163296819968747,0.10821402710609028,0.46785966533918544,0.29320209725998836,0.05689660934435605,0.00917335858510952,0.0022178206834572323,1,1,1
2026-08-19 01:00:02,2026,2193,DOWN,4335.33,4406.64,1.9125412670366115,2026-08-19 08:00:00,-13.340000000000146,-0.187070537091573,0.021593033060637642,0.3767601010537107,0.05743834068782449,0.41675935028496136,0.25083633419683,0.02317418353487874,0.003654295106787419,0.0005730635348794329,1,1,1
2026-08-19 04:00:00,2026,2193,DOWN,4337.77,4406.64,1.8518310692935056,2026-08-19 08:00:00,-10.899999999999636,-0.1582692028459366,0.0036887875813012496,0.3447143869166576,0.007550558118483253,0.153593387170282,0.03746057421960808,0.0033348652230283863,0.0003988350249479409,4.5462399704657094e-05,1,1,1
2026-08-19 08:00:00,2026,2194,UP,4348.67,4324.59,0.647465677514173,2026-08-20 08:00:00,139.89000000000033,5.809385382059832,0.6248716541884126,0.419080967909429,0.004019873768004492,0.0946245431037842,0.7639692496615457,0.6229586017992172,0.40046656961004545,0.29642778031309197,0,0,0
2026-08-19 12:00:00,2026,2194,UP,4355.93,4335.05,0.5621897128884961,2026-08-20 08:00:00,132.6300000000001,6.352011494252846,0.3423964352888746,0.38804190581021414,0.5600455688201205,0.04186672364673785,0.658187737660018,0.34219684362755326,0.16494686362064814,0.0863240858432031,0,1,0
2026-08-19 16:00:00,2026,2194,UP,4438.9,4335.05,2.774645335853198,2026-08-20 08:00:00,49.660000000000764,0.47818969667791067,0.3808628509473274,0.6546019086497674,0.7283387571074081,0.8863592849628776,0.84467413664345,0.3563624790727104,0.077860676926104,0.031031093249056254,1,1,1
2026-08-20 01:00:02,2026,2194,UP,4522.99,4472.0,1.3519136857705802,2026-08-20 08:00:00,-34.42999999999938,-0.6752304373406458,0.054896491381193055,0.5895941457039894,0.4229730094006516,0.8503489359464812,0.3890791695057794,0.05363322794140044,0.004304171881731927,0.00038290261978677416,1,1,1
2026-08-20 04:00:00,2026,2194,UP,4504.89,4472.0,0.8737933735437671,2026-08-20 08:00:00,-16.329999999999927,-0.49650349650348935,0.006359047974003785,0.43698644501745293,0.04885005208322177,0.4193133000602396,0.03428109949414397,0.005843176408204058,0.0003360572510840084,2.075496021280551e-05,1,1,1
2026-08-20 08:00:00,2026,2195,DOWN,4488.56,4527.85,1.0456860334338312,2026-08-20 18:01:00,-39.289999999999964,-1.0,0.4873865423025005,0.25382126729923227,0.011949682959680005,0.1911939228707334,0.6777878491040643,0.5123426048767631,0.27556832203722137,0.12428560116230114,0,0,0
2026-08-20 12:00:00,2026,2195,DOWN,4489.28,4527.85,1.0290818582675916,2026-08-20 18:01:00,-38.57000000000062,-1.0,0.1339830342589165,0.23319270143997464,0.3103253020579624,0.08405761468373316,0.273563258737614,0.13156092370766803,0.047196439119266846,0.016310152518067802,0,1,0
2026-08-20 16:00:00,2026,2195,DOWN,4474.78,4498.56,0.6338476719002243,2026-08-20 17:35:00,-23.780000000000655,-1.0,0.06413998951776562,0.22826673008909842,0.35408346052030776,0.019861711998488903,0.18859648214940317,0.06676896011588415,0.018756777858474773,0.005292318948458392,0,1,0
2026-08-20 20:00:00,2026,2196,UP,4510.35,4450.55,1.5859392597120654,2026-08-25 01:00:02,143.46000000000004,2.398996655518388,0.6129321169708292,0.43374415636619984,0.7211507639336427,0.07616940231225171,0.8021428289651343,0.6142689311677676,0.4135585030904047,0.2670718330892547,1,1,1
2026-08-21 01:00:02,2026,2196,UP,4517.67,4450.55,1.7835545175611869,2026-08-25 01:00:02,136.14000000000033,2.0283075089392217,0.2912155004834862,0.503465202067356,0.5038899809065861,0.043603114778261856,0.6158217063923587,0.29327246706465476,0.1741256598927963,0.07524121577275952,1,1,1
2026-08-21 04:00:00,2026,2196,UP,4510.69,4450.55,1.6015442949521195,2026-08-25 01:00:02,143.1200000000008,2.3797805121383804,0.09680848166828519,0.41421145252222574,0.18113884347691123,0.015981219031490194,0.2521470485009182,0.09421049058450257,0.044917270373414725,0.0159717840991938,1,1,1
2026-08-21 08:00:00,2026,2196,UP,4540.79,4508.74,0.8533032972570551,2026-08-25 01:00:02,113.02000000000044,3.5263650546021776,0.10006049379948426,0.4673645069380035,0.19883468727304157,0.021621697046804257,0.45090668830568287,0.1099620556579737,0.02982983681243707,0.006613977905873153,1,1,1
2026-08-21 12:00:00,2026,2196,UP,4584.3,4508.74,2.006332874223403,2026-08-25 01:00:02,69.51000000000022,0.9199311805187911,0.06262315075487282,0.5521271960877553,0.1604757903311851,0.02695802259870396,0.5521889041555373,0.06362638781565387,0.012906404195692854,0.0015623830162960189,1,1,1
2026-08-21 16:00:00,2026,2196,UP,4578.11,4508.74,1.8410611631677163,2026-08-25 01:00:02,75.70000000000073,1.0912498198068452,0.010806551267375038,0.4595944590798041,0.03003674555723258,0.008072676340160043,0.09343105835853346,0.011782481688460333,0.0020661924488295995,0.0003010982127363536,1,1,1
2026-08-21 20:00:00,2026,2196,UP,4629.14,4563.44,1.739021790462453,2026-08-25 01:00:02,24.670000000000073,0.3754946727549437,0.00995071480522771,0.49025200316493744,0.04522210259282779,0.015054398548644841,0.1909459799702003,0.011232220891266806,0.0011951463762554595,8.828435327925428e-05,1,1,1
2026-08-24 01:00:02,2026,2196,UP,4619.19,4563.44,1.4773767112257556,2026-08-25 01:00:02,34.6200000000008,0.6209865470852162,0.0011857258018118403,0.38309384775550925,0.00343077309328471,0.001858721268379618,0.015373605284807924,0.0012418693406372704,0.0001285317456185667,8.19160172001553e-06,1,1,1
2026-08-24 04:00:00,2026,2196,UP,4622.1,4563.44,1.5525502810549179,2026-08-25 01:00:02,31.710000000000036,0.5405727923627621,0.0007769025641403003,0.41672524909447434,0.0028419114073174544,0.0017092886634287787,0.019539277640179528,0.0008402897347135373,5.8933190556455645e-05,2.1974041313676608e-06,1,1,1
2026-08-24 08:00:00,2026,2196,UP,4639.17,4594.57,1.1785195587832207,2026-08-25 01:00:02,14.640000000000327,0.32825112107623783,0.0004469470759191591,0.41752968303083604,0.0013550392387755234,0.0010739981504722157,0.02028991495088124,0.0005269469683786887,2.913961917711315e-05,6.758347650803545e-07,1,1,1
2026-08-24 12:00:00,2026,2196,UP,4638.16,4594.57,1.1529810717893794,2026-08-25 01:00:02,15.650000000000546,0.35902729983942405,0.00012774043055693496,0.38561336619906383,0.00034095346751751354,0.00043477122366330617,0.00552935023170657,0.00014683266214941156,7.014501431599934e-06,1.385796787809044e-07,1,1,1
2026-08-24 16:00:00,2026,2196,UP,4663.31,4628.79,0.9131569559782007,2026-08-24 21:08:00,-34.52000000000044,-1.0,9.789350902564117e-05,0.4138467838359906,0.0003227852827421072,0.00045931557354039114,0.00790178000280362,0.00011815004941357946,4.011895879199053e-06,4.433220806664554e-08,1,1,1
2026-08-24 20:00:00,2026,2196,UP,4645.09,4628.79,0.430988083982448,2026-08-24 21:08:00,-16.300000000000182,-1.0,1.810828505339862e-05,0.3260541456644681,4.4355116307824027e-05,0.00011006880266358674,0.001003203140852856,2.349264857550925e-05,7.197073552492986e-07,8.527055771726454e-09,1,1,1
2026-08-25 01:00:02,2026,2197,DOWN,4653.81,4680.75,0.7130481526070512,2026-08-25 02:50:00,-26.9399999999996,-1.0,0.20421480977943893,0.16810298587905578,0.3317328829927914,4.90316745647015e-05,0.30970736926163034,0.20762907676705816,0.10465399425620543,0.05783342581016744,0,1,0
2026-08-25 04:00:00,2026,2198,UP,4684.52,4625.05,1.5723927110454494,2026-08-25 05:51:00,-59.470000000000255,-1.0,0.7034367158924033,0.4471068544921154,0.8415684280518081,0.00014049800294596587,0.8723428612462694,0.7300648859229603,0.595529057048634,0.3440296751564229,1,1,1
2026-08-25 08:00:00,2026,2199,DOWN,4625.8,4696.66,1.865197705362481,2026-08-25 20:00:00,-17.960000000000036,-0.2534575218741197,0.4414293765972836,0.2530619119555821,0.6172935796996221,7.400308135506182e-06,0.746681345594013,0.4574438392534344,0.20018127027610985,0.07574331126061186,0,1,0
2026-08-25 12:00:00,2026,2199,DOWN,4630.06,4653.41,0.615050129638577,2026-08-25 18:35:00,-23.349999999999454,-1.0,0.14955558918489775,0.21113887054538769,0.33298338472855177,0.5181442536886833,0.30104682015483103,0.13631012858476937,0.047286250884402026,0.01572178574471677,0,1,1
2026-08-25 16:00:00,2026,2199,DOWN,4640.75,4653.41,0.3341865963468338,2026-08-25 18:35:00,-12.659999999999854,-1.0,0.03681662564572025,0.16642178960453258,0.11782809979079956,0.3409760066089356,0.06305065495011793,0.03556738401074266,0.008284057369317244,0.001534263059607568,0,1,1
2026-08-25 20:00:00,2026,2200,UP,4643.76,4605.27,1.0135864781930954,2026-08-26 04:00:00,-6.369999999999891,-0.16549753182644653,0.6123310409886085,0.3987437872901037,0.05254104812988254,0.25888706466559896,0.7641269112208268,0.587127763146455,0.3656798346762599,0.20546097681170927,0,0,0
2026-08-26 01:00:02,2026,2200,UP,4659.28,4605.27,1.4229534662317236,2026-08-26 04:00:00,-21.889999999999418,-0.40529531568227545,0.3462672590687567,0.3758873961482492,0.6227438185283717,0.6167474049976381,0.6619895060544364,0.3438394539063324,0.17179797657948295,0.08093062225761732,0,1,1
2026-08-26 04:00:00,2026,2201,DOWN,4637.39,4673.67,0.9556475602522594,2026-08-27 04:00:00,32.07999999999993,0.884233737596476,0.4220781901824607,0.2626711870056335,0.18179923520450766,0.26332668653182106,0.7044495737556951,0.4057253535281417,0.20710114049738013,0.11099630410276594,0,0,0
2026-08-26 08:00:00,2026,2201,DOWN,4640.57,4670.69,0.7930353088764418,2026-08-27 04:00:00,35.25999999999931,1.1706507304116678,0.17356342910634953,0.20280064393439734,0.5017397182777656,0.540169918155153,0.37944587099380533,0.16882743499755218,0.056971629295958795,0.025243725183342454,0,1,1
2026-08-26 12:00:00,2026,2201,DOWN,4628.23,4670.69,1.1196671535250344,2026-08-27 04:00:00,22.919999999999163,0.5398021667451518,0.07110241299164101,0.2515825773269816,0.3462221182775733,0.49847787070671973,0.257415412443339,0.07487531355878113,0.022841859158510065,0.007499113412027416,0,1,1
2026-08-26 16:00:00,2026,2201,DOWN,4614.55,4670.69,1.483631524905563,2026-08-27 04:00:00,9.239999999999782,0.16458852867830207,0.027285493788939744,0.23891962329726835,0.14143744770259048,0.3512578851402787,0.11760819119922386,0.02830149085119606,0.006315603762897308,0.001780243051199041,0,1,1
2026-08-26 20:00:00,2026,2201,DOWN,4591.49,4633.65,1.1121230131168278,2026-08-27 04:00:00,-13.820000000000618,-0.3277988614800917,0.019350782066325827,0.2674834260932486,0.09703756768429593,0.3898384111802239,0.1183759815053265,0.02113694364686833,0.003473838583971973,0.0010361507804405087,1,1,1
2026-08-27 01:00:02,2026,2201,DOWN,4596.86,4604.54,0.2031042720401666,2026-08-27 01:00:00,-7.680000000000291,-1.0,0.00570123625239224,0.2184462530525483,0.02760551866065931,0.20692898636506094,0.03211523142950134,0.005647054595213849,0.0007964550173242352,0.00018571204159020062,1,1,1
2026-08-27 04:00:00,2026,2202,UP,4605.31,4583.98,0.5645327175970464,2026-08-27 12:00:00,-6.390000000000327,-0.29957805907173357,0.519450877621779,0.379665341620883,0.5517146200857168,0.0774848617294097,0.7174165663635442,0.5377609693414056,0.36196676271114453,0.2609540928148635,0,1,0
2026-08-27 08:00:00,2026,2202,UP,4618.96,4583.98,0.9253805666581019,2026-08-27 12:00:00,-20.039999999999964,-0.5728987993138849,0.36214450726903263,0.37895585025928946,0.24993857148192736,0.47254495673675206,0.5052766325455977,0.366840681170427,0.15778524503620367,0.09766649212433907,0,1,1
2026-08-27 12:00:00,2026,2203,DOWN,4598.92,4642.99,1.167534250202454,2026-08-27 20:00:00,-16.73999999999978,-0.37985023825731545,0.4107288790016096,0.2734056833312318,0.6228564746719839,0.6121538266965372,0.6485009355488132,0.41838635558244147,0.23765477528795745,0.11889657260476802,1,1,1
2026-08-27 16:00:00,2026,2203,DOWN,4585.77,4642.99,1.5171654050966776,2026-08-27 20:00:00,-29.889999999999418,-0.5223698007689577,0.16922986885069025,0.3034903317397765,0.30918037572799134,0.47466830681436245,0.37709319709286876,0.16461588167019864,0.06952545936125673,0.04483415524955297,1,1,1
2026-08-27 20:00:00,2026,2204,UP,4615.66,4565.02,1.3399646344719884,2026-08-28 04:00:00,-26.949999999999818,-0.5321879936808872,0.6904053490368067,0.43596745931405706,0.08537444491128372,0.22513789851000057,0.8769503370838345,0.6939530606115286,0.48335097295386287,0.3157304213533188,0,0,0
2026-08-28 01:00:02,2026,2204,UP,4603.19,4565.02,1.0129451709389226,2026-08-28 04:00:00,-14.479999999999563,-0.37935551480219754,0.28578104197322557,0.3426045403236712,0.3773944995808923,0.4080016279329049,0.4367407325507516,0.27110482052704854,0.12771358501060984,0.07543481445312206,0,1,1
2026-08-28 04:00:00,2026,2205,DOWN,4588.71,4618.01,0.7789246266731532,2026-08-28 12:00:00,-14.149999999999636,-0.48293515358360234,0.4555089984723033,0.2720351992952013,0.6294527207972566,0.6281592032462848,0.7130484870161132,0.4473394544272253,0.25066479533374453,0.12381398721946846,1,1,1
2026-08-28 08:00:00,2026,2205,DOWN,4584.3,4611.37,0.720760710979146,2026-08-28 09:58:00,-27.06999999999971,-1.0,0.16747647937790286,0.27138364186623043,0.3359762938042137,0.4837556236350006,0.3923756360993606,0.1697409280082223,0.0724228734256825,0.03173341142369954,1,1,1
