source_k,year,dir,sweep_time,trigger_time,clean_m1,fraction,broken_m5_level,trigger_close,limit_entry,sl_exec,risk,fill_time,outcome,resolved_at_h,mfe_abs,mae_abs,mfe_r,mae_r,d1_atr,risk_d1,m30_atr,risk_m30,mirror5,m30_exp,m30_owner,h1_owner,m1_direct_transfer,direct_transfer,owner_agree,both_branch
1.5,2023,-1,2023-01-27 15:32:00,2023-01-27 16:00:00,True,0.25,1930.5,1928.81,1929.2325,1935.1299999999999,5.897499999999809,2023-01-27 16:01:00,BE,2023-01-31 17:58:00,28.282500000000255,5.337500000000091,4.795676133955264,0.9050445103858014,23.625714285714317,0.24962208247671186,3.176428571428541,1.8566449291656875,0,1.1024705687282341,1,-1,True,True,False,False
1.5,2023,1,2023-01-31 14:09:00,2023-01-31 14:35:00,True,0.25,1903.24,1903.55,1903.5924999999997,1900.83,2.762499999999818,2023-01-31 14:36:00,TP5,2023-01-31 15:48:00,14.4675000000002,1.7124999999996362,5.2371040723986075,0.6199095022623525,23.876428571428587,0.11569988332784105,4.071428571428571,0.6785087719297799,0,1.401454797367494,-1,-1,True,True,False,False
1.5,2023,-1,2023-02-06 02:59:00,2023-02-06 03:05:00,True,0.25,1865.75,1864.92,1865.1275,1870.1399999999999,5.012499999999818,2023-02-06 03:06:00,SL,2023-02-06 03:22:00,0.0,5.242499999999836,0.0,1.0458852867830477,28.99285714285715,0.17288741069228242,3.8621428571428686,1.2978546328832485,0,1.4421608925425728,1,-1,True,True,False,False
1.5,2023,1,2023-03-13 09:04:00,2023-03-13 09:35:00,True,0.25,1874.41,1875.94,1875.6775,1871.53,4.147500000000036,2023-03-13 09:49:00,TP5,2023-03-13 14:29:00,22.482500000000073,1.4175000000000182,5.420735382760669,0.34177215189873555,21.138571428571417,0.19620531188754659,4.43857142857142,0.9344222722883911,0,3.168301170515665,-1,1,True,True,False,False
1.5,2023,1,2023-04-26 20:34:00,2023-04-26 21:00:00,True,0.25,1988.16,1988.35,1988.4225,1983.3,5.122499999999945,2023-04-26 21:03:00,SL,2023-04-27 15:44:00,14.857500000000073,6.582499999999982,2.9004392386530466,1.2850170815031825,28.39428571428568,0.1804060173073036,6.136428571428594,0.8347689442439643,0,1.2398172820708102,-1,-1,True,True,False,False
1.5,2023,-1,2023-05-12 16:48:00,2023-05-12 17:20:00,True,0.25,2016.17,2014.84,2015.1725,2022.6699999999998,7.497499999999945,2023-05-12 20:04:00,TP5,2023-05-17 16:56:00,38.3125,7.0775000000001,5.110036678893001,0.9439813271090566,29.554999999999968,0.25367958044323985,4.779999999999989,1.5685146443514568,0,1.7528237951807204,1,1,True,True,False,False
1.5,2023,1,2023-05-26 03:50:00,2023-05-26 04:00:00,True,0.25,1940.44,1940.87,1940.8824999999997,1936.75,4.132499999999709,2023-05-26 04:04:00,BE,2023-05-26 17:44:00,16.36750000000029,0.5624999999997726,3.960677555959212,0.1361161524500453,23.803571428571395,0.17360840210051315,2.1114285714285512,1.9572056833557672,0,1.0022844089091894,-1,-1,True,True,False,False
1.5,2023,-1,2023-06-08 17:32:00,2023-06-08 17:45:00,True,0.25,1965.97,1965.46,1965.5875,1970.62,5.0324999999998,2023-06-08 17:46:00,SL,2023-06-09 15:31:00,4.8575000000003,7.5724999999997635,0.9652260307998993,1.5047193243914683,24.183571428571423,0.20809581475026498,3.7500000000000164,1.3419999999999408,0,2.7418465778594627,1,1,True,True,False,False
1.5,2023,-1,2023-06-12 22:56:00,2023-06-12 23:45:00,True,0.25,1957.08,1956.91,1956.9525,1958.87,1.9174999999997908,2023-06-12 23:49:00,SL,2023-06-13 02:00:00,0.0,2.2574999999999363,0.0,1.1773142112126116,24.434999999999995,0.07847350112542628,2.767857142857175,0.6927741935483034,0,0.9885535900104114,-1,-1,True,True,True,False
1.5,2023,-1,2023-06-19 11:25:00,2023-06-19 12:50:00,True,0.25,1952.69,1952.31,1952.405,1958.83,6.4249999999999545,2023-06-19 16:00:00,TP5,2023-06-21 16:40:00,33.17500000000018,4.464999999999918,5.163424124513684,0.6949416342412373,25.26142857142856,0.25434032686761127,2.225714285714243,2.8867137355584434,0,0.583280876243235,-1,-1,True,True,True,False
1.5,2023,1,2023-06-26 08:30:00,2023-06-26 08:35:00,True,0.25,1925.2,1926.11,1926.0024999999998,1923.94,2.0624999999997726,2023-06-26 09:08:00,SL,2023-06-26 09:29:00,0.6275000000002819,2.0924999999997453,0.30424242424259446,1.0145454545454429,22.687142857142867,0.0909105220074202,1.9442857142856838,1.0608008817045287,0,0.7634073672806038,1,1,False,False,True,False
1.5,2023,1,2023-06-27 02:36:00,2023-06-27 03:30:00,True,0.25,1922.81,1923.42,1923.4075,1921.02,2.3875000000000455,2023-06-27 03:42:00,SL,2023-06-27 14:21:00,7.002500000000055,2.527499999999918,2.9329842931936843,1.058638743455443,22.699999999999996,0.10517621145374652,1.4164285714285663,1.685577407967764,0,1.3812909260991513,-1,1,True,True,False,False
1.5,2023,-1,2023-06-27 10:05:00,2023-06-27 11:15:00,True,0.25,1927.17,1926.2,1926.4425,1929.85,3.4074999999998,2023-06-27 11:16:00,SL,2023-06-27 15:37:00,6.732500000000073,3.4574999999997544,1.9757887013941213,1.0146735143066639,22.699999999999996,0.15011013215858152,2.340714285714317,1.4557522123892757,0,1.3812909260991513,1,1,True,True,False,False
1.5,2023,-1,2023-06-27 15:38:00,2023-06-27 15:50:00,True,0.25,1925.46,1925.12,1925.205,1930.58,5.375,2023-06-27 15:54:00,SL,2023-06-27 16:36:00,0.7550000000001091,5.585000000000036,0.14046511627909009,1.0390697674418672,22.699999999999996,0.23678414096916303,2.799285714285751,1.920132686909901,0,0.8913707215169497,-1,-1,True,True,True,False
1.5,2023,-1,2023-06-29 17:50:00,2023-06-29 18:40:00,True,0.25,1909.73,1909.06,1909.2275,1913.2099999999998,3.9824999999998454,2023-06-29 18:41:00,SL,2023-06-30 15:43:00,8.5775000000001,4.742499999999836,2.1537978656623813,1.1908349026993146,20.755714285714298,0.1918748709477521,4.8857142857142595,0.8151315789473411,0,1.277777777777774,-1,-1,True,True,True,True
1.5,2023,1,2023-07-05 20:54:00,2023-07-05 21:05:00,True,0.25,1920.19,1920.99,1920.93,1919.01,1.9200000000000728,2023-07-05 21:06:00,SL,2023-07-05 21:14:00,0.0,2.480000000000018,0.0,1.2916666666666272,19.936428571428596,0.09630611586829918,3.9014285714285637,0.4921274258513561,0,1.2863961813842766,1,1,True,True,True,True
1.5,2023,-1,2023-07-11 04:32:00,2023-07-11 04:40:00,True,0.25,1926.26,1925.53,1925.7125,1927.9899999999998,2.2774999999996908,2023-07-11 04:45:00,SL,2023-07-11 05:57:00,0.7825000000002547,2.2974999999999,0.3435784851812781,1.008781558726767,19.781428571428574,0.1151332418574264,1.355714285714287,1.6799262381451865,1,2.6929499072355867,1,-1,True,True,False,False
1.5,2023,-1,2023-07-11 13:19:00,2023-07-11 13:50:00,True,0.25,1936.32,1935.88,1935.99,1938.6,2.6099999999999,2023-07-11 14:12:00,SL,2023-07-12 04:42:00,6.550000000000182,2.6499999999998636,2.5095785440614686,1.0153256704980709,19.781428571428574,0.13194193688162995,3.0692857142857326,0.8503607167791106,0,1.4033846153846123,1,1,False,False,False,False
1.5,2023,-1,2023-07-27 10:49:00,2023-07-27 11:35:00,True,0.25,1977.56,1977.49,1977.5075,1982.25,4.742500000000064,2023-07-27 12:16:00,TP5,2023-07-27 16:32:00,25.507499999999936,1.7224999999998545,5.37849235635205,0.36320506062199925,17.587857142857143,0.26964626568655686,2.7535714285714255,1.7223086900129951,0,1.1425027563395627,1,1,True,True,False,False
1.5,2023,1,2023-07-27 12:51:00,2023-07-27 13:20:00,True,0.25,1975.93,1976.45,1976.44,1973.6,2.8400000000001455,2023-07-27 13:22:00,SL,2023-07-27 15:25:00,2.6699999999998454,3.6400000000001,0.9401408450703199,1.28169014084504,17.587857142857143,0.16147504365837648,2.77785714285715,1.0223707894060667,1,1.1425027563395627,1,1,True,True,True,True
1.5,2023,-1,2023-08-10 08:58:00,2023-08-10 09:10:00,True,0.25,1916.95,1916.11,1916.32,1919.29,2.9700000000000273,2023-08-10 09:12:00,SL,2023-08-10 10:03:00,0.6199999999998909,3.1900000000000546,0.20875420875417008,1.0740740740740826,19.105,0.15545668673122362,1.782142857142828,1.6665330661323072,0,1.1891103548857371,-1,-1,True,True,True,True
1.5,2023,-1,2023-08-24 07:21:00,2023-08-24 07:35:00,True,0.25,1920.51,1920.17,1920.255,1921.8300000000002,1.5750000000000455,2023-08-24 07:36:00,SL,2023-08-24 07:45:00,0.15499999999997272,1.625,0.09841269841267825,1.0317460317460019,15.995714285714289,0.09846387425203462,1.5007142857142364,1.0495002379819782,0,1.2801070472792109,1,1,True,True,False,False
1.5,2023,1,2023-08-25 17:02:00,2023-08-25 17:05:00,True,0.25,1915.72,1920.18,1919.1950000000002,1911.27,7.925000000000182,2023-08-25 17:06:00,SL,2023-08-25 17:27:00,3.174999999999727,9.385000000000218,0.4006309148264548,1.1842271293375397,15.289999999999996,0.5183126226291814,2.9471428571428566,2.689045079980673,0,0.5612194722176641,1,1,False,False,True,False
1.5,2023,1,2023-08-28 15:32:00,2023-08-28 15:45:00,True,0.25,1915.68,1916.57,1916.4775,1913.38,3.0974999999998545,2023-08-28 15:53:00,SL,2023-08-28 16:34:00,1.4325000000001182,3.447499999999991,0.4624697336562342,1.1129943502825352,15.529999999999989,0.19945267224725413,1.631428571428533,1.8986427320489923,0,1.0576198169090028,-1,-1,True,True,False,False
1.5,2023,-1,2023-08-31 15:32:00,2023-08-31 15:40:00,True,0.25,1944.92,1943.7,1944.005,1947.96,3.9549999999999272,2023-08-31 15:41:00,SL,2023-09-01 15:30:00,5.684999999999945,8.325000000000045,1.4374209860935652,2.1049304677623764,15.496428571428542,0.25522009679649266,1.7514285714285864,2.2581566068514887,0,1.2955974842767226,1,1,True,True,False,False
1.5,2023,-1,2023-09-08 15:39:00,2023-09-08 15:55:00,True,0.25,1922.55,1922.15,1922.25,1926.16,3.910000000000082,2023-09-08 16:29:00,SL,2023-09-08 16:56:00,0.6699999999998454,4.070000000000164,0.1713554987211845,1.040920716112552,14.684285714285677,0.266271038038726,1.7292857142857494,2.261049153242463,0,0.9382326420198428,-1,-1,True,True,True,False
1.5,2023,1,2023-09-28 11:31:00,2023-09-28 12:45:00,True,0.25,1874.99,1876.09,1875.9650000000001,1873.63,2.3350000000000364,2023-09-28 12:59:00,SL,2023-09-28 15:45:00,3.6349999999997635,3.5650000000000546,1.5567451820127225,1.5267665952890788,15.300714285714305,0.15260725456328122,1.892142857142874,1.2340505851264711,0,1.2435870256518815,-1,-1,True,True,False,False
1.5,2023,1,2023-10-04 03:11:00,2023-10-04 03:40:00,True,0.25,1823.79,1824.52,1824.5375000000001,1821.82,2.7175000000002,2023-10-04 03:47:00,SL,2023-10-04 04:35:00,0.08249999999975444,3.4375000000002274,0.03035878564848146,1.2649494020239096,18.387857142857115,0.14778774812571518,2.023571428571472,1.3429226967879273,0,1.9778320113890508,-1,-1,True,True,False,False
1.5,2023,-1,2023-10-20 02:32:00,2023-10-20 03:05:00,True,0.25,1976.18,1976.01,1976.0525,1982.4,6.347500000000082,2023-10-20 03:06:00,SL,2023-10-20 11:14:00,3.9724999999998545,6.347500000000082,0.6258369436785827,1.0,25.38499999999999,0.25004924167815973,4.897142857142853,1.296163943990683,0,1.5931217810267353,1,1,True,True,False,False
1.5,2023,1,2023-10-30 16:40:00,2023-10-30 17:25:00,True,0.25,1998.15,1998.96,1998.9075000000003,1991.91,6.997500000000173,2023-10-30 17:26:00,SL,2023-10-31 05:57:00,1.7024999999996453,7.047500000000355,0.2433011789924406,1.0071454090746954,27.126428571428587,0.2579587645153708,3.8592857142857286,1.8131593559134196,0,1.3163950143815863,1,-1,True,True,False,False
1.5,2023,1,2023-11-09 15:32:00,2023-11-09 15:55:00,True,0.25,1948.82,1949.39,1949.3975,1944.73,4.667500000000018,2023-11-09 16:02:00,BE,2023-11-10 13:27:00,16.142499999999927,0.8475000000000819,3.4584895554365,0.18157471880023107,22.387142857142862,0.20849020483696076,2.8678571428571495,1.6275217932752204,0,1.2846650998824949,-1,-1,True,True,False,False
1.5,2023,1,2023-11-27 14:29:00,2023-11-27 15:30:00,True,0.25,2014.36,2014.55,2014.6525000000001,2011.5,3.1525000000001455,2023-11-27 15:36:00,SL,2023-11-27 15:41:00,0.5574999999998909,3.942500000000109,0.17684377478187632,1.2505947660586605,21.168571428571436,0.14892360642462552,2.2028571428571047,1.431095979247821,0,2.0113948919449887,1,1,True,True,True,True
1.5,2023,-1,2023-11-28 02:52:00,2023-11-28 03:20:00,True,0.25,2016.2,2015.47,2015.6525000000001,2018.28,2.627499999999827,2023-11-28 03:40:00,SL,2023-11-28 15:42:00,3.9125000000001364,5.967499999999973,1.489058039962091,2.2711703139868185,20.879285714285725,0.1258424275597741,1.88714285714283,1.3923164269492094,0,4.527659574468074,1,1,True,True,False,False
1.5,2023,-1,2023-12-12 15:30:00,2023-12-12 15:45:00,True,0.25,1987.87,1985.27,1985.92,1996.8500000000001,10.930000000000064,2023-12-12 15:49:00,SL,2023-12-13 21:03:00,12.779999999999973,11.450000000000045,1.1692589204025525,1.0475754803293669,30.71857142857144,0.35581081709529094,3.319999999999985,3.292168674698829,0,1.4725700655933192,1,1,False,False,False,False
1.5,2024,1,2024-01-03 16:37:00,2024-01-03 17:05:00,True,0.25,2042.28,2046.84,2045.85,2031.73,14.11999999999989,2024-01-03 17:06:00,SL,2024-01-03 18:01:00,1.2300000000000182,14.589999999999918,0.08711048158640423,1.033286118980172,23.534285714285666,0.5999757193152813,5.832857142857165,2.420769042370778,0,2.157449577098296,-1,-1,True,True,False,False
1.5,2024,1,2024-01-25 08:17:00,2024-01-25 08:35:00,True,0.25,2015.93,2016.16,2016.2725,2014.44,1.8324999999999818,2024-01-25 08:36:00,SL,2024-01-25 09:08:00,0.27749999999991815,2.052500000000009,0.15143246930418602,1.1200545702592248,24.387857142857133,0.07513985297132576,1.519999999999998,1.2055921052631475,0,1.006012506012495,-1,-1,True,True,False,False
1.5,2024,1,2024-01-31 15:05:00,2024-01-31 15:35:00,True,0.25,2039.54,2040.1,2040.1200000000001,2035.97,4.150000000000091,2024-01-31 15:36:00,BE,2024-01-31 21:00:00,15.839999999999918,1.4700000000000273,3.8168674698794147,0.35421686746987835,21.57642857142857,0.19233952395140624,2.4814285714286046,1.6724237190558577,0,1.599916475255808,1,1,True,True,True,True
1.5,2024,-1,2024-02-02 08:09:00,2024-02-02 08:25:00,True,0.25,2055.26,2054.77,2054.8925,2057.0299999999997,2.137499999999818,2024-02-02 08:28:00,SL,2024-02-02 09:24:00,0.6024999999999636,2.1475000000000364,0.2818713450292467,1.0046783625732019,21.29285714285712,0.10038577658503015,1.8349999999999065,1.1648501362397423,0,1.1883867577509075,-1,1,True,True,False,False
1.5,2024,-1,2024-02-12 15:20:00,2024-02-12 15:50:00,True,0.25,2020.96,2019.98,2020.225,2027.7,7.475000000000136,2024-02-12 16:01:00,SL,2024-02-13 12:45:00,8.194999999999936,7.895000000000209,1.096321070234085,1.0561872909699084,20.881428571428582,0.35797359239242615,2.458571428571434,3.0403834979663475,0,1.4809924880491734,-1,-1,True,True,True,True
1.5,2024,-1,2024-02-19 01:00:00,2024-02-19 01:05:00,True,0.25,2012.78,2011.71,2011.9775,2016.46,4.482500000000073,2024-02-19 01:07:00,SL,2024-02-19 01:12:00,0.0,4.662500000000136,0.0,1.040156162855563,22.221428571428596,0.20171970427515573,2.8478571428571677,1.573990469024341,1,1.2663934426229442,1,1,True,True,False,False
1.5,2024,1,2024-03-08 15:30:00,2024-03-08 15:35:00,True,0.25,2169.23,2178.25,2176.165,2155.9,20.264999999999873,2024-03-08 15:36:00,SL,2024-03-12 16:05:00,18.925000000000182,20.795000000000073,0.933876141130042,1.0261534665679843,22.102142857142844,0.9168794234560268,5.122857142857096,3.955800334634702,0,0.7226787685514677,1,1,True,True,True,False
1.5,2024,-1,2024-04-02 12:31:00,2024-04-02 13:05:00,True,0.25,2260.45,2258.98,2259.3475,2266.98,7.632500000000164,2024-04-02 13:20:00,SL,2024-04-02 17:03:00,5.857499999999618,14.5925000000002,0.7674418604650498,1.9118899443170503,29.883571428571454,0.25540789253532087,3.9500000000001103,1.9322784810126457,0,1.2425201001713413,1,1,True,True,False,False
1.5,2024,1,2024-05-01 21:00:00,2024-05-01 21:30:00,True,0.25,2307.46,2313.43,2312.1275,2295.53,16.597499999999854,2024-05-01 21:31:00,SL,2024-05-02 13:29:00,16.142499999999927,16.987500000000182,0.9725862328663997,1.0234975146859666,46.12285714285719,0.3598541163352501,6.382857142857022,2.6003245299910738,0,0.46479739825964184,1,1,True,True,True,False
1.5,2024,-1,2024-05-14 15:20:00,2024-05-14 15:35:00,True,0.25,2342.43,2341.29,2341.575,2348.54,6.9650000000001455,2024-05-14 15:36:00,SL,2024-05-14 15:49:00,0.15499999999974534,8.715000000000146,0.022254127781728944,1.2512562814070298,34.65500000000001,0.20098109940845893,4.502142857142774,1.5470410915437702,1,2.686858721389118,1,1,True,True,False,False
1.5,2024,1,2024-05-16 10:11:00,2024-05-16 10:25:00,True,0.25,2388.9,2389.83,2389.7875,2384.79,4.997499999999945,2024-05-16 10:26:00,SL,2024-05-16 12:26:00,1.5725000000002183,5.4074999999998,0.3146573286643793,1.0820410205102269,34.494999999999955,0.1448760689955052,3.899285714285757,1.2816449899248665,0,1.3081581759886225,1,1,True,True,True,True
1.5,2024,-1,2024-05-29 01:01:00,2024-05-29 01:45:00,True,0.25,2358.86,2358.68,2358.725,2362.57,3.8450000000002547,2024-05-29 01:46:00,TP5,2024-05-29 14:53:00,20.154999999999745,2.775000000000091,5.241872561768117,0.7217165149544622,35.4021428571428,0.10860924479955542,3.8185714285714636,1.0069210624766756,0,2.316489361702087,1,-1,True,True,False,False
1.5,2024,1,2024-06-27 09:01:00,2024-06-27 09:30:00,True,0.25,2300.46,2301.59,2301.4975,2296.49,5.007500000000164,2024-06-27 09:37:00,TP5,2024-06-27 17:01:00,29.262500000000273,2.0974999999998545,5.84373439840226,0.41887169246126527,33.26857142857148,0.15051743387152652,2.2721428571428857,2.203866708582251,0,2.0907715582451165,-1,1,True,True,False,False
1.5,2024,-1,2024-06-27 18:17:00,2024-06-27 18:30:00,True,0.25,2327.24,2326.91,2326.9925,2331.05,4.057500000000346,2024-06-27 18:35:00,SL,2024-06-28 11:26:00,7.842499999999745,5.077500000000327,1.9328404189769752,1.2513863216265915,33.26857142857148,0.12196195465476803,5.012857142857131,0.8094186377886147,0,2.0907715582451165,1,1,True,True,False,False
1.5,2024,1,2024-07-08 16:50:00,2024-07-08 17:05:00,True,0.25,2377.08,2377.75,2377.7725,2370.22,7.5525000000002365,2024-07-08 17:06:00,SL,2024-07-08 18:25:00,1.7274999999999636,7.742499999999836,0.22873220787817405,1.0251572327043488,27.199285714285743,0.2776727330024507,4.030000000000102,1.8740694789081997,0,1.3224129784217966,-1,-1,True,True,False,False
1.5,2024,-1,2024-07-29 16:25:00,2024-07-29 16:50:00,True,0.25,2392.06,2390.62,2390.98,2396.84,5.860000000000127,2024-07-29 16:51:00,BE,2024-07-30 09:58:00,21.320000000000164,3.2400000000002365,3.638225255972645,0.5529010238908133,35.96,0.16295884315906917,4.241428571428644,1.3816099696867696,0,1.6476493011435938,-1,1,True,True,False,False
1.5,2024,1,2024-09-12 05:49:00,2024-09-12 06:40:00,True,0.25,2514.04,2514.74,2514.7449999999994,2510.98,3.764999999999418,2024-09-12 06:44:00,TP5,2024-09-12 15:46:00,20.375000000000455,1.7749999999996362,5.411686586986349,0.47144754316066684,27.751428571428537,0.13566869144443508,1.9621428571428428,1.9188205314886144,0,1.835149218379886,1,-1,True,True,False,False
1.5,2024,1,2024-10-14 05:05:00,2024-10-14 05:35:00,True,0.25,2648.45,2650.59,2650.2250000000004,2643.11,7.1150000000002365,2024-10-14 05:36:00,SL,2024-10-15 07:34:00,16.524999999999636,7.1850000000004,2.322557976106688,1.0098383696416249,31.80285714285713,0.22372203755278805,3.827857142857056,1.8587423026685124,0,1.7547437488916644,1,1,True,True,True,True
1.5,2024,1,2024-10-17 15:31:00,2024-10-17 16:10:00,True,0.25,2681.35,2682.1,2682.0825,2673.05,9.0324999999998,2024-10-17 16:11:00,TP5,2024-10-21 04:12:00,45.507500000000164,1.212500000000091,5.03819540548034,0.13423747578191175,30.934285714285675,0.2919899325759614,5.306428571428536,1.7021806434243916,0,0.8152661064425714,1,1,True,True,True,False
1.5,2024,-1,2024-10-31 03:05:00,2024-10-31 03:45:00,True,0.25,2786.81,2785.97,2786.18,2790.19,4.010000000000218,2024-10-31 03:46:00,TP5,2024-10-31 15:23:00,20.259999999999764,2.980000000000018,5.052369077306399,0.743142144638368,29.34928571428564,0.13663024167052787,2.635714285714227,1.5214092140922575,0,1.0637039540385183,1,1,True,True,False,False
1.5,2024,1,2024-11-01 12:38:00,2024-11-01 13:10:00,True,0.25,2751.82,2752.95,2752.8375,2744.76,8.077499999999873,2024-11-01 13:11:00,SL,2024-11-01 16:40:00,9.382499999999709,9.537499999999909,1.1615598885793694,1.180748994119475,31.14357142857138,0.2593633173551028,3.83428571428567,2.106650521609529,0,1.8579051383398861,1,1,True,True,True,True
1.5,2024,1,2024-11-06 03:07:00,2024-11-06 03:30:00,True,0.25,2740.11,2741.06,2740.9925000000003,2732.56,8.432500000000346,2024-11-06 03:31:00,SL,2024-11-06 05:29:00,8.637499999999818,10.602500000000418,1.0243107026385372,1.257337681589088,30.53499999999992,0.2761585066317461,3.8064285714286012,2.2153312066054403,0,1.5114931427467386,-1,1,True,True,False,False
1.5,2024,-1,2024-11-12 16:38:00,2024-11-12 17:05:00,True,0.25,2609.81,2606.45,2607.29,2617.17,9.88000000000011,2024-11-12 17:07:00,SL,2024-11-13 15:30:00,14.710000000000036,11.569999999999709,1.4888663967611209,1.171052631578905,41.89928571428566,0.23580354250839888,7.256428571428614,1.3615513337927032,0,1.1169672561723043,-1,-1,True,True,True,True
1.5,2024,-1,2024-11-15 17:06:00,2024-11-15 17:25:00,True,0.25,2570.84,2569.37,2569.7375,2576.21,6.4724999999998545,2024-11-15 17:28:00,SL,2024-11-18 02:53:00,10.167500000000473,7.562499999999545,1.5708767864041253,1.168404789493969,43.24857142857137,0.14965812248133398,6.322857142857174,1.0236669679168269,0,1.342059883994358,-1,1,False,False,False,False
1.5,2024,1,2024-11-21 18:47:00,2024-11-21 19:45:00,True,0.25,2668.51,2669.16,2669.1575,2661.28,7.8774999999996,2024-11-21 21:23:00,TP5,2024-11-22 13:00:00,39.92250000000013,1.4074999999998,5.067914947635945,0.17867343700410934,43.5678571428571,0.18080990245101156,6.080714285714261,1.2954892517325838,0,1.2892161911628435,-1,1,True,True,False,False
1.5,2024,1,2024-11-29 10:47:00,2024-11-29 11:15:00,True,0.25,2659.81,2661.27,2661.0649999999996,2654.46,6.604999999999563,2024-11-29 11:17:00,SL,2024-11-29 16:45:00,4.775000000000546,9.18499999999949,0.7229371688116368,1.3906131718395303,44.11500000000001,0.14972231667232375,4.424285714285653,1.4928963513076392,1,0.6899295774647938,1,1,True,True,True,False
1.5,2024,-1,2024-12-06 06:27:00,2024-12-06 07:35:00,True,0.25,2641.43,2639.73,2640.1549999999997,2644.6800000000003,4.525000000000546,2024-12-06 07:36:00,SL,2024-12-06 10:58:00,4.674999999999727,4.585000000000036,1.0331491712705334,1.0132596685081732,38.13214285714285,0.11866629202961065,5.7914285714285665,0.7813270843612197,0,1.203463904176121,1,1,False,False,False,False
1.5,2024,-1,2024-12-19 11:42:00,2024-12-19 12:05:00,True,0.25,2619.27,2617.88,2618.2275,2623.03,4.8025000000002365,2024-12-19 12:07:00,SL,2024-12-19 12:45:00,0.28749999999990905,5.022500000000036,0.05986465382611034,1.045809474232127,37.022857142857156,0.1297171631424666,4.860714285714331,0.988023512123478,0,1.4479077711357677,1,1,True,True,False,False
1.5,2024,1,2024-12-20 15:30:00,2024-12-20 15:35:00,True,0.25,2605.13,2606.43,2606.295,2599.85,6.445000000000164,2024-12-20 15:37:00,TP5,2024-12-26 17:50:00,32.25500000000011,0.6849999999999454,5.004654771140308,0.1062839410395544,37.87857142857141,0.170148972279846,4.3857142857142275,1.4695439739414249,0,3.5655873806558516,-1,1,True,True,False,False
1.5,2025,1,2025-01-17 16:32:00,2025-01-17 16:45:00,True,0.25,2707.72,2709.68,2709.3599999999997,2702.69,6.669999999999618,2025-01-17 16:47:00,SL,2025-01-17 22:00:00,7.980000000000473,7.389999999999873,1.1964017991005893,1.107946026986551,30.64714285714282,0.21763855870972534,4.312142857142915,1.5467947656119498,0,1.512761020881669,-1,-1,False,False,False,False
1.5,2025,-1,2025-02-17 17:00:00,2025-02-17 17:55:00,True,0.25,2898.99,2898.55,2898.66,2904.3199999999997,5.6599999999998545,2025-02-17 17:56:00,SL,2025-02-18 04:40:00,6.440000000000055,5.670000000000073,1.137809187279191,1.0017667844523355,42.01357142857143,0.13471837331474176,4.453571428571455,1.270890136327145,0,1.189009661835746,1,-1,True,True,False,False
1.5,2025,-1,2025-02-24 09:50:00,2025-02-24 10:20:00,True,0.25,2942.01,2941.76,2941.8225,2945.0699999999997,3.2474999999994907,2025-02-24 10:22:00,SL,2025-02-24 10:52:00,3.522500000000491,4.6875,1.084680523479921,1.4434180138570394,41.148571428571394,0.07892133037076952,5.267142857142907,0.6165581773798813,0,1.1710662824207563,-1,1,True,True,False,False
1.5,2025,1,2025-03-12 15:25:00,2025-03-12 16:45:00,True,0.25,2917.99,2919.26,2919.1125,2906.05,13.0625,2025-03-12 16:46:00,TP5,2025-03-13 18:43:00,66.08749999999964,1.1925000000001091,5.059330143540642,0.09129186602871649,41.46499999999998,0.3150247196430726,5.752857142857043,2.2706108765831035,0,0.482266278646774,1,1,True,True,True,False
1.5,2025,-1,2025-03-31 18:12:00,2025-03-31 18:35:00,True,0.25,3119.98,3119.36,3119.5150000000003,3127.37,7.854999999999563,2025-03-31 19:42:00,SL,2025-04-01 03:49:00,3.4350000000004,8.18499999999949,0.43730108211337887,1.0420114576702668,34.4014285714285,0.22833354096589453,8.280714285714307,0.9485896661778108,0,1.2500253062050843,-1,1,True,True,False,False
1.5,2025,-1,2025-04-21 22:09:00,2025-04-21 22:30:00,True,0.25,3424.45,3422.3,3422.8375,3430.69,7.852499999999964,2025-04-21 22:31:00,SL,2025-04-22 01:07:00,5.137500000000273,8.082499999999982,0.6542502387774972,1.0292900350206966,77.65571428571424,0.10111940984933457,11.23214285714289,0.6991096979332221,0,2.3801058017518084,1,1,True,True,False,False
1.5,2025,-1,2025-07-01 15:41:00,2025-07-01 16:10:00,True,0.25,3352.16,3348.62,3349.505,3358.0699999999997,8.5649999999996,2025-07-01 16:11:00,SL,2025-07-02 22:55:00,21.815000000000055,8.724999999999909,2.5469935785173465,1.0186806771745847,51.02214285714285,0.1678682924780479,6.337857142857144,1.3514031331003535,0,2.245526127415883,1,1,True,True,False,False
1.5,2025,1,2025-07-04 15:46:00,2025-07-04 16:10:00,True,0.25,3335.18,3335.33,3335.4625,3331.42,4.042500000000018,2025-07-04 16:11:00,SL,2025-07-04 17:39:00,2.5274999999996908,4.182499999999891,0.6252319109461173,1.034632034632003,48.87071428571422,0.08271825077829306,4.300000000000052,0.9401162790697603,0,1.5940512579355777,-1,1,True,True,False,False
1.5,2025,-1,2025-07-09 14:00:00,2025-07-09 14:30:00,True,0.25,3288.24,3287.77,3287.8875,3296.1499999999996,8.262499999999818,2025-07-09 14:31:00,SL,2025-07-09 15:51:00,4.497499999999945,8.482500000000073,0.5443267776096877,1.0266263237519224,47.670714285714276,0.1733244429793636,5.7085714285714015,1.4473848848848598,1,0.6768224299065398,-1,-1,True,True,True,False
1.5,2025,1,2025-08-19 09:45:00,2025-08-19 10:10:00,True,0.25,3338.79,3341.0,3340.6175000000003,3334.4,6.2175000000002,2025-08-19 10:11:00,SL,2025-08-19 15:56:00,4.712499999999636,6.447500000000218,0.7579412947325267,1.0369923602734235,41.57714285714298,0.14954130016493014,4.617857142857084,1.3464037122970443,0,1.704066138012488,1,-1,True,True,False,False
1.5,2025,1,2025-08-26 13:37:00,2025-08-26 14:10:00,True,0.25,3375.21,3376.19,3376.105,3367.15,8.954999999999927,2025-08-26 14:11:00,TP5,2025-08-28 22:52:00,45.065000000000055,5.804999999999836,5.032384142936953,0.6482412060301377,34.41714285714296,0.26019010459903413,5.552857142857159,1.6126833033187369,0,0.42377260981911874,1,1,True,True,True,False
1.5,2025,1,2025-08-27 10:15:00,2025-08-27 10:50:00,True,0.25,3378.18,3379.73,3379.5125,3373.8,5.712499999999636,2025-08-27 10:51:00,SL,2025-08-27 14:38:00,5.887500000000273,5.8224999999997635,1.030634573304271,1.0192560175054939,35.500714285714366,0.16091225528660333,4.217857142857123,1.3543607112615628,0,2.769688768606264,-1,-1,True,True,False,False
1.5,2025,1,2025-08-27 14:38:00,2025-08-27 14:50:00,True,0.25,3375.92,3376.72,3376.68,3373.69,2.9899999999997817,2025-08-27 14:59:00,TP5,2025-08-27 19:33:00,15.760000000000218,2.4099999999998545,5.270903010033902,0.8060200668896422,35.500714285714366,0.0842236574716743,4.156428571428478,0.71936758893277,0,2.431951219512223,1,-1,True,True,False,False
1.5,2025,1,2025-09-12 03:30:00,2025-09-12 03:50:00,True,0.25,3633.73,3635.9,3635.5575,3630.41,5.147500000000036,2025-09-12 03:51:00,BE,2025-09-15 03:04:00,21.052500000000236,0.8175000000001091,4.089849441476462,0.15881495871784426,46.55142857142862,0.11057662799975515,3.9407142857142907,1.3062352727931923,0,1.0713560417243735,1,-1,True,True,False,False
1.5,2025,-1,2025-09-24 04:10:00,2025-09-24 04:25:00,True,0.25,3761.59,3759.61,3760.105,3771.92,11.815000000000055,2025-09-24 04:27:00,SL,2025-09-24 08:21:00,9.355000000000018,11.894999999999982,0.7917900973338955,1.006771053745233,49.76071428571436,0.23743630230388363,8.150000000000059,1.4496932515337386,0,1.7920300387596888,-1,1,True,True,False,False
1.5,2025,-1,2025-10-24 04:15:00,2025-10-24 04:40:00,True,0.25,4131.25,4127.26,4128.2575,4144.67,16.412500000000364,2025-10-24 04:41:00,TP5,2025-10-24 14:03:00,83.77749999999969,0.5124999999998181,5.104493526275572,0.031226199543019452,122.23999999999991,0.1342645615183277,13.665714285714134,1.2009983274096154,0,1.3490637905456877,1,1,True,True,False,False
1.5,2025,1,2025-10-30 00:00:00,2025-10-30 00:50:00,True,0.25,3944.86,3946.23,3946.1274999999996,3916.08,30.047499999999673,2025-10-30 00:51:00,SL,2025-10-30 05:01:00,20.462500000000546,30.547499999999673,0.6810050752974713,1.0166403194941345,133.90285714285707,0.22439775103486304,20.782142857142976,1.44583261728817,0,1.1987305681895382,-1,-1,True,True,False,False
1.5,2025,-1,2025-11-11 15:36:00,2025-11-11 16:05:00,True,0.25,4141.08,4139.86,4140.165,4146.82,6.654999999999745,2025-11-11 16:08:00,TP5,2025-11-11 17:23:00,34.69499999999971,0.4650000000001455,5.213373403456204,0.06987227648387127,96.57857142857142,0.06890762517565005,7.902857142857231,0.8421005061460177,0,2.215722441809398,-1,1,True,True,False,False
1.5,2023,-1,2023-01-27 15:32:00,2023-01-27 16:00:00,True,0.5,1930.5,1928.81,1929.655,1935.1299999999999,5.474999999999909,2023-01-27 16:01:00,TP5,2023-01-31 13:31:00,27.935000000000173,4.915000000000191,5.102283105022948,0.8977168949772187,23.625714285714317,0.2317390252751198,3.176428571428541,1.7236339105014495,0,1.1024705687282341,1,-1,True,True,False,False
1.5,2023,1,2023-01-31 14:09:00,2023-01-31 14:35:00,True,0.5,1903.24,1903.55,1903.5149999999999,1900.83,2.6849999999999454,2023-01-31 14:36:00,TP5,2023-01-31 15:48:00,14.545000000000073,1.6349999999997635,5.417132216015035,0.6089385474859578,23.876428571428587,0.11245400424806058,4.071428571428571,0.659473684210513,0,1.401454797367494,-1,-1,True,True,False,False
1.5,2023,-1,2023-02-06 02:59:00,2023-02-06 03:05:00,True,0.5,1865.75,1864.92,1865.335,1870.1399999999999,4.804999999999836,2023-02-06 03:06:00,SL,2023-02-06 03:22:00,0.0,5.0349999999998545,0.0,1.0478668054110356,28.99285714285715,0.16573047548656736,3.8621428571428686,1.2441279822451916,1,1.4421608925425728,1,-1,True,True,False,False
1.5,2023,1,2023-03-13 09:04:00,2023-03-13 09:35:00,True,0.5,1874.41,1875.94,1875.295,1871.53,3.7650000000001,2023-03-13 09:49:00,TP5,2023-03-13 14:26:00,19.054999999999836,1.0350000000000819,5.061088977423461,0.2749003984063889,21.138571428571417,0.1781104277894216,4.43857142857142,0.8482458963630755,0,3.168301170515665,-1,1,True,True,False,False
1.5,2023,1,2023-04-26 20:34:00,2023-04-26 21:00:00,True,0.5,1988.16,1988.35,1988.375,1983.3,5.0750000000000455,2023-04-26 21:03:00,SL,2023-04-27 15:44:00,14.904999999999973,6.535000000000082,2.93694581280785,1.287684729064044,28.39428571428568,0.17873314550211492,6.136428571428594,0.8270282854149735,0,1.2398172820708102,-1,-1,True,True,False,False
1.5,2023,-1,2023-05-12 16:48:00,2023-05-12 17:20:00,True,0.5,2016.17,2014.84,2015.505,2022.6699999999998,7.164999999999736,2023-05-12 20:06:00,TP5,2023-05-17 16:52:00,35.835000000000264,6.744999999999891,5.001395673412643,0.9413817166783167,29.554999999999968,0.24242936897309234,4.779999999999989,1.4989539748953458,0,1.7528237951807204,1,1,True,True,False,False
1.5,2023,1,2023-05-26 03:50:00,2023-05-26 04:00:00,True,0.5,1940.44,1940.87,1940.7749999999999,1936.75,4.024999999999864,2023-05-26 04:04:00,BE,2023-05-26 17:44:00,16.475000000000136,0.45499999999992724,4.093167701863527,0.11304347826085533,23.803571428571395,0.16909227306826158,2.1114285714285512,1.906292286874108,0,1.0022844089091894,-1,-1,True,True,False,False
1.5,2023,-1,2023-06-08 17:32:00,2023-06-08 17:45:00,True,0.5,1965.97,1965.46,1965.7150000000001,1970.62,4.904999999999745,2023-06-08 17:46:00,SL,2023-06-09 15:31:00,4.985000000000355,7.444999999999709,1.016309887869646,1.517838939857308,24.183571428571423,0.20282364060606803,3.7500000000000164,1.3079999999999263,0,2.7418465778594627,1,1,True,True,False,False
1.5,2023,-1,2023-06-12 22:56:00,2023-06-12 23:45:00,True,0.5,1957.08,1956.91,1956.995,1958.87,1.875,2023-06-12 23:51:00,SL,2023-06-13 02:00:00,0.01499999999987267,2.2150000000001455,0.007999999999932091,1.1813333333334108,24.434999999999995,0.07673419275629222,2.767857142857175,0.6774193548387017,0,0.9885535900104114,-1,-1,True,True,True,False
1.5,2023,-1,2023-06-19 11:25:00,2023-06-19 12:50:00,True,0.5,1952.69,1952.31,1952.5,1958.83,6.329999999999927,2023-06-19 16:00:00,TP5,2023-06-21 16:39:00,32.0300000000002,4.369999999999891,5.060031595576709,0.6903633491311123,25.26142857142856,0.2505796527738478,2.225714285714243,2.844030808729162,0,0.583280876243235,-1,-1,True,True,True,False
1.5,2023,1,2023-06-26 08:30:00,2023-06-26 08:35:00,True,0.5,1925.2,1926.11,1925.7749999999999,1923.94,1.834999999999809,2023-06-26 09:15:00,SL,2023-06-26 09:29:00,0.1750000000001819,1.8649999999997817,0.0953678474115532,1.0163487738419488,22.687142857142867,0.08088281594357193,1.9442857142856838,0.9437913299043986,0,0.7634073672806038,1,1,False,False,True,False
1.5,2023,1,2023-06-27 02:36:00,2023-06-27 03:30:00,True,0.5,1922.81,1923.42,1923.255,1921.02,2.2350000000001273,2023-06-27 03:43:00,BE,2023-06-27 13:16:00,7.154999999999973,1.5550000000000637,3.201342281879,0.6957494407158725,22.699999999999996,0.09845814977974131,1.4164285714285663,1.5779122541604587,0,1.3812909260991513,-1,1,True,True,False,False
1.5,2023,-1,2023-06-27 10:05:00,2023-06-27 11:15:00,True,0.5,1927.17,1926.2,1926.685,1929.85,3.1649999999999636,2023-06-27 11:16:00,SL,2023-06-27 15:37:00,6.974999999999909,3.214999999999918,2.2037914691943095,1.0157977883096225,22.699999999999996,0.13942731277532883,2.340714285714317,1.3521513579493103,0,1.3812909260991513,1,1,True,True,False,False
1.5,2023,-1,2023-06-27 15:38:00,2023-06-27 15:50:00,True,0.5,1925.46,1925.12,1925.29,1930.58,5.289999999999964,2023-06-27 15:54:00,SL,2023-06-27 16:36:00,0.8400000000001455,5.5,0.15879017013235375,1.0396975425330883,22.699999999999996,0.23303964757709095,2.799285714285751,1.8897677979075918,0,0.8913707215169497,-1,-1,True,True,True,False
1.5,2023,-1,2023-06-29 17:50:00,2023-06-29 18:40:00,True,0.5,1909.73,1909.06,1909.395,1913.2099999999998,3.814999999999827,2023-06-29 18:41:00,SL,2023-06-30 15:43:00,8.745000000000118,4.574999999999818,2.292267365661996,1.1992136304062977,20.755714285714298,0.18380480418472556,4.8857142857142595,0.780847953216343,0,1.277777777777774,-1,-1,True,True,True,True
1.5,2023,1,2023-07-05 20:54:00,2023-07-05 21:05:00,True,0.5,1920.19,1920.99,1920.7300000000002,1919.01,1.7200000000002547,2023-07-05 21:06:00,SL,2023-07-05 21:14:00,0.0,2.2800000000002,0.0,1.3255813953487572,19.936428571428596,0.08627422879869419,3.9014285714285637,0.44086415232522175,0,1.2863961813842766,1,1,True,True,True,True
1.5,2023,-1,2023-07-11 04:32:00,2023-07-11 04:40:00,True,0.5,1926.26,1925.53,1925.895,1927.9899999999998,2.0949999999998,2023-07-11 04:45:00,SL,2023-07-11 05:57:00,0.9650000000001455,2.115000000000009,0.46062052505977935,1.0095465393795757,19.781428571428574,0.1059074167689651,1.355714285714287,1.5453108535298825,1,2.6929499072355867,1,-1,True,True,False,False
1.5,2023,-1,2023-07-11 13:19:00,2023-07-11 13:50:00,True,0.5,1936.32,1935.88,1936.1,1938.6,2.5,2023-07-11 14:12:00,SL,2023-07-12 04:42:00,6.660000000000082,2.5399999999999636,2.6640000000000326,1.0159999999999854,19.781428571428574,0.12638116559543583,3.0692857142857326,0.8145217593669953,0,1.4033846153846123,1,1,False,False,False,False
1.5,2023,-1,2023-07-27 10:49:00,2023-07-27 11:35:00,True,0.5,1977.56,1977.49,1977.525,1982.25,4.724999999999909,2023-07-27 12:16:00,TP5,2023-07-27 16:31:00,23.695000000000164,1.7049999999996999,5.014814814814946,0.3608465608465043,17.587857142857143,0.26865126101611797,2.7535714285714255,1.715953307392965,0,1.1425027563395627,1,1,True,True,False,False
1.5,2023,1,2023-07-27 12:51:00,2023-07-27 13:20:00,True,0.5,1975.93,1976.45,1976.31,1973.6,2.7100000000000364,2023-07-27 13:23:00,SL,2023-07-27 15:25:00,2.7999999999999545,3.509999999999991,1.0332103321032904,1.2952029520294996,17.587857142857143,0.1540835803923182,2.77785714285715,0.9755721265106817,0,1.1425027563395627,1,1,True,True,True,True
1.5,2023,-1,2023-08-10 08:58:00,2023-08-10 09:10:00,True,0.5,1916.95,1916.11,1916.53,1919.29,2.759999999999991,2023-08-10 09:12:00,SL,2023-08-10 10:03:00,0.8299999999999272,2.980000000000018,0.30072463768113405,1.0797101449275464,19.105,0.14446479979063023,1.782142857142828,1.5486973947895994,1,1.1891103548857371,-1,-1,True,True,True,True
1.5,2023,-1,2023-08-24 07:21:00,2023-08-24 07:35:00,True,0.5,1920.51,1920.17,1920.3400000000001,1921.8300000000002,1.490000000000009,2023-08-24 07:36:00,SL,2023-08-24 07:45:00,0.2400000000000091,1.5399999999999636,0.16107382550336083,1.033557046979835,15.995714285714289,0.09314995087970047,1.5007142857142364,0.9928605425988012,0,1.2801070472792109,1,1,True,True,False,False
1.5,2023,1,2023-08-25 17:02:00,2023-08-25 17:05:00,True,0.5,1915.72,1920.18,1918.0800000000002,1911.27,6.810000000000173,2023-08-25 17:06:00,SL,2023-08-25 17:27:00,4.289999999999736,8.27000000000021,0.6299559471365092,1.2143906020558002,15.289999999999996,0.4453891432308813,2.9471428571428566,2.3107125545322935,0,0.5612194722176641,1,1,False,False,True,False
1.5,2023,1,2023-08-28 15:32:00,2023-08-28 15:45:00,True,0.5,1915.68,1916.57,1916.255,1913.38,2.875,2023-08-28 16:08:00,SL,2023-08-28 16:34:00,0.7749999999998636,3.2250000000001364,0.2695652173912569,1.12173913043483,15.529999999999989,0.18512556342562794,1.631428571428533,1.7622591943958383,0,1.0576198169090028,-1,-1,True,True,False,False
1.5,2023,-1,2023-08-31 15:32:00,2023-08-31 15:40:00,True,0.5,1944.92,1943.7,1944.31,1947.96,3.650000000000091,2023-08-31 15:41:00,SL,2023-09-01 15:30:00,5.989999999999782,8.02000000000021,1.6410958904108581,2.1972602739726055,15.496428571428542,0.23553814242913745,1.7514285714285864,2.0840130505709964,0,1.2955974842767226,1,1,True,True,False,False
1.5,2023,-1,2023-09-08 15:39:00,2023-09-08 15:55:00,True,0.5,1922.55,1922.15,1922.35,1926.16,3.810000000000173,2023-09-08 16:30:00,SL,2023-09-08 16:56:00,0.7699999999997544,3.9700000000002547,0.20209973753273477,1.0419947506561875,14.684285714285677,0.25946103706587487,1.7292857142857494,2.2032218091698197,0,0.9382326420198428,-1,-1,True,True,True,False
1.5,2023,1,2023-09-28 11:31:00,2023-09-28 12:45:00,True,0.5,1874.99,1876.09,1875.69,1873.63,2.0599999999999454,2023-09-28 13:03:00,SL,2023-09-28 15:45:00,3.9099999999998545,3.2899999999999636,1.898058252427164,1.5970873786408013,15.300714285714305,0.13463423743055505,1.892142857142874,1.0887127217817658,0,1.2435870256518815,-1,-1,True,True,False,False
1.5,2023,1,2023-10-04 03:11:00,2023-10-04 03:40:00,True,0.5,1823.79,1824.52,1824.355,1821.82,2.535000000000082,2023-10-04 03:52:00,SL,2023-10-04 04:35:00,0.035000000000081855,3.255000000000109,0.013806706114430266,1.284023668639055,18.387857142857115,0.13786271996271296,2.023571428571472,1.2527356159548317,0,1.9778320113890508,-1,-1,True,True,False,False
1.5,2023,-1,2023-10-20 02:32:00,2023-10-20 03:05:00,True,0.5,1976.18,1976.01,1976.095,1982.4,6.305000000000064,2023-10-20 03:06:00,SL,2023-10-20 11:14:00,4.014999999999873,6.305000000000064,0.6367961934971978,1.0,25.38499999999999,0.24837502462084168,4.897142857142853,1.28748541423572,0,1.5931217810267353,1,1,True,True,False,False
1.5,2023,1,2023-10-30 16:40:00,2023-10-30 17:25:00,True,0.5,1998.15,1998.96,1998.7050000000002,1991.91,6.795000000000073,2023-10-30 17:37:00,SL,2023-10-31 05:57:00,1.9049999999997453,6.845000000000255,0.28035320088296173,1.0073583517292393,27.126428571428587,0.25049371988308966,3.8592857142857286,1.7606885063853537,0,1.3163950143815863,1,-1,True,True,False,False
1.5,2023,1,2023-11-09 15:32:00,2023-11-09 15:55:00,True,0.5,1948.82,1949.39,1949.255,1944.73,4.525000000000091,2023-11-09 16:02:00,BE,2023-11-10 13:27:00,16.284999999999854,0.7050000000001546,3.598895027624205,0.15580110497240673,22.387142857142862,0.2021249441643841,2.8678571428571495,1.5778331257783593,0,1.2846650998824949,-1,-1,True,True,False,False
1.5,2023,1,2023-11-27 14:29:00,2023-11-27 15:30:00,True,0.5,2014.36,2014.55,2014.605,2011.5,3.105000000000018,2023-11-27 15:36:00,SL,2023-11-27 15:41:00,0.6050000000000182,3.894999999999982,0.19484702093398218,1.2544283413848498,21.168571428571436,0.14667971386152057,2.2028571428571047,1.4095330739299938,0,2.0113948919449887,1,1,True,True,True,True
1.5,2023,-1,2023-11-28 02:52:00,2023-11-28 03:20:00,True,0.5,2016.2,2015.47,2015.835,2018.28,2.4449999999999363,2023-11-28 03:40:00,SL,2023-11-28 15:42:00,4.095000000000027,5.785000000000082,1.674846625766926,2.3660531697342466,20.879285714285725,0.11710170709178301,1.88714285714283,1.2956093868281455,0,4.527659574468074,1,1,True,True,False,False
1.5,2023,-1,2023-12-12 15:30:00,2023-12-12 15:45:00,True,0.5,1987.87,1985.27,1986.57,1996.8500000000001,10.2800000000002,2023-12-12 16:04:00,SL,2023-12-13 21:03:00,13.429999999999836,10.800000000000182,1.3064202334629937,1.0505836575875458,30.71857142857144,0.3346509789331785,3.319999999999985,3.0963855421687487,0,1.4725700655933192,1,1,False,False,False,False
1.5,2024,1,2024-01-03 16:37:00,2024-01-03 17:05:00,True,0.5,2042.28,2046.84,2044.71,2031.73,12.980000000000018,2024-01-03 17:09:00,SL,2024-01-03 18:01:00,0.9800000000000182,13.450000000000045,0.07550077041602594,1.0362095531587077,23.534285714285666,0.5515357533082452,5.832857142857165,2.2253245162870385,0,2.157449577098296,-1,-1,True,True,False,False
1.5,2024,1,2024-01-25 08:17:00,2024-01-25 08:35:00,True,0.5,2015.93,2016.16,2016.2150000000001,2014.44,1.775000000000091,2024-01-25 08:36:00,SL,2024-01-25 09:08:00,0.334999999999809,1.9950000000001182,0.18873239436607991,1.12394366197184,24.387857142857133,0.07278212225053828,1.519999999999998,1.1677631578947982,0,1.006012506012495,-1,-1,True,True,False,False
1.5,2024,1,2024-01-31 15:05:00,2024-01-31 15:35:00,True,0.5,2039.54,2040.1,2039.98,2035.97,4.009999999999991,2024-01-31 15:36:00,BE,2024-01-31 21:00:00,15.980000000000018,1.3299999999999272,3.985037406483804,0.331670822942626,21.57642857142857,0.18585096169761936,2.4814285714286046,1.616004605641886,0,1.599916475255808,1,1,True,True,True,True
1.5,2024,-1,2024-02-02 08:09:00,2024-02-02 08:25:00,True,0.5,2055.26,2054.77,2055.0150000000003,2057.0299999999997,2.014999999999418,2024-02-02 08:28:00,SL,2024-02-02 09:24:00,0.7250000000003638,2.024999999999636,0.3598014888340314,1.0049627791564373,21.29285714285712,0.09463267359943603,1.8349999999999065,1.0980926430515099,0,1.1883867577509075,-1,1,True,True,False,False
1.5,2024,-1,2024-02-19 01:00:00,2024-02-19 01:05:00,True,0.5,2012.78,2011.71,2012.245,2016.46,4.2150000000001455,2024-02-19 01:07:00,SL,2024-02-19 01:12:00,0.0,4.395000000000209,0.0,1.0427046263345332,22.221428571428596,0.18968177434909023,2.8478571428571677,1.4800601956358546,1,1.2663934426229442,1,1,True,True,False,False
1.5,2024,1,2024-03-08 15:30:00,2024-03-08 15:35:00,True,0.5,2169.23,2178.25,2173.91,2155.9,18.009999999999764,2024-03-08 15:50:00,SL,2024-03-12 16:05:00,21.18000000000029,18.539999999999964,1.1760133259300705,1.0294280955025101,22.102142857142844,0.8148531170216101,5.122857142857096,3.515616285554922,0,0.7226787685514677,1,1,True,True,True,False
1.5,2024,-1,2024-04-02 12:31:00,2024-04-02 13:05:00,True,0.5,2260.45,2258.98,2259.715,2266.98,7.264999999999873,2024-04-02 13:28:00,SL,2024-04-02 17:03:00,6.224999999999909,14.224999999999909,0.8568479008947031,1.95801789401241,29.883571428571454,0.24311016564284754,3.9500000000001103,1.8392405063290302,0,1.2425201001713413,1,1,True,True,False,False
1.5,2024,1,2024-05-01 21:00:00,2024-05-01 21:30:00,True,0.5,2307.46,2313.43,2310.6349999999998,2295.53,15.104999999999563,2024-05-01 21:31:00,SL,2024-05-02 13:29:00,17.63500000000022,15.49499999999989,1.1674942072162018,1.0258192651440146,46.12285714285719,0.3274948894257475,6.382857142857022,2.366495076096664,0,0.46479739825964184,1,1,True,True,True,False
1.5,2024,-1,2024-05-14 15:20:00,2024-05-14 15:35:00,True,0.5,2342.43,2341.29,2341.8599999999997,2348.54,6.680000000000291,2024-05-14 15:36:00,SL,2024-05-14 15:49:00,0.4399999999995998,8.430000000000291,0.06586826347299111,1.2619760479041802,34.65500000000001,0.1927571778964158,4.502142857142774,1.4837379025861623,1,2.686858721389118,1,1,True,True,False,False
1.5,2024,1,2024-05-16 10:11:00,2024-05-16 10:25:00,True,0.5,2388.9,2389.83,2389.555,2384.79,4.764999999999873,2024-05-16 10:26:00,SL,2024-05-16 12:26:00,1.805000000000291,5.174999999999727,0.3788037775446672,1.086044071353592,34.494999999999955,0.13813596173358106,3.899285714285757,1.222018684740749,0,1.3081581759886225,1,1,True,True,True,True
1.5,2024,-1,2024-05-29 01:01:00,2024-05-29 01:45:00,True,0.5,2358.86,2358.68,2358.77,2362.57,3.800000000000182,2024-05-29 01:46:00,TP5,2024-05-29 14:53:00,20.199999999999818,2.730000000000018,5.315789473683909,0.7184210526315493,35.4021428571428,0.10733813530254956,3.8185714285714636,0.9951365506921448,0,2.316489361702087,1,-1,True,True,False,False
1.5,2024,1,2024-06-27 09:01:00,2024-06-27 09:30:00,True,0.5,2300.46,2301.59,2301.215,2296.49,4.725000000000364,2024-06-27 09:37:00,TP5,2024-06-27 15:40:00,24.375,1.8150000000000546,5.158730158729761,0.3841269841269661,33.26857142857148,0.1420259361044422,2.2721428571428857,2.079534737504064,0,2.0907715582451165,-1,1,True,True,False,False
1.5,2024,-1,2024-06-27 18:17:00,2024-06-27 18:30:00,True,0.5,2327.24,2326.91,2327.075,2331.05,3.975000000000364,2024-06-27 18:35:00,SL,2024-06-28 11:26:00,7.924999999999727,4.995000000000346,1.9937106918236482,1.2566037735848776,33.26857142857148,0.11948213672278644,5.012857142857131,0.7929609575378345,0,2.0907715582451165,1,1,True,True,False,False
1.5,2024,1,2024-07-08 16:50:00,2024-07-08 17:05:00,True,0.5,2377.08,2377.75,2377.605,2370.22,7.385000000000218,2024-07-08 17:06:00,SL,2024-07-08 18:25:00,1.8949999999999818,7.574999999999818,0.2566012186865167,1.025727826675639,27.199285714285743,0.27151448304840714,4.030000000000102,1.832506203473953,0,1.3224129784217966,-1,-1,True,True,False,False
1.5,2024,-1,2024-07-29 16:25:00,2024-07-29 16:50:00,True,0.5,2392.06,2390.62,2391.34,2396.84,5.5,2024-07-29 16:51:00,BE,2024-07-30 10:09:00,21.68000000000029,2.880000000000109,3.9418181818182347,0.5236363636363834,35.96,0.15294771968854282,4.241428571428644,1.2967329067025712,0,1.6476493011435938,-1,1,True,True,False,False
1.5,2024,1,2024-10-14 05:05:00,2024-10-14 05:35:00,True,0.5,2648.45,2650.59,2649.69,2643.11,6.579999999999927,2024-10-14 05:36:00,SL,2024-10-15 07:34:00,17.059999999999945,6.650000000000091,2.5927051671732726,1.0106382978723654,31.80285714285713,0.20689964962716517,3.827857142857056,1.7189774211606843,0,1.7547437488916644,1,1,True,True,True,True
1.5,2024,1,2024-10-17 15:31:00,2024-10-17 16:10:00,True,0.5,2681.35,2682.1,2681.895,2673.05,8.8449999999998,2024-10-17 16:14:00,TP5,2024-10-21 04:06:00,44.74499999999989,1.025000000000091,5.058790276992753,0.11588468061052731,30.934285714285675,0.28592869677657096,5.306428571428536,1.666846143491695,0,0.8152661064425714,1,1,True,True,True,False
1.5,2024,-1,2024-10-31 03:05:00,2024-10-31 03:45:00,True,0.5,2786.81,2785.97,2786.39,2790.19,3.800000000000182,2024-10-31 04:02:00,TP5,2024-10-31 15:22:00,19.559999999999945,2.769999999999982,5.147368421052371,0.7289473684210129,29.34928571428564,0.1294750419820455,2.635714285714227,1.4417344173442745,0,1.0637039540385183,1,1,True,True,False,False
1.5,2024,1,2024-11-01 12:38:00,2024-11-01 13:10:00,True,0.5,2751.82,2752.95,2752.5550000000003,2744.76,7.795000000000073,2024-11-01 13:11:00,SL,2024-11-01 16:40:00,9.664999999999509,9.25500000000011,1.2398973701089697,1.18729955099423,31.14357142857138,0.2502924244856797,3.83428571428567,2.0329731743666595,0,1.8579051383398861,1,1,True,True,True,True
1.5,2024,1,2024-11-06 03:07:00,2024-11-06 03:30:00,True,0.5,2740.11,2741.06,2740.755,2732.56,8.195000000000164,2024-11-06 03:31:00,SL,2024-11-06 05:29:00,8.875,10.365000000000236,1.0829774252592828,1.26479560707749,30.53499999999992,0.26838054691338414,3.8064285714286012,2.152936761118435,0,1.5114931427467386,-1,1,True,True,False,False
1.5,2024,-1,2024-11-12 16:38:00,2024-11-12 17:05:00,True,0.5,2609.81,2606.45,2608.13,2617.17,9.039999999999964,2024-11-12 17:09:00,SL,2024-11-13 15:30:00,15.550000000000182,10.729999999999563,1.7201327433628588,1.1869469026548238,41.89928571428566,0.2157554680441188,7.256428571428614,1.245791908652414,0,1.1169672561723043,-1,-1,True,True,True,True
1.5,2024,-1,2024-11-15 17:06:00,2024-11-15 17:25:00,True,0.5,2570.84,2569.37,2570.105,2576.21,6.105000000000018,2024-11-15 17:30:00,SL,2024-11-18 02:53:00,10.53500000000031,7.194999999999709,1.725634725634771,1.1785421785421273,43.24857142857137,0.14116073198123866,6.322857142857174,0.9655445097153167,0,1.342059883994358,-1,1,False,False,False,False
1.5,2024,1,2024-11-21 18:47:00,2024-11-21 19:45:00,True,0.5,2668.51,2669.16,2668.995,2661.28,7.714999999999691,2024-11-21 21:43:00,TP5,2024-11-22 12:12:00,39.02500000000009,1.2449999999998909,5.058327932599048,0.16137394685676484,43.5678571428571,0.17708008853183996,6.080714285714261,1.2687654175965712,0,1.2892161911628435,-1,1,True,True,False,False
1.5,2024,1,2024-11-29 10:47:00,2024-11-29 11:15:00,True,0.5,2659.81,2661.27,2660.7,2654.46,6.239999999999782,2024-11-29 11:17:00,SL,2024-11-29 16:45:00,5.140000000000327,8.819999999999709,0.8237179487180301,1.4134615384615412,44.11500000000001,0.14144848690920958,4.424285714285653,1.4103971585404933,1,0.6899295774647938,1,1,True,True,True,False
1.5,2024,-1,2024-12-06 06:27:00,2024-12-06 07:35:00,True,0.5,2641.43,2639.73,2640.58,2644.6800000000003,4.100000000000364,2024-12-06 07:36:00,SL,2024-12-06 10:58:00,5.099999999999909,4.1599999999998545,1.2439024390242577,1.014634146341338,38.13214285714285,0.10752083918704711,5.7914285714285665,0.7079427725703643,0,1.203463904176121,1,1,False,False,False,False
1.5,2024,-1,2024-12-19 11:42:00,2024-12-19 12:05:00,True,0.5,2619.27,2617.88,2618.575,2623.03,4.455000000000382,2024-12-19 12:09:00,SL,2024-12-19 12:45:00,0.0,4.675000000000182,0.0,1.0493827160493336,37.022857142857156,0.12033106960951792,4.860714285714331,0.9165319617928694,0,1.4479077711357677,1,1,True,True,False,False
1.5,2024,1,2024-12-20 15:30:00,2024-12-20 15:35:00,True,0.5,2605.13,2606.43,2605.97,2599.85,6.119999999999891,2024-12-20 15:38:00,TP5,2024-12-26 17:31:00,30.91000000000031,0.3599999999996726,5.050653594771383,0.058823529411712254,37.87857142857141,0.1615689232509872,4.3857142857142275,1.3954397394136744,0,3.5655873806558516,-1,1,True,True,False,False
1.5,2025,-1,2025-02-17 17:00:00,2025-02-17 17:55:00,True,0.5,2898.99,2898.55,2898.77,2904.3199999999997,5.549999999999727,2025-02-17 17:56:00,SL,2025-02-18 04:40:00,6.550000000000182,5.559999999999945,1.180180180180271,1.0018018018018413,42.01357142857143,0.13210017171321542,4.453571428571455,1.2461908580592738,0,1.189009661835746,1,-1,True,True,False,False
1.5,2025,-1,2025-02-24 09:50:00,2025-02-24 10:20:00,True,0.5,2942.01,2941.76,2941.885,2945.0699999999997,3.1849999999994907,2025-02-24 10:29:00,SL,2025-02-24 10:52:00,3.585000000000491,4.625,1.1255886970176026,1.4521193092623985,41.148571428571394,0.0774024441049731,5.267142857142907,0.6046921616489348,0,1.1710662824207563,-1,1,True,True,False,False
1.5,2025,1,2025-03-12 15:25:00,2025-03-12 16:45:00,True,0.5,2917.99,2919.26,2918.795,2906.05,12.74499999999989,2025-03-12 16:49:00,TP5,2025-03-13 18:33:00,63.804999999999836,0.875,5.006276971361348,0.068654374264418,41.46499999999998,0.30736765947184125,5.752857142857043,2.2154209088651795,0,0.482266278646774,1,1,True,True,True,False
1.5,2025,-1,2025-03-31 18:12:00,2025-03-31 18:35:00,True,0.5,3119.98,3119.36,3119.67,3127.37,7.699999999999818,2025-03-31 19:42:00,SL,2025-04-01 03:49:00,3.5900000000001455,8.029999999999745,0.46623376623379614,1.0428571428571345,34.4014285714285,0.22382791412316283,8.280714285714307,0.9298714741654203,0,1.2500253062050843,-1,1,True,True,False,False
1.5,2025,-1,2025-04-21 22:09:00,2025-04-21 22:30:00,True,0.5,3424.45,3422.3,3423.375,3430.69,7.315000000000055,2025-04-21 22:31:00,SL,2025-04-22 01:07:00,5.675000000000182,7.545000000000073,0.7758031442242159,1.03144224196856,77.65571428571424,0.09419783292555127,11.23214285714289,0.6512559618442001,0,2.3801058017518084,1,1,True,True,False,False
1.5,2025,-1,2025-07-01 15:41:00,2025-07-01 16:10:00,True,0.5,3352.16,3348.62,3350.39,3358.0699999999997,7.679999999999836,2025-07-01 16:37:00,SL,2025-07-02 22:55:00,22.699999999999818,7.8400000000001455,2.955729166666706,1.0208333333333741,51.02214285714285,0.15052288222200125,6.337857142857144,1.2117660317817838,0,2.245526127415883,1,1,True,True,False,False
1.5,2025,1,2025-07-04 15:46:00,2025-07-04 16:10:00,True,0.5,3335.18,3335.33,3335.425,3331.42,4.005000000000109,2025-07-04 16:11:00,SL,2025-07-04 17:39:00,2.5649999999996,4.144999999999982,0.6404494382021299,1.0349563046191932,48.87071428571422,0.08195092006606586,4.300000000000052,0.9313953488372234,0,1.5940512579355777,-1,1,True,True,False,False
1.5,2025,-1,2025-07-09 14:00:00,2025-07-09 14:30:00,True,0.5,3288.24,3287.77,3288.005,3296.1499999999996,8.144999999999527,2025-07-09 14:31:00,SL,2025-07-09 15:51:00,4.6150000000002365,8.364999999999782,0.5666052793125236,1.0270104358502476,47.670714285714276,0.1708596173152031,5.7085714285714015,1.4268018018017257,1,0.6768224299065398,-1,-1,True,True,True,False
1.5,2025,1,2025-08-19 09:45:00,2025-08-19 10:10:00,True,0.5,3338.79,3341.0,3340.065,3334.4,5.664999999999964,2025-08-19 10:13:00,SL,2025-08-19 15:56:00,5.264999999999873,5.894999999999982,0.9293909973521459,1.0406001765225101,41.57714285714298,0.13625274876305535,4.617857142857084,1.2267594740912684,1,1.704066138012488,1,-1,True,True,False,False
1.5,2025,1,2025-08-26 13:37:00,2025-08-26 14:10:00,True,0.5,3375.21,3376.19,3375.8599999999997,3367.15,8.709999999999582,2025-08-26 14:11:00,TP5,2025-08-28 21:53:00,43.80000000000018,5.559999999999491,5.028702640643202,0.6383467278989389,34.41714285714296,0.2530715590237294,5.552857142857159,1.568561872909619,0,0.42377260981911874,1,1,True,True,True,False
1.5,2025,1,2025-08-27 10:15:00,2025-08-27 10:50:00,True,0.5,3378.18,3379.73,3379.125,3373.8,5.324999999999818,2025-08-27 12:52:00,SL,2025-08-27 14:38:00,0.6649999999999636,5.434999999999945,0.12488262910797865,1.0206572769953297,35.500714285714366,0.14999698195206793,4.217857142857123,1.2624894157493278,0,2.769688768606264,-1,-1,True,True,False,False
1.5,2025,1,2025-08-27 14:38:00,2025-08-27 14:50:00,True,0.5,3375.92,3376.72,3376.4799999999996,3373.69,2.789999999999509,2025-08-27 15:02:00,TP5,2025-08-27 19:19:00,13.950000000000273,2.2099999999995816,5.000000000000978,0.7921146953404913,35.500714285714366,0.07858996800867797,4.156428571428478,0.6712493555592715,0,2.431951219512223,1,-1,True,True,False,False
1.5,2025,-1,2025-09-24 04:10:00,2025-09-24 04:25:00,True,0.5,3761.59,3759.61,3760.6000000000004,3771.92,11.319999999999709,2025-09-24 04:27:00,SL,2025-09-24 08:21:00,9.850000000000364,11.399999999999636,0.8701413427562382,1.0070671378091811,49.76071428571436,0.22748869590180965,8.150000000000059,1.3889570552146782,0,1.7920300387596888,-1,1,True,True,False,False
1.5,2025,1,2025-10-30 00:00:00,2025-10-30 00:50:00,True,0.5,3944.86,3946.23,3945.785,3916.08,29.704999999999927,2025-10-30 00:51:00,SL,2025-10-30 05:01:00,20.80500000000029,30.204999999999927,0.700387140212097,1.0168321831341525,133.90285714285707,0.22183992659923996,20.782142857142976,1.4293521223577819,0,1.1987305681895382,-1,-1,True,True,False,False
1.5,2025,-1,2025-11-11 15:36:00,2025-11-11 16:05:00,True,0.5,4141.08,4139.86,4140.469999999999,4146.82,6.350000000000364,2025-11-11 16:08:00,TP5,2025-11-11 17:22:00,33.31999999999971,0.16000000000076398,5.247244094487843,0.025196850393819654,96.57857142857142,0.06574957473560025,7.902857142857231,0.8035068691251275,0,2.215722441809398,-1,1,True,True,False,False
1.5,2023,-1,2023-01-27 15:32:00,2023-01-27 16:00:00,True,0.75,1930.5,1928.81,1930.0774999999999,1935.1299999999999,5.052500000000009,2023-01-27 16:01:00,TP5,2023-01-31 11:32:00,25.80749999999989,4.492500000000291,5.107867392379979,0.8891637803068349,23.625714285714317,0.21385596807352775,3.176428571428541,1.5906228918372118,0,1.1024705687282341,1,-1,True,True,False,False
1.5,2023,1,2023-01-31 14:09:00,2023-01-31 14:35:00,True,0.75,1903.24,1903.55,1903.4375,1900.83,2.6075000000000728,2023-01-31 14:36:00,TP5,2023-01-31 15:32:00,13.472500000000082,1.5574999999998909,5.166826462128363,0.5973154362415523,23.876428571428587,0.10920812516828012,4.071428571428571,0.640438596491246,0,1.401454797367494,-1,-1,True,True,False,False
1.5,2023,-1,2023-02-06 02:59:00,2023-02-06 03:05:00,True,0.75,1865.75,1864.92,1865.5425,1870.1399999999999,4.5974999999998545,2023-02-06 03:06:00,SL,2023-02-06 03:22:00,0.0,4.827499999999873,0.0,1.0500271886895107,28.99285714285715,0.1585735402808523,3.8621428571428686,1.1904013316071347,1,1.4421608925425728,1,-1,True,True,False,False
1.5,2023,1,2023-03-13 09:04:00,2023-03-13 09:35:00,True,0.75,1874.41,1875.94,1874.9125,1871.53,3.3824999999999363,2023-03-13 09:49:00,TP5,2023-03-13 11:36:00,16.97750000000019,0.6524999999999181,5.019216555802073,0.1929046563192699,21.138571428571417,0.16001554369128584,4.43857142857142,0.7620695204377085,0,3.168301170515665,-1,1,True,True,False,False
1.5,2023,1,2023-04-26 20:34:00,2023-04-26 21:00:00,True,0.75,1988.16,1988.35,1988.3274999999999,1983.3,5.027499999999918,2023-04-26 21:03:00,SL,2023-04-27 15:44:00,14.9525000000001,6.4874999999999545,2.974142217802157,1.2904027846842487,28.39428571428568,0.17706027369691824,6.136428571428594,0.8192876265859458,0,1.2398172820708102,-1,-1,True,True,False,False
1.5,2023,-1,2023-05-12 16:48:00,2023-05-12 17:20:00,True,0.75,2016.17,2014.84,2015.8375,2022.6699999999998,6.832499999999754,2023-05-12 20:06:00,TP5,2023-05-17 16:41:00,35.63750000000027,6.412499999999909,5.215879985364296,0.9385290889133026,29.554999999999968,0.23117915750295254,4.779999999999989,1.4293933054392824,0,1.7528237951807204,1,1,True,True,False,False
1.5,2023,1,2023-05-26 03:50:00,2023-05-26 04:00:00,True,0.75,1940.44,1940.87,1940.6675,1936.75,3.917500000000018,2023-05-26 04:04:00,BE,2023-05-26 17:44:00,16.582499999999982,0.34750000000008185,4.232929164007634,0.088704530950882,23.803571428571395,0.16457614403601,2.1114285714285512,1.8553788903924486,0,1.0022844089091894,-1,-1,True,True,False,False
1.5,2023,-1,2023-06-08 17:32:00,2023-06-08 17:45:00,True,0.75,1965.97,1965.46,1965.8425,1970.62,4.777499999999918,2023-06-08 17:46:00,SL,2023-06-09 15:31:00,5.112500000000182,7.317499999999882,1.070120355834698,1.5316588173731045,24.183571428571423,0.19755146646188046,3.7500000000000164,1.2739999999999725,0,2.7418465778594627,1,1,True,True,False,False
1.5,2023,-1,2023-06-12 22:56:00,2023-06-12 23:45:00,True,0.75,1957.08,1956.91,1957.0375,1958.87,1.8324999999999818,2023-06-12 23:55:00,SL,2023-06-13 02:00:00,0.05749999999989086,2.1725000000001273,0.031377899044961216,1.1855388813097674,24.434999999999995,0.07499488438714885,2.767857142857175,0.662064516129018,0,0.9885535900104114,-1,-1,True,True,True,False
1.5,2023,-1,2023-06-19 11:25:00,2023-06-19 12:50:00,True,0.75,1952.69,1952.31,1952.595,1958.83,6.2349999999999,2023-06-19 16:30:00,TP5,2023-06-21 16:39:00,32.12500000000023,4.274999999999864,5.152365677626422,0.6856455493183532,25.26142857142856,0.24681897868008437,2.225714285714243,2.8013478818998805,0,0.583280876243235,-1,-1,True,True,True,False
1.5,2023,1,2023-06-26 08:30:00,2023-06-26 08:35:00,True,0.75,1925.2,1926.11,1925.5475,1923.94,1.6074999999998454,2023-06-26 09:17:00,SL,2023-06-26 09:29:00,0.3625000000001819,1.637499999999818,0.22550544323497154,1.0186625194401093,22.687142857142867,0.07085510987972365,1.9442857142856838,0.8267817781042686,0,0.7634073672806038,1,1,False,False,True,False
1.5,2023,1,2023-06-27 02:36:00,2023-06-27 03:30:00,True,0.75,1922.81,1923.42,1923.1025000000002,1921.02,2.082500000000209,2023-06-27 03:43:00,BE,2023-06-27 13:16:00,7.307499999999891,1.4025000000001455,3.5090036014401713,0.6734693877551042,22.699999999999996,0.0917400881057361,1.4164285714285663,1.4702471003531536,0,1.3812909260991513,-1,1,True,True,False,False
1.5,2023,-1,2023-06-27 15:38:00,2023-06-27 15:50:00,True,0.75,1925.46,1925.12,1925.375,1930.58,5.204999999999927,2023-06-27 15:54:00,SL,2023-06-27 16:36:00,0.9250000000001819,5.414999999999964,0.17771373679158403,1.040345821325656,22.699999999999996,0.22929515418501886,2.799285714285751,1.8594029089052828,0,0.8913707215169497,-1,-1,True,True,True,False
1.5,2023,-1,2023-06-29 17:50:00,2023-06-29 18:40:00,True,0.75,1909.73,1909.06,1909.5625,1913.2099999999998,3.647499999999809,2023-06-29 18:42:00,SL,2023-06-30 15:43:00,8.912500000000136,4.4074999999998,2.4434544208363547,1.2083618917066568,20.755714285714298,0.175734737421699,4.8857142857142595,0.7465643274853451,0,1.277777777777774,-1,-1,True,True,True,True
1.5,2023,1,2023-07-05 20:54:00,2023-07-05 21:05:00,True,0.75,1920.19,1920.99,1920.5300000000002,1919.01,1.5200000000002092,2023-07-05 21:06:00,SL,2023-07-05 21:14:00,0.12999999999988177,2.0800000000001546,0.08552631578938413,1.3684210526314924,19.936428571428596,0.07624234172907779,3.9014285714285637,0.3896008787990291,0,1.2863961813842766,1,1,True,True,True,True
1.5,2023,-1,2023-07-11 04:32:00,2023-07-11 04:40:00,True,0.75,1926.26,1925.53,1926.0774999999999,1927.9899999999998,1.912499999999909,2023-07-11 05:30:00,SL,2023-07-11 05:57:00,0.33750000000009095,1.9325000000001182,0.17647058823535006,1.0104575163399792,19.781428571428574,0.0966815916805038,1.355714285714287,1.4106954689145785,1,2.6929499072355867,1,-1,True,True,False,False
1.5,2023,-1,2023-07-11 13:19:00,2023-07-11 13:50:00,True,0.75,1936.32,1935.88,1936.21,1938.6,2.3899999999998727,2023-07-11 14:12:00,SL,2023-07-12 04:42:00,6.770000000000209,2.4299999999998363,2.832635983263837,1.0167364016736258,19.781428571428574,0.12082039430923021,3.0692857142857326,0.7786828019548061,0,1.4033846153846123,1,1,False,False,False,False
1.5,2023,-1,2023-07-27 10:49:00,2023-07-27 11:35:00,True,0.75,1977.56,1977.49,1977.5425,1982.25,4.707499999999982,2023-07-27 12:16:00,TP5,2023-07-27 16:31:00,23.71250000000009,1.6874999999997726,5.03717472118963,0.35847052575672417,17.587857142857143,0.267656256345692,2.7535714285714255,1.7095979247730173,0,1.1425027563395627,1,1,True,True,False,False
1.5,2023,1,2023-07-27 12:51:00,2023-07-27 13:20:00,True,0.75,1975.93,1976.45,1976.1799999999998,1973.6,2.5799999999999272,2023-07-27 13:24:00,SL,2023-07-27 15:25:00,2.9300000000000637,3.3799999999998818,1.1356589147287388,1.3100775193798362,17.587857142857143,0.14669211712625993,2.77785714285715,0.9287734636152967,0,1.1425027563395627,1,1,True,True,True,True
1.5,2023,-1,2023-08-10 08:58:00,2023-08-10 09:10:00,True,0.75,1916.95,1916.11,1916.74,1919.29,2.5499999999999545,2023-08-10 09:12:00,SL,2023-08-10 10:03:00,1.0399999999999636,2.769999999999982,0.40784313725489496,1.0862745098039337,19.105,0.13347291285003687,1.782142857142828,1.4308617234468917,1,1.1891103548857371,-1,-1,True,True,True,True
1.5,2023,-1,2023-08-24 07:21:00,2023-08-24 07:35:00,True,0.75,1920.51,1920.17,1920.425,1921.8300000000002,1.4050000000002,2023-08-24 07:42:00,SL,2023-08-24 07:45:00,0.2749999999998636,1.4550000000001546,0.19572953736642307,1.0355871886120622,15.995714285714289,0.08783602750738054,1.5007142857142364,0.9362208472157757,0,1.2801070472792109,1,1,True,True,False,False
1.5,2023,1,2023-08-25 17:02:00,2023-08-25 17:05:00,True,0.75,1915.72,1920.18,1916.9650000000001,1911.27,5.695000000000164,2023-08-25 17:08:00,SL,2023-08-25 17:27:00,5.404999999999745,7.1550000000002,0.9490781387181019,1.2563652326602273,15.289999999999996,0.3724656638325811,2.9471428571428566,1.9323800290839144,0,0.5612194722176641,1,1,False,False,True,False
1.5,2023,1,2023-08-28 15:32:00,2023-08-28 15:45:00,True,0.75,1915.68,1916.57,1916.0325000000003,1913.38,2.6525000000001455,2023-08-28 16:22:00,SL,2023-08-28 16:34:00,0.0874999999996362,3.002500000000282,0.032987747407966596,1.1319509896324664,15.529999999999989,0.17079845460400175,1.631428571428533,1.6258756567426844,0,1.0576198169090028,-1,-1,True,True,False,False
1.5,2023,-1,2023-08-31 15:32:00,2023-08-31 15:40:00,True,0.75,1944.92,1943.7,1944.615,1947.96,3.3450000000000273,2023-08-31 15:41:00,SL,2023-09-01 15:30:00,6.294999999999845,7.7150000000001455,1.8819133034379056,2.3064275037369453,15.496428571428542,0.21585618806176757,1.7514285714285864,1.9098694942903744,0,1.2955974842767226,1,1,True,True,False,False
1.5,2023,-1,2023-09-08 15:39:00,2023-09-08 15:55:00,True,0.75,1922.55,1922.15,1922.45,1926.16,3.7100000000000364,2023-09-08 16:31:00,SL,2023-09-08 16:56:00,0.33999999999991815,3.8700000000001182,0.09164420485172906,1.0431266846361402,14.684285714285677,0.25265103609300826,1.7292857142857494,2.145394465097045,0,0.9382326420198428,-1,-1,True,True,True,False
1.5,2023,1,2023-09-28 11:31:00,2023-09-28 12:45:00,True,0.75,1874.99,1876.09,1875.415,1873.63,1.7849999999998545,2023-09-28 13:06:00,SL,2023-09-28 15:45:00,4.184999999999945,3.0149999999998727,2.344537815126211,1.6890756302521672,15.300714285714305,0.11666122029782891,1.892142857142874,0.9433748584370608,0,1.2435870256518815,-1,-1,True,True,False,False
1.5,2023,1,2023-10-04 03:11:00,2023-10-04 03:40:00,True,0.75,1823.79,1824.52,1824.1725,1821.82,2.3524999999999636,2023-10-04 03:53:00,SL,2023-10-04 04:35:00,0.15750000000002728,3.072499999999991,0.06695005313497544,1.3060573857598463,18.387857142857115,0.12793769179971076,2.023571428571472,1.162548535121736,0,1.9778320113890508,-1,-1,True,True,False,False
1.5,2023,-1,2023-10-20 02:32:00,2023-10-20 03:05:00,True,0.75,1976.18,1976.01,1976.1375,1982.4,6.2625000000000455,2023-10-20 03:06:00,SL,2023-10-20 11:14:00,4.057499999999891,6.2625000000000455,0.6479041916167443,1.0,25.38499999999999,0.24670080756352364,4.897142857142853,1.2788068844807572,0,1.5931217810267353,1,1,True,True,False,False
1.5,2023,1,2023-10-30 16:40:00,2023-10-30 17:25:00,True,0.75,1998.15,1998.96,1998.5025,1991.91,6.592499999999973,2023-10-30 17:46:00,SL,2023-10-31 05:57:00,2.1074999999998454,6.642500000000155,0.3196814562002054,1.0075843761850864,27.126428571428587,0.24302867525080857,3.8592857142857286,1.708217656857288,0,1.3163950143815863,1,-1,True,True,False,False
1.5,2023,1,2023-11-09 15:32:00,2023-11-09 15:55:00,True,0.75,1948.82,1949.39,1949.1125000000002,1944.73,4.382500000000164,2023-11-09 16:02:00,BE,2023-11-10 13:27:00,16.42749999999978,0.5625000000002274,3.74843126069576,0.12835139760415434,22.387142857142862,0.19575968349180742,2.8678571428571495,1.528144458281498,0,1.2846650998824949,-1,-1,True,True,False,False
1.5,2023,1,2023-11-27 14:29:00,2023-11-27 15:30:00,True,0.75,2014.36,2014.55,2014.5575,2011.5,3.057499999999891,2023-11-27 15:36:00,SL,2023-11-27 15:41:00,0.6525000000001455,3.8474999999998545,0.2134096484056153,1.2583810302534724,21.168571428571436,0.14443582129841565,2.2028571428571047,1.3879701686121664,0,2.0113948919449887,1,1,True,True,True,True
1.5,2023,-1,2023-11-28 02:52:00,2023-11-28 03:20:00,True,0.75,2016.2,2015.47,2016.0175,2018.28,2.2625000000000455,2023-11-28 03:40:00,SL,2023-11-28 15:42:00,4.277499999999918,5.602500000000191,1.8906077348065558,2.4762430939226867,20.879285714285725,0.10836098662379193,1.88714285714283,1.1989023467070814,0,4.527659574468074,1,1,True,True,False,False
1.5,2023,-1,2023-12-12 15:30:00,2023-12-12 15:45:00,True,0.75,1987.87,1985.27,1987.2199999999998,1996.8500000000001,9.630000000000337,2023-12-12 16:09:00,SL,2023-12-13 21:03:00,14.0799999999997,10.150000000000318,1.4620976116302395,1.053997923156798,30.71857142857144,0.31349114077106605,3.319999999999985,2.9006024096386684,0,1.4725700655933192,1,1,False,False,False,False
1.5,2024,1,2024-01-03 16:37:00,2024-01-03 17:05:00,True,0.75,2042.28,2046.84,2043.5700000000002,2031.73,11.840000000000146,2024-01-03 17:10:00,SL,2024-01-03 18:01:00,0.8599999999999,12.310000000000173,0.07263513513512579,1.0396959459459478,23.534285714285666,0.5030957873012091,5.832857142857165,2.029879990203299,0,2.157449577098296,-1,-1,True,True,False,False
1.5,2024,1,2024-01-25 08:17:00,2024-01-25 08:35:00,True,0.75,2015.93,2016.16,2016.1575000000003,2014.44,1.7175000000002,2024-01-25 08:36:00,SL,2024-01-25 09:08:00,0.39249999999969987,1.9375000000002274,0.2285298398833503,1.1280931586608451,24.387857142857133,0.07042439152975079,1.519999999999998,1.129934210526449,0,1.006012506012495,-1,-1,True,True,False,False
1.5,2024,1,2024-01-31 15:05:00,2024-01-31 15:35:00,True,0.75,2039.54,2040.1,2039.84,2035.97,3.869999999999891,2024-01-31 15:36:00,BE,2024-01-31 21:00:00,16.12000000000012,1.1899999999998272,4.165374677002732,0.3074935400516436,21.57642857142857,0.17936239944383248,2.4814285714286046,1.5595854922279144,0,1.599916475255808,1,1,True,True,True,True
1.5,2024,-1,2024-02-02 08:09:00,2024-02-02 08:25:00,True,0.75,2055.26,2054.77,2055.1375000000003,2057.0299999999997,1.8924999999994725,2024-02-02 08:28:00,SL,2024-02-02 09:24:00,0.8475000000003092,1.9024999999996908,0.4478203434613186,1.0052840158521643,21.29285714285712,0.08887957061386328,1.8349999999999065,1.0313351498635253,0,1.1883867577509075,-1,1,True,True,False,False
1.5,2024,-1,2024-02-19 01:00:00,2024-02-19 01:05:00,True,0.75,2012.78,2011.71,2012.5125,2016.46,3.947499999999991,2024-02-19 01:07:00,SL,2024-02-19 01:12:00,0.0,4.127500000000055,0.0,1.0455984800506812,22.221428571428596,0.1776438444230145,2.8478571428571677,1.3861299222472885,1,1.2663934426229442,1,1,True,True,False,False
1.5,2024,1,2024-03-08 15:30:00,2024-03-08 15:35:00,True,0.75,2169.23,2178.25,2171.655,2155.9,15.75500000000011,2024-03-08 15:50:00,SL,2024-03-12 16:05:00,23.434999999999945,16.28500000000031,1.4874642970485423,1.0336401142494571,22.102142857142844,0.7128268105872141,5.122857142857096,3.0754322364752307,0,0.7226787685514677,1,1,True,True,True,False
1.5,2024,-1,2024-04-02 12:31:00,2024-04-02 13:05:00,True,0.75,2260.45,2258.98,2260.0825,2266.98,6.897500000000036,2024-04-02 13:28:00,SL,2024-04-02 17:03:00,6.592499999999745,13.857500000000073,0.9557810801014441,2.0090612540775643,29.883571428571454,0.23081243875038943,3.9500000000001103,1.74620253164553,0,1.2425201001713413,1,1,True,True,False,False
1.5,2024,1,2024-05-01 21:00:00,2024-05-01 21:30:00,True,0.75,2307.46,2313.43,2309.1425,2295.53,13.612499999999727,2024-05-01 21:32:00,SL,2024-05-02 13:29:00,19.127500000000055,14.002500000000055,1.4051423324150918,1.0286501377410715,46.12285714285719,0.29513566251625467,6.382857142857022,2.1326656222023255,0,0.46479739825964184,1,1,True,True,True,False
1.5,2024,-1,2024-05-14 15:20:00,2024-05-14 15:35:00,True,0.75,2342.43,2341.29,2342.145,2348.54,6.394999999999982,2024-05-14 15:36:00,SL,2024-05-14 15:49:00,0.724999999999909,8.144999999999982,0.11336982017199548,1.2736512900703683,34.65500000000001,0.18453325638435955,4.502142857142774,1.4204347136284532,1,2.686858721389118,1,1,True,True,False,False
1.5,2024,1,2024-05-16 10:11:00,2024-05-16 10:25:00,True,0.75,2388.9,2389.83,2389.3225,2384.79,4.532500000000255,2024-05-16 10:26:00,SL,2024-05-16 12:26:00,2.037499999999909,4.942500000000109,0.4495311638168328,1.0904578047434819,34.494999999999955,0.13139585447167013,3.899285714285757,1.162392379556748,0,1.3081581759886225,1,1,True,True,True,True
1.5,2024,-1,2024-05-29 01:01:00,2024-05-29 01:45:00,True,0.75,2358.86,2358.68,2358.815,2362.57,3.755000000000109,2024-05-29 01:58:00,TP5,2024-05-29 14:53:00,20.24499999999989,2.6849999999999454,5.391478029294088,0.7150466045272617,35.4021428571428,0.10606702580554368,3.8185714285714636,0.983352038907614,0,2.316489361702087,1,-1,True,True,False,False
1.5,2024,1,2024-06-27 09:01:00,2024-06-27 09:30:00,True,0.75,2300.46,2301.59,2300.9325000000003,2296.49,4.442500000000564,2024-06-27 09:37:00,TP5,2024-06-27 15:39:00,23.057499999999436,1.5325000000002547,5.1902082160937555,0.34496342149691844,33.26857142857148,0.13353443833735787,2.2721428571428857,1.955202766425876,0,2.0907715582451165,-1,1,True,True,False,False
1.5,2024,-1,2024-06-27 18:17:00,2024-06-27 18:30:00,True,0.75,2327.24,2326.91,2327.1575,2331.05,3.892500000000382,2024-06-27 18:37:00,SL,2024-06-28 11:26:00,8.007499999999709,4.912500000000364,2.057161207449948,1.2620423892099888,33.26857142857148,0.11700231879080486,5.012857142857131,0.7765032772870544,0,2.0907715582451165,1,1,True,True,False,False
1.5,2024,1,2024-07-08 16:50:00,2024-07-08 17:05:00,True,0.75,2377.08,2377.75,2377.4375,2370.22,7.2175000000002,2024-07-08 17:06:00,SL,2024-07-08 18:25:00,2.0625,7.4074999999998,0.28576376861793457,1.0263249047453542,27.199285714285743,0.26535623309436357,4.030000000000102,1.7909429280397064,0,1.3224129784217966,-1,-1,True,True,False,False
1.5,2024,-1,2024-07-29 16:25:00,2024-07-29 16:50:00,True,0.75,2392.06,2390.62,2391.7,2396.84,5.140000000000327,2024-07-29 16:51:00,BE,2024-07-30 10:10:00,22.039999999999964,2.5200000000004366,4.287937743190382,0.49027237354090974,35.96,0.14293659621802912,4.241428571428644,1.21185584371848,0,1.6476493011435938,-1,1,True,True,False,False
1.5,2024,1,2024-10-17 15:31:00,2024-10-17 16:10:00,True,0.75,2681.35,2682.1,2681.7075,2673.05,8.6574999999998,2024-10-17 16:14:00,TP5,2024-10-21 03:32:00,43.3425000000002,0.837500000000091,5.0063528732314415,0.09673693329484381,30.934285714285675,0.27986746097718057,5.306428571428536,1.6315116435589987,0,0.8152661064425714,1,1,True,True,True,False
1.5,2024,-1,2024-10-31 03:05:00,2024-10-31 03:45:00,True,0.75,2786.81,2785.97,2786.6,2790.19,3.5900000000001455,2024-10-31 04:02:00,TP5,2024-10-31 15:05:00,17.980000000000018,2.5599999999999454,5.008356545960805,0.713091922005527,29.34928571428564,0.12231984229356316,2.635714285714227,1.3620596205962914,0,1.0637039540385183,1,1,True,True,False,False
1.5,2024,1,2024-11-01 12:38:00,2024-11-01 13:10:00,True,0.75,2751.82,2752.95,2752.2725,2744.76,7.512499999999818,2024-11-01 13:11:00,SL,2024-11-01 16:40:00,9.947499999999764,8.972499999999854,1.3241264559068227,1.1943427620632374,31.14357142857138,0.24122153161624185,3.83428571428567,1.9592958271236711,0,1.8579051383398861,1,1,True,True,True,True
1.5,2024,1,2024-11-06 03:07:00,2024-11-06 03:30:00,True,0.75,2740.11,2741.06,2740.5175,2732.56,7.957499999999982,2024-11-06 03:32:00,SL,2024-11-06 05:29:00,9.112500000000182,10.127500000000055,1.14514608859569,1.2726987119070157,30.53499999999992,0.2606025871950222,3.8064285714286012,2.0905423156314296,0,1.5114931427467386,-1,1,True,True,False,False
1.5,2024,-1,2024-11-12 16:38:00,2024-11-12 17:05:00,True,0.75,2609.81,2606.45,2608.97,2617.17,8.200000000000273,2024-11-12 17:11:00,SL,2024-11-13 15:30:00,16.389999999999873,9.889999999999873,1.9987804878047961,1.2060975609755542,41.89928571428566,0.1957073935798496,7.256428571428614,1.1300324835121875,0,1.1169672561723043,-1,-1,True,True,True,True
1.5,2024,-1,2024-11-15 17:06:00,2024-11-15 17:25:00,True,0.75,2570.84,2569.37,2570.4725,2576.21,5.737500000000182,2024-11-15 17:56:00,SL,2024-11-18 02:53:00,10.902500000000146,6.827499999999873,1.9002178649237125,1.1899782135075654,43.24857142857137,0.13266334148114334,6.322857142857174,0.9074220515138065,0,1.342059883994358,-1,1,False,False,False,False
1.5,2024,1,2024-11-21 18:47:00,2024-11-21 19:45:00,True,0.75,2668.51,2669.16,2668.8325,2661.28,7.552499999999782,2024-11-21 21:48:00,TP5,2024-11-22 11:41:00,37.82749999999987,1.0824999999999818,5.008606421714792,0.14333002317113713,43.5678571428571,0.17335027461266833,6.080714285714261,1.242041583460559,0,1.2892161911628435,-1,1,True,True,False,False
1.5,2024,1,2024-11-29 10:47:00,2024-11-29 11:15:00,True,0.75,2659.81,2661.27,2660.335,2654.46,5.875,2024-11-29 11:18:00,SL,2024-11-29 16:45:00,5.505000000000109,8.454999999999927,0.9370212765957633,1.4391489361702003,44.11500000000001,0.13317465714609542,4.424285714285653,1.3278979657733474,1,0.6899295774647938,1,1,True,True,True,False
1.5,2024,-1,2024-12-06 06:27:00,2024-12-06 07:35:00,True,0.75,2641.43,2639.73,2641.005,2644.6800000000003,3.675000000000182,2024-12-06 08:30:00,SL,2024-12-06 10:58:00,4.8650000000002365,3.7349999999996726,1.3238095238095227,1.0163265306121054,38.13214285714285,0.09637538634448357,5.7914285714285665,0.6345584607795091,0,1.203463904176121,1,1,False,False,False,False
1.5,2024,-1,2024-12-19 11:42:00,2024-12-19 12:05:00,True,0.75,2619.27,2617.88,2618.9225,2623.03,4.107500000000073,2024-12-19 12:09:00,SL,2024-12-19 12:45:00,0.28250000000025466,4.327499999999873,0.06877662811935475,1.053560559951259,37.022857142857156,0.11094497607655696,4.860714285714331,0.8450404114621672,0,1.4479077711357677,1,1,True,True,False,False
1.5,2025,-1,2025-02-17 17:00:00,2025-02-17 17:55:00,True,0.75,2898.99,2898.55,2898.88,2904.3199999999997,5.4399999999996,2025-02-17 17:56:00,SL,2025-02-18 04:40:00,6.660000000000309,5.449999999999818,1.2242647058824998,1.001838235294158,42.01357142857143,0.12948197011168908,4.453571428571455,1.2214915797914025,0,1.189009661835746,1,-1,True,True,False,False
1.5,2025,-1,2025-02-24 09:50:00,2025-02-24 10:20:00,True,0.75,2942.01,2941.76,2941.9475,2945.0699999999997,3.1224999999994907,2025-02-24 10:29:00,SL,2025-02-24 10:52:00,3.647500000000491,4.5625,1.1681345076064327,1.4611689351483568,41.148571428571394,0.07588355783917669,5.267142857142907,0.5928261459179883,0,1.1710662824207563,-1,1,True,True,False,False
1.5,2025,1,2025-03-12 15:25:00,2025-03-12 16:45:00,True,0.75,2917.99,2919.26,2918.4775,2906.05,12.427499999999782,2025-03-12 16:49:00,TP5,2025-03-13 18:31:00,62.852499999999964,0.5574999999998909,5.0575336954336,0.04486018909675322,41.46499999999998,0.29971059930060984,5.752857142857043,2.1602309411472556,0,0.482266278646774,1,1,True,True,True,False
1.5,2025,-1,2025-03-31 18:12:00,2025-03-31 18:35:00,True,0.75,3119.98,3119.36,3119.825,3127.37,7.545000000000073,2025-03-31 19:45:00,SL,2025-04-01 03:49:00,3.744999999999891,7.875,0.4963552021205904,1.0437375745526738,34.4014285714285,0.21932228728043116,8.280714285714307,0.9111532821530298,0,1.2500253062050843,-1,1,True,True,False,False
1.5,2025,-1,2025-04-21 22:09:00,2025-04-21 22:30:00,True,0.75,3424.45,3422.3,3423.9125,3430.69,6.7775000000001455,2025-04-21 22:32:00,SL,2025-04-22 01:07:00,6.212500000000091,7.007500000000164,0.9166359277019487,1.033935817041684,77.65571428571424,0.08727625600176796,11.23214285714289,0.6034022257551781,0,2.3801058017518084,1,1,True,True,False,False
1.5,2025,-1,2025-07-01 15:41:00,2025-07-01 16:10:00,True,0.75,3352.16,3348.62,3351.2749999999996,3358.0699999999997,6.795000000000073,2025-07-01 16:56:00,BE,2025-07-02 21:11:00,23.58499999999958,3.2750000000005457,3.4709345106695113,0.48197203826350415,51.02214285714285,0.13317747196595459,6.337857142857144,1.0721289304632142,0,2.245526127415883,1,1,True,True,False,False
1.5,2025,1,2025-07-04 15:46:00,2025-07-04 16:10:00,True,0.75,3335.18,3335.33,3335.3875,3331.42,3.9674999999997453,2025-07-04 16:11:00,SL,2025-07-04 17:39:00,2.6024999999999636,4.107499999999618,0.6559546313799951,1.03528670447382,48.87071428571422,0.08118358935382936,4.300000000000052,0.9226744186045808,0,1.5940512579355777,-1,1,True,True,False,False
1.5,2025,-1,2025-07-09 14:00:00,2025-07-09 14:30:00,True,0.75,3288.24,3287.77,3288.1225,3296.1499999999996,8.02749999999969,2025-07-09 14:31:00,SL,2025-07-09 15:51:00,4.732500000000073,8.247499999999945,0.5895359701028035,1.0274057925880116,47.670714285714276,0.16839479165105214,5.7085714285714015,1.4062187187186712,1,0.6768224299065398,-1,-1,True,True,True,False
1.5,2025,1,2025-08-19 09:45:00,2025-08-19 10:10:00,True,0.75,3338.79,3341.0,3339.5125,3334.4,5.112499999999727,2025-08-19 10:14:00,SL,2025-08-19 15:56:00,5.817500000000109,5.342499999999745,1.1378973105135295,1.0449877750611307,41.57714285714298,0.12296419736118054,4.617857142857084,1.1071152358854925,0,1.704066138012488,1,-1,True,True,False,False
1.5,2025,1,2025-08-26 13:37:00,2025-08-26 14:10:00,True,0.75,3375.21,3376.19,3375.615,3367.15,8.46499999999969,2025-08-26 14:11:00,TP5,2025-08-28 20:52:00,42.965000000000146,5.3149999999996,5.0756054341407815,0.6278795038393141,34.41714285714296,0.24595301344843787,5.552857142857159,1.5244404425005829,0,0.42377260981911874,1,1,True,True,True,False
1.5,2025,1,2025-08-27 10:15:00,2025-08-27 10:50:00,True,0.75,3378.18,3379.73,3378.7375,3373.8,4.9375,2025-08-27 12:52:00,SL,2025-08-27 14:38:00,1.0524999999997817,5.047500000000127,0.2131645569619811,1.022278481012684,35.500714285714366,0.13908170861753252,4.217857142857123,1.1706181202370927,0,2.769688768606264,-1,-1,True,True,False,False
1.5,2025,1,2025-08-27 14:38:00,2025-08-27 14:50:00,True,0.75,3375.92,3376.72,3376.2799999999997,3373.69,2.5899999999996908,2025-08-27 15:04:00,BE,2025-08-27 16:45:00,8.490000000000236,2.0099999999997635,3.2779922779927606,0.7760617760617774,35.500714285714366,0.07295627854569443,4.156428571428478,0.6231311221858822,0,2.431951219512223,1,-1,True,True,False,False
1.5,2025,-1,2025-09-24 04:10:00,2025-09-24 04:25:00,True,0.75,3761.59,3759.61,3761.0950000000003,3771.92,10.824999999999818,2025-09-24 06:20:00,SL,2025-09-24 08:21:00,2.025000000000091,10.904999999999745,0.1870669745958545,1.0073903002309403,49.76071428571436,0.21754108949974482,8.150000000000059,1.3282208588956737,0,1.7920300387596888,-1,1,True,True,False,False
1.5,2025,1,2025-10-30 00:00:00,2025-10-30 00:50:00,True,0.75,3944.86,3946.23,3945.4425,3916.08,29.362500000000182,2025-10-30 00:51:00,SL,2025-10-30 05:01:00,21.147500000000036,29.862500000000182,0.7202213707960802,1.017028522775649,133.90285714285707,0.21928210216361688,20.782142857142976,1.4128716274273938,0,1.1987305681895382,-1,-1,True,True,False,False
1.5,2023,-1,2023-01-27 15:32:00,2023-01-27 16:00:00,True,1.0,1930.5,1928.81,1930.5,1935.1299999999999,4.629999999999882,2023-01-27 16:01:00,TP5,2023-01-31 10:30:00,24.470000000000027,4.070000000000164,5.285097192224763,0.8790496760259757,23.625714285714317,0.19597291087192606,3.176428571428541,1.4576118731729024,0,1.1024705687282341,1,-1,True,True,False,False
1.5,2023,1,2023-01-31 14:09:00,2023-01-31 14:35:00,True,1.0,1903.24,1903.55,1903.36,1900.83,2.5299999999999727,2023-01-31 14:36:00,TP5,2023-01-31 15:32:00,13.550000000000182,1.4799999999997908,5.355731225296572,0.5849802371540739,23.876428571428587,0.10596224608849013,4.071428571428571,0.6214035087719232,0,1.401454797367494,-1,-1,True,True,False,False
1.5,2023,-1,2023-02-06 02:59:00,2023-02-06 03:05:00,True,1.0,1865.75,1864.92,1865.75,1870.1399999999999,4.389999999999873,2023-02-06 03:06:00,SL,2023-02-06 03:22:00,0.010000000000218279,4.619999999999891,0.002277904328068011,1.0523917995444247,28.99285714285715,0.15141660507513724,3.8621428571428686,1.1366746809690778,1,1.4421608925425728,1,-1,True,True,False,False
1.5,2023,1,2023-03-13 09:04:00,2023-03-13 09:35:00,True,1.0,1874.41,1875.94,1874.53,1871.53,3.0,2023-03-13 09:50:00,TP5,2023-03-13 11:25:00,15.220000000000027,0.2699999999999818,5.073333333333342,0.08999999999999393,21.138571428571417,0.14192065959316086,4.43857142857142,0.6758931445123927,0,3.168301170515665,-1,1,True,True,False,False
1.5,2023,1,2023-04-26 20:34:00,2023-04-26 21:00:00,True,1.0,1988.16,1988.35,1988.28,1983.3,4.980000000000018,2023-04-26 21:03:00,BE,2023-04-27 15:35:00,15.0,3.7799999999999727,3.0120481927710734,0.759036144578305,28.39428571428568,0.17538740189172958,6.136428571428594,0.811546967756955,0,1.2398172820708102,-1,-1,True,True,False,False
1.5,2023,-1,2023-05-12 16:48:00,2023-05-12 17:20:00,True,1.0,2016.17,2014.84,2016.17,2022.6699999999998,6.499999999999773,2023-05-12 20:08:00,TP5,2023-05-17 15:22:00,33.52000000000021,6.079999999999927,5.15692307692329,0.9353846153846369,29.554999999999968,0.2199289460328127,4.779999999999989,1.3598326359832194,0,1.7528237951807204,1,1,True,True,False,False
1.5,2023,1,2023-05-26 03:50:00,2023-05-26 04:00:00,True,1.0,1940.44,1940.87,1940.56,1936.75,3.8099999999999454,2023-05-26 04:04:00,BE,2023-05-26 17:45:00,16.690000000000055,1.6299999999998818,4.380577427821599,0.4278215223096864,23.803571428571395,0.16006001500374886,2.1114285714285512,1.8044654939106815,0,1.0022844089091894,-1,-1,True,True,False,False
1.5,2023,-1,2023-06-08 17:32:00,2023-06-08 17:45:00,True,1.0,1965.97,1965.46,1965.97,1970.62,4.649999999999864,2023-06-08 17:46:00,SL,2023-06-09 15:31:00,5.2400000000002365,7.189999999999827,1.1268817204301915,1.546236559139793,24.183571428571423,0.1922792923176835,3.7500000000000164,1.2399999999999582,0,2.7418465778594627,1,1,True,True,False,False
1.5,2023,-1,2023-06-12 22:56:00,2023-06-12 23:45:00,True,1.0,1957.08,1956.91,1957.08,1958.87,1.7899999999999636,2023-06-12 23:55:00,SL,2023-06-13 02:00:00,0.09999999999990905,2.130000000000109,0.055865921787659825,1.1899441340782975,24.434999999999995,0.07325557601800549,2.767857142857175,0.6467096774193342,1,0.9885535900104114,-1,-1,True,True,True,False
1.5,2023,-1,2023-06-19 11:25:00,2023-06-19 12:50:00,True,1.0,1952.69,1952.31,1952.69,1958.83,6.139999999999873,2023-06-19 16:30:00,TP5,2023-06-21 16:39:00,32.220000000000255,4.179999999999836,5.247557003257479,0.6807817589576421,25.26142857142856,0.2430583045863209,2.225714285714243,2.758664955070599,0,0.583280876243235,-1,-1,True,True,True,False
1.5,2023,1,2023-06-26 08:30:00,2023-06-26 08:35:00,True,1.0,1925.2,1926.11,1925.32,1923.94,1.3799999999998818,2023-06-26 09:18:00,SL,2023-06-26 09:29:00,0.029999999999972715,1.4099999999998545,0.0217391304347647,1.0217391304347647,22.687142857142867,0.060827403815875376,1.9442857142856838,0.7097722263041384,0,0.7634073672806038,1,1,False,False,True,False
1.5,2023,1,2023-06-27 02:36:00,2023-06-27 03:30:00,True,1.0,1922.81,1923.42,1922.95,1921.02,1.9300000000000637,2023-06-27 03:43:00,BE,2023-06-27 13:17:00,7.460000000000036,1.25,3.8652849740931554,0.6476683937823621,22.699999999999996,0.08502202643172088,1.4164285714285663,1.3625819465456879,0,1.3812909260991513,-1,1,True,True,False,False
1.5,2023,-1,2023-06-27 15:38:00,2023-06-27 15:50:00,True,1.0,1925.46,1925.12,1925.46,1930.58,5.119999999999891,2023-06-27 15:54:00,SL,2023-06-27 16:36:00,1.0100000000002183,5.329999999999927,0.19726562500004685,1.041015625000008,22.699999999999996,0.22555066079294678,2.799285714285751,1.8290380199029737,0,0.8913707215169497,-1,-1,True,True,True,False
1.5,2023,-1,2023-06-29 17:50:00,2023-06-29 18:40:00,True,1.0,1909.73,1909.06,1909.73,1913.2099999999998,3.479999999999791,2023-06-29 18:43:00,SL,2023-06-30 15:43:00,9.080000000000155,4.239999999999782,2.609195402299052,1.2183908045977117,20.755714285714298,0.16766467065867247,4.8857142857142595,0.712280701754347,0,1.277777777777774,-1,-1,True,True,True,True
1.5,2023,1,2023-07-05 20:54:00,2023-07-05 21:05:00,True,1.0,1920.19,1920.99,1920.3300000000002,1919.01,1.3200000000001637,2023-07-05 21:06:00,SL,2023-07-05 21:14:00,0.32999999999992724,1.8800000000001091,0.24999999999991387,1.4242424242423304,19.936428571428596,0.06621045465946139,3.9014285714285637,0.33833760527283646,0,1.2863961813842766,1,1,True,True,True,True
1.5,2023,-1,2023-07-11 04:32:00,2023-07-11 04:40:00,True,1.0,1926.26,1925.53,1926.26,1927.9899999999998,1.7299999999997908,2023-07-11 05:31:00,SL,2023-07-11 05:57:00,0.0,1.75,0.0,1.0115606936417407,19.781428571428574,0.08745576659203101,1.355714285714287,1.276080084299107,1,2.6929499072355867,1,-1,True,True,False,False
1.5,2023,-1,2023-07-11 13:19:00,2023-07-11 13:50:00,True,1.0,1936.32,1935.88,1936.32,1938.6,2.2799999999999727,2023-07-11 14:18:00,BE,2023-07-12 03:42:00,6.880000000000109,1.3299999999999272,3.017543859649207,0.5833333333333084,19.781428571428574,0.11525962302303609,3.0692857142857326,0.7428438445426909,0,1.4033846153846123,1,1,False,False,False,False
1.5,2023,-1,2023-07-27 10:49:00,2023-07-27 11:35:00,True,1.0,1977.56,1977.49,1977.56,1982.25,4.690000000000055,2023-07-27 12:16:00,TP5,2023-07-27 16:31:00,23.730000000000018,1.6699999999998454,5.0597014925372585,0.3560767590617966,17.587857142857143,0.26666125167526605,2.7535714285714255,1.7032425421530697,0,1.1425027563395627,1,1,True,True,False,False
1.5,2023,1,2023-07-27 12:51:00,2023-07-27 13:20:00,True,1.0,1975.93,1976.45,1976.05,1973.6,2.4500000000000455,2023-07-27 13:24:00,SL,2023-07-27 15:25:00,3.0599999999999454,3.25,1.2489795918366893,1.3265306122448732,17.587857142857143,0.1393006538602146,2.77785714285715,0.8819748007199935,0,1.1425027563395627,1,1,True,True,True,True
1.5,2023,-1,2023-08-10 08:58:00,2023-08-10 09:10:00,True,1.0,1916.95,1916.11,1916.95,1919.29,2.339999999999918,2023-08-10 09:14:00,SL,2023-08-10 10:03:00,0.8199999999999363,2.5599999999999454,0.35042735042733547,1.094017094017109,19.105,0.1224810259094435,1.782142857142828,1.313026052104184,1,1.1891103548857371,-1,-1,True,True,True,True
1.5,2023,-1,2023-08-24 07:21:00,2023-08-24 07:35:00,True,1.0,1920.51,1920.17,1920.51,1921.8300000000002,1.3200000000001637,2023-08-24 07:44:00,SL,2023-08-24 07:45:00,0.1899999999998272,1.3700000000001182,0.14393939393924518,1.0378787878787488,15.995714285714289,0.08252210413504639,1.5007142857142364,0.8795811518325988,0,1.2801070472792109,1,1,True,True,False,False
1.5,2023,1,2023-08-25 17:02:00,2023-08-25 17:05:00,True,1.0,1915.72,1920.18,1915.8500000000001,1911.27,4.580000000000155,2023-08-25 17:08:00,SL,2023-08-25 17:27:00,6.519999999999754,6.040000000000191,1.4235807860260992,1.3187772925764163,15.289999999999996,0.299542184434281,2.9471428571428566,1.554047503635535,0,0.5612194722176641,1,1,False,False,True,False
1.5,2023,1,2023-08-28 15:32:00,2023-08-28 15:45:00,True,1.0,1915.68,1916.57,1915.8100000000002,1913.38,2.4300000000000637,2023-08-28 16:22:00,SL,2023-08-28 16:34:00,0.30999999999971806,2.7800000000002,0.12757201646078598,1.144032921810752,15.529999999999989,0.15647134578236094,1.631428571428533,1.489492119089391,0,1.0576198169090028,-1,-1,True,True,False,False
1.5,2023,-1,2023-08-31 15:32:00,2023-08-31 15:40:00,True,1.0,1944.92,1943.7,1944.92,1947.96,3.0399999999999636,2023-08-31 15:41:00,SL,2023-09-01 15:30:00,6.599999999999909,7.410000000000082,2.1710526315789433,2.437500000000056,15.496428571428542,0.19617423369439765,1.7514285714285864,1.7357259380097523,0,1.2955974842767226,1,1,True,True,False,False
1.5,2023,-1,2023-09-08 15:39:00,2023-09-08 15:55:00,True,1.0,1922.55,1922.15,1922.55,1926.16,3.6100000000001273,2023-09-08 16:31:00,SL,2023-09-08 16:56:00,0.4399999999998272,3.770000000000209,0.12188365650964313,1.0443213296399103,14.684285714285677,0.24584103512015718,1.7292857142857494,2.087567121024401,0,0.9382326420198428,-1,-1,True,True,True,False
1.5,2023,1,2023-09-28 11:31:00,2023-09-28 12:45:00,True,1.0,1874.99,1876.09,1875.14,1873.63,1.509999999999991,2023-09-28 13:17:00,SL,2023-09-28 15:45:00,4.459999999999809,2.740000000000009,2.9536423841058514,1.814569536423858,15.300714285714305,0.09868820316511763,1.892142857142874,0.7980369950924758,0,1.2435870256518815,-1,-1,True,True,False,False
1.5,2023,1,2023-10-04 03:11:00,2023-10-04 03:40:00,True,1.0,1823.79,1824.52,1823.99,1821.82,2.1700000000000728,2023-10-04 03:53:00,SL,2023-10-04 04:35:00,0.33999999999991815,2.8900000000001,0.1566820276497266,1.331797235023043,18.387857142857115,0.11801266363672092,2.023571428571472,1.0723614542887527,0,1.9778320113890508,-1,-1,True,True,False,False
1.5,2023,-1,2023-10-20 02:32:00,2023-10-20 03:05:00,True,1.0,1976.18,1976.01,1976.18,1982.4,6.220000000000027,2023-10-20 03:06:00,SL,2023-10-20 11:14:00,4.099999999999909,6.220000000000027,0.6591639871382462,1.0,25.38499999999999,0.24502659050620562,4.897142857142853,1.2701283547257942,0,1.5931217810267353,1,1,True,True,False,False
1.5,2023,1,2023-10-30 16:40:00,2023-10-30 17:25:00,True,1.0,1998.15,1998.96,1998.3000000000002,1991.91,6.3900000000001,2023-10-30 17:46:00,SL,2023-10-31 05:57:00,2.309999999999718,6.440000000000282,0.3615023474177906,1.0078247261346136,27.126428571428587,0.23556363061853583,3.8592857142857286,1.6557468073292814,0,1.3163950143815863,1,-1,True,True,False,False
1.5,2023,1,2023-11-09 15:32:00,2023-11-09 15:55:00,True,1.0,1948.82,1949.39,1948.97,1944.73,4.240000000000009,2023-11-09 16:06:00,BE,2023-11-10 13:27:00,16.569999999999936,0.42000000000007276,3.908018867924505,0.09905660377360186,22.387142857142862,0.1893944228192206,2.8678571428571495,1.4784557907845577,0,1.2846650998824949,-1,-1,True,True,False,False
1.5,2023,1,2023-11-27 14:29:00,2023-11-27 15:30:00,True,1.0,2014.36,2014.55,2014.51,2011.5,3.009999999999991,2023-11-27 15:36:00,SL,2023-11-27 15:41:00,0.7000000000000455,3.7999999999999545,0.23255813953489954,1.262458471760786,21.168571428571436,0.14219192873532144,2.2028571428571047,1.3664072632944424,0,2.0113948919449887,1,1,True,True,True,True
1.5,2023,-1,2023-11-28 02:52:00,2023-11-28 03:20:00,True,1.0,2016.2,2015.47,2016.2,2018.28,2.0799999999999272,2023-11-28 03:40:00,SL,2023-11-28 15:42:00,4.460000000000036,5.420000000000073,2.1442307692308615,2.605769230769357,20.879285714285725,0.09962026615578998,1.88714285714283,1.1021953065858971,0,4.527659574468074,1,1,True,True,False,False
1.5,2023,-1,2023-12-12 15:30:00,2023-12-12 15:45:00,True,1.0,1987.87,1985.27,1987.87,1996.8500000000001,8.980000000000246,2023-12-12 16:09:00,SL,2023-12-13 21:03:00,14.72999999999979,9.500000000000227,1.6403118040088405,1.0579064587973237,30.71857142857144,0.2923313026089462,3.319999999999985,2.7048192771085198,0,1.4725700655933192,1,1,False,False,False,False
1.5,2024,1,2024-01-03 16:37:00,2024-01-03 17:05:00,True,1.0,2042.28,2046.84,2042.43,2031.73,10.700000000000045,2024-01-03 17:11:00,SL,2024-01-03 18:01:00,0.9399999999998272,11.170000000000073,0.0878504672897031,1.0439252336448621,23.534285714285666,0.4546558212941634,5.832857142857165,1.8344354641195209,0,2.157449577098296,-1,-1,True,True,False,False
1.5,2024,1,2024-01-25 08:17:00,2024-01-25 08:35:00,True,1.0,2015.93,2016.16,2016.1000000000001,2014.44,1.6600000000000819,2024-01-25 08:36:00,SL,2024-01-25 09:08:00,0.4499999999998181,1.8800000000001091,0.2710843373492746,1.1325301204819376,24.387857142857133,0.06806666080895397,1.519999999999998,1.09210526315795,0,1.006012506012495,-1,-1,True,True,False,False
1.5,2024,1,2024-01-31 15:05:00,2024-01-31 15:35:00,True,1.0,2039.54,2040.1,2039.7,2035.97,3.730000000000018,2024-01-31 15:36:00,BE,2024-01-31 21:00:00,16.25999999999999,1.0499999999999545,4.35924932975869,0.28150134048256015,21.57642857142857,0.17287383719005614,2.4814285714286046,1.5031663788140344,0,1.599916475255808,1,1,True,True,True,True
1.5,2024,-1,2024-02-02 08:09:00,2024-02-02 08:25:00,True,1.0,2055.26,2054.77,2055.26,2057.0299999999997,1.769999999999527,2024-02-02 08:28:00,SL,2024-02-02 09:24:00,0.9700000000002547,1.7799999999997453,0.5480225988703468,1.0056497175142491,21.29285714285712,0.08312646762829053,1.8349999999999065,0.9645776566755407,0,1.1883867577509075,-1,1,True,True,False,False
1.5,2024,-1,2024-02-19 01:00:00,2024-02-19 01:05:00,True,1.0,2012.78,2011.71,2012.78,2016.46,3.6800000000000637,2024-02-19 01:07:00,SL,2024-02-19 01:12:00,0.0,3.8600000000001273,0.0,1.0489130434782774,22.221428571428596,0.165605914496949,2.8478571428571677,1.2921996488588021,1,1.2663934426229442,1,1,True,True,False,False
1.5,2024,1,2024-03-08 15:30:00,2024-03-08 15:35:00,True,1.0,2169.23,2178.25,2169.4,2155.9,13.5,2024-03-08 16:06:00,SL,2024-03-12 16:05:00,25.690000000000055,14.0300000000002,1.902962962962967,1.039259259259274,22.102142857142844,0.6108005041527974,5.122857142857096,2.635248187395451,0,0.7226787685514677,1,1,True,True,True,False
1.5,2024,-1,2024-04-02 12:31:00,2024-04-02 13:05:00,True,1.0,2260.45,2258.98,2260.45,2266.98,6.5300000000002,2024-04-02 13:29:00,SL,2024-04-02 17:03:00,6.959999999999582,13.490000000000236,1.0658499234302248,2.0658499234302945,29.883571428571454,0.2185147118579313,3.9500000000001103,1.65316455696203,0,1.2425201001713413,1,1,True,True,False,False
1.5,2024,1,2024-05-01 21:00:00,2024-05-01 21:30:00,True,1.0,2307.46,2313.43,2307.65,2295.53,12.11999999999989,2024-05-01 21:32:00,SL,2024-05-02 13:29:00,20.61999999999989,12.510000000000218,1.7013201320132076,1.0321782178218095,46.12285714285719,0.2627764356067619,6.382857142857022,1.8988361683079866,0,0.46479739825964184,1,1,True,True,True,False
1.5,2024,-1,2024-05-14 15:20:00,2024-05-14 15:35:00,True,1.0,2342.43,2341.29,2342.43,2348.54,6.110000000000127,2024-05-14 15:36:00,SL,2024-05-14 15:49:00,1.0099999999997635,7.860000000000127,0.16530278232401677,1.286415711947621,34.65500000000001,0.17630933487231643,4.502142857142774,1.357131524670845,1,2.686858721389118,1,1,True,True,False,False
1.5,2024,1,2024-05-16 10:11:00,2024-05-16 10:25:00,True,1.0,2388.9,2389.83,2389.09,2384.79,4.300000000000182,2024-05-16 10:26:00,SL,2024-05-16 12:26:00,2.269999999999982,4.710000000000036,0.5279069767441595,1.0953488372092643,34.494999999999955,0.12465574720974598,3.899285714285757,1.1027660743726302,0,1.3081581759886225,1,1,True,True,True,True
1.5,2024,-1,2024-05-29 01:01:00,2024-05-29 01:45:00,True,1.0,2358.86,2358.68,2358.86,2362.57,3.7100000000000364,2024-05-29 01:59:00,TP5,2024-05-29 14:53:00,20.289999999999964,2.6399999999998727,5.469002695417727,0.7115902964959155,35.4021428571428,0.10479591630853781,3.8185714285714636,0.9715675271230833,0,2.316489361702087,1,-1,True,True,False,False
1.5,2024,1,2024-06-27 09:01:00,2024-06-27 09:30:00,True,1.0,2300.46,2301.59,2300.65,2296.49,4.160000000000309,2024-06-27 09:37:00,TP5,2024-06-27 15:39:00,23.33999999999969,1.25,5.610576923076431,0.3004807692307469,33.26857142857148,0.1250429405702599,2.2721428571428857,1.830870795347488,0,2.0907715582451165,-1,1,True,True,False,False
1.5,2024,-1,2024-06-27 18:17:00,2024-06-27 18:30:00,True,1.0,2327.24,2326.91,2327.24,2331.05,3.8100000000004,2024-06-27 18:37:00,SL,2024-06-28 11:26:00,8.08999999999969,4.830000000000382,2.123359580052189,1.267716535433038,33.26857142857148,0.11452250085882326,5.012857142857131,0.7600455970362743,0,2.0907715582451165,1,1,True,True,False,False
1.5,2024,1,2024-07-08 16:50:00,2024-07-08 17:05:00,True,1.0,2377.08,2377.75,2377.27,2370.22,7.050000000000182,2024-07-08 17:06:00,SL,2024-07-08 18:25:00,2.230000000000018,7.239999999999782,0.31631205673758306,1.0269503546098717,27.199285714285743,0.25919798314032,4.030000000000102,1.7493796526054597,0,1.3224129784217966,-1,-1,True,True,False,False
1.5,2024,-1,2024-07-29 16:25:00,2024-07-29 16:50:00,True,1.0,2392.06,2390.62,2392.06,2396.84,4.7800000000002,2024-07-29 16:51:00,BE,2024-07-30 10:10:00,22.40000000000009,2.1600000000003092,4.68619246861907,0.4518828451883303,35.96,0.13292547274750277,4.241428571428644,1.126978780734282,0,1.6476493011435938,-1,1,True,True,False,False
1.5,2024,1,2024-10-17 15:31:00,2024-10-17 16:10:00,True,1.0,2681.35,2682.1,2681.52,2673.05,8.4699999999998,2024-10-17 16:14:00,TP5,2024-10-21 02:03:00,42.74000000000024,0.650000000000091,5.04604486422683,0.07674144037781656,30.934285714285675,0.27380622517779013,5.306428571428536,1.5961771436263021,0,0.8152661064425714,1,1,True,True,True,False
1.5,2024,-1,2024-10-31 03:05:00,2024-10-31 03:45:00,True,1.0,2786.81,2785.97,2786.81,2790.19,3.380000000000109,2024-10-31 04:02:00,TP5,2024-10-31 15:05:00,18.190000000000055,2.349999999999909,5.38165680473357,0.6952662721892997,29.34928571428564,0.1151646426050808,2.635714285714227,1.2823848238483084,0,1.0637039540385183,1,1,True,True,False,False
1.5,2024,1,2024-11-01 12:38:00,2024-11-01 13:10:00,True,1.0,2751.82,2752.95,2751.9900000000002,2744.76,7.230000000000018,2024-11-01 13:12:00,SL,2024-11-01 16:40:00,10.229999999999563,8.690000000000055,1.4149377593360357,1.2019363762102397,31.14357142857138,0.23215063874681868,3.83428571428567,1.8856184798808013,0,1.8579051383398861,1,1,True,True,True,True
1.5,2024,1,2024-11-06 03:07:00,2024-11-06 03:30:00,True,1.0,2740.11,2741.06,2740.28,2732.56,7.720000000000255,2024-11-06 04:39:00,SL,2024-11-06 05:29:00,4.75,9.890000000000327,0.6152849740932439,1.2810880829015545,30.53499999999992,0.2528246274766751,3.8064285714286012,2.0281478701445432,1,1.5114931427467386,-1,1,True,True,False,False
1.5,2024,-1,2024-11-12 16:38:00,2024-11-12 17:05:00,True,1.0,2609.81,2606.45,2609.81,2617.17,7.360000000000127,2024-11-12 17:11:00,SL,2024-11-13 15:30:00,17.230000000000018,9.049999999999727,2.341032608695614,1.229619565217333,41.89928571428566,0.1756593191155695,7.256428571428614,1.0142730583718986,0,1.1169672561723043,-1,-1,True,True,True,True
1.5,2024,-1,2024-11-15 17:06:00,2024-11-15 17:25:00,True,1.0,2570.84,2569.37,2570.84,2576.21,5.369999999999891,2024-11-15 17:56:00,SL,2024-11-18 02:53:00,11.270000000000437,6.459999999999582,2.098696461825077,1.2029795158286243,43.24857142857137,0.12416595098103748,6.322857142857174,0.8492995933122244,0,1.342059883994358,-1,1,False,False,False,False
1.5,2024,1,2024-11-21 18:47:00,2024-11-21 19:45:00,True,1.0,2668.51,2669.16,2668.67,2661.28,7.389999999999873,2024-11-21 21:48:00,TP5,2024-11-22 11:40:00,37.23000000000002,0.9200000000000728,5.037889039242309,0.12449255751016083,43.5678571428571,0.1696204606934967,6.080714285714261,1.2153177493245466,0,1.2892161911628435,-1,1,True,True,False,False
1.5,2024,1,2024-11-29 10:47:00,2024-11-29 11:15:00,True,1.0,2659.81,2661.27,2659.97,2654.46,5.5099999999997635,2024-11-29 11:19:00,SL,2024-11-29 16:45:00,5.870000000000346,8.08999999999969,1.065335753176152,1.468239564428319,44.11500000000001,0.12490082738297092,4.424285714285653,1.2453987730060987,0,0.6899295774647938,1,1,True,True,True,False
1.5,2024,-1,2024-12-06 06:27:00,2024-12-06 07:35:00,True,1.0,2641.43,2639.73,2641.43,2644.6800000000003,3.2500000000004547,2024-12-06 08:31:00,SL,2024-12-06 10:58:00,5.289999999999964,3.3099999999999454,1.6276923076920689,1.018461538461379,38.13214285714285,0.08522993350193195,5.7914285714285665,0.5611741489887322,0,1.203463904176121,1,1,False,False,False,False
1.5,2024,-1,2024-12-19 11:42:00,2024-12-19 12:05:00,True,1.0,2619.27,2617.88,2619.27,2623.03,3.7600000000002183,2024-12-19 12:09:00,SL,2024-12-19 12:45:00,0.6300000000001091,3.980000000000018,0.167553191489381,1.0585106382978158,37.022857142857156,0.10155888254360827,4.860714285714331,0.7735488611315586,0,1.4479077711357677,1,1,True,True,False,False
1.5,2025,-1,2025-02-17 17:00:00,2025-02-17 17:55:00,True,1.0,2898.99,2898.55,2898.99,2904.3199999999997,5.329999999999927,2025-02-17 17:56:00,SL,2025-02-18 04:40:00,6.769999999999982,5.3400000000001455,1.270168855534723,1.0018761726079208,42.01357142857143,0.12686376851017353,4.453571428571455,1.1967923015236333,0,1.189009661835746,1,-1,True,True,False,False
1.5,2025,-1,2025-02-24 09:50:00,2025-02-24 10:20:00,True,1.0,2942.01,2941.76,2942.01,2945.0699999999997,3.0599999999994907,2025-02-24 10:29:00,SL,2025-02-24 10:52:00,3.710000000000491,4.5,1.212418300653957,1.4705882352943624,41.148571428571394,0.07436467157338027,5.267142857142907,0.5809601301870418,0,1.1710662824207563,-1,1,True,True,False,False
1.5,2025,1,2025-03-12 15:25:00,2025-03-12 16:45:00,True,1.0,2917.99,2919.26,2918.16,2906.05,12.109999999999673,2025-03-12 16:49:00,TP5,2025-03-13 18:00:00,60.57999999999993,0.23999999999978172,5.0024772914947615,0.01981833195704279,41.46499999999998,0.2920535391293785,5.752857142857043,2.1050409734293316,0,0.482266278646774,1,1,True,True,True,False
1.5,2025,-1,2025-03-31 18:12:00,2025-03-31 18:35:00,True,1.0,3119.98,3119.36,3119.98,3127.37,7.389999999999873,2025-03-31 19:45:00,SL,2025-04-01 03:49:00,3.900000000000091,7.7199999999998,0.5277401894452176,1.0446549391068922,34.4014285714285,0.21481666043768624,8.280714285714307,0.8924350901405844,0,1.2500253062050843,-1,1,True,True,False,False
1.5,2025,-1,2025-04-21 22:09:00,2025-04-21 22:30:00,True,1.0,3424.45,3422.3,3424.45,3430.69,6.2400000000002365,2025-04-21 23:41:00,SL,2025-04-22 01:07:00,0.7899999999999636,6.470000000000255,0.12660256410255347,1.0368589743589758,77.65571428571424,0.08035467907798466,11.23214285714289,0.5555484896661562,0,2.3801058017518084,1,1,True,True,False,False
1.5,2025,-1,2025-07-01 15:41:00,2025-07-01 16:10:00,True,1.0,3352.16,3348.62,3352.16,3358.0699999999997,5.9099999999998545,2025-07-01 16:58:00,BE,2025-07-02 21:16:00,24.4699999999998,2.3900000000003274,4.140439932318173,0.40439932318111443,51.02214285714285,0.11583206170989901,6.337857142857144,0.9324918291445727,0,2.245526127415883,1,1,True,True,False,False
1.5,2025,1,2025-07-04 15:46:00,2025-07-04 16:10:00,True,1.0,3335.18,3335.33,3335.35,3331.42,3.9299999999998363,2025-07-04 16:11:00,SL,2025-07-04 17:39:00,2.6399999999998727,4.069999999999709,0.6717557251908353,1.0356234096691803,48.87071428571422,0.08041625864160215,4.300000000000052,0.9139534883720438,0,1.5940512579355777,-1,1,True,True,False,False
1.5,2025,-1,2025-07-09 14:00:00,2025-07-09 14:30:00,True,1.0,3288.24,3287.77,3288.24,3296.1499999999996,7.9099999999998545,2025-07-09 14:31:00,SL,2025-07-09 15:51:00,4.849999999999909,8.13000000000011,0.6131479140328696,1.0278128950695649,47.670714285714276,0.16592996598690118,5.7085714285714015,1.3856356356356168,1,0.6768224299065398,-1,-1,True,True,True,False
1.5,2025,1,2025-08-19 09:45:00,2025-08-19 10:10:00,True,1.0,3338.79,3341.0,3338.96,3334.4,4.559999999999945,2025-08-19 10:14:00,SL,2025-08-19 15:56:00,6.369999999999891,4.789999999999964,1.3969298245613964,1.0504385964912326,41.57714285714298,0.10967564595931667,4.617857142857084,0.987470997679815,0,1.704066138012488,1,-1,True,True,False,False
1.5,2025,1,2025-08-26 13:37:00,2025-08-26 14:10:00,True,1.0,3375.21,3376.19,3375.37,3367.15,8.2199999999998,2025-08-26 15:55:00,TP5,2025-08-28 19:30:00,41.30000000000018,5.069999999999709,5.024330900243453,0.6167883211678629,34.41714285714296,0.23883446787314636,5.552857142857159,1.4803190120915468,0,0.42377260981911874,1,1,True,True,True,False
1.5,2025,1,2025-08-27 10:15:00,2025-08-27 10:50:00,True,1.0,3378.18,3379.73,3378.35,3373.8,4.549999999999727,2025-08-27 12:54:00,SL,2025-08-27 14:38:00,1.0100000000002183,4.6599999999998545,0.22197802197808325,1.0241758241758536,35.500714285714366,0.12816643528298433,4.217857142857123,1.0787468247247498,0,2.769688768606264,-1,-1,True,True,False,False
1.5,2025,1,2025-08-27 14:38:00,2025-08-27 14:50:00,True,1.0,3375.92,3376.72,3376.08,3373.69,2.3899999999998727,2025-08-27 15:04:00,BE,2025-08-27 16:45:00,8.690000000000055,1.8099999999999454,3.635983263598543,0.757322175732235,35.500714285714366,0.0673225890827109,4.156428571428478,0.575012888812493,0,2.431951219512223,1,-1,True,True,False,False
1.5,2025,-1,2025-09-24 04:10:00,2025-09-24 04:25:00,True,1.0,3761.59,3759.61,3761.59,3771.92,10.329999999999927,2025-09-24 06:29:00,SL,2025-09-24 08:21:00,1.1399999999998727,10.409999999999854,0.1103581800580717,1.0077444336882795,49.76071428571436,0.20759348309768,8.150000000000059,1.267484662576669,0,1.7920300387596888,-1,1,True,True,False,False
1.5,2025,1,2025-10-30 00:00:00,2025-10-30 00:50:00,True,1.0,3944.86,3946.23,3945.1,3916.08,29.019999999999982,2025-10-30 00:51:00,SL,2025-10-30 05:01:00,21.490000000000236,29.519999999999982,0.7405237767057288,1.0172294968986906,133.90285714285707,0.2167242777279904,20.782142857142976,1.3963911324969838,0,1.1987305681895382,-1,-1,True,True,False,False
2.0,2023,-1,2023-01-27 15:32:00,2023-01-27 16:00:00,True,0.25,1930.5,1928.81,1929.2325,1935.1299999999999,5.897499999999809,2023-01-27 16:01:00,BE,2023-01-31 17:58:00,28.282500000000255,5.337500000000091,4.795676133955264,0.9050445103858014,23.625714285714317,0.24962208247671186,3.176428571428541,1.8566449291656875,0,1.1024705687282341,1,-1,True,True,False,False
2.0,2023,1,2023-01-31 14:09:00,2023-01-31 14:35:00,True,0.25,1903.24,1903.55,1903.5924999999997,1900.83,2.762499999999818,2023-01-31 14:36:00,TP5,2023-01-31 15:48:00,14.4675000000002,1.7124999999996362,5.2371040723986075,0.6199095022623525,23.876428571428587,0.11569988332784105,4.071428571428571,0.6785087719297799,0,1.401454797367494,-1,-1,True,True,False,False
2.0,2023,-1,2023-02-06 02:59:00,2023-02-06 03:05:00,True,0.25,1865.75,1864.92,1865.1275,1870.1399999999999,5.012499999999818,2023-02-06 03:06:00,SL,2023-02-06 03:22:00,0.0,5.242499999999836,0.0,1.0458852867830477,28.99285714285715,0.17288741069228242,3.8621428571428686,1.2978546328832485,0,1.4421608925425728,1,-1,True,True,False,False
2.0,2023,1,2023-03-13 09:04:00,2023-03-13 09:35:00,True,0.25,1874.41,1875.94,1875.6775,1871.53,4.147500000000036,2023-03-13 09:49:00,TP5,2023-03-13 14:29:00,22.482500000000073,1.4175000000000182,5.420735382760669,0.34177215189873555,21.138571428571417,0.19620531188754659,4.43857142857142,0.9344222722883911,0,3.168301170515665,-1,1,True,True,False,False
2.0,2023,1,2023-04-26 20:34:00,2023-04-26 21:00:00,True,0.25,1988.16,1988.35,1988.4225,1983.3,5.122499999999945,2023-04-26 21:03:00,SL,2023-04-27 15:44:00,14.857500000000073,6.582499999999982,2.9004392386530466,1.2850170815031825,28.39428571428568,0.1804060173073036,6.136428571428594,0.8347689442439643,0,1.2398172820708102,-1,-1,True,True,False,False
2.0,2023,1,2023-05-26 03:50:00,2023-05-26 04:00:00,True,0.25,1940.44,1940.87,1940.8824999999997,1936.75,4.132499999999709,2023-05-26 04:04:00,BE,2023-05-26 17:44:00,16.36750000000029,0.5624999999997726,3.960677555959212,0.1361161524500453,23.803571428571395,0.17360840210051315,2.1114285714285512,1.9572056833557672,0,1.0022844089091894,-1,-1,True,True,False,False
2.0,2023,-1,2023-06-08 17:32:00,2023-06-08 17:45:00,True,0.25,1965.97,1965.46,1965.5875,1970.62,5.0324999999998,2023-06-08 17:46:00,SL,2023-06-09 15:31:00,4.8575000000003,7.5724999999997635,0.9652260307998993,1.5047193243914683,24.183571428571423,0.20809581475026498,3.7500000000000164,1.3419999999999408,0,2.7418465778594627,1,1,True,True,False,False
2.0,2023,-1,2023-06-19 11:25:00,2023-06-19 12:50:00,True,0.25,1952.69,1952.31,1952.405,1958.83,6.4249999999999545,2023-06-19 16:00:00,TP5,2023-06-21 16:40:00,33.17500000000018,4.464999999999918,5.163424124513684,0.6949416342412373,25.26142857142856,0.25434032686761127,2.225714285714243,2.8867137355584434,0,0.583280876243235,-1,-1,True,True,True,False
2.0,2023,1,2023-06-27 02:36:00,2023-06-27 03:30:00,True,0.25,1922.81,1923.42,1923.4075,1921.02,2.3875000000000455,2023-06-27 03:42:00,SL,2023-06-27 14:21:00,7.002500000000055,2.527499999999918,2.9329842931936843,1.058638743455443,22.699999999999996,0.10517621145374652,1.4164285714285663,1.685577407967764,0,1.3812909260991513,-1,1,True,True,False,False
2.0,2023,-1,2023-06-27 15:38:00,2023-06-27 15:50:00,True,0.25,1925.46,1925.12,1925.205,1930.58,5.375,2023-06-27 15:54:00,SL,2023-06-27 16:36:00,0.7550000000001091,5.585000000000036,0.14046511627909009,1.0390697674418672,22.699999999999996,0.23678414096916303,2.799285714285751,1.920132686909901,0,0.8913707215169497,-1,-1,True,True,True,False
2.0,2023,-1,2023-06-29 17:50:00,2023-06-29 18:40:00,True,0.25,1909.73,1909.06,1909.2275,1913.2099999999998,3.9824999999998454,2023-06-29 18:41:00,SL,2023-06-30 15:43:00,8.5775000000001,4.742499999999836,2.1537978656623813,1.1908349026993146,20.755714285714298,0.1918748709477521,4.8857142857142595,0.8151315789473411,0,1.277777777777774,-1,-1,True,True,True,True
2.0,2023,-1,2023-07-11 04:32:00,2023-07-11 04:40:00,True,0.25,1926.26,1925.53,1925.7125,1927.9899999999998,2.2774999999996908,2023-07-11 04:45:00,SL,2023-07-11 05:57:00,0.7825000000002547,2.2974999999999,0.3435784851812781,1.008781558726767,19.781428571428574,0.1151332418574264,1.355714285714287,1.6799262381451865,1,2.6929499072355867,1,-1,True,True,False,False
2.0,2023,-1,2023-07-11 13:19:00,2023-07-11 13:50:00,True,0.25,1936.32,1935.88,1935.99,1938.6,2.6099999999999,2023-07-11 14:12:00,SL,2023-07-12 04:42:00,6.550000000000182,2.6499999999998636,2.5095785440614686,1.0153256704980709,19.781428571428574,0.13194193688162995,3.0692857142857326,0.8503607167791106,0,1.4033846153846123,1,1,False,False,False,False
2.0,2023,-1,2023-07-27 10:49:00,2023-07-27 11:35:00,True,0.25,1977.56,1977.49,1977.5075,1982.25,4.742500000000064,2023-07-27 12:16:00,TP5,2023-07-27 16:32:00,25.507499999999936,1.7224999999998545,5.37849235635205,0.36320506062199925,17.587857142857143,0.26964626568655686,2.7535714285714255,1.7223086900129951,0,1.1425027563395627,1,1,True,True,False,False
2.0,2023,1,2023-07-27 12:51:00,2023-07-27 13:20:00,True,0.25,1975.93,1976.45,1976.44,1973.6,2.8400000000001455,2023-07-27 13:22:00,SL,2023-07-27 15:25:00,2.6699999999998454,3.6400000000001,0.9401408450703199,1.28169014084504,17.587857142857143,0.16147504365837648,2.77785714285715,1.0223707894060667,1,1.1425027563395627,1,1,True,True,True,True
2.0,2023,-1,2023-08-10 08:58:00,2023-08-10 09:10:00,True,0.25,1916.95,1916.11,1916.32,1919.29,2.9700000000000273,2023-08-10 09:12:00,SL,2023-08-10 10:03:00,0.6199999999998909,3.1900000000000546,0.20875420875417008,1.0740740740740826,19.105,0.15545668673122362,1.782142857142828,1.6665330661323072,0,1.1891103548857371,-1,-1,True,True,True,True
2.0,2023,1,2023-08-25 17:02:00,2023-08-25 17:05:00,True,0.25,1915.72,1920.18,1919.1950000000002,1911.27,7.925000000000182,2023-08-25 17:06:00,SL,2023-08-25 17:27:00,3.174999999999727,9.385000000000218,0.4006309148264548,1.1842271293375397,15.289999999999996,0.5183126226291814,2.9471428571428566,2.689045079980673,0,0.5612194722176641,1,1,False,False,True,False
2.0,2023,-1,2023-08-31 15:32:00,2023-08-31 15:40:00,True,0.25,1944.92,1943.7,1944.005,1947.96,3.9549999999999272,2023-08-31 15:41:00,SL,2023-09-01 15:30:00,5.684999999999945,8.325000000000045,1.4374209860935652,2.1049304677623764,15.496428571428542,0.25522009679649266,1.7514285714285864,2.2581566068514887,0,1.2955974842767226,1,1,True,True,False,False
2.0,2023,1,2023-09-28 11:31:00,2023-09-28 12:45:00,True,0.25,1874.99,1876.09,1875.9650000000001,1873.63,2.3350000000000364,2023-09-28 12:59:00,SL,2023-09-28 15:45:00,3.6349999999997635,3.5650000000000546,1.5567451820127225,1.5267665952890788,15.300714285714305,0.15260725456328122,1.892142857142874,1.2340505851264711,0,1.2435870256518815,-1,-1,True,True,False,False
2.0,2023,1,2023-10-04 03:11:00,2023-10-04 03:40:00,True,0.25,1823.79,1824.52,1824.5375000000001,1821.82,2.7175000000002,2023-10-04 03:47:00,SL,2023-10-04 04:35:00,0.08249999999975444,3.4375000000002274,0.03035878564848146,1.2649494020239096,18.387857142857115,0.14778774812571518,2.023571428571472,1.3429226967879273,0,1.9778320113890508,-1,-1,True,True,False,False
2.0,2023,-1,2023-10-20 02:32:00,2023-10-20 03:05:00,True,0.25,1976.18,1976.01,1976.0525,1982.4,6.347500000000082,2023-10-20 03:06:00,SL,2023-10-20 11:14:00,3.9724999999998545,6.347500000000082,0.6258369436785827,1.0,25.38499999999999,0.25004924167815973,4.897142857142853,1.296163943990683,0,1.5931217810267353,1,1,True,True,False,False
2.0,2023,-1,2023-11-28 02:52:00,2023-11-28 03:20:00,True,0.25,2016.2,2015.47,2015.6525000000001,2018.28,2.627499999999827,2023-11-28 03:40:00,SL,2023-11-28 15:42:00,3.9125000000001364,5.967499999999973,1.489058039962091,2.2711703139868185,20.879285714285725,0.1258424275597741,1.88714285714283,1.3923164269492094,0,4.527659574468074,1,1,True,True,False,False
2.0,2023,-1,2023-12-12 15:30:00,2023-12-12 15:45:00,True,0.25,1987.87,1985.27,1985.92,1996.8500000000001,10.930000000000064,2023-12-12 15:49:00,SL,2023-12-13 21:03:00,12.779999999999973,11.450000000000045,1.1692589204025525,1.0475754803293669,30.71857142857144,0.35581081709529094,3.319999999999985,3.292168674698829,0,1.4725700655933192,1,1,False,False,False,False
2.0,2024,1,2024-01-03 16:37:00,2024-01-03 17:05:00,True,0.25,2042.28,2046.84,2045.85,2031.73,14.11999999999989,2024-01-03 17:06:00,SL,2024-01-03 18:01:00,1.2300000000000182,14.589999999999918,0.08711048158640423,1.033286118980172,23.534285714285666,0.5999757193152813,5.832857142857165,2.420769042370778,0,2.157449577098296,-1,-1,True,True,False,False
2.0,2024,-1,2024-02-02 08:09:00,2024-02-02 08:25:00,True,0.25,2055.26,2054.77,2054.8925,2057.0299999999997,2.137499999999818,2024-02-02 08:28:00,SL,2024-02-02 09:24:00,0.6024999999999636,2.1475000000000364,0.2818713450292467,1.0046783625732019,21.29285714285712,0.10038577658503015,1.8349999999999065,1.1648501362397423,0,1.1883867577509075,-1,1,True,True,False,False
2.0,2024,-1,2024-02-12 15:20:00,2024-02-12 15:50:00,True,0.25,2020.96,2019.98,2020.225,2027.7,7.475000000000136,2024-02-12 16:01:00,SL,2024-02-13 12:45:00,8.194999999999936,7.895000000000209,1.096321070234085,1.0561872909699084,20.881428571428582,0.35797359239242615,2.458571428571434,3.0403834979663475,0,1.4809924880491734,-1,-1,True,True,True,True
2.0,2024,-1,2024-04-02 12:31:00,2024-04-02 13:05:00,True,0.25,2260.45,2258.98,2259.3475,2266.98,7.632500000000164,2024-04-02 13:20:00,SL,2024-04-02 17:03:00,5.857499999999618,14.5925000000002,0.7674418604650498,1.9118899443170503,29.883571428571454,0.25540789253532087,3.9500000000001103,1.9322784810126457,0,1.2425201001713413,1,1,True,True,False,False
2.0,2024,1,2024-05-01 21:00:00,2024-05-01 21:30:00,True,0.25,2307.46,2313.43,2312.1275,2295.53,16.597499999999854,2024-05-01 21:31:00,SL,2024-05-02 13:29:00,16.142499999999927,16.987500000000182,0.9725862328663997,1.0234975146859666,46.12285714285719,0.3598541163352501,6.382857142857022,2.6003245299910738,0,0.46479739825964184,1,1,True,True,True,False
2.0,2024,-1,2024-05-29 01:01:00,2024-05-29 01:45:00,True,0.25,2358.86,2358.68,2358.725,2362.57,3.8450000000002547,2024-05-29 01:46:00,TP5,2024-05-29 14:53:00,20.154999999999745,2.775000000000091,5.241872561768117,0.7217165149544622,35.4021428571428,0.10860924479955542,3.8185714285714636,1.0069210624766756,0,2.316489361702087,1,-1,True,True,False,False
2.0,2024,1,2024-06-27 09:01:00,2024-06-27 09:30:00,True,0.25,2300.46,2301.59,2301.4975,2296.49,5.007500000000164,2024-06-27 09:37:00,TP5,2024-06-27 17:01:00,29.262500000000273,2.0974999999998545,5.84373439840226,0.41887169246126527,33.26857142857148,0.15051743387152652,2.2721428571428857,2.203866708582251,0,2.0907715582451165,-1,1,True,True,False,False
2.0,2024,-1,2024-07-29 16:25:00,2024-07-29 16:50:00,True,0.25,2392.06,2390.62,2390.98,2396.84,5.860000000000127,2024-07-29 16:51:00,BE,2024-07-30 09:58:00,21.320000000000164,3.2400000000002365,3.638225255972645,0.5529010238908133,35.96,0.16295884315906917,4.241428571428644,1.3816099696867696,0,1.6476493011435938,-1,1,True,True,False,False
2.0,2024,1,2024-10-17 15:31:00,2024-10-17 16:10:00,True,0.25,2681.35,2682.1,2682.0825,2673.05,9.0324999999998,2024-10-17 16:11:00,TP5,2024-10-21 04:12:00,45.507500000000164,1.212500000000091,5.03819540548034,0.13423747578191175,30.934285714285675,0.2919899325759614,5.306428571428536,1.7021806434243916,0,0.8152661064425714,1,1,True,True,True,False
2.0,2024,-1,2024-10-31 03:05:00,2024-10-31 03:45:00,True,0.25,2786.81,2785.97,2786.18,2790.19,4.010000000000218,2024-10-31 03:46:00,TP5,2024-10-31 15:23:00,20.259999999999764,2.980000000000018,5.052369077306399,0.743142144638368,29.34928571428564,0.13663024167052787,2.635714285714227,1.5214092140922575,0,1.0637039540385183,1,1,True,True,False,False
2.0,2024,1,2024-11-01 12:38:00,2024-11-01 13:10:00,True,0.25,2751.82,2752.95,2752.8375,2744.76,8.077499999999873,2024-11-01 13:11:00,SL,2024-11-01 16:40:00,9.382499999999709,9.537499999999909,1.1615598885793694,1.180748994119475,31.14357142857138,0.2593633173551028,3.83428571428567,2.106650521609529,0,1.8579051383398861,1,1,True,True,True,True
2.0,2024,1,2024-11-06 03:07:00,2024-11-06 03:30:00,True,0.25,2740.11,2741.06,2740.9925000000003,2732.56,8.432500000000346,2024-11-06 03:31:00,SL,2024-11-06 05:29:00,8.637499999999818,10.602500000000418,1.0243107026385372,1.257337681589088,30.53499999999992,0.2761585066317461,3.8064285714286012,2.2153312066054403,0,1.5114931427467386,-1,1,True,True,False,False
2.0,2024,-1,2024-11-15 17:06:00,2024-11-15 17:25:00,True,0.25,2570.84,2569.37,2569.7375,2576.21,6.4724999999998545,2024-11-15 17:28:00,SL,2024-11-18 02:53:00,10.167500000000473,7.562499999999545,1.5708767864041253,1.168404789493969,43.24857142857137,0.14965812248133398,6.322857142857174,1.0236669679168269,0,1.342059883994358,-1,1,False,False,False,False
2.0,2024,-1,2024-12-19 11:42:00,2024-12-19 12:05:00,True,0.25,2619.27,2617.88,2618.2275,2623.03,4.8025000000002365,2024-12-19 12:07:00,SL,2024-12-19 12:45:00,0.28749999999990905,5.022500000000036,0.05986465382611034,1.045809474232127,37.022857142857156,0.1297171631424666,4.860714285714331,0.988023512123478,0,1.4479077711357677,1,1,True,True,False,False
2.0,2024,1,2024-12-20 15:30:00,2024-12-20 15:35:00,True,0.25,2605.13,2606.43,2606.295,2599.85,6.445000000000164,2024-12-20 15:37:00,TP5,2024-12-26 17:50:00,32.25500000000011,0.6849999999999454,5.004654771140308,0.1062839410395544,37.87857142857141,0.170148972279846,4.3857142857142275,1.4695439739414249,0,3.5655873806558516,-1,1,True,True,False,False
2.0,2025,1,2025-01-17 16:32:00,2025-01-17 16:45:00,True,0.25,2707.72,2709.68,2709.3599999999997,2702.69,6.669999999999618,2025-01-17 16:47:00,SL,2025-01-17 22:00:00,7.980000000000473,7.389999999999873,1.1964017991005893,1.107946026986551,30.64714285714282,0.21763855870972534,4.312142857142915,1.5467947656119498,0,1.512761020881669,-1,-1,False,False,False,False
2.0,2025,-1,2025-02-17 17:00:00,2025-02-17 17:55:00,True,0.25,2898.99,2898.55,2898.66,2904.3199999999997,5.6599999999998545,2025-02-17 17:56:00,SL,2025-02-18 04:40:00,6.440000000000055,5.670000000000073,1.137809187279191,1.0017667844523355,42.01357142857143,0.13471837331474176,4.453571428571455,1.270890136327145,0,1.189009661835746,1,-1,True,True,False,False
2.0,2025,-1,2025-02-24 09:50:00,2025-02-24 10:20:00,True,0.25,2942.01,2941.76,2941.8225,2945.0699999999997,3.2474999999994907,2025-02-24 10:22:00,SL,2025-02-24 10:52:00,3.522500000000491,4.6875,1.084680523479921,1.4434180138570394,41.148571428571394,0.07892133037076952,5.267142857142907,0.6165581773798813,0,1.1710662824207563,-1,1,True,True,False,False
2.0,2025,1,2025-03-12 15:25:00,2025-03-12 16:45:00,True,0.25,2917.99,2919.26,2919.1125,2906.05,13.0625,2025-03-12 16:46:00,TP5,2025-03-13 18:43:00,66.08749999999964,1.1925000000001091,5.059330143540642,0.09129186602871649,41.46499999999998,0.3150247196430726,5.752857142857043,2.2706108765831035,0,0.482266278646774,1,1,True,True,True,False
2.0,2025,-1,2025-04-21 22:09:00,2025-04-21 22:30:00,True,0.25,3424.45,3422.3,3422.8375,3430.69,7.852499999999964,2025-04-21 22:31:00,SL,2025-04-22 01:07:00,5.137500000000273,8.082499999999982,0.6542502387774972,1.0292900350206966,77.65571428571424,0.10111940984933457,11.23214285714289,0.6991096979332221,0,2.3801058017518084,1,1,True,True,False,False
2.0,2025,-1,2025-07-01 15:41:00,2025-07-01 16:10:00,True,0.25,3352.16,3348.62,3349.505,3358.0699999999997,8.5649999999996,2025-07-01 16:11:00,SL,2025-07-02 22:55:00,21.815000000000055,8.724999999999909,2.5469935785173465,1.0186806771745847,51.02214285714285,0.1678682924780479,6.337857142857144,1.3514031331003535,0,2.245526127415883,1,1,True,True,False,False
2.0,2025,1,2025-08-26 13:37:00,2025-08-26 14:10:00,True,0.25,3375.21,3376.19,3376.105,3367.15,8.954999999999927,2025-08-26 14:11:00,TP5,2025-08-28 22:52:00,45.065000000000055,5.804999999999836,5.032384142936953,0.6482412060301377,34.41714285714296,0.26019010459903413,5.552857142857159,1.6126833033187369,0,0.42377260981911874,1,1,True,True,True,False
2.0,2025,1,2025-08-27 10:15:00,2025-08-27 10:50:00,True,0.25,3378.18,3379.73,3379.5125,3373.8,5.712499999999636,2025-08-27 10:51:00,SL,2025-08-27 14:38:00,5.887500000000273,5.8224999999997635,1.030634573304271,1.0192560175054939,35.500714285714366,0.16091225528660333,4.217857142857123,1.3543607112615628,0,2.769688768606264,-1,-1,True,True,False,False
2.0,2025,1,2025-08-27 14:38:00,2025-08-27 14:50:00,True,0.25,3375.92,3376.72,3376.68,3373.69,2.9899999999997817,2025-08-27 14:59:00,TP5,2025-08-27 19:33:00,15.760000000000218,2.4099999999998545,5.270903010033902,0.8060200668896422,35.500714285714366,0.0842236574716743,4.156428571428478,0.71936758893277,0,2.431951219512223,1,-1,True,True,False,False
2.0,2025,1,2025-09-12 03:30:00,2025-09-12 03:50:00,True,0.25,3633.73,3635.9,3635.5575,3630.41,5.147500000000036,2025-09-12 03:51:00,BE,2025-09-15 03:04:00,21.052500000000236,0.8175000000001091,4.089849441476462,0.15881495871784426,46.55142857142862,0.11057662799975515,3.9407142857142907,1.3062352727931923,0,1.0713560417243735,1,-1,True,True,False,False
2.0,2025,-1,2025-09-24 04:10:00,2025-09-24 04:25:00,True,0.25,3761.59,3759.61,3760.105,3771.92,11.815000000000055,2025-09-24 04:27:00,SL,2025-09-24 08:21:00,9.355000000000018,11.894999999999982,0.7917900973338955,1.006771053745233,49.76071428571436,0.23743630230388363,8.150000000000059,1.4496932515337386,0,1.7920300387596888,-1,1,True,True,False,False
2.0,2025,1,2025-10-30 00:00:00,2025-10-30 00:50:00,True,0.25,3944.86,3946.23,3946.1274999999996,3916.08,30.047499999999673,2025-10-30 00:51:00,SL,2025-10-30 05:01:00,20.462500000000546,30.547499999999673,0.6810050752974713,1.0166403194941345,133.90285714285707,0.22439775103486304,20.782142857142976,1.44583261728817,0,1.1987305681895382,-1,-1,True,True,False,False
2.0,2025,-1,2025-11-11 15:36:00,2025-11-11 16:05:00,True,0.25,4141.08,4139.86,4140.165,4146.82,6.654999999999745,2025-11-11 16:08:00,TP5,2025-11-11 17:23:00,34.69499999999971,0.4650000000001455,5.213373403456204,0.06987227648387127,96.57857142857142,0.06890762517565005,7.902857142857231,0.8421005061460177,0,2.215722441809398,-1,1,True,True,False,False
2.0,2023,-1,2023-01-27 15:32:00,2023-01-27 16:00:00,True,0.5,1930.5,1928.81,1929.655,1935.1299999999999,5.474999999999909,2023-01-27 16:01:00,TP5,2023-01-31 13:31:00,27.935000000000173,4.915000000000191,5.102283105022948,0.8977168949772187,23.625714285714317,0.2317390252751198,3.176428571428541,1.7236339105014495,0,1.1024705687282341,1,-1,True,True,False,False
2.0,2023,1,2023-01-31 14:09:00,2023-01-31 14:35:00,True,0.5,1903.24,1903.55,1903.5149999999999,1900.83,2.6849999999999454,2023-01-31 14:36:00,TP5,2023-01-31 15:48:00,14.545000000000073,1.6349999999997635,5.417132216015035,0.6089385474859578,23.876428571428587,0.11245400424806058,4.071428571428571,0.659473684210513,0,1.401454797367494,-1,-1,True,True,False,False
2.0,2023,-1,2023-02-06 02:59:00,2023-02-06 03:05:00,True,0.5,1865.75,1864.92,1865.335,1870.1399999999999,4.804999999999836,2023-02-06 03:06:00,SL,2023-02-06 03:22:00,0.0,5.0349999999998545,0.0,1.0478668054110356,28.99285714285715,0.16573047548656736,3.8621428571428686,1.2441279822451916,1,1.4421608925425728,1,-1,True,True,False,False
2.0,2023,1,2023-03-13 09:04:00,2023-03-13 09:35:00,True,0.5,1874.41,1875.94,1875.295,1871.53,3.7650000000001,2023-03-13 09:49:00,TP5,2023-03-13 14:26:00,19.054999999999836,1.0350000000000819,5.061088977423461,0.2749003984063889,21.138571428571417,0.1781104277894216,4.43857142857142,0.8482458963630755,0,3.168301170515665,-1,1,True,True,False,False
2.0,2023,1,2023-04-26 20:34:00,2023-04-26 21:00:00,True,0.5,1988.16,1988.35,1988.375,1983.3,5.0750000000000455,2023-04-26 21:03:00,SL,2023-04-27 15:44:00,14.904999999999973,6.535000000000082,2.93694581280785,1.287684729064044,28.39428571428568,0.17873314550211492,6.136428571428594,0.8270282854149735,0,1.2398172820708102,-1,-1,True,True,False,False
2.0,2023,1,2023-05-26 03:50:00,2023-05-26 04:00:00,True,0.5,1940.44,1940.87,1940.7749999999999,1936.75,4.024999999999864,2023-05-26 04:04:00,BE,2023-05-26 17:44:00,16.475000000000136,0.45499999999992724,4.093167701863527,0.11304347826085533,23.803571428571395,0.16909227306826158,2.1114285714285512,1.906292286874108,0,1.0022844089091894,-1,-1,True,True,False,False
2.0,2023,-1,2023-06-08 17:32:00,2023-06-08 17:45:00,True,0.5,1965.97,1965.46,1965.7150000000001,1970.62,4.904999999999745,2023-06-08 17:46:00,SL,2023-06-09 15:31:00,4.985000000000355,7.444999999999709,1.016309887869646,1.517838939857308,24.183571428571423,0.20282364060606803,3.7500000000000164,1.3079999999999263,0,2.7418465778594627,1,1,True,True,False,False
2.0,2023,-1,2023-06-19 11:25:00,2023-06-19 12:50:00,True,0.5,1952.69,1952.31,1952.5,1958.83,6.329999999999927,2023-06-19 16:00:00,TP5,2023-06-21 16:39:00,32.0300000000002,4.369999999999891,5.060031595576709,0.6903633491311123,25.26142857142856,0.2505796527738478,2.225714285714243,2.844030808729162,0,0.583280876243235,-1,-1,True,True,True,False
2.0,2023,1,2023-06-27 02:36:00,2023-06-27 03:30:00,True,0.5,1922.81,1923.42,1923.255,1921.02,2.2350000000001273,2023-06-27 03:43:00,BE,2023-06-27 13:16:00,7.154999999999973,1.5550000000000637,3.201342281879,0.6957494407158725,22.699999999999996,0.09845814977974131,1.4164285714285663,1.5779122541604587,0,1.3812909260991513,-1,1,True,True,False,False
2.0,2023,-1,2023-06-27 15:38:00,2023-06-27 15:50:00,True,0.5,1925.46,1925.12,1925.29,1930.58,5.289999999999964,2023-06-27 15:54:00,SL,2023-06-27 16:36:00,0.8400000000001455,5.5,0.15879017013235375,1.0396975425330883,22.699999999999996,0.23303964757709095,2.799285714285751,1.8897677979075918,0,0.8913707215169497,-1,-1,True,True,True,False
2.0,2023,-1,2023-06-29 17:50:00,2023-06-29 18:40:00,True,0.5,1909.73,1909.06,1909.395,1913.2099999999998,3.814999999999827,2023-06-29 18:41:00,SL,2023-06-30 15:43:00,8.745000000000118,4.574999999999818,2.292267365661996,1.1992136304062977,20.755714285714298,0.18380480418472556,4.8857142857142595,0.780847953216343,0,1.277777777777774,-1,-1,True,True,True,True
2.0,2023,-1,2023-07-11 04:32:00,2023-07-11 04:40:00,True,0.5,1926.26,1925.53,1925.895,1927.9899999999998,2.0949999999998,2023-07-11 04:45:00,SL,2023-07-11 05:57:00,0.9650000000001455,2.115000000000009,0.46062052505977935,1.0095465393795757,19.781428571428574,0.1059074167689651,1.355714285714287,1.5453108535298825,1,2.6929499072355867,1,-1,True,True,False,False
2.0,2023,-1,2023-07-11 13:19:00,2023-07-11 13:50:00,True,0.5,1936.32,1935.88,1936.1,1938.6,2.5,2023-07-11 14:12:00,SL,2023-07-12 04:42:00,6.660000000000082,2.5399999999999636,2.6640000000000326,1.0159999999999854,19.781428571428574,0.12638116559543583,3.0692857142857326,0.8145217593669953,0,1.4033846153846123,1,1,False,False,False,False
2.0,2023,-1,2023-07-27 10:49:00,2023-07-27 11:35:00,True,0.5,1977.56,1977.49,1977.525,1982.25,4.724999999999909,2023-07-27 12:16:00,TP5,2023-07-27 16:31:00,23.695000000000164,1.7049999999996999,5.014814814814946,0.3608465608465043,17.587857142857143,0.26865126101611797,2.7535714285714255,1.715953307392965,0,1.1425027563395627,1,1,True,True,False,False
2.0,2023,1,2023-07-27 12:51:00,2023-07-27 13:20:00,True,0.5,1975.93,1976.45,1976.31,1973.6,2.7100000000000364,2023-07-27 13:23:00,SL,2023-07-27 15:25:00,2.7999999999999545,3.509999999999991,1.0332103321032904,1.2952029520294996,17.587857142857143,0.1540835803923182,2.77785714285715,0.9755721265106817,0,1.1425027563395627,1,1,True,True,True,True
2.0,2023,-1,2023-08-10 08:58:00,2023-08-10 09:10:00,True,0.5,1916.95,1916.11,1916.53,1919.29,2.759999999999991,2023-08-10 09:12:00,SL,2023-08-10 10:03:00,0.8299999999999272,2.980000000000018,0.30072463768113405,1.0797101449275464,19.105,0.14446479979063023,1.782142857142828,1.5486973947895994,1,1.1891103548857371,-1,-1,True,True,True,True
2.0,2023,1,2023-08-25 17:02:00,2023-08-25 17:05:00,True,0.5,1915.72,1920.18,1918.0800000000002,1911.27,6.810000000000173,2023-08-25 17:06:00,SL,2023-08-25 17:27:00,4.289999999999736,8.27000000000021,0.6299559471365092,1.2143906020558002,15.289999999999996,0.4453891432308813,2.9471428571428566,2.3107125545322935,0,0.5612194722176641,1,1,False,False,True,False
2.0,2023,-1,2023-08-31 15:32:00,2023-08-31 15:40:00,True,0.5,1944.92,1943.7,1944.31,1947.96,3.650000000000091,2023-08-31 15:41:00,SL,2023-09-01 15:30:00,5.989999999999782,8.02000000000021,1.6410958904108581,2.1972602739726055,15.496428571428542,0.23553814242913745,1.7514285714285864,2.0840130505709964,0,1.2955974842767226,1,1,True,True,False,False
2.0,2023,1,2023-09-28 11:31:00,2023-09-28 12:45:00,True,0.5,1874.99,1876.09,1875.69,1873.63,2.0599999999999454,2023-09-28 13:03:00,SL,2023-09-28 15:45:00,3.9099999999998545,3.2899999999999636,1.898058252427164,1.5970873786408013,15.300714285714305,0.13463423743055505,1.892142857142874,1.0887127217817658,0,1.2435870256518815,-1,-1,True,True,False,False
2.0,2023,1,2023-10-04 03:11:00,2023-10-04 03:40:00,True,0.5,1823.79,1824.52,1824.355,1821.82,2.535000000000082,2023-10-04 03:52:00,SL,2023-10-04 04:35:00,0.035000000000081855,3.255000000000109,0.013806706114430266,1.284023668639055,18.387857142857115,0.13786271996271296,2.023571428571472,1.2527356159548317,0,1.9778320113890508,-1,-1,True,True,False,False
2.0,2023,-1,2023-10-20 02:32:00,2023-10-20 03:05:00,True,0.5,1976.18,1976.01,1976.095,1982.4,6.305000000000064,2023-10-20 03:06:00,SL,2023-10-20 11:14:00,4.014999999999873,6.305000000000064,0.6367961934971978,1.0,25.38499999999999,0.24837502462084168,4.897142857142853,1.28748541423572,0,1.5931217810267353,1,1,True,True,False,False
2.0,2023,-1,2023-11-28 02:52:00,2023-11-28 03:20:00,True,0.5,2016.2,2015.47,2015.835,2018.28,2.4449999999999363,2023-11-28 03:40:00,SL,2023-11-28 15:42:00,4.095000000000027,5.785000000000082,1.674846625766926,2.3660531697342466,20.879285714285725,0.11710170709178301,1.88714285714283,1.2956093868281455,0,4.527659574468074,1,1,True,True,False,False
2.0,2023,-1,2023-12-12 15:30:00,2023-12-12 15:45:00,True,0.5,1987.87,1985.27,1986.57,1996.8500000000001,10.2800000000002,2023-12-12 16:04:00,SL,2023-12-13 21:03:00,13.429999999999836,10.800000000000182,1.3064202334629937,1.0505836575875458,30.71857142857144,0.3346509789331785,3.319999999999985,3.0963855421687487,0,1.4725700655933192,1,1,False,False,False,False
2.0,2024,1,2024-01-03 16:37:00,2024-01-03 17:05:00,True,0.5,2042.28,2046.84,2044.71,2031.73,12.980000000000018,2024-01-03 17:09:00,SL,2024-01-03 18:01:00,0.9800000000000182,13.450000000000045,0.07550077041602594,1.0362095531587077,23.534285714285666,0.5515357533082452,5.832857142857165,2.2253245162870385,0,2.157449577098296,-1,-1,True,True,False,False
2.0,2024,-1,2024-02-02 08:09:00,2024-02-02 08:25:00,True,0.5,2055.26,2054.77,2055.0150000000003,2057.0299999999997,2.014999999999418,2024-02-02 08:28:00,SL,2024-02-02 09:24:00,0.7250000000003638,2.024999999999636,0.3598014888340314,1.0049627791564373,21.29285714285712,0.09463267359943603,1.8349999999999065,1.0980926430515099,0,1.1883867577509075,-1,1,True,True,False,False
2.0,2024,-1,2024-04-02 12:31:00,2024-04-02 13:05:00,True,0.5,2260.45,2258.98,2259.715,2266.98,7.264999999999873,2024-04-02 13:28:00,SL,2024-04-02 17:03:00,6.224999999999909,14.224999999999909,0.8568479008947031,1.95801789401241,29.883571428571454,0.24311016564284754,3.9500000000001103,1.8392405063290302,0,1.2425201001713413,1,1,True,True,False,False
2.0,2024,1,2024-05-01 21:00:00,2024-05-01 21:30:00,True,0.5,2307.46,2313.43,2310.6349999999998,2295.53,15.104999999999563,2024-05-01 21:31:00,SL,2024-05-02 13:29:00,17.63500000000022,15.49499999999989,1.1674942072162018,1.0258192651440146,46.12285714285719,0.3274948894257475,6.382857142857022,2.366495076096664,0,0.46479739825964184,1,1,True,True,True,False
2.0,2024,-1,2024-05-29 01:01:00,2024-05-29 01:45:00,True,0.5,2358.86,2358.68,2358.77,2362.57,3.800000000000182,2024-05-29 01:46:00,TP5,2024-05-29 14:53:00,20.199999999999818,2.730000000000018,5.315789473683909,0.7184210526315493,35.4021428571428,0.10733813530254956,3.8185714285714636,0.9951365506921448,0,2.316489361702087,1,-1,True,True,False,False
2.0,2024,1,2024-06-27 09:01:00,2024-06-27 09:30:00,True,0.5,2300.46,2301.59,2301.215,2296.49,4.725000000000364,2024-06-27 09:37:00,TP5,2024-06-27 15:40:00,24.375,1.8150000000000546,5.158730158729761,0.3841269841269661,33.26857142857148,0.1420259361044422,2.2721428571428857,2.079534737504064,0,2.0907715582451165,-1,1,True,True,False,False
2.0,2024,-1,2024-07-29 16:25:00,2024-07-29 16:50:00,True,0.5,2392.06,2390.62,2391.34,2396.84,5.5,2024-07-29 16:51:00,BE,2024-07-30 10:09:00,21.68000000000029,2.880000000000109,3.9418181818182347,0.5236363636363834,35.96,0.15294771968854282,4.241428571428644,1.2967329067025712,0,1.6476493011435938,-1,1,True,True,False,False
2.0,2024,1,2024-10-17 15:31:00,2024-10-17 16:10:00,True,0.5,2681.35,2682.1,2681.895,2673.05,8.8449999999998,2024-10-17 16:14:00,TP5,2024-10-21 04:06:00,44.74499999999989,1.025000000000091,5.058790276992753,0.11588468061052731,30.934285714285675,0.28592869677657096,5.306428571428536,1.666846143491695,0,0.8152661064425714,1,1,True,True,True,False
2.0,2024,-1,2024-10-31 03:05:00,2024-10-31 03:45:00,True,0.5,2786.81,2785.97,2786.39,2790.19,3.800000000000182,2024-10-31 04:02:00,TP5,2024-10-31 15:22:00,19.559999999999945,2.769999999999982,5.147368421052371,0.7289473684210129,29.34928571428564,0.1294750419820455,2.635714285714227,1.4417344173442745,0,1.0637039540385183,1,1,True,True,False,False
2.0,2024,1,2024-11-01 12:38:00,2024-11-01 13:10:00,True,0.5,2751.82,2752.95,2752.5550000000003,2744.76,7.795000000000073,2024-11-01 13:11:00,SL,2024-11-01 16:40:00,9.664999999999509,9.25500000000011,1.2398973701089697,1.18729955099423,31.14357142857138,0.2502924244856797,3.83428571428567,2.0329731743666595,0,1.8579051383398861,1,1,True,True,True,True
2.0,2024,1,2024-11-06 03:07:00,2024-11-06 03:30:00,True,0.5,2740.11,2741.06,2740.755,2732.56,8.195000000000164,2024-11-06 03:31:00,SL,2024-11-06 05:29:00,8.875,10.365000000000236,1.0829774252592828,1.26479560707749,30.53499999999992,0.26838054691338414,3.8064285714286012,2.152936761118435,0,1.5114931427467386,-1,1,True,True,False,False
2.0,2024,-1,2024-11-15 17:06:00,2024-11-15 17:25:00,True,0.5,2570.84,2569.37,2570.105,2576.21,6.105000000000018,2024-11-15 17:30:00,SL,2024-11-18 02:53:00,10.53500000000031,7.194999999999709,1.725634725634771,1.1785421785421273,43.24857142857137,0.14116073198123866,6.322857142857174,0.9655445097153167,0,1.342059883994358,-1,1,False,False,False,False
2.0,2024,-1,2024-12-19 11:42:00,2024-12-19 12:05:00,True,0.5,2619.27,2617.88,2618.575,2623.03,4.455000000000382,2024-12-19 12:09:00,SL,2024-12-19 12:45:00,0.0,4.675000000000182,0.0,1.0493827160493336,37.022857142857156,0.12033106960951792,4.860714285714331,0.9165319617928694,0,1.4479077711357677,1,1,True,True,False,False
2.0,2024,1,2024-12-20 15:30:00,2024-12-20 15:35:00,True,0.5,2605.13,2606.43,2605.97,2599.85,6.119999999999891,2024-12-20 15:38:00,TP5,2024-12-26 17:31:00,30.91000000000031,0.3599999999996726,5.050653594771383,0.058823529411712254,37.87857142857141,0.1615689232509872,4.3857142857142275,1.3954397394136744,0,3.5655873806558516,-1,1,True,True,False,False
2.0,2025,-1,2025-02-17 17:00:00,2025-02-17 17:55:00,True,0.5,2898.99,2898.55,2898.77,2904.3199999999997,5.549999999999727,2025-02-17 17:56:00,SL,2025-02-18 04:40:00,6.550000000000182,5.559999999999945,1.180180180180271,1.0018018018018413,42.01357142857143,0.13210017171321542,4.453571428571455,1.2461908580592738,0,1.189009661835746,1,-1,True,True,False,False
2.0,2025,-1,2025-02-24 09:50:00,2025-02-24 10:20:00,True,0.5,2942.01,2941.76,2941.885,2945.0699999999997,3.1849999999994907,2025-02-24 10:29:00,SL,2025-02-24 10:52:00,3.585000000000491,4.625,1.1255886970176026,1.4521193092623985,41.148571428571394,0.0774024441049731,5.267142857142907,0.6046921616489348,0,1.1710662824207563,-1,1,True,True,False,False
2.0,2025,1,2025-03-12 15:25:00,2025-03-12 16:45:00,True,0.5,2917.99,2919.26,2918.795,2906.05,12.74499999999989,2025-03-12 16:49:00,TP5,2025-03-13 18:33:00,63.804999999999836,0.875,5.006276971361348,0.068654374264418,41.46499999999998,0.30736765947184125,5.752857142857043,2.2154209088651795,0,0.482266278646774,1,1,True,True,True,False
2.0,2025,-1,2025-04-21 22:09:00,2025-04-21 22:30:00,True,0.5,3424.45,3422.3,3423.375,3430.69,7.315000000000055,2025-04-21 22:31:00,SL,2025-04-22 01:07:00,5.675000000000182,7.545000000000073,0.7758031442242159,1.03144224196856,77.65571428571424,0.09419783292555127,11.23214285714289,0.6512559618442001,0,2.3801058017518084,1,1,True,True,False,False
2.0,2025,-1,2025-07-01 15:41:00,2025-07-01 16:10:00,True,0.5,3352.16,3348.62,3350.39,3358.0699999999997,7.679999999999836,2025-07-01 16:37:00,SL,2025-07-02 22:55:00,22.699999999999818,7.8400000000001455,2.955729166666706,1.0208333333333741,51.02214285714285,0.15052288222200125,6.337857142857144,1.2117660317817838,0,2.245526127415883,1,1,True,True,False,False
2.0,2025,1,2025-08-26 13:37:00,2025-08-26 14:10:00,True,0.5,3375.21,3376.19,3375.8599999999997,3367.15,8.709999999999582,2025-08-26 14:11:00,TP5,2025-08-28 21:53:00,43.80000000000018,5.559999999999491,5.028702640643202,0.6383467278989389,34.41714285714296,0.2530715590237294,5.552857142857159,1.568561872909619,0,0.42377260981911874,1,1,True,True,True,False
2.0,2025,1,2025-08-27 10:15:00,2025-08-27 10:50:00,True,0.5,3378.18,3379.73,3379.125,3373.8,5.324999999999818,2025-08-27 12:52:00,SL,2025-08-27 14:38:00,0.6649999999999636,5.434999999999945,0.12488262910797865,1.0206572769953297,35.500714285714366,0.14999698195206793,4.217857142857123,1.2624894157493278,0,2.769688768606264,-1,-1,True,True,False,False
2.0,2025,1,2025-08-27 14:38:00,2025-08-27 14:50:00,True,0.5,3375.92,3376.72,3376.4799999999996,3373.69,2.789999999999509,2025-08-27 15:02:00,TP5,2025-08-27 19:19:00,13.950000000000273,2.2099999999995816,5.000000000000978,0.7921146953404913,35.500714285714366,0.07858996800867797,4.156428571428478,0.6712493555592715,0,2.431951219512223,1,-1,True,True,False,False
2.0,2025,-1,2025-09-24 04:10:00,2025-09-24 04:25:00,True,0.5,3761.59,3759.61,3760.6000000000004,3771.92,11.319999999999709,2025-09-24 04:27:00,SL,2025-09-24 08:21:00,9.850000000000364,11.399999999999636,0.8701413427562382,1.0070671378091811,49.76071428571436,0.22748869590180965,8.150000000000059,1.3889570552146782,0,1.7920300387596888,-1,1,True,True,False,False
2.0,2025,1,2025-10-30 00:00:00,2025-10-30 00:50:00,True,0.5,3944.86,3946.23,3945.785,3916.08,29.704999999999927,2025-10-30 00:51:00,SL,2025-10-30 05:01:00,20.80500000000029,30.204999999999927,0.700387140212097,1.0168321831341525,133.90285714285707,0.22183992659923996,20.782142857142976,1.4293521223577819,0,1.1987305681895382,-1,-1,True,True,False,False
2.0,2025,-1,2025-11-11 15:36:00,2025-11-11 16:05:00,True,0.5,4141.08,4139.86,4140.469999999999,4146.82,6.350000000000364,2025-11-11 16:08:00,TP5,2025-11-11 17:22:00,33.31999999999971,0.16000000000076398,5.247244094487843,0.025196850393819654,96.57857142857142,0.06574957473560025,7.902857142857231,0.8035068691251275,0,2.215722441809398,-1,1,True,True,False,False
2.0,2023,-1,2023-01-27 15:32:00,2023-01-27 16:00:00,True,0.75,1930.5,1928.81,1930.0774999999999,1935.1299999999999,5.052500000000009,2023-01-27 16:01:00,TP5,2023-01-31 11:32:00,25.80749999999989,4.492500000000291,5.107867392379979,0.8891637803068349,23.625714285714317,0.21385596807352775,3.176428571428541,1.5906228918372118,0,1.1024705687282341,1,-1,True,True,False,False
2.0,2023,1,2023-01-31 14:09:00,2023-01-31 14:35:00,True,0.75,1903.24,1903.55,1903.4375,1900.83,2.6075000000000728,2023-01-31 14:36:00,TP5,2023-01-31 15:32:00,13.472500000000082,1.5574999999998909,5.166826462128363,0.5973154362415523,23.876428571428587,0.10920812516828012,4.071428571428571,0.640438596491246,0,1.401454797367494,-1,-1,True,True,False,False
2.0,2023,-1,2023-02-06 02:59:00,2023-02-06 03:05:00,True,0.75,1865.75,1864.92,1865.5425,1870.1399999999999,4.5974999999998545,2023-02-06 03:06:00,SL,2023-02-06 03:22:00,0.0,4.827499999999873,0.0,1.0500271886895107,28.99285714285715,0.1585735402808523,3.8621428571428686,1.1904013316071347,1,1.4421608925425728,1,-1,True,True,False,False
2.0,2023,1,2023-03-13 09:04:00,2023-03-13 09:35:00,True,0.75,1874.41,1875.94,1874.9125,1871.53,3.3824999999999363,2023-03-13 09:49:00,TP5,2023-03-13 11:36:00,16.97750000000019,0.6524999999999181,5.019216555802073,0.1929046563192699,21.138571428571417,0.16001554369128584,4.43857142857142,0.7620695204377085,0,3.168301170515665,-1,1,True,True,False,False
2.0,2023,1,2023-04-26 20:34:00,2023-04-26 21:00:00,True,0.75,1988.16,1988.35,1988.3274999999999,1983.3,5.027499999999918,2023-04-26 21:03:00,SL,2023-04-27 15:44:00,14.9525000000001,6.4874999999999545,2.974142217802157,1.2904027846842487,28.39428571428568,0.17706027369691824,6.136428571428594,0.8192876265859458,0,1.2398172820708102,-1,-1,True,True,False,False
2.0,2023,1,2023-05-26 03:50:00,2023-05-26 04:00:00,True,0.75,1940.44,1940.87,1940.6675,1936.75,3.917500000000018,2023-05-26 04:04:00,BE,2023-05-26 17:44:00,16.582499999999982,0.34750000000008185,4.232929164007634,0.088704530950882,23.803571428571395,0.16457614403601,2.1114285714285512,1.8553788903924486,0,1.0022844089091894,-1,-1,True,True,False,False
2.0,2023,-1,2023-06-08 17:32:00,2023-06-08 17:45:00,True,0.75,1965.97,1965.46,1965.8425,1970.62,4.777499999999918,2023-06-08 17:46:00,SL,2023-06-09 15:31:00,5.112500000000182,7.317499999999882,1.070120355834698,1.5316588173731045,24.183571428571423,0.19755146646188046,3.7500000000000164,1.2739999999999725,0,2.7418465778594627,1,1,True,True,False,False
2.0,2023,-1,2023-06-19 11:25:00,2023-06-19 12:50:00,True,0.75,1952.69,1952.31,1952.595,1958.83,6.2349999999999,2023-06-19 16:30:00,TP5,2023-06-21 16:39:00,32.12500000000023,4.274999999999864,5.152365677626422,0.6856455493183532,25.26142857142856,0.24681897868008437,2.225714285714243,2.8013478818998805,0,0.583280876243235,-1,-1,True,True,True,False
2.0,2023,1,2023-06-27 02:36:00,2023-06-27 03:30:00,True,0.75,1922.81,1923.42,1923.1025000000002,1921.02,2.082500000000209,2023-06-27 03:43:00,BE,2023-06-27 13:16:00,7.307499999999891,1.4025000000001455,3.5090036014401713,0.6734693877551042,22.699999999999996,0.0917400881057361,1.4164285714285663,1.4702471003531536,0,1.3812909260991513,-1,1,True,True,False,False
2.0,2023,-1,2023-06-27 15:38:00,2023-06-27 15:50:00,True,0.75,1925.46,1925.12,1925.375,1930.58,5.204999999999927,2023-06-27 15:54:00,SL,2023-06-27 16:36:00,0.9250000000001819,5.414999999999964,0.17771373679158403,1.040345821325656,22.699999999999996,0.22929515418501886,2.799285714285751,1.8594029089052828,0,0.8913707215169497,-1,-1,True,True,True,False
2.0,2023,-1,2023-06-29 17:50:00,2023-06-29 18:40:00,True,0.75,1909.73,1909.06,1909.5625,1913.2099999999998,3.647499999999809,2023-06-29 18:42:00,SL,2023-06-30 15:43:00,8.912500000000136,4.4074999999998,2.4434544208363547,1.2083618917066568,20.755714285714298,0.175734737421699,4.8857142857142595,0.7465643274853451,0,1.277777777777774,-1,-1,True,True,True,True
2.0,2023,-1,2023-07-11 04:32:00,2023-07-11 04:40:00,True,0.75,1926.26,1925.53,1926.0774999999999,1927.9899999999998,1.912499999999909,2023-07-11 05:30:00,SL,2023-07-11 05:57:00,0.33750000000009095,1.9325000000001182,0.17647058823535006,1.0104575163399792,19.781428571428574,0.0966815916805038,1.355714285714287,1.4106954689145785,1,2.6929499072355867,1,-1,True,True,False,False
2.0,2023,-1,2023-07-11 13:19:00,2023-07-11 13:50:00,True,0.75,1936.32,1935.88,1936.21,1938.6,2.3899999999998727,2023-07-11 14:12:00,SL,2023-07-12 04:42:00,6.770000000000209,2.4299999999998363,2.832635983263837,1.0167364016736258,19.781428571428574,0.12082039430923021,3.0692857142857326,0.7786828019548061,0,1.4033846153846123,1,1,False,False,False,False
2.0,2023,-1,2023-07-27 10:49:00,2023-07-27 11:35:00,True,0.75,1977.56,1977.49,1977.5425,1982.25,4.707499999999982,2023-07-27 12:16:00,TP5,2023-07-27 16:31:00,23.71250000000009,1.6874999999997726,5.03717472118963,0.35847052575672417,17.587857142857143,0.267656256345692,2.7535714285714255,1.7095979247730173,0,1.1425027563395627,1,1,True,True,False,False
2.0,2023,1,2023-07-27 12:51:00,2023-07-27 13:20:00,True,0.75,1975.93,1976.45,1976.1799999999998,1973.6,2.5799999999999272,2023-07-27 13:24:00,SL,2023-07-27 15:25:00,2.9300000000000637,3.3799999999998818,1.1356589147287388,1.3100775193798362,17.587857142857143,0.14669211712625993,2.77785714285715,0.9287734636152967,0,1.1425027563395627,1,1,True,True,True,True
2.0,2023,-1,2023-08-10 08:58:00,2023-08-10 09:10:00,True,0.75,1916.95,1916.11,1916.74,1919.29,2.5499999999999545,2023-08-10 09:12:00,SL,2023-08-10 10:03:00,1.0399999999999636,2.769999999999982,0.40784313725489496,1.0862745098039337,19.105,0.13347291285003687,1.782142857142828,1.4308617234468917,1,1.1891103548857371,-1,-1,True,True,True,True
2.0,2023,1,2023-08-25 17:02:00,2023-08-25 17:05:00,True,0.75,1915.72,1920.18,1916.9650000000001,1911.27,5.695000000000164,2023-08-25 17:08:00,SL,2023-08-25 17:27:00,5.404999999999745,7.1550000000002,0.9490781387181019,1.2563652326602273,15.289999999999996,0.3724656638325811,2.9471428571428566,1.9323800290839144,0,0.5612194722176641,1,1,False,False,True,False
2.0,2023,-1,2023-08-31 15:32:00,2023-08-31 15:40:00,True,0.75,1944.92,1943.7,1944.615,1947.96,3.3450000000000273,2023-08-31 15:41:00,SL,2023-09-01 15:30:00,6.294999999999845,7.7150000000001455,1.8819133034379056,2.3064275037369453,15.496428571428542,0.21585618806176757,1.7514285714285864,1.9098694942903744,0,1.2955974842767226,1,1,True,True,False,False
2.0,2023,1,2023-09-28 11:31:00,2023-09-28 12:45:00,True,0.75,1874.99,1876.09,1875.415,1873.63,1.7849999999998545,2023-09-28 13:06:00,SL,2023-09-28 15:45:00,4.184999999999945,3.0149999999998727,2.344537815126211,1.6890756302521672,15.300714285714305,0.11666122029782891,1.892142857142874,0.9433748584370608,0,1.2435870256518815,-1,-1,True,True,False,False
2.0,2023,1,2023-10-04 03:11:00,2023-10-04 03:40:00,True,0.75,1823.79,1824.52,1824.1725,1821.82,2.3524999999999636,2023-10-04 03:53:00,SL,2023-10-04 04:35:00,0.15750000000002728,3.072499999999991,0.06695005313497544,1.3060573857598463,18.387857142857115,0.12793769179971076,2.023571428571472,1.162548535121736,0,1.9778320113890508,-1,-1,True,True,False,False
2.0,2023,-1,2023-10-20 02:32:00,2023-10-20 03:05:00,True,0.75,1976.18,1976.01,1976.1375,1982.4,6.2625000000000455,2023-10-20 03:06:00,SL,2023-10-20 11:14:00,4.057499999999891,6.2625000000000455,0.6479041916167443,1.0,25.38499999999999,0.24670080756352364,4.897142857142853,1.2788068844807572,0,1.5931217810267353,1,1,True,True,False,False
2.0,2023,-1,2023-11-28 02:52:00,2023-11-28 03:20:00,True,0.75,2016.2,2015.47,2016.0175,2018.28,2.2625000000000455,2023-11-28 03:40:00,SL,2023-11-28 15:42:00,4.277499999999918,5.602500000000191,1.8906077348065558,2.4762430939226867,20.879285714285725,0.10836098662379193,1.88714285714283,1.1989023467070814,0,4.527659574468074,1,1,True,True,False,False
2.0,2023,-1,2023-12-12 15:30:00,2023-12-12 15:45:00,True,0.75,1987.87,1985.27,1987.2199999999998,1996.8500000000001,9.630000000000337,2023-12-12 16:09:00,SL,2023-12-13 21:03:00,14.0799999999997,10.150000000000318,1.4620976116302395,1.053997923156798,30.71857142857144,0.31349114077106605,3.319999999999985,2.9006024096386684,0,1.4725700655933192,1,1,False,False,False,False
2.0,2024,1,2024-01-03 16:37:00,2024-01-03 17:05:00,True,0.75,2042.28,2046.84,2043.5700000000002,2031.73,11.840000000000146,2024-01-03 17:10:00,SL,2024-01-03 18:01:00,0.8599999999999,12.310000000000173,0.07263513513512579,1.0396959459459478,23.534285714285666,0.5030957873012091,5.832857142857165,2.029879990203299,0,2.157449577098296,-1,-1,True,True,False,False
2.0,2024,-1,2024-02-02 08:09:00,2024-02-02 08:25:00,True,0.75,2055.26,2054.77,2055.1375000000003,2057.0299999999997,1.8924999999994725,2024-02-02 08:28:00,SL,2024-02-02 09:24:00,0.8475000000003092,1.9024999999996908,0.4478203434613186,1.0052840158521643,21.29285714285712,0.08887957061386328,1.8349999999999065,1.0313351498635253,0,1.1883867577509075,-1,1,True,True,False,False
2.0,2024,-1,2024-04-02 12:31:00,2024-04-02 13:05:00,True,0.75,2260.45,2258.98,2260.0825,2266.98,6.897500000000036,2024-04-02 13:28:00,SL,2024-04-02 17:03:00,6.592499999999745,13.857500000000073,0.9557810801014441,2.0090612540775643,29.883571428571454,0.23081243875038943,3.9500000000001103,1.74620253164553,0,1.2425201001713413,1,1,True,True,False,False
2.0,2024,1,2024-05-01 21:00:00,2024-05-01 21:30:00,True,0.75,2307.46,2313.43,2309.1425,2295.53,13.612499999999727,2024-05-01 21:32:00,SL,2024-05-02 13:29:00,19.127500000000055,14.002500000000055,1.4051423324150918,1.0286501377410715,46.12285714285719,0.29513566251625467,6.382857142857022,2.1326656222023255,0,0.46479739825964184,1,1,True,True,True,False
2.0,2024,-1,2024-05-29 01:01:00,2024-05-29 01:45:00,True,0.75,2358.86,2358.68,2358.815,2362.57,3.755000000000109,2024-05-29 01:58:00,TP5,2024-05-29 14:53:00,20.24499999999989,2.6849999999999454,5.391478029294088,0.7150466045272617,35.4021428571428,0.10606702580554368,3.8185714285714636,0.983352038907614,0,2.316489361702087,1,-1,True,True,False,False
2.0,2024,1,2024-06-27 09:01:00,2024-06-27 09:30:00,True,0.75,2300.46,2301.59,2300.9325000000003,2296.49,4.442500000000564,2024-06-27 09:37:00,TP5,2024-06-27 15:39:00,23.057499999999436,1.5325000000002547,5.1902082160937555,0.34496342149691844,33.26857142857148,0.13353443833735787,2.2721428571428857,1.955202766425876,0,2.0907715582451165,-1,1,True,True,False,False
2.0,2024,-1,2024-07-29 16:25:00,2024-07-29 16:50:00,True,0.75,2392.06,2390.62,2391.7,2396.84,5.140000000000327,2024-07-29 16:51:00,BE,2024-07-30 10:10:00,22.039999999999964,2.5200000000004366,4.287937743190382,0.49027237354090974,35.96,0.14293659621802912,4.241428571428644,1.21185584371848,0,1.6476493011435938,-1,1,True,True,False,False
2.0,2024,1,2024-10-17 15:31:00,2024-10-17 16:10:00,True,0.75,2681.35,2682.1,2681.7075,2673.05,8.6574999999998,2024-10-17 16:14:00,TP5,2024-10-21 03:32:00,43.3425000000002,0.837500000000091,5.0063528732314415,0.09673693329484381,30.934285714285675,0.27986746097718057,5.306428571428536,1.6315116435589987,0,0.8152661064425714,1,1,True,True,True,False
2.0,2024,-1,2024-10-31 03:05:00,2024-10-31 03:45:00,True,0.75,2786.81,2785.97,2786.6,2790.19,3.5900000000001455,2024-10-31 04:02:00,TP5,2024-10-31 15:05:00,17.980000000000018,2.5599999999999454,5.008356545960805,0.713091922005527,29.34928571428564,0.12231984229356316,2.635714285714227,1.3620596205962914,0,1.0637039540385183,1,1,True,True,False,False
2.0,2024,1,2024-11-01 12:38:00,2024-11-01 13:10:00,True,0.75,2751.82,2752.95,2752.2725,2744.76,7.512499999999818,2024-11-01 13:11:00,SL,2024-11-01 16:40:00,9.947499999999764,8.972499999999854,1.3241264559068227,1.1943427620632374,31.14357142857138,0.24122153161624185,3.83428571428567,1.9592958271236711,0,1.8579051383398861,1,1,True,True,True,True
2.0,2024,1,2024-11-06 03:07:00,2024-11-06 03:30:00,True,0.75,2740.11,2741.06,2740.5175,2732.56,7.957499999999982,2024-11-06 03:32:00,SL,2024-11-06 05:29:00,9.112500000000182,10.127500000000055,1.14514608859569,1.2726987119070157,30.53499999999992,0.2606025871950222,3.8064285714286012,2.0905423156314296,0,1.5114931427467386,-1,1,True,True,False,False
2.0,2024,-1,2024-11-15 17:06:00,2024-11-15 17:25:00,True,0.75,2570.84,2569.37,2570.4725,2576.21,5.737500000000182,2024-11-15 17:56:00,SL,2024-11-18 02:53:00,10.902500000000146,6.827499999999873,1.9002178649237125,1.1899782135075654,43.24857142857137,0.13266334148114334,6.322857142857174,0.9074220515138065,0,1.342059883994358,-1,1,False,False,False,False
2.0,2024,-1,2024-12-19 11:42:00,2024-12-19 12:05:00,True,0.75,2619.27,2617.88,2618.9225,2623.03,4.107500000000073,2024-12-19 12:09:00,SL,2024-12-19 12:45:00,0.28250000000025466,4.327499999999873,0.06877662811935475,1.053560559951259,37.022857142857156,0.11094497607655696,4.860714285714331,0.8450404114621672,0,1.4479077711357677,1,1,True,True,False,False
2.0,2025,-1,2025-02-17 17:00:00,2025-02-17 17:55:00,True,0.75,2898.99,2898.55,2898.88,2904.3199999999997,5.4399999999996,2025-02-17 17:56:00,SL,2025-02-18 04:40:00,6.660000000000309,5.449999999999818,1.2242647058824998,1.001838235294158,42.01357142857143,0.12948197011168908,4.453571428571455,1.2214915797914025,0,1.189009661835746,1,-1,True,True,False,False
2.0,2025,-1,2025-02-24 09:50:00,2025-02-24 10:20:00,True,0.75,2942.01,2941.76,2941.9475,2945.0699999999997,3.1224999999994907,2025-02-24 10:29:00,SL,2025-02-24 10:52:00,3.647500000000491,4.5625,1.1681345076064327,1.4611689351483568,41.148571428571394,0.07588355783917669,5.267142857142907,0.5928261459179883,0,1.1710662824207563,-1,1,True,True,False,False
2.0,2025,1,2025-03-12 15:25:00,2025-03-12 16:45:00,True,0.75,2917.99,2919.26,2918.4775,2906.05,12.427499999999782,2025-03-12 16:49:00,TP5,2025-03-13 18:31:00,62.852499999999964,0.5574999999998909,5.0575336954336,0.04486018909675322,41.46499999999998,0.29971059930060984,5.752857142857043,2.1602309411472556,0,0.482266278646774,1,1,True,True,True,False
2.0,2025,-1,2025-04-21 22:09:00,2025-04-21 22:30:00,True,0.75,3424.45,3422.3,3423.9125,3430.69,6.7775000000001455,2025-04-21 22:32:00,SL,2025-04-22 01:07:00,6.212500000000091,7.007500000000164,0.9166359277019487,1.033935817041684,77.65571428571424,0.08727625600176796,11.23214285714289,0.6034022257551781,0,2.3801058017518084,1,1,True,True,False,False
2.0,2025,-1,2025-07-01 15:41:00,2025-07-01 16:10:00,True,0.75,3352.16,3348.62,3351.2749999999996,3358.0699999999997,6.795000000000073,2025-07-01 16:56:00,BE,2025-07-02 21:11:00,23.58499999999958,3.2750000000005457,3.4709345106695113,0.48197203826350415,51.02214285714285,0.13317747196595459,6.337857142857144,1.0721289304632142,0,2.245526127415883,1,1,True,True,False,False
2.0,2025,1,2025-08-26 13:37:00,2025-08-26 14:10:00,True,0.75,3375.21,3376.19,3375.615,3367.15,8.46499999999969,2025-08-26 14:11:00,TP5,2025-08-28 20:52:00,42.965000000000146,5.3149999999996,5.0756054341407815,0.6278795038393141,34.41714285714296,0.24595301344843787,5.552857142857159,1.5244404425005829,0,0.42377260981911874,1,1,True,True,True,False
2.0,2025,1,2025-08-27 10:15:00,2025-08-27 10:50:00,True,0.75,3378.18,3379.73,3378.7375,3373.8,4.9375,2025-08-27 12:52:00,SL,2025-08-27 14:38:00,1.0524999999997817,5.047500000000127,0.2131645569619811,1.022278481012684,35.500714285714366,0.13908170861753252,4.217857142857123,1.1706181202370927,0,2.769688768606264,-1,-1,True,True,False,False
2.0,2025,1,2025-08-27 14:38:00,2025-08-27 14:50:00,True,0.75,3375.92,3376.72,3376.2799999999997,3373.69,2.5899999999996908,2025-08-27 15:04:00,BE,2025-08-27 16:45:00,8.490000000000236,2.0099999999997635,3.2779922779927606,0.7760617760617774,35.500714285714366,0.07295627854569443,4.156428571428478,0.6231311221858822,0,2.431951219512223,1,-1,True,True,False,False
2.0,2025,-1,2025-09-24 04:10:00,2025-09-24 04:25:00,True,0.75,3761.59,3759.61,3761.0950000000003,3771.92,10.824999999999818,2025-09-24 06:20:00,SL,2025-09-24 08:21:00,2.025000000000091,10.904999999999745,0.1870669745958545,1.0073903002309403,49.76071428571436,0.21754108949974482,8.150000000000059,1.3282208588956737,0,1.7920300387596888,-1,1,True,True,False,False
2.0,2025,1,2025-10-30 00:00:00,2025-10-30 00:50:00,True,0.75,3944.86,3946.23,3945.4425,3916.08,29.362500000000182,2025-10-30 00:51:00,SL,2025-10-30 05:01:00,21.147500000000036,29.862500000000182,0.7202213707960802,1.017028522775649,133.90285714285707,0.21928210216361688,20.782142857142976,1.4128716274273938,0,1.1987305681895382,-1,-1,True,True,False,False
2.0,2023,-1,2023-01-27 15:32:00,2023-01-27 16:00:00,True,1.0,1930.5,1928.81,1930.5,1935.1299999999999,4.629999999999882,2023-01-27 16:01:00,TP5,2023-01-31 10:30:00,24.470000000000027,4.070000000000164,5.285097192224763,0.8790496760259757,23.625714285714317,0.19597291087192606,3.176428571428541,1.4576118731729024,0,1.1024705687282341,1,-1,True,True,False,False
2.0,2023,1,2023-01-31 14:09:00,2023-01-31 14:35:00,True,1.0,1903.24,1903.55,1903.36,1900.83,2.5299999999999727,2023-01-31 14:36:00,TP5,2023-01-31 15:32:00,13.550000000000182,1.4799999999997908,5.355731225296572,0.5849802371540739,23.876428571428587,0.10596224608849013,4.071428571428571,0.6214035087719232,0,1.401454797367494,-1,-1,True,True,False,False
2.0,2023,-1,2023-02-06 02:59:00,2023-02-06 03:05:00,True,1.0,1865.75,1864.92,1865.75,1870.1399999999999,4.389999999999873,2023-02-06 03:06:00,SL,2023-02-06 03:22:00,0.010000000000218279,4.619999999999891,0.002277904328068011,1.0523917995444247,28.99285714285715,0.15141660507513724,3.8621428571428686,1.1366746809690778,1,1.4421608925425728,1,-1,True,True,False,False
2.0,2023,1,2023-03-13 09:04:00,2023-03-13 09:35:00,True,1.0,1874.41,1875.94,1874.53,1871.53,3.0,2023-03-13 09:50:00,TP5,2023-03-13 11:25:00,15.220000000000027,0.2699999999999818,5.073333333333342,0.08999999999999393,21.138571428571417,0.14192065959316086,4.43857142857142,0.6758931445123927,0,3.168301170515665,-1,1,True,True,False,False
2.0,2023,1,2023-04-26 20:34:00,2023-04-26 21:00:00,True,1.0,1988.16,1988.35,1988.28,1983.3,4.980000000000018,2023-04-26 21:03:00,BE,2023-04-27 15:35:00,15.0,3.7799999999999727,3.0120481927710734,0.759036144578305,28.39428571428568,0.17538740189172958,6.136428571428594,0.811546967756955,0,1.2398172820708102,-1,-1,True,True,False,False
2.0,2023,1,2023-05-26 03:50:00,2023-05-26 04:00:00,True,1.0,1940.44,1940.87,1940.56,1936.75,3.8099999999999454,2023-05-26 04:04:00,BE,2023-05-26 17:45:00,16.690000000000055,1.6299999999998818,4.380577427821599,0.4278215223096864,23.803571428571395,0.16006001500374886,2.1114285714285512,1.8044654939106815,0,1.0022844089091894,-1,-1,True,True,False,False
2.0,2023,-1,2023-06-08 17:32:00,2023-06-08 17:45:00,True,1.0,1965.97,1965.46,1965.97,1970.62,4.649999999999864,2023-06-08 17:46:00,SL,2023-06-09 15:31:00,5.2400000000002365,7.189999999999827,1.1268817204301915,1.546236559139793,24.183571428571423,0.1922792923176835,3.7500000000000164,1.2399999999999582,0,2.7418465778594627,1,1,True,True,False,False
2.0,2023,-1,2023-06-19 11:25:00,2023-06-19 12:50:00,True,1.0,1952.69,1952.31,1952.69,1958.83,6.139999999999873,2023-06-19 16:30:00,TP5,2023-06-21 16:39:00,32.220000000000255,4.179999999999836,5.247557003257479,0.6807817589576421,25.26142857142856,0.2430583045863209,2.225714285714243,2.758664955070599,0,0.583280876243235,-1,-1,True,True,True,False
2.0,2023,1,2023-06-27 02:36:00,2023-06-27 03:30:00,True,1.0,1922.81,1923.42,1922.95,1921.02,1.9300000000000637,2023-06-27 03:43:00,BE,2023-06-27 13:17:00,7.460000000000036,1.25,3.8652849740931554,0.6476683937823621,22.699999999999996,0.08502202643172088,1.4164285714285663,1.3625819465456879,0,1.3812909260991513,-1,1,True,True,False,False
2.0,2023,-1,2023-06-27 15:38:00,2023-06-27 15:50:00,True,1.0,1925.46,1925.12,1925.46,1930.58,5.119999999999891,2023-06-27 15:54:00,SL,2023-06-27 16:36:00,1.0100000000002183,5.329999999999927,0.19726562500004685,1.041015625000008,22.699999999999996,0.22555066079294678,2.799285714285751,1.8290380199029737,0,0.8913707215169497,-1,-1,True,True,True,False
2.0,2023,-1,2023-06-29 17:50:00,2023-06-29 18:40:00,True,1.0,1909.73,1909.06,1909.73,1913.2099999999998,3.479999999999791,2023-06-29 18:43:00,SL,2023-06-30 15:43:00,9.080000000000155,4.239999999999782,2.609195402299052,1.2183908045977117,20.755714285714298,0.16766467065867247,4.8857142857142595,0.712280701754347,0,1.277777777777774,-1,-1,True,True,True,True
2.0,2023,-1,2023-07-11 04:32:00,2023-07-11 04:40:00,True,1.0,1926.26,1925.53,1926.26,1927.9899999999998,1.7299999999997908,2023-07-11 05:31:00,SL,2023-07-11 05:57:00,0.0,1.75,0.0,1.0115606936417407,19.781428571428574,0.08745576659203101,1.355714285714287,1.276080084299107,1,2.6929499072355867,1,-1,True,True,False,False
2.0,2023,-1,2023-07-11 13:19:00,2023-07-11 13:50:00,True,1.0,1936.32,1935.88,1936.32,1938.6,2.2799999999999727,2023-07-11 14:18:00,BE,2023-07-12 03:42:00,6.880000000000109,1.3299999999999272,3.017543859649207,0.5833333333333084,19.781428571428574,0.11525962302303609,3.0692857142857326,0.7428438445426909,0,1.4033846153846123,1,1,False,False,False,False
2.0,2023,-1,2023-07-27 10:49:00,2023-07-27 11:35:00,True,1.0,1977.56,1977.49,1977.56,1982.25,4.690000000000055,2023-07-27 12:16:00,TP5,2023-07-27 16:31:00,23.730000000000018,1.6699999999998454,5.0597014925372585,0.3560767590617966,17.587857142857143,0.26666125167526605,2.7535714285714255,1.7032425421530697,0,1.1425027563395627,1,1,True,True,False,False
2.0,2023,1,2023-07-27 12:51:00,2023-07-27 13:20:00,True,1.0,1975.93,1976.45,1976.05,1973.6,2.4500000000000455,2023-07-27 13:24:00,SL,2023-07-27 15:25:00,3.0599999999999454,3.25,1.2489795918366893,1.3265306122448732,17.587857142857143,0.1393006538602146,2.77785714285715,0.8819748007199935,0,1.1425027563395627,1,1,True,True,True,True
2.0,2023,-1,2023-08-10 08:58:00,2023-08-10 09:10:00,True,1.0,1916.95,1916.11,1916.95,1919.29,2.339999999999918,2023-08-10 09:14:00,SL,2023-08-10 10:03:00,0.8199999999999363,2.5599999999999454,0.35042735042733547,1.094017094017109,19.105,0.1224810259094435,1.782142857142828,1.313026052104184,1,1.1891103548857371,-1,-1,True,True,True,True
2.0,2023,1,2023-08-25 17:02:00,2023-08-25 17:05:00,True,1.0,1915.72,1920.18,1915.8500000000001,1911.27,4.580000000000155,2023-08-25 17:08:00,SL,2023-08-25 17:27:00,6.519999999999754,6.040000000000191,1.4235807860260992,1.3187772925764163,15.289999999999996,0.299542184434281,2.9471428571428566,1.554047503635535,0,0.5612194722176641,1,1,False,False,True,False
2.0,2023,-1,2023-08-31 15:32:00,2023-08-31 15:40:00,True,1.0,1944.92,1943.7,1944.92,1947.96,3.0399999999999636,2023-08-31 15:41:00,SL,2023-09-01 15:30:00,6.599999999999909,7.410000000000082,2.1710526315789433,2.437500000000056,15.496428571428542,0.19617423369439765,1.7514285714285864,1.7357259380097523,0,1.2955974842767226,1,1,True,True,False,False
2.0,2023,1,2023-09-28 11:31:00,2023-09-28 12:45:00,True,1.0,1874.99,1876.09,1875.14,1873.63,1.509999999999991,2023-09-28 13:17:00,SL,2023-09-28 15:45:00,4.459999999999809,2.740000000000009,2.9536423841058514,1.814569536423858,15.300714285714305,0.09868820316511763,1.892142857142874,0.7980369950924758,0,1.2435870256518815,-1,-1,True,True,False,False
2.0,2023,1,2023-10-04 03:11:00,2023-10-04 03:40:00,True,1.0,1823.79,1824.52,1823.99,1821.82,2.1700000000000728,2023-10-04 03:53:00,SL,2023-10-04 04:35:00,0.33999999999991815,2.8900000000001,0.1566820276497266,1.331797235023043,18.387857142857115,0.11801266363672092,2.023571428571472,1.0723614542887527,0,1.9778320113890508,-1,-1,True,True,False,False
2.0,2023,-1,2023-10-20 02:32:00,2023-10-20 03:05:00,True,1.0,1976.18,1976.01,1976.18,1982.4,6.220000000000027,2023-10-20 03:06:00,SL,2023-10-20 11:14:00,4.099999999999909,6.220000000000027,0.6591639871382462,1.0,25.38499999999999,0.24502659050620562,4.897142857142853,1.2701283547257942,0,1.5931217810267353,1,1,True,True,False,False
2.0,2023,-1,2023-11-28 02:52:00,2023-11-28 03:20:00,True,1.0,2016.2,2015.47,2016.2,2018.28,2.0799999999999272,2023-11-28 03:40:00,SL,2023-11-28 15:42:00,4.460000000000036,5.420000000000073,2.1442307692308615,2.605769230769357,20.879285714285725,0.09962026615578998,1.88714285714283,1.1021953065858971,0,4.527659574468074,1,1,True,True,False,False
2.0,2023,-1,2023-12-12 15:30:00,2023-12-12 15:45:00,True,1.0,1987.87,1985.27,1987.87,1996.8500000000001,8.980000000000246,2023-12-12 16:09:00,SL,2023-12-13 21:03:00,14.72999999999979,9.500000000000227,1.6403118040088405,1.0579064587973237,30.71857142857144,0.2923313026089462,3.319999999999985,2.7048192771085198,0,1.4725700655933192,1,1,False,False,False,False
2.0,2024,1,2024-01-03 16:37:00,2024-01-03 17:05:00,True,1.0,2042.28,2046.84,2042.43,2031.73,10.700000000000045,2024-01-03 17:11:00,SL,2024-01-03 18:01:00,0.9399999999998272,11.170000000000073,0.0878504672897031,1.0439252336448621,23.534285714285666,0.4546558212941634,5.832857142857165,1.8344354641195209,0,2.157449577098296,-1,-1,True,True,False,False
2.0,2024,-1,2024-02-02 08:09:00,2024-02-02 08:25:00,True,1.0,2055.26,2054.77,2055.26,2057.0299999999997,1.769999999999527,2024-02-02 08:28:00,SL,2024-02-02 09:24:00,0.9700000000002547,1.7799999999997453,0.5480225988703468,1.0056497175142491,21.29285714285712,0.08312646762829053,1.8349999999999065,0.9645776566755407,0,1.1883867577509075,-1,1,True,True,False,False
2.0,2024,-1,2024-04-02 12:31:00,2024-04-02 13:05:00,True,1.0,2260.45,2258.98,2260.45,2266.98,6.5300000000002,2024-04-02 13:29:00,SL,2024-04-02 17:03:00,6.959999999999582,13.490000000000236,1.0658499234302248,2.0658499234302945,29.883571428571454,0.2185147118579313,3.9500000000001103,1.65316455696203,0,1.2425201001713413,1,1,True,True,False,False
2.0,2024,1,2024-05-01 21:00:00,2024-05-01 21:30:00,True,1.0,2307.46,2313.43,2307.65,2295.53,12.11999999999989,2024-05-01 21:32:00,SL,2024-05-02 13:29:00,20.61999999999989,12.510000000000218,1.7013201320132076,1.0321782178218095,46.12285714285719,0.2627764356067619,6.382857142857022,1.8988361683079866,0,0.46479739825964184,1,1,True,True,True,False
2.0,2024,-1,2024-05-29 01:01:00,2024-05-29 01:45:00,True,1.0,2358.86,2358.68,2358.86,2362.57,3.7100000000000364,2024-05-29 01:59:00,TP5,2024-05-29 14:53:00,20.289999999999964,2.6399999999998727,5.469002695417727,0.7115902964959155,35.4021428571428,0.10479591630853781,3.8185714285714636,0.9715675271230833,0,2.316489361702087,1,-1,True,True,False,False
2.0,2024,1,2024-06-27 09:01:00,2024-06-27 09:30:00,True,1.0,2300.46,2301.59,2300.65,2296.49,4.160000000000309,2024-06-27 09:37:00,TP5,2024-06-27 15:39:00,23.33999999999969,1.25,5.610576923076431,0.3004807692307469,33.26857142857148,0.1250429405702599,2.2721428571428857,1.830870795347488,0,2.0907715582451165,-1,1,True,True,False,False
2.0,2024,-1,2024-07-29 16:25:00,2024-07-29 16:50:00,True,1.0,2392.06,2390.62,2392.06,2396.84,4.7800000000002,2024-07-29 16:51:00,BE,2024-07-30 10:10:00,22.40000000000009,2.1600000000003092,4.68619246861907,0.4518828451883303,35.96,0.13292547274750277,4.241428571428644,1.126978780734282,0,1.6476493011435938,-1,1,True,True,False,False
2.0,2024,1,2024-10-17 15:31:00,2024-10-17 16:10:00,True,1.0,2681.35,2682.1,2681.52,2673.05,8.4699999999998,2024-10-17 16:14:00,TP5,2024-10-21 02:03:00,42.74000000000024,0.650000000000091,5.04604486422683,0.07674144037781656,30.934285714285675,0.27380622517779013,5.306428571428536,1.5961771436263021,0,0.8152661064425714,1,1,True,True,True,False
2.0,2024,-1,2024-10-31 03:05:00,2024-10-31 03:45:00,True,1.0,2786.81,2785.97,2786.81,2790.19,3.380000000000109,2024-10-31 04:02:00,TP5,2024-10-31 15:05:00,18.190000000000055,2.349999999999909,5.38165680473357,0.6952662721892997,29.34928571428564,0.1151646426050808,2.635714285714227,1.2823848238483084,0,1.0637039540385183,1,1,True,True,False,False
2.0,2024,1,2024-11-01 12:38:00,2024-11-01 13:10:00,True,1.0,2751.82,2752.95,2751.9900000000002,2744.76,7.230000000000018,2024-11-01 13:12:00,SL,2024-11-01 16:40:00,10.229999999999563,8.690000000000055,1.4149377593360357,1.2019363762102397,31.14357142857138,0.23215063874681868,3.83428571428567,1.8856184798808013,0,1.8579051383398861,1,1,True,True,True,True
2.0,2024,1,2024-11-06 03:07:00,2024-11-06 03:30:00,True,1.0,2740.11,2741.06,2740.28,2732.56,7.720000000000255,2024-11-06 04:39:00,SL,2024-11-06 05:29:00,4.75,9.890000000000327,0.6152849740932439,1.2810880829015545,30.53499999999992,0.2528246274766751,3.8064285714286012,2.0281478701445432,1,1.5114931427467386,-1,1,True,True,False,False
2.0,2024,-1,2024-11-15 17:06:00,2024-11-15 17:25:00,True,1.0,2570.84,2569.37,2570.84,2576.21,5.369999999999891,2024-11-15 17:56:00,SL,2024-11-18 02:53:00,11.270000000000437,6.459999999999582,2.098696461825077,1.2029795158286243,43.24857142857137,0.12416595098103748,6.322857142857174,0.8492995933122244,0,1.342059883994358,-1,1,False,False,False,False
2.0,2024,-1,2024-12-19 11:42:00,2024-12-19 12:05:00,True,1.0,2619.27,2617.88,2619.27,2623.03,3.7600000000002183,2024-12-19 12:09:00,SL,2024-12-19 12:45:00,0.6300000000001091,3.980000000000018,0.167553191489381,1.0585106382978158,37.022857142857156,0.10155888254360827,4.860714285714331,0.7735488611315586,0,1.4479077711357677,1,1,True,True,False,False
2.0,2025,-1,2025-02-17 17:00:00,2025-02-17 17:55:00,True,1.0,2898.99,2898.55,2898.99,2904.3199999999997,5.329999999999927,2025-02-17 17:56:00,SL,2025-02-18 04:40:00,6.769999999999982,5.3400000000001455,1.270168855534723,1.0018761726079208,42.01357142857143,0.12686376851017353,4.453571428571455,1.1967923015236333,0,1.189009661835746,1,-1,True,True,False,False
2.0,2025,-1,2025-02-24 09:50:00,2025-02-24 10:20:00,True,1.0,2942.01,2941.76,2942.01,2945.0699999999997,3.0599999999994907,2025-02-24 10:29:00,SL,2025-02-24 10:52:00,3.710000000000491,4.5,1.212418300653957,1.4705882352943624,41.148571428571394,0.07436467157338027,5.267142857142907,0.5809601301870418,0,1.1710662824207563,-1,1,True,True,False,False
2.0,2025,1,2025-03-12 15:25:00,2025-03-12 16:45:00,True,1.0,2917.99,2919.26,2918.16,2906.05,12.109999999999673,2025-03-12 16:49:00,TP5,2025-03-13 18:00:00,60.57999999999993,0.23999999999978172,5.0024772914947615,0.01981833195704279,41.46499999999998,0.2920535391293785,5.752857142857043,2.1050409734293316,0,0.482266278646774,1,1,True,True,True,False
2.0,2025,-1,2025-04-21 22:09:00,2025-04-21 22:30:00,True,1.0,3424.45,3422.3,3424.45,3430.69,6.2400000000002365,2025-04-21 23:41:00,SL,2025-04-22 01:07:00,0.7899999999999636,6.470000000000255,0.12660256410255347,1.0368589743589758,77.65571428571424,0.08035467907798466,11.23214285714289,0.5555484896661562,0,2.3801058017518084,1,1,True,True,False,False
2.0,2025,-1,2025-07-01 15:41:00,2025-07-01 16:10:00,True,1.0,3352.16,3348.62,3352.16,3358.0699999999997,5.9099999999998545,2025-07-01 16:58:00,BE,2025-07-02 21:16:00,24.4699999999998,2.3900000000003274,4.140439932318173,0.40439932318111443,51.02214285714285,0.11583206170989901,6.337857142857144,0.9324918291445727,0,2.245526127415883,1,1,True,True,False,False
2.0,2025,1,2025-08-26 13:37:00,2025-08-26 14:10:00,True,1.0,3375.21,3376.19,3375.37,3367.15,8.2199999999998,2025-08-26 15:55:00,TP5,2025-08-28 19:30:00,41.30000000000018,5.069999999999709,5.024330900243453,0.6167883211678629,34.41714285714296,0.23883446787314636,5.552857142857159,1.4803190120915468,0,0.42377260981911874,1,1,True,True,True,False
2.0,2025,1,2025-08-27 10:15:00,2025-08-27 10:50:00,True,1.0,3378.18,3379.73,3378.35,3373.8,4.549999999999727,2025-08-27 12:54:00,SL,2025-08-27 14:38:00,1.0100000000002183,4.6599999999998545,0.22197802197808325,1.0241758241758536,35.500714285714366,0.12816643528298433,4.217857142857123,1.0787468247247498,0,2.769688768606264,-1,-1,True,True,False,False
2.0,2025,1,2025-08-27 14:38:00,2025-08-27 14:50:00,True,1.0,3375.92,3376.72,3376.08,3373.69,2.3899999999998727,2025-08-27 15:04:00,BE,2025-08-27 16:45:00,8.690000000000055,1.8099999999999454,3.635983263598543,0.757322175732235,35.500714285714366,0.0673225890827109,4.156428571428478,0.575012888812493,0,2.431951219512223,1,-1,True,True,False,False
2.0,2025,-1,2025-09-24 04:10:00,2025-09-24 04:25:00,True,1.0,3761.59,3759.61,3761.59,3771.92,10.329999999999927,2025-09-24 06:29:00,SL,2025-09-24 08:21:00,1.1399999999998727,10.409999999999854,0.1103581800580717,1.0077444336882795,49.76071428571436,0.20759348309768,8.150000000000059,1.267484662576669,0,1.7920300387596888,-1,1,True,True,False,False
2.0,2025,1,2025-10-30 00:00:00,2025-10-30 00:50:00,True,1.0,3944.86,3946.23,3945.1,3916.08,29.019999999999982,2025-10-30 00:51:00,SL,2025-10-30 05:01:00,21.490000000000236,29.519999999999982,0.7405237767057288,1.0172294968986906,133.90285714285707,0.2167242777279904,20.782142857142976,1.3963911324969838,0,1.1987305681895382,-1,-1,True,True,False,False
2.5,2023,-1,2023-01-27 15:32:00,2023-01-27 16:00:00,True,0.25,1930.5,1928.81,1929.2325,1935.1299999999999,5.897499999999809,2023-01-27 16:01:00,BE,2023-01-31 17:58:00,28.282500000000255,5.337500000000091,4.795676133955264,0.9050445103858014,23.625714285714317,0.24962208247671186,3.176428571428541,1.8566449291656875,0,1.1024705687282341,1,-1,True,True,False,False
2.5,2023,1,2023-01-31 14:09:00,2023-01-31 14:35:00,True,0.25,1903.24,1903.55,1903.5924999999997,1900.83,2.762499999999818,2023-01-31 14:36:00,TP5,2023-01-31 15:48:00,14.4675000000002,1.7124999999996362,5.2371040723986075,0.6199095022623525,23.876428571428587,0.11569988332784105,4.071428571428571,0.6785087719297799,0,1.401454797367494,-1,-1,True,True,False,False
2.5,2023,-1,2023-02-06 02:59:00,2023-02-06 03:05:00,True,0.25,1865.75,1864.92,1865.1275,1870.1399999999999,5.012499999999818,2023-02-06 03:06:00,SL,2023-02-06 03:22:00,0.0,5.242499999999836,0.0,1.0458852867830477,28.99285714285715,0.17288741069228242,3.8621428571428686,1.2978546328832485,0,1.4421608925425728,1,-1,True,True,False,False
2.5,2023,1,2023-03-13 09:04:00,2023-03-13 09:35:00,True,0.25,1874.41,1875.94,1875.6775,1871.53,4.147500000000036,2023-03-13 09:49:00,TP5,2023-03-13 14:29:00,22.482500000000073,1.4175000000000182,5.420735382760669,0.34177215189873555,21.138571428571417,0.19620531188754659,4.43857142857142,0.9344222722883911,0,3.168301170515665,-1,1,True,True,False,False
2.5,2023,1,2023-05-26 03:50:00,2023-05-26 04:00:00,True,0.25,1940.44,1940.87,1940.8824999999997,1936.75,4.132499999999709,2023-05-26 04:04:00,BE,2023-05-26 17:44:00,16.36750000000029,0.5624999999997726,3.960677555959212,0.1361161524500453,23.803571428571395,0.17360840210051315,2.1114285714285512,1.9572056833557672,0,1.0022844089091894,-1,-1,True,True,False,False
2.5,2023,-1,2023-06-08 17:32:00,2023-06-08 17:45:00,True,0.25,1965.97,1965.46,1965.5875,1970.62,5.0324999999998,2023-06-08 17:46:00,SL,2023-06-09 15:31:00,4.8575000000003,7.5724999999997635,0.9652260307998993,1.5047193243914683,24.183571428571423,0.20809581475026498,3.7500000000000164,1.3419999999999408,0,2.7418465778594627,1,1,True,True,False,False
2.5,2023,1,2023-06-27 02:36:00,2023-06-27 03:30:00,True,0.25,1922.81,1923.42,1923.4075,1921.02,2.3875000000000455,2023-06-27 03:42:00,SL,2023-06-27 14:21:00,7.002500000000055,2.527499999999918,2.9329842931936843,1.058638743455443,22.699999999999996,0.10517621145374652,1.4164285714285663,1.685577407967764,0,1.3812909260991513,-1,1,True,True,False,False
2.5,2023,-1,2023-06-27 15:38:00,2023-06-27 15:50:00,True,0.25,1925.46,1925.12,1925.205,1930.58,5.375,2023-06-27 15:54:00,SL,2023-06-27 16:36:00,0.7550000000001091,5.585000000000036,0.14046511627909009,1.0390697674418672,22.699999999999996,0.23678414096916303,2.799285714285751,1.920132686909901,0,0.8913707215169497,-1,-1,True,True,True,False
2.5,2023,-1,2023-06-29 17:50:00,2023-06-29 18:40:00,True,0.25,1909.73,1909.06,1909.2275,1913.2099999999998,3.9824999999998454,2023-06-29 18:41:00,SL,2023-06-30 15:43:00,8.5775000000001,4.742499999999836,2.1537978656623813,1.1908349026993146,20.755714285714298,0.1918748709477521,4.8857142857142595,0.8151315789473411,0,1.277777777777774,-1,-1,True,True,True,True
2.5,2023,-1,2023-07-11 04:32:00,2023-07-11 04:40:00,True,0.25,1926.26,1925.53,1925.7125,1927.9899999999998,2.2774999999996908,2023-07-11 04:45:00,SL,2023-07-11 05:57:00,0.7825000000002547,2.2974999999999,0.3435784851812781,1.008781558726767,19.781428571428574,0.1151332418574264,1.355714285714287,1.6799262381451865,1,2.6929499072355867,1,-1,True,True,False,False
2.5,2023,-1,2023-07-11 13:19:00,2023-07-11 13:50:00,True,0.25,1936.32,1935.88,1935.99,1938.6,2.6099999999999,2023-07-11 14:12:00,SL,2023-07-12 04:42:00,6.550000000000182,2.6499999999998636,2.5095785440614686,1.0153256704980709,19.781428571428574,0.13194193688162995,3.0692857142857326,0.8503607167791106,0,1.4033846153846123,1,1,False,False,False,False
2.5,2023,-1,2023-07-27 10:49:00,2023-07-27 11:35:00,True,0.25,1977.56,1977.49,1977.5075,1982.25,4.742500000000064,2023-07-27 12:16:00,TP5,2023-07-27 16:32:00,25.507499999999936,1.7224999999998545,5.37849235635205,0.36320506062199925,17.587857142857143,0.26964626568655686,2.7535714285714255,1.7223086900129951,0,1.1425027563395627,1,1,True,True,False,False
2.5,2023,1,2023-07-27 12:51:00,2023-07-27 13:20:00,True,0.25,1975.93,1976.45,1976.44,1973.6,2.8400000000001455,2023-07-27 13:22:00,SL,2023-07-27 15:25:00,2.6699999999998454,3.6400000000001,0.9401408450703199,1.28169014084504,17.587857142857143,0.16147504365837648,2.77785714285715,1.0223707894060667,1,1.1425027563395627,1,1,True,True,True,True
2.5,2023,1,2023-08-25 17:02:00,2023-08-25 17:05:00,True,0.25,1915.72,1920.18,1919.1950000000002,1911.27,7.925000000000182,2023-08-25 17:06:00,SL,2023-08-25 17:27:00,3.174999999999727,9.385000000000218,0.4006309148264548,1.1842271293375397,15.289999999999996,0.5183126226291814,2.9471428571428566,2.689045079980673,0,0.5612194722176641,1,1,False,False,True,False
2.5,2023,-1,2023-08-31 15:32:00,2023-08-31 15:40:00,True,0.25,1944.92,1943.7,1944.005,1947.96,3.9549999999999272,2023-08-31 15:41:00,SL,2023-09-01 15:30:00,5.684999999999945,8.325000000000045,1.4374209860935652,2.1049304677623764,15.496428571428542,0.25522009679649266,1.7514285714285864,2.2581566068514887,0,1.2955974842767226,1,1,True,True,False,False
2.5,2023,1,2023-09-28 11:31:00,2023-09-28 12:45:00,True,0.25,1874.99,1876.09,1875.9650000000001,1873.63,2.3350000000000364,2023-09-28 12:59:00,SL,2023-09-28 15:45:00,3.6349999999997635,3.5650000000000546,1.5567451820127225,1.5267665952890788,15.300714285714305,0.15260725456328122,1.892142857142874,1.2340505851264711,0,1.2435870256518815,-1,-1,True,True,False,False
2.5,2023,1,2023-10-04 03:11:00,2023-10-04 03:40:00,True,0.25,1823.79,1824.52,1824.5375000000001,1821.82,2.7175000000002,2023-10-04 03:47:00,SL,2023-10-04 04:35:00,0.08249999999975444,3.4375000000002274,0.03035878564848146,1.2649494020239096,18.387857142857115,0.14778774812571518,2.023571428571472,1.3429226967879273,0,1.9778320113890508,-1,-1,True,True,False,False
2.5,2023,-1,2023-10-20 02:32:00,2023-10-20 03:05:00,True,0.25,1976.18,1976.01,1976.0525,1982.4,6.347500000000082,2023-10-20 03:06:00,SL,2023-10-20 11:14:00,3.9724999999998545,6.347500000000082,0.6258369436785827,1.0,25.38499999999999,0.25004924167815973,4.897142857142853,1.296163943990683,0,1.5931217810267353,1,1,True,True,False,False
2.5,2023,-1,2023-11-28 02:52:00,2023-11-28 03:20:00,True,0.25,2016.2,2015.47,2015.6525000000001,2018.28,2.627499999999827,2023-11-28 03:40:00,SL,2023-11-28 15:42:00,3.9125000000001364,5.967499999999973,1.489058039962091,2.2711703139868185,20.879285714285725,0.1258424275597741,1.88714285714283,1.3923164269492094,0,4.527659574468074,1,1,True,True,False,False
2.5,2024,-1,2024-02-02 08:09:00,2024-02-02 08:25:00,True,0.25,2055.26,2054.77,2054.8925,2057.0299999999997,2.137499999999818,2024-02-02 08:28:00,SL,2024-02-02 09:24:00,0.6024999999999636,2.1475000000000364,0.2818713450292467,1.0046783625732019,21.29285714285712,0.10038577658503015,1.8349999999999065,1.1648501362397423,0,1.1883867577509075,-1,1,True,True,False,False
2.5,2024,-1,2024-02-12 15:20:00,2024-02-12 15:50:00,True,0.25,2020.96,2019.98,2020.225,2027.7,7.475000000000136,2024-02-12 16:01:00,SL,2024-02-13 12:45:00,8.194999999999936,7.895000000000209,1.096321070234085,1.0561872909699084,20.881428571428582,0.35797359239242615,2.458571428571434,3.0403834979663475,0,1.4809924880491734,-1,-1,True,True,True,True
2.5,2024,-1,2024-04-02 12:31:00,2024-04-02 13:05:00,True,0.25,2260.45,2258.98,2259.3475,2266.98,7.632500000000164,2024-04-02 13:20:00,SL,2024-04-02 17:03:00,5.857499999999618,14.5925000000002,0.7674418604650498,1.9118899443170503,29.883571428571454,0.25540789253532087,3.9500000000001103,1.9322784810126457,0,1.2425201001713413,1,1,True,True,False,False
2.5,2024,1,2024-06-27 09:01:00,2024-06-27 09:30:00,True,0.25,2300.46,2301.59,2301.4975,2296.49,5.007500000000164,2024-06-27 09:37:00,TP5,2024-06-27 17:01:00,29.262500000000273,2.0974999999998545,5.84373439840226,0.41887169246126527,33.26857142857148,0.15051743387152652,2.2721428571428857,2.203866708582251,0,2.0907715582451165,-1,1,True,True,False,False
2.5,2024,-1,2024-07-29 16:25:00,2024-07-29 16:50:00,True,0.25,2392.06,2390.62,2390.98,2396.84,5.860000000000127,2024-07-29 16:51:00,BE,2024-07-30 09:58:00,21.320000000000164,3.2400000000002365,3.638225255972645,0.5529010238908133,35.96,0.16295884315906917,4.241428571428644,1.3816099696867696,0,1.6476493011435938,-1,1,True,True,False,False
2.5,2024,-1,2024-10-31 03:05:00,2024-10-31 03:45:00,True,0.25,2786.81,2785.97,2786.18,2790.19,4.010000000000218,2024-10-31 03:46:00,TP5,2024-10-31 15:23:00,20.259999999999764,2.980000000000018,5.052369077306399,0.743142144638368,29.34928571428564,0.13663024167052787,2.635714285714227,1.5214092140922575,0,1.0637039540385183,1,1,True,True,False,False
2.5,2024,1,2024-11-01 12:38:00,2024-11-01 13:10:00,True,0.25,2751.82,2752.95,2752.8375,2744.76,8.077499999999873,2024-11-01 13:11:00,SL,2024-11-01 16:40:00,9.382499999999709,9.537499999999909,1.1615598885793694,1.180748994119475,31.14357142857138,0.2593633173551028,3.83428571428567,2.106650521609529,0,1.8579051383398861,1,1,True,True,True,True
2.5,2024,1,2024-11-06 03:07:00,2024-11-06 03:30:00,True,0.25,2740.11,2741.06,2740.9925000000003,2732.56,8.432500000000346,2024-11-06 03:31:00,SL,2024-11-06 05:29:00,8.637499999999818,10.602500000000418,1.0243107026385372,1.257337681589088,30.53499999999992,0.2761585066317461,3.8064285714286012,2.2153312066054403,0,1.5114931427467386,-1,1,True,True,False,False
2.5,2025,1,2025-01-17 16:32:00,2025-01-17 16:45:00,True,0.25,2707.72,2709.68,2709.3599999999997,2702.69,6.669999999999618,2025-01-17 16:47:00,SL,2025-01-17 22:00:00,7.980000000000473,7.389999999999873,1.1964017991005893,1.107946026986551,30.64714285714282,0.21763855870972534,4.312142857142915,1.5467947656119498,0,1.512761020881669,-1,-1,False,False,False,False
2.5,2025,1,2025-03-12 15:25:00,2025-03-12 16:45:00,True,0.25,2917.99,2919.26,2919.1125,2906.05,13.0625,2025-03-12 16:46:00,TP5,2025-03-13 18:43:00,66.08749999999964,1.1925000000001091,5.059330143540642,0.09129186602871649,41.46499999999998,0.3150247196430726,5.752857142857043,2.2706108765831035,0,0.482266278646774,1,1,True,True,True,False
2.5,2025,1,2025-04-25 08:54:00,2025-04-25 09:30:00,True,0.25,3297.49,3297.76,3297.8525,3286.6,11.252500000000055,2025-04-25 09:31:00,SL,2025-04-25 16:01:00,16.657500000000255,17.502500000000055,1.4803377027327416,1.5554321261941764,91.38999999999997,0.12312616259984745,13.275714285714328,0.8476003443452075,0,1.0729576457364673,-1,1,True,True,False,False
2.5,2025,-1,2025-07-01 15:41:00,2025-07-01 16:10:00,True,0.25,3352.16,3348.62,3349.505,3358.0699999999997,8.5649999999996,2025-07-01 16:11:00,SL,2025-07-02 22:55:00,21.815000000000055,8.724999999999909,2.5469935785173465,1.0186806771745847,51.02214285714285,0.1678682924780479,6.337857142857144,1.3514031331003535,0,2.245526127415883,1,1,True,True,False,False
2.5,2025,1,2025-08-27 10:15:00,2025-08-27 10:50:00,True,0.25,3378.18,3379.73,3379.5125,3373.8,5.712499999999636,2025-08-27 10:51:00,SL,2025-08-27 14:38:00,5.887500000000273,5.8224999999997635,1.030634573304271,1.0192560175054939,35.500714285714366,0.16091225528660333,4.217857142857123,1.3543607112615628,0,2.769688768606264,-1,-1,True,True,False,False
2.5,2025,1,2025-08-27 14:38:00,2025-08-27 14:50:00,True,0.25,3375.92,3376.72,3376.68,3373.69,2.9899999999997817,2025-08-27 14:59:00,TP5,2025-08-27 19:33:00,15.760000000000218,2.4099999999998545,5.270903010033902,0.8060200668896422,35.500714285714366,0.0842236574716743,4.156428571428478,0.71936758893277,0,2.431951219512223,1,-1,True,True,False,False
2.5,2025,-1,2025-09-24 04:10:00,2025-09-24 04:25:00,True,0.25,3761.59,3759.61,3760.105,3771.92,11.815000000000055,2025-09-24 04:27:00,SL,2025-09-24 08:21:00,9.355000000000018,11.894999999999982,0.7917900973338955,1.006771053745233,49.76071428571436,0.23743630230388363,8.150000000000059,1.4496932515337386,0,1.7920300387596888,-1,1,True,True,False,False
2.5,2025,1,2025-10-30 00:00:00,2025-10-30 00:50:00,True,0.25,3944.86,3946.23,3946.1274999999996,3916.08,30.047499999999673,2025-10-30 00:51:00,SL,2025-10-30 05:01:00,20.462500000000546,30.547499999999673,0.6810050752974713,1.0166403194941345,133.90285714285707,0.22439775103486304,20.782142857142976,1.44583261728817,0,1.1987305681895382,-1,-1,True,True,False,False
2.5,2025,-1,2025-11-11 15:36:00,2025-11-11 16:05:00,True,0.25,4141.08,4139.86,4140.165,4146.82,6.654999999999745,2025-11-11 16:08:00,TP5,2025-11-11 17:23:00,34.69499999999971,0.4650000000001455,5.213373403456204,0.06987227648387127,96.57857142857142,0.06890762517565005,7.902857142857231,0.8421005061460177,0,2.215722441809398,-1,1,True,True,False,False
2.5,2023,-1,2023-01-27 15:32:00,2023-01-27 16:00:00,True,0.5,1930.5,1928.81,1929.655,1935.1299999999999,5.474999999999909,2023-01-27 16:01:00,TP5,2023-01-31 13:31:00,27.935000000000173,4.915000000000191,5.102283105022948,0.8977168949772187,23.625714285714317,0.2317390252751198,3.176428571428541,1.7236339105014495,0,1.1024705687282341,1,-1,True,True,False,False
2.5,2023,1,2023-01-31 14:09:00,2023-01-31 14:35:00,True,0.5,1903.24,1903.55,1903.5149999999999,1900.83,2.6849999999999454,2023-01-31 14:36:00,TP5,2023-01-31 15:48:00,14.545000000000073,1.6349999999997635,5.417132216015035,0.6089385474859578,23.876428571428587,0.11245400424806058,4.071428571428571,0.659473684210513,0,1.401454797367494,-1,-1,True,True,False,False
2.5,2023,-1,2023-02-06 02:59:00,2023-02-06 03:05:00,True,0.5,1865.75,1864.92,1865.335,1870.1399999999999,4.804999999999836,2023-02-06 03:06:00,SL,2023-02-06 03:22:00,0.0,5.0349999999998545,0.0,1.0478668054110356,28.99285714285715,0.16573047548656736,3.8621428571428686,1.2441279822451916,1,1.4421608925425728,1,-1,True,True,False,False
2.5,2023,1,2023-03-13 09:04:00,2023-03-13 09:35:00,True,0.5,1874.41,1875.94,1875.295,1871.53,3.7650000000001,2023-03-13 09:49:00,TP5,2023-03-13 14:26:00,19.054999999999836,1.0350000000000819,5.061088977423461,0.2749003984063889,21.138571428571417,0.1781104277894216,4.43857142857142,0.8482458963630755,0,3.168301170515665,-1,1,True,True,False,False
2.5,2023,1,2023-05-26 03:50:00,2023-05-26 04:00:00,True,0.5,1940.44,1940.87,1940.7749999999999,1936.75,4.024999999999864,2023-05-26 04:04:00,BE,2023-05-26 17:44:00,16.475000000000136,0.45499999999992724,4.093167701863527,0.11304347826085533,23.803571428571395,0.16909227306826158,2.1114285714285512,1.906292286874108,0,1.0022844089091894,-1,-1,True,True,False,False
2.5,2023,-1,2023-06-08 17:32:00,2023-06-08 17:45:00,True,0.5,1965.97,1965.46,1965.7150000000001,1970.62,4.904999999999745,2023-06-08 17:46:00,SL,2023-06-09 15:31:00,4.985000000000355,7.444999999999709,1.016309887869646,1.517838939857308,24.183571428571423,0.20282364060606803,3.7500000000000164,1.3079999999999263,0,2.7418465778594627,1,1,True,True,False,False
2.5,2023,1,2023-06-27 02:36:00,2023-06-27 03:30:00,True,0.5,1922.81,1923.42,1923.255,1921.02,2.2350000000001273,2023-06-27 03:43:00,BE,2023-06-27 13:16:00,7.154999999999973,1.5550000000000637,3.201342281879,0.6957494407158725,22.699999999999996,0.09845814977974131,1.4164285714285663,1.5779122541604587,0,1.3812909260991513,-1,1,True,True,False,False
2.5,2023,-1,2023-06-27 15:38:00,2023-06-27 15:50:00,True,0.5,1925.46,1925.12,1925.29,1930.58,5.289999999999964,2023-06-27 15:54:00,SL,2023-06-27 16:36:00,0.8400000000001455,5.5,0.15879017013235375,1.0396975425330883,22.699999999999996,0.23303964757709095,2.799285714285751,1.8897677979075918,0,0.8913707215169497,-1,-1,True,True,True,False
2.5,2023,-1,2023-06-29 17:50:00,2023-06-29 18:40:00,True,0.5,1909.73,1909.06,1909.395,1913.2099999999998,3.814999999999827,2023-06-29 18:41:00,SL,2023-06-30 15:43:00,8.745000000000118,4.574999999999818,2.292267365661996,1.1992136304062977,20.755714285714298,0.18380480418472556,4.8857142857142595,0.780847953216343,0,1.277777777777774,-1,-1,True,True,True,True
2.5,2023,-1,2023-07-11 04:32:00,2023-07-11 04:40:00,True,0.5,1926.26,1925.53,1925.895,1927.9899999999998,2.0949999999998,2023-07-11 04:45:00,SL,2023-07-11 05:57:00,0.9650000000001455,2.115000000000009,0.46062052505977935,1.0095465393795757,19.781428571428574,0.1059074167689651,1.355714285714287,1.5453108535298825,1,2.6929499072355867,1,-1,True,True,False,False
2.5,2023,-1,2023-07-11 13:19:00,2023-07-11 13:50:00,True,0.5,1936.32,1935.88,1936.1,1938.6,2.5,2023-07-11 14:12:00,SL,2023-07-12 04:42:00,6.660000000000082,2.5399999999999636,2.6640000000000326,1.0159999999999854,19.781428571428574,0.12638116559543583,3.0692857142857326,0.8145217593669953,0,1.4033846153846123,1,1,False,False,False,False
2.5,2023,-1,2023-07-27 10:49:00,2023-07-27 11:35:00,True,0.5,1977.56,1977.49,1977.525,1982.25,4.724999999999909,2023-07-27 12:16:00,TP5,2023-07-27 16:31:00,23.695000000000164,1.7049999999996999,5.014814814814946,0.3608465608465043,17.587857142857143,0.26865126101611797,2.7535714285714255,1.715953307392965,0,1.1425027563395627,1,1,True,True,False,False
2.5,2023,1,2023-07-27 12:51:00,2023-07-27 13:20:00,True,0.5,1975.93,1976.45,1976.31,1973.6,2.7100000000000364,2023-07-27 13:23:00,SL,2023-07-27 15:25:00,2.7999999999999545,3.509999999999991,1.0332103321032904,1.2952029520294996,17.587857142857143,0.1540835803923182,2.77785714285715,0.9755721265106817,0,1.1425027563395627,1,1,True,True,True,True
2.5,2023,1,2023-08-25 17:02:00,2023-08-25 17:05:00,True,0.5,1915.72,1920.18,1918.0800000000002,1911.27,6.810000000000173,2023-08-25 17:06:00,SL,2023-08-25 17:27:00,4.289999999999736,8.27000000000021,0.6299559471365092,1.2143906020558002,15.289999999999996,0.4453891432308813,2.9471428571428566,2.3107125545322935,0,0.5612194722176641,1,1,False,False,True,False
2.5,2023,-1,2023-08-31 15:32:00,2023-08-31 15:40:00,True,0.5,1944.92,1943.7,1944.31,1947.96,3.650000000000091,2023-08-31 15:41:00,SL,2023-09-01 15:30:00,5.989999999999782,8.02000000000021,1.6410958904108581,2.1972602739726055,15.496428571428542,0.23553814242913745,1.7514285714285864,2.0840130505709964,0,1.2955974842767226,1,1,True,True,False,False
2.5,2023,1,2023-09-28 11:31:00,2023-09-28 12:45:00,True,0.5,1874.99,1876.09,1875.69,1873.63,2.0599999999999454,2023-09-28 13:03:00,SL,2023-09-28 15:45:00,3.9099999999998545,3.2899999999999636,1.898058252427164,1.5970873786408013,15.300714285714305,0.13463423743055505,1.892142857142874,1.0887127217817658,0,1.2435870256518815,-1,-1,True,True,False,False
2.5,2023,1,2023-10-04 03:11:00,2023-10-04 03:40:00,True,0.5,1823.79,1824.52,1824.355,1821.82,2.535000000000082,2023-10-04 03:52:00,SL,2023-10-04 04:35:00,0.035000000000081855,3.255000000000109,0.013806706114430266,1.284023668639055,18.387857142857115,0.13786271996271296,2.023571428571472,1.2527356159548317,0,1.9778320113890508,-1,-1,True,True,False,False
2.5,2023,-1,2023-10-20 02:32:00,2023-10-20 03:05:00,True,0.5,1976.18,1976.01,1976.095,1982.4,6.305000000000064,2023-10-20 03:06:00,SL,2023-10-20 11:14:00,4.014999999999873,6.305000000000064,0.6367961934971978,1.0,25.38499999999999,0.24837502462084168,4.897142857142853,1.28748541423572,0,1.5931217810267353,1,1,True,True,False,False
2.5,2023,-1,2023-11-28 02:52:00,2023-11-28 03:20:00,True,0.5,2016.2,2015.47,2015.835,2018.28,2.4449999999999363,2023-11-28 03:40:00,SL,2023-11-28 15:42:00,4.095000000000027,5.785000000000082,1.674846625766926,2.3660531697342466,20.879285714285725,0.11710170709178301,1.88714285714283,1.2956093868281455,0,4.527659574468074,1,1,True,True,False,False
2.5,2024,-1,2024-02-02 08:09:00,2024-02-02 08:25:00,True,0.5,2055.26,2054.77,2055.0150000000003,2057.0299999999997,2.014999999999418,2024-02-02 08:28:00,SL,2024-02-02 09:24:00,0.7250000000003638,2.024999999999636,0.3598014888340314,1.0049627791564373,21.29285714285712,0.09463267359943603,1.8349999999999065,1.0980926430515099,0,1.1883867577509075,-1,1,True,True,False,False
2.5,2024,-1,2024-04-02 12:31:00,2024-04-02 13:05:00,True,0.5,2260.45,2258.98,2259.715,2266.98,7.264999999999873,2024-04-02 13:28:00,SL,2024-04-02 17:03:00,6.224999999999909,14.224999999999909,0.8568479008947031,1.95801789401241,29.883571428571454,0.24311016564284754,3.9500000000001103,1.8392405063290302,0,1.2425201001713413,1,1,True,True,False,False
2.5,2024,1,2024-06-27 09:01:00,2024-06-27 09:30:00,True,0.5,2300.46,2301.59,2301.215,2296.49,4.725000000000364,2024-06-27 09:37:00,TP5,2024-06-27 15:40:00,24.375,1.8150000000000546,5.158730158729761,0.3841269841269661,33.26857142857148,0.1420259361044422,2.2721428571428857,2.079534737504064,0,2.0907715582451165,-1,1,True,True,False,False
2.5,2024,-1,2024-07-29 16:25:00,2024-07-29 16:50:00,True,0.5,2392.06,2390.62,2391.34,2396.84,5.5,2024-07-29 16:51:00,BE,2024-07-30 10:09:00,21.68000000000029,2.880000000000109,3.9418181818182347,0.5236363636363834,35.96,0.15294771968854282,4.241428571428644,1.2967329067025712,0,1.6476493011435938,-1,1,True,True,False,False
2.5,2024,-1,2024-10-31 03:05:00,2024-10-31 03:45:00,True,0.5,2786.81,2785.97,2786.39,2790.19,3.800000000000182,2024-10-31 04:02:00,TP5,2024-10-31 15:22:00,19.559999999999945,2.769999999999982,5.147368421052371,0.7289473684210129,29.34928571428564,0.1294750419820455,2.635714285714227,1.4417344173442745,0,1.0637039540385183,1,1,True,True,False,False
2.5,2024,1,2024-11-01 12:38:00,2024-11-01 13:10:00,True,0.5,2751.82,2752.95,2752.5550000000003,2744.76,7.795000000000073,2024-11-01 13:11:00,SL,2024-11-01 16:40:00,9.664999999999509,9.25500000000011,1.2398973701089697,1.18729955099423,31.14357142857138,0.2502924244856797,3.83428571428567,2.0329731743666595,0,1.8579051383398861,1,1,True,True,True,True
2.5,2024,1,2024-11-06 03:07:00,2024-11-06 03:30:00,True,0.5,2740.11,2741.06,2740.755,2732.56,8.195000000000164,2024-11-06 03:31:00,SL,2024-11-06 05:29:00,8.875,10.365000000000236,1.0829774252592828,1.26479560707749,30.53499999999992,0.26838054691338414,3.8064285714286012,2.152936761118435,0,1.5114931427467386,-1,1,True,True,False,False
2.5,2025,1,2025-03-12 15:25:00,2025-03-12 16:45:00,True,0.5,2917.99,2919.26,2918.795,2906.05,12.74499999999989,2025-03-12 16:49:00,TP5,2025-03-13 18:33:00,63.804999999999836,0.875,5.006276971361348,0.068654374264418,41.46499999999998,0.30736765947184125,5.752857142857043,2.2154209088651795,0,0.482266278646774,1,1,True,True,True,False
2.5,2025,1,2025-04-25 08:54:00,2025-04-25 09:30:00,True,0.5,3297.49,3297.76,3297.785,3286.6,11.184999999999945,2025-04-25 09:31:00,SL,2025-04-25 16:01:00,16.725000000000364,17.434999999999945,1.4953062136790742,1.5587840858292383,91.38999999999997,0.12238756975599024,13.275714285714328,0.8425158721618354,0,1.0729576457364673,-1,1,True,True,False,False
2.5,2025,-1,2025-07-01 15:41:00,2025-07-01 16:10:00,True,0.5,3352.16,3348.62,3350.39,3358.0699999999997,7.679999999999836,2025-07-01 16:37:00,SL,2025-07-02 22:55:00,22.699999999999818,7.8400000000001455,2.955729166666706,1.0208333333333741,51.02214285714285,0.15052288222200125,6.337857142857144,1.2117660317817838,0,2.245526127415883,1,1,True,True,False,False
2.5,2025,1,2025-08-27 10:15:00,2025-08-27 10:50:00,True,0.5,3378.18,3379.73,3379.125,3373.8,5.324999999999818,2025-08-27 12:52:00,SL,2025-08-27 14:38:00,0.6649999999999636,5.434999999999945,0.12488262910797865,1.0206572769953297,35.500714285714366,0.14999698195206793,4.217857142857123,1.2624894157493278,0,2.769688768606264,-1,-1,True,True,False,False
2.5,2025,1,2025-08-27 14:38:00,2025-08-27 14:50:00,True,0.5,3375.92,3376.72,3376.4799999999996,3373.69,2.789999999999509,2025-08-27 15:02:00,TP5,2025-08-27 19:19:00,13.950000000000273,2.2099999999995816,5.000000000000978,0.7921146953404913,35.500714285714366,0.07858996800867797,4.156428571428478,0.6712493555592715,0,2.431951219512223,1,-1,True,True,False,False
2.5,2025,-1,2025-09-24 04:10:00,2025-09-24 04:25:00,True,0.5,3761.59,3759.61,3760.6000000000004,3771.92,11.319999999999709,2025-09-24 04:27:00,SL,2025-09-24 08:21:00,9.850000000000364,11.399999999999636,0.8701413427562382,1.0070671378091811,49.76071428571436,0.22748869590180965,8.150000000000059,1.3889570552146782,0,1.7920300387596888,-1,1,True,True,False,False
2.5,2025,1,2025-10-30 00:00:00,2025-10-30 00:50:00,True,0.5,3944.86,3946.23,3945.785,3916.08,29.704999999999927,2025-10-30 00:51:00,SL,2025-10-30 05:01:00,20.80500000000029,30.204999999999927,0.700387140212097,1.0168321831341525,133.90285714285707,0.22183992659923996,20.782142857142976,1.4293521223577819,0,1.1987305681895382,-1,-1,True,True,False,False
2.5,2025,-1,2025-11-11 15:36:00,2025-11-11 16:05:00,True,0.5,4141.08,4139.86,4140.469999999999,4146.82,6.350000000000364,2025-11-11 16:08:00,TP5,2025-11-11 17:22:00,33.31999999999971,0.16000000000076398,5.247244094487843,0.025196850393819654,96.57857142857142,0.06574957473560025,7.902857142857231,0.8035068691251275,0,2.215722441809398,-1,1,True,True,False,False
2.5,2023,-1,2023-01-27 15:32:00,2023-01-27 16:00:00,True,0.75,1930.5,1928.81,1930.0774999999999,1935.1299999999999,5.052500000000009,2023-01-27 16:01:00,TP5,2023-01-31 11:32:00,25.80749999999989,4.492500000000291,5.107867392379979,0.8891637803068349,23.625714285714317,0.21385596807352775,3.176428571428541,1.5906228918372118,0,1.1024705687282341,1,-1,True,True,False,False
2.5,2023,1,2023-01-31 14:09:00,2023-01-31 14:35:00,True,0.75,1903.24,1903.55,1903.4375,1900.83,2.6075000000000728,2023-01-31 14:36:00,TP5,2023-01-31 15:32:00,13.472500000000082,1.5574999999998909,5.166826462128363,0.5973154362415523,23.876428571428587,0.10920812516828012,4.071428571428571,0.640438596491246,0,1.401454797367494,-1,-1,True,True,False,False
2.5,2023,-1,2023-02-06 02:59:00,2023-02-06 03:05:00,True,0.75,1865.75,1864.92,1865.5425,1870.1399999999999,4.5974999999998545,2023-02-06 03:06:00,SL,2023-02-06 03:22:00,0.0,4.827499999999873,0.0,1.0500271886895107,28.99285714285715,0.1585735402808523,3.8621428571428686,1.1904013316071347,1,1.4421608925425728,1,-1,True,True,False,False
2.5,2023,1,2023-03-13 09:04:00,2023-03-13 09:35:00,True,0.75,1874.41,1875.94,1874.9125,1871.53,3.3824999999999363,2023-03-13 09:49:00,TP5,2023-03-13 11:36:00,16.97750000000019,0.6524999999999181,5.019216555802073,0.1929046563192699,21.138571428571417,0.16001554369128584,4.43857142857142,0.7620695204377085,0,3.168301170515665,-1,1,True,True,False,False
2.5,2023,1,2023-05-26 03:50:00,2023-05-26 04:00:00,True,0.75,1940.44,1940.87,1940.6675,1936.75,3.917500000000018,2023-05-26 04:04:00,BE,2023-05-26 17:44:00,16.582499999999982,0.34750000000008185,4.232929164007634,0.088704530950882,23.803571428571395,0.16457614403601,2.1114285714285512,1.8553788903924486,0,1.0022844089091894,-1,-1,True,True,False,False
2.5,2023,-1,2023-06-08 17:32:00,2023-06-08 17:45:00,True,0.75,1965.97,1965.46,1965.8425,1970.62,4.777499999999918,2023-06-08 17:46:00,SL,2023-06-09 15:31:00,5.112500000000182,7.317499999999882,1.070120355834698,1.5316588173731045,24.183571428571423,0.19755146646188046,3.7500000000000164,1.2739999999999725,0,2.7418465778594627,1,1,True,True,False,False
2.5,2023,1,2023-06-27 02:36:00,2023-06-27 03:30:00,True,0.75,1922.81,1923.42,1923.1025000000002,1921.02,2.082500000000209,2023-06-27 03:43:00,BE,2023-06-27 13:16:00,7.307499999999891,1.4025000000001455,3.5090036014401713,0.6734693877551042,22.699999999999996,0.0917400881057361,1.4164285714285663,1.4702471003531536,0,1.3812909260991513,-1,1,True,True,False,False
2.5,2023,-1,2023-06-27 15:38:00,2023-06-27 15:50:00,True,0.75,1925.46,1925.12,1925.375,1930.58,5.204999999999927,2023-06-27 15:54:00,SL,2023-06-27 16:36:00,0.9250000000001819,5.414999999999964,0.17771373679158403,1.040345821325656,22.699999999999996,0.22929515418501886,2.799285714285751,1.8594029089052828,0,0.8913707215169497,-1,-1,True,True,True,False
2.5,2023,-1,2023-06-29 17:50:00,2023-06-29 18:40:00,True,0.75,1909.73,1909.06,1909.5625,1913.2099999999998,3.647499999999809,2023-06-29 18:42:00,SL,2023-06-30 15:43:00,8.912500000000136,4.4074999999998,2.4434544208363547,1.2083618917066568,20.755714285714298,0.175734737421699,4.8857142857142595,0.7465643274853451,0,1.277777777777774,-1,-1,True,True,True,True
2.5,2023,-1,2023-07-11 04:32:00,2023-07-11 04:40:00,True,0.75,1926.26,1925.53,1926.0774999999999,1927.9899999999998,1.912499999999909,2023-07-11 05:30:00,SL,2023-07-11 05:57:00,0.33750000000009095,1.9325000000001182,0.17647058823535006,1.0104575163399792,19.781428571428574,0.0966815916805038,1.355714285714287,1.4106954689145785,1,2.6929499072355867,1,-1,True,True,False,False
2.5,2023,-1,2023-07-11 13:19:00,2023-07-11 13:50:00,True,0.75,1936.32,1935.88,1936.21,1938.6,2.3899999999998727,2023-07-11 14:12:00,SL,2023-07-12 04:42:00,6.770000000000209,2.4299999999998363,2.832635983263837,1.0167364016736258,19.781428571428574,0.12082039430923021,3.0692857142857326,0.7786828019548061,0,1.4033846153846123,1,1,False,False,False,False
2.5,2023,-1,2023-07-27 10:49:00,2023-07-27 11:35:00,True,0.75,1977.56,1977.49,1977.5425,1982.25,4.707499999999982,2023-07-27 12:16:00,TP5,2023-07-27 16:31:00,23.71250000000009,1.6874999999997726,5.03717472118963,0.35847052575672417,17.587857142857143,0.267656256345692,2.7535714285714255,1.7095979247730173,0,1.1425027563395627,1,1,True,True,False,False
2.5,2023,1,2023-07-27 12:51:00,2023-07-27 13:20:00,True,0.75,1975.93,1976.45,1976.1799999999998,1973.6,2.5799999999999272,2023-07-27 13:24:00,SL,2023-07-27 15:25:00,2.9300000000000637,3.3799999999998818,1.1356589147287388,1.3100775193798362,17.587857142857143,0.14669211712625993,2.77785714285715,0.9287734636152967,0,1.1425027563395627,1,1,True,True,True,True
2.5,2023,1,2023-08-25 17:02:00,2023-08-25 17:05:00,True,0.75,1915.72,1920.18,1916.9650000000001,1911.27,5.695000000000164,2023-08-25 17:08:00,SL,2023-08-25 17:27:00,5.404999999999745,7.1550000000002,0.9490781387181019,1.2563652326602273,15.289999999999996,0.3724656638325811,2.9471428571428566,1.9323800290839144,0,0.5612194722176641,1,1,False,False,True,False
2.5,2023,-1,2023-08-31 15:32:00,2023-08-31 15:40:00,True,0.75,1944.92,1943.7,1944.615,1947.96,3.3450000000000273,2023-08-31 15:41:00,SL,2023-09-01 15:30:00,6.294999999999845,7.7150000000001455,1.8819133034379056,2.3064275037369453,15.496428571428542,0.21585618806176757,1.7514285714285864,1.9098694942903744,0,1.2955974842767226,1,1,True,True,False,False
2.5,2023,1,2023-09-28 11:31:00,2023-09-28 12:45:00,True,0.75,1874.99,1876.09,1875.415,1873.63,1.7849999999998545,2023-09-28 13:06:00,SL,2023-09-28 15:45:00,4.184999999999945,3.0149999999998727,2.344537815126211,1.6890756302521672,15.300714285714305,0.11666122029782891,1.892142857142874,0.9433748584370608,0,1.2435870256518815,-1,-1,True,True,False,False
2.5,2023,1,2023-10-04 03:11:00,2023-10-04 03:40:00,True,0.75,1823.79,1824.52,1824.1725,1821.82,2.3524999999999636,2023-10-04 03:53:00,SL,2023-10-04 04:35:00,0.15750000000002728,3.072499999999991,0.06695005313497544,1.3060573857598463,18.387857142857115,0.12793769179971076,2.023571428571472,1.162548535121736,0,1.9778320113890508,-1,-1,True,True,False,False
2.5,2023,-1,2023-10-20 02:32:00,2023-10-20 03:05:00,True,0.75,1976.18,1976.01,1976.1375,1982.4,6.2625000000000455,2023-10-20 03:06:00,SL,2023-10-20 11:14:00,4.057499999999891,6.2625000000000455,0.6479041916167443,1.0,25.38499999999999,0.24670080756352364,4.897142857142853,1.2788068844807572,0,1.5931217810267353,1,1,True,True,False,False
2.5,2023,-1,2023-11-28 02:52:00,2023-11-28 03:20:00,True,0.75,2016.2,2015.47,2016.0175,2018.28,2.2625000000000455,2023-11-28 03:40:00,SL,2023-11-28 15:42:00,4.277499999999918,5.602500000000191,1.8906077348065558,2.4762430939226867,20.879285714285725,0.10836098662379193,1.88714285714283,1.1989023467070814,0,4.527659574468074,1,1,True,True,False,False
2.5,2024,-1,2024-02-02 08:09:00,2024-02-02 08:25:00,True,0.75,2055.26,2054.77,2055.1375000000003,2057.0299999999997,1.8924999999994725,2024-02-02 08:28:00,SL,2024-02-02 09:24:00,0.8475000000003092,1.9024999999996908,0.4478203434613186,1.0052840158521643,21.29285714285712,0.08887957061386328,1.8349999999999065,1.0313351498635253,0,1.1883867577509075,-1,1,True,True,False,False
2.5,2024,-1,2024-04-02 12:31:00,2024-04-02 13:05:00,True,0.75,2260.45,2258.98,2260.0825,2266.98,6.897500000000036,2024-04-02 13:28:00,SL,2024-04-02 17:03:00,6.592499999999745,13.857500000000073,0.9557810801014441,2.0090612540775643,29.883571428571454,0.23081243875038943,3.9500000000001103,1.74620253164553,0,1.2425201001713413,1,1,True,True,False,False
2.5,2024,1,2024-06-27 09:01:00,2024-06-27 09:30:00,True,0.75,2300.46,2301.59,2300.9325000000003,2296.49,4.442500000000564,2024-06-27 09:37:00,TP5,2024-06-27 15:39:00,23.057499999999436,1.5325000000002547,5.1902082160937555,0.34496342149691844,33.26857142857148,0.13353443833735787,2.2721428571428857,1.955202766425876,0,2.0907715582451165,-1,1,True,True,False,False
2.5,2024,-1,2024-07-29 16:25:00,2024-07-29 16:50:00,True,0.75,2392.06,2390.62,2391.7,2396.84,5.140000000000327,2024-07-29 16:51:00,BE,2024-07-30 10:10:00,22.039999999999964,2.5200000000004366,4.287937743190382,0.49027237354090974,35.96,0.14293659621802912,4.241428571428644,1.21185584371848,0,1.6476493011435938,-1,1,True,True,False,False
2.5,2024,-1,2024-10-31 03:05:00,2024-10-31 03:45:00,True,0.75,2786.81,2785.97,2786.6,2790.19,3.5900000000001455,2024-10-31 04:02:00,TP5,2024-10-31 15:05:00,17.980000000000018,2.5599999999999454,5.008356545960805,0.713091922005527,29.34928571428564,0.12231984229356316,2.635714285714227,1.3620596205962914,0,1.0637039540385183,1,1,True,True,False,False
2.5,2024,1,2024-11-01 12:38:00,2024-11-01 13:10:00,True,0.75,2751.82,2752.95,2752.2725,2744.76,7.512499999999818,2024-11-01 13:11:00,SL,2024-11-01 16:40:00,9.947499999999764,8.972499999999854,1.3241264559068227,1.1943427620632374,31.14357142857138,0.24122153161624185,3.83428571428567,1.9592958271236711,0,1.8579051383398861,1,1,True,True,True,True
2.5,2024,1,2024-11-06 03:07:00,2024-11-06 03:30:00,True,0.75,2740.11,2741.06,2740.5175,2732.56,7.957499999999982,2024-11-06 03:32:00,SL,2024-11-06 05:29:00,9.112500000000182,10.127500000000055,1.14514608859569,1.2726987119070157,30.53499999999992,0.2606025871950222,3.8064285714286012,2.0905423156314296,0,1.5114931427467386,-1,1,True,True,False,False
2.5,2025,1,2025-03-12 15:25:00,2025-03-12 16:45:00,True,0.75,2917.99,2919.26,2918.4775,2906.05,12.427499999999782,2025-03-12 16:49:00,TP5,2025-03-13 18:31:00,62.852499999999964,0.5574999999998909,5.0575336954336,0.04486018909675322,41.46499999999998,0.29971059930060984,5.752857142857043,2.1602309411472556,0,0.482266278646774,1,1,True,True,True,False
2.5,2025,1,2025-04-25 08:54:00,2025-04-25 09:30:00,True,0.75,3297.49,3297.76,3297.7174999999997,3286.6,11.117499999999836,2025-04-25 09:31:00,SL,2025-04-25 16:01:00,16.792500000000473,17.367499999999836,1.510456487519741,1.5621767483696958,91.38999999999997,0.12164897691213306,13.275714285714328,0.8374313999784635,0,1.0729576457364673,-1,1,True,True,False,False
2.5,2025,-1,2025-07-01 15:41:00,2025-07-01 16:10:00,True,0.75,3352.16,3348.62,3351.2749999999996,3358.0699999999997,6.795000000000073,2025-07-01 16:56:00,BE,2025-07-02 21:11:00,23.58499999999958,3.2750000000005457,3.4709345106695113,0.48197203826350415,51.02214285714285,0.13317747196595459,6.337857142857144,1.0721289304632142,0,2.245526127415883,1,1,True,True,False,False
2.5,2025,1,2025-08-27 10:15:00,2025-08-27 10:50:00,True,0.75,3378.18,3379.73,3378.7375,3373.8,4.9375,2025-08-27 12:52:00,SL,2025-08-27 14:38:00,1.0524999999997817,5.047500000000127,0.2131645569619811,1.022278481012684,35.500714285714366,0.13908170861753252,4.217857142857123,1.1706181202370927,0,2.769688768606264,-1,-1,True,True,False,False
2.5,2025,1,2025-08-27 14:38:00,2025-08-27 14:50:00,True,0.75,3375.92,3376.72,3376.2799999999997,3373.69,2.5899999999996908,2025-08-27 15:04:00,BE,2025-08-27 16:45:00,8.490000000000236,2.0099999999997635,3.2779922779927606,0.7760617760617774,35.500714285714366,0.07295627854569443,4.156428571428478,0.6231311221858822,0,2.431951219512223,1,-1,True,True,False,False
2.5,2025,-1,2025-09-24 04:10:00,2025-09-24 04:25:00,True,0.75,3761.59,3759.61,3761.0950000000003,3771.92,10.824999999999818,2025-09-24 06:20:00,SL,2025-09-24 08:21:00,2.025000000000091,10.904999999999745,0.1870669745958545,1.0073903002309403,49.76071428571436,0.21754108949974482,8.150000000000059,1.3282208588956737,0,1.7920300387596888,-1,1,True,True,False,False
2.5,2025,1,2025-10-30 00:00:00,2025-10-30 00:50:00,True,0.75,3944.86,3946.23,3945.4425,3916.08,29.362500000000182,2025-10-30 00:51:00,SL,2025-10-30 05:01:00,21.147500000000036,29.862500000000182,0.7202213707960802,1.017028522775649,133.90285714285707,0.21928210216361688,20.782142857142976,1.4128716274273938,0,1.1987305681895382,-1,-1,True,True,False,False
2.5,2023,-1,2023-01-27 15:32:00,2023-01-27 16:00:00,True,1.0,1930.5,1928.81,1930.5,1935.1299999999999,4.629999999999882,2023-01-27 16:01:00,TP5,2023-01-31 10:30:00,24.470000000000027,4.070000000000164,5.285097192224763,0.8790496760259757,23.625714285714317,0.19597291087192606,3.176428571428541,1.4576118731729024,0,1.1024705687282341,1,-1,True,True,False,False
2.5,2023,1,2023-01-31 14:09:00,2023-01-31 14:35:00,True,1.0,1903.24,1903.55,1903.36,1900.83,2.5299999999999727,2023-01-31 14:36:00,TP5,2023-01-31 15:32:00,13.550000000000182,1.4799999999997908,5.355731225296572,0.5849802371540739,23.876428571428587,0.10596224608849013,4.071428571428571,0.6214035087719232,0,1.401454797367494,-1,-1,True,True,False,False
2.5,2023,-1,2023-02-06 02:59:00,2023-02-06 03:05:00,True,1.0,1865.75,1864.92,1865.75,1870.1399999999999,4.389999999999873,2023-02-06 03:06:00,SL,2023-02-06 03:22:00,0.010000000000218279,4.619999999999891,0.002277904328068011,1.0523917995444247,28.99285714285715,0.15141660507513724,3.8621428571428686,1.1366746809690778,1,1.4421608925425728,1,-1,True,True,False,False
2.5,2023,1,2023-03-13 09:04:00,2023-03-13 09:35:00,True,1.0,1874.41,1875.94,1874.53,1871.53,3.0,2023-03-13 09:50:00,TP5,2023-03-13 11:25:00,15.220000000000027,0.2699999999999818,5.073333333333342,0.08999999999999393,21.138571428571417,0.14192065959316086,4.43857142857142,0.6758931445123927,0,3.168301170515665,-1,1,True,True,False,False
2.5,2023,1,2023-05-26 03:50:00,2023-05-26 04:00:00,True,1.0,1940.44,1940.87,1940.56,1936.75,3.8099999999999454,2023-05-26 04:04:00,BE,2023-05-26 17:45:00,16.690000000000055,1.6299999999998818,4.380577427821599,0.4278215223096864,23.803571428571395,0.16006001500374886,2.1114285714285512,1.8044654939106815,0,1.0022844089091894,-1,-1,True,True,False,False
2.5,2023,-1,2023-06-08 17:32:00,2023-06-08 17:45:00,True,1.0,1965.97,1965.46,1965.97,1970.62,4.649999999999864,2023-06-08 17:46:00,SL,2023-06-09 15:31:00,5.2400000000002365,7.189999999999827,1.1268817204301915,1.546236559139793,24.183571428571423,0.1922792923176835,3.7500000000000164,1.2399999999999582,0,2.7418465778594627,1,1,True,True,False,False
2.5,2023,1,2023-06-27 02:36:00,2023-06-27 03:30:00,True,1.0,1922.81,1923.42,1922.95,1921.02,1.9300000000000637,2023-06-27 03:43:00,BE,2023-06-27 13:17:00,7.460000000000036,1.25,3.8652849740931554,0.6476683937823621,22.699999999999996,0.08502202643172088,1.4164285714285663,1.3625819465456879,0,1.3812909260991513,-1,1,True,True,False,False
2.5,2023,-1,2023-06-27 15:38:00,2023-06-27 15:50:00,True,1.0,1925.46,1925.12,1925.46,1930.58,5.119999999999891,2023-06-27 15:54:00,SL,2023-06-27 16:36:00,1.0100000000002183,5.329999999999927,0.19726562500004685,1.041015625000008,22.699999999999996,0.22555066079294678,2.799285714285751,1.8290380199029737,0,0.8913707215169497,-1,-1,True,True,True,False
2.5,2023,-1,2023-06-29 17:50:00,2023-06-29 18:40:00,True,1.0,1909.73,1909.06,1909.73,1913.2099999999998,3.479999999999791,2023-06-29 18:43:00,SL,2023-06-30 15:43:00,9.080000000000155,4.239999999999782,2.609195402299052,1.2183908045977117,20.755714285714298,0.16766467065867247,4.8857142857142595,0.712280701754347,0,1.277777777777774,-1,-1,True,True,True,True
2.5,2023,-1,2023-07-11 04:32:00,2023-07-11 04:40:00,True,1.0,1926.26,1925.53,1926.26,1927.9899999999998,1.7299999999997908,2023-07-11 05:31:00,SL,2023-07-11 05:57:00,0.0,1.75,0.0,1.0115606936417407,19.781428571428574,0.08745576659203101,1.355714285714287,1.276080084299107,1,2.6929499072355867,1,-1,True,True,False,False
2.5,2023,-1,2023-07-11 13:19:00,2023-07-11 13:50:00,True,1.0,1936.32,1935.88,1936.32,1938.6,2.2799999999999727,2023-07-11 14:18:00,BE,2023-07-12 03:42:00,6.880000000000109,1.3299999999999272,3.017543859649207,0.5833333333333084,19.781428571428574,0.11525962302303609,3.0692857142857326,0.7428438445426909,0,1.4033846153846123,1,1,False,False,False,False
2.5,2023,-1,2023-07-27 10:49:00,2023-07-27 11:35:00,True,1.0,1977.56,1977.49,1977.56,1982.25,4.690000000000055,2023-07-27 12:16:00,TP5,2023-07-27 16:31:00,23.730000000000018,1.6699999999998454,5.0597014925372585,0.3560767590617966,17.587857142857143,0.26666125167526605,2.7535714285714255,1.7032425421530697,0,1.1425027563395627,1,1,True,True,False,False
2.5,2023,1,2023-07-27 12:51:00,2023-07-27 13:20:00,True,1.0,1975.93,1976.45,1976.05,1973.6,2.4500000000000455,2023-07-27 13:24:00,SL,2023-07-27 15:25:00,3.0599999999999454,3.25,1.2489795918366893,1.3265306122448732,17.587857142857143,0.1393006538602146,2.77785714285715,0.8819748007199935,0,1.1425027563395627,1,1,True,True,True,True
2.5,2023,1,2023-08-25 17:02:00,2023-08-25 17:05:00,True,1.0,1915.72,1920.18,1915.8500000000001,1911.27,4.580000000000155,2023-08-25 17:08:00,SL,2023-08-25 17:27:00,6.519999999999754,6.040000000000191,1.4235807860260992,1.3187772925764163,15.289999999999996,0.299542184434281,2.9471428571428566,1.554047503635535,0,0.5612194722176641,1,1,False,False,True,False
2.5,2023,-1,2023-08-31 15:32:00,2023-08-31 15:40:00,True,1.0,1944.92,1943.7,1944.92,1947.96,3.0399999999999636,2023-08-31 15:41:00,SL,2023-09-01 15:30:00,6.599999999999909,7.410000000000082,2.1710526315789433,2.437500000000056,15.496428571428542,0.19617423369439765,1.7514285714285864,1.7357259380097523,0,1.2955974842767226,1,1,True,True,False,False
2.5,2023,1,2023-09-28 11:31:00,2023-09-28 12:45:00,True,1.0,1874.99,1876.09,1875.14,1873.63,1.509999999999991,2023-09-28 13:17:00,SL,2023-09-28 15:45:00,4.459999999999809,2.740000000000009,2.9536423841058514,1.814569536423858,15.300714285714305,0.09868820316511763,1.892142857142874,0.7980369950924758,0,1.2435870256518815,-1,-1,True,True,False,False
2.5,2023,1,2023-10-04 03:11:00,2023-10-04 03:40:00,True,1.0,1823.79,1824.52,1823.99,1821.82,2.1700000000000728,2023-10-04 03:53:00,SL,2023-10-04 04:35:00,0.33999999999991815,2.8900000000001,0.1566820276497266,1.331797235023043,18.387857142857115,0.11801266363672092,2.023571428571472,1.0723614542887527,0,1.9778320113890508,-1,-1,True,True,False,False
2.5,2023,-1,2023-10-20 02:32:00,2023-10-20 03:05:00,True,1.0,1976.18,1976.01,1976.18,1982.4,6.220000000000027,2023-10-20 03:06:00,SL,2023-10-20 11:14:00,4.099999999999909,6.220000000000027,0.6591639871382462,1.0,25.38499999999999,0.24502659050620562,4.897142857142853,1.2701283547257942,0,1.5931217810267353,1,1,True,True,False,False
2.5,2023,-1,2023-11-28 02:52:00,2023-11-28 03:20:00,True,1.0,2016.2,2015.47,2016.2,2018.28,2.0799999999999272,2023-11-28 03:40:00,SL,2023-11-28 15:42:00,4.460000000000036,5.420000000000073,2.1442307692308615,2.605769230769357,20.879285714285725,0.09962026615578998,1.88714285714283,1.1021953065858971,0,4.527659574468074,1,1,True,True,False,False
2.5,2024,-1,2024-02-02 08:09:00,2024-02-02 08:25:00,True,1.0,2055.26,2054.77,2055.26,2057.0299999999997,1.769999999999527,2024-02-02 08:28:00,SL,2024-02-02 09:24:00,0.9700000000002547,1.7799999999997453,0.5480225988703468,1.0056497175142491,21.29285714285712,0.08312646762829053,1.8349999999999065,0.9645776566755407,0,1.1883867577509075,-1,1,True,True,False,False
2.5,2024,-1,2024-04-02 12:31:00,2024-04-02 13:05:00,True,1.0,2260.45,2258.98,2260.45,2266.98,6.5300000000002,2024-04-02 13:29:00,SL,2024-04-02 17:03:00,6.959999999999582,13.490000000000236,1.0658499234302248,2.0658499234302945,29.883571428571454,0.2185147118579313,3.9500000000001103,1.65316455696203,0,1.2425201001713413,1,1,True,True,False,False
2.5,2024,1,2024-06-27 09:01:00,2024-06-27 09:30:00,True,1.0,2300.46,2301.59,2300.65,2296.49,4.160000000000309,2024-06-27 09:37:00,TP5,2024-06-27 15:39:00,23.33999999999969,1.25,5.610576923076431,0.3004807692307469,33.26857142857148,0.1250429405702599,2.2721428571428857,1.830870795347488,0,2.0907715582451165,-1,1,True,True,False,False
2.5,2024,-1,2024-07-29 16:25:00,2024-07-29 16:50:00,True,1.0,2392.06,2390.62,2392.06,2396.84,4.7800000000002,2024-07-29 16:51:00,BE,2024-07-30 10:10:00,22.40000000000009,2.1600000000003092,4.68619246861907,0.4518828451883303,35.96,0.13292547274750277,4.241428571428644,1.126978780734282,0,1.6476493011435938,-1,1,True,True,False,False
2.5,2024,-1,2024-10-31 03:05:00,2024-10-31 03:45:00,True,1.0,2786.81,2785.97,2786.81,2790.19,3.380000000000109,2024-10-31 04:02:00,TP5,2024-10-31 15:05:00,18.190000000000055,2.349999999999909,5.38165680473357,0.6952662721892997,29.34928571428564,0.1151646426050808,2.635714285714227,1.2823848238483084,0,1.0637039540385183,1,1,True,True,False,False
2.5,2024,1,2024-11-01 12:38:00,2024-11-01 13:10:00,True,1.0,2751.82,2752.95,2751.9900000000002,2744.76,7.230000000000018,2024-11-01 13:12:00,SL,2024-11-01 16:40:00,10.229999999999563,8.690000000000055,1.4149377593360357,1.2019363762102397,31.14357142857138,0.23215063874681868,3.83428571428567,1.8856184798808013,0,1.8579051383398861,1,1,True,True,True,True
2.5,2024,1,2024-11-06 03:07:00,2024-11-06 03:30:00,True,1.0,2740.11,2741.06,2740.28,2732.56,7.720000000000255,2024-11-06 04:39:00,SL,2024-11-06 05:29:00,4.75,9.890000000000327,0.6152849740932439,1.2810880829015545,30.53499999999992,0.2528246274766751,3.8064285714286012,2.0281478701445432,1,1.5114931427467386,-1,1,True,True,False,False
2.5,2025,1,2025-03-12 15:25:00,2025-03-12 16:45:00,True,1.0,2917.99,2919.26,2918.16,2906.05,12.109999999999673,2025-03-12 16:49:00,TP5,2025-03-13 18:00:00,60.57999999999993,0.23999999999978172,5.0024772914947615,0.01981833195704279,41.46499999999998,0.2920535391293785,5.752857142857043,2.1050409734293316,0,0.482266278646774,1,1,True,True,True,False
2.5,2025,1,2025-04-25 08:54:00,2025-04-25 09:30:00,True,1.0,3297.49,3297.76,3297.6499999999996,3286.6,11.049999999999727,2025-04-25 09:31:00,SL,2025-04-25 16:01:00,16.860000000000582,17.299999999999727,1.5257918552037102,1.5656108597285208,91.38999999999997,0.12091038406827585,13.275714285714328,0.8323469277950915,0,1.0729576457364673,-1,1,True,True,False,False
2.5,2025,-1,2025-07-01 15:41:00,2025-07-01 16:10:00,True,1.0,3352.16,3348.62,3352.16,3358.0699999999997,5.9099999999998545,2025-07-01 16:58:00,BE,2025-07-02 21:16:00,24.4699999999998,2.3900000000003274,4.140439932318173,0.40439932318111443,51.02214285714285,0.11583206170989901,6.337857142857144,0.9324918291445727,0,2.245526127415883,1,1,True,True,False,False
2.5,2025,1,2025-08-27 10:15:00,2025-08-27 10:50:00,True,1.0,3378.18,3379.73,3378.35,3373.8,4.549999999999727,2025-08-27 12:54:00,SL,2025-08-27 14:38:00,1.0100000000002183,4.6599999999998545,0.22197802197808325,1.0241758241758536,35.500714285714366,0.12816643528298433,4.217857142857123,1.0787468247247498,0,2.769688768606264,-1,-1,True,True,False,False
2.5,2025,1,2025-08-27 14:38:00,2025-08-27 14:50:00,True,1.0,3375.92,3376.72,3376.08,3373.69,2.3899999999998727,2025-08-27 15:04:00,BE,2025-08-27 16:45:00,8.690000000000055,1.8099999999999454,3.635983263598543,0.757322175732235,35.500714285714366,0.0673225890827109,4.156428571428478,0.575012888812493,0,2.431951219512223,1,-1,True,True,False,False
2.5,2025,-1,2025-09-24 04:10:00,2025-09-24 04:25:00,True,1.0,3761.59,3759.61,3761.59,3771.92,10.329999999999927,2025-09-24 06:29:00,SL,2025-09-24 08:21:00,1.1399999999998727,10.409999999999854,0.1103581800580717,1.0077444336882795,49.76071428571436,0.20759348309768,8.150000000000059,1.267484662576669,0,1.7920300387596888,-1,1,True,True,False,False
2.5,2025,1,2025-10-30 00:00:00,2025-10-30 00:50:00,True,1.0,3944.86,3946.23,3945.1,3916.08,29.019999999999982,2025-10-30 00:51:00,SL,2025-10-30 05:01:00,21.490000000000236,29.519999999999982,0.7405237767057288,1.0172294968986906,133.90285714285707,0.2167242777279904,20.782142857142976,1.3963911324969838,0,1.1987305681895382,-1,-1,True,True,False,False
