child_id,route_id,role,direction,entry_time,exit_time,semantic_entry,actual_entry,actual_exit,structural_sl,atr180,era_risk,volume,price_pnl,calc_profit,position_id,exit_reason,policy_exit_time,policy_exit_price,policy_pnl,policy_reason,policy_changed
249,89,INDEPENDENT_CHILD,UP,2025-01-03 05:08:48,2025-01-06 06:22:34,2664.34,2664.54,2635.86,2636.0,13.31011482,2.12920778,0.01,-28.68,-28.68,491,STRUCTURAL_SL,2025-01-06 06:22:34,2635.86,-28.68,STRUCTURAL_SL,False
248,89,INDEPENDENT_CHILD,UP,2025-01-02 17:34:15,2025-01-06 08:23:03,2651.68,2652.22,2631.03,2631.09,13.35078469,1.54223145,0.01,-21.19,-21.19,490,STRUCTURAL_SL,2025-01-06 08:23:03,2631.03,-21.19,STRUCTURAL_SL,False
254,89,INDEPENDENT_CHILD,UP,2025-01-10 08:57:55,2025-01-10 15:30:03,2678.29,2678.54,2666.65,2668.34,12.98775238,0.76610638,0.01,-11.89,-11.89,498,STRUCTURAL_SL,2025-01-10 15:30:03,2666.65,-11.89,STRUCTURAL_SL,False
246,89,INDEPENDENT_CHILD,UP,2025-01-02 11:01:47,2025-01-13 12:04:52,2638.21,2638.48,2679.28,2605.34,13.32645529,2.46652236,0.01,40.8,40.8,488,CHALLENGE_OPENS,2025-01-13 04:00:00,2685.49,47.00999999999976,CONFIRMED_CYCLE2_ALL_CLOSE,True
247,89,INDEPENDENT_CHILD,UP,2025-01-02 11:02:21,2025-01-13 12:04:52,2639.03,2639.26,2679.39,2605.34,13.32645529,2.5280541,0.01,40.13,40.13,489,CHALLENGE_OPENS,2025-01-13 04:00:00,2685.49,46.22999999999956,CONFIRMED_CYCLE2_ALL_CLOSE,True
250,89,INDEPENDENT_CHILD,UP,2025-01-07 14:07:20,2025-01-13 12:04:52,2649.37,2649.63,2679.33,2637.02,13.24560031,0.93238507,0.01,29.7,29.7,494,CHALLENGE_OPENS,2025-01-13 04:00:00,2685.49,35.85999999999967,CONFIRMED_CYCLE2_ALL_CLOSE,True
251,89,INDEPENDENT_CHILD,UP,2025-01-08 16:13:11,2025-01-13 12:04:52,2664.23,2664.51,2679.29,2645.23,13.17448791,1.44218129,0.01,14.78,14.78,495,CHALLENGE_OPENS,2025-01-13 04:00:00,2685.49,20.979999999999563,CONFIRMED_CYCLE2_ALL_CLOSE,True
252,89,INDEPENDENT_CHILD,UP,2025-01-08 16:32:05,2025-01-13 12:04:52,2665.2,2665.47,2679.33,2645.23,13.17448791,1.51580844,0.01,13.86,13.86,496,CHALLENGE_OPENS,2025-01-13 04:00:00,2685.49,20.019999999999982,CONFIRMED_CYCLE2_ALL_CLOSE,True
253,89,INDEPENDENT_CHILD,UP,2025-01-09 13:27:23,2025-01-13 12:04:52,2670.02,2670.2,2679.35,2655.45,13.11043274,1.11132869,0.01,9.15,9.15,497,CHALLENGE_OPENS,2025-01-13 04:00:00,2685.49,15.289999999999964,CONFIRMED_CYCLE2_ALL_CLOSE,True
255,90,INDEPENDENT_CHILD,DOWN,2025-01-13 17:55:40,2025-01-14 21:36:18,2663.69,2663.64,2675.65,2691.25,13.02283749,2.11628226,0.01,-12.01,-12.01,506,CHALLENGE_OPENS,2025-01-14 21:36:18,2675.65,-12.01,CHALLENGE_OPENS,False
256,91,INDEPENDENT_CHILD,UP,2025-01-16 02:23:50,2025-01-20 03:05:13,2697.99,2698.2,2690.15,2676.7,12.87914062,1.65306061,0.01,-8.05,-8.05,508,CHALLENGE_OPENS,2025-01-20 03:05:13,2690.15,-8.05,CHALLENGE_OPENS,False
262,92,INDEPENDENT_CHILD,UP,2025-01-22 11:32:21,2025-01-23 11:25:01,2762.22,2762.1,2745.48,2745.54,12.70009555,1.31337595,0.01,-16.62,-16.62,515,STRUCTURAL_SL,2025-01-23 11:25:01,2745.48,-16.62,STRUCTURAL_SL,False
263,92,INDEPENDENT_CHILD,UP,2025-01-24 04:00:24,2025-01-27 08:22:32,2763.36,2763.62,2751.25,2751.27,12.60699973,0.95899106,0.01,-12.37,-12.37,517,STRUCTURAL_SL,2025-01-27 01:00:05,2769.67,6.050000000000182,CONFIRMED_CYCLE2_ALL_CLOSE,True
257,92,INDEPENDENT_CHILD,UP,2025-01-21 03:41:11,2025-01-27 18:51:01,2713.72,2714.01,2735.78,2701.81,12.6900282,0.93853219,0.01,21.77,21.77,510,CHALLENGE_OPENS,2025-01-27 01:00:05,2769.67,55.659999999999854,CONFIRMED_CYCLE2_ALL_CLOSE,True
258,92,INDEPENDENT_CHILD,UP,2025-01-21 03:55:38,2025-01-27 18:51:01,2717.34,2717.56,2735.84,2701.81,12.6900282,1.22379555,0.01,18.28,18.28,511,CHALLENGE_OPENS,2025-01-27 01:00:05,2769.67,52.11000000000013,CONFIRMED_CYCLE2_ALL_CLOSE,True
259,92,INDEPENDENT_CHILD,UP,2025-01-21 04:39:24,2025-01-27 18:51:01,2724.65,2725.02,2735.82,2701.81,12.71075026,1.79690416,0.01,10.8,10.8,512,CHALLENGE_OPENS,2025-01-27 01:00:05,2769.67,44.65000000000009,CONFIRMED_CYCLE2_ALL_CLOSE,True
260,92,INDEPENDENT_CHILD,UP,2025-01-21 05:00:12,2025-01-27 18:51:01,2726.03,2726.3,2735.84,2702.74,12.71075026,1.83230726,0.01,9.54,9.54,513,CHALLENGE_OPENS,2025-01-27 01:00:05,2769.67,43.36999999999989,CONFIRMED_CYCLE2_ALL_CLOSE,True
261,92,INDEPENDENT_CHILD,UP,2025-01-22 03:16:20,2025-01-27 18:51:01,2749.93,2750.14,2735.84,2716.47,12.72759639,2.62893315,0.01,-14.3,-14.3,514,CHALLENGE_OPENS,2025-01-27 01:00:05,2769.67,19.5300000000002,CONFIRMED_CYCLE2_ALL_CLOSE,True
264,93,INDEPENDENT_CHILD,UP,2025-01-30 08:58:03,2025-02-03 01:24:30,2766.25,2766.48,2790.59,2744.66,12.35968016,1.74680896,0.01,24.11,24.11,524,CHALLENGE_OPENS,2025-02-03 01:24:30,2790.59,24.11,CHALLENGE_OPENS,False
265,93,INDEPENDENT_CHILD,UP,2025-01-30 10:12:40,2025-02-03 01:24:30,2771.94,2772.11,2790.2,2758.77,12.35968016,1.06556155,0.01,18.09,18.09,525,CHALLENGE_OPENS,2025-02-03 01:24:30,2790.2,18.09,CHALLENGE_OPENS,False
266,93,INDEPENDENT_CHILD,UP,2025-01-30 15:58:11,2025-02-03 01:24:30,2785.92,2786.07,2790.02,2758.77,12.3818486,2.19272589,0.01,3.95,3.95,526,CHALLENGE_OPENS,2025-02-03 01:24:30,2790.02,3.95,CHALLENGE_OPENS,False
267,93,INDEPENDENT_CHILD,UP,2025-01-30 17:15:00,2025-02-03 01:24:30,2790.01,2790.23,2790.05,2758.77,12.380505,2.52332195,0.01,-0.18,-0.18,527,CHALLENGE_OPENS,2025-02-03 01:24:30,2790.05,-0.18,CHALLENGE_OPENS,False
268,94,INDEPENDENT_CHILD,UP,2025-02-03 16:36:24,2025-02-12 12:43:16,2817.17,2817.78,2881.67,2772.09,12.50170708,3.60590756,0.01,63.89,63.89,532,CHALLENGE_OPENS,2025-02-06 12:00:00,2859.36,41.57999999999993,CONFIRMED_CYCLE2_ALL_CLOSE,True
269,94,INDEPENDENT_CHILD,UP,2025-02-04 15:21:51,2025-02-12 12:43:16,2830.71,2831.01,2881.67,2807.19,12.54019853,1.87556839,0.01,50.66,50.66,533,CHALLENGE_OPENS,2025-02-06 12:00:00,2859.36,28.34999999999991,CONFIRMED_CYCLE2_ALL_CLOSE,True
270,94,INDEPENDENT_CHILD,UP,2025-02-07 17:19:07,2025-02-12 12:43:16,2882.36,2882.79,2881.66,2834.13,12.75911853,3.78004169,0.01,-1.13,-1.13,534,CHALLENGE_OPENS,2025-02-12 12:43:16,2881.66,-1.13,CHALLENGE_OPENS,False
271,94,INDEPENDENT_CHILD,UP,2025-02-10 08:46:44,2025-02-12 12:43:16,2886.74,2887.52,2881.66,2853.84,12.86750883,2.55682747,0.01,-5.86,-5.86,535,CHALLENGE_OPENS,2025-02-12 12:43:16,2881.66,-5.86,CHALLENGE_OPENS,False
273,95,INDEPENDENT_CHILD,UP,2025-02-13 20:56:23,2025-02-14 17:22:37,2922.71,2922.68,2905.79,2905.84,13.44253314,1.2549718,0.01,-16.89,-16.89,541,STRUCTURAL_SL,2025-02-14 17:22:37,2905.79,-16.89,STRUCTURAL_SL,False
272,95,INDEPENDENT_CHILD,UP,2025-02-13 05:15:57,2025-02-14 17:33:53,2909.12,2909.64,2893.44,2893.48,13.41736572,1.16565355,0.01,-16.2,-16.2,540,STRUCTURAL_SL,2025-02-14 17:33:53,2893.44,-16.2,STRUCTURAL_SL,False
274,95,INDEPENDENT_CHILD,UP,2025-02-18 05:02:42,2025-02-19 18:00:23,2906.39,2906.54,2923.51,2888.27,13.4543985,1.34677147,0.01,16.97,16.97,544,CHALLENGE_OPENS,2025-02-19 18:00:23,2923.51,16.97,CHALLENGE_OPENS,False
275,95,INDEPENDENT_CHILD,UP,2025-02-19 10:37:42,2025-02-19 18:00:23,2939.94,2940.08,2923.46,2924.11,13.44835869,1.17709531,0.01,-16.62,-16.62,545,TICK_COLLISION_STOP_CHALLENGE_OPENS,2025-02-19 18:00:23,2923.46,-16.62,TICK_COLLISION_STOP_CHALLENGE_OPENS,False
276,95,INDEPENDENT_CHILD,UP,2025-02-19 11:15:49,2025-02-19 18:00:23,2942.55,2943.29,2923.47,2924.11,13.44835869,1.37117104,0.01,-19.82,-19.82,546,TICK_COLLISION_STOP_CHALLENGE_OPENS,2025-02-19 18:00:23,2923.47,-19.82,TICK_COLLISION_STOP_CHALLENGE_OPENS,False
277,96,INDEPENDENT_CHILD,UP,2025-02-20 08:00:01,2025-02-20 15:51:36,2946.94,2947.14,2934.26,2933.96,13.51150068,0.96066309,0.01,-12.88,-12.88,550,STRUCTURAL_SL,2025-02-20 15:51:36,2934.26,-12.88,STRUCTURAL_SL,False
278,97,INDEPENDENT_CHILD,DOWN,2025-02-21 10:21:42,2025-02-24 14:02:10,2918.52,2918.52,2950.56,2949.68,13.6344039,2.28539511,0.01,-32.04,-32.04,552,TICK_COLLISION_STOP_CHALLENGE_OPENS,2025-02-24 14:02:10,2950.56,-32.04,TICK_COLLISION_STOP_CHALLENGE_OPENS,False
279,98,INDEPENDENT_CHILD,UP,2025-02-24 16:00:30,2025-02-24 16:40:12,2954.85,2955.07,2934.64,2934.92,13.73962609,1.45054894,0.01,-20.43,-20.43,554,STRUCTURAL_SL,2025-02-24 16:40:12,2934.64,-20.43,STRUCTURAL_SL,False
280,99,INDEPENDENT_CHILD,DOWN,2025-02-25 17:17:51,2025-03-03 14:31:54,2921.1,2921.3,2877.25,2953.62,13.78893337,2.35841302,0.01,44.05,44.05,556,CHALLENGE_OPENS,2025-03-03 04:00:00,2871.0,50.30000000000018,CONFIRMED_CYCLE2_ALL_CLOSE,True
281,99,INDEPENDENT_CHILD,DOWN,2025-02-25 17:21:27,2025-03-03 14:31:54,2916.77,2916.68,2877.28,2953.62,13.78893337,2.67243296,0.01,39.4,39.4,557,CHALLENGE_OPENS,2025-03-03 04:00:00,2871.0,45.679999999999836,CONFIRMED_CYCLE2_ALL_CLOSE,True
282,99,INDEPENDENT_CHILD,DOWN,2025-02-27 07:36:41,2025-03-03 14:31:54,2890.81,2890.46,2877.27,2920.74,13.99149121,2.13915726,0.01,13.19,13.19,558,CHALLENGE_OPENS,2025-03-03 04:00:00,2871.0,19.460000000000036,CONFIRMED_CYCLE2_ALL_CLOSE,True
283,99,INDEPENDENT_CHILD,DOWN,2025-02-27 09:44:16,2025-03-03 14:31:54,2888.2,2888.04,2877.27,2920.74,14.05987182,2.3143881,0.01,10.77,10.77,559,CHALLENGE_OPENS,2025-03-03 04:00:00,2871.0,17.039999999999964,CONFIRMED_CYCLE2_ALL_CLOSE,True
284,99,INDEPENDENT_CHILD,DOWN,2025-02-27 16:46:47,2025-03-03 14:31:54,2876.94,2876.85,2877.22,2894.97,14.09859577,1.27885077,0.01,-0.37,-0.37,560,CHALLENGE_OPENS,2025-03-03 04:00:00,2871.0,5.849999999999909,CONFIRMED_CYCLE2_ALL_CLOSE,True
285,99,INDEPENDENT_CHILD,DOWN,2025-02-28 05:41:31,2025-03-03 14:31:54,2867.71,2867.79,2877.15,2887.67,14.15317271,1.41028449,0.01,-9.36,-9.36,561,CHALLENGE_OPENS,2025-03-03 04:00:00,2871.0,-3.2100000000000364,CONFIRMED_CYCLE2_ALL_CLOSE,True
286,99,INDEPENDENT_CHILD,DOWN,2025-02-28 05:44:43,2025-03-03 14:31:54,2863.72,2863.71,2877.15,2887.67,14.15317271,1.69220008,0.01,-13.44,-13.44,562,CHALLENGE_OPENS,2025-03-03 04:00:00,2871.0,-7.289999999999964,CONFIRMED_CYCLE2_ALL_CLOSE,True
287,99,INDEPENDENT_CHILD,DOWN,2025-02-28 10:44:36,2025-03-03 14:31:54,2852.35,2852.3,2877.15,2884.98,14.19076619,2.29938254,0.01,-24.85,-24.85,563,CHALLENGE_OPENS,2025-03-03 04:00:00,2871.0,-18.699999999999818,CONFIRMED_CYCLE2_ALL_CLOSE,True
288,99,INDEPENDENT_CHILD,DOWN,2025-02-28 16:55:55,2025-03-03 14:31:54,2834.13,2834.26,2877.15,2884.98,14.21166141,3.57804753,0.01,-42.89,-42.89,564,CHALLENGE_OPENS,2025-03-03 04:00:00,2871.0,-36.73999999999978,CONFIRMED_CYCLE2_ALL_CLOSE,True
289,100,INDEPENDENT_CHILD,UP,2025-03-04 09:27:06,2025-03-06 11:54:40,2895.13,2895.44,2894.31,2881.77,14.3079885,0.93374411,0.01,-1.13,-1.13,574,CHALLENGE_OPENS,2025-03-06 11:54:40,2894.31,-1.13,CHALLENGE_OPENS,False
290,100,INDEPENDENT_CHILD,UP,2025-03-04 11:31:14,2025-03-06 11:54:40,2920.74,2921.01,2894.3,2884.28,14.3079885,2.54822682,0.01,-26.71,-26.71,575,CHALLENGE_OPENS,2025-03-06 11:54:40,2894.3,-26.71,CHALLENGE_OPENS,False
291,100,INDEPENDENT_CHILD,UP,2025-03-05 18:20:46,2025-03-06 11:54:40,2927.8,2928.05,2894.3,2894.3,14.52224246,2.30680627,0.01,-33.75,-33.75,576,TICK_COLLISION_STOP_CHALLENGE_OPENS,2025-03-06 11:54:40,2894.3,-33.75,TICK_COLLISION_STOP_CHALLENGE_OPENS,False
292,101,INDEPENDENT_CHILD,UP,2025-03-07 16:55:29,2025-03-10 10:33:36,2926.54,2926.93,2902.0,2896.23,14.69090261,2.0631816,0.01,-24.93,-24.93,580,CHALLENGE_OPENS,2025-03-10 10:33:36,2902.0,-24.93,CHALLENGE_OPENS,False
293,101,INDEPENDENT_CHILD,UP,2025-03-07 17:01:01,2025-03-10 10:33:36,2929.87,2930.09,2901.99,2896.23,14.69090261,2.2898525,0.01,-28.1,-28.1,581,CHALLENGE_OPENS,2025-03-10 10:33:36,2901.99,-28.1,CHALLENGE_OPENS,False
294,102,INDEPENDENT_CHILD,DOWN,2025-03-10 13:40:20,2025-03-11 14:42:56,2896.23,2895.93,2915.64,2915.5,14.68493624,1.31222905,0.01,-19.71,-19.71,584,STRUCTURAL_SL,2025-03-11 14:42:56,2915.64,-19.71,STRUCTURAL_SL,False
295,102,INDEPENDENT_CHILD,DOWN,2025-03-10 19:10:47,2025-03-11 14:42:56,2891.21,2891.26,2915.74,2915.5,14.69051993,1.65344727,0.01,-24.48,-24.48,585,STRUCTURAL_SL,2025-03-11 14:42:56,2915.74,-24.48,STRUCTURAL_SL,False
300,103,INDEPENDENT_CHILD,UP,2025-03-19 05:55:40,2025-03-19 11:00:03,3038.22,3038.47,3024.61,3024.62,14.43549214,0.94212237,0.01,-13.86,-13.86,592,STRUCTURAL_SL,2025-03-19 11:00:03,3024.61,-13.86,STRUCTURAL_SL,False
301,103,INDEPENDENT_CHILD,UP,2025-03-19 20:36:40,2025-03-20 12:36:03,3045.31,3045.46,3026.19,3025.91,14.47191324,1.34052766,0.01,-19.27,-19.27,594,STRUCTURAL_SL,2025-03-20 12:00:00,3041.35,-4.110000000000127,CONFIRMED_CYCLE2_ALL_CLOSE,True
296,103,INDEPENDENT_CHILD,UP,2025-03-12 18:08:17,2025-03-21 07:42:03,2930.3,2930.65,3025.4,2906.05,14.60151765,1.66078627,0.01,94.75,94.75,588,CHALLENGE_OPENS,2025-03-20 12:00:00,3041.35,110.69999999999982,CONFIRMED_CYCLE2_ALL_CLOSE,True
297,103,INDEPENDENT_CHILD,UP,2025-03-13 04:55:12,2025-03-21 07:42:03,2944.84,2945.09,3025.45,2930.73,14.59052566,0.96706591,0.01,80.36,80.36,589,CHALLENGE_OPENS,2025-03-20 12:00:00,3041.35,96.25999999999976,CONFIRMED_CYCLE2_ALL_CLOSE,True
298,103,INDEPENDENT_CHILD,UP,2025-03-13 16:36:42,2025-03-21 07:42:03,2956.2,2956.35,3025.73,2932.92,14.56333739,1.59853469,0.01,69.38,69.38,590,CHALLENGE_OPENS,2025-03-20 12:00:00,3041.35,85.0,CONFIRMED_CYCLE2_ALL_CLOSE,True
299,103,INDEPENDENT_CHILD,UP,2025-03-18 03:28:16,2025-03-21 07:42:03,3004.91,3005.12,3025.73,2984.77,14.52475522,1.38659824,0.01,20.61,20.61,591,CHALLENGE_OPENS,2025-03-20 12:00:00,3041.35,36.23000000000002,CONFIRMED_CYCLE2_ALL_CLOSE,True
302,104,INDEPENDENT_CHILD,DOWN,2025-03-21 07:42:21,2025-03-25 16:03:36,3022.52,3021.85,3033.59,3047.45,14.40068463,1.73116769,0.01,-11.74,-11.74,600,CHALLENGE_OPENS,2025-03-25 16:03:36,3033.59,-11.74,CHALLENGE_OPENS,False
303,105,INDEPENDENT_CHILD,DOWN,2025-03-26 17:02:17,2025-03-27 04:42:09,3013.28,3013.25,3030.71,3030.37,14.32285395,1.19319795,0.01,-17.46,-17.46,602,STRUCTURAL_SL,2025-03-27 04:42:09,3030.71,-17.46,STRUCTURAL_SL,False
304,106,INDEPENDENT_CHILD,UP,2025-03-27 06:27:23,2025-04-03 13:28:34,3036.0,3036.23,3104.84,3012.28,14.23047648,1.6668451,0.01,68.61,68.61,604,CHALLENGE_OPENS,2025-04-03 12:00:00,3129.04,92.80999999999995,CONFIRMED_CYCLE2_ALL_CLOSE,True
305,106,INDEPENDENT_CHILD,UP,2025-03-27 06:36:43,2025-04-03 13:28:34,3038.1,3038.67,3104.83,3012.28,14.23047648,1.8144157,0.01,66.16,66.16,605,CHALLENGE_OPENS,2025-04-03 12:00:00,3129.04,90.36999999999989,CONFIRMED_CYCLE2_ALL_CLOSE,True
306,106,INDEPENDENT_CHILD,UP,2025-03-27 12:16:04,2025-04-03 13:28:34,3047.45,3048.07,3105.08,3026.55,14.23749466,1.4679549,0.01,57.01,57.01,606,CHALLENGE_OPENS,2025-04-03 12:00:00,3129.04,80.9699999999998,CONFIRMED_CYCLE2_ALL_CLOSE,True
307,106,INDEPENDENT_CHILD,UP,2025-03-27 16:39:34,2025-04-03 13:28:34,3057.44,3058.15,3105.16,3026.55,14.28350858,2.16263391,0.01,47.01,47.01,607,CHALLENGE_OPENS,2025-04-03 12:00:00,3129.04,70.88999999999987,CONFIRMED_CYCLE2_ALL_CLOSE,True
308,106,INDEPENDENT_CHILD,UP,2025-04-01 03:56:50,2025-04-03 13:28:34,3127.78,3128.07,3105.13,3099.64,14.58428034,1.9294747,0.01,-22.94,-22.94,608,CHALLENGE_OPENS,2025-04-03 12:00:00,3129.04,0.9699999999997999,CONFIRMED_CYCLE2_ALL_CLOSE,True
309,106,INDEPENDENT_CHILD,UP,2025-04-02 23:28:39,2025-04-03 13:28:34,3135.7,3137.8,3105.41,3100.78,14.8867869,2.3457043,0.01,-32.39,-32.39,609,CHALLENGE_OPENS,2025-04-03 12:00:00,3129.04,-8.760000000000218,CONFIRMED_CYCLE2_ALL_CLOSE,True
310,106,INDEPENDENT_CHILD,UP,2025-04-03 02:01:33,2025-04-03 13:28:34,3148.91,3149.07,3105.4,3100.78,15.01580475,3.20528941,0.01,-43.67,-43.67,610,CHALLENGE_OPENS,2025-04-03 12:00:00,3129.04,-20.0300000000002,CONFIRMED_CYCLE2_ALL_CLOSE,True
311,108,INDEPENDENT_CHILD,UP,2025-04-09 14:19:12,2025-04-14 13:23:40,3055.54,3055.84,3208.16,2999.66,18.32467031,3.04944095,0.01,152.32,152.32,618,CHALLENGE_OPENS,2025-04-14 13:23:40,3208.16,152.32,CHALLENGE_OPENS,False
312,108,INDEPENDENT_CHILD,UP,2025-04-10 17:05:06,2025-04-14 13:23:40,3136.65,3137.26,3208.45,3103.32,19.13690367,1.74166106,0.01,71.19,71.19,619,CHALLENGE_OPENS,2025-04-14 13:23:40,3208.45,71.19,CHALLENGE_OPENS,False
313,108,INDEPENDENT_CHILD,UP,2025-04-10 18:28:12,2025-04-14 13:23:40,3167.78,3167.96,3208.32,3103.32,19.13690367,3.368361,0.01,40.36,40.36,620,CHALLENGE_OPENS,2025-04-14 13:23:40,3208.32,40.36,CHALLENGE_OPENS,False
314,108,INDEPENDENT_CHILD,UP,2025-04-14 05:10:10,2025-04-14 13:23:40,3245.31,3245.71,3208.16,3209.18,19.73398019,1.83085215,0.01,-37.55,-37.55,621,TICK_COLLISION_STOP_CHALLENGE_OPENS,2025-04-14 13:23:40,3208.16,-37.55,TICK_COLLISION_STOP_CHALLENGE_OPENS,False
317,109,INDEPENDENT_CHILD,UP,2025-04-21 03:33:16,2025-04-23 09:03:00,3357.5,3357.85,3310.5,3310.95,20.29050309,2.29417673,0.01,-47.35,-47.35,628,STRUCTURAL_SL,2025-04-22 16:00:00,3431.31,73.46000000000004,CONFIRMED_CYCLE2_ALL_CLOSE,True
315,109,INDEPENDENT_CHILD,UP,2025-04-15 23:02:25,2025-04-23 16:40:37,3232.62,3232.92,3282.92,3211.59,19.71119022,1.06690665,0.01,50.0,50.0,626,CHALLENGE_OPENS,2025-04-22 16:00:00,3431.31,198.38999999999987,CONFIRMED_CYCLE2_ALL_CLOSE,True
316,109,INDEPENDENT_CHILD,UP,2025-04-16 02:37:04,2025-04-23 16:40:37,3245.63,3248.04,3282.64,3211.59,19.67490583,1.73012264,0.01,34.6,34.6,627,CHALLENGE_OPENS,2025-04-22 16:00:00,3431.31,183.26999999999998,CONFIRMED_CYCLE2_ALL_CLOSE,True
318,110,INDEPENDENT_CHILD,UP,2025-04-25 01:30:06,2025-04-25 08:44:09,3367.29,3369.34,3306.81,3306.66,22.81915129,2.65697875,0.01,-62.53,-62.53,632,TICK_COLLISION_STOP_CHALLENGE_OPENS,2025-04-25 08:44:09,3306.81,-62.53,TICK_COLLISION_STOP_CHALLENGE_OPENS,False
319,111,INDEPENDENT_CHILD,UP,2025-04-28 19:13:35,2025-04-30 11:10:59,3336.58,3337.35,3299.13,3273.1,23.39459602,2.71344715,0.01,-38.22,-38.22,634,CHALLENGE_OPENS,2025-04-30 11:10:59,3299.13,-38.22,CHALLENGE_OPENS,False
320,112,INDEPENDENT_CHILD,DOWN,2025-04-30 15:04:57,2025-04-30 16:36:38,3267.96,3268.1,3314.87,3314.62,23.51900323,1.98392762,0.01,-46.77,-46.77,636,STRUCTURAL_SL,2025-04-30 16:36:38,3314.87,-46.77,STRUCTURAL_SL,False
324,112,INDEPENDENT_CHILD,DOWN,2025-05-01 14:47:09,2025-05-02 01:06:43,3211.59,3211.44,3243.71,3243.18,23.8075418,1.32689046,0.01,-32.27,-32.27,641,STRUCTURAL_SL,2025-05-02 01:06:43,3243.71,-32.27,STRUCTURAL_SL,False
321,112,INDEPENDENT_CHILD,DOWN,2025-05-01 03:20:02,2025-05-05 04:31:47,3266.86,3266.14,3270.45,3319.74,23.65458919,2.23550701,0.01,-4.31,-4.31,638,CHALLENGE_OPENS,2025-05-05 04:31:47,3270.45,-4.31,CHALLENGE_OPENS,False
322,112,INDEPENDENT_CHILD,DOWN,2025-05-01 03:20:02,2025-05-05 04:31:47,3265.15,3263.28,3270.26,3319.74,23.65458919,2.30779742,0.01,-6.98,-6.98,639,CHALLENGE_OPENS,2025-05-05 04:31:47,3270.26,-6.98,CHALLENGE_OPENS,False
323,112,INDEPENDENT_CHILD,DOWN,2025-05-01 03:24:30,2025-05-05 04:31:47,3260.12,3259.34,3270.31,3319.74,23.65458919,2.52044115,0.01,-10.97,-10.97,640,CHALLENGE_OPENS,2025-05-05 04:31:47,3270.31,-10.97,CHALLENGE_OPENS,False
325,113,INDEPENDENT_CHILD,UP,2025-05-05 22:24:26,2025-05-08 08:53:33,3329.96,3330.38,3363.25,3305.59,23.97983552,1.01627052,0.01,32.87,32.87,646,CHALLENGE_OPENS,2025-05-08 08:53:33,3363.25,32.87,CHALLENGE_OPENS,False
326,113,INDEPENDENT_CHILD,UP,2025-05-06 04:08:08,2025-05-08 08:53:33,3352.89,3353.26,3363.32,3305.59,23.95547562,1.97449638,0.01,10.06,10.06,647,CHALLENGE_OPENS,2025-05-08 08:53:33,3363.32,10.06,CHALLENGE_OPENS,False
327,113,INDEPENDENT_CHILD,UP,2025-05-06 04:40:51,2025-05-08 08:53:33,3370.81,3371.06,3363.13,3305.59,23.95547562,2.72255083,0.01,-7.93,-7.93,648,CHALLENGE_OPENS,2025-05-08 08:53:33,3363.13,-7.93,CHALLENGE_OPENS,False
328,113,INDEPENDENT_CHILD,UP,2025-05-08 04:51:49,2025-05-08 08:53:33,3398.09,3399.3,3363.57,3363.66,24.58801172,1.40027589,0.01,-35.73,-35.73,649,TICK_COLLISION_STOP_CHALLENGE_OPENS,2025-05-08 08:53:33,3363.57,-35.73,TICK_COLLISION_STOP_CHALLENGE_OPENS,False
329,114,INDEPENDENT_CHILD,DOWN,2025-05-08 08:54:37,2025-05-15 16:09:41,3360.19,3360.01,3193.27,3414.73,24.64941166,2.21262888,0.01,166.74,166.74,654,CHALLENGE_OPENS,2025-05-15 16:00:00,3189.01,171.0,CONFIRMED_CYCLE2_ALL_CLOSE,True
331,114,INDEPENDENT_CHILD,DOWN,2025-05-12 10:27:49,2025-05-15 16:09:41,3222.75,3222.84,3193.33,3284.73,25.30155656,2.44965166,0.01,29.51,29.51,655,CHALLENGE_OPENS,2025-05-15 16:00:00,3189.01,33.82999999999993,CONFIRMED_CYCLE2_ALL_CLOSE,True
332,114,INDEPENDENT_CHILD,DOWN,2025-05-14 07:05:29,2025-05-15 16:09:41,3225.46,3225.33,3193.68,3257.04,25.34753656,1.24588044,0.01,31.65,31.65,656,CHALLENGE_OPENS,2025-05-15 16:00:00,3189.01,36.31999999999971,CONFIRMED_CYCLE2_ALL_CLOSE,True
333,114,INDEPENDENT_CHILD,DOWN,2025-05-14 15:13:13,2025-05-15 16:09:41,3215.8,3215.74,3193.47,3243.81,25.35177621,1.10485355,0.01,22.27,22.27,657,CHALLENGE_OPENS,2025-05-15 16:00:00,3189.01,26.729999999999563,CONFIRMED_CYCLE2_ALL_CLOSE,True
334,114,INDEPENDENT_CHILD,DOWN,2025-05-14 15:36:36,2025-05-15 16:09:41,3207.69,3203.81,3193.53,3243.81,25.35177621,1.42475224,0.01,10.28,10.28,658,CHALLENGE_OPENS,2025-05-15 16:00:00,3189.01,14.799999999999727,CONFIRMED_CYCLE2_ALL_CLOSE,True
335,114,INDEPENDENT_CHILD,DOWN,2025-05-14 15:38:01,2025-05-15 16:09:41,3201.87,3201.49,3193.43,3243.81,25.35177621,1.65432196,0.01,8.06,8.06,659,CHALLENGE_OPENS,2025-05-15 16:00:00,3189.01,12.479999999999563,CONFIRMED_CYCLE2_ALL_CLOSE,True
336,114,INDEPENDENT_CHILD,DOWN,2025-05-14 15:46:28,2025-05-15 16:09:41,3193.65,3193.77,3193.43,3243.81,25.35177621,1.97855959,0.01,0.34,0.34,660,CHALLENGE_OPENS,2025-05-15 16:00:00,3189.01,4.7599999999997635,CONFIRMED_CYCLE2_ALL_CLOSE,True
341,115,INDEPENDENT_CHILD,UP,2025-05-21 22:06:34,2025-05-22 13:58:00,3320.55,3320.87,3290.42,3290.48,26.03701638,1.15489423,0.01,-30.45,-30.45,672,STRUCTURAL_SL,2025-05-22 13:58:00,3290.42,-30.45,STRUCTURAL_SL,False
337,115,INDEPENDENT_CHILD,UP,2025-05-20 15:35:02,2025-05-27 08:45:48,3248.46,3248.72,3323.66,3207.96,26.05595995,1.55434688,0.01,74.94,74.94,668,CHALLENGE_OPENS,2025-05-26 04:00:00,3342.04,93.32000000000016,CONFIRMED_CYCLE2_ALL_CLOSE,True
338,115,INDEPENDENT_CHILD,UP,2025-05-20 15:35:44,2025-05-27 08:45:48,3249.77,3250.04,3323.67,3207.96,26.05595995,1.60462328,0.01,73.63,73.63,669,CHALLENGE_OPENS,2025-05-26 04:00:00,3342.04,92.0,CONFIRMED_CYCLE2_ALL_CLOSE,True
339,115,INDEPENDENT_CHILD,UP,2025-05-20 16:57:41,2025-05-27 08:45:48,3252.0,3254.06,3323.59,3207.96,26.02337128,1.69232493,0.01,69.53,69.53,670,CHALLENGE_OPENS,2025-05-26 04:00:00,3342.04,87.98000000000002,CONFIRMED_CYCLE2_ALL_CLOSE,True
340,115,INDEPENDENT_CHILD,UP,2025-05-20 17:03:51,2025-05-27 08:45:48,3265.52,3266.59,3323.84,3207.96,26.02337128,2.21185792,0.01,57.25,57.25,671,CHALLENGE_OPENS,2025-05-26 04:00:00,3342.04,75.44999999999982,CONFIRMED_CYCLE2_ALL_CLOSE,True
342,115,INDEPENDENT_CHILD,UP,2025-05-23 14:49:45,2025-05-27 08:45:48,3345.42,3347.01,3324.06,3322.53,25.91327898,0.8833309,0.01,-22.95,-22.95,674,CHALLENGE_OPENS,2025-05-26 04:00:00,3342.04,-4.970000000000255,CONFIRMED_CYCLE2_ALL_CLOSE,True
343,115,INDEPENDENT_CHILD,UP,2025-05-23 14:49:50,2025-05-27 08:45:48,3347.48,3348.44,3323.98,3322.53,25.91327898,0.96282682,0.01,-24.46,-24.46,675,CHALLENGE_OPENS,2025-05-26 04:00:00,3342.04,-6.400000000000091,CONFIRMED_CYCLE2_ALL_CLOSE,True
344,116,INDEPENDENT_CHILD,DOWN,2025-05-28 19:37:48,2025-05-29 15:58:31,3291.61,3291.44,3316.63,3316.34,25.29628989,0.97761372,0.01,-25.19,-25.19,682,STRUCTURAL_SL,2025-05-29 15:58:31,3316.63,-25.19,STRUCTURAL_SL,False
345,116,INDEPENDENT_CHILD,DOWN,2025-05-28 23:51:25,2025-05-29 15:58:31,3284.95,3279.55,3316.46,3316.34,25.30964383,1.24023871,0.01,-36.91,-36.91,683,STRUCTURAL_SL,2025-05-29 15:58:31,3316.46,-36.91,STRUCTURAL_SL,False
346,116,INDEPENDENT_CHILD,DOWN,2025-05-28 23:51:27,2025-05-29 15:58:31,3279.12,3279.76,3316.53,3316.34,25.30964383,1.47058569,0.01,-36.77,-36.77,684,STRUCTURAL_SL,2025-05-29 15:58:31,3316.53,-36.77,STRUCTURAL_SL,False
351,117,INDEPENDENT_CHILD,UP,2025-06-05 12:25:33,2025-06-05 18:16:01,3384.65,3384.95,3360.88,3361.16,24.74833467,0.94915477,0.01,-24.07,-24.07,692,STRUCTURAL_SL,2025-06-05 18:16:01,3360.88,-24.07,STRUCTURAL_SL,False
352,117,INDEPENDENT_CHILD,UP,2025-06-05 13:05:25,2025-06-05 18:16:01,3392.07,3392.3,3360.9,3361.16,24.74833467,1.24897293,0.01,-31.4,-31.4,693,STRUCTURAL_SL,2025-06-05 18:16:01,3360.9,-31.4,STRUCTURAL_SL,False
347,117,INDEPENDENT_CHILD,UP,2025-06-02 09:18:41,2025-06-05 18:47:57,3331.11,3331.64,3343.17,3301.41,25.29839838,1.17398736,0.01,11.53,11.53,688,CHALLENGE_OPENS,2025-06-05 18:47:57,3343.17,11.53,CHALLENGE_OPENS,False
348,117,INDEPENDENT_CHILD,UP,2025-06-02 10:11:30,2025-06-05 18:47:57,3349.95,3350.37,3343.03,3301.41,25.29839838,1.91869854,0.01,-7.34,-7.34,689,CHALLENGE_OPENS,2025-06-05 18:47:57,3343.03,-7.34,CHALLENGE_OPENS,False
349,117,INDEPENDENT_CHILD,UP,2025-06-02 16:43:58,2025-06-05 18:47:57,3365.89,3366.07,3342.94,3301.41,25.37435749,2.54114809,0.01,-23.13,-23.13,690,CHALLENGE_OPENS,2025-06-05 18:47:57,3342.94,-23.13,CHALLENGE_OPENS,False
350,117,INDEPENDENT_CHILD,UP,2025-06-04 17:32:28,2025-06-05 18:47:57,3372.59,3372.61,3342.78,3343.79,24.93568796,1.15497114,0.01,-29.83,-29.83,691,TICK_COLLISION_STOP_CHALLENGE_OPENS,2025-06-05 18:47:57,3342.78,-29.83,TICK_COLLISION_STOP_CHALLENGE_OPENS,False
353,118,INDEPENDENT_CHILD,DOWN,2025-06-06 17:02:17,2025-06-10 14:12:38,3339.31,3339.26,3338.48,3367.7,24.70309698,1.14924862,0.01,0.78,0.78,700,CHALLENGE_OPENS,2025-06-10 14:12:38,3338.48,0.78,CHALLENGE_OPENS,False
354,118,INDEPENDENT_CHILD,DOWN,2025-06-06 17:16:25,2025-06-10 14:12:38,3333.07,3331.38,3338.35,3367.7,24.70309698,1.40184852,0.01,-6.97,-6.97,701,CHALLENGE_OPENS,2025-06-10 14:12:38,3338.35,-6.97,CHALLENGE_OPENS,False
361,119,INDEPENDENT_CHILD,UP,2025-06-13 16:29:07,2025-06-16 10:12:47,3444.4,3444.56,3411.49,3411.55,24.46863642,1.34253497,0.01,-33.07,-33.07,710,STRUCTURAL_SL,2025-06-16 08:00:00,3427.55,-17.009999999999764,CONFIRMED_CYCLE2_ALL_CLOSE,True
355,119,INDEPENDENT_CHILD,UP,2025-06-11 15:30:12,2025-06-17 06:11:35,3349.14,3349.33,3382.18,3315.47,24.31798201,1.38457212,0.01,32.85,32.85,704,CHALLENGE_OPENS,2025-06-16 08:00:00,3427.55,78.22000000000025,CONFIRMED_CYCLE2_ALL_CLOSE,True
356,119,INDEPENDENT_CHILD,UP,2025-06-12 01:10:26,2025-06-17 06:11:35,3360.63,3360.96,3382.46,3319.26,24.3984561,1.69559909,0.01,21.5,21.5,705,CHALLENGE_OPENS,2025-06-16 08:00:00,3427.55,66.59000000000015,CONFIRMED_CYCLE2_ALL_CLOSE,True
357,119,INDEPENDENT_CHILD,UP,2025-06-12 04:28:41,2025-06-17 06:11:35,3375.58,3375.84,3382.35,3319.26,24.36552023,2.31146306,0.01,6.51,6.51,706,CHALLENGE_OPENS,2025-06-16 08:00:00,3427.55,51.710000000000036,CONFIRMED_CYCLE2_ALL_CLOSE,True
358,119,INDEPENDENT_CHILD,UP,2025-06-13 03:06:58,2025-06-17 06:11:35,3403.33,3403.46,3382.06,3377.82,24.35318965,1.04750139,0.01,-21.4,-21.4,707,CHALLENGE_OPENS,2025-06-16 08:00:00,3427.55,24.090000000000146,CONFIRMED_CYCLE2_ALL_CLOSE,True
359,119,INDEPENDENT_CHILD,UP,2025-06-13 03:30:01,2025-06-17 06:11:35,3414.73,3414.97,3383.59,3377.82,24.35318965,1.51561256,0.01,-31.38,-31.38,708,CHALLENGE_OPENS,2025-06-16 08:00:00,3427.55,12.580000000000382,CONFIRMED_CYCLE2_ALL_CLOSE,True
360,119,INDEPENDENT_CHILD,UP,2025-06-13 05:33:11,2025-06-17 06:11:35,3437.81,3438.02,3384.04,3379.38,24.44300526,2.39045892,0.01,-53.98,-53.98,709,CHALLENGE_OPENS,2025-06-16 08:00:00,3427.55,-10.4699999999998,CONFIRMED_CYCLE2_ALL_CLOSE,True
366,120,INDEPENDENT_CHILD,DOWN,2025-06-20 06:10:18,2025-06-23 01:01:59,3347.48,3346.65,3385.22,3375.42,23.79229103,1.17432995,0.01,-38.57,-38.57,722,STRUCTURAL_SL,2025-06-23 01:01:59,3385.22,-38.57,STRUCTURAL_SL,False
365,120,INDEPENDENT_CHILD,DOWN,2025-06-19 08:52:07,2025-06-23 01:02:00,3362.51,3362.3,3384.51,3387.91,24.05389649,1.05596197,0.01,-22.21,-22.21,721,STRUCTURAL_SL,2025-06-23 01:02:00,3384.51,-22.21,STRUCTURAL_SL,False
362,120,INDEPENDENT_CHILD,DOWN,2025-06-17 17:35:24,2025-06-26 02:11:40,3373.67,3373.58,3337.32,3400.16,24.25122121,1.09231613,0.01,36.26,36.26,718,CHALLENGE_OPENS,2025-06-26 02:11:40,3337.32,36.26,CHALLENGE_OPENS,False
363,120,INDEPENDENT_CHILD,DOWN,2025-06-18 22:14:00,2025-06-26 02:11:40,3370.62,3370.43,3337.35,3396.81,24.09179128,1.08709227,0.01,33.08,33.08,719,CHALLENGE_OPENS,2025-06-26 02:11:40,3337.35,33.08,CHALLENGE_OPENS,False
364,120,INDEPENDENT_CHILD,DOWN,2025-06-18 22:29:53,2025-06-26 02:11:40,3366.21,3365.77,3337.29,3396.81,24.09179128,1.27014217,0.01,28.48,28.48,720,CHALLENGE_OPENS,2025-06-26 02:11:40,3337.29,28.48,CHALLENGE_OPENS,False
367,120,INDEPENDENT_CHILD,DOWN,2025-06-24 02:34:52,2025-06-26 02:11:40,3346.94,3346.03,3337.29,3393.46,23.72245783,1.96101097,0.01,8.74,8.74,725,CHALLENGE_OPENS,2025-06-26 02:11:40,3337.29,8.74,CHALLENGE_OPENS,False
368,120,INDEPENDENT_CHILD,DOWN,2025-06-24 03:01:14,2025-06-26 02:11:40,3340.34,3339.77,3337.29,3393.46,23.72245783,2.23922835,0.01,2.48,2.48,726,CHALLENGE_OPENS,2025-06-26 02:11:40,3337.29,2.48,CHALLENGE_OPENS,False
369,120,INDEPENDENT_CHILD,DOWN,2025-06-24 03:01:19,2025-06-26 02:11:40,3338.64,3338.59,3337.29,3393.46,23.72245783,2.3108904,0.01,1.3,1.3,727,CHALLENGE_OPENS,2025-06-26 02:11:40,3337.29,1.3,CHALLENGE_OPENS,False
370,120,INDEPENDENT_CHILD,DOWN,2025-06-24 09:34:57,2025-06-26 02:11:40,3319.26,3319.17,3337.24,3357.89,23.74715405,1.62672124,0.01,-18.07,-18.07,728,CHALLENGE_OPENS,2025-06-26 02:11:40,3337.24,-18.07,CHALLENGE_OPENS,False
371,120,INDEPENDENT_CHILD,DOWN,2025-06-24 15:13:42,2025-06-26 02:11:40,3315.47,3315.18,3337.2,3357.89,23.79683653,1.78258988,0.01,-22.02,-22.02,729,CHALLENGE_OPENS,2025-06-26 02:11:40,3337.2,-22.02,CHALLENGE_OPENS,False
372,120,INDEPENDENT_CHILD,DOWN,2025-06-24 16:37:21,2025-06-26 02:11:40,3301.89,3301.72,3337.11,3357.89,23.800243,2.35291715,0.01,-35.39,-35.39,730,CHALLENGE_OPENS,2025-06-26 02:11:40,3337.11,-35.39,CHALLENGE_OPENS,False
374,121,INDEPENDENT_CHILD,DOWN,2025-06-27 05:48:39,2025-07-01 10:13:25,3309.97,3309.76,3336.99,3336.4,23.10005016,1.14415336,0.01,-27.23,-27.23,741,STRUCTURAL_SL,2025-06-30 08:00:00,3285.73,24.0300000000002,CONFIRMED_CYCLE2_ALL_CLOSE,True
375,121,INDEPENDENT_CHILD,DOWN,2025-06-27 06:53:16,2025-07-01 10:13:25,3295.34,3295.04,3337.1,3336.4,23.10005016,1.77748532,0.01,-42.06,-42.06,742,STRUCTURAL_SL,2025-06-30 08:00:00,3285.73,9.309999999999945,CONFIRMED_CYCLE2_ALL_CLOSE,True
376,121,INDEPENDENT_CHILD,DOWN,2025-06-27 06:57:33,2025-07-01 10:13:25,3293.45,3293.38,3337.06,3336.4,23.10005016,1.85930332,0.01,-43.68,-43.68,743,STRUCTURAL_SL,2025-06-30 08:00:00,3285.73,7.650000000000091,CONFIRMED_CYCLE2_ALL_CLOSE,True
377,121,INDEPENDENT_CHILD,DOWN,2025-06-27 15:37:16,2025-07-01 10:13:25,3271.5,3271.69,3337.15,3336.4,23.12103077,2.80696828,0.01,-65.46,-65.46,744,STRUCTURAL_SL,2025-06-30 08:00:00,3285.73,-14.039999999999964,CONFIRMED_CYCLE2_ALL_CLOSE,True
373,121,INDEPENDENT_CHILD,DOWN,2025-06-26 16:35:31,2025-07-01 14:04:26,3311.95,3311.53,3350.54,3350.3,23.22784624,1.65103555,0.01,-39.01,-39.01,740,TICK_COLLISION_STOP_CHALLENGE_OPENS,2025-06-30 08:00:00,3285.73,25.800000000000182,CONFIRMED_CYCLE2_ALL_CLOSE,True
378,122,INDEPENDENT_CHILD,UP,2025-07-02 22:55:24,2025-07-03 15:30:16,3357.91,3358.1,3332.89,3333.9,22.4807642,1.06802419,0.01,-25.21,-25.21,750,STRUCTURAL_SL,2025-07-03 15:30:16,3332.89,-25.21,STRUCTURAL_SL,False
379,123,INDEPENDENT_CHILD,DOWN,2025-07-07 04:14:38,2025-07-08 01:05:55,3311.58,3311.46,3342.96,3342.44,21.99262714,1.40319753,0.01,-31.5,-31.5,752,STRUCTURAL_SL,2025-07-08 01:05:55,3342.96,-31.5,STRUCTURAL_SL,False
381,124,INDEPENDENT_CHILD,DOWN,2025-07-09 05:50:45,2025-07-09 17:34:45,3287.08,3286.7,3310.58,3310.35,21.66385614,1.07413933,0.01,-23.88,-23.88,755,STRUCTURAL_SL,2025-07-09 17:34:45,3310.58,-23.88,STRUCTURAL_SL,False
380,124,INDEPENDENT_CHILD,DOWN,2025-07-08 17:42:58,2025-07-11 03:31:00,3296.37,3296.31,3330.43,3339.4,21.67398702,1.98532923,0.01,-34.12,-34.12,754,CHALLENGE_OPENS,2025-07-11 03:31:00,3330.43,-34.12,CHALLENGE_OPENS,False
382,125,INDEPENDENT_CHILD,UP,2025-07-11 13:27:01,2025-07-15 16:26:55,3345.7,3346.02,3340.32,3331.12,21.07476694,0.6918226,0.01,-5.7,-5.7,758,CHALLENGE_OPENS,2025-07-15 16:26:55,3340.32,-5.7,CHALLENGE_OPENS,False
383,125,INDEPENDENT_CHILD,UP,2025-07-11 18:19:17,2025-07-15 16:26:55,3365.82,3366.26,3339.84,3331.12,21.09262935,1.64512444,0.01,-26.42,-26.42,759,CHALLENGE_OPENS,2025-07-15 16:26:55,3339.84,-26.42,CHALLENGE_OPENS,False
384,126,INDEPENDENT_CHILD,DOWN,2025-07-16 17:33:15,2025-07-16 18:01:12,3320.21,3320.46,3343.08,3343.01,20.51790069,1.1112248,0.01,-22.62,-22.62,762,STRUCTURAL_SL,2025-07-16 18:01:12,3343.08,-22.62,STRUCTURAL_SL,False
385,127,INDEPENDENT_CHILD,UP,2025-07-16 18:30:27,2025-07-17 15:30:35,3375.0,3375.69,3318.52,3310.01,20.51790069,3.16747805,0.01,-57.17,-57.17,764,CHALLENGE_OPENS,2025-07-17 15:30:35,3318.52,-57.17,CHALLENGE_OPENS,False
386,128,INDEPENDENT_CHILD,DOWN,2025-07-17 15:54:05,2025-07-18 10:14:18,3310.01,3309.97,3344.92,3344.69,20.54257671,1.68820107,0.01,-34.95,-34.95,766,STRUCTURAL_SL,2025-07-18 10:14:18,3344.92,-34.95,STRUCTURAL_SL,False
387,129,INDEPENDENT_CHILD,UP,2025-07-21 15:18:41,2025-07-23 19:21:38,3377.22,3377.46,3383.18,3362.73,20.0265309,0.72354019,0.01,5.72,5.72,768,CHALLENGE_OPENS,2025-07-23 19:21:38,3383.18,5.72,CHALLENGE_OPENS,False
388,129,INDEPENDENT_CHILD,UP,2025-07-21 16:46:40,2025-07-23 19:21:38,3393.46,3393.7,3383.17,3362.73,20.0588835,1.53198955,0.01,-10.53,-10.53,769,CHALLENGE_OPENS,2025-07-23 19:21:38,3383.17,-10.53,CHALLENGE_OPENS,False
389,129,INDEPENDENT_CHILD,UP,2025-07-21 17:25:21,2025-07-23 19:21:38,3396.67,3396.73,3383.15,3362.73,20.0588835,1.6920184,0.01,-13.58,-13.58,770,CHALLENGE_OPENS,2025-07-23 19:21:38,3383.15,-13.58,CHALLENGE_OPENS,False
390,129,INDEPENDENT_CHILD,UP,2025-07-21 17:25:26,2025-07-23 19:21:38,3396.81,3397.01,3382.72,3362.73,20.0588835,1.69899785,0.01,-14.29,-14.29,771,CHALLENGE_OPENS,2025-07-23 19:21:38,3382.72,-14.29,CHALLENGE_OPENS,False
391,129,INDEPENDENT_CHILD,UP,2025-07-21 17:33:56,2025-07-23 19:21:38,3399.99,3400.28,3382.84,3362.73,20.0588835,1.8575311,0.01,-17.44,-17.44,772,CHALLENGE_OPENS,2025-07-23 19:21:38,3382.84,-17.44,CHALLENGE_OPENS,False
392,129,INDEPENDENT_CHILD,UP,2025-07-22 15:42:34,2025-07-23 19:21:38,3402.67,3402.9,3382.73,3383.27,19.82507903,0.97855852,0.01,-20.17,-20.17,773,TICK_COLLISION_STOP_CHALLENGE_OPENS,2025-07-23 19:21:38,3382.73,-20.17,TICK_COLLISION_STOP_CHALLENGE_OPENS,False
393,130,INDEPENDENT_CHILD,DOWN,2025-07-24 05:13:11,2025-08-01 15:31:05,3381.43,3381.25,3315.61,3433.74,19.64633737,2.6625828,0.01,65.64,65.64,780,CHALLENGE_OPENS,2025-07-29 12:00:00,3326.4,54.84999999999991,CONFIRMED_CYCLE2_ALL_CLOSE,True
394,130,INDEPENDENT_CHILD,DOWN,2025-07-25 11:19:14,2025-08-01 15:31:05,3351.33,3350.62,3315.59,3373.45,19.49191828,1.1348293,0.01,35.03,35.03,781,CHALLENGE_OPENS,2025-07-29 12:00:00,3326.4,24.2199999999998,CONFIRMED_CYCLE2_ALL_CLOSE,True
395,130,INDEPENDENT_CHILD,DOWN,2025-07-25 11:30:15,2025-08-01 15:31:05,3344.9,3344.76,3315.98,3373.45,19.49191828,1.46470961,0.01,28.78,28.78,782,CHALLENGE_OPENS,2025-07-29 12:00:00,3326.4,18.360000000000127,CONFIRMED_CYCLE2_ALL_CLOSE,True
396,130,INDEPENDENT_CHILD,DOWN,2025-07-25 17:52:08,2025-08-01 15:31:05,3331.8,3331.71,3315.89,3373.45,19.44295258,2.14216436,0.01,15.82,15.82,783,CHALLENGE_OPENS,2025-07-29 12:00:00,3326.4,5.309999999999945,CONFIRMED_CYCLE2_ALL_CLOSE,True
397,130,INDEPENDENT_CHILD,DOWN,2025-07-28 16:47:12,2025-08-01 15:31:05,3319.28,3319.21,3315.87,3345.32,19.31435463,1.34822004,0.01,3.34,3.34,784,CHALLENGE_OPENS,2025-07-29 12:00:00,3326.4,-7.190000000000055,CONFIRMED_CYCLE2_ALL_CLOSE,True
398,130,INDEPENDENT_CHILD,DOWN,2025-07-28 16:53:49,2025-08-01 15:31:05,3309.8,3308.85,3315.95,3345.32,19.31435463,1.83904669,0.01,-7.1,-7.1,785,CHALLENGE_OPENS,2025-07-29 12:00:00,3326.4,-17.550000000000182,CONFIRMED_CYCLE2_ALL_CLOSE,True
399,130,INDEPENDENT_CHILD,DOWN,2025-07-30 16:33:00,2025-08-01 15:31:05,3301.71,3301.99,3316.49,3333.98,19.00236397,1.69820976,0.01,-14.5,-14.5,786,CHALLENGE_OPENS,2025-08-01 15:31:05,3316.49,-14.5,CHALLENGE_OPENS,False
400,130,INDEPENDENT_CHILD,DOWN,2025-07-30 21:50:20,2025-08-01 15:31:05,3282.66,3282.74,3316.41,3333.98,19.04979528,2.69399221,0.01,-33.67,-33.67,787,CHALLENGE_OPENS,2025-08-01 15:31:05,3316.41,-33.67,CHALLENGE_OPENS,False
403,131,INDEPENDENT_CHILD,UP,2025-08-04 14:51:12,2025-08-05 14:00:14,3368.76,3369.01,3351.55,3351.67,19.05934111,0.89667318,0.01,-17.46,-17.46,798,STRUCTURAL_SL,2025-08-05 14:00:14,3351.55,-17.46,STRUCTURAL_SL,False
408,131,INDEPENDENT_CHILD,UP,2025-08-07 22:33:18,2025-08-11 04:08:09,3397.36,3397.63,3371.86,3371.74,18.49579725,1.38517954,0.01,-25.77,-25.77,804,STRUCTURAL_SL,2025-08-11 04:08:09,3371.86,-25.77,STRUCTURAL_SL,False
401,131,INDEPENDENT_CHILD,UP,2025-08-01 15:37:29,2025-08-11 09:31:48,3334.06,3334.49,3364.53,3285.22,18.95529248,2.5765891,0.01,30.04,30.04,796,CHALLENGE_OPENS,2025-08-11 09:31:48,3364.53,30.04,CHALLENGE_OPENS,False
402,131,INDEPENDENT_CHILD,UP,2025-08-01 16:05:36,2025-08-11 09:31:48,3345.32,3345.51,3364.65,3285.22,19.14115197,3.13983192,0.01,19.14,19.14,797,CHALLENGE_OPENS,2025-08-11 09:31:48,3364.65,19.14,CHALLENGE_OPENS,False
404,131,INDEPENDENT_CHILD,UP,2025-08-05 17:35:28,2025-08-11 09:31:48,3382.36,3382.91,3364.55,3349.77,18.81792758,1.73185915,0.01,-18.36,-18.36,800,CHALLENGE_OPENS,2025-08-11 09:31:48,3364.55,-18.36,CHALLENGE_OPENS,False
405,131,INDEPENDENT_CHILD,UP,2025-08-05 17:51:19,2025-08-11 09:31:48,3385.32,3385.56,3364.58,3349.77,18.81792758,1.88915596,0.01,-20.98,-20.98,801,CHALLENGE_OPENS,2025-08-11 09:31:48,3364.58,-20.98,CHALLENGE_OPENS,False
406,131,INDEPENDENT_CHILD,UP,2025-08-07 04:31:47,2025-08-11 09:31:48,3379.96,3380.27,3364.59,3358.14,18.48345623,1.18051514,0.01,-15.68,-15.68,802,CHALLENGE_OPENS,2025-08-11 09:31:48,3364.59,-15.68,CHALLENGE_OPENS,False
407,131,INDEPENDENT_CHILD,UP,2025-08-07 10:25:03,2025-08-11 09:31:48,3390.4,3390.67,3364.69,3365.08,18.45871481,1.3717098,0.01,-25.98,-25.98,803,TICK_COLLISION_STOP_CHALLENGE_OPENS,2025-08-11 09:31:48,3364.69,-25.98,TICK_COLLISION_STOP_CHALLENGE_OPENS,False
412,132,INDEPENDENT_CHILD,DOWN,2025-08-12 14:20:52,2025-08-12 18:29:16,3341.25,3340.76,3358.36,3358.08,18.53212766,0.9081526,0.01,-17.6,-17.6,815,STRUCTURAL_SL,2025-08-12 18:29:16,3358.36,-17.6,STRUCTURAL_SL,False
409,132,INDEPENDENT_CHILD,DOWN,2025-08-11 10:49:25,2025-08-13 10:13:12,3358.14,3358.18,3359.23,3404.8,18.57736376,2.51165884,0.01,-1.05,-1.05,812,CHALLENGE_OPENS,2025-08-13 10:13:12,3359.23,-1.05,CHALLENGE_OPENS,False
410,132,INDEPENDENT_CHILD,DOWN,2025-08-11 15:28:22,2025-08-13 10:13:12,3349.77,3349.51,3359.32,3404.8,18.6027673,2.95816204,0.01,-9.81,-9.81,813,CHALLENGE_OPENS,2025-08-13 10:13:12,3359.32,-9.81,CHALLENGE_OPENS,False
411,132,INDEPENDENT_CHILD,DOWN,2025-08-11 15:30:42,2025-08-13 10:13:12,3345.03,3344.52,3359.31,3404.8,18.6027673,3.21296284,0.01,-14.79,-14.79,814,CHALLENGE_OPENS,2025-08-13 10:13:12,3359.31,-14.79,CHALLENGE_OPENS,False
415,133,INDEPENDENT_CHILD,DOWN,2025-08-18 02:16:41,2025-08-18 03:20:28,3329.8,3329.18,3340.01,3339.55,18.08452924,0.53913485,0.01,-10.83,-10.83,822,STRUCTURAL_SL,2025-08-18 03:20:28,3340.01,-10.83,STRUCTURAL_SL,False
413,133,INDEPENDENT_CHILD,DOWN,2025-08-14 10:45:01,2025-08-18 06:45:10,3349.9,3349.83,3349.03,3374.78,18.33550091,1.35693048,0.01,0.8,0.8,820,CHALLENGE_OPENS,2025-08-18 06:45:10,3349.03,0.8,CHALLENGE_OPENS,False
414,133,INDEPENDENT_CHILD,DOWN,2025-08-14 19:16:20,2025-08-18 06:45:10,3331.08,3331.07,3349.01,3366.4,18.36590261,1.923129,0.01,-17.94,-17.94,821,CHALLENGE_OPENS,2025-08-18 06:45:10,3349.01,-17.94,CHALLENGE_OPENS,False
416,134,INDEPENDENT_CHILD,DOWN,2025-08-19 16:10:55,2025-08-20 16:44:12,3326.09,3325.77,3345.57,3345.33,17.76343992,1.08312354,0.01,-19.8,-19.8,826,TICK_COLLISION_STOP_CHALLENGE_OPENS,2025-08-20 16:44:12,3345.57,-19.8,TICK_COLLISION_STOP_CHALLENGE_OPENS,False
417,134,INDEPENDENT_CHILD,DOWN,2025-08-19 17:47:03,2025-08-20 16:44:12,3323.47,3323.65,3345.56,3345.33,17.76343992,1.2306175,0.01,-21.91,-21.91,827,TICK_COLLISION_STOP_CHALLENGE_OPENS,2025-08-20 16:44:12,3345.56,-21.91,TICK_COLLISION_STOP_CHALLENGE_OPENS,False
418,135,INDEPENDENT_CHILD,DOWN,2025-08-22 15:12:02,2025-08-22 16:40:40,3325.13,3325.23,3335.57,3335.09,17.11281907,0.58201983,0.01,-10.34,-10.34,830,STRUCTURAL_SL,2025-08-22 16:40:40,3335.57,-10.34,STRUCTURAL_SL,False
419,136,INDEPENDENT_CHILD,UP,2025-08-22 17:02:40,2025-08-26 02:12:31,3352.03,3352.04,3359.75,3320.88,17.0753034,1.82427212,0.01,7.71,7.71,832,CHALLENGE_OPENS,2025-08-26 02:12:31,3359.75,7.71,CHALLENGE_OPENS,False
420,136,INDEPENDENT_CHILD,UP,2025-08-22 17:10:13,2025-08-26 02:12:31,3358.36,3358.53,3359.97,3320.88,17.0753034,2.19498296,0.01,1.44,1.44,833,CHALLENGE_OPENS,2025-08-26 02:12:31,3359.97,1.44,CHALLENGE_OPENS,False
421,136,INDEPENDENT_CHILD,UP,2025-08-22 17:47:46,2025-08-26 02:12:31,3374.78,3375.61,3359.99,3320.88,17.0753034,3.1566057,0.01,-15.62,-15.62,834,CHALLENGE_OPENS,2025-08-26 02:12:31,3359.99,-15.62,CHALLENGE_OPENS,False
431,137,INDEPENDENT_CHILD,UP,2025-09-02 04:16:32,2025-09-02 10:53:42,3489.78,3490.08,3473.97,3474.21,16.63470765,0.93599481,0.01,-16.11,-16.11,847,STRUCTURAL_SL,2025-09-02 10:53:42,3473.97,-16.11,STRUCTURAL_SL,False
432,137,INDEPENDENT_CHILD,UP,2025-09-02 04:43:30,2025-09-02 10:53:42,3499.99,3500.21,3474.09,3474.21,16.63470765,1.54977175,0.01,-26.12,-26.12,848,STRUCTURAL_SL,2025-09-02 10:53:42,3474.09,-26.12,STRUCTURAL_SL,False
434,137,INDEPENDENT_CHILD,UP,2025-09-03 14:12:46,2025-09-04 05:54:15,3546.83,3546.95,3526.58,3526.72,16.99548428,1.18325549,0.01,-20.37,-20.37,852,STRUCTURAL_SL,2025-09-04 05:54:15,3526.58,-20.37,STRUCTURAL_SL,False
422,137,INDEPENDENT_CHILD,UP,2025-08-26 03:23:01,2025-09-11 12:13:26,3378.75,3378.97,3620.15,3321.42,16.98403193,3.37552357,0.01,241.18,241.18,838,CHALLENGE_OPENS,2025-08-27 08:00:00,3374.91,-4.059999999999945,CONFIRMED_CYCLE2_ALL_CLOSE,True
423,137,INDEPENDENT_CHILD,UP,2025-08-26 18:55:37,2025-09-11 12:13:26,3386.47,3386.67,3620.15,3367.15,17.02784932,1.13461187,0.01,233.48,233.48,839,CHALLENGE_OPENS,2025-08-27 08:00:00,3374.91,-11.760000000000218,CONFIRMED_CYCLE2_ALL_CLOSE,True
424,137,INDEPENDENT_CHILD,UP,2025-08-27 19:35:03,2025-09-11 12:13:26,3394.22,3394.45,3619.97,3373.69,16.88989772,1.2155195,0.01,225.52,225.52,840,CHALLENGE_OPENS,2025-09-11 12:13:26,3619.97,225.52,CHALLENGE_OPENS,False
425,137,INDEPENDENT_CHILD,UP,2025-08-28 14:30:52,2025-09-11 12:13:26,3404.8,3405.02,3619.89,3387.64,16.74866993,1.02455897,0.01,214.87,214.87,841,CHALLENGE_OPENS,2025-09-11 12:13:26,3619.89,214.87,CHALLENGE_OPENS,False
426,137,INDEPENDENT_CHILD,UP,2025-08-28 15:11:02,2025-09-11 12:13:26,3408.56,3408.87,3619.91,3387.64,16.74866993,1.24905441,0.01,211.04,211.04,842,CHALLENGE_OPENS,2025-09-11 12:13:26,3619.91,211.04,CHALLENGE_OPENS,False
427,137,INDEPENDENT_CHILD,UP,2025-08-29 16:38:23,2025-09-11 12:13:26,3423.05,3423.22,3619.92,3394.11,16.54082267,1.74961068,0.01,196.7,196.7,843,CHALLENGE_OPENS,2025-09-11 12:13:26,3619.92,196.7,CHALLENGE_OPENS,False
428,137,INDEPENDENT_CHILD,UP,2025-08-29 17:10:07,2025-09-11 12:13:26,3433.74,3434.11,3619.92,3404.33,16.54082267,1.77802523,0.01,185.81,185.81,844,CHALLENGE_OPENS,2025-09-11 12:13:26,3619.92,185.81,CHALLENGE_OPENS,False
429,137,INDEPENDENT_CHILD,UP,2025-08-29 17:32:34,2025-09-11 12:13:26,3438.97,3439.31,3620.13,3404.33,16.54082267,2.09421264,0.01,180.82,180.82,845,CHALLENGE_OPENS,2025-09-11 12:13:26,3620.13,180.82,CHALLENGE_OPENS,False
430,137,INDEPENDENT_CHILD,UP,2025-08-29 22:51:07,2025-09-11 12:13:26,3451.45,3452.02,3620.15,3404.33,16.64770699,2.83041983,0.01,168.13,168.13,846,CHALLENGE_OPENS,2025-09-11 12:13:26,3620.15,168.13,CHALLENGE_OPENS,False
433,137,INDEPENDENT_CHILD,UP,2025-09-02 17:44:44,2025-09-11 12:13:26,3508.61,3508.93,3620.05,3470.2,16.79574734,2.28688841,0.01,111.12,111.12,851,CHALLENGE_OPENS,2025-09-11 12:13:26,3620.05,111.12,CHALLENGE_OPENS,False
435,137,INDEPENDENT_CHILD,UP,2025-09-05 06:54:44,2025-09-11 12:13:26,3558.72,3559.03,3620.09,3540.04,17.25745693,1.08243063,0.01,61.06,61.06,854,CHALLENGE_OPENS,2025-09-11 12:13:26,3620.09,61.06,CHALLENGE_OPENS,False
436,137,INDEPENDENT_CHILD,UP,2025-09-05 15:32:34,2025-09-11 12:13:26,3578.39,3578.66,3620.09,3544.78,17.22900301,1.95078032,0.01,41.43,41.43,855,CHALLENGE_OPENS,2025-09-11 12:13:26,3620.09,41.43,CHALLENGE_OPENS,False
437,137,INDEPENDENT_CHILD,UP,2025-09-08 10:04:35,2025-09-11 12:13:26,3600.05,3600.53,3620.06,3579.58,17.39010277,1.17710633,0.01,19.53,19.53,856,CHALLENGE_OPENS,2025-09-11 12:13:26,3620.06,19.53,CHALLENGE_OPENS,False
438,137,INDEPENDENT_CHILD,UP,2025-09-09 04:35:59,2025-09-11 12:13:26,3646.36,3646.77,3620.04,3579.58,17.46935184,3.82269477,0.01,-26.73,-26.73,857,CHALLENGE_OPENS,2025-09-11 12:13:26,3620.04,-26.73,CHALLENGE_OPENS,False
439,138,INDEPENDENT_CHILD,UP,2025-09-15 16:36:18,2025-09-17 04:37:00,3656.61,3656.8,3678.09,3633.7,17.45769656,1.31231517,0.01,21.29,21.29,872,CHALLENGE_OPENS,2025-09-17 04:37:00,3678.09,21.29,CHALLENGE_OPENS,False
440,138,INDEPENDENT_CHILD,UP,2025-09-15 16:37:43,2025-09-17 04:37:00,3657.51,3657.77,3678.06,3633.7,17.45769656,1.36386836,0.01,20.29,20.29,873,CHALLENGE_OPENS,2025-09-17 04:37:00,3678.06,20.29,CHALLENGE_OPENS,False
441,138,INDEPENDENT_CHILD,UP,2025-09-15 18:50:58,2025-09-17 04:37:00,3674.62,3674.88,3678.16,3636.83,17.45769656,2.16466129,0.01,3.28,3.28,874,CHALLENGE_OPENS,2025-09-17 04:37:00,3678.16,3.28,CHALLENGE_OPENS,False
442,139,INDEPENDENT_CHILD,DOWN,2025-09-17 05:38:06,2025-09-17 21:09:01,3674.72,3674.86,3704.5,3702.97,17.35690356,1.62759446,0.01,-29.64,-29.64,878,TICK_COLLISION_STOP_CHALLENGE_OPENS,2025-09-17 21:09:01,3704.5,-29.64,TICK_COLLISION_STOP_CHALLENGE_OPENS,False
443,140,INDEPENDENT_CHILD,DOWN,2025-09-18 09:03:53,2025-09-18 12:25:13,3646.09,3645.81,3672.02,3671.97,17.62938852,1.46800327,0.01,-26.21,-26.21,880,STRUCTURAL_SL,2025-09-18 12:25:13,3672.02,-26.21,STRUCTURAL_SL,False
444,141,INDEPENDENT_CHILD,UP,2025-09-22 09:34:10,2025-09-24 17:53:50,3707.43,3707.85,3750.4,3685.45,17.68777056,1.2426665,0.01,42.55,42.55,882,CHALLENGE_OPENS,2025-09-24 17:53:50,3750.4,42.55,CHALLENGE_OPENS,False
445,142,INDEPENDENT_CHILD,DOWN,2025-09-24 19:43:08,2025-09-26 16:08:54,3736.74,3735.4,3761.93,3772.9,17.86789004,2.02374203,0.01,-26.53,-26.53,884,CHALLENGE_OPENS,2025-09-26 16:08:54,3761.93,-26.53,CHALLENGE_OPENS,False
446,143,INDEPENDENT_CHILD,UP,2025-09-26 17:22:14,2025-10-02 04:00:02,3779.16,3779.39,3853.47,3742.91,18.15408759,1.99679548,0.01,74.08,74.08,886,CHALLENGE_OPENS,2025-10-01 20:00:00,3870.87,91.48000000000002,CONFIRMED_CYCLE2_ALL_CLOSE,True
447,143,INDEPENDENT_CHILD,UP,2025-09-29 05:19:44,2025-10-02 04:00:02,3791.09,3791.29,3853.48,3756.22,18.33331275,1.90200214,0.01,62.19,62.19,887,CHALLENGE_OPENS,2025-10-01 20:00:00,3870.87,79.57999999999993,CONFIRMED_CYCLE2_ALL_CLOSE,True
448,144,INDEPENDENT_CHILD,UP,2025-10-02 16:31:47,2025-10-02 17:25:53,3895.33,3895.49,3861.67,3861.69,19.08772379,1.76238929,0.01,-33.82,-33.82,890,STRUCTURAL_SL,2025-10-02 17:25:53,3861.67,-33.82,STRUCTURAL_SL,False
449,145,INDEPENDENT_CHILD,UP,2025-10-06 01:59:51,2025-10-09 19:34:52,3896.81,3899.26,4001.17,3854.72,19.40536162,2.16898818,0.01,101.91,101.91,892,CHALLENGE_OPENS,2025-10-09 04:00:00,4022.88,123.61999999999989,CONFIRMED_CYCLE2_ALL_CLOSE,True
450,145,INDEPENDENT_CHILD,UP,2025-10-07 15:52:47,2025-10-09 19:34:52,3977.35,3977.75,4001.3,3940.86,19.85210363,1.83809236,0.01,23.55,23.55,893,CHALLENGE_OPENS,2025-10-09 04:00:00,4022.88,45.13000000000011,CONFIRMED_CYCLE2_ALL_CLOSE,True
451,146,INDEPENDENT_CHILD,UP,2025-10-13 02:08:26,2025-10-21 16:48:03,4057.93,4058.76,4185.97,3975.17,21.52941533,3.84404308,0.01,127.21,127.21,896,CHALLENGE_OPENS,2025-10-17 16:00:00,4314.13,255.3699999999999,CONFIRMED_CYCLE2_ALL_CLOSE,True
452,146,INDEPENDENT_CHILD,UP,2025-10-13 02:09:01,2025-10-21 16:48:03,4059.18,4059.38,4185.51,3975.17,21.52941533,3.90210318,0.01,126.13,126.13,897,CHALLENGE_OPENS,2025-10-17 16:00:00,4314.13,254.75,CONFIRMED_CYCLE2_ALL_CLOSE,True
453,146,INDEPENDENT_CHILD,UP,2025-10-15 04:07:25,2025-10-21 16:48:03,4179.72,4179.7,4184.09,4134.5,22.67999324,1.99382776,0.01,4.39,4.39,898,CHALLENGE_OPENS,2025-10-17 16:00:00,4314.13,134.4300000000003,CONFIRMED_CYCLE2_ALL_CLOSE,True
454,146,INDEPENDENT_CHILD,UP,2025-10-16 03:21:17,2025-10-21 16:48:03,4218.26,4218.5,4184.18,4179.8,23.05453721,1.66821826,0.01,-34.32,-34.32,899,CHALLENGE_OPENS,2025-10-17 16:00:00,4314.13,95.63000000000011,CONFIRMED_CYCLE2_ALL_CLOSE,True
458,147,INDEPENDENT_CHILD,DOWN,2025-10-28 06:26:11,2025-10-29 11:09:12,3971.3,3970.95,4020.47,4019.8,31.18576102,1.55519694,0.01,-49.52,-49.52,907,STRUCTURAL_SL,2025-10-29 11:09:12,4020.47,-49.52,STRUCTURAL_SL,False
459,147,INDEPENDENT_CHILD,DOWN,2025-10-28 08:41:42,2025-10-29 11:09:12,3944.55,3944.53,4020.29,4019.8,31.31634013,2.40289892,0.01,-75.76,-75.76,908,STRUCTURAL_SL,2025-10-29 11:09:12,4020.29,-75.76,STRUCTURAL_SL,False
460,147,INDEPENDENT_CHILD,DOWN,2025-10-28 08:54:17,2025-10-29 11:09:12,3940.86,3940.53,4020.27,4019.8,31.31634013,2.52072878,0.01,-79.74,-79.74,909,STRUCTURAL_SL,2025-10-29 11:09:12,4020.27,-79.74,STRUCTURAL_SL,False
456,147,INDEPENDENT_CHILD,DOWN,2025-10-27 16:03:02,2025-10-31 01:01:59,4010.95,4010.61,4033.42,4084.78,30.98237704,2.38296758,0.01,-22.81,-22.81,905,CHALLENGE_OPENS,2025-10-30 12:00:00,3998.74,11.870000000000346,CONFIRMED_CYCLE2_ALL_CLOSE,True
457,147,INDEPENDENT_CHILD,DOWN,2025-10-27 16:08:12,2025-10-31 01:01:59,4004.19,4003.65,4033.56,4084.78,30.98237704,2.60115613,0.01,-29.91,-29.91,906,CHALLENGE_OPENS,2025-10-30 12:00:00,3998.74,4.910000000000309,CONFIRMED_CYCLE2_ALL_CLOSE,True
455,147,INDEPENDENT_CHILD,DOWN,2025-10-27 10:53:18,2025-10-31 01:02:00,4044.32,4039.59,4033.57,4097.73,30.78640262,1.7348568,0.01,6.02,6.02,904,CHALLENGE_OPENS,2025-10-30 12:00:00,3998.74,40.850000000000364,CONFIRMED_CYCLE2_ALL_CLOSE,True
462,148,INDEPENDENT_CHILD,DOWN,2025-10-31 18:14:22,2025-11-06 05:38:35,3988.99,3987.15,3990.51,4036.24,32.65508822,1.44694143,0.01,-3.36,-3.36,916,CHALLENGE_OPENS,2025-11-06 05:38:35,3990.51,-3.36,CHALLENGE_OPENS,False
463,148,INDEPENDENT_CHILD,DOWN,2025-11-04 16:29:19,2025-11-06 05:38:35,3962.63,3957.43,3990.51,4000.01,32.54830237,1.14844699,0.01,-33.08,-33.08,917,CHALLENGE_OPENS,2025-11-06 05:38:35,3990.51,-33.08,CHALLENGE_OPENS,False
464,149,INDEPENDENT_CHILD,UP,2025-11-07 18:35:35,2025-11-14 13:17:11,4019.6,4020.19,4143.21,3974.66,31.89060709,1.40919236,0.01,123.02,123.02,920,CHALLENGE_OPENS,2025-11-12 08:00:00,4104.62,84.42999999999984,CONFIRMED_CYCLE2_ALL_CLOSE,True
465,149,INDEPENDENT_CHILD,UP,2025-11-10 03:16:31,2025-11-14 13:17:11,4030.48,4030.98,4142.27,3994.54,31.85735963,1.12815376,0.01,111.29,111.29,921,CHALLENGE_OPENS,2025-11-12 08:00:00,4104.62,73.63999999999987,CONFIRMED_CYCLE2_ALL_CLOSE,True
466,149,INDEPENDENT_CHILD,UP,2025-11-10 03:20:57,2025-11-14 13:17:11,4036.24,4036.39,4142.22,3994.54,31.85735963,1.3089597,0.01,105.83,105.83,922,CHALLENGE_OPENS,2025-11-12 08:00:00,4104.62,68.23000000000002,CONFIRMED_CYCLE2_ALL_CLOSE,True
467,149,INDEPENDENT_CHILD,UP,2025-11-10 03:23:52,2025-11-14 13:17:11,4046.35,4046.64,4142.19,3994.54,31.85735963,1.6263118,0.01,95.55,95.55,923,CHALLENGE_OPENS,2025-11-12 08:00:00,4104.62,57.98000000000002,CONFIRMED_CYCLE2_ALL_CLOSE,True
468,149,INDEPENDENT_CHILD,UP,2025-11-11 03:31:24,2025-11-14 13:17:11,4138.62,4138.84,4142.27,4074.34,31.79512527,2.02169356,0.01,3.43,3.43,924,CHALLENGE_OPENS,2025-11-12 08:00:00,4104.62,-34.220000000000255,CONFIRMED_CYCLE2_ALL_CLOSE,True
469,149,INDEPENDENT_CHILD,UP,2025-11-11 05:15:34,2025-11-14 13:17:11,4144.49,4144.58,4142.1,4074.34,31.76870791,2.20814772,0.01,-2.48,-2.48,925,CHALLENGE_OPENS,2025-11-12 08:00:00,4104.62,-39.960000000000036,CONFIRMED_CYCLE2_ALL_CLOSE,True
470,149,INDEPENDENT_CHILD,UP,2025-11-12 17:10:05,2025-11-14 13:17:11,4145.51,4145.34,4142.34,4098.84,31.50892283,1.48116774,0.01,-3.0,-3.0,926,CHALLENGE_OPENS,2025-11-14 13:17:11,4142.34,-3.0,CHALLENGE_OPENS,False
471,149,INDEPENDENT_CHILD,UP,2025-11-12 17:10:21,2025-11-14 13:17:11,4149.03,4149.73,4142.08,4098.84,31.50892283,1.59288213,0.01,-7.65,-7.65,927,CHALLENGE_OPENS,2025-11-14 13:17:11,4142.08,-7.65,CHALLENGE_OPENS,False
472,149,INDEPENDENT_CHILD,UP,2025-11-12 17:11:04,2025-11-14 13:17:11,4154.66,4154.87,4142.26,4098.84,31.50892283,1.77156167,0.01,-12.61,-12.61,928,CHALLENGE_OPENS,2025-11-14 13:17:11,4142.26,-12.61,CHALLENGE_OPENS,False
473,149,INDEPENDENT_CHILD,UP,2025-11-12 17:13:56,2025-11-14 13:17:11,4161.41,4161.92,4142.29,4098.84,31.50892283,1.9857867,0.01,-19.63,-19.63,929,CHALLENGE_OPENS,2025-11-14 13:17:11,4142.29,-19.63,CHALLENGE_OPENS,False
476,150,INDEPENDENT_CHILD,DOWN,2025-11-17 21:32:29,2025-11-19 07:31:13,4049.69,4049.44,4092.56,4092.26,32.78163081,1.29859311,0.01,-43.12,-43.12,942,STRUCTURAL_SL,2025-11-19 07:31:13,4092.56,-43.12,STRUCTURAL_SL,False
477,150,INDEPENDENT_CHILD,DOWN,2025-11-17 21:35:24,2025-11-19 07:31:13,4032.07,4031.21,4092.39,4092.26,32.78163081,1.83608925,0.01,-61.18,-61.18,943,STRUCTURAL_SL,2025-11-19 07:31:13,4092.39,-61.18,STRUCTURAL_SL,False
479,150,INDEPENDENT_CHILD,DOWN,2025-11-21 08:28:16,2025-11-21 18:50:52,4038.79,4036.6,4090.62,4088.94,33.53196209,1.495588,0.01,-54.02,-54.02,947,STRUCTURAL_SL,2025-11-21 16:00:00,4079.94,-43.340000000000146,CONFIRMED_CYCLE2_ALL_CLOSE,True
474,150,INDEPENDENT_CHILD,DOWN,2025-11-14 15:11:56,2025-11-24 20:37:44,4098.84,4097.2,4102.22,4211.31,31.91108871,3.52448019,0.01,-5.02,-5.02,940,CHALLENGE_OPENS,2025-11-21 16:00:00,4079.94,17.259999999999764,CONFIRMED_CYCLE2_ALL_CLOSE,True
475,150,INDEPENDENT_CHILD,DOWN,2025-11-14 15:12:08,2025-11-24 20:37:44,4097.05,4097.33,4103.05,4211.31,31.91108871,3.58057354,0.01,-5.72,-5.72,941,CHALLENGE_OPENS,2025-11-21 16:00:00,4079.94,17.389999999999873,CONFIRMED_CYCLE2_ALL_CLOSE,True
478,150,INDEPENDENT_CHILD,DOWN,2025-11-20 04:17:15,2025-11-24 20:37:44,4055.48,4054.07,4102.42,4132.85,33.21283062,2.32952141,0.01,-48.35,-48.35,946,CHALLENGE_OPENS,2025-11-21 16:00:00,4079.94,-25.86999999999989,CONFIRMED_CYCLE2_ALL_CLOSE,True
480,151,INDEPENDENT_CHILD,UP,2025-11-24 20:38:07,2025-12-04 05:02:23,4107.11,4107.86,4194.57,4040.0,33.60172332,1.99721899,0.01,86.71,86.71,952,CHALLENGE_OPENS,2025-12-01 20:00:00,4232.53,124.67000000000007,CONFIRMED_CYCLE2_ALL_CLOSE,True
481,151,INDEPENDENT_CHILD,UP,2025-11-24 22:37:25,2025-12-04 05:02:23,4132.85,4133.07,4194.44,4040.0,33.60172332,2.76325113,0.01,61.37,61.37,953,CHALLENGE_OPENS,2025-12-01 20:00:00,4232.53,99.46000000000004,CONFIRMED_CYCLE2_ALL_CLOSE,True
482,151,INDEPENDENT_CHILD,UP,2025-11-25 19:33:58,2025-12-04 05:02:23,4155.93,4156.75,4194.53,4110.88,33.63641883,1.33932213,0.01,37.78,37.78,954,CHALLENGE_OPENS,2025-12-01 20:00:00,4232.53,75.77999999999975,CONFIRMED_CYCLE2_ALL_CLOSE,True
483,151,INDEPENDENT_CHILD,UP,2025-11-26 04:25:39,2025-12-04 05:02:23,4159.22,4159.99,4194.47,4127.69,33.60033935,0.93838338,0.01,34.48,34.48,955,CHALLENGE_OPENS,2025-12-01 20:00:00,4232.53,72.53999999999996,CONFIRMED_CYCLE2_ALL_CLOSE,True
484,151,INDEPENDENT_CHILD,UP,2025-11-28 02:33:57,2025-12-04 05:02:23,4173.42,4173.64,4194.22,4151.41,32.65996302,0.67391381,0.01,20.58,20.58,956,CHALLENGE_OPENS,2025-12-01 20:00:00,4232.53,58.88999999999942,CONFIRMED_CYCLE2_ALL_CLOSE,True
485,151,INDEPENDENT_CHILD,UP,2025-11-28 16:18:10,2025-12-04 05:02:23,4193.21,4193.48,4194.2,4152.1,32.5580989,1.26266586,0.01,0.72,0.72,957,CHALLENGE_OPENS,2025-12-01 20:00:00,4232.53,39.05000000000018,CONFIRMED_CYCLE2_ALL_CLOSE,True
486,151,INDEPENDENT_CHILD,UP,2025-11-28 19:08:50,2025-12-04 05:02:23,4211.31,4211.57,4193.22,4152.1,32.5580989,1.81859513,0.01,-18.35,-18.35,958,CHALLENGE_OPENS,2025-12-01 20:00:00,4232.53,20.960000000000036,CONFIRMED_CYCLE2_ALL_CLOSE,True
487,151,INDEPENDENT_CHILD,UP,2025-12-01 03:54:58,2025-12-04 05:02:23,4245.16,4245.76,4192.82,4152.1,32.47527861,2.86556433,0.01,-52.94,-52.94,959,CHALLENGE_OPENS,2025-12-01 20:00:00,4232.53,-13.230000000000473,CONFIRMED_CYCLE2_ALL_CLOSE,True
488,151,INDEPENDENT_CHILD,UP,2025-12-03 15:52:41,2025-12-04 05:02:23,4230.74,4231.05,4192.5,4194.63,32.35529087,1.11604622,0.01,-38.55,-38.55,960,TICK_COLLISION_STOP_CHALLENGE_OPENS,2025-12-04 05:02:23,4192.5,-38.55,TICK_COLLISION_STOP_CHALLENGE_OPENS,False
490,152,INDEPENDENT_CHILD,UP,2025-12-05 16:49:03,2025-12-05 18:11:54,4241.44,4242.03,4213.51,4215.82,31.80645216,0.80549694,0.01,-28.52,-28.52,971,STRUCTURAL_SL,2025-12-05 18:11:54,4213.51,-28.52,STRUCTURAL_SL,False
489,152,INDEPENDENT_CHILD,UP,2025-12-05 07:28:37,2025-12-05 23:19:55,4219.36,4219.7,4193.79,4194.69,32.01505135,0.77057506,0.01,-25.91,-25.91,970,STRUCTURAL_SL,2025-12-05 23:19:55,4193.79,-25.91,STRUCTURAL_SL,False
491,153,INDEPENDENT_CHILD,DOWN,2025-12-09 08:09:33,2025-12-09 11:05:00,4176.15,4175.28,4199.23,4198.72,31.33458061,0.72029048,0.01,-23.95,-23.95,974,STRUCTURAL_SL,2025-12-09 11:05:00,4199.23,-23.95,STRUCTURAL_SL,False
492,153,INDEPENDENT_CHILD,DOWN,2025-12-09 08:09:33,2025-12-09 11:05:00,4174.88,4174.87,4199.66,4198.72,31.33458061,0.76082078,0.01,-24.79,-24.79,975,STRUCTURAL_SL,2025-12-09 11:05:00,4199.66,-24.79,STRUCTURAL_SL,False
493,154,INDEPENDENT_CHILD,UP,2025-12-10 21:09:18,2025-12-10 21:41:03,4218.73,4219.1,4188.56,4188.93,30.80212184,0.96746582,0.01,-30.54,-30.54,978,STRUCTURAL_SL,2025-12-10 21:41:03,4188.56,-30.54,STRUCTURAL_SL,False
498,154,INDEPENDENT_CHILD,UP,2025-12-12 09:07:11,2025-12-12 18:39:27,4285.9,4286.15,4264.06,4264.55,30.77301887,0.69378959,0.01,-22.09,-22.09,984,STRUCTURAL_SL,2025-12-12 18:39:27,4264.06,-22.09,STRUCTURAL_SL,False
494,154,INDEPENDENT_CHILD,UP,2025-12-10 22:04:14,2025-12-16 05:11:18,4221.29,4223.66,4285.04,4169.98,30.80212184,1.66579433,0.01,61.38,61.38,980,CHALLENGE_OPENS,2025-12-15 01:00:00,4300.72,77.0600000000004,CONFIRMED_CYCLE2_ALL_CLOSE,True
495,154,INDEPENDENT_CHILD,UP,2025-12-11 17:40:53,2025-12-16 05:11:18,4247.53,4249.55,4285.08,4204.27,30.79219925,1.40490128,0.01,35.53,35.53,981,CHALLENGE_OPENS,2025-12-15 01:00:00,4300.72,51.17000000000007,CONFIRMED_CYCLE2_ALL_CLOSE,True
496,154,INDEPENDENT_CHILD,UP,2025-12-11 17:51:16,2025-12-16 05:11:18,4259.22,4259.58,4285.1,4204.27,30.79219925,1.78454288,0.01,25.52,25.52,982,CHALLENGE_OPENS,2025-12-15 01:00:00,4300.72,41.14000000000033,CONFIRMED_CYCLE2_ALL_CLOSE,True
497,154,INDEPENDENT_CHILD,UP,2025-12-11 18:47:28,2025-12-16 05:11:18,4264.48,4264.77,4285.1,4205.3,30.79219925,1.92191534,0.01,20.33,20.33,983,CHALLENGE_OPENS,2025-12-15 01:00:00,4300.72,35.94999999999982,CONFIRMED_CYCLE2_ALL_CLOSE,True
499,155,INDEPENDENT_CHILD,UP,2025-12-17 07:23:07,2025-12-24 16:40:58,4335.04,4335.28,4469.31,4296.87,30.90818891,1.2349478,0.01,134.03,134.03,990,CHALLENGE_OPENS,2025-12-24 16:40:58,4469.31,134.03,CHALLENGE_OPENS,False
500,155,INDEPENDENT_CHILD,UP,2025-12-18 18:10:22,2025-12-24 16:40:58,4348.73,4349.21,4469.77,4306.69,30.57246539,1.37509355,0.01,120.56,120.56,991,CHALLENGE_OPENS,2025-12-24 16:40:58,4469.77,120.56,CHALLENGE_OPENS,False
501,155,INDEPENDENT_CHILD,UP,2025-12-18 18:10:23,2025-12-24 16:40:58,4350.14,4350.98,4469.57,4306.69,30.57246539,1.42121348,0.01,118.59,118.59,992,CHALLENGE_OPENS,2025-12-24 16:40:58,4469.57,118.59,CHALLENGE_OPENS,False
502,155,INDEPENDENT_CHILD,UP,2025-12-18 18:11:22,2025-12-24 16:40:58,4353.43,4353.91,4469.57,4306.69,30.57246539,1.52882666,0.01,115.66,115.66,993,CHALLENGE_OPENS,2025-12-24 16:40:58,4469.57,115.66,CHALLENGE_OPENS,False
503,155,INDEPENDENT_CHILD,UP,2025-12-22 03:38:47,2025-12-24 16:40:58,4374.57,4374.72,4469.72,4336.55,30.38926173,1.25109982,0.01,95.0,95.0,994,CHALLENGE_OPENS,2025-12-24 16:40:58,4469.72,95.0,CHALLENGE_OPENS,False
504,155,INDEPENDENT_CHILD,UP,2025-12-22 03:40:04,2025-12-24 16:40:58,4381.46,4382.12,4469.62,4336.55,30.38926173,1.47782465,0.01,87.5,87.5,995,CHALLENGE_OPENS,2025-12-24 16:40:58,4469.62,87.5,CHALLENGE_OPENS,False
505,155,INDEPENDENT_CHILD,UP,2025-12-23 22:58:51,2025-12-24 16:40:58,4497.64,4497.8,4469.94,4430.45,30.40991165,2.20947699,0.01,-27.86,-27.86,996,CHALLENGE_OPENS,2025-12-24 16:40:58,4469.94,-27.86,CHALLENGE_OPENS,False
506,156,INDEPENDENT_CHILD,UP,2025-12-26 15:40:56,2025-12-29 09:03:31,4525.88,4526.36,4446.08,4448.3,30.58367809,2.53664715,0.01,-80.28,-80.28,1004,TICK_COLLISION_STOP_CHALLENGE_OPENS,2025-12-29 09:03:31,4446.08,-80.28,TICK_COLLISION_STOP_CHALLENGE_OPENS,False
508,157,INDEPENDENT_CHILD,DOWN,2025-12-31 07:50:44,2026-01-02 08:00:00,4303.02,4302.36,4380.98,4373.31,31.84502249,2.20725233,0.01,-78.62,-78.62,1007,STRUCTURAL_SL,2025-12-31 16:00:00,4346.05,-43.69000000000051,CONFIRMED_CYCLE2_ALL_CLOSE,True
507,157,INDEPENDENT_CHILD,DOWN,2025-12-29 15:42:33,2026-01-05 03:02:07,4430.45,4430.7,4403.53,4520.35,30.9757163,2.90227348,0.01,27.17,27.17,1006,CHALLENGE_OPENS,2025-12-31 16:00:00,4346.05,84.64999999999964,CONFIRMED_CYCLE2_ALL_CLOSE,True
509,158,INDEPENDENT_CHILD,UP,2026-01-05 03:02:11,2026-01-07 08:46:06,4404.36,4406.08,4442.54,4309.99,32.83007725,2.87449826,0.01,36.46,36.46,1010,CHALLENGE_OPENS,2026-01-07 08:46:06,4442.54,36.46,CHALLENGE_OPENS,False
510,159,INDEPENDENT_CHILD,DOWN,2026-01-08 07:16:32,2026-01-08 22:25:28,4423.51,4423.49,4466.53,4466.33,32.89714271,1.3016328,0.01,-43.04,-43.04,1012,STRUCTURAL_SL,2026-01-08 22:25:28,4466.53,-43.04,STRUCTURAL_SL,False
511,160,INDEPENDENT_CHILD,UP,2026-01-09 17:21:06,2026-01-13 22:34:19,4500.43,4500.03,4572.56,4458.24,32.71393148,1.28966462,0.01,72.53,72.53,1014,CHALLENGE_OPENS,2026-01-13 22:34:19,4572.56,72.53,CHALLENGE_OPENS,False
512,160,INDEPENDENT_CHILD,UP,2026-01-12 02:07:25,2026-01-13 22:34:19,4550.06,4550.25,4572.0,4482.09,32.71933452,2.07736499,0.01,21.75,21.75,1015,CHALLENGE_OPENS,2026-01-13 22:34:19,4572.0,21.75,CHALLENGE_OPENS,False
513,160,INDEPENDENT_CHILD,UP,2026-01-12 15:07:59,2026-01-13 22:34:19,4601.12,4600.89,4572.98,4482.09,32.97515601,3.60968724,0.01,-27.91,-27.91,1016,CHALLENGE_OPENS,2026-01-13 22:34:19,4572.98,-27.91,CHALLENGE_OPENS,False
514,160,INDEPENDENT_CHILD,UP,2026-01-13 16:47:15,2026-01-13 22:34:19,4630.11,4630.44,4572.98,4573.76,33.02745283,1.7061564,0.01,-57.46,-57.46,1017,TICK_COLLISION_STOP_CHALLENGE_OPENS,2026-01-13 22:34:19,4572.98,-57.46,TICK_COLLISION_STOP_CHALLENGE_OPENS,False
515,161,INDEPENDENT_CHILD,UP,2026-01-14 07:01:55,2026-01-16 17:27:02,4634.53,4635.38,4582.9,4569.86,33.10578338,1.95343512,0.01,-52.48,-52.48,1022,CHALLENGE_OPENS,2026-01-16 17:27:02,4582.9,-52.48,CHALLENGE_OPENS,False
516,162,INDEPENDENT_CHILD,DOWN,2026-01-16 17:29:18,2026-01-19 01:02:00,4569.86,4569.88,4638.91,4620.8,32.81994097,1.55210517,0.01,-69.03,-69.03,1024,TICK_COLLISION_STOP_CHALLENGE_OPENS,2026-01-19 01:02:00,4638.91,-69.03,TICK_COLLISION_STOP_CHALLENGE_OPENS,False
517,163,INDEPENDENT_CHILD,UP,2026-01-19 01:02:58,2026-01-29 17:27:21,4642.89,4643.86,5232.76,4536.61,33.01976508,3.21867826,0.01,588.9,588.9,1026,CHALLENGE_OPENS,2026-01-21 20:00:00,4826.11,182.25,CONFIRMED_CYCLE2_ALL_CLOSE,True
518,163,INDEPENDENT_CHILD,UP,2026-01-20 06:35:43,2026-01-29 17:27:21,4690.54,4691.1,5232.62,4659.5,32.8071472,0.9461353,0.01,541.52,541.52,1027,CHALLENGE_OPENS,2026-01-21 20:00:00,4826.11,135.0099999999993,CONFIRMED_CYCLE2_ALL_CLOSE,True
519,163,INDEPENDENT_CHILD,UP,2026-01-22 19:22:56,2026-01-29 17:27:21,4888.61,4890.13,5231.27,4810.73,34.08257236,2.28503879,0.01,341.14,341.14,1028,CHALLENGE_OPENS,2026-01-29 17:27:21,5231.27,341.14,CHALLENGE_OPENS,False
520,163,INDEPENDENT_CHILD,UP,2026-01-23 18:09:42,2026-01-29 17:27:21,4967.39,4967.77,5232.48,4899.7,34.55066183,1.95915205,0.01,264.71,264.71,1029,CHALLENGE_OPENS,2026-01-29 17:27:21,5232.48,264.71,CHALLENGE_OPENS,False
521,163,INDEPENDENT_CHILD,UP,2026-01-27 22:03:25,2026-01-29 17:27:21,5111.22,5111.95,5233.37,5046.83,35.84800185,1.79619495,0.01,121.42,121.42,1030,CHALLENGE_OPENS,2026-01-29 17:27:21,5233.37,121.42,CHALLENGE_OPENS,False
522,163,INDEPENDENT_CHILD,UP,2026-01-28 20:18:22,2026-01-29 17:27:21,5311.43,5311.79,5234.24,5235.83,37.00784558,2.04281008,0.01,-77.55,-77.55,1031,TICK_COLLISION_STOP_CHALLENGE_OPENS,2026-01-29 17:27:21,5234.24,-77.55,TICK_COLLISION_STOP_CHALLENGE_OPENS,False
523,164,INDEPENDENT_CHILD,DOWN,2026-01-30 10:33:28,2026-02-03 02:24:05,5100.21,5096.79,4812.97,5241.13,43.56782365,3.23449712,0.01,283.82,283.82,1038,CHALLENGE_OPENS,2026-02-03 02:24:05,4812.97,283.82,CHALLENGE_OPENS,False
526,165,INDEPENDENT_CHILD,DOWN,2026-02-05 23:33:50,2026-02-06 15:00:15,4789.79,4789.42,4906.82,4906.41,58.71004587,1.98637215,0.01,-117.4,-117.4,1042,STRUCTURAL_SL,2026-02-06 08:00:00,4897.85,-108.43000000000029,CONFIRMED_CYCLE2_ALL_CLOSE,True
525,165,INDEPENDENT_CHILD,DOWN,2026-02-05 04:47:46,2026-02-09 01:28:30,4855.2,4855.56,5025.37,5023.86,57.4227934,2.93716119,0.01,-169.81,-169.81,1041,STRUCTURAL_SL,2026-02-06 08:00:00,4897.85,-42.289999999999964,CONFIRMED_CYCLE2_ALL_CLOSE,True
524,165,INDEPENDENT_CHILD,DOWN,2026-02-04 18:46:56,2026-02-09 17:33:09,4880.74,4879.95,5050.45,5063.46,56.20637937,3.25087654,0.01,-170.5,-170.5,1040,CHALLENGE_OPENS,2026-02-06 08:00:00,4897.85,-17.900000000000546,CONFIRMED_CYCLE2_ALL_CLOSE,True
527,166,INDEPENDENT_CHILD,UP,2026-02-11 12:40:52,2026-02-11 15:30:28,5078.61,5081.8,5043.8,5043.58,59.47199598,0.58901672,0.01,-38.0,-38.0,1046,STRUCTURAL_SL,2026-02-11 15:30:28,5043.8,-38.0,STRUCTURAL_SL,False
528,166,INDEPENDENT_CHILD,UP,2026-02-11 12:44:09,2026-02-11 15:30:28,5086.36,5087.83,5041.54,5043.58,59.47199598,0.71933015,0.01,-46.29,-46.29,1047,STRUCTURAL_SL,2026-02-11 15:30:28,5041.54,-46.29,STRUCTURAL_SL,False
529,166,INDEPENDENT_CHILD,UP,2026-02-11 12:44:19,2026-02-11 15:30:28,5091.72,5092.51,5044.17,5043.58,59.47199598,0.80945661,0.01,-48.34,-48.34,1048,STRUCTURAL_SL,2026-02-11 15:30:28,5044.17,-48.34,STRUCTURAL_SL,False
534,167,INDEPENDENT_CHILD,DOWN,2026-02-17 07:31:52,2026-02-18 17:03:14,4878.63,4877.16,5001.11,5001.0,59.13057749,2.06948765,0.01,-123.95,-123.95,1056,STRUCTURAL_SL,2026-02-18 08:00:00,4933.57,-56.409999999999854,CONFIRMED_CYCLE2_ALL_CLOSE,True
535,167,INDEPENDENT_CHILD,DOWN,2026-02-17 16:01:17,2026-02-18 17:03:14,4859.1,4858.68,5000.84,5001.0,59.43249581,2.38758272,0.01,-142.16,-142.16,1057,STRUCTURAL_SL,2026-02-18 08:00:00,4933.57,-74.88999999999942,CONFIRMED_CYCLE2_ALL_CLOSE,True
530,167,INDEPENDENT_CHILD,DOWN,2026-02-12 18:13:15,2026-02-18 17:03:16,4998.96,4999.65,5001.17,5083.77,59.05510206,1.43611639,0.01,-1.52,-1.52,1052,CHALLENGE_OPENS,2026-02-18 08:00:00,4933.57,66.07999999999993,CONFIRMED_CYCLE2_ALL_CLOSE,True
531,167,INDEPENDENT_CHILD,DOWN,2026-02-12 18:13:25,2026-02-18 17:03:16,4987.81,4986.48,5001.11,5083.77,59.05510206,1.62492311,0.01,-14.63,-14.63,1053,CHALLENGE_OPENS,2026-02-18 08:00:00,4933.57,52.909999999999854,CONFIRMED_CYCLE2_ALL_CLOSE,True
532,167,INDEPENDENT_CHILD,DOWN,2026-02-17 02:52:16,2026-02-18 17:03:16,4965.3,4957.42,5000.87,5017.24,59.02488239,0.87996787,0.01,-43.45,-43.45,1054,CHALLENGE_OPENS,2026-02-18 08:00:00,4933.57,23.850000000000364,CONFIRMED_CYCLE2_ALL_CLOSE,True
533,167,INDEPENDENT_CHILD,DOWN,2026-02-17 02:58:29,2026-02-18 17:03:16,4933.81,4933.91,5000.85,5017.24,59.02488239,1.41347169,0.01,-66.94,-66.94,1055,CHALLENGE_OPENS,2026-02-18 08:00:00,4933.57,0.3400000000001455,CONFIRMED_CYCLE2_ALL_CLOSE,True
538,168,INDEPENDENT_CHILD,UP,2026-02-20 16:34:34,2026-02-20 17:06:19,5051.96,5052.28,4995.51,5005.04,57.61177389,0.81441686,0.01,-56.77,-56.77,1066,STRUCTURAL_SL,2026-02-20 17:06:19,4995.51,-56.77,STRUCTURAL_SL,False
542,168,INDEPENDENT_CHILD,UP,2026-02-23 16:36:40,2026-02-24 15:59:25,5176.6,5176.94,5117.16,5122.2,57.35024342,0.94855744,0.01,-59.78,-59.78,1071,STRUCTURAL_SL,2026-02-24 08:00:00,5182.74,5.800000000000182,CONFIRMED_CYCLE2_ALL_CLOSE,True
543,168,INDEPENDENT_CHILD,UP,2026-02-25 18:46:15,2026-02-25 22:58:19,5210.59,5211.13,5155.44,5155.17,57.02016032,0.97193694,0.01,-55.69,-55.69,1073,STRUCTURAL_SL,2026-02-25 22:58:19,5155.44,-55.69,STRUCTURAL_SL,False
536,168,INDEPENDENT_CHILD,UP,2026-02-19 08:45:02,2026-02-26 16:30:41,5010.87,5010.87,5142.57,4958.75,58.64065146,0.88880322,0.01,131.7,131.7,1064,CHALLENGE_OPENS,2026-02-24 08:00:00,5182.74,171.8699999999999,CONFIRMED_CYCLE2_ALL_CLOSE,True
537,168,INDEPENDENT_CHILD,UP,2026-02-20 08:23:23,2026-02-26 16:30:41,5022.28,5022.88,5142.96,4981.75,57.81234119,0.70106139,0.01,120.08,120.08,1065,CHALLENGE_OPENS,2026-02-24 08:00:00,5182.74,159.85999999999967,CONFIRMED_CYCLE2_ALL_CLOSE,True
539,168,INDEPENDENT_CHILD,UP,2026-02-20 22:19:17,2026-02-26 16:30:41,5083.77,5084.3,5142.8,4989.2,57.77570848,1.63684708,0.01,58.5,58.5,1068,CHALLENGE_OPENS,2026-02-24 08:00:00,5182.74,98.4399999999996,CONFIRMED_CYCLE2_ALL_CLOSE,True
540,168,INDEPENDENT_CHILD,UP,2026-02-20 23:47:01,2026-02-26 16:30:41,5099.99,5101.36,5142.74,4989.2,57.77570848,1.91758791,0.01,41.38,41.38,1069,CHALLENGE_OPENS,2026-02-24 08:00:00,5182.74,81.38000000000011,CONFIRMED_CYCLE2_ALL_CLOSE,True
541,168,INDEPENDENT_CHILD,UP,2026-02-23 01:04:38,2026-02-26 16:30:41,5119.09,5120.53,5143.74,4989.2,57.75039898,2.24916195,0.01,23.21,23.21,1070,CHALLENGE_OPENS,2026-02-24 08:00:00,5182.74,62.210000000000036,CONFIRMED_CYCLE2_ALL_CLOSE,True
544,169,INDEPENDENT_CHILD,UP,2026-02-27 15:07:26,2026-03-03 11:25:30,5201.02,5201.39,5260.48,5168.74,56.02342231,0.57618758,0.01,59.09,59.09,1080,CHALLENGE_OPENS,2026-03-03 08:00:00,5319.12,117.72999999999956,CONFIRMED_CYCLE2_ALL_CLOSE,True
545,169,INDEPENDENT_CHILD,UP,2026-02-27 15:15:28,2026-03-03 11:25:30,5217.58,5217.89,5259.0,5168.74,56.02342231,0.87177823,0.01,41.11,41.11,1081,CHALLENGE_OPENS,2026-03-03 08:00:00,5319.12,101.22999999999956,CONFIRMED_CYCLE2_ALL_CLOSE,True
546,169,INDEPENDENT_CHILD,UP,2026-02-27 18:11:14,2026-03-03 11:25:30,5249.64,5250.59,5258.41,5168.74,56.11134775,1.4417761,0.01,7.82,7.82,1082,CHALLENGE_OPENS,2026-03-03 08:00:00,5319.12,68.52999999999975,CONFIRMED_CYCLE2_ALL_CLOSE,True
547,170,INDEPENDENT_CHILD,DOWN,2026-03-03 13:09:25,2026-03-06 17:01:59,5168.74,5166.43,5143.81,5335.86,57.07121215,2.92827143,0.01,22.62,22.62,1086,CHALLENGE_OPENS,2026-03-06 04:00:00,5134.75,31.68000000000029,CONFIRMED_CYCLE2_ALL_CLOSE,True
548,170,INDEPENDENT_CHILD,DOWN,2026-03-03 13:29:38,2026-03-06 17:01:59,5130.34,5127.76,5143.56,5335.86,57.07121215,3.60111503,0.01,-15.8,-15.8,1087,CHALLENGE_OPENS,2026-03-06 04:00:00,5134.75,-6.989999999999782,CONFIRMED_CYCLE2_ALL_CLOSE,True
549,170,INDEPENDENT_CHILD,DOWN,2026-03-05 15:22:11,2026-03-06 17:01:59,5109.11,5105.43,5144.21,5180.41,58.58158702,1.21710598,0.01,-38.78,-38.78,1088,CHALLENGE_OPENS,2026-03-06 04:00:00,5134.75,-29.31999999999971,CONFIRMED_CYCLE2_ALL_CLOSE,True
551,172,INDEPENDENT_CHILD,DOWN,2026-03-09 01:42:57,2026-03-10 15:01:20,5050.85,5048.32,5200.13,5205.98,58.68397017,2.64348168,0.01,-151.81,-151.81,1092,CHALLENGE_OPENS,2026-03-10 15:01:20,5200.13,-151.81,CHALLENGE_OPENS,False
552,173,INDEPENDENT_CHILD,UP,2026-03-10 15:18:01,2026-03-11 15:51:57,5205.98,5205.83,5155.9,5156.45,59.1036485,0.83801933,0.01,-49.93,-49.93,1094,STRUCTURAL_SL,2026-03-11 15:51:57,5155.9,-49.93,STRUCTURAL_SL,False
553,174,INDEPENDENT_CHILD,DOWN,2026-03-12 17:11:01,2026-03-17 06:44:44,5125.7,5125.51,5038.33,5191.68,58.11489415,1.13533718,0.01,87.18,87.18,1096,CHALLENGE_OPENS,2026-03-17 06:44:44,5038.33,87.18,CHALLENGE_OPENS,False
554,174,INDEPENDENT_CHILD,DOWN,2026-03-12 22:30:35,2026-03-17 06:44:44,5060.71,5060.75,5038.89,5186.07,58.13158919,2.15648672,0.01,21.86,21.86,1097,CHALLENGE_OPENS,2026-03-17 06:44:44,5038.89,21.86,CHALLENGE_OPENS,False
555,174,INDEPENDENT_CHILD,DOWN,2026-03-13 16:55:23,2026-03-17 06:44:44,5055.04,5053.47,5039.18,5128.49,57.78323868,1.27112986,0.01,14.29,14.29,1098,CHALLENGE_OPENS,2026-03-17 06:44:44,5039.18,14.29,CHALLENGE_OPENS,False
556,174,INDEPENDENT_CHILD,DOWN,2026-03-13 21:47:20,2026-03-17 06:44:44,5014.75,5013.59,5039.14,5121.66,57.95599846,1.84467532,0.01,-25.55,-25.55,1099,CHALLENGE_OPENS,2026-03-17 06:44:44,5039.14,-25.55,CHALLENGE_OPENS,False
557,174,INDEPENDENT_CHILD,DOWN,2026-03-16 01:20:15,2026-03-17 06:44:44,4996.08,4992.7,5039.6,5121.66,57.86757625,2.17012718,0.01,-46.9,-46.9,1100,CHALLENGE_OPENS,2026-03-17 06:44:44,5039.6,-46.9,CHALLENGE_OPENS,False
558,174,INDEPENDENT_CHILD,DOWN,2026-03-16 01:20:24,2026-03-17 06:44:44,4989.2,4983.45,5039.97,5121.66,57.86757625,2.28901932,0.01,-56.52,-56.52,1101,CHALLENGE_OPENS,2026-03-17 06:44:44,5039.97,-56.52,CHALLENGE_OPENS,False
559,175,INDEPENDENT_CHILD,DOWN,2026-03-18 12:35:34,2026-03-25 01:36:10,4973.5,4972.79,4513.98,5016.15,56.33518304,0.75707573,0.01,458.81,458.81,1108,CHALLENGE_OPENS,2026-03-23 16:00:00,4454.32,518.4700000000003,CONFIRMED_CYCLE2_ALL_CLOSE,True
560,175,INDEPENDENT_CHILD,DOWN,2026-03-18 12:35:37,2026-03-25 01:36:10,4970.04,4968.97,4514.01,5016.15,56.33518304,0.81849383,0.01,454.96,454.96,1109,CHALLENGE_OPENS,2026-03-23 16:00:00,4454.32,514.6500000000005,CONFIRMED_CYCLE2_ALL_CLOSE,True
561,175,INDEPENDENT_CHILD,DOWN,2026-03-18 12:35:38,2026-03-25 01:36:10,4963.43,4960.3,4514.01,5016.15,56.33518304,0.93582726,0.01,446.29,446.29,1110,CHALLENGE_OPENS,2026-03-23 16:00:00,4454.32,505.9800000000005,CONFIRMED_CYCLE2_ALL_CLOSE,True
562,175,INDEPENDENT_CHILD,DOWN,2026-03-18 15:16:37,2026-03-25 01:36:10,4841.76,4841.64,4514.11,5016.15,56.33518304,3.09557883,0.01,327.53,327.53,1111,CHALLENGE_OPENS,2026-03-23 16:00:00,4454.32,387.3200000000006,CONFIRMED_CYCLE2_ALL_CLOSE,True
563,175,INDEPENDENT_CHILD,DOWN,2026-03-19 13:50:52,2026-03-25 01:36:10,4654.84,4654.91,4514.7,4867.0,57.49551757,3.69002679,0.01,140.21,140.21,1112,CHALLENGE_OPENS,2026-03-23 16:00:00,4454.32,200.59000000000015,CONFIRMED_CYCLE2_ALL_CLOSE,True
564,175,INDEPENDENT_CHILD,DOWN,2026-03-20 20:50:34,2026-03-25 01:36:10,4502.58,4502.58,4515.79,4695.47,58.99147062,3.26979473,0.01,-13.21,-13.21,1113,CHALLENGE_OPENS,2026-03-23 16:00:00,4454.32,48.26000000000022,CONFIRMED_CYCLE2_ALL_CLOSE,True
565,175,INDEPENDENT_CHILD,DOWN,2026-03-23 07:52:17,2026-03-25 01:36:10,4309.99,4309.92,4515.91,4535.57,60.09632037,3.7536408,0.01,-205.99,-205.99,1114,CHALLENGE_OPENS,2026-03-23 16:00:00,4454.32,-144.39999999999964,CONFIRMED_CYCLE2_ALL_CLOSE,True
572,176,INDEPENDENT_CHILD,UP,2026-04-01 10:33:48,2026-04-02 04:32:16,4735.68,4736.06,4666.76,4667.03,64.45252912,1.065125,0.01,-69.3,-69.3,1128,STRUCTURAL_SL,2026-04-02 04:32:16,4666.76,-69.3,STRUCTURAL_SL,False
566,176,INDEPENDENT_CHILD,UP,2026-03-27 16:47:47,2026-04-07 17:06:14,4475.34,4475.54,4615.51,4404.34,64.15723549,1.10665616,0.01,139.97,139.97,1122,CHALLENGE_OPENS,2026-04-02 08:00:00,4672.56,197.02000000000044,CONFIRMED_CYCLE2_ALL_CLOSE,True
567,176,INDEPENDENT_CHILD,UP,2026-03-27 16:50:50,2026-04-07 17:06:14,4479.28,4480.09,4614.72,4404.34,64.15723549,1.16806779,0.01,134.63,134.63,1123,CHALLENGE_OPENS,2026-04-02 08:00:00,4672.56,192.47000000000025,CONFIRMED_CYCLE2_ALL_CLOSE,True
568,176,INDEPENDENT_CHILD,UP,2026-03-30 14:44:51,2026-04-07 17:06:14,4555.33,4558.51,4614.91,4419.64,64.59438178,2.10064709,0.01,56.4,56.4,1124,CHALLENGE_OPENS,2026-04-02 08:00:00,4672.56,114.05000000000018,CONFIRMED_CYCLE2_ALL_CLOSE,True
569,176,INDEPENDENT_CHILD,UP,2026-03-31 04:24:56,2026-04-07 17:06:14,4580.64,4581.54,4613.99,4419.64,64.48290417,2.49678581,0.01,32.45,32.45,1125,CHALLENGE_OPENS,2026-04-02 08:00:00,4672.56,91.02000000000044,CONFIRMED_CYCLE2_ALL_CLOSE,True
570,176,INDEPENDENT_CHILD,UP,2026-03-31 04:41:14,2026-04-07 17:06:14,4602.32,4606.27,4614.15,4419.64,64.48290417,2.83299895,0.01,7.88,7.88,1126,CHALLENGE_OPENS,2026-04-02 08:00:00,4672.56,66.28999999999996,CONFIRMED_CYCLE2_ALL_CLOSE,True
571,176,INDEPENDENT_CHILD,UP,2026-03-31 17:02:51,2026-04-07 17:06:14,4619.41,4620.42,4613.41,4529.44,64.48297851,1.39525193,0.01,-7.01,-7.01,1127,CHALLENGE_OPENS,2026-04-02 08:00:00,4672.56,52.14000000000033,CONFIRMED_CYCLE2_ALL_CLOSE,True
573,176,INDEPENDENT_CHILD,UP,2026-04-06 12:00:23,2026-04-07 17:06:14,4699.34,4701.34,4613.04,4600.83,64.97511559,1.51611889,0.01,-88.3,-88.3,1130,CHALLENGE_OPENS,2026-04-07 17:06:14,4613.04,-88.3,CHALLENGE_OPENS,False
574,177,INDEPENDENT_CHILD,UP,2026-04-07 22:45:54,2026-04-13 01:01:59,4706.57,4708.8,4665.35,4607.42,64.19249433,1.5445731,0.01,-43.45,-43.45,1138,CHALLENGE_OPENS,2026-04-13 01:01:59,4665.35,-43.45,CHALLENGE_OPENS,False
575,177,INDEPENDENT_CHILD,UP,2026-04-08 01:54:37,2026-04-13 01:01:59,4800.23,4802.43,4665.32,4607.42,64.19531381,3.00349026,0.01,-137.11,-137.11,1139,CHALLENGE_OPENS,2026-04-13 01:01:59,4665.32,-137.11,CHALLENGE_OPENS,False
576,178,INDEPENDENT_CHILD,UP,2026-04-14 10:08:53,2026-04-16 16:55:24,4795.08,4795.69,4785.77,4700.29,61.69101773,1.53652839,0.01,-9.92,-9.92,1142,CHALLENGE_OPENS,2026-04-16 16:55:24,4785.77,-9.92,CHALLENGE_OPENS,False
577,178,INDEPENDENT_CHILD,UP,2026-04-14 16:38:28,2026-04-16 16:55:24,4801.19,4802.42,4785.43,4752.33,61.4243938,0.79544945,0.01,-16.99,-16.99,1143,CHALLENGE_OPENS,2026-04-16 16:55:24,4785.43,-16.99,CHALLENGE_OPENS,False
578,178,INDEPENDENT_CHILD,UP,2026-04-15 04:16:14,2026-04-16 16:55:24,4857.61,4859.07,4785.62,4752.33,61.01099913,1.72559049,0.01,-73.45,-73.45,1144,CHALLENGE_OPENS,2026-04-16 16:55:24,4785.62,-73.45,CHALLENGE_OPENS,False
579,179,INDEPENDENT_CHILD,DOWN,2026-04-17 04:12:20,2026-04-17 15:40:02,4773.13,4771.14,4824.44,4823.96,59.12435277,0.85971343,0.01,-53.3,-53.3,1148,STRUCTURAL_SL,2026-04-17 15:40:02,4824.44,-53.3,STRUCTURAL_SL,False
580,180,INDEPENDENT_CHILD,UP,2026-04-17 16:10:53,2026-04-20 01:02:00,4871.26,4873.26,4778.44,4778.62,58.86290212,1.57382658,0.01,-94.82,-94.82,1150,TICK_COLLISION_STOP_CHALLENGE_OPENS,2026-04-20 01:02:00,4778.44,-94.82,TICK_COLLISION_STOP_CHALLENGE_OPENS,False
590,181,INDEPENDENT_CHILD,DOWN,2026-04-29 12:50:22,2026-04-30 11:03:57,4554.83,4554.49,4608.23,4607.66,53.93815958,0.979455,0.01,-53.74,-53.74,1161,STRUCTURAL_SL,2026-04-30 04:00:00,4570.13,-15.640000000000327,CONFIRMED_CYCLE2_ALL_CLOSE,True
591,181,INDEPENDENT_CHILD,DOWN,2026-04-29 12:50:23,2026-04-30 11:03:57,4553.7,4552.59,4608.4,4607.66,53.93815958,1.00040492,0.01,-55.81,-55.81,1162,STRUCTURAL_SL,2026-04-30 04:00:00,4570.13,-17.539999999999964,CONFIRMED_CYCLE2_ALL_CLOSE,True
592,181,INDEPENDENT_CHILD,DOWN,2026-04-29 16:38:25,2026-04-30 11:03:57,4529.44,4529.36,4608.25,4607.66,53.85328092,1.45246489,0.01,-78.89,-78.89,1163,STRUCTURAL_SL,2026-04-30 04:00:00,4570.13,-40.77000000000044,CONFIRMED_CYCLE2_ALL_CLOSE,True
581,181,INDEPENDENT_CHILD,DOWN,2026-04-20 02:43:13,2026-04-30 11:04:06,4752.33,4748.56,4611.66,4889.35,58.73167212,2.33298313,0.01,136.9,136.9,1152,CHALLENGE_OPENS,2026-04-30 04:00:00,4570.13,178.4300000000003,CONFIRMED_CYCLE2_ALL_CLOSE,True
582,181,INDEPENDENT_CHILD,DOWN,2026-04-21 17:46:39,2026-04-30 11:04:06,4736.84,4735.39,4611.32,4797.95,57.51524501,1.06250091,0.01,124.07,124.07,1153,CHALLENGE_OPENS,2026-04-30 04:00:00,4570.13,165.26000000000022,CONFIRMED_CYCLE2_ALL_CLOSE,True
583,181,INDEPENDENT_CHILD,DOWN,2026-04-21 20:19:04,2026-04-30 11:04:06,4700.29,4700.32,4611.85,4797.95,57.67416031,1.69330597,0.01,88.47,88.47,1154,CHALLENGE_OPENS,2026-04-30 04:00:00,4570.13,130.1899999999996,CONFIRMED_CYCLE2_ALL_CLOSE,True
584,181,INDEPENDENT_CHILD,DOWN,2026-04-23 20:46:41,2026-04-30 11:04:06,4668.31,4667.51,4612.13,4743.06,56.32244634,1.32717957,0.01,55.38,55.38,1155,CHALLENGE_OPENS,2026-04-30 04:00:00,4570.13,97.38000000000011,CONFIRMED_CYCLE2_ALL_CLOSE,True
585,181,INDEPENDENT_CHILD,DOWN,2026-04-27 18:02:29,2026-04-30 11:04:06,4672.05,4670.55,4613.15,4712.57,55.15195085,0.73469749,0.01,57.4,57.4,1156,CHALLENGE_OPENS,2026-04-30 04:00:00,4570.13,100.42000000000007,CONFIRMED_CYCLE2_ALL_CLOSE,True
586,181,INDEPENDENT_CHILD,DOWN,2026-04-28 05:00:06,2026-04-30 11:04:06,4667.15,4666.97,4613.32,4712.57,54.64362175,0.83120406,0.01,53.65,53.65,1157,CHALLENGE_OPENS,2026-04-30 04:00:00,4570.13,96.84000000000015,CONFIRMED_CYCLE2_ALL_CLOSE,True
587,181,INDEPENDENT_CHILD,DOWN,2026-04-28 08:06:19,2026-04-30 11:04:06,4657.6,4652.25,4613.56,4701.18,54.47987941,0.79992835,0.01,38.69,38.69,1158,CHALLENGE_OPENS,2026-04-30 04:00:00,4570.13,82.11999999999989,CONFIRMED_CYCLE2_ALL_CLOSE,True
588,181,INDEPENDENT_CHILD,DOWN,2026-04-28 08:30:37,2026-04-30 11:04:06,4643.82,4643.84,4612.97,4701.18,54.47987941,1.05286577,0.01,30.87,30.87,1159,CHALLENGE_OPENS,2026-04-30 04:00:00,4570.13,73.71000000000004,CONFIRMED_CYCLE2_ALL_CLOSE,True
589,181,INDEPENDENT_CHILD,DOWN,2026-04-28 12:56:35,2026-04-30 11:04:06,4607.42,4607.35,4613.48,4701.18,54.47238008,1.72123928,0.01,-6.13,-6.13,1160,CHALLENGE_OPENS,2026-04-30 04:00:00,4570.13,37.220000000000255,CONFIRMED_CYCLE2_ALL_CLOSE,True
593,182,INDEPENDENT_CHILD,UP,2026-05-01 17:12:18,2026-05-04 13:03:52,4647.01,4649.01,4558.03,4560.12,53.01325094,1.63902418,0.01,-90.98,-90.98,1176,TICK_COLLISION_STOP_CHALLENGE_OPENS,2026-05-04 13:03:52,4558.03,-90.98,TICK_COLLISION_STOP_CHALLENGE_OPENS,False
594,183,INDEPENDENT_CHILD,DOWN,2026-05-04 19:07:59,2026-05-06 03:58:20,4510.1,4509.81,4618.97,4618.49,52.74637515,2.05492794,0.01,-109.16,-109.16,1178,STRUCTURAL_SL,2026-05-06 03:58:20,4618.97,-109.16,STRUCTURAL_SL,False
595,184,INDEPENDENT_CHILD,UP,2026-05-07 09:31:31,2026-05-08 01:01:59,4722.95,4724.07,4689.64,4685.09,51.51670262,0.73490728,0.01,-34.43,-34.43,1180,STRUCTURAL_SL,2026-05-08 01:01:59,4689.64,-34.43,STRUCTURAL_SL,False
596,184,INDEPENDENT_CHILD,UP,2026-05-07 09:39:21,2026-05-08 01:01:59,4740.31,4742.12,4689.7,4685.09,51.51670262,1.07188537,0.01,-52.42,-52.42,1181,STRUCTURAL_SL,2026-05-08 01:01:59,4689.7,-52.42,STRUCTURAL_SL,False
597,185,INDEPENDENT_CHILD,UP,2026-05-12 01:46:25,2026-05-12 09:00:22,4749.47,4752.13,4707.68,4707.92,50.40303875,0.82435506,0.01,-44.45,-44.45,1184,STRUCTURAL_SL,2026-05-12 09:00:22,4707.68,-44.45,STRUCTURAL_SL,False
598,185,INDEPENDENT_CHILD,UP,2026-05-12 02:52:38,2026-05-12 09:00:22,4764.72,4765.84,4707.31,4707.92,50.40303875,1.12691618,0.01,-58.53,-58.53,1185,STRUCTURAL_SL,2026-05-12 09:00:22,4707.31,-58.53,STRUCTURAL_SL,False
599,185,INDEPENDENT_CHILD,UP,2026-05-12 03:17:49,2026-05-12 09:00:22,4772.24,4772.48,4706.82,4707.92,50.40303875,1.27611354,0.01,-65.66,-65.66,1186,STRUCTURAL_SL,2026-05-12 09:00:22,4706.82,-65.66,STRUCTURAL_SL,False
600,186,INDEPENDENT_CHILD,DOWN,2026-05-14 07:00:38,2026-05-14 07:27:29,4669.37,4669.02,4707.71,4706.93,49.26909239,0.76234406,0.01,-38.69,-38.69,1190,STRUCTURAL_SL,2026-05-14 07:27:29,4707.71,-38.69,STRUCTURAL_SL,False
604,186,INDEPENDENT_CHILD,DOWN,2026-05-18 03:33:59,2026-05-18 14:41:39,4500.65,4500.62,4564.66,4564.44,48.72007377,1.30931657,0.01,-64.04,-64.04,1195,STRUCTURAL_SL,2026-05-18 14:41:39,4564.66,-64.04,STRUCTURAL_SL,False
605,186,INDEPENDENT_CHILD,DOWN,2026-05-18 03:44:35,2026-05-18 14:41:39,4482.68,4482.67,4564.74,4564.44,48.72007377,1.67815838,0.01,-82.07,-82.07,1196,STRUCTURAL_SL,2026-05-18 14:41:39,4564.74,-82.07,STRUCTURAL_SL,False
607,186,INDEPENDENT_CHILD,DOWN,2026-05-20 04:36:09,2026-05-20 18:16:03,4464.51,4464.01,4550.34,4547.91,48.21908081,1.72960576,0.01,-86.33,-86.33,1200,STRUCTURAL_SL,2026-05-20 18:16:03,4550.34,-86.33,STRUCTURAL_SL,False
606,186,INDEPENDENT_CHILD,DOWN,2026-05-19 16:31:22,2026-05-21 04:11:32,4480.33,4478.55,4559.42,4559.29,48.27771559,1.6355372,0.01,-80.87,-80.87,1199,STRUCTURAL_SL,2026-05-21 04:11:32,4559.42,-80.87,STRUCTURAL_SL,False
602,186,INDEPENDENT_CHILD,DOWN,2026-05-15 03:25:18,2026-05-25 01:01:59,4638.24,4638.03,4548.43,4710.0,48.89336012,1.46768395,0.01,89.6,89.6,1193,CHALLENGE_OPENS,2026-05-25 01:01:59,4548.43,89.6,CHALLENGE_OPENS,False
603,186,INDEPENDENT_CHILD,DOWN,2026-05-15 12:14:38,2026-05-25 01:01:59,4546.23,4546.12,4549.62,4665.23,48.82985614,2.4370336,0.01,-3.5,-3.5,1194,CHALLENGE_OPENS,2026-05-25 01:01:59,4549.62,-3.5,CHALLENGE_OPENS,False
601,186,INDEPENDENT_CHILD,DOWN,2026-05-14 16:42:28,2026-05-25 01:02:00,4668.53,4666.75,4550.02,4718.73,48.99444143,1.02460603,0.01,116.73,116.73,1192,CHALLENGE_OPENS,2026-05-25 01:02:00,4550.02,116.73,CHALLENGE_OPENS,False
610,187,INDEPENDENT_CHILD,UP,2026-05-26 02:18:23,2026-05-26 02:33:16,4579.88,4580.43,4561.99,4563.27,46.30134428,0.35873688,0.01,-18.44,-18.44,1208,STRUCTURAL_SL,2026-05-26 02:33:16,4561.99,-18.44,STRUCTURAL_SL,False
608,187,INDEPENDENT_CHILD,UP,2026-05-25 01:31:11,2026-05-26 20:58:39,4559.29,4559.59,4491.58,4491.85,46.96859532,1.43585303,0.01,-68.01,-68.01,1206,TICK_COLLISION_STOP_CHALLENGE_OPENS,2026-05-26 20:58:39,4491.58,-68.01,TICK_COLLISION_STOP_CHALLENGE_OPENS,False
609,187,INDEPENDENT_CHILD,UP,2026-05-25 02:07:14,2026-05-26 20:58:39,4570.78,4572.18,4491.28,4491.85,46.96859532,1.68048458,0.01,-80.9,-80.9,1207,TICK_COLLISION_STOP_CHALLENGE_OPENS,2026-05-26 20:58:39,4491.28,-80.9,TICK_COLLISION_STOP_CHALLENGE_OPENS,False
611,188,INDEPENDENT_CHILD,DOWN,2026-05-26 21:02:18,2026-05-28 17:14:46,4488.55,4486.66,4466.99,4540.47,45.89437524,1.13129332,0.01,19.67,19.67,1212,CHALLENGE_OPENS,2026-05-28 17:14:46,4466.99,19.67,CHALLENGE_OPENS,False
612,188,INDEPENDENT_CHILD,DOWN,2026-05-27 09:31:21,2026-05-28 17:14:46,4482.54,4482.32,4467.0,4539.0,45.6659364,1.23637014,0.01,15.32,15.32,1213,CHALLENGE_OPENS,2026-05-28 17:14:46,4467.0,15.32,CHALLENGE_OPENS,False
613,188,INDEPENDENT_CHILD,DOWN,2026-05-27 13:46:26,2026-05-28 17:14:46,4453.57,4452.13,4466.95,4517.24,45.62412564,1.39553359,0.01,-14.82,-14.82,1214,CHALLENGE_OPENS,2026-05-28 17:14:46,4466.95,-14.82,CHALLENGE_OPENS,False
614,188,INDEPENDENT_CHILD,DOWN,2026-05-27 16:07:05,2026-05-28 17:14:46,4419.64,4418.73,4466.71,4517.24,45.77582494,2.13212979,0.01,-47.98,-47.98,1215,CHALLENGE_OPENS,2026-05-28 17:14:46,4466.71,-47.98,CHALLENGE_OPENS,False
615,188,INDEPENDENT_CHILD,DOWN,2026-05-27 16:28:00,2026-05-28 17:14:46,4404.34,4404.17,4466.39,4517.24,45.77582494,2.46636735,0.01,-62.22,-62.22,1216,CHALLENGE_OPENS,2026-05-28 17:14:46,4466.39,-62.22,CHALLENGE_OPENS,False
616,188,INDEPENDENT_CHILD,DOWN,2026-05-28 05:12:52,2026-05-28 17:14:46,4401.26,4400.56,4465.9,4465.71,45.53236256,1.41547674,0.01,-65.34,-65.34,1217,TICK_COLLISION_STOP_CHALLENGE_OPENS,2026-05-28 17:14:46,4465.9,-65.34,TICK_COLLISION_STOP_CHALLENGE_OPENS,False
618,189,INDEPENDENT_CHILD,UP,2026-05-29 18:05:02,2026-06-01 06:42:01,4580.16,4580.53,4512.12,4512.71,45.40067676,1.48566067,0.01,-68.41,-68.41,1225,STRUCTURAL_SL,2026-06-01 06:42:01,4512.12,-68.41,STRUCTURAL_SL,False
619,189,INDEPENDENT_CHILD,UP,2026-05-29 18:08:15,2026-06-01 06:42:01,4589.15,4589.21,4511.38,4512.71,45.40067676,1.68367534,0.01,-77.83,-77.83,1226,STRUCTURAL_SL,2026-06-01 06:42:01,4511.38,-77.83,STRUCTURAL_SL,False
617,189,INDEPENDENT_CHILD,UP,2026-05-29 12:50:31,2026-06-01 16:11:23,4539.0,4539.17,4488.63,4489.02,45.48380903,1.09885256,0.01,-50.54,-50.54,1224,STRUCTURAL_SL,2026-06-01 16:11:23,4488.63,-50.54,STRUCTURAL_SL,False
620,190,INDEPENDENT_CHILD,DOWN,2026-06-03 11:51:48,2026-06-04 14:27:11,4447.63,4446.24,4488.0,4488.07,44.41456092,0.91051221,0.01,-41.76,-41.76,1230,STRUCTURAL_SL,2026-06-04 14:27:11,4488.0,-41.76,STRUCTURAL_SL,False
621,190,INDEPENDENT_CHILD,DOWN,2026-06-05 15:52:39,2026-06-09 08:41:52,4423.95,4422.25,4347.02,4483.33,43.77602271,1.35645032,0.01,75.23,75.23,1232,CHALLENGE_OPENS,2026-06-08 20:00:00,4340.95,81.30000000000018,CONFIRMED_CYCLE2_ALL_CLOSE,True
622,190,INDEPENDENT_CHILD,DOWN,2026-06-05 16:59:50,2026-06-09 08:41:52,4366.39,4366.52,4346.66,4483.33,43.92760037,2.66210763,0.01,19.86,19.86,1233,CHALLENGE_OPENS,2026-06-08 20:00:00,4340.95,25.57000000000062,CONFIRMED_CYCLE2_ALL_CLOSE,True
623,190,INDEPENDENT_CHILD,DOWN,2026-06-05 17:33:59,2026-06-09 08:41:52,4351.02,4349.84,4346.66,4483.33,43.92760037,3.01200154,0.01,3.18,3.18,1234,CHALLENGE_OPENS,2026-06-08 20:00:00,4340.95,8.890000000000327,CONFIRMED_CYCLE2_ALL_CLOSE,True
624,190,INDEPENDENT_CHILD,DOWN,2026-06-08 04:30:23,2026-06-09 08:41:52,4305.91,4304.85,4346.66,4475.82,44.1776518,3.84606228,0.01,-41.81,-41.81,1235,CHALLENGE_OPENS,2026-06-08 20:00:00,4340.95,-36.099999999999454,CONFIRMED_CYCLE2_ALL_CLOSE,True
626,191,INDEPENDENT_CHILD,DOWN,2026-06-10 21:50:48,2026-06-11 22:12:04,4098.71,4098.17,4187.76,4186.2,44.45788983,1.96792966,0.01,-89.59,-89.59,1241,STRUCTURAL_SL,2026-06-11 22:12:04,4187.76,-89.59,STRUCTURAL_SL,False
627,191,INDEPENDENT_CHILD,DOWN,2026-06-11 01:20:58,2026-06-11 22:12:04,4040.0,4039.69,4187.13,4186.2,44.58762377,3.27893679,0.01,-147.44,-147.44,1242,STRUCTURAL_SL,2026-06-11 22:12:04,4187.13,-147.44,STRUCTURAL_SL,False
625,191,INDEPENDENT_CHILD,DOWN,2026-06-09 17:17:13,2026-06-15 01:02:00,4312.75,4311.97,4271.04,4475.82,43.69136204,3.7323167,0.01,40.93,40.93,1240,CHALLENGE_OPENS,2026-06-15 01:02:00,4271.04,40.93,CHALLENGE_OPENS,False
631,192,INDEPENDENT_CHILD,UP,2026-06-17 20:33:36,2026-06-17 21:04:39,4369.27,4370.64,4319.84,4319.72,44.14149836,1.12252646,0.01,-50.8,-50.8,1249,STRUCTURAL_SL,2026-06-17 21:04:39,4319.84,-50.8,STRUCTURAL_SL,False
628,192,INDEPENDENT_CHILD,UP,2026-06-15 16:32:08,2026-06-17 21:04:58,4363.3,4364.32,4316.85,4300.85,45.4823718,1.37305944,0.01,-47.47,-47.47,1246,CHALLENGE_OPENS,2026-06-17 21:04:58,4316.85,-47.47,CHALLENGE_OPENS,False
629,192,INDEPENDENT_CHILD,UP,2026-06-17 17:23:30,2026-06-17 21:04:58,4349.69,4351.08,4316.27,4316.89,44.151395,0.74289838,0.01,-34.81,-34.81,1247,TICK_COLLISION_STOP_CHALLENGE_OPENS,2026-06-17 21:04:58,4316.27,-34.81,TICK_COLLISION_STOP_CHALLENGE_OPENS,False
630,192,INDEPENDENT_CHILD,UP,2026-06-17 17:24:08,2026-06-17 21:04:58,4354.97,4356.48,4316.51,4316.89,44.151395,0.8624869,0.01,-39.97,-39.97,1248,TICK_COLLISION_STOP_CHALLENGE_OPENS,2026-06-17 21:04:58,4316.51,-39.97,TICK_COLLISION_STOP_CHALLENGE_OPENS,False
632,193,INDEPENDENT_CHILD,DOWN,2026-06-17 21:05:35,2026-06-26 12:19:33,4313.21,4311.54,4044.69,4475.82,44.14149836,3.68383508,0.01,266.85,266.85,1254,CHALLENGE_OPENS,2026-06-25 16:00:00,4012.82,298.7199999999998,CONFIRMED_CYCLE2_ALL_CLOSE,True
633,193,INDEPENDENT_CHILD,DOWN,2026-06-17 21:05:40,2026-06-26 12:19:33,4305.95,4304.38,4045.5,4475.82,44.14149836,3.84830616,0.01,258.88,258.88,1255,CHALLENGE_OPENS,2026-06-25 16:00:00,4012.82,291.55999999999995,CONFIRMED_CYCLE2_ALL_CLOSE,True
634,193,INDEPENDENT_CHILD,DOWN,2026-06-18 19:36:03,2026-06-26 12:19:33,4218.95,4218.67,4044.91,4276.63,44.78628521,1.28789427,0.01,173.76,173.76,1256,CHALLENGE_OPENS,2026-06-25 16:00:00,4012.82,205.8499999999999,CONFIRMED_CYCLE2_ALL_CLOSE,True
635,193,INDEPENDENT_CHILD,DOWN,2026-06-19 06:04:22,2026-06-26 12:19:33,4170.15,4169.99,4044.44,4276.63,44.72503689,2.38076942,0.01,125.55,125.55,1257,CHALLENGE_OPENS,2026-06-25 16:00:00,4012.82,157.16999999999962,CONFIRMED_CYCLE2_ALL_CLOSE,True
636,193,INDEPENDENT_CHILD,DOWN,2026-06-23 04:33:35,2026-06-26 12:19:33,4169.7,4169.69,4045.43,4215.13,44.4575058,1.02187469,0.01,124.26,124.26,1258,CHALLENGE_OPENS,2026-06-25 16:00:00,4012.82,156.86999999999944,CONFIRMED_CYCLE2_ALL_CLOSE,True
637,193,INDEPENDENT_CHILD,DOWN,2026-06-23 06:18:13,2026-06-26 12:19:33,4136.46,4136.01,4045.79,4215.13,44.4575058,1.76955496,0.01,90.22,90.22,1259,CHALLENGE_OPENS,2026-06-25 16:00:00,4012.82,123.19000000000005,CONFIRMED_CYCLE2_ALL_CLOSE,True
638,193,INDEPENDENT_CHILD,DOWN,2026-06-23 07:59:06,2026-06-26 12:19:33,4121.6,4120.64,4045.18,4198.34,44.4575058,1.72614272,0.01,75.46,75.46,1260,CHALLENGE_OPENS,2026-06-25 16:00:00,4012.82,107.82000000000016,CONFIRMED_CYCLE2_ALL_CLOSE,True
639,193,INDEPENDENT_CHILD,DOWN,2026-06-24 02:38:12,2026-06-26 12:19:33,4090.86,4090.12,4044.07,4144.97,44.50434187,1.21583643,0.01,46.05,46.05,1261,CHALLENGE_OPENS,2026-06-25 16:00:00,4012.82,77.29999999999973,CONFIRMED_CYCLE2_ALL_CLOSE,True
640,193,INDEPENDENT_CHILD,DOWN,2026-06-24 05:43:36,2026-06-26 12:19:33,4052.83,4052.18,4044.34,4144.97,44.44748442,2.07300821,0.01,7.84,7.84,1262,CHALLENGE_OPENS,2026-06-25 16:00:00,4012.82,39.35999999999967,CONFIRMED_CYCLE2_ALL_CLOSE,True
641,193,INDEPENDENT_CHILD,DOWN,2026-06-24 15:25:03,2026-06-26 12:19:33,4022.42,4018.89,4044.22,4097.47,44.44528575,1.68859304,0.01,-25.33,-25.33,1263,CHALLENGE_OPENS,2026-06-25 16:00:00,4012.82,6.069999999999709,CONFIRMED_CYCLE2_ALL_CLOSE,True
642,193,INDEPENDENT_CHILD,DOWN,2026-06-24 15:56:32,2026-06-26 12:19:33,3997.89,3998.07,4044.18,4097.47,44.44528575,2.24050759,0.01,-46.11,-46.11,1264,CHALLENGE_OPENS,2026-06-25 16:00:00,4012.82,-14.75,CONFIRMED_CYCLE2_ALL_CLOSE,True
643,193,INDEPENDENT_CHILD,DOWN,2026-06-24 16:00:13,2026-06-26 12:19:33,3984.15,3983.9,4043.59,4097.47,44.70658972,2.53474937,0.01,-59.69,-59.69,1265,CHALLENGE_OPENS,2026-06-25 16:00:00,4012.82,-28.920000000000073,CONFIRMED_CYCLE2_ALL_CLOSE,True
644,193,INDEPENDENT_CHILD,DOWN,2026-06-24 16:16:25,2026-06-26 12:19:33,3965.66,3965.83,4043.75,4097.47,44.70658972,2.94833493,0.01,-77.92,-77.92,1266,CHALLENGE_OPENS,2026-06-25 16:00:00,4012.82,-46.99000000000024,CONFIRMED_CYCLE2_ALL_CLOSE,True
645,194,INDEPENDENT_CHILD,DOWN,2026-06-30 03:56:56,2026-06-30 09:35:17,3982.97,3982.09,4032.86,4032.09,44.06588405,1.11469453,0.01,-50.77,-50.77,1280,STRUCTURAL_SL,2026-06-30 09:35:17,4032.86,-50.77,STRUCTURAL_SL,False
646,194,INDEPENDENT_CHILD,DOWN,2026-06-30 04:07:11,2026-06-30 09:35:17,3959.15,3959.69,4033.06,4032.09,44.05957359,1.65548584,0.01,-73.37,-73.37,1281,STRUCTURAL_SL,2026-06-30 09:35:17,4033.06,-73.37,STRUCTURAL_SL,False
647,195,INDEPENDENT_CHILD,UP,2026-07-01 16:44:50,2026-07-06 08:03:37,4095.94,4098.11,4154.57,3960.15,43.91226175,3.09230257,0.01,56.46,56.46,1284,CHALLENGE_OPENS,2026-07-06 08:03:37,4154.57,56.46,CHALLENGE_OPENS,False
648,195,INDEPENDENT_CHILD,UP,2026-07-02 15:30:42,2026-07-06 08:03:37,4115.53,4124.23,4154.78,4053.16,43.96140962,1.41874432,0.01,30.55,30.55,1285,CHALLENGE_OPENS,2026-07-06 08:03:37,4154.78,30.55,CHALLENGE_OPENS,False
649,195,INDEPENDENT_CHILD,UP,2026-07-03 03:51:07,2026-07-06 08:03:37,4144.97,4146.87,4154.82,4100.28,44.04865623,1.01455989,0.01,7.95,7.95,1286,CHALLENGE_OPENS,2026-07-06 08:03:37,4154.82,7.95,CHALLENGE_OPENS,False
650,195,INDEPENDENT_CHILD,UP,2026-07-06 02:28:05,2026-07-06 08:03:37,4195.37,4199.18,4154.47,4155.36,43.64355126,0.91674483,0.01,-44.71,-44.71,1287,TICK_COLLISION_STOP_CHALLENGE_OPENS,2026-07-06 08:03:37,4154.47,-44.71,TICK_COLLISION_STOP_CHALLENGE_OPENS,False
651,195,INDEPENDENT_CHILD,UP,2026-07-06 02:28:05,2026-07-06 08:03:37,4198.34,4202.04,4154.1,4155.36,43.64355126,0.98479612,0.01,-47.94,-47.94,1288,TICK_COLLISION_STOP_CHALLENGE_OPENS,2026-07-06 08:03:37,4154.1,-47.94,TICK_COLLISION_STOP_CHALLENGE_OPENS,False
652,196,INDEPENDENT_CHILD,DOWN,2026-07-07 04:27:49,2026-07-07 15:09:42,4128.33,4126.69,4170.03,4168.49,43.03673256,0.93315634,0.01,-43.34,-43.34,1294,TICK_COLLISION_STOP_CHALLENGE_OPENS,2026-07-07 15:09:42,4170.03,-43.34,TICK_COLLISION_STOP_CHALLENGE_OPENS,False
653,197,INDEPENDENT_CHILD,DOWN,2026-07-07 22:07:14,2026-07-09 09:00:18,4116.66,4114.94,4091.91,4180.39,42.89408922,1.48575249,0.01,23.03,23.03,1296,CHALLENGE_OPENS,2026-07-09 09:00:18,4091.91,23.03,CHALLENGE_OPENS,False
654,197,INDEPENDENT_CHILD,DOWN,2026-07-08 11:17:57,2026-07-09 09:00:18,4092.19,4088.24,4092.06,4133.84,42.86486226,0.97165832,0.01,-3.82,-3.82,1297,CHALLENGE_OPENS,2026-07-09 09:00:18,4092.06,-3.82,CHALLENGE_OPENS,False
655,198,INDEPENDENT_CHILD,UP,2026-07-09 17:04:00,2026-07-10 16:27:30,4133.84,4135.01,4093.15,4093.7,42.90458617,0.93556432,0.01,-41.86,-41.86,1300,STRUCTURAL_SL,2026-07-10 16:27:30,4093.15,-41.86,STRUCTURAL_SL,False
656,199,INDEPENDENT_CHILD,DOWN,2026-07-13 17:16:46,2026-07-14 15:30:08,4021.72,4017.93,4082.8,4080.7,42.12720876,1.40004529,0.01,-64.87,-64.87,1302,STRUCTURAL_SL,2026-07-14 15:30:08,4082.8,-64.87,STRUCTURAL_SL,False
659,199,INDEPENDENT_CHILD,DOWN,2026-07-17 15:43:03,2026-07-17 18:04:25,3969.19,3969.32,4010.54,4007.08,41.28621983,0.91773963,0.01,-41.22,-41.22,1306,STRUCTURAL_SL,2026-07-17 18:04:25,4010.54,-41.22,STRUCTURAL_SL,False
660,199,INDEPENDENT_CHILD,DOWN,2026-07-17 16:01:42,2026-07-17 18:04:25,3960.15,3960.07,4010.91,4007.08,41.27007416,1.13714358,0.01,-50.84,-50.84,1307,STRUCTURAL_SL,2026-07-17 18:04:25,4010.91,-50.84,STRUCTURAL_SL,False
657,199,INDEPENDENT_CHILD,DOWN,2026-07-16 15:16:15,2026-07-17 18:04:26,4017.34,4016.69,4011.14,4066.48,41.50859722,1.18385114,0.01,5.55,5.55,1304,CHALLENGE_OPENS,2026-07-17 18:04:26,4011.14,5.55,CHALLENGE_OPENS,False
658,199,INDEPENDENT_CHILD,DOWN,2026-07-16 16:02:39,2026-07-17 18:04:26,3983.47,3983.23,4011.56,4066.48,41.57277168,1.99673961,0.01,-28.33,-28.33,1305,CHALLENGE_OPENS,2026-07-17 18:04:26,4011.56,-28.33,CHALLENGE_OPENS,False
667,200,INDEPENDENT_CHILD,UP,2026-07-22 06:07:11,2026-07-23 14:40:24,4138.04,4138.58,4075.9,4076.67,40.36146459,1.52050974,0.01,-62.68,-62.68,1318,STRUCTURAL_SL,2026-07-23 14:40:24,4075.9,-62.68,STRUCTURAL_SL,False
668,200,INDEPENDENT_CHILD,UP,2026-07-22 16:31:30,2026-07-23 14:40:24,4141.58,4142.33,4075.7,4076.67,40.23710252,1.61318773,0.01,-66.63,-66.63,1319,STRUCTURAL_SL,2026-07-23 14:40:24,4075.7,-66.63,STRUCTURAL_SL,False
661,200,INDEPENDENT_CHILD,UP,2026-07-20 05:48:49,2026-07-23 16:10:23,4023.83,4026.59,4042.45,3959.51,41.22473985,1.56022816,0.01,15.86,15.86,1312,CHALLENGE_OPENS,2026-07-23 16:10:23,4042.45,15.86,CHALLENGE_OPENS,False
662,200,INDEPENDENT_CHILD,UP,2026-07-21 05:36:34,2026-07-23 16:10:23,4040.62,4040.57,4042.06,3999.69,40.74002992,1.00466298,0.01,1.49,1.49,1313,CHALLENGE_OPENS,2026-07-23 16:10:23,4042.06,1.49,CHALLENGE_OPENS,False
663,200,INDEPENDENT_CHILD,UP,2026-07-21 09:48:40,2026-07-23 16:10:23,4081.12,4081.97,4042.27,3999.69,40.69919642,2.0007766,0.01,-39.7,-39.7,1314,CHALLENGE_OPENS,2026-07-23 16:10:23,4042.27,-39.7,CHALLENGE_OPENS,False
664,200,INDEPENDENT_CHILD,UP,2026-07-21 21:25:22,2026-07-23 16:10:23,4084.0,4086.05,4042.18,4044.4,40.55455768,0.97646238,0.01,-43.87,-43.87,1315,TICK_COLLISION_STOP_CHALLENGE_OPENS,2026-07-23 16:10:23,4042.18,-43.87,TICK_COLLISION_STOP_CHALLENGE_OPENS,False
665,200,INDEPENDENT_CHILD,UP,2026-07-22 04:00:08,2026-07-23 16:10:23,4103.99,4104.02,4041.94,4044.4,40.36146459,1.47640827,0.01,-62.08,-62.08,1316,TICK_COLLISION_STOP_CHALLENGE_OPENS,2026-07-23 16:10:23,4041.94,-62.08,TICK_COLLISION_STOP_CHALLENGE_OPENS,False
666,200,INDEPENDENT_CHILD,UP,2026-07-22 04:14:43,2026-07-23 16:10:23,4120.83,4121.38,4041.71,4044.4,40.36146459,1.89363792,0.01,-79.67,-79.67,1317,TICK_COLLISION_STOP_CHALLENGE_OPENS,2026-07-23 16:10:23,4041.71,-79.67,TICK_COLLISION_STOP_CHALLENGE_OPENS,False
669,201,INDEPENDENT_CHILD,DOWN,2026-07-24 04:04:18,2026-07-24 10:31:13,4040.11,4040.4,4051.44,4051.12,39.65522423,0.27764312,0.01,-11.04,-11.04,1328,STRUCTURAL_SL,2026-07-24 10:31:13,4051.44,-11.04,STRUCTURAL_SL,False
671,201,INDEPENDENT_CHILD,DOWN,2026-07-29 04:04:39,2026-07-29 04:39:43,4011.4,4010.44,4030.79,4030.45,38.42025639,0.49583219,0.01,-20.35,-20.35,1331,STRUCTURAL_SL,2026-07-29 04:39:43,4030.79,-20.35,STRUCTURAL_SL,False
670,201,INDEPENDENT_CHILD,DOWN,2026-07-28 12:57:44,2026-07-29 20:13:23,4021.97,4020.38,4049.26,4089.26,38.71770109,1.73796476,0.01,-28.88,-28.88,1330,CHALLENGE_OPENS,2026-07-29 20:13:23,4049.26,-28.88,CHALLENGE_OPENS,False
672,201,INDEPENDENT_CHILD,DOWN,2026-07-29 17:10:05,2026-07-29 20:13:23,3998.19,3998.32,4049.1,4047.73,38.21406325,1.29638138,0.01,-50.78,-50.78,1333,TICK_COLLISION_STOP_CHALLENGE_OPENS,2026-07-29 20:13:23,4049.1,-50.78,TICK_COLLISION_STOP_CHALLENGE_OPENS,False
673,202,INDEPENDENT_CHILD,UP,2026-07-29 22:02:04,2026-07-31 16:39:39,4115.95,4116.53,4027.26,3995.88,38.20720735,3.14260079,0.01,-89.27,-89.27,1336,CHALLENGE_OPENS,2026-07-31 16:39:39,4027.26,-89.27,CHALLENGE_OPENS,False
674,202,INDEPENDENT_CHILD,UP,2026-07-30 17:00:29,2026-07-31 16:39:39,4116.34,4118.53,4027.59,4028.41,38.49835946,2.28399343,0.01,-90.94,-90.94,1337,TICK_COLLISION_STOP_CHALLENGE_OPENS,2026-07-31 16:39:39,4027.59,-90.94,TICK_COLLISION_STOP_CHALLENGE_OPENS,False
675,203,INDEPENDENT_CHILD,DOWN,2026-08-03 16:38:10,2026-08-04 11:03:43,4020.81,4020.15,4072.28,4072.03,37.7994997,1.35504439,0.01,-52.13,-52.13,1340,STRUCTURAL_SL,2026-08-04 11:03:43,4072.28,-52.13,STRUCTURAL_SL,False
684,204,INDEPENDENT_CHILD,UP,2026-08-12 15:43:04,2026-08-13 17:30:14,4435.07,4435.82,4359.17,4362.38,37.66266484,1.93002806,0.01,-76.65,-76.65,1350,STRUCTURAL_SL,2026-08-13 17:30:14,4359.17,-76.65,STRUCTURAL_SL,False
676,204,INDEPENDENT_CHILD,UP,2026-08-05 05:37:54,2026-08-13 17:30:14,4120.22,4120.22,4358.89,4065.34,37.30932049,1.47094611,0.01,238.67,238.67,1342,CHALLENGE_OPENS,2026-08-11 12:00:00,4369.01,248.78999999999996,CONFIRMED_CYCLE2_ALL_CLOSE,True
677,204,INDEPENDENT_CHILD,UP,2026-08-05 08:46:54,2026-08-13 17:30:14,4166.0,4167.01,4359.53,4065.34,37.45676871,2.68736475,0.01,192.52,192.52,1343,CHALLENGE_OPENS,2026-08-11 12:00:00,4369.01,202.0,CONFIRMED_CYCLE2_ALL_CLOSE,True
678,204,INDEPENDENT_CHILD,UP,2026-08-05 14:28:48,2026-08-13 17:30:14,4180.39,4180.85,4359.34,4065.34,37.49767555,3.06819018,0.01,178.49,178.49,1344,CHALLENGE_OPENS,2026-08-11 12:00:00,4369.01,188.15999999999985,CONFIRMED_CYCLE2_ALL_CLOSE,True
679,204,INDEPENDENT_CHILD,UP,2026-08-05 15:16:47,2026-08-13 17:30:14,4202.99,4203.34,4359.17,4065.34,37.49767555,3.67089421,0.01,155.83,155.83,1345,CHALLENGE_OPENS,2026-08-11 12:00:00,4369.01,165.67000000000007,CONFIRMED_CYCLE2_ALL_CLOSE,True
680,204,INDEPENDENT_CHILD,UP,2026-08-05 17:07:51,2026-08-13 17:30:14,4221.07,4221.59,4358.4,4150.1,37.64085513,1.88545132,0.01,136.81,136.81,1346,CHALLENGE_OPENS,2026-08-11 12:00:00,4369.01,147.42000000000007,CONFIRMED_CYCLE2_ALL_CLOSE,True
681,204,INDEPENDENT_CHILD,UP,2026-08-07 11:33:52,2026-08-13 17:30:14,4304.0,4307.2,4359.0,4229.63,37.8472619,1.96500344,0.01,51.8,51.8,1347,CHALLENGE_OPENS,2026-08-11 12:00:00,4369.01,61.8100000000004,CONFIRMED_CYCLE2_ALL_CLOSE,True
682,204,INDEPENDENT_CHILD,UP,2026-08-10 21:31:23,2026-08-13 17:30:14,4371.79,4373.55,4358.97,4316.66,37.83931503,1.45695026,0.01,-14.58,-14.58,1348,CHALLENGE_OPENS,2026-08-11 12:00:00,4369.01,-4.539999999999964,CONFIRMED_CYCLE2_ALL_CLOSE,True
683,204,INDEPENDENT_CHILD,UP,2026-08-10 21:40:36,2026-08-13 17:30:14,4382.2,4382.53,4358.91,4316.66,37.83931503,1.73206095,0.01,-23.62,-23.62,1349,CHALLENGE_OPENS,2026-08-11 12:00:00,4369.01,-13.519999999999527,CONFIRMED_CYCLE2_ALL_CLOSE,True
685,205,INDEPENDENT_CHILD,DOWN,2026-08-13 19:10:03,2026-08-17 03:58:57,4356.61,4356.84,4402.29,4402.01,37.80837966,1.200792,0.01,-45.45,-45.45,1360,STRUCTURAL_SL,2026-08-17 03:58:57,4402.29,-45.45,STRUCTURAL_SL,False
686,205,INDEPENDENT_CHILD,DOWN,2026-08-14 04:24:54,2026-08-17 03:58:57,4316.66,4316.6,4402.24,4402.01,37.81796956,2.25686363,0.01,-85.64,-85.64,1361,STRUCTURAL_SL,2026-08-17 03:58:57,4402.24,-85.64,STRUCTURAL_SL,False
687,205,INDEPENDENT_CHILD,DOWN,2026-08-14 04:32:40,2026-08-17 03:58:57,4313.39,4313.35,4402.26,4402.01,37.81796956,2.34333046,0.01,-88.91,-88.91,1362,STRUCTURAL_SL,2026-08-17 03:58:57,4402.26,-88.91,STRUCTURAL_SL,False
688,206,INDEPENDENT_CHILD,DOWN,2026-08-18 16:30:18,2026-08-18 16:41:35,4377.31,4377.31,4406.0,4403.56,37.17468922,0.70612561,0.01,-28.69,-28.69,1366,STRUCTURAL_SL,2026-08-18 16:41:35,4406.0,-28.69,STRUCTURAL_SL,False
689,206,INDEPENDENT_CHILD,DOWN,2026-08-18 17:59:05,2026-08-19 15:37:30,4367.13,4366.94,4407.8,4436.12,37.17468922,1.8558326,0.01,-40.86,-40.86,1368,CHALLENGE_OPENS,2026-08-19 15:37:30,4407.8,-40.86,CHALLENGE_OPENS,False
690,207,INDEPENDENT_CHILD,UP,2026-08-19 15:56:33,2026-08-25 16:23:01,4436.12,4438.35,4616.01,4335.05,37.14048749,2.721289,0.01,177.66,177.66,1370,CHALLENGE_OPENS,2026-08-25 16:23:01,4616.01,177.66,CHALLENGE_OPENS,False
691,207,INDEPENDENT_CHILD,UP,2026-08-19 16:12:32,2026-08-25 16:23:01,4449.72,4450.54,4613.9,4335.05,37.42820701,3.06373212,0.01,163.36,163.36,1371,CHALLENGE_OPENS,2026-08-25 16:23:01,4613.9,163.36,CHALLENGE_OPENS,False
692,207,INDEPENDENT_CHILD,UP,2026-08-19 17:16:42,2026-08-25 16:23:01,4475.82,4476.28,4613.76,4335.05,37.42820701,3.76106715,0.01,137.48,137.48,1372,CHALLENGE_OPENS,2026-08-25 16:23:01,4613.76,137.48,CHALLENGE_OPENS,False
693,207,INDEPENDENT_CHILD,UP,2026-08-20 18:01:28,2026-08-25 16:23:01,4527.85,4528.59,4613.52,4450.55,37.51690044,2.06040475,0.01,84.93,84.93,1373,CHALLENGE_OPENS,2026-08-25 16:23:01,4613.52,84.93,CHALLENGE_OPENS,False
694,207,INDEPENDENT_CHILD,UP,2026-08-21 04:35:55,2026-08-25 16:23:01,4540.93,4542.06,4613.46,4450.55,37.55125612,2.40684359,0.01,71.4,71.4,1374,CHALLENGE_OPENS,2026-08-25 16:23:01,4613.46,71.4,CHALLENGE_OPENS,False
695,207,INDEPENDENT_CHILD,UP,2026-08-21 04:35:55,2026-08-25 16:23:01,4541.41,4543.07,4613.17,4450.55,37.55125612,2.41962612,0.01,70.1,70.1,1375,CHALLENGE_OPENS,2026-08-25 16:23:01,4613.17,70.1,CHALLENGE_OPENS,False
696,207,INDEPENDENT_CHILD,UP,2026-08-21 12:09:50,2026-08-25 16:23:01,4595.16,4596.41,4613.33,4508.74,37.6607496,2.29469676,0.01,16.92,16.92,1376,CHALLENGE_OPENS,2026-08-25 16:23:01,4613.33,16.92,CHALLENGE_OPENS,False
697,208,INDEPENDENT_CHILD,DOWN,2026-08-26 16:16:01,2026-08-28 16:57:42,4605.27,4601.83,4618.31,4670.69,37.83958419,1.72887735,0.01,-16.48,-16.48,1384,CHALLENGE_OPENS,2026-08-28 01:00:02,4603.19,-1.3599999999996726,CONFIRMED_CYCLE2_ALL_CLOSE,True
698,208,INDEPENDENT_CHILD,DOWN,2026-08-27 12:37:07,2026-08-28 16:57:42,4583.09,4579.97,4618.38,4642.99,37.746216,1.58691404,0.01,-38.41,-38.41,1385,CHALLENGE_OPENS,2026-08-28 01:00:02,4603.19,-23.219999999999345,CONFIRMED_CYCLE2_ALL_CLOSE,True
