event_ts,year,h4_run_id,direction,reaction,family,rebreak,target_gain_atr,tp_or_flip_atr,runner_pnl_atr,remaining_mfe_atr,tail_beyond_atr,post_rebreak_flip_atr,p_rebreak,pred_fail,repair_ev,pred_tail_cond,tail_score
2023-01-03 07:15:00,2023,359,1,REJECT,FVG,1,0.35366943539060147,0.35366943539060147,1.6855483124802864,2.973662075491521,2.6081642308905426,1.3318788770896848,0.6165244583583924,-0.6800375672193246,-0.042731917333962616,1.2030260351088327,0.7416949746865175
2023-01-03 12:45:00,2023,359,1,ACCEPT,FVG,1,1.5996624363010876,1.5996624363010876,2.1067869778311508,3.375766821383348,1.7679249569930733,0.5071245415300629,0.18052205197713758,-0.5830367443270523,-0.18901140939124367,0.7246247155926427,0.1308107405721336
2023-01-03 16:15:00,2023,359,1,REJECT,FVG,1,0.37092478469644413,0.37092478469644413,1.809133148000544,3.067711269659204,2.6967864849627596,1.4382083633040998,0.6339850890130443,-0.6679389293090011,-0.009314825112837127,1.0047690936010576,0.6370086232442224
2023-01-03 20:00:00,2023,359,1,REJECT,FVG,1,1.2230086217989902,1.2230086217989902,1.74301891648436,2.991506884570833,1.7696564148758176,0.5200102946853699,0.35126778808905934,-0.6960817214824712,-0.021967101454918647,0.9557936836127094,0.3357395331121307
2023-01-03 22:30:00,2023,359,1,REJECT,FVG,1,0.21194183502765854,0.21194183502765854,1.8449363016342628,3.100373182344613,2.8826405867970517,1.6329944666066039,0.700285234459809,-0.6743252061718201,-0.053685483431442055,0.8287239674826974,0.5803431578710838
2023-01-04 13:45:00,2023,359,1,ACCEPT,FVG,0,0.7699449947812094,-0.4737236419986446,-0.4737236419986446,0.4875549892102708,0.0,-1.243668636779854,0.4180136241927269,-0.8850658655402588,-0.19324877773895893,1.106149000318345,0.4623853525202332
2023-01-04 17:15:00,2023,359,1,INSIDE,FVG,0,1.4536472364960562,0.4906923318124508,0.4906923318124508,1.188719451714691,0.0,-0.9629549046836055,0.2070131375066664,-0.5786420882890853,-0.1579314988440086,1.3425756883505022,0.2779308055856098
2023-01-04 21:15:00,2023,359,1,REJECT,OB,0,1.1671162310910785,0.4659238709098676,0.4659238709098676,0.7934545128366259,0.0,-0.701192360181211,0.25306999498489213,-0.34995485226736317,0.033970319189882525,0.5691400771926386,0.14403227648084216
2023-01-05 08:45:00,2023,361,1,INSIDE,FVG,0,0.6715689713451313,-0.5119995918289039,-0.5119995918289039,0.2192643991912945,0.0,-1.1835685631740351,0.27779852531975174,-0.030411396536295154,0.16459771446458193,0.8690268853841666,0.2414143872229384
2023-01-05 10:15:00,2023,361,1,REJECT,FVG,0,0.9930036926726767,0.1928608327965533,0.1928608327965533,0.4063853262498607,0.0,-0.8001428598761233,0.21482252653501746,-0.021078790302243577,0.19676897080533262,1.1109210212451026,0.23865086056473475
2023-01-05 14:00:00,2023,362,-1,REJECT,OB,1,0.28745943882420233,0.28745943882420233,1.0593624737545344,2.438251574728,2.1473563657186507,0.771903034930332,0.719712321021508,-0.7137819015918707,0.006823827421666984,1.3295508145896506,0.956894102684354
2023-01-05 19:30:00,2023,362,-1,REJECT,FVG,0,0.9060650654001416,-0.4592851774424751,-0.4592851774424751,0.3228638376080702,0.0,-1.3653502428426167,0.5916997614033329,-0.7605987684817134,0.2255658243657443,0.8639398241326874,0.5111929878061485
2023-01-06 11:15:00,2023,363,1,REJECT,FVG,1,0.5178339859241752,0.5178339859241752,4.00443174235461,5.152278192554178,4.632177974744123,3.486597756430434,0.5168888793242741,-0.2606367698132182,0.14174610670660376,1.0066504397880125,0.5203264176933134
2023-01-09 01:45:00,2023,363,1,REJECT,FVG,1,0.17219064768442682,0.17219064768442682,0.3410050081593581,1.4844409431095684,1.3066231500759824,0.16881436047493126,0.9058300757919515,-0.567171026693613,0.10256501484591099,1.0877819190559164,0.9853455781835352
2023-01-09 11:15:00,2023,363,1,INSIDE,FVG,1,0.992601649345644,0.992601649345644,-0.0842139408381471,1.0464985714820347,0.05838833231444659,-1.0768155901837912,0.2688690084716878,-0.36131509119656996,0.0027111603862345346,1.5897072447981642,0.4274230106691411
2023-01-09 19:45:00,2023,363,1,REJECT,OB,0,1.1834826500772895,0.0536422730912989,0.0536422730912989,0.5453631097617636,0.0,-1.1298403769859906,0.17012451119489375,-0.23313852017451098,0.007863463962914902,1.1385163278483237,0.19368953376260145
2023-01-09 22:15:00,2023,363,1,ACCEPT,FVG,0,0.8002716971811477,0.0077804192781429,0.0077804192781429,0.101145450615959,0.0,-0.7924912779030048,0.30585151503612334,-0.4012065091321648,-0.0337325794483542,1.183652867677592,0.3620220228560435
2023-01-10 01:45:00,2023,364,-1,REJECT,FVG,1,0.12854847348686138,0.12854847348686138,-0.4078089503721702,0.2859095358587367,0.16068559185860193,-0.5363574238590316,0.7403925121603798,-0.5258027937469398,-0.041326015164377713,1.3963111325380324,1.0338183071773388
2023-01-10 09:30:00,2023,365,1,INSIDE,OB,1,0.43706239972461325,0.43706239972461325,0.2832606945050565,1.694031731590817,1.2613952802178416,-0.15380170521955674,0.5730135085163318,-0.3501271106275519,0.10094311256659555,1.2932138599484067,0.7410290111509846
2023-01-10 18:45:00,2023,365,1,INSIDE,OB,1,0.8456896551724269,0.8456896551724269,0.0798029556650277,1.487438423645305,0.6517241379310222,-0.7658866995073992,0.4588901680225952,-0.3762266295642987,0.18449873964808255,1.1865679072896436,0.5445043463463637
2023-01-11 03:15:00,2023,365,1,INSIDE,OB,1,0.2763448784082539,0.2763448784082539,-0.2675018422991977,1.148489314664689,0.8699336772291711,-0.5438467207074517,0.6994628514524374,-0.3648290756761578,0.08364828652475893,1.1841739912006684,0.828285716501033
2023-01-11 14:15:00,2023,365,1,REJECT,FVG,0,0.8025272959042309,-0.6151970293188452,-0.6151970293188452,0.1141717009366736,0.0,-1.4177243252230762,0.4478495459402744,-0.4458632913260125,0.1132278663211645,1.4131929030538601,0.6328977999586894
2023-01-11 17:45:00,2023,365,1,REJECT,FVG,0,1.0384401801690792,0.3054235824026659,0.3054235824026659,0.5875239094218515,0.0,-0.7330165977664134,0.10105109770465914,-0.12646295222991144,-0.008748211981397552,0.6741577531710026,0.06812438098403646
2023-01-12 06:30:00,2023,367,1,INSIDE,FVG,1,0.18077968169468328,0.18077968169468328,3.797482393389904,5.055176620639964,4.873287861143473,3.6167027116952206,0.7140690486344705,-0.42264759078761893,0.008241147593912021,1.1479777249162175,0.8197353618844874
2023-01-12 09:30:00,2023,367,1,ACCEPT,FVG,1,0.4440514906824635,0.4440514906824635,4.069915542420458,5.3308437101979935,4.88679221951553,3.6258640517379943,0.47714511036067964,-0.2932533187588597,0.058548065911480346,1.0328158575162254,0.49280303631683936
2023-01-12 18:45:00,2023,367,1,REJECT,FVG,1,1.0201193250448364,1.0201193250448364,2.77375825087542,4.020082722270368,2.9977672307561165,1.7536389258305844,0.2560044368190478,-0.5065922987799749,-0.11574734933761022,1.329981277622117,0.3404811079575277
2023-01-12 23:30:00,2023,367,1,REJECT,OB,1,0.19749643863849342,0.19749643863849342,2.168096262843625,3.4010850786530606,3.2068620616494563,1.9705998242051315,0.6563938774288656,-0.8329231411643179,-0.15656203779892822,0.993162422378552,0.6519057333417024
2023-01-13 07:45:00,2023,367,1,ACCEPT,FVG,1,0.9153836828706634,0.9153836828706634,2.733058552551824,3.969208388895642,3.053824706024979,1.8176748696811607,0.15853456519775413,-0.08972307109982486,0.06962109111821253,1.0148597636817658,0.16089035137198426
2023-01-13 07:45:00,2023,367,1,ACCEPT,FVG,1,0.7975512183294898,0.7975512183294898,2.733058552551824,3.969208388895642,3.171657170566152,1.9355073342223341,0.1582807263103155,-0.0900515606490318,0.05043885188274305,1.507473279405768,0.23860396555773813
2023-01-13 13:45:00,2023,367,1,REJECT,FVG,1,0.7970263627162916,0.7970263627162916,1.653694153935132,2.8823075810882663,2.085281218371975,0.8566677912188405,0.45193955415943543,-0.5683821630383159,0.04869995733671345,0.9034213881746388,0.4082918593897445
2023-01-16 07:00:00,2023,367,1,INSIDE,FVG,0,0.7207623869625194,-0.520307194235849,-0.520307194235849,0.0087630685345154,0.0,-1.2410695811983683,0.39441889768633587,-0.5398290975860486,-0.042627993817620724,1.2186403025756734,0.48065476481803987
2023-01-16 14:00:00,2023,368,-1,REJECT,OB,1,0.6180717619603375,0.6180717619603375,1.016263127187862,1.348818553092176,0.725277129521575,0.3981913652275245,0.6066651179063685,-0.39604273099347953,0.21918515744490494,1.0199468190366718,0.618766157229108
2023-01-16 19:45:00,2023,368,-1,INSIDE,FVG,1,0.22532562300397058,0.22532562300397058,0.6836709146754801,1.0079199819251086,0.7869909564431627,0.45834529167150956,0.6271057261882269,-0.39019460271172135,-0.004198344580741031,0.8390792613649184,0.5261914095277282
2023-01-16 21:30:00,2023,368,-1,ACCEPT,FVG,1,0.235599198692357,0.235599198692357,0.8561210318679586,1.249892462546238,0.9512455909643872,0.6205218331756016,0.3764955659240659,-0.24406144006979408,-0.06347133642753909,1.3689716235745661,0.5154117461516936
2023-01-17 10:15:00,2023,368,-1,INSIDE,OB,1,0.4233135615075635,0.4233135615075635,0.3956821279887925,0.7327856169177935,0.30284051136573104,-0.02763143351877099,0.5388744710006651,-0.47126760841861504,0.010799346292510503,0.6308592278400946,0.33995393267821905
2023-01-17 18:00:00,2023,368,-1,REJECT,FVG,1,0.43897004208963286,0.43897004208963286,0.4278286704629774,0.6484278286704568,0.21280019806881295,-0.011141371626655473,0.5379374969453862,-0.3822598905753561,0.05951048381907609,0.6647563953865994,0.35759739141270475
2023-01-18 09:30:00,2023,370,-1,REJECT,OB,0,1.2038038411336942,-0.8413201566287515,-0.8413201566287515,0.1286593324631839,0.0,-2.0451239977624454,0.38763592378500933,-0.3871519957953964,0.2295596397537643,1.7490238058792287,0.6779844587139676
2023-01-18 13:45:00,2023,371,1,REJECT,FVG,1,0.12042222112095934,0.12042222112095934,-1.1573913474404218,1.222062540264637,1.107215421973347,-1.277813568561381,0.7456846463875868,-0.5340567583910907,-0.046021831985539,1.0997533539177513,0.820069190829721
2023-01-19 06:00:00,2023,372,-1,REJECT,OB,0,0.8972593008962647,-0.1534346759897091,-0.1534346759897091,0.2957508971975157,0.0,-1.0506939768859738,0.30377223149017407,-0.3269054578142777,0.044961802650854255,1.3931793811787483,0.4232092094867682
2023-01-20 02:00:00,2023,373,1,ACCEPT,FVG,1,0.38442238731075795,0.38442238731075795,-0.8305285960811158,0.6366651572080703,0.2522427698973122,-1.2149509833918737,0.6663489190860545,-0.7832744913007017,-0.005180938417795766,1.2848194317638966,0.8561380395766313
2023-01-20 04:45:00,2023,373,1,INSIDE,OB,1,0.5858493163255877,0.5858493163255877,-0.5913554189226278,0.876571533449578,0.28962099660458235,-1.1772047352482153,0.6083661818465707,-0.7550804244556841,0.06069588206792992,1.5781075018973194,0.960067235472702
2023-01-20 12:00:00,2023,373,1,INSIDE,FVG,0,0.8845962022698728,-0.573673774739379,-0.573673774739379,0.2134854696071913,0.0,-1.458269977009252,0.3519585070588167,-0.20957984030756635,0.1755247260975134,1.3304100674310402,0.4682491411090486
2023-01-20 23:30:00,2023,374,-1,REJECT,FVG,0,0.6995486193600142,0.1315765428263423,0.1315765428263423,0.1348659563969978,0.0,-0.5679720765336719,0.313242076610042,-0.30745721912265034,0.007979380882096043,1.063396363273257,0.33310048509128165
2023-01-20 23:30:00,2023,374,-1,REJECT,FVG,0,0.4638073134628413,0.1315765428263423,0.1315765428263423,0.1348659563969978,0.0,-0.3322307706364989,0.38018106416682074,-0.3326925551702514,-0.029878387504589293,1.6234151267037351,0.6171916904547401
2023-01-23 06:30:00,2023,375,1,INSIDE,FVG,0,0.64945969626169,-0.3931804906541971,-0.3931804906541971,0.0273802570093458,0.0,-1.042640186915887,0.4531478122502685,-0.16670200781449535,0.2031398828300791,1.0040137048403808,0.45496661381770537
2023-01-23 22:15:00,2023,376,-1,ACCEPT,FVG,0,1.7798021235521118,-0.3474903474903528,-0.3474903474903528,0.0401785714285596,0.0,-2.1272924710424643,0.0743178911334023,-0.10931423806025248,0.03108090604038427,0.9590993383736002,0.0712782402153674
2023-01-23 22:15:00,2023,376,-1,ACCEPT,FVG,0,0.9349662162162063,-0.3474903474903528,-0.3474903474903528,0.0401785714285596,0.0,-1.2824565637065592,0.25410973700460876,-0.24842403051600023,0.052286953854939866,1.041366919056231,0.2646214739266785
2023-01-24 06:15:00,2023,377,1,INSIDE,OB,1,0.535181198096634,0.535181198096634,0.1888874816811475,1.1202981672124568,0.5851169691158229,-0.3462937164154865,0.5690343461526826,-0.5322576768528711,0.0751517054119756,0.997197394889247,0.567439567585961
2023-01-24 16:15:00,2023,377,1,INSIDE,FVG,0,1.011811118909914,0.4095166638429697,0.4095166638429697,0.7079410412179015,0.0,-0.6022944550669441,0.12758389024676514,0.12883601272987688,0.2414894117673765,1.0323920744573443,0.131716597119196
2023-01-25 10:15:00,2023,380,-1,ACCEPT,FVG,1,0.5765340525960828,0.5765340525960828,-0.6849051151141695,1.217007032077838,0.6437241113572942,-1.2614391677102523,0.5782939786780498,-0.3664293061610242,0.17888072632224045,1.04111229225892,0.6020689697410354
2023-01-25 11:30:00,2023,380,-1,INSIDE,FVG,1,0.2449186012908191,0.2449186012908191,-0.8452942876408785,1.0587852808014884,0.8149503901358488,-1.0902128889316978,0.6814099390954252,-0.431403294230339,0.029449167405635884,0.7803480537025249,0.5317369197466711
2023-01-25 17:15:00,2023,380,-1,REJECT,FVG,0,1.4216367409546289,-0.4818190020752559,-0.4818190020752559,0.4590814761346222,0.0,-1.9034557430298849,0.47925214095949276,-0.47560321171205255,0.43365309751734127,1.0866732904349226,0.5207905009644334
2023-01-26 04:30:00,2023,381,1,REJECT,FVG,0,0.44696130622745484,-0.8778448676265744,-0.8778448676265744,0.4298117117438989,0.0,-1.3248061738540293,0.5641767392570004,-0.524725879593997,0.023477428480560725,0.9466122001664972,0.5340565844308294
2023-01-26 11:00:00,2023,381,1,ACCEPT,FVG,0,0.750236681810334,-0.5562469112279536,-0.5562469112279536,0.1457602696088542,0.0,-1.3064835930382874,0.35322125099247015,-0.3045183778110522,0.06804352383905127,1.0506981138419054,0.3711289021866666
2023-01-26 20:45:00,2023,382,-1,INSIDE,OB,0,1.5096642199529802,0.4134886308572987,0.4134886308572987,1.385832989357683,0.0,-1.0961755890956815,0.26509594869811903,-0.4757697969033491,0.050560717372696795,1.371037199274219,0.36345640704201115
2023-01-27 07:45:00,2023,382,-1,REJECT,FVG,0,0.5779663748187023,-0.389966159961338,-0.389966159961338,0.3276575173228969,0.0,-0.9679325347800402,0.6246029059048381,-0.5696718230108379,0.1471463302808844,1.829214317279873,1.1425325780957432
2023-01-27 12:30:00,2023,382,-1,REJECT,FVG,0,0.6569264969864238,-0.0534956430770694,-0.0534956430770694,0.1134107633233814,0.0,-0.7104221400634932,0.23252670344624596,-0.1644357474950418,0.026552907549442922,0.6508110741832986,0.15133095364615265
2023-01-27 18:00:00,2023,383,1,REJECT,OB,0,1.1677429684581386,0.4792656241660902,0.4792656241660902,0.8581950152105677,0.0,-0.6884773442920484,0.125342630035951,-0.19013468509101622,-0.019934728728119244,1.4854231577348993,0.18618684530679958
2023-01-30 08:30:00,2023,387,1,REJECT,FVG,0,0.3301650825412877,-0.7150003573215026,-0.7150003573215026,0.0653898377760202,0.0,-1.04516543986279,0.7824144910859508,-0.5667617220909094,0.13500680729673917,0.7609773040157588,0.5953996700494488
2023-01-30 12:45:00,2023,388,-1,REJECT,FVG,1,0.7112150373234927,0.7112150373234927,-0.2525406961057565,2.853494019246346,2.140120514434772,-0.9637557334292493,0.6076080070396854,-0.4577675317267285,0.25251563731800786,0.6838022520939226,0.4154837236040369
2023-01-30 17:15:00,2023,388,-1,ACCEPT,FVG,1,0.595369349503858,0.595369349503858,-0.2200278030775095,2.879775657926284,2.2865634437467133,-0.8153971525813676,0.3581203834704333,-0.09437998912902829,0.1526333085206587,1.1868573366975137,0.42503780454281076
2023-01-31 03:45:00,2023,388,-1,ACCEPT,FVG,1,0.6237538136305754,0.6237538136305754,-0.3286328584812708,2.777163859994725,2.15665313378337,-0.9523866721118461,0.38128503306505046,-0.21834243435373363,0.10273626140291856,1.3652433760770837,0.520546865789392
2023-01-31 03:45:00,2023,388,-1,ACCEPT,FVG,1,0.5848367645998843,0.5848367645998843,-0.3286328584812708,2.777163859994725,2.1955701828140612,-0.9134696230811551,0.313147581151244,-0.33617949677160647,-0.047765482322162156,1.6597141413035237,0.5197354687517125
2023-01-31 10:00:00,2023,388,-1,INSIDE,FVG,1,0.26077117867855215,0.26077117867855215,-1.635746484438124,1.465490921499272,1.2025646091126347,-1.896517663116676,0.6496649569114699,-0.44567833837817883,0.013277156680610996,0.8707801055109418,0.5657153197261312
2023-01-31 15:45:00,2023,388,-1,INSIDE,OB,0,1.3340181189496616,-1.757550060018268,-1.757550060018268,0.0021499083302956,0.0,-3.0915681789679295,0.30820245096374693,-0.5703929048878877,0.01655124030122357,0.926355712605171,0.2855051010891821
2023-02-01 06:15:00,2023,389,1,REJECT,FVG,1,0.09100101112233618,0.09100101112233618,-0.3083328376851368,0.140248617141492,0.049247606019155794,-0.3993338488074728,0.4174366934451455,-0.31817182270999883,-0.14736806790744894,0.8138056055924722,0.3397123211056458
2023-02-01 06:15:00,2023,389,1,REJECT,FVG,1,0.08671861059893557,0.08671861059893557,-0.3083328376851368,0.140248617141492,0.053530006542556414,-0.3950514482840723,0.4607504128511429,-0.34613933281727205,-0.14669985668235777,0.7328588693031697,0.3376650265930572
2023-02-01 13:30:00,2023,390,-1,INSIDE,OB,0,0.6560056307448359,0.0300624511634503,0.0300624511634503,0.3092137833952798,0.0,-0.6259431795813856,0.26664818523299355,-0.10136251748961739,0.10058832479037244,1.3559781797193553,0.3615691208377041
2023-02-01 16:45:00,2023,391,1,INSIDE,OB,1,0.4146848192972041,0.4146848192972041,1.594447057142701,3.252114797330677,2.8470738110404,1.179762237845497,0.5765162450008134,-0.36326906399075226,0.08523398758622142,1.5892325219647958,0.9162183659963169
2023-02-02 07:15:00,2023,391,1,REJECT,FVG,1,0.4012651875021824,0.4012651875021824,-0.972700428343002,0.6628228620782175,0.2605072421480199,-1.3739656158451843,0.7102167186933028,-0.9573903409003891,0.007549530316200759,0.9342426981858539,0.6635147835687348
2023-02-02 10:45:00,2023,391,1,INSIDE,FVG,0,0.35880328551244806,-1.2832493975974115,-1.2832493975974115,0.1213599348056873,0.0,-1.6420526831098599,0.5704811371430167,-0.6272596037252434,-0.06472932537839657,1.6111578128921096,0.9191351412155465
2023-02-02 15:45:00,2023,391,1,INSIDE,FVG,0,0.8539816481279293,-0.4641666420794745,-0.4641666420794745,0.2995308765822029,0.0,-1.3181482902074038,0.3406662466259452,-0.11394020780969133,0.21579809787979676,1.3931691921257405,0.4746057195963763
2023-02-03 05:45:00,2023,392,-1,INSIDE,OB,1,0.5475579751871461,0.5475579751871461,4.020310945924739,5.951944720724493,5.404386745537346,3.472752970737593,0.3651257885177659,-0.4298416108655876,-0.07296781631114524,1.1839272230696836,0.4322823608709671
2023-02-03 11:30:00,2023,392,-1,REJECT,OB,1,0.5488379671116197,0.5488379671116197,3.898425407613448,5.840306306516003,5.282041733099016,3.3495874405018276,0.5142783079270736,-0.5415577987318103,0.019209090696994446,0.7973339121684001,0.41005153520283877
2023-02-06 02:45:00,2023,392,-1,REJECT,OB,0,0.6698814318942484,-1.2141600953083225,-1.2141600953083225,0.1286662506382246,0.0,-1.8840415272025708,0.6664024589082764,-1.3269939477179737,0.0037287153890090408,0.9871827560459863,0.6578610160208944
2023-02-06 20:00:00,2023,394,-1,REJECT,FVG,0,0.30341769144615766,-0.7707623906870402,-0.7707623906870402,0.1761451698663942,0.0,-1.074180082133198,0.6627947121510345,-0.5405743129299687,0.01881912466828059,1.2673879033965738,0.8400180006154352
2023-02-06 21:15:00,2023,394,-1,INSIDE,OB,0,0.7167988415372233,-0.3013813311008833,-0.3013813311008833,0.5508354733972008,0.0,-1.0181801726381066,0.4677315054146552,-0.5066094517732024,0.065617150993657,1.365009874163095,0.6384581233481734
2023-02-07 08:30:00,2023,395,1,INSIDE,OB,1,0.11916954782341434,0.11916954782341434,-0.4695483892872032,0.3595457297578674,0.23833909564687494,-0.5887179371106176,0.7006435075771124,-0.4993666047744771,-0.06599326525503843,0.7962590544757719,0.5578937368679399
2023-02-07 13:30:00,2023,395,1,REJECT,OB,0,0.9339445081870003,0.1078410870019784,0.1078410870019784,0.4140690793378001,0.0,-0.8261034211850218,0.19582821327970784,-0.13072262148284342,0.07776924025803708,1.1637093724935894,0.2278871271922696
2023-02-07 17:45:00,2023,396,-1,INSIDE,OB,0,0.7963388277251572,-0.7303158381815862,-0.7303158381815862,0.3219890413123417,0.0,-1.5266546659067433,0.46682787999201714,-0.18641384038382386,0.2723625042259902,0.6136184053077723,0.2864541792739097
2023-02-07 19:30:00,2023,396,-1,REJECT,FVG,0,0.723205670076904,-0.6957807359588205,-0.6957807359588205,0.3595713584371141,0.0,-1.4189864060357245,0.31339545324473794,-0.2432443900081617,0.05963666461060166,1.294992838661889,0.4058448676211325
2023-02-07 22:15:00,2023,397,1,ACCEPT,FVG,1,1.5481105648617925,1.5481105648617925,0.6712866608916629,1.7465603167996069,0.20047474940656523,-0.8768239039701297,0.16309816589230677,-0.20708277358292715,0.0791860407038015,1.1726631832718908,0.19125921440107937
2023-02-08 11:45:00,2023,397,1,REJECT,FVG,0,0.15874965113035344,-0.9102986324309196,-0.9102986324309196,0.1346357800725568,0.0,-1.069048283561273,0.6337143693254822,-0.526415803296219,-0.09221660946067622,1.073609552990872,0.6803618007754233
2023-02-08 18:45:00,2023,397,1,ACCEPT,FVG,0,1.06152978014803,0.3306077739297786,0.3306077739297786,0.4909326281547547,0.0,-0.7309220062182514,0.2461287254420617,-0.14111200258741677,0.1548926865606276,0.5076713750002858,0.1249525084722393
2023-02-10 01:15:00,2023,400,-1,REJECT,FVG,1,0.3369874361452315,0.3369874361452315,-0.183901698191371,0.955294767361582,0.6133370150490209,-0.5208891343366026,0.7530610088967059,-0.9028729242873189,0.03081756963105095,0.627712551640621,0.47270584743561167
2023-02-10 09:15:00,2023,400,-1,ACCEPT,FVG,0,0.8947738870314951,-0.2345812071089333,-0.2345812071089333,0.3474177371106805,0.0,-1.1293550941404285,0.4874267970805698,-0.2679734484450319,0.2987807611002584,0.6635271765435634,0.3234209264385429
2023-02-10 21:30:00,2023,402,-1,ACCEPT,FVG,1,0.724972364806435,0.724972364806435,0.7092120960063094,1.3130273944116655,0.5900250632052461,-0.015760268800125772,0.29202776967869293,-0.09623869935039187,0.14357773615079228,0.6825478437057082,0.19932292449637906
2023-02-13 11:00:00,2023,402,-1,REJECT,OB,1,0.5389604358017498,0.5389604358017498,0.5763336047077212,1.1782383249826551,0.642228402515584,0.037373168905971366,0.421920467884732,-0.34676364951297994,0.02694147097978708,0.9561182155800788,0.4034058448706619
2023-02-13 22:45:00,2023,402,-1,INSIDE,FVG,0,0.3377866030952919,-0.266105143717489,-0.266105143717489,0.1021215311683612,0.0,-0.6038917468127809,0.5549321387472564,-0.2674043381758436,0.0684355652142129,0.8565445893219735,0.4753241208848332
2023-02-14 02:30:00,2023,402,-1,REJECT,FVG,0,0.451260875976987,-0.0747185764144906,-0.0747185764144906,0.1356732045420914,0.0,-0.5259794523914776,0.39082065617328215,-0.2453112619672762,0.026923518056126722,0.8084956611610962,0.3159768048082312
2023-02-14 12:30:00,2023,403,1,REJECT,OB,1,0.4235106541993993,0.4235106541993993,-1.0931557356629,0.997492152596702,0.5719885070834249,-1.5166663898622994,0.6143528745610863,-0.6330872595199595,0.01603670602877527,1.353715602059855,0.8316590714636636
2023-02-14 13:45:00,2023,403,1,REJECT,OB,1,0.8021790038365274,0.8021790038365274,-0.6188238029595738,1.472820580956967,0.6676520901496231,-1.4210028067961011,0.4411544209127119,-0.4598572005054785,0.09689565039189607,1.2639823478012289,0.5576114006881411
2023-02-14 17:45:00,2023,403,1,ACCEPT,FVG,0,1.5352719913772255,-0.5394733947779242,-0.5394733947779242,0.0930467873562009,0.0,-2.0747453861551497,0.15750942149596225,-0.2467632898507085,0.033924056380897766,0.893743438792102,0.14077301200995596
2023-02-14 20:30:00,2023,404,-1,REJECT,FVG,0,1.0725888464392643,-0.4135997581288032,-0.4135997581288032,0.334441909683105,0.0,-1.4861886045680677,0.4984687316335717,-0.4685607257959621,0.2996541467337528,0.9170831093676572,0.4571372543290682
2023-02-15 05:45:00,2023,405,1,ACCEPT,FVG,0,1.1645914162006705,-0.1955802378352295,-0.1955802378352295,0.0730956444434698,0.0,-1.3601716540359,0.15995151604739533,-0.1972030537053061,0.020618036301113946,1.5414456611089031,0.2465565703990486
2023-02-15 17:15:00,2023,406,-1,INSIDE,OB,1,0.19124396201409147,0.19124396201409147,-0.7492031501582664,0.3262976877662961,0.1370253129894615,-0.9404471121723579,0.624376305886052,-0.6948536026873291,-0.14159527858442922,0.9634300326493528,0.6015428847652813
2023-02-15 20:00:00,2023,406,-1,REJECT,FVG,0,0.4504123841455669,-0.6291944927647469,-0.6291944927647469,0.1214928141445311,0.0,-1.0796068769103138,0.5535761467850753,-0.41734546080159435,0.06302458334677596,1.4619272255527556,0.8092880404016901
2023-02-16 07:30:00,2023,407,1,INSIDE,FVG,1,0.46394047141452416,0.46394047141452416,-0.2463138110495002,0.6805779196869582,0.21366981199473198,-0.7102542824640243,0.531810369640178,-0.1475508170013764,0.17764659112283238,0.8205462971993785,0.43637502962048086
2023-02-16 18:45:00,2023,408,-1,REJECT,OB,0,1.0075572312601198,-0.4640327682430755,-0.4640327682430755,0.0,0.0,-1.4715899995031954,0.5112180785573935,-0.5722549931158054,0.23537357671113696,0.48047471084853816,0.24562735847540892
2023-02-16 22:45:00,2023,409,1,REJECT,FVG,0,0.6208161848564484,-0.9976694600089208,-0.9976694600089208,0.0357018892249616,0.0,-1.6184856448653695,0.6575587890911893,-0.4187812133781792,0.26481519294733336,0.6839146190994426,0.44971406877679143
2023-02-17 17:00:00,2023,410,-1,REJECT,OB,0,0.45942161607921644,-1.4288706849979702,-1.4288706849979702,-0.0009922713090254,0.0,-1.8882923010771868,0.5829113316582436,-0.3248476307408044,0.13231180030166168,1.2102512603016486,0.7054691737835016
2023-02-17 19:15:00,2023,410,-1,REJECT,OB,0,1.8347096503897442,0.0267913253437099,0.0267913253437099,0.0625130924686716,0.0,-1.8079183250460342,0.03207727822779548,0.02291095961142936,0.08102853030828094,0.9800352494765462,0.03143686337050612
2023-02-20 02:00:00,2023,411,1,REJECT,FVG,1,0.48265125787382257,0.48265125787382257,0.273236455903781,0.8735588882179239,0.38592156363053354,-0.20941480197004145,0.4779692417083046,-0.2925822979819875,0.07795549685724665,1.3860244280102276,0.6624770448452352
2023-02-20 11:45:00,2023,411,1,ACCEPT,FVG,0,0.37481883756184536,-0.2218927518366151,-0.2218927518366151,0.3318396108547474,0.0,-0.5967115893984605,0.33938841133149716,-0.45289392446111965,-0.17197780511934002,1.674178563387746,0.5681968029134153
2023-02-21 02:30:00,2023,412,-1,INSIDE,FVG,1,0.17067259139568328,0.17067259139568328,0.5493839628357967,1.2037972126843146,1.0381741062411616,0.3787113714401134,0.6961860296733209,-0.2322751242746266,0.04825144606382062,1.0315600358089667,0.7181576856995132
2023-02-21 16:15:00,2023,412,-1,INSIDE,OB,0,0.8790789318573541,0.2192645151874152,0.2192645151874152,0.6911379188395631,0.0,-0.6598144166699389,0.21553017019894646,-0.1189479836979161,0.09615692727484085,1.5374640364964371,0.33136988546083634
2023-02-21 23:30:00,2023,413,1,INSIDE,FVG,0,0.30580319596299155,0.014129520605538,0.014129520605538,0.0746846089150556,0.0,-0.2916736753574535,0.5670719983739263,-0.34165078841679425,0.025502236360611746,0.5031338704625572,0.2853131293728105
2023-02-22 13:45:00,2023,415,1,INSIDE,FVG,1,0.42340756786029327,0.42340756786029327,-0.3848236647938772,0.9128139172815284,0.48940634942123534,-0.8082312326541705,0.48918303813486735,-0.15596359040665325,0.1274549530020887,0.46483399300212025,0.22738890492513886
2023-02-22 17:00:00,2023,415,1,REJECT,OB,0,1.0244429682838037,-0.2705502201105694,-0.2705502201105694,0.2502842860198629,0.0,-1.2949931883943733,0.4262210198708219,-0.11388016157649544,0.3712970837751073,0.9386595795550795,0.4000764433094829
2023-02-23 06:45:00,2023,416,-1,REJECT,FVG,1,0.5743904909839787,0.5743904909839787,0.2907408658067021,1.1629634632268546,0.5885729722428761,-0.28364962517727654,0.2576952081658415,-0.29275987441080564,-0.0692993804893112,0.9657045407107668,0.24885743264515944
2023-02-23 18:30:00,2023,416,-1,INSIDE,OB,0,0.39713182570326555,-0.4841323545300001,-0.4841323545300001,0.2374602669153414,0.0,-0.8812641802332657,0.6417687500722605,-0.5317880926050692,0.06436368228489714,0.6452875261487719,0.4141253690937185
2023-02-23 23:30:00,2023,416,-1,REJECT,OB,0,0.3983576183178057,-0.3777706612988158,-0.3777706612988158,0.0236750005718617,0.0,-0.7761282796166215,0.4229055590693374,-0.2697888174039575,0.012774024535139872,0.8708857184522543,0.3683024116475522
2023-02-24 05:45:00,2023,417,1,INSIDE,FVG,0,0.21527034682443935,-0.4284806903300097,-0.4284806903300097,0.0741601194801953,0.0,-0.643751037154449,0.6466405034374737,-0.3893214133678591,0.0016321068170371544,1.0743372761085515,0.6947099970844779
2023-02-24 11:00:00,2023,417,1,REJECT,FVG,0,0.3499374906809371,-0.1414201658504257,-0.1414201658504257,0.2632273159989401,0.0,-0.4913576565313628,0.515213364963329,-0.2655142921136445,0.05157469187263175,0.7864523026834136,0.4051907372486801
2023-02-24 19:45:00,2023,418,-1,REJECT,FVG,1,0.19209469749410668,0.19209469749410668,-0.4568738751211505,0.4392219299460079,0.24816558216808468,-0.6489685726152572,0.7034050358431819,-0.5937356480227945,-0.0409786256678186,1.25167856318118,0.8804370045986003
2023-02-24 19:45:00,2023,418,-1,REJECT,FVG,1,0.13602381282015227,0.13602381282015227,-0.4568738751211505,0.4392219299460079,0.30423646684203925,-0.5928976879413028,0.7730759440899025,-0.623762781368663,-0.03639004275929297,0.9714830797102456,0.7510301990143642
2023-02-27 08:15:00,2023,418,-1,REJECT,FVG,0,0.3100802354507599,-0.5980869626151911,-0.5980869626151911,0.2533197855716185,0.0,-0.908167198065951,0.7618299297404818,-0.46471950622294966,0.12554612653927594,0.7751782737180648,0.5905540098029812
2023-02-27 13:00:00,2023,418,-1,REJECT,FVG,0,0.3580748212551199,-0.489719976128355,-0.489719976128355,0.0526580619492844,0.0,-0.8477947973834749,0.5425841853849522,-0.44083566783333444,-0.0073594709157816796,0.7804721713715993,0.42347185731928405
2023-02-27 18:45:00,2023,419,1,REJECT,FVG,1,0.455989469065372,0.455989469065372,-0.2474769635805082,0.4696796840719653,0.0126371215445495,-0.7034664326458804,0.821562323404123,-0.5325204681866826,0.2796020525701793,0.8268584459178034,0.679315745954553
2023-02-27 22:45:00,2023,419,1,INSIDE,FVG,0,0.4184139518041348,-0.2964641568059367,-0.2964641568059367,0.3395671015897882,0.0,-0.7148781086100716,0.6131731925686962,-0.4254721631627475,0.09197618011588951,1.004619731877903,0.6160058883130815
2023-02-28 12:15:00,2023,420,-1,REJECT,FVG,0,0.6323921833669294,-1.9349313073167376,-1.9349313073167376,0.3618164233193938,0.0,-2.567323490683667,0.6098573306425984,-0.5816692539909818,0.15873501343223007,0.5605174026864154,0.34183564698105967
2023-02-28 22:30:00,2023,421,1,INSIDE,OB,1,0.3809856083733207,0.3809856083733207,0.5829917139118993,1.777235063235938,1.3972961186218835,0.20200610553857865,0.6634802987753267,-0.6375602234297302,0.03822486937132161,1.0225680286005026,0.6784537411339582
2023-03-01 19:30:00,2023,421,1,ACCEPT,FVG,0,0.7964601769911486,-0.4130578045565904,-0.4130578045565904,0.2234748634908575,0.0,-1.209517981547739,0.49105527062412657,-0.4355366164326794,0.16944190237011458,1.2619763730042506,0.619700149366856
2023-03-02 01:45:00,2023,421,1,REJECT,FVG,0,0.18377486391991552,-0.4573002427775388,-0.4573002427775388,0.0790659298260203,0.0,-0.6410751066974543,0.5223255131546372,-0.20566531878372818,-0.002250775510011835,0.9477081471901431,0.49501214430192186
2023-03-02 01:45:00,2023,421,1,REJECT,FVG,0,0.16774798625249376,-0.4573002427775388,-0.4573002427775388,0.0790659298260203,0.0,-0.6250482290300327,0.5523969757827462,-0.23489331555933862,-0.01247547811325446,0.6513647574816744,0.3598119221643388
2023-03-02 03:00:00,2023,421,1,ACCEPT,FVG,0,0.29809992461431234,-0.2777992129022448,-0.2777992129022448,0.0363275893795136,0.0,-0.5758991375165571,0.42495374369702166,-0.13582488824420114,0.04857308546305368,1.0915716852772712,0.4638674741722435
2023-03-02 08:00:00,2023,422,-1,INSIDE,FVG,1,0.258572901702966,0.258572901702966,-0.0321874981372927,0.3851770610429856,0.1255312427354439,-0.2907603998402587,0.6637825403750516,-0.3863759762737896,0.04172982836166039,0.807346599377781,0.5359025766981425
2023-03-02 13:45:00,2023,422,-1,INSIDE,OB,0,0.7070386999958084,0.2894876869084903,0.2894876869084903,0.6908962639228593,0.0,-0.41755101308731807,0.3581816070842691,-0.23099941732619356,0.10498858304250328,1.5809824137672748,0.5662788217351293
2023-03-02 13:45:00,2023,422,-1,INSIDE,OB,1,0.6532305797525957,0.6532305797525957,0.2894876869084903,0.6908962639228593,0.03658952176540031,-0.3637428928441053,0.34333838291858076,-0.34747646162547197,-0.0038953242634889307,1.493793178685429,0.5128765343846617
2023-03-03 08:00:00,2023,423,1,INSIDE,OB,1,0.2633567710380182,0.2633567710380182,1.3559608955097593,2.0937951548641816,1.8271736304661912,1.092604124471741,0.6087130738680052,-0.4319673249821851,-0.008714457159235134,1.1138088961248929,0.6779900368617132
2023-03-03 16:30:00,2023,423,1,ACCEPT,FVG,1,0.5569171782863116,0.5569171782863116,0.8102598946832082,1.5560921157999466,0.9904389817758188,0.25334271639689665,0.4499635950157254,-0.1696413119886234,0.15728355828468438,1.6261726563989807,0.7317184945895573
2023-03-06 02:00:00,2023,423,1,REJECT,FVG,1,0.4470613891614774,0.4470613891614774,-0.0806891287754889,0.6531457856286129,0.20826518373133582,-0.5277505179369664,0.48524161822984113,-0.3799417002873678,0.021354617117867902,1.1536945842705582,0.5598206270144495
2023-03-06 03:30:00,2023,423,1,REJECT,FVG,1,0.38927052666014217,0.38927052666014217,-0.034892596227231,0.7011231054410713,0.311852578780929,-0.4241631228873733,0.15980353911369152,-0.3602525491644026,-0.2404761090002606,1.2057729096282077,0.19268677832600092
2023-03-06 08:45:00,2023,423,1,REJECT,FVG,1,0.3256817018787953,0.3256817018787953,-0.2127348490386784,0.5285474084362822,0.20176913517069056,-0.5384165509174736,0.5551139242345936,-0.5044589786820702,-0.043636327829151944,0.8500024035166975,0.4718481698249905
2023-03-06 13:45:00,2023,423,1,INSIDE,OB,0,1.0619792650742736,0.3214462031681476,0.3214462031681476,0.5178246003254718,0.0,-0.740533061906126,0.014854317449548203,-0.049424466651380894,-0.03291532280571552,1.0300202435436616,0.015300247677058502
2023-03-06 22:45:00,2023,424,-1,REJECT,FVG,1,0.21242462798028933,0.21242462798028933,3.479559661448254,4.164407811030577,3.955302317862477,3.2671350334679645,0.7386897023831613,-0.49283874458899385,0.028132046195954552,0.9191008839176521,0.678930358401231
2023-03-07 04:00:00,2023,424,-1,REJECT,FVG,1,0.42798800056672237,0.42798800056672237,3.5824591446400045,4.268792233631675,3.844130564675572,3.154471144073282,0.370126838823213,-0.2510775513856818,0.00026283471220189814,1.0577810607803644,0.3915131601937012
2023-03-07 07:45:00,2023,424,-1,REJECT,FVG,1,0.2616714200356181,0.2616714200356181,3.6911193105869935,4.390757726021142,4.119107311153666,3.4294478905513763,0.599051843813518,-0.4182458594321591,-0.01094015952631619,1.3537206156872612,0.8109488308358246
2023-03-08 01:15:00,2023,424,-1,INSIDE,OB,1,0.15624999999998393,0.15624999999998393,-0.1684397163120547,0.5208333333333133,0.3645833333333293,-0.3246897163120387,0.7496167361364986,-0.9852205041293417,-0.129555110427833,1.03239228151417,0.7738985324811654
2023-03-08 07:15:00,2023,424,-1,REJECT,OB,0,0.18626768588268985,-0.5033662463735045,-0.5033662463735045,0.0776115357844667,0.0,-0.6896339322561944,0.6964546963797301,-0.8365765014786044,-0.1242118635261224,0.9385427360399589,0.6536524962681107
2023-03-09 01:15:00,2023,426,-1,ACCEPT,FVG,1,0.27953473750393265,0.27953473750393265,-0.2059729644765981,0.3904432568374518,0.1097767997484841,-0.48550770198053084,0.5391451312801323,-0.4026791173736778,-0.03486683902456336,1.2516469519680922,0.6748193602352145
2023-03-09 07:00:00,2023,426,-1,REJECT,OB,0,0.28222226420081775,-0.3139581011391135,-0.3139581011391135,0.1790807941515303,0.0,-0.5961803653399314,0.5727295036289263,-0.27907416089857273,0.04239686203729197,0.6958347500389335,0.39852509099755634
2023-03-09 09:15:00,2023,426,-1,REJECT,FVG,0,0.0884621200665325,-0.415091486466061,-0.415091486466061,0.0827914713443238,0.0,-0.5035536065325935,0.6356533527294597,-0.23488063194977504,-0.029346727549838893,0.9993801211091331,0.6352593246341939
2023-03-09 15:30:00,2023,427,1,REJECT,OB,1,0.3512506652474638,0.3512506652474638,9.889758990344411,11.091766137002963,10.743936744468948,9.538508325096947,0.7196975674051289,-0.4694188257356778,0.1212150105684946,0.6781262691325345,0.4880458262882008
2023-03-09 21:15:00,2023,427,1,REJECT,FVG,1,0.2767093403754615,0.2767093403754615,8.119869108444806,9.330041908261094,9.056777082496112,7.843159768069345,0.7883274947582812,-0.8446524577376935,0.03934787928649153,1.2958084676933723,1.0215214430232835
2023-03-10 03:00:00,2023,427,1,REJECT,FVG,1,0.1125129160235252,0.1125129160235252,8.033192585883587,9.249020933525529,9.134211835542342,7.9206796698600614,0.7353478036317909,-0.6902242697346929,-0.09993324329382229,1.5832033070249933,1.1642050745234167
2023-03-10 04:45:00,2023,427,1,REJECT,OB,1,0.5981709772042968,0.5981709772042968,8.551544316417102,9.769742518069732,9.169270883260806,7.9533733392128045,0.6088356009754627,-0.44983532631078216,0.18822822131589415,1.157137915678076,0.7045067583033556
2023-03-10 12:00:00,2023,427,1,INSIDE,OB,1,0.6496403707834784,0.6496403707834784,8.346090234239773,9.56921420054616,8.916112158159931,7.696449863456296,0.4577752870447484,-0.4479158880382532,0.05451824339162517,0.9232870102467857,0.4226579761404099
2023-03-10 20:15:00,2023,427,1,ACCEPT,FVG,1,0.5824170943858447,0.5824170943858447,4.764400230936629,5.971488208908821,5.3890711145229755,4.181983136550784,0.6879727815045074,-1.2865514993331635,-0.0007519773677299169,1.169468391177093,0.8045624219597058
2023-03-13 02:00:00,2023,427,1,REJECT,FVG,1,1.8768398994663138,1.8768398994663138,2.985622669460681,4.191267243616931,2.3132877935134197,1.1087827699943678,0.28805782784501305,-1.3098206279822024,-0.39187811836593933,1.24174017893483,0.3576929786918449
2023-03-13 07:15:00,2023,427,1,INSIDE,FVG,1,0.8569125906674381,0.8569125906674381,2.557243085535072,3.7425263802377775,2.888987461187138,1.7003304948676337,0.5153779996975677,-1.2448920892356532,-0.16166819755221146,0.4497156583590747,0.23177355643777464
2023-03-13 10:45:00,2023,427,1,REJECT,FVG,1,0.2016179215930254,0.2016179215930254,2.627753578095835,3.80721841941506,3.610080896079653,2.4261356565028094,0.759918242136786,-0.8380937452967496,-0.0479978830647641,1.2989503707271401,0.9870960823458949
2023-03-13 14:15:00,2023,427,1,REJECT,FVG,1,0.35159292363610306,0.35159292363610306,1.4898193821162449,2.6692133664651574,2.3142825353261833,1.1382264584801416,0.7550400885535298,-1.0754522729489087,0.0020240586505279046,0.7582075761100808,0.5724771154081126
2023-03-13 20:00:00,2023,427,1,INSIDE,FVG,1,0.35628415300546357,0.35628415300546357,-0.6327868852458977,0.5278688524590084,0.16612021857923281,-0.9890710382513613,0.53108074988269,-1.1042101188873863,-0.32856972577115817,1.0520381063109017,0.5587171864047589
2023-03-14 00:15:00,2023,427,1,INSIDE,OB,0,0.37205637217758686,-0.7812092741324533,-0.7812092741324533,0.3142294287013055,0.0,-1.1532656463100401,0.590002522433777,-1.1530858139794193,-0.25324807707662056,1.4500723333192116,0.8555463343697676
2023-03-14 21:45:00,2023,429,1,REJECT,OB,0,0.6268722145101221,-0.0898662964857094,-0.0898662964857094,0.0734273398115079,0.0,-0.7167385109958315,0.4483604304085045,-0.4109593955707828,0.05436323181664293,0.611253015150124,0.2740616649612057
2023-03-15 12:15:00,2023,430,-1,ACCEPT,FVG,0,2.11801668412119,-2.258856668231546,-2.258856668231546,0.2773464302480892,0.0,-4.376873352352735,0.4160082306989815,-0.5458096369965292,0.5623640377410302,1.3977284876188438,0.5814665551318785
2023-03-15 20:45:00,2023,431,1,INSIDE,FVG,0,2.8993688039158934,0.1105331215569071,0.1105331215569071,1.5272701507431,0.0,-2.7888356823589864,0.10235301461702373,-0.7049443091781665,-0.3360319964293199,1.2440706997393265,0.12733438651503023
2023-03-16 07:30:00,2023,432,-1,INSIDE,FVG,0,0.8705444458932535,-0.6582425528383806,-0.6582425528383806,0.3456573535164364,0.0,-1.528786998731634,0.3256915965587348,-0.16792237100436158,0.17029754456429,0.659303760310821,0.21472969431280872
2023-03-16 09:45:00,2023,432,-1,ACCEPT,FVG,0,0.6657857168139485,-0.3493516759677629,-0.3493516759677629,0.2941349976993032,0.0,-1.0151373927817113,0.03529833374189522,-0.08034491845864028,-0.05400775027973616,0.4702183729279039,0.0165979250591801
2023-03-16 17:00:00,2023,433,1,REJECT,OB,0,1.1578972171823165,-0.2046466693371731,-0.2046466693371731,0.1855604514715239,0.0,-1.3625438865194897,0.6858355400472369,-0.5366223589198251,0.6255393896768021,1.1632872891529598,0.7978237661863063
2023-03-16 22:00:00,2023,433,1,INSIDE,OB,0,1.2697921747302452,0.0117771618229511,0.0117771618229511,0.0203423704214854,0.0,-1.258015012907294,0.19939886406145838,-0.4103820465473442,-0.0753572153992475,0.8462013767557437,0.16873159329233747
2023-03-17 12:45:00,2023,435,1,INSIDE,FVG,1,0.41960786645811515,0.41960786645811515,5.089886237266363,8.498129724007939,8.071028859934481,4.670278370808248,0.5920917845293159,-0.535525393719315,0.030001162762442996,0.8941972193760142,0.5294468273414964
2023-03-20 05:15:00,2023,435,1,INSIDE,FVG,1,1.8083716972100259,1.8083716972100259,0.4478379320737808,3.828429257799344,2.0189938125321367,-1.360533765136245,0.07857611523429321,-0.4173207001917297,-0.242434437897399,1.4358070645380827,0.11282014135735666
2023-03-20 06:45:00,2023,435,1,INSIDE,FVG,1,0.22551458812265043,0.22551458812265043,0.4893241063038797,3.862469195629173,3.643337095849611,0.2638095181812292,0.7240667557792538,-0.7930571159585023,-0.05554320665591586,0.8772340534110514,0.6351760151124247
2023-03-20 11:15:00,2023,435,1,REJECT,FVG,0,1.1773885088758886,-2.1773767760556497,-2.1773767760556497,0.0,0.0,-3.3547652849315384,0.8393881553007612,-0.928725681384301,0.839121623630956,0.8941043369510512,0.750500590039753
2023-03-20 18:15:00,2023,436,-1,INSIDE,FVG,0,1.3357974069475234,0.020790621119787,0.020790621119787,0.4813028789235192,0.0,-1.3150067858277363,0.3919034326492874,-0.3186018315966137,0.32976290896120086,1.376354941192127,0.5393982259970026
2023-03-21 07:30:00,2023,437,1,REJECT,OB,0,0.46239445218814107,-1.2119711089864014,-1.2119711089864014,0.2581529564906875,0.0,-1.6743655611745425,0.5797195907651991,-0.46007797047077537,0.07469736488523343,0.630941419745203,0.3657691016515028
2023-03-21 09:45:00,2023,437,1,INSIDE,FVG,0,0.9392150771461052,-0.530185357771577,-0.530185357771577,0.2102102102102074,0.0,-1.4694004349176821,0.20181431735980424,-0.2032516840038579,0.027314465503888413,1.3386468695575646,0.2701581041655988
2023-03-22 03:15:00,2023,438,-1,REJECT,OB,1,1.0045515884815301,1.0045515884815301,0.232611330939388,1.1239450149813432,0.12351044120672404,-0.7719402575421422,0.29058669627981043,-0.5955378809009175,-0.13057316824095716,0.9385380150077752,0.2727266611141205
2023-03-22 03:15:00,2023,438,-1,REJECT,OB,1,0.6052011619130507,0.6052011619130507,0.232611330939388,1.1239450149813432,0.5228608677752035,-0.3725898309736628,0.5094298573119038,-0.7235840563556928,-0.0466611922148798,0.9302249645616278,0.47388437096460084
2023-03-22 11:15:00,2023,438,-1,ACCEPT,FVG,0,1.0703391863639853,0.1758194052528798,0.1758194052528798,0.7721659259936244,0.0,-0.8945197811111054,0.32011260057300206,-0.2829639072277819,0.1502454654253675,0.7941237158379322,0.2542090078535762
2023-03-22 19:15:00,2023,439,1,ACCEPT,FVG,1,0.5842111601075842,0.5842111601075842,4.968891386498014,5.884430784051748,5.301251799138699,4.384680226390429,0.19741277196842386,0.058480817419613196,0.16226670167755494,1.6871997931291467,0.3330747880261761
2023-03-22 22:30:00,2023,439,1,ACCEPT,FVG,1,1.1033229640448363,1.1033229640448363,2.724152008786121,3.643242808103001,2.5399198440581645,1.6208290447412845,0.12944179114957166,-0.7321271662850117,-0.4945432138494014,1.6766035483953081,0.21702256635201625
2023-03-23 09:45:00,2023,439,1,INSIDE,OB,1,0.5762122567469549,0.5762122567469549,1.673952302992476,2.5701699606744297,1.9969957298857395,1.097740046245521,0.6100514833673031,-0.7674015839649534,0.05227203263418556,1.308660585074569,0.7983503311490635
2023-03-23 14:45:00,2023,439,1,ACCEPT,FVG,1,1.3007682011944706,1.3007682011944706,2.6956776029423453,3.5955864985547,2.2938060263865383,1.394909401747875,0.28470127464992423,-0.14654311996882155,0.2655082579816336,1.8015836703217458,0.5129131673290899
2023-03-24 02:45:00,2023,439,1,REJECT,OB,0,1.0734203865881113,0.1783994445315457,0.1783994445315457,0.2187157031827291,0.0,-0.8950209420565656,0.18607253801274137,-0.5443970376072926,-0.243365643446018,0.9423417610327693,0.1753439231507636
2023-03-24 08:45:00,2023,439,1,REJECT,OB,1,0.7239040194391103,0.7239040194391103,0.6864432519996154,0.7320036448314056,0.009112078566358017,-0.037460767439494884,0.23801824619977435,-0.17177230479034145,0.041415003065413125,0.6511792765180973,0.15499254935847542
2023-03-24 08:45:00,2023,439,1,REJECT,OB,1,0.5912726536397841,0.5912726536397841,0.6864432519996154,0.7320036448314056,0.14174344436568428,0.09517059835983141,0.2369391310293202,-0.13324209760329803,0.03842379797416193,0.6255008763894857,0.14820563410980298
2023-03-24 08:45:00,2023,439,1,REJECT,OB,1,0.5781107623772438,0.5781107623772438,0.6864432519996154,0.7320036448314056,0.15490533562822445,0.10833248962237155,0.27428548200230424,-0.28667710944160807,-0.049478351190027414,0.8407865905088412,0.23061555523879151
2023-03-24 12:15:00,2023,440,-1,ACCEPT,FVG,0,1.8194711781987682,0.9745719785229584,0.9745719785229584,1.078918042751504,0.0,-0.8448991996758101,0.11556000996710664,-0.14194034689900706,0.08472038849088967,1.325229114510117,0.15314348968148903
2023-03-27 05:15:00,2023,442,-1,REJECT,FVG,1,0.49091364483901506,0.49091364483901506,1.4847633094926835,3.030640358444884,2.5367211198619595,0.9938496646536683,0.5942330055013918,-0.6685424244263976,0.020444640360018473,1.2792794466863817,0.7601900704806062
2023-03-27 08:00:00,2023,442,-1,REJECT,OB,1,0.16219643790814503,0.16219643790814503,1.4367400518405762,2.977606211967829,2.8164109866393625,1.2745436139324313,0.7122284748593788,-0.6488347510057275,-0.07119524426221135,0.6687163847929847,0.47627885085458493
2023-03-27 15:30:00,2023,442,-1,ACCEPT,FVG,1,0.9502678656044984,0.9502678656044984,-0.1655693746829238,1.3757309860018658,0.4294769234199805,-1.1158372402874221,0.6378814398033354,-0.5708335526028498,0.3994488101301489,1.409985322631218,0.8994034677015718
2023-03-27 19:15:00,2023,442,-1,REJECT,FVG,0,1.440827879002302,-0.0915443127542744,-0.0915443127542744,0.7701662833893519,0.0,-1.5323721917565762,0.2484713668272339,-0.537562387701134,-0.04598905401563547,1.3212232084039417,0.3282861364759907
2023-03-28 01:15:00,2023,442,-1,REJECT,FVG,0,0.5911118689938584,-0.2643666147761312,-0.2643666147761312,-0.0009901371339921,0.0,-0.8554784837699896,0.38588440241235483,-0.32555224145870665,0.028174141016134246,0.6687057910867195,0.25804313458317973
2023-03-28 09:15:00,2023,443,1,INSIDE,FVG,0,0.8704482330855905,-0.4890713681922519,-0.4890713681922519,0.200568662107121,0.0,-1.3595196012778423,0.30855614902021083,-0.07249554950578779,0.21845555279315879,0.7210609762233083,0.22248779803221783
2023-03-28 13:45:00,2023,444,-1,REJECT,FVG,0,0.76894850126243,-0.8290842173867659,-0.8290842173867659,0.1597046887237434,0.0,-1.5980327186491958,0.5210493203974225,-0.5351753020637136,0.1443375193734754,1.6054931691813463,0.8365411247046445
2023-03-28 20:00:00,2023,445,1,REJECT,FVG,1,0.10044864852918337,0.10044864852918337,-0.2874223705438908,0.6186045483678504,0.5171613587641215,-0.3878710190730742,0.7350853822534492,-0.6915307289443159,-0.10935826551735994,1.002878802955189,0.7372015482241966
2023-03-29 01:15:00,2023,445,1,REJECT,FVG,0,0.1275069730375853,-0.7789879134015079,-0.7789879134015079,0.0418382255279431,0.0,-0.9064948864390932,0.7207261339800128,-0.6776600466893946,-0.09735513335335966,0.7361338658807663,0.530550915248006
2023-03-29 03:45:00,2023,445,1,REJECT,FVG,0,0.31677513614024133,-0.5000664098817886,-0.5000664098817886,0.062757338291926,0.0,-0.8168415460220299,0.524066673339561,-0.43687567903409696,-0.041912403466033116,1.1485935150406996,0.6019395824467725
2023-03-29 07:45:00,2023,445,1,INSIDE,FVG,0,0.3260038770423687,-0.0787593464414253,-0.0787593464414253,0.0139573525339114,0.0,-0.40476322348379407,0.545754686520696,-0.235946505765478,0.07074054924400353,0.6840851339431592,0.3733426678286172
2023-03-29 12:15:00,2023,446,-1,INSIDE,OB,1,0.8231523462801068,0.8231523462801068,-0.1105577021865993,1.1578406628995137,0.337703526679038,-0.9337100484667062,0.4626859997946031,-0.39428575729094334,0.1690058088478736,1.2067973216612584,0.5583682253222886
2023-03-29 18:45:00,2023,446,-1,REJECT,FVG,1,0.5881170202070887,0.5881170202070887,-0.1085754498844028,1.1712073992158534,0.5750477530913872,-0.6966924700914915,0.3355996463469116,-0.24636359856276904,0.033687801979747134,0.8467661553783964,0.2841744222835238
2023-03-30 02:45:00,2023,446,-1,REJECT,FVG,1,0.2184368737475014,0.2184368737475014,-0.4659318637274641,0.7915831663326746,0.5831663326653244,-0.6843687374749655,0.6608114897576653,-0.42552030537149127,1.399750227401575e-05,1.2533372940350291,0.8282196844401286
2023-03-30 08:30:00,2023,446,-1,REJECT,FVG,0,0.7151386641370582,-0.5554377545895851,-0.5554377545895851,-0.0040176329446093,0.0,-1.2705764187266433,0.3457971090839864,-0.23804327088464103,0.09156428667694275,1.298762158812071,0.4491081999048914
2023-03-30 08:30:00,2023,446,-1,REJECT,FVG,0,0.4831203615869825,-0.5554377545895851,-0.5554377545895851,-0.0040176329446093,0.0,-1.0385581161765676,0.4145534149961589,-0.24568713776210369,0.056442499967870846,1.0928425447629049,0.45304160898455487
2023-03-31 03:15:00,2023,447,1,REJECT,FVG,1,0.5172731897954151,0.5172731897954151,-0.2556174906771144,0.7104958599135589,0.19422903819167486,-0.7728906804725295,0.4916589375346267,-0.4172460442126744,0.0422186894854161,1.0594961659205058,0.5209107592584864
2023-03-31 03:15:00,2023,447,1,REJECT,FVG,1,0.6380373586192549,0.6380373586192549,-0.2556174906771144,0.7104958599135589,0.07346486936783492,-0.8936548492963694,0.4996657129118892,-0.41859649271840643,0.1093672138970613,1.076727368818385,0.538003748352381
2023-03-31 07:30:00,2023,447,1,INSIDE,FVG,1,0.3310289145682973,0.3310289145682973,-0.493515668365532,0.4763586819397516,0.1453297673714543,-0.8245445829338294,0.6275494733698397,-0.3315517862797629,0.08425038360245655,1.0475953576897519,0.6574179150228926
2023-03-31 14:15:00,2023,448,-1,REJECT,OB,0,0.7859336815909211,0.1331748985494415,0.1331748985494415,0.4792278546286126,0.0,-0.6527587830414796,0.40305513713420177,-0.26906213749611185,0.15615934704202172,0.7402283361795644,0.29835283354947634
2023-03-31 19:15:00,2023,449,1,ACCEPT,FVG,0,0.9905486270342745,-0.0553660309826026,-0.0553660309826026,0.1761646440355685,0.0,-1.0459146580168772,0.26181348725060555,-0.17421721436059426,0.13073419240538203,0.8983524067330946,0.23520077638676587
2023-04-03 08:30:00,2023,450,-1,INSIDE,FVG,0,0.40244105409153685,-2.54047156726769,-2.54047156726769,0.2985852981969497,0.0,-2.9429126213592265,0.7119212471759292,-0.7043850366123374,0.08358797428842288,1.1412394291557346,0.8124725977308961
2023-04-03 11:00:00,2023,450,-1,ACCEPT,FVG,0,1.096477115117894,-1.7385852981969574,-1.7385852981969574,0.0619140083217644,0.0,-2.8350624133148514,0.34545262983607516,-0.5007614421547493,0.05100881793066392,1.5553738543514275,0.5373079883639732
2023-04-03 23:00:00,2023,451,1,REJECT,FVG,0,0.5381678765731972,-0.5156216813797828,-0.5156216813797828,0.0823426259237597,0.0,-1.05378955795298,0.6266158715955472,-0.6195108545879652,0.1059090125662138,1.6175096107875664,1.0135571945778252
2023-04-04 03:00:00,2023,451,1,REJECT,FVG,0,0.11737344317169572,-0.4998152455061089,-0.4998152455061089,0.0352120329514976,0.0,-0.6171886886778046,0.7617976318398526,-0.6989078539505079,-0.0770666948876501,1.0626127511664056,0.8094958774013984
2023-04-04 04:30:00,2023,451,1,REJECT,OB,0,0.3942862733587685,-0.164367478720288,-0.164367478720288,0.0763134722629853,0.0,-0.5586537520790564,0.2395555274765839,-0.3464505555884778,-0.16900295380868807,0.9974778295302726,0.2389513275993225
2023-04-04 22:30:00,2023,453,1,REJECT,FVG,1,0.31314569571873635,0.31314569571873635,-0.0385410087038532,1.0174826297815107,0.689884055798824,-0.3516867044225896,0.7315091500457068,-1.0093935884811276,-0.0419440007940276,0.9257906249762756,0.6772243131966791
2023-04-05 13:30:00,2023,453,1,ACCEPT,FVG,1,0.5831949874149799,0.5831949874149799,-0.0896481550902433,0.950463235687904,0.3691961655866909,-0.6728431425052234,0.3242991194111722,-0.26007649301895763,0.013395705510323819,0.8043770167953962,0.26085875822133264
2023-04-05 17:45:00,2023,453,1,REJECT,FVG,0,1.4476409172362743,0.4036783878617335,0.4036783878617335,0.6538044702928316,0.0,-1.0439625293745407,0.1891505147380938,-0.5654122206219785,-0.18464218340095506,1.2157060373057964,0.22995142272659966
2023-04-06 08:00:00,2023,454,-1,INSIDE,OB,1,0.5500829337756487,0.5500829337756487,1.964170475575873,3.073936394327436,2.526733475911866,1.414087541800225,0.5600079905415184,-0.5153243966891687,0.08131222155263707,0.8186569941198916,0.4584544582198401
2023-04-06 13:00:00,2023,454,-1,REJECT,OB,1,0.7518724793547298,0.7518724793547298,2.5388899558286977,3.647973881313596,2.899942385250607,1.7870174764739681,0.2451309757789344,-0.18768819326436403,0.042627231218266365,0.7103007783197788,0.17411672288606395
2023-04-06 21:15:00,2023,454,-1,REJECT,FVG,1,0.9827412466610159,0.9827412466610159,1.7130792239159212,2.8311393336425734,1.8426398374893862,0.7303379772549049,0.39456192807263973,-0.49494061557911306,0.08809638906432105,0.9128480932749976,0.36017510372001593
2023-04-10 04:30:00,2023,454,-1,REJECT,FVG,1,0.9362647829192942,0.9362647829192942,0.5924279704738498,1.697277561711241,0.7600603222477775,-0.34383681244544434,0.5910631526341094,-0.9418820490450457,0.16822133856556182,1.1108729841436273,0.6565960881839934
2023-04-10 07:30:00,2023,454,-1,INSIDE,FVG,1,0.2504960711167657,0.2504960711167657,-0.1666798952297801,0.9372172394634418,0.686721168346676,-0.41717596634654586,0.6975247191307701,-0.7975879789008207,-0.06652344628686377,1.0907285933299928,0.7608101557104032
2023-04-10 08:45:00,2023,454,-1,REJECT,FVG,1,0.3584788358394511,0.3584788358394511,0.0113802805028294,1.1152674892783,0.7520468698959812,-0.3470985553366217,0.629056257202833,-0.7613988734645566,-0.05693279312489527,1.533826651662039,0.9648632526924756
2023-04-11 14:15:00,2023,455,1,ACCEPT,FVG,1,0.5544996971658991,0.5544996971658991,0.5920928969737432,2.5102859171696537,1.952026900022972,0.03759319980784416,0.597984135540981,-0.528395077524509,0.11915881820058002,0.8884592778758321,0.5312845532439436
2023-04-12 03:15:00,2023,455,1,REJECT,FVG,1,0.16879571550627873,0.16879571550627873,0.2710108987850757,2.177464730031053,2.0124200304249102,0.10221518327879701,0.7271791872649044,-0.5176215832824306,-0.018473209824685907,0.9614764277185114,0.6991656472827107
2023-04-12 09:30:00,2023,455,1,ACCEPT,FVG,1,0.5999253592088136,0.5999253592088136,-0.6409777943646314,1.2595633513715248,0.659637992162711,-1.2409031535734452,0.5439699921544842,-0.5537058921632383,0.07383489059478454,1.4015313630258763,0.7623910045494494
2023-04-13 07:45:00,2023,457,1,REJECT,FVG,1,0.1196784026513328,0.1196784026513328,1.585278533581559,2.7894273848734445,2.665145966735526,1.4656001309302258,0.6730424422973338,-0.3596418615299637,-0.03703898028278067,0.6187262357600658,0.41642901682939065
2023-04-13 19:00:00,2023,457,1,INSIDE,FVG,0,0.8954769277628061,-0.2951418853748939,-0.2951418853748939,0.7721204122036489,0.0,-1.1906188131377,0.4452493857356089,-0.4772534074472184,0.1339539310856815,1.42654794127411,0.6351695945746949
2023-04-13 23:30:00,2023,457,1,REJECT,FVG,1,0.29179922592148144,0.29179922592148144,-0.4750856147034424,0.5899815599100107,0.2963585888265215,-0.7668848406249238,0.6370098244566045,-0.6665305391987317,-0.05606506374796574,0.6636885022986064,0.42277609634310204
2023-04-14 02:45:00,2023,457,1,REJECT,FVG,1,0.18009914548918518,0.18009914548918518,-0.3038036090575041,0.7531418811365832,0.5766811022229338,-0.48390275454668935,0.674766436176563,-0.48387226293370944,-0.035846641949059704,1.128667140836075,0.7615867042515492
2023-04-14 08:45:00,2023,457,1,REJECT,OB,0,0.6021283691598607,-0.4584179728951247,-0.4584179728951247,0.3219840523906224,0.0,-1.0605463420549854,0.39757366666966637,-0.324261803049617,0.04404653448244869,1.415068074566481,0.5625938029925807
2023-04-14 08:45:00,2023,457,1,REJECT,OB,0,0.5175393384470841,-0.4584179728951247,-0.4584179728951247,0.3219840523906224,0.0,-0.9759573113422089,0.4571510647226362,-0.421099805703899,0.008000078435066976,1.3481076190201275,0.6162888333957494
2023-04-14 12:45:00,2023,458,-1,INSIDE,OB,1,0.5582406959884079,0.5582406959884079,2.5419888835186057,4.128806186563576,3.571471725471251,1.9837481875301972,0.5875204123147317,-0.5315116723973616,0.1087400883976011,1.6009344933923957,0.9405816936467765
2023-04-14 22:00:00,2023,458,-1,INSIDE,FVG,0,1.238172558860435,-0.3135286737028734,-0.3135286737028734,0.9724702930105564,0.0,-1.5517012325633086,0.27931346630815657,-0.5514134994969826,-0.05155801428042128,1.2434834053855266,0.3473216602549021
2023-04-17 09:00:00,2023,458,-1,INSIDE,FVG,0,1.4003021812794376,0.1214592715377403,0.1214592715377403,0.2605213360519903,0.0,-1.2788429097416973,0.03348201334805545,-0.0004267259143670432,0.04647249805330305,1.3084264168152968,0.043808750752758134
2023-04-17 09:00:00,2023,458,-1,INSIDE,FVG,0,0.6653855745111514,0.1214592715377403,0.1214592715377403,0.2605213360519903,0.0,-0.543926302973411,0.039718193554713226,0.10671797874857275,0.12890724644981716,1.1714511670347862,0.04652792419218233
2023-04-18 01:45:00,2023,460,-1,INSIDE,FVG,0,1.1502293966891157,-0.3470745260669265,-0.3470745260669265,0.096797166817671,0.0,-1.497303922756042,0.20419155576035006,-0.10931519754747188,0.14787317269923578,1.555286306871411,0.31757633065284263
2023-04-18 04:45:00,2023,460,-1,ACCEPT,FVG,0,0.4722141402385876,0.0322956066337025,0.0322956066337025,0.218213558335758,0.0,-0.4399185336048851,0.1633177509973858,-0.27275856674574905,-0.1510912996866327,1.5492207435253629,0.2530152476310601
2023-04-19 02:00:00,2023,461,1,INSIDE,OB,0,0.5477015665783733,-2.212437449827667,-2.212437449827667,0.2310210399311711,0.0,-2.76013901640604,0.4776832132916237,-0.3972064746327416,0.054160234758077797,1.2460519092370892,0.5952180799325354
2023-04-19 02:00:00,2023,461,1,INSIDE,OB,1,0.059702066499069784,0.059702066499069784,-2.212437449827667,0.2310210399311711,0.17045372609153595,-2.272139516326736,0.6579497461147918,-0.47696454906752694,-0.12386488560720005,0.7554410085750917,0.49704221979668384
2023-04-19 09:15:00,2023,461,1,INSIDE,OB,0,1.186623102056509,-1.2549490678454738,-1.2549490678454738,0.1011916202191107,0.0,-2.441572169901983,0.061519824576064155,0.26554040751149444,0.3222052532999522,1.1570264671935842,0.07118006529161254
2023-04-19 09:15:00,2023,461,1,INSIDE,OB,0,1.0767826254084032,-1.2549490678454738,-1.2549490678454738,0.1011916202191107,0.0,-2.331731693253877,0.1181373389838442,0.14129053839498829,0.251807084195196,1.4203666380322726,0.16779833499856173
2023-04-19 16:15:00,2023,462,-1,INSIDE,FVG,0,1.0469150845061739,-1.2473881857945828,-1.2473881857945828,0.0411226874437791,0.0,-2.2943032703007566,0.4712946720769781,-0.6567133678023453,0.146197644969408,0.6299916696043952,0.2969117173374314
2023-04-20 02:00:00,2023,463,1,ACCEPT,FVG,1,0.19579779011850695,0.19579779011850695,0.5204099158412964,1.5268792580294257,1.3302227056735574,0.32461212572278936,0.5541038411434669,-0.35576178406116327,-0.05014050538875303,0.620247503062894,0.3436815239067938
2023-04-20 12:15:00,2023,463,1,REJECT,FVG,1,0.6731111459119414,0.6731111459119414,0.6218590282028995,1.620421121567179,0.9490183795788706,-0.05125211770904202,0.5530443327520593,-0.3063645695108476,0.23532892397199467,1.2484351526484312,0.6904399859806669
2023-04-20 15:15:00,2023,463,1,REJECT,FVG,1,0.443330818183098,0.443330818183098,0.0785865804871667,1.0728776640423645,0.6355262595919813,-0.3647442376959313,0.6607390361148812,-0.4588144289991444,0.1372681520596717,1.0094396673894432,0.6669761928470269
2023-04-20 19:45:00,2023,463,1,REJECT,FVG,0,0.4937317372042554,-0.4996700914318118,-0.4996700914318118,0.1560938825525428,0.0,-0.9934018286360674,0.511309265881235,-0.44020562272284125,0.03732520316054133,0.8806266671722472,0.45027257470728044
2023-04-20 22:15:00,2023,463,1,ACCEPT,FVG,0,0.4254657946407117,-0.2296837257921012,-0.2296837257921012,0.2127328973203558,0.0,-0.655149520432813,0.6473457102594843,-0.5169745548533772,0.09311016256707039,1.0614205597560458,0.6871060461392968
2023-04-21 16:45:00,2023,464,-1,INSIDE,OB,1,0.9034826986708553,0.9034826986708553,0.7562671751444124,1.986147720262476,0.8891817620997281,-0.14721552352644277,0.3230192701802684,-0.5150363648578332,-0.056827372219998507,1.2702795247100969,0.41032476499679366
2023-04-21 22:15:00,2023,464,-1,ACCEPT,FVG,0,0.7561796448880274,-0.2732273413020758,-0.2732273413020758,0.3526053150748544,0.0,-1.0294069861901032,0.21380206403392027,-0.25532179412344813,-0.039060698689514145,0.9448968298624859,0.20202089252370747
2023-04-21 22:15:00,2023,464,-1,ACCEPT,FVG,0,0.5564813740280911,-0.2732273413020758,-0.2732273413020758,0.3526053150748544,0.0,-0.8297087153301669,0.4333126536373987,-0.34318641104544473,0.04665102429684992,0.7919425459243792,0.3431587261028502
2023-04-24 04:15:00,2023,464,-1,REJECT,FVG,1,0.37786849841857983,0.37786849841857983,-0.0668793802510915,0.5534268715776477,0.17973833442475629,-0.44474787866967136,0.7413087415492652,-0.008192361584115404,0.27799792870590967,1.3818876573551324,1.0244054002363954
2023-04-24 04:15:00,2023,464,-1,REJECT,FVG,1,0.17054241964024167,0.17054241964024167,-0.0668793802510915,0.5534268715776477,0.3870644132030945,-0.23742179989133322,0.519240439938336,-0.22175463515142116,-0.018058139834884634,1.0717850266336222,0.5565141287485632
2023-04-24 10:15:00,2023,464,-1,REJECT,FVG,0,0.19721814704079096,-0.4270274285502159,-0.4270274285502159,0.0576612379060009,0.0,-0.6242455755910069,0.6660482297300362,-0.42090665776756014,-0.009205725772733708,1.0528270135522089,0.7012335685884096
2023-04-24 15:30:00,2023,464,-1,INSIDE,OB,0,0.24967989756722234,-0.0075154484217679,-0.0075154484217679,0.1494739186104741,0.0,-0.25719534598899035,0.44443098627839034,-0.17559173653858473,0.013412155243281862,0.6843978135442604,0.30416759528024956
2023-04-25 07:15:00,2023,467,1,INSIDE,OB,0,0.7401378827381649,-0.3091715206374686,-0.3091715206374686,0.4258560890323131,0.0,-1.0493094033756336,0.37529713592870856,-0.2955688470631346,0.09312892229338196,0.4710487914795702,0.17678326232496214
2023-04-25 18:45:00,2023,468,-1,REJECT,FVG,0,1.0380563072140006,-0.2176291093327176,-0.2176291093327176,0.018135759111063,0.0,-1.2556854165467182,0.4279897603380944,-0.48632821454560593,0.16609275158538872,0.7921729654804701,0.3390419176423039
2023-04-25 18:45:00,2023,468,-1,REJECT,FVG,0,0.41021359894064147,-0.2176291093327176,-0.2176291093327176,0.018135759111063,0.0,-0.6278427082733592,0.7257171732255193,-0.5267183774545251,0.15322924795957416,0.4967827727859244,0.36052378957333653
2023-04-25 22:45:00,2023,469,1,REJECT,FVG,1,0.4816447533062499,0.4816447533062499,-1.0074691512503229,0.9589581689029152,0.4755808805128313,-1.4891139045565727,0.6670244529338489,-0.5255597888432695,0.14627026987650146,1.7299670861711849,1.1539303492468993
2023-04-26 06:45:00,2023,469,1,REJECT,FVG,1,0.6118715761070621,0.6118715761070621,-0.755332990844013,1.2090513205844091,0.5928586175274424,-1.367204566951075,0.5501458903418072,-0.5225640532707568,0.10154104608877176,1.3567324128918943,0.7464007612459995
2023-04-26 06:45:00,2023,469,1,REJECT,FVG,1,0.46841016137009156,0.46841016137009156,-0.755332990844013,1.2090513205844091,0.7363200322644129,-1.2237431522141045,0.5441968633417505,-0.532714635568648,0.012094338739061017,1.013955111444213,0.5517911912172758
2023-04-26 19:15:00,2023,469,1,ACCEPT,FVG,0,1.662640823977266,-0.3095711994434826,-0.3095711994434826,0.0208699685018075,0.0,-1.9722120234207487,0.0194185674988645,0.1677990674466423,0.1968267529959534,1.119429919595466,0.021737725453913018
2023-04-27 14:30:00,2023,471,1,ACCEPT,FVG,0,0.39176032126657456,-1.1180770230838206,-1.1180770230838206,0.3822263311472639,0.0,-1.509837344350395,0.4554559976713966,-0.35153616358308737,-0.012997321510242493,0.788218353322276,0.3589987764953026
2023-04-28 01:45:00,2023,472,-1,REJECT,OB,0,1.1279703658875768,-0.0342607821414341,-0.0342607821414341,0.1871165793879031,0.0,-1.1622311480290108,0.15718232596065143,-0.191672242689518,0.01575225196341129,1.05400238846137,0.1656705469864402
2023-04-28 01:45:00,2023,472,-1,REJECT,OB,0,0.5147902137150611,-0.0342607821414341,-0.0342607821414341,0.1871165793879031,0.0,-0.5490509958564952,0.3048856234400906,-0.3153651180511566,-0.06226269217349806,1.2612395577365312,0.38453380886780647
2023-04-28 01:45:00,2023,472,-1,REJECT,OB,1,0.008784815933695936,0.008784815933695936,-0.0342607821414341,0.1871165793879031,0.17745328186083764,-0.04304559807513006,0.5702634296798852,-0.388388231299338,-0.16189496720781704,0.6983835909606384,0.39826262181336775
2023-04-28 15:30:00,2023,474,-1,REJECT,OB,1,0.10639974779319449,0.10639974779319449,-0.9407511034047832,0.4096390290037936,0.3014659520807143,-1.047150851197978,0.8062431583153895,-0.377338834004127,0.012672087983152863,0.5598991269086045,0.4514148404168224
2023-04-28 22:15:00,2023,475,1,REJECT,FVG,0,0.5327657889526842,-0.3715105919619739,-0.3715105919619739,0.3367649970302886,0.0,-0.9042763809146582,0.5155316666209833,-0.25364135448119496,0.15177643081591946,0.8567789369637863,0.4416966732986951
2023-05-01 02:45:00,2023,475,1,REJECT,OB,0,0.40172606617246726,-0.3046348439711261,-0.3046348439711261,0.0418650224170889,0.0,-0.7063609101435934,0.12057527162908187,-0.5482330029442765,-0.4336914301490153,1.2934870764624524,0.15596255559316718
2023-05-01 14:15:00,2023,476,-1,REJECT,FVG,0,0.8734921861073108,-1.525046051458803,-1.525046051458803,0.0,0.0,-2.3985382375661137,0.21978540524504298,-0.1935596318694292,0.04096278436204845,0.8883393845682247,0.19524403163245935
2023-05-02 08:30:00,2023,478,-1,INSIDE,FVG,1,0.3969048702776423,0.3969048702776423,-0.1729631315430215,0.4761037778789275,0.08648156577151077,-0.5698680018206639,0.5624606805891367,-0.24686672346944005,0.11522948529349711,1.160947991516896,0.6529875974371846
2023-05-02 08:30:00,2023,478,-1,INSIDE,FVG,1,0.27401001365498323,0.27401001365498323,-0.1729631315430215,0.4761037778789275,0.20937642239416981,-0.44697314519800474,0.48273189531024757,-0.25845560345152707,-0.0014174669181607757,1.1881254161777375,0.573546034017756
2023-05-02 08:30:00,2023,478,-1,INSIDE,FVG,1,0.22576240327719788,0.22576240327719788,-0.1729631315430215,0.4761037778789275,0.2576240327719552,-0.3987255348202194,0.6602735096285302,-0.3101276892611979,0.04370634291428649,0.913015251647574,0.6028397845497193
2023-05-02 10:45:00,2023,478,-1,REJECT,FVG,1,0.0655439235320917,0.0655439235320917,-0.3286299499317367,0.3313609467455506,0.26217569412834607,-0.3941738734638284,0.6348977583000123,-0.2666190694688602,-0.05572952982233318,1.4414583384146564,0.9151786677423258
2023-05-02 14:15:00,2023,478,-1,INSIDE,FVG,0,1.0202183334696142,0.3569384250551858,0.3569384250551858,0.4029356447787937,0.0,-0.6632799084144283,0.06047918437768662,0.031129776066455728,0.09094904529550142,1.7899632222649275,0.10825551574863862
2023-05-03 03:15:00,2023,479,1,INSIDE,OB,1,0.3428327636383954,0.3428327636383954,-0.0831940839762373,0.4452254823784069,0.1023927187400115,-0.42602684761463266,0.7110871967818028,-0.7218901977398049,0.03522066821583916,0.8719879687491138,0.6200594803252656
2023-05-03 10:30:00,2023,479,1,ACCEPT,FVG,0,0.43488455069065796,-0.095417707324529,-0.095417707324529,0.2458840919516854,0.0,-0.530302258015187,0.5638065763990147,-0.4764566035988105,0.03736353253266092,0.8880336703920485,0.5006792234307919
2023-05-03 11:45:00,2023,479,1,REJECT,FVG,0,0.20001019419950639,-0.2596462612773266,-0.2596462612773266,0.0844079718640161,0.0,-0.459656455476833,0.5838200447195707,-0.4148437482394525,-0.055879692068735165,0.945029982909204,0.5517274468833867
2023-05-03 18:15:00,2023,480,-1,INSIDE,OB,0,1.4366092682474434,-0.1446811141682331,-0.1446811141682331,0.0686307849259389,0.0,-1.5812903824156765,1.8890890519973927e-08,0.26845622002402114,0.2684562420914725,1.3317117722424145,2.5157221293591906e-08
2023-05-03 23:30:00,2023,481,1,REJECT,FVG,1,0.4524503858163983,0.4524503858163983,0.3075176133577591,4.464115202972978,4.011664817156579,-0.14493277245863911,0.5146624880494187,-0.8343452228047076,-0.17207979326070322,0.8905864134304621,0.4583514193591299
2023-05-04 03:45:00,2023,481,1,REJECT,FVG,0,2.254122271010557,-1.8672275616421317,-1.8672275616421317,0.2054226671170221,0.0,-4.1213498326526885,0.10040109879459437,-0.680344311313787,-0.38572064207240486,0.9892969585146922,0.09932650166902535
2023-05-04 12:45:00,2023,482,-1,REJECT,OB,0,0.5924986139068978,-1.2488324350783844,-1.2488324350783844,0.4369564891635106,0.0,-1.841331048985282,0.6585926690256174,-0.6338383692114731,0.17381817762527838,0.9690227840188598,0.6381913016736153
2023-05-04 18:45:00,2023,482,-1,INSIDE,FVG,0,1.721921026249755,0.0403996069766466,0.0403996069766466,0.3573120794824673,0.0,-1.6815214192731085,0.11995034574441456,-0.15707196071349577,0.0683138977240764,0.8677323736605358,0.10408479823420279
2023-05-05 02:15:00,2023,483,1,ACCEPT,FVG,1,0.2127158830863538,0.2127158830863538,-0.7697430684566756,0.3965889345678006,0.18207037450614003,-0.9824589515430293,0.5626541168977077,-0.3846653428337615,-0.048546336712409,0.8572040522592141,0.4823093890250446
2023-05-05 08:00:00,2023,483,1,INSIDE,FVG,0,0.3987995730024447,-0.7722209913593621,-0.7722209913593621,0.0978871679187833,0.0,-1.1710205643618068,0.46314521005509446,-0.3129921604939131,0.01667077143173734,0.675208697181599,0.31271967388719835
2023-05-05 10:45:00,2023,483,1,INSIDE,FVG,0,0.9897480311788623,-0.0190336159842124,-0.0190336159842124,0.1314225865576388,0.0,-1.0087816471630748,0.14215333383214324,0.0764202685342446,0.20625285487562942,0.9405986603874468,0.13370923537212345
2023-05-05 19:00:00,2023,484,-1,INSIDE,FVG,0,1.419142738659697,-0.760833179281439,-0.760833179281439,0.1987519298122932,0.0,-2.179975917941136,0.2854608859626116,-0.8265460257412667,-0.18548972145908504,1.4249239071204867,0.4067600409559202
2023-05-08 01:15:00,2023,484,-1,REJECT,FVG,0,0.16109731202799354,-0.7647597115935808,-0.7647597115935808,0.0733083273835213,0.0,-0.9258570236215742,0.6161507755807549,-0.2944447835659043,-0.013762168056041746,1.4942496684153157,0.9206830921053827
2023-05-08 12:30:00,2023,485,1,REJECT,OB,1,0.12878650462543748,0.12878650462543748,-0.2865953201523747,0.5559586432069549,0.42535824415017504,-0.41538182477781216,0.6804587745130445,-0.4300156158258219,-0.049773809748267256,1.1544306819116974,0.7855424870738918
2023-05-08 17:30:00,2023,485,1,REJECT,FVG,1,0.2332243468402511,0.2332243468402511,-0.3890109222686721,0.4536942372126262,0.22229195558208353,-0.6222352691089232,0.4672827472887334,-0.4458945718172321,-0.12855401777120945,0.8518333226352676,0.3980470152330979
2023-05-08 20:45:00,2023,485,1,INSIDE,OB,0,0.47920102620485555,-0.3701667582921196,-0.3701667582921196,0.0128275609309235,0.0,-0.8493677844969751,0.535979766458792,-0.4077943488378202,0.06761722512758175,1.5519707011750075,0.8318248939666681
2023-05-09 06:45:00,2023,486,-1,ACCEPT,FVG,0,0.4141012757665559,-0.1423186202745331,-0.1423186202745331,0.0045909232346583,0.0,-0.556419896041089,0.3495608417082149,-0.19049668550266388,0.020847086733675302,1.0132738325168258,0.3542008537754904
2023-05-09 11:30:00,2023,487,1,ACCEPT,FVG,1,0.6077297346920153,0.6077297346920153,0.5792710915266847,1.471587257872026,0.868447626916372,-0.028458643165330543,0.4620262287312412,-0.14930836726167324,0.2004630919898464,1.0203166768293515,0.47141306630705787
2023-05-09 22:15:00,2023,487,1,REJECT,FVG,1,0.2777218756289002,0.2777218756289002,-0.5740204653466731,0.3343808536000253,0.055730142266681416,-0.8517423409755733,0.6953353941375641,-0.5242578246708198,0.03338704632741152,1.1750644889343909,0.81706392955025
2023-05-10 05:15:00,2023,487,1,INSIDE,OB,0,0.5983956059839615,-0.3094188459513248,-0.3094188459513248,0.1105731011057361,0.0,-0.9078144519352862,0.31359121556843744,-0.24947539702846921,0.01640950145142922,1.4146616144995514,0.44362545530892256
2023-05-10 11:45:00,2023,487,1,REJECT,FVG,0,0.5415335710562783,0.1179670043295835,0.1179670043295835,0.1736994473199303,0.0,-0.4235665667266947,0.3588937684158755,-0.28068444919875885,0.014404474550012092,1.0840680374550387,0.3890652631814413
2023-05-10 17:45:00,2023,489,1,INSIDE,OB,0,1.7866281469253014,0.0984316962443202,0.0984316962443202,0.4912298803136788,0.0,-1.688196450680981,0.3108604861395648,-0.3292567238532914,0.3284882756922921,1.5498415332729785,0.4817844924725266
2023-05-11 02:15:00,2023,490,-1,REJECT,FVG,0,0.18986952870574894,-0.3825041476353235,-0.3825041476353235,0.0377895663928752,0.0,-0.5723736763410723,0.5368780930249747,-0.6068770176090599,-0.17912125119933064,0.8552510466091067,0.45916555096111095
2023-05-11 06:45:00,2023,491,1,ACCEPT,FVG,0,0.38955457550114286,-0.8767280280782167,-0.8767280280782167,0.0874886162472844,0.0,-1.2662826035793595,0.39296772981465256,-0.19368189618094628,0.03551121604107217,0.7626553328163881,0.29969893476789433
2023-05-11 14:15:00,2023,492,-1,ACCEPT,FVG,0,1.1864917758031186,-0.2676504703555976,-0.2676504703555976,0.5380602239107348,0.0,-1.4541422461587163,0.3489465513061033,-0.11367783306994805,0.3400118680593137,1.243917314608798,0.4340606570426892
2023-05-11 21:30:00,2023,494,-1,REJECT,OB,1,0.08521439579367737,0.08521439579367737,0.0090653612546377,1.1703381379748063,1.0860302783065927,-0.07614903453903962,0.728716104051696,-0.6593264196359336,-0.11676753730859468,0.7495462880673408,0.5462064508468428
2023-05-12 00:00:00,2023,494,-1,INSIDE,FVG,1,0.13079349060174592,0.13079349060174592,0.1089945755014549,1.283411126529593,1.14262646650689,-0.021798915100290986,0.6732520726808623,-0.6087135042604614,-0.11083888720748454,1.010444863313239,0.6802840985553688
2023-05-12 11:30:00,2023,494,-1,REJECT,FVG,1,0.21346925386691426,0.21346925386691426,-0.5168681082990642,0.6449496606192251,0.4342055461633755,-0.7303373621659784,0.7261872576305789,-0.5616681632822047,0.0012267519641640523,0.9941251649625142,0.7219210272856751
2023-05-12 15:45:00,2023,494,-1,INSIDE,FVG,0,1.1889059718401205,0.0218481955008909,0.0218481955008909,0.5070602039165066,0.0,-1.1670577763392294,0.3178412431868368,-0.2437008898688411,0.2116406560547281,1.066741729108706,0.339054517339187
2023-05-12 16:15:00,2023,494,-1,ACCEPT,OB,0,1.3709705874940266,0.3629306651208511,0.3629306651208511,0.8456284497315979,0.0,-1.0080399223731755,0.04606491249027752,-0.2077871022021897,-0.13506176738298076,0.8576223216002676,0.03950629719422497
2023-05-12 23:00:00,2023,495,1,INSIDE,FVG,0,0.49513561618899815,0.0946582795655395,0.0946582795655395,0.1001193341558543,0.0,-0.4004773366234587,0.5033567603191347,-0.1665777758822823,0.16650013341050282,0.5449808332910288,0.2743197866813947
2023-05-15 05:45:00,2023,496,-1,REJECT,FVG,0,0.5171969762004399,0.0145433244625654,0.0145433244625654,0.1099838912482342,0.0,-0.5026536517378745,0.2679376030350474,-0.26725040727687027,-0.05706745564084517,0.7993909041553324,0.21418688274739905
2023-05-15 14:45:00,2023,497,1,REJECT,FVG,1,0.7278719349767742,0.7278719349767742,0.2538453373231467,0.8397822449794549,0.11372998984012095,-0.4740265976536275,0.36725255943068114,-0.1799438844433947,0.1534537987303234,0.7983371679947009,0.29319136823469555
2023-05-15 20:15:00,2023,497,1,ACCEPT,FVG,0,0.42509198163408796,-0.1641986195153058,-0.1641986195153058,0.2262292091099843,0.0,-0.5892906011493938,0.6492526310930083,-0.3936743955867749,0.1379118290743609,1.0947212157832515,0.710750629660613
2023-05-16 07:45:00,2023,498,-1,REJECT,FVG,1,0.12957176989524738,0.12957176989524738,4.73350487042823,5.907921337989338,5.77834956809409,4.603933100532982,0.5577514229133245,-0.286593875903897,-0.05447689479178164,0.8400578844890911,0.46854348040334776
2023-05-16 17:45:00,2023,498,-1,REJECT,FVG,1,0.13797289928287104,0.13797289928287104,3.5113639871184006,4.695708538680752,4.556809646785245,3.3733910878355293,0.777654267267614,-0.34488100070398464,0.030612395087603383,0.6386629492739422,0.4966589678486008
2023-05-16 21:45:00,2023,498,-1,REJECT,FVG,1,0.46323020531617504,0.46323020531617504,2.379822110578522,3.559121318534842,3.0958911132186673,1.916591905262347,0.7135727780932166,-0.8399189153553261,0.08997282295196934,0.9460527516631102,0.6750774902269775
2023-05-17 14:45:00,2023,498,-1,ACCEPT,FVG,1,0.4091685780699038,0.4091685780699038,2.1640676713720395,3.3453918504948943,2.9352996413232537,1.7548990933021356,0.45498360489267187,-0.5160031747785585,-0.09506519552269307,1.3724170821644734,0.6244272714594744
2023-05-17 20:45:00,2023,498,-1,INSIDE,FVG,1,0.6608480101652859,0.6608480101652859,1.6291543853436403,2.8214929228333583,2.1662691510524525,0.9683063751783546,0.3563450797290806,-0.2934108103033038,0.04663462515875422,0.5962258281009957,0.2124621402511864
2023-05-17 20:45:00,2023,498,-1,INSIDE,FVG,1,0.23246851988793363,0.23246851988793363,1.6291543853436403,2.8214929228333583,2.594648641329805,1.3966858654557073,0.5841417282743574,-0.37212998753811083,-0.0189587704981643,0.7065261806591779,0.41271142424133306
2023-05-18 07:15:00,2023,498,-1,REJECT,FVG,1,0.21006783440483948,0.21006783440483948,1.635528139294965,2.834977961633447,2.6239723243964215,1.4254603048901253,0.5359713280329643,-0.49832302676949763,-0.11864583613947291,1.1484396105909156,0.6155307032540734
2023-05-18 14:45:00,2023,498,-1,INSIDE,FVG,1,0.3882818916137221,0.3882818916137221,1.092803010614063,2.2894597319971126,1.900242221367454,0.7045211190003405,0.4780766764794136,-0.35331877397430045,0.0012232075049423696,0.865795086352562,0.4139164373956397
2023-05-18 20:00:00,2023,498,-1,REJECT,FVG,0,0.3543473166158869,-0.8436840871806892,-0.8436840871806892,0.1593625498008011,0.0,-1.1980314037965762,0.5941320937448794,-0.9282676401705652,-0.16622493042653239,1.496625004660223,0.8891929475697182
2023-05-19 04:15:00,2023,498,-1,ACCEPT,OB,1,0.4520680707385386,0.4520680707385386,-0.442689065121565,0.5608645358955405,0.10879646515700178,-0.8947571358601035,0.2998588364167645,-0.40188327590533013,-0.14581841874417054,1.257198815481964,0.3769821739549563
2023-05-19 04:15:00,2023,498,-1,ACCEPT,OB,0,0.56461613814233,-0.442689065121565,-0.442689065121565,0.5608645358955405,0.0,-1.007305203263895,0.26542693721702004,-0.38989254770933196,-0.13654023067668256,1.257198815481964,0.33369443106624325
2023-05-19 09:00:00,2023,498,-1,REJECT,FVG,0,0.8146238575111372,-0.188422779470353,-0.188422779470353,0.1012420904616971,0.0,-1.00304663698149,0.2381645559214973,-0.3629834916543031,-0.08251916029042439,1.0769653842012632,0.25649498247111857
2023-05-19 14:30:00,2023,499,1,INSIDE,OB,1,0.5417339234574305,0.5417339234574305,1.7020567560531192,2.0300963290809766,1.4892996615464817,1.1603228325956887,0.5124059640750054,-0.4226481457408704,0.07150697816333354,1.221603311845439,0.6259568227233816
2023-05-19 20:15:00,2023,499,1,INSIDE,FVG,0,0.6364012837768029,0.3093487938710164,0.3093487938710164,0.5497463505538961,0.0,-0.32705248990578656,0.6113925278886385,-0.5991074680724731,0.15627335094919234,1.7637889932240587,1.078367411229414
2023-05-22 02:15:00,2023,499,1,REJECT,FVG,0,0.21220159151193382,-0.02792126204104,-0.02792126204104,0.12471497044999,0.0,-0.24012285355297386,0.9229596326313775,-0.6325460209881673,0.14712192511115926,1.321510651509734,1.2197009854358762
2023-05-22 10:30:00,2023,499,1,REJECT,FVG,0,0.6954124704371261,0.5403542844612903,0.5403542844612903,0.5441132707879742,0.0,-0.1550581859758357,0.2646623512731754,-0.15122016628521995,0.0728516180143243,1.304348643126099,0.3452119787697293
2023-05-22 18:45:00,2023,500,-1,REJECT,FVG,1,0.21609094610255075,0.21609094610255075,-0.1944818514922743,1.5924963201904154,1.376405374087865,-0.41057279759482507,0.6511228781660984,-0.49461648593740726,-0.03185861725351302,0.7779781473714964,0.5065593704668577
2023-05-23 06:45:00,2023,500,-1,ACCEPT,FVG,1,0.27055237777127195,0.27055237777127195,-0.9544486660264784,0.83514258277315,0.561771951066763,-1.2250010437977505,0.6056384974348102,-0.5560631724450421,-0.05543297265578473,1.497238289804755,0.9067851481392167
2023-05-23 13:45:00,2023,500,-1,REJECT,FVG,0,0.17211200342760322,-1.6167242289183752,-1.6167242289183752,0.0075240220077575,0.0,-1.7888362323459783,0.6520199198486174,-0.7369875907741472,-0.14423654622831128,1.0259591166865316,0.6689457810299106
2023-05-23 15:30:00,2023,500,-1,REJECT,OB,0,0.6498874009206341,-1.1191982736549593,-1.1191982736549593,0.3319974710926004,0.0,-1.7690856745755934,0.470652101961849,-0.35589046117339923,0.11748100372785228,0.883247231277475,0.41570216595272697
2023-05-23 19:45:00,2023,500,-1,REJECT,FVG,0,1.5040028408942552,0.0460600870023874,0.0460600870023874,0.0836601580247523,0.0,-1.4579427538918677,0.020973514379979387,-0.014238988735971403,0.01760387811006437,1.213423728860098,0.025449760026255472
2023-05-24 01:45:00,2023,501,1,REJECT,FVG,1,0.16873242370585975,0.16873242370585975,-1.5804603687116048,0.8736589938548011,0.7077387772107031,-1.7491927924174646,0.7016140924831658,-0.6994337070598364,-0.0903161150980411,1.2752103365427743,0.8947055429986109
2023-05-24 04:15:00,2023,501,1,REJECT,FVG,1,0.23524266233461852,0.23524266233461852,-1.470500945031949,0.985020072166075,0.7507146315937446,-1.705743607366567,0.6362491230888111,-0.32057217238934266,0.03306452880353011,1.3491717804183176,0.8584093621873246
2023-05-24 11:15:00,2023,501,1,REJECT,FVG,1,0.5373922334775502,0.5373922334775502,-1.488670766072005,0.9814479211405784,0.4449984810550932,-2.0260629995495556,0.5441075179382391,-0.3032753761566477,0.1541381903324882,1.1258184461041827,0.612566280358832
2023-05-24 17:15:00,2023,501,1,INSIDE,FVG,0,1.4491485211156208,-1.0382242842832343,-1.0382242842832343,0.2078346601992987,0.0,-2.4873728053988553,0.09696519942504322,-0.05690433981050724,0.08913037619385165,0.73245351758977,0.07102250140266644
2023-05-24 22:45:00,2023,502,-1,INSIDE,FVG,1,0.34327438243799646,0.34327438243799646,1.179650087715123,2.23792138826987,1.8946470058318738,0.8363757052771267,0.6947642706593931,-0.6160043729377107,0.05046823189994282,0.6277346521906332,0.43612760779685306
2023-05-25 03:00:00,2023,502,-1,ACCEPT,FVG,1,0.26696223576913436,0.26696223576913436,1.1334019475892494,2.1927004987728544,1.9266883065473814,0.866439711820115,0.5548578966600382,-0.5704537042611014,-0.10580685714633614,0.7089292005104486,0.39335496507610995
2023-05-25 11:30:00,2023,502,-1,INSIDE,OB,1,0.7619309005309645,0.7619309005309645,1.4288579481278931,2.4910010239304183,1.7271700463407744,0.6669270475969288,0.1676081326338632,-0.11210621250352165,0.034389515864881384,1.3020821129346651,0.2182395514849342
2023-05-25 18:30:00,2023,502,-1,REJECT,FVG,1,0.579581624412096,0.579581624412096,-0.2451345231120196,0.8161649432294972,0.2356331850068902,-0.8247161475241157,0.3188655041985017,-0.6200911750388146,-0.237556902968672,0.8692427064456364,0.27717151386165806
2023-05-26 01:15:00,2023,502,-1,INSIDE,FVG,1,0.2858670506461125,0.2858670506461125,-0.5745927717986836,0.4888326566048628,0.2029656059587503,-0.8604598224447961,0.5761056341390429,-0.5772568435147201,-0.08000630512863344,1.4215460432661962,0.8189606847137193
2023-05-26 06:30:00,2023,502,-1,ACCEPT,FVG,0,1.0588515354299366,-0.0038088184727877,-0.0038088184727877,0.0761763694554091,0.0,-1.0626603539027244,0.14752830187894309,-0.2364194361798377,-0.04533030926515902,1.1339726527804699,0.16729305984186307
2023-05-26 15:45:00,2023,503,1,INSIDE,FVG,0,0.9045943872827782,-0.0552278678551738,-0.0552278678551738,0.6798740973893602,0.0,-0.959822255137952,0.369623785915019,0.23088872546309036,0.47990636277726684,1.5756014434907506,0.58237977063622
2023-05-26 17:45:00,2023,503,1,INSIDE,FVG,0,1.2026683303738515,0.2620338820367632,0.2620338820367632,0.4981523251907498,0.0,-0.9406344483370882,0.09244383243370877,0.32398572617411026,0.40521451359916594,0.8141570822781782,0.07526380088884115
2023-05-26 19:45:00,2023,503,1,INSIDE,FVG,0,0.7477084033210121,0.0028794932091925,0.0028794932091925,0.0979027691126344,0.0,-0.7448289101118195,0.305890071151428,-0.107308811932458,0.1542324648771218,0.663486107277193,0.20295381256300457
2023-05-29 08:45:00,2023,504,-1,REJECT,FVG,0,0.5404877095245051,0.0498460636270332,0.0498460636270332,0.4867321507110412,0.0,-0.4906416458974718,0.40697416718750423,-0.16333458946668808,0.12310290451324737,0.7993720988894093,0.32532379421844465
2023-05-29 17:45:00,2023,505,1,INSIDE,FVG,0,0.2929626696523681,-0.3666948851689032,-0.3666948851689032,0.0983096206887135,0.0,-0.6596575548212714,0.6571169000602973,-0.37558840731069243,0.06372780391524716,1.0878116304121275,0.7148194064259551
2023-05-30 05:15:00,2023,506,-1,INSIDE,OB,1,0.48167377498716285,0.48167377498716285,-1.0557097377554,1.3784808240869877,0.8978001909039208,-1.5373835127425628,0.3236477677918508,-0.11117578260750693,0.08069865334439423,1.2216088538860264,0.3953709786749736
2023-05-30 10:15:00,2023,506,-1,INSIDE,OB,0,0.6738265097969994,-1.7594910189544737,-1.7594910189544737,0.3880208620480614,0.0,-2.433317528751473,0.5627397263466014,-0.3517012455785896,0.2254039628423138,1.793406589357784,1.0092211333233911
2023-05-30 17:15:00,2023,507,1,REJECT,FVG,1,0.60675812038073,0.60675812038073,-0.0098180925627859,1.8458014018054332,1.2311888073744746,-0.6165762129435159,0.808924968629443,-0.4390267435484777,0.4069347446986029,0.5618704361486366,0.45451102493534734
2023-05-30 23:15:00,2023,507,1,ACCEPT,FVG,1,0.4347849901135517,0.4347849901135517,-0.3056311721886497,1.5518176291127392,1.115060824985069,-0.7404161623022015,0.6403164691276118,-0.6375573894337537,0.04908109673387817,0.9474692832761646,0.6066801860742627
2023-05-31 02:45:00,2023,507,1,REJECT,FVG,1,0.17763352668340213,0.17763352668340213,-0.2970427307316957,1.561201328961934,1.3825809493525139,-0.47467625741509784,0.6071406804969691,-0.3687267956804923,-0.037009217763934024,1.3499584168835754,0.8196146718693051
2023-05-31 11:00:00,2023,507,1,REJECT,FVG,1,0.9037888089808661,0.9037888089808661,-0.0138133660761368,1.8460577091738328,0.9393088931766338,-0.917602175057003,0.217845035205835,-0.12110869588314926,0.10216013714632462,1.6341300980061688,0.35598712873106847
2023-05-31 21:15:00,2023,507,1,REJECT,FVG,0,0.7775464312484358,-1.103356375447652,-1.103356375447652,0.0469725993170677,0.0,-1.880902806696088,0.30180095926892125,-0.39209202370500257,-0.039094016002235915,0.8792948313218946,0.2653720235731521
2023-06-01 02:30:00,2023,507,1,REJECT,FVG,0,0.24243566364962205,-1.0256126017769722,-1.0256126017769722,0.118723637754344,0.0,-1.2680482654265943,0.5338348866885626,-0.5828509198521699,-0.14228415006289982,0.7642789222213222,0.4079987518424763
2023-06-01 10:15:00,2023,507,1,INSIDE,FVG,0,0.8874912648497656,-0.2595587501247788,-0.2595587501247788,0.0349406009783504,0.0,-1.1470500149745444,0.11456031493474288,0.08846596737708834,0.18000255709638485,0.7666182525723642,0.0878240284494123
2023-06-01 10:15:00,2023,507,1,INSIDE,FVG,0,0.7537186782469985,-0.2595587501247788,-0.2595587501247788,0.0349406009783504,0.0,-1.0132774283717774,0.11955828014601529,0.0886568676326524,0.16817051390049853,0.7391445972223997,0.0883708568231293
2023-06-01 10:15:00,2023,507,1,INSIDE,FVG,0,0.7217729859239314,-0.2595587501247788,-0.2595587501247788,0.0349406009783504,0.0,-0.9813317360487102,0.10968967949918458,-0.05125422320530232,0.03353888360823246,1.0631942475512863,0.1166214362592773
2023-06-01 18:15:00,2023,508,-1,ACCEPT,FVG,0,2.01615681219649,0.0440034224883984,0.0440034224883984,0.1270098785461073,0.0,-1.9721533897080918,2.939893999660975e-05,0.3275056186229187,0.32755526317803374,0.8933681069631884,2.6264075371495616e-05
2023-06-01 20:15:00,2023,509,1,REJECT,FVG,1,0.5149529290442624,0.5149529290442624,-0.6915937593559828,0.5478859652040862,0.03293303615982374,-1.2065466884002454,0.6883098186419517,-0.8106115615805939,0.10178749255961206,0.8201418227463677,0.5645116692752321
2023-06-02 07:45:00,2023,509,1,REJECT,FVG,0,0.31818560827149805,-0.9245393146001848,-0.9245393146001848,0.172100391895275,0.0,-1.2427249228716823,0.6530503473140601,-0.5847902537946257,0.004898446543869256,0.6888644416038919,0.44986316284172767
2023-06-02 10:45:00,2023,509,1,REJECT,FVG,0,0.49504291702708475,-0.598842238339211,-0.598842238339211,0.41719342604299,0.0,-1.0938851553662958,0.48896149885055656,-0.2684921931775036,0.10484707873315682,0.8159561218495178,0.3989711283358276
2023-06-02 15:30:00,2023,509,1,REJECT,OB,0,0.34365335447207856,-0.6772583652461297,-0.6772583652461297,0.0904350932821331,0.0,-1.0209117197182083,0.7057347361420632,-0.25119199470651016,0.16861103084137458,0.9822904742458433,0.6932365086567522
2023-06-05 07:45:00,2023,510,-1,REJECT,FVG,1,0.15971516903466937,0.15971516903466937,-1.281739343951248,0.7483509492505379,0.5856222864605001,-1.4414545129859175,0.7707739351532279,-0.8002762001707701,-0.06033987481515822,0.8846079659108906,0.6818327629530296
2023-06-06 02:15:00,2023,511,1,INSIDE,OB,1,0.23207091055599696,0.23207091055599696,-0.0110033621384439,0.5091555753146716,0.2720831365139376,-0.2430742726944409,0.7407526404767784,-0.7292288615737949,-0.017143517078926224,0.754020844855403,0.558542931801171
2023-06-06 04:15:00,2023,511,1,INSIDE,FVG,1,0.3207839149939441,0.3207839149939441,0.1619003458119778,0.6797803339683456,0.3589964189744014,-0.15888356918196633,0.4796571398821523,-0.3026847767783954,-0.0036335672768078586,1.3374760334502673,0.641529928865681
2023-06-06 08:30:00,2023,511,1,ACCEPT,FVG,1,0.4414506727587191,0.4414506727587191,0.1431187112596643,0.6581444961448633,0.22072533637937097,-0.2983319614990547,0.4254930090334444,-0.20324972230499047,0.07106578871571764,1.3380468058287922,0.5693295616396817
2023-06-06 16:45:00,2023,511,1,INSIDE,OB,1,0.7669833232553243,0.7669833232553243,0.2827869547280889,0.8025859974117525,0.03967155120287194,-0.4841963685272353,0.43508211360751753,-0.3506663360629142,0.13560303998598688,1.3393299729790042,0.5827185154616045
2023-06-06 21:00:00,2023,511,1,INSIDE,FVG,1,0.19308507034618438,0.19308507034618438,-0.2916600799440062,0.2286533727783926,0.038617014069250694,-0.4847451502901906,0.5399491605420186,-0.4195160113614195,-0.08874257154626626,0.9649468277086161,0.5210222295889511
2023-06-06 22:15:00,2023,511,1,REJECT,FVG,1,0.30690363812921856,0.30690363812921856,-0.1493868702152193,0.3790564802059595,0.06707165601500349,-0.45629050834443785,0.5744056955760768,-0.5015693873266864,-0.03717787678519208,0.805921731976891,0.4629260330360626
2023-06-07 09:30:00,2023,511,1,INSIDE,OB,0,0.6785905757012232,0.1498853616525977,0.1498853616525977,0.1529651978509364,0.0,-0.5287052140486254,0.21869968238582926,-0.1294832548449117,0.047242235239828415,1.1986786017887268,0.26215062949388446
2023-06-07 22:00:00,2023,512,-1,REJECT,FVG,1,0.1868660509655472,0.1868660509655472,-0.5708094125121888,0.3288025596224133,0.13887313077218774,-0.757675463477736,0.7709249612193343,-0.7145830593155282,-0.01963343893088676,0.91217369246624,0.703217468489833
2023-06-08 08:45:00,2023,512,-1,REJECT,FVG,0,0.7789323843416281,-0.120939501779366,-0.120939501779366,0.4437864768683202,0.0,-0.8998718861209941,0.08123494419945351,0.09441703612555297,0.1500236022415553,0.8202001873072079,0.06662891644828235
2023-06-08 08:45:00,2023,512,-1,REJECT,FVG,1,0.14143772241991676,0.14143772241991676,-0.120939501779366,0.4437864768683202,0.3023487544484033,-0.2623772241992828,0.3233200097627115,-0.09206863974078422,-0.016571360447331124,0.804150068596437,0.2599978080292852
2023-06-08 20:15:00,2023,513,1,INSIDE,FVG,0,0.6524945968507279,-0.2058342576816202,-0.2058342576816202,0.2397969101990801,0.0,-0.8583288545323481,0.6138612504181867,-0.6898310750457008,0.13417064037307352,1.0917424790230936,0.6701784033077672
2023-06-08 22:30:00,2023,513,1,INSIDE,OB,0,0.5835401205274009,-0.143054809088713,-0.143054809088713,0.3005180162151731,0.0,-0.7265949296161138,0.5498089395127401,-0.556698141822809,0.07021504799180944,1.2375543118067345,0.6804184237638796
2023-06-09 03:15:00,2023,513,1,ACCEPT,FVG,0,0.20820210950652032,-0.235000400829141,-0.235000400829141,0.1700660795473927,0.0,-0.4432025103356614,0.6146956306130267,-0.5636562484477561,-0.08919828836111687,1.1658856896412257,0.7166648392167168
2023-06-09 09:15:00,2023,513,1,REJECT,FVG,1,0.14968085289412134,0.14968085289412134,-0.2147146027722426,0.1981980948666764,0.043355833252073,-0.3643954556663639,0.7082921220844044,-0.38249075347872896,-0.005557797087836477,1.270316332725315,0.8997550510244917
2023-06-09 12:45:00,2023,514,-1,REJECT,OB,0,0.21733005996701227,-0.0186282908543207,-0.0186282908543207,0.1045254097936505,0.0,-0.23595835082133298,0.6946594450625968,-0.496570769817557,-0.0006528155696807203,0.7613784758910616,0.5288987495450905
2023-06-09 15:00:00,2023,514,-1,REJECT,FVG,0,0.5019289480190101,0.3736007221337341,0.3736007221337341,0.4626025562154703,0.0,-0.12832822588527604,0.36270907486621934,-0.17985983133781397,0.06743114607686863,1.5699004111756618,0.5694171257696217
2023-06-09 17:45:00,2023,515,1,REJECT,OB,0,0.7605721250028655,-0.4635868190493733,-0.4635868190493733,0.075539816496886,0.0,-1.224158944052239,0.4054763078207008,-0.3732716861483631,0.08647511604258906,0.8224145654511907,0.3334696214971149
2023-06-09 22:15:00,2023,516,-1,REJECT,FVG,1,0.12220521731123822,0.12220521731123822,-0.3376178037582125,0.7622291520430727,0.6410595721666746,-0.4598230210694507,0.7583753811398153,-0.5004993889301842,-0.028255545834326865,0.6734509025164165,0.51072858487484
2023-06-12 04:00:00,2023,516,-1,REJECT,FVG,1,0.037446690475354545,0.037446690475354545,-0.680281543635793,0.422315453694388,0.38798932075864434,-0.7177282341111474,0.6683421194632488,-0.47615725167601874,-0.13289410441389005,1.0918623342761358,0.7297375866522029
2023-06-13 00:00:00,2023,518,-1,REJECT,FVG,0,0.14088817222018749,-0.0932192417697647,-0.0932192417697647,0.0699144313273235,0.0,-0.23410741398995227,0.5854727975733668,-0.33887111485028537,-0.05798510288733166,0.8747352357345094,0.5121336856014816
2023-06-13 12:15:00,2023,519,1,INSIDE,FVG,1,0.2082611427933804,0.2082611427933804,-1.955751848567251,0.7833579025882726,0.5729824334721187,-2.1640129913606314,0.7278810153663404,-0.44270848298507903,0.031119949199192684,0.8771420309439523,0.6384550321039779
2023-06-13 18:45:00,2023,519,1,REJECT,OB,0,2.859789561995315,0.1447198238193564,0.1447198238193564,0.3701891145523795,0.0,-2.7150697381759583,8.220543318738058e-05,0.4741010325499351,0.4742971491089483,1.1050787328397107,9.084347593925003e-05
2023-06-14 01:45:00,2023,520,-1,INSIDE,OB,0,0.5258033106134391,-0.5110216914395569,-0.5110216914395569,0.3030231930643589,0.0,-1.0368250020529959,0.5202203227709856,-0.5614502428517291,0.004161151665821816,1.1036066777121758,0.5741186220916432
2023-06-14 10:30:00,2023,520,-1,ACCEPT,FVG,0,0.7243269839038332,-0.0875096647219997,-0.0875096647219997,0.0643143319041154,0.0,-0.811836648625833,0.23877709842303435,-0.1992443426593907,0.02128333888408865,1.141052031316663,0.2724570931875021
2023-06-14 14:15:00,2023,521,1,REJECT,OB,1,0.5882731921024897,0.5882731921024897,-0.6156837709459493,1.358932158817373,0.7748759788446462,-1.203956963048439,0.44863746196480464,-0.3695940680080988,0.06014106846709699,0.6846580279785199,0.3071632399861114
2023-06-14 20:15:00,2023,521,1,REJECT,FVG,0,0.49214739726350565,-1.4944346772818298,-1.4944346772818298,0.0232843929888134,0.0,-1.9865820745453358,0.2824552324733518,-0.3065931659256387,-0.08098471446415298,1.2810472132541855,0.3618384884290504
2023-06-14 20:15:00,2023,521,1,REJECT,FVG,0,0.3884260103133475,-1.4944346772818298,-1.4944346772818298,0.0232843929888134,0.0,-1.8828606875951772,0.5116796078748637,-0.3484892794368768,0.028575247059509506,0.6279002076336464,0.32128373202652966
2023-06-14 20:15:00,2023,521,1,REJECT,FVG,0,0.3810173398169145,-1.4944346772818298,-1.4944346772818298,0.0232843929888134,0.0,-1.8754520170987443,0.6092863531424896,-0.39117872593207864,0.0793097988791035,0.7276659221568663,0.44335691601702376
2023-06-15 02:30:00,2023,522,-1,ACCEPT,FVG,1,0.48999114260406385,0.48999114260406385,-1.6209034543844114,2.089636846767036,1.5943312666076177,-2.110894596988475,0.5945263355398333,-0.5889893945616882,0.05249295031826723,1.3481562816064219,0.8015144138384735
2023-06-15 07:30:00,2023,522,-1,REJECT,FVG,1,0.23932570074057752,0.23932570074057752,-2.697558011515077,1.0764241924712692,0.8381814134534988,-2.936883712255655,0.772625940270514,-0.7276758361194676,0.019454635540056858,1.0201060809197198,0.7881604199462675
2023-06-15 12:30:00,2023,522,-1,REJECT,FVG,1,0.6104434238705011,0.6104434238705011,-2.726792896967201,1.0778312332024809,0.46957186451577193,-3.337236320837702,0.6380610190887809,-0.5774753167656795,0.18048932547930308,0.6828922256626825,0.4357269094341369
2023-06-15 13:15:00,2023,522,-1,REJECT,OB,1,0.46629578174008346,0.46629578174008346,-2.674375572556136,1.128064502429754,0.666136831057255,-3.1406713542962184,0.6099558925692068,-0.5624450690530397,0.06504147481488493,1.2053181212810073,0.7351908904957963
2023-06-15 17:15:00,2023,522,-1,ACCEPT,FVG,0,3.3888541925625866,-0.4158304178313458,-0.4158304178313458,0.406007652055811,0.0,-3.8046846103939322,0.007385716755336498,-0.18887342865983975,-0.16244934582174708,1.2981481996572877,0.009587754909118739
2023-06-15 22:45:00,2023,523,1,INSIDE,FVG,1,0.26314352787029355,0.26314352787029355,-0.288256810613078,1.0984331495332402,0.8331058579461826,-0.5514003384833714,0.7695178452362674,-0.6702602457849245,0.048010614853639555,0.8957147334715959,0.6892684716474401
2023-06-16 02:45:00,2023,523,1,INSIDE,FVG,1,0.13893953759757238,0.13893953759757238,-0.3457078258332569,1.0447815622493095,0.9025599883305381,-0.48464736343082926,0.7449485476711561,-0.7005661567890421,-0.07517760899406818,0.54078375927168,0.40285607607358614
2023-06-16 23:30:00,2023,524,-1,REJECT,FVG,1,0.30071358924832114,0.30071358924832114,0.3621977803585969,1.2833427526286072,0.983747057764108,0.061484191110275824,0.6795131929851412,-0.5500903566541561,0.02804214923039358,1.4743243355684295,1.0018228367578004
2023-06-19 03:00:00,2023,524,-1,REJECT,FVG,1,0.19125496312219428,0.19125496312219428,0.4205372288535258,1.343258542162461,1.1520035790402667,0.2292822657313315,0.6728587533745644,-0.3552201171952709,0.012480424097403645,0.732770005848984,0.4930507126458196
2023-06-19 04:15:00,2023,524,-1,REJECT,OB,1,0.05262732266272166,0.05262732266272166,0.3683912586390516,1.292168730910176,1.2395414082474543,0.31576393597632996,0.6979988198698349,-0.47910816786805643,-0.10795742299466554,0.9403276526531966,0.6563475918429033
2023-06-19 16:45:00,2023,524,-1,REJECT,FVG,1,0.5633680123450618,0.5633680123450618,-0.0660809398178016,0.857932201702434,0.29456418935737216,-0.6294489521628635,0.547765998894071,-0.5313965564813439,0.06827825111568916,1.0261274119112556,0.5620777067781567
2023-06-20 03:00:00,2023,524,-1,ACCEPT,FVG,1,0.3402048261614866,0.3402048261614866,-0.1017223732708612,0.8307327150455085,0.4905278888840218,-0.44192719943234793,0.38917995222445423,-0.24745191865392205,-0.018747694782282998,1.4434612072566677,0.5617661636780029
2023-06-20 13:30:00,2023,525,1,REJECT,FVG,0,0.6891797895739361,-0.6700045744794246,-0.6700045744794246,0.4387740395159685,0.0,-1.3591843640533607,0.533744353199906,-0.3406753451828824,0.20900401760749773,0.6307989219173248,0.3366853625779605
2023-06-21 05:45:00,2023,526,-1,REJECT,FVG,1,0.21948062505081095,0.21948062505081095,0.5706496251320881,2.06086679214374,1.8301307504236417,0.35116900008127705,0.621999122097763,-0.4756993367892664,-0.043298010824781935,1.356977405697094,0.8440387550500924
2023-06-21 05:45:00,2023,526,-1,REJECT,FVG,1,0.849783958530038,0.849783958530038,0.5706496251320881,2.06086679214374,1.1998274169444147,-0.27913433339794996,0.4024039778086577,-0.37697297588933,0.11667889432537829,1.5468807410349048,0.6224709633880499
2023-06-21 07:30:00,2023,526,-1,INSIDE,OB,1,0.1328139166973923,0.1328139166973923,0.4884850834463997,1.965195750454912,1.8346329170913716,0.3556711667490074,0.4995562334925305,-0.3056071195949303,-0.0865911580208456,1.278964985627952,0.638914930989128
2023-06-21 12:30:00,2023,526,-1,INSIDE,OB,1,0.43097288556277763,0.43097288556277763,0.3113835508254665,1.8028656312286149,1.3628671354969912,-0.11958933473731109,0.6217047408341467,-0.44392171726004637,0.10000440504511116,1.198557159553294,0.7451486682549917
2023-06-22 15:00:00,2023,528,-1,INSIDE,OB,1,0.2835535120804593,0.2835535120804593,1.1180768565774868,1.9917905238824023,1.7105423249082863,0.8345233444970274,0.6757011883587157,-0.5480208206380792,0.013874944188443317,1.1834239942327367,0.7996409992352781
2023-06-22 23:30:00,2023,528,-1,INSIDE,OB,1,0.15221096179114046,0.15221096179114046,-0.4179947181495504,0.4741956886570259,0.31964301976140824,-0.5702056799406908,0.6800754366565216,-0.6490296027104627,-0.1041255759401171,1.2052445724038174,0.8196572288554288
2023-06-23 07:30:00,2023,528,-1,INSIDE,FVG,0,0.4074199339178419,-0.4823477378567667,-0.4823477378567667,0.064391081509998,0.0,-0.8897676717746087,0.6184938440268429,-0.4827927150002399,0.06779832823042287,0.9448869489609797,0.5844067612336716
2023-06-23 13:30:00,2023,529,1,REJECT,FVG,1,0.3419604169106274,0.3419604169106274,0.9169692001405236,2.3609321934652616,2.0178006792364482,0.5750087832298963,0.6839864407434612,-0.44652237409916906,0.09278916371109194,1.2301155076895351,0.8413823278079009
2023-06-23 19:45:00,2023,529,1,INSIDE,FVG,0,2.1890022276937344,0.744518700902792,0.744518700902792,0.3517411185367571,0.0,-1.4444835267909424,0.055258390139586305,-0.03382880978942904,0.089001254894197,1.3779028692426942,0.07614069432306818
2023-06-26 01:15:00,2023,530,-1,REJECT,FVG,0,0.577159470059102,-0.2915065071901048,-0.2915065071901048,0.1404850637060528,0.0,-0.8686659772492067,0.28927656781786354,-0.22407356051515037,0.007704380591674664,0.8398656857523636,0.24295346300244008
2023-06-26 09:15:00,2023,531,1,REJECT,FVG,1,0.3116984571316804,0.3116984571316804,-0.2519367228696157,0.870646442288895,0.5624633812902757,-0.5636351800012961,0.7360944573322699,-0.4957533970247789,0.09860743738245509,0.6955460417456065,0.5119875861483405
2023-06-26 15:30:00,2023,531,1,REJECT,FVG,0,0.27708135773761106,-0.8464426287005904,-0.8464426287005904,0.2466842467621766,0.0,-1.1235239864382012,0.7470961008224078,-0.4184945330943111,0.10116750277229077,0.8097866884196526,0.6049884774162125
2023-06-27 04:45:00,2023,532,-1,ACCEPT,FVG,0,0.7310347525081679,-0.1431560831556953,-0.1431560831556953,0.0340289050124143,0.0,-0.8741908356638632,0.270396125521853,-0.21857940985254237,0.03819258039047352,1.7152052350409257,0.4637848500298655
2023-06-27 09:15:00,2023,533,1,REJECT,FVG,1,0.48327330880346653,0.48327330880346653,0.0842510368858353,0.5780557253000213,0.09244210991639483,-0.3990222719176312,0.5993461290786931,-0.2779731183378563,0.17827698104428089,0.9068066744710538,0.5434910701669486
2023-06-27 13:15:00,2023,533,1,INSIDE,FVG,1,0.7206075710893645,0.7206075710893645,0.3120277881351053,0.8089173224483536,0.08595482465608481,-0.4085797829542592,0.28621110996478905,-0.05825377809444188,0.16466499316412847,0.7810242603430724,0.22353782046221912
2023-06-27 19:45:00,2023,534,-1,REJECT,FVG,1,0.3149843687532449,0.3149843687532449,0.7432215442492308,2.4974603320247057,2.186015113482195,0.4282371754959859,0.6321059864550586,-0.5468673043177599,-0.00208570233326974,0.6112614947773757,0.38638205013824667
2023-06-28 01:15:00,2023,534,-1,ACCEPT,FVG,1,0.4667908458445022,0.4667908458445022,0.8222153477565548,2.589859870599145,2.1206995280752308,0.3554245019120526,0.5656047334805421,-0.637421242884297,-0.012873658732851845,0.8069001050036265,0.45638651883599757
2023-06-28 04:45:00,2023,534,-1,INSIDE,OB,1,0.29998616664580385,0.29998616664580385,0.903515648158532,2.6702325979697914,2.3702464313239866,0.603529481512728,0.5082949404099018,-0.2230106120823916,0.04282600439582708,0.7163405804288856,0.36411229264229483
2023-06-29 01:15:00,2023,534,-1,ACCEPT,FVG,1,0.820549927641108,0.820549927641108,0.2237863439021302,1.9880278910669624,1.167477963425854,-0.5967635837389779,0.27235974490801285,-0.33141754489842096,-0.017667977935226536,1.7707226843586532,0.48227357861475456
2023-06-29 03:45:00,2023,534,-1,INSIDE,FVG,1,0.2486514932245652,0.2486514932245652,0.121957637153003,1.8897513485067816,1.6375476910932703,-0.1266938560715621,0.5158743929939535,-0.19147214485906283,0.03557636977961927,0.81165086615166,0.41870989789900426
2023-06-29 08:45:00,2023,534,-1,REJECT,FVG,1,0.14415975737046638,0.14415975737046638,-0.4537487445103005,1.3092541898891157,1.1627311578076605,-0.5979085018807669,0.7359453295524001,-0.5759493743845393,-0.04598842210140894,0.5789331544242066,0.42606315112153326
2023-06-29 14:00:00,2023,534,-1,INSIDE,FVG,1,0.8788981528398455,0.8788981528398455,0.2440067648046113,2.008910063633917,1.1300119107940718,-0.6348913880352343,0.18318250856797091,-0.15428529997317608,0.03497583672403104,1.1479093201258068,0.21027690886919928
2023-06-29 21:30:00,2023,534,-1,REJECT,FVG,0,1.7640820174404952,0.008248880509093,0.008248880509093,0.1991515437190733,0.0,-1.755833136931402,0.11595618473725504,-0.35500993044806395,-0.10928811306346858,1.4161198612528132,0.16420785624152717
2023-06-30 01:15:00,2023,535,1,REJECT,FVG,1,0.11551457683946055,0.11551457683946055,-0.7201980249888834,0.1933101081803299,0.08604657254368032,-0.8357126018283437,0.7436957102557771,-0.5453446813948946,-0.053866485963189825,0.7486156392806421,0.5567422395633997
2023-06-30 03:00:00,2023,535,1,REJECT,FVG,1,0.02711056395211994,0.02711056395211994,-0.7838489142677644,0.1379102601042599,0.11079969615214001,-0.8109594782198842,0.6800289470309332,-0.6220019811456401,-0.1805866605982412,0.8518030161500759,0.5792507081503091
2023-06-30 10:15:00,2023,535,1,REJECT,FVG,0,0.4039991838400429,-0.522474017810727,-0.522474017810727,0.1232138273295072,0.0,-0.9264732016507701,0.29468531168433654,-0.18291530895477148,-0.00996022871347732,0.6828522038672051,0.20122651453094345
2023-06-30 13:15:00,2023,536,-1,REJECT,FVG,0,0.5681967644350867,-0.6640799684335289,-0.6640799684335289,0.127844271997914,0.0,-1.2322767328686157,0.6483772469282847,-0.5299767057161542,0.18205398551018823,1.1876924400229716,0.7700727544596312
2023-06-30 18:45:00,2023,537,1,REJECT,OB,1,0.06845946530796074,0.06845946530796074,-0.7648574744752455,0.504003304939703,0.43554383963174226,-0.8333169397832063,0.7417637494492503,-0.6251675948542071,-0.11066018598885681,0.7581571823587596,0.5623735142583125
2023-06-30 22:00:00,2023,537,1,REJECT,FVG,0,0.44619718309859335,-0.8363214581607292,-0.8363214581607292,0.2016238608119372,0.0,-1.2825186412593228,0.5602302697237258,-0.61542280286216,-0.020671151783269143,0.9850636609209192,0.5518624804527673
2023-07-03 15:30:00,2023,538,-1,REJECT,OB,0,0.5351726706752553,-0.8919544511254255,-0.8919544511254255,0.0670462406215015,0.0,-1.4271271218006807,0.6196120619860076,-0.425752746607192,0.16964823260995,1.0741655416814808,0.6655659261955791
2023-07-04 03:30:00,2023,539,1,INSIDE,OB,1,0.0709466230209001,0.0709466230209001,0.5134611530496342,1.1447658494221382,1.0641993453136656,0.4425145300287341,0.5160603944988178,-0.21764045757073447,-0.06871209491335341,1.3036950415873616,0.6727853774677265
2023-07-04 03:30:00,2023,539,1,INSIDE,OB,0,1.1652080967332565,0.5134611530496342,0.5134611530496342,1.1447658494221382,0.0,-0.6517469436836223,0.14638558620806907,-0.014465247683351501,0.15822192637310706,0.8837019173431071,0.12936122320346533
2023-07-04 17:15:00,2023,539,1,REJECT,FVG,0,0.1701828790620868,-0.4084389097490636,-0.4084389097490636,0.0838758475377575,0.0,-0.5786217888111505,0.6342656562753262,-0.33179757689675604,-0.013408613560633137,0.7946602951081708,0.5040257335927283
2023-07-04 19:45:00,2023,539,1,INSIDE,FVG,0,0.6345390205029888,0.1458710391960941,0.1458710391960941,0.1981414949080336,0.0,-0.48866798130689465,0.274698170961269,-0.06574072834349243,0.12662483782585277,1.2500745405421123,0.34339318985216694
2023-07-05 06:30:00,2023,541,1,REJECT,FVG,0,0.33280572005564907,0.1424555849684619,0.1424555849684619,0.2001746581884527,0.0,-0.19035013508718718,0.39772646825425206,-0.17334322399700353,0.027965607931677003,0.960318684959591,0.38194415896754585
2023-07-05 18:45:00,2023,543,1,REJECT,FVG,0,1.379931519093506,-0.28836237125454,-0.28836237125454,0.1163350338966804,0.0,-1.668293890348046,0.20371821980961866,-0.1690123547762545,0.1465357337935076,1.6781628317054136,0.34187234462569555
2023-07-06 04:15:00,2023,544,-1,REJECT,FVG,1,0.4364664232615823,0.4364664232615823,0.7557104357043611,1.9441461538994664,1.505185636790677,0.3192440124427789,0.5289520490969647,-0.3634407935561677,0.059671767867031156,1.350315210120762,0.7142519973201755
2023-07-06 10:30:00,2023,544,-1,ACCEPT,FVG,1,0.508185349611535,0.508185349611535,1.1062708102108936,2.273723640399562,1.7855160932297682,0.5980854605993582,0.3060769597608761,-0.14524178006748834,0.054757209209942884,1.4586820834510335,0.4464689773603529
2023-07-06 13:30:00,2023,544,-1,ACCEPT,OB,1,0.7352613705950989,0.7352613705950989,1.252574736959306,2.4425207370706468,1.708511941212506,0.517313366364207,0.38479223503193,-0.2569737181292394,0.12483063933810404,1.6721899751679352,0.6434457179428573
2023-07-06 18:00:00,2023,544,-1,INSIDE,FVG,0,0.6612398246712556,-0.5297432686286814,-0.5297432686286814,0.0889167188478158,0.0,-1.190983093299937,0.61357192342193,-0.608773291853957,0.17047109882349742,1.0592757934377732,0.6499418860139056
2023-07-06 23:45:00,2023,544,-1,REJECT,FVG,0,0.9723168476522835,-0.197716939419632,-0.197716939419632,0.1226345573615518,0.0,-1.1700337870719155,0.36106759228968993,-0.47848912958308887,0.04534989149677776,1.126096124140588,0.4065968162301939
2023-07-06 23:45:00,2023,544,-1,REJECT,FVG,0,0.20272243155683353,-0.197716939419632,-0.197716939419632,0.1226345573615518,0.0,-0.40043937097646554,0.5789869849267673,-0.5276790100540738,-0.10478608158961032,0.6592787274258439,0.3817138026186454
2023-07-07 04:15:00,2023,544,-1,INSIDE,FVG,0,0.22124450031426668,-0.1030798240100486,-0.1030798240100486,0.187303582652421,0.0,-0.3243243243243153,0.5229836703951449,-0.18201994007502575,0.028880777099610525,0.7403360703587077,0.38718367540211523
2023-07-07 07:30:00,2023,544,-1,ACCEPT,FVG,0,0.24261470773099492,-0.0716530483972264,-0.0716530483972264,0.0301697045883103,0.0,-0.3142677561282214,0.4042464040539665,-0.19045648727755643,-0.01538901399599546,1.1212890926235357,0.4532770835979993
2023-07-07 07:30:00,2023,544,-1,ACCEPT,FVG,0,0.21370207416719622,-0.0716530483972264,-0.0716530483972264,0.0301697045883103,0.0,-0.2853551225644227,0.44425431845038466,-0.19365424181147656,-0.01268443928991174,1.535317422035233,0.682071394931264
2023-07-07 12:30:00,2023,545,1,REJECT,OB,1,0.20661098826811528,0.20661098826811528,0.8074306719434544,2.5313014943030625,2.3272256101854736,0.6008196836753391,0.6453486214601096,-0.5547818814962177,-0.0634180426042486,0.7526456159459634,0.4857188106987226
2023-07-07 17:15:00,2023,545,1,REJECT,FVG,1,0.20212228398182633,0.20212228398182633,-0.7781707933299467,0.94744820616473,0.7402728650833632,-0.980293077311773,0.9443654409818047,-0.8456075790672737,0.14383229508089557,0.7102587275813292,0.6707437964835176
2023-07-10 01:45:00,2023,545,1,REJECT,FVG,0,1.0155414333354231,-0.6984206883533578,-0.6984206883533578,0.0188762348203726,0.0,-1.7139621216887808,0.5861410621597536,-0.1440767006114588,0.5356231041198779,1.5210213305630076,0.891533058263843
2023-07-10 04:45:00,2023,545,1,REJECT,FVG,0,0.362522552762961,-0.5047623043678924,-0.5047623043678924,0.0893718793269882,0.0,-0.8672848571308535,0.5323887048298206,-0.2658712655529841,0.06867850550330751,0.6558925406994038,0.349189780250496
2023-07-10 12:00:00,2023,546,-1,ACCEPT,FVG,1,0.7359695306374111,0.7359695306374111,0.0302453231768802,1.57779769239386,0.8418281617564491,-0.7057242074605308,0.33026470512914896,-0.1946200324396421,0.11272085520626443,0.6716925280505015,0.2218363347140515
2023-07-11 12:45:00,2023,547,1,REJECT,FVG,1,0.204725288527275,0.204725288527275,-0.5677044810695376,0.2210530722748639,0.02135171720837665,-0.7724297695968126,0.7861672149856018,-0.8033412053935265,-0.010832377347509886,0.9777509248544404,0.7686757215424118
2023-07-11 15:30:00,2023,547,1,ACCEPT,FVG,0,0.7875015699792046,-0.0062799168259847,-0.0062799168259847,0.3994027101330029,0.0,-0.7937814868051893,0.4295730776680808,-0.1635645546157126,0.2449878475923804,1.3213575173849323,0.5676196154429
2023-07-11 20:15:00,2023,547,1,INSIDE,FVG,0,0.47691046800813947,0.0661315848971263,0.0661315848971263,0.1106432285778745,0.0,-0.4107788831110131,0.45156599302812567,-0.11179400523598676,0.15404491482459673,1.5021337267119117,0.6783125079637036
2023-07-12 09:45:00,2023,549,1,INSIDE,FVG,1,0.7763338376910672,0.7763338376910672,2.69935093400453,3.671677248752058,2.897888767905877,1.923017096313463,0.5265447598515488,-0.32329882659556786,0.2557069905461572,1.3997749070052246,0.73704414225529
2023-07-12 09:45:00,2023,549,1,INSIDE,FVG,1,0.682155634430181,0.682155634430181,2.69935093400453,3.671677248752058,2.992066971166763,2.0171952995743485,0.3705921954375218,-0.37394289658614493,0.017438976621536983,1.4696974798968792,0.5446584157039775
2023-07-12 15:30:00,2023,549,1,REJECT,OB,1,0.196484264247231,0.196484264247231,2.69719308193931,3.674510915792454,3.4780266515452225,2.5007088176920784,0.580291983277448,-0.3070844742797489,-0.014867572283405087,0.5010568450068495,0.2907592703237656
2023-07-13 04:30:00,2023,549,1,REJECT,OB,1,0.19535434402660648,0.19535434402660648,-0.2562440096972696,0.7116479675254991,0.5200992276033034,-0.45159835372387613,0.6273698695541293,-0.4801709836786557,-0.056366746955694894,1.0421147111990334,0.6537913704253767
2023-07-13 14:45:00,2023,549,1,REJECT,FVG,1,0.42232917081857285,0.42232917081857285,-0.4961095681302722,0.4808446583416337,0.05597133589162606,-0.9184387389488451,0.5840103482611572,-0.33374981877909127,0.10780813524878438,0.5106994670787951,0.2982537736254745
2023-07-13 20:15:00,2023,549,1,REJECT,FVG,1,0.5054017844417276,0.5054017844417276,-0.2385906901171738,0.7465579658504523,0.23859069011714454,-0.7439924745589014,0.5108750065770928,-0.32904235841862167,0.0972542985533758,0.8689912515478035,0.4439459113499203
2023-07-13 20:15:00,2023,549,1,REJECT,FVG,1,0.7144893247056731,0.7144893247056731,-0.2385906901171738,0.7465579658504523,0.02950314985319922,-0.9530800148228469,0.16809917927879858,-0.15590698122497307,-0.009594076550733369,1.1615642806834927,0.19525800226246315
2023-07-14 07:00:00,2023,549,1,REJECT,FVG,0,0.16016400794413482,-0.8213210327375338,-0.8213210327375338,-0.0051252482542076,0.0,-0.9814850406816686,0.5863647604664824,-0.5557349530399023,-0.13595703026429368,0.7098952094703743,0.41625753445739944
2023-07-14 14:30:00,2023,550,-1,INSIDE,OB,1,0.6823195151376635,0.6823195151376635,0.700309106873857,1.7809695818847542,1.0986500667470909,0.017989591736193408,0.5148152021380934,-0.3440995623822399,0.18431658248956456,0.8509826679938569,0.4380988142392715
2023-07-14 15:30:00,2023,550,-1,REJECT,FVG,1,0.7774073571719163,0.7774073571719163,0.9071894118402856,1.9865649160128835,1.2104425296792667,0.1297820546683693,0.35405520401716123,-0.1403702408167013,0.18457369388153888,0.8197219014000904,0.29022680503754433
2023-07-14 23:30:00,2023,550,-1,REJECT,FVG,1,0.5767937098092628,0.5767937098092628,0.1497320014177345,1.242124603065523,0.6679349280635232,-0.4270617083915283,0.4654122834557906,-0.5562053704584649,-0.028893681357751166,1.6068234008093283,0.7478353480808685
2023-07-17 04:00:00,2023,550,-1,INSIDE,OB,1,0.4230240798322367,0.4230240798322367,0.0559693397931669,1.1519271096970016,0.7276014173114363,-0.36705474003906974,0.5279548434132403,-0.460426841894753,0.00599535114890265,1.0318979566437112,0.5447955241182731
2023-07-17 11:45:00,2023,550,-1,REJECT,FVG,1,0.6414120606284098,0.6414120606284098,0.1808443740919668,1.2659106186438862,0.6336058286531939,-0.46056768653644303,0.15969733784191925,-0.4589763848217363,-0.28324727949134,0.9083780609256675,0.14506555808383384
2023-07-17 20:45:00,2023,550,-1,INSIDE,FVG,0,1.1347394108419118,0.0352971936552181,0.0352971936552181,0.0143803381558472,0.0,-1.0994422171866938,0.25326448522263145,-0.2070066371001401,0.13280998503140384,0.6360697597306965,0.16109388026387772
2023-07-18 13:15:00,2023,551,1,REJECT,FVG,1,0.12830677247369005,0.12830677247369005,1.8787777397933012,2.7860899165715,2.6512368801960973,1.7504709673196115,0.4635673270454558,-0.7477262106369125,-0.3416259422526735,1.0350057325662119,0.4797948409224427
2023-07-18 15:45:00,2023,551,1,INSIDE,OB,1,1.4231577722336741,1.4231577722336741,2.1157524930355134,3.0125906475709714,1.593360633678326,0.6925947208018401,0.5607704113018742,-0.47435010855577286,0.589716166203073,1.3150630702935917,0.7374484588164429
2023-07-18 19:45:00,2023,551,1,ACCEPT,FVG,0,0.8414140974909534,-0.0560942731660734,-0.0560942731660734,0.3965734661042697,0.0,-0.8975083706570269,0.6096831146081803,-0.7118609317480051,0.23514462592151536,1.6034497658895461,0.9775962473852959
2023-07-19 08:45:00,2023,551,1,REJECT,FVG,1,0.2124902824566078,0.2124902824566078,0.0803316921482402,0.5312257061415049,0.32003109613889946,-0.1321585903083676,0.6667215044481616,-0.31949775162325067,0.035190110806892425,0.6967155265456908,0.46451522403093604
2023-07-19 08:45:00,2023,551,1,REJECT,FVG,1,0.295413319512853,0.295413319512853,0.0803316921482402,0.5312257061415049,0.2371080590826544,-0.21508162736461278,0.5461324063343487,-0.23557344926020546,0.054415632501525354,0.8878257561872128,0.4848704166321353
2023-07-19 13:15:00,2023,551,1,REJECT,FVG,0,0.5501849088431854,0.0973204437812236,0.0973204437812236,0.4100434697982033,0.0,-0.45286446506196176,0.5130347097302674,-0.4331347894575601,0.07134234653221702,0.3765542243485042,0.19318538718634087
2023-07-20 08:45:00,2023,553,1,REJECT,FVG,0,0.7356032254048436,-1.0374905705978277,-1.0374905705978277,0.2583839286367944,0.0,-1.7730937960026714,0.5159013209189359,-0.5047686365114155,0.1351408454818626,0.8315448108594308,0.4289950663256671
2023-07-20 13:45:00,2023,553,1,ACCEPT,FVG,0,0.2530014641288228,-1.0475841874084977,-1.0475841874084977,0.0513909224011545,0.0,-1.30058565153732,0.6184309614027704,-0.5010719579089747,-0.03472960654986257,0.6551630532829358,0.4051731169173405
2023-07-20 15:30:00,2023,553,1,REJECT,OB,0,0.6535871156661831,-0.5613469985358697,-0.5613469985358697,0.0092240117130223,0.0,-1.2149341142020527,0.4961486323737833,-0.23934867144180158,0.20368019812943278,0.8665777081722051,0.4299513447552471
2023-07-20 23:45:00,2023,554,-1,REJECT,FVG,1,0.5559060432224695,0.5559060432224695,0.2799336844730557,1.684883874469987,1.1289778312475174,-0.27597235874941384,0.5512623674064646,-0.6611732015023445,0.009756784265928409,1.0994049078239145,0.6060605522252971
2023-07-21 04:45:00,2023,554,-1,ACCEPT,FVG,1,0.5996961891552688,0.5996961891552688,0.7436761112211717,2.1517733306914946,1.5494353081038261,0.14397992206590288,0.27101402500897026,-0.07386261488255208,0.108681267679966,0.6985316849946227,0.18931188354669082
2023-07-21 15:15:00,2023,554,-1,REJECT,FVG,1,0.6886883378603356,0.6886883378603356,-0.1472005607640565,1.2512047664943458,0.5625164286340101,-0.8358888986243921,0.48969760245797617,-0.3406086159001529,0.1634356345736567,0.8714651963588761,0.42675441728251107
2023-07-21 21:15:00,2023,554,-1,INSIDE,FVG,0,0.9249403560286288,-0.4809689851349001,-0.4809689851349001,0.7861993026243405,0.0,-1.405909341163529,0.2730198994262729,-0.21812257745728353,0.09395634968094077,0.6958622100327236,0.18998423059767822
2023-07-24 12:15:00,2023,554,-1,ACCEPT,FVG,0,0.6789705882353083,-0.5902941176470634,-0.5902941176470634,0.0291176470588271,0.0,-1.2692647058823716,0.4294531368750978,-0.40554672076934095,0.06020263957804542,0.962133865562751,0.41319140665968707
2023-07-24 15:30:00,2023,554,-1,REJECT,FVG,0,0.8364705882352854,-0.2263235294117694,-0.2263235294117694,0.1958823529411788,0.0,-1.0627941176470548,0.3404519036479429,-0.16941561775130826,0.17304025593003441,0.48182900638222487,0.1640396024556253
2023-07-24 15:30:00,2023,554,-1,REJECT,FVG,0,0.246176470588252,-0.2263235294117694,-0.2263235294117694,0.1958823529411788,0.0,-0.4725000000000214,0.4462318625344326,-0.13721207519989603,0.03386810966151685,0.862105077347245,0.3846987543650522
2023-07-24 16:30:00,2023,555,1,REJECT,FVG,0,0.6724354316665756,-1.1044322610476118,-1.1044322610476118,0.4504921064799631,0.0,-1.7768676927141873,0.5203511897999684,-0.315345671058657,0.1986474010063426,1.4948460830731267,0.7778449378949239
2023-07-25 20:45:00,2023,558,-1,ACCEPT,FVG,0,1.6351014356002027,-0.1995012468827647,-0.1995012468827647,0.2062411538721034,0.0,-1.8346026824829673,0.13458019163030382,-0.15202926235044822,0.08848312944814901,0.5082678718219932,0.06840278758933055
2023-07-26 04:30:00,2023,559,1,INSIDE,OB,1,0.38668389267796055,0.38668389267796055,-0.4326533064927793,2.5404861340624585,2.1538022413844975,-0.8193371991707397,0.5740452441024609,-0.34858548565344577,0.07349240411187108,1.3398307942750032,0.7691234953555883
2023-07-26 13:30:00,2023,559,1,INSIDE,OB,1,0.35507219201201523,0.35507219201201523,-1.3095818488655289,1.6619538721170295,1.3041815113444692,-1.6646540408775439,0.6505631756672391,-0.4539587387731215,0.07236699277147937,1.2604571760949947,0.8200070232729202
2023-07-26 16:45:00,2023,559,1,INSIDE,FVG,1,1.145266594124057,1.145266594124057,-0.760337323177355,2.230685527747563,1.0854189336235056,-1.905603917301412,0.2663988539656619,-0.14098742885998633,0.2016691687716849,1.7916286484750106,0.4772878186857905
2023-07-27 02:15:00,2023,559,1,ACCEPT,FVG,1,0.7892714533262923,0.7892714533262923,-1.6761847359300688,1.3005349205153507,0.5166880132600246,-2.4654561892563613,0.1488314018688708,-0.22478818534716757,-0.07386426774475593,1.0411553454219273,0.15495660962241387
2023-07-27 14:45:00,2023,559,1,REJECT,FVG,0,0.6168253992269146,-2.377432995695659,-2.377432995695659,0.2028851754631496,0.0,-2.9942583949225736,0.4637719797751315,-0.41302123478211095,0.0645927775370101,0.6866005361075515,0.31842608994526583
2023-07-27 22:00:00,2023,560,-1,REJECT,FVG,0,0.38669853853371183,-0.8727949408453908,-0.8727949408453908,0.2641532270265126,0.0,-1.2594934793791026,0.7678327719497491,-1.2099040100934997,0.016019750520966214,0.974515401441681,0.7482648619966884
2023-07-28 04:45:00,2023,560,-1,INSIDE,FVG,0,0.9891229685766214,-0.1480967082072033,-0.1480967082072033,0.3097802703783899,0.0,-1.1372196767838247,0.26628726300182337,-0.2215144334418766,0.10086288682926736,1.057533035488901,0.28160757755434956
2023-07-28 04:45:00,2023,560,-1,INSIDE,FVG,0,0.7282553724685213,-0.1480967082072033,-0.1480967082072033,0.3097802703783899,0.0,-0.8763520806757247,0.27788565412274135,-0.18601155105712808,0.06805011102958336,1.1872105551497427,0.3299087816992092
2023-07-28 13:15:00,2023,561,1,REJECT,FVG,1,0.5912914772469701,0.5912914772469701,0.2732174412106734,1.5006569905302676,0.9107248040355882,-0.31807403603629664,0.5851957926139726,-0.47004618425234945,0.151044149799805,1.2318772274276282,0.7208893705076138
2023-07-28 21:45:00,2023,561,1,ACCEPT,FVG,0,0.565744061717542,-0.6577789808486018,-0.6577789808486018,0.1745956554104299,0.0,-1.2235230425661439,0.6094911145041132,-0.5741630841648342,0.12060019261021798,1.349947730641383,0.8227811468709149
2023-07-31 15:45:00,2023,562,-1,REJECT,FVG,0,1.878432314017323,-0.0864267923056281,-0.0864267923056281,0.2052636317258322,0.0,-1.964859106322951,0.002595877807450067,0.1619935438988137,0.16644920921001122,1.1295991359382462,0.0029323013282968645
2023-07-31 20:00:00,2023,563,1,REJECT,FVG,0,0.18752511497073646,-1.0206724114836951,-1.0206724114836951,0.1473411617627237,0.0,-1.2081975264544316,0.8240107896411619,-0.875447616071702,0.00045338340160017143,1.2393922641531947,1.0212725982600215
2023-07-31 21:15:00,2023,563,1,REJECT,FVG,0,0.3482609278028181,-0.8505603429030844,-0.8505603429030844,0.0227709068178566,0.0,-1.1988212707059025,0.7155559667186684,-0.7821143291344554,0.026732430598158496,1.2175974116908352,0.8712590929965841
2023-08-01 14:00:00,2023,564,-1,INSIDE,FVG,1,0.25581308828454496,0.25581308828454496,0.9428922206927276,2.003645968972062,1.7545295583912943,0.6870791324081829,0.7363334960053465,-0.5480320375796216,0.043866054194797915,1.0297034756327175,0.758205160061495
2023-08-02 07:15:00,2023,565,1,ACCEPT,FVG,0,0.2815836298932246,-0.1854982206405824,-0.1854982206405824,0.0306939501779383,0.0,-0.4670818505338071,0.5700200426481679,-0.3184632550914609,0.02357549587840979,0.7725256396170644,0.4403550980413222
2023-08-02 09:45:00,2023,566,-1,REJECT,FVG,0,0.5682988831163034,-0.0400210481067759,-0.0400210481067759,0.2294540091455539,0.0,-0.6083199312230794,0.5519743905453688,-0.4383170678064149,0.1173091582173994,0.8038423379697389,0.443700384595411
2023-08-03 04:15:00,2023,568,-1,INSIDE,OB,1,0.2844276949783586,0.2844276949783586,-0.0721084297128528,0.893343323664479,0.6062449461041358,-0.35653612469121143,0.5722375326396736,-0.3657373854666998,0.006311475975655317,0.867309202396913,0.4963068780152928
2023-08-03 14:15:00,2023,568,-1,ACCEPT,FVG,1,0.5882876072746775,0.5882876072746775,-0.1854239850593753,0.7790475343501144,0.18809195606739096,-0.773711592334053,0.4320681919755503,-0.3693111013953494,0.04443684129783085,1.0161056914280557,0.43902694895138644
2023-08-03 19:30:00,2023,568,-1,INSIDE,FVG,0,0.7582341923495547,-0.2025511374993494,-0.2025511374993494,0.3544644906238464,0.0,-0.9607853298489041,0.2639836362079614,-0.1397185879533514,0.09732625213405845,1.1609444837808491,0.30647034626404324
2023-08-04 07:00:00,2023,569,1,REJECT,OB,0,0.3603187950677619,-0.3763924959629631,-0.3763924959629631,0.2987029416360964,0.0,-0.736711291030725,0.5972594137551483,-0.33676304997850004,0.07957564413318752,1.16064400964392,0.6932055607783524
2023-08-04 18:15:00,2023,571,1,REJECT,FVG,0,0.946846820035108,-0.1191928811642642,-0.1191928811642642,0.9414898366120004,0.0,-1.0660397011993723,0.6532846694208759,-0.48538866370598205,0.45026882082266423,0.7476514609808019,0.4884292375288781
2023-08-07 04:45:00,2023,571,1,REJECT,FVG,0,0.6723571503577817,-0.3982838541276063,-0.3982838541276063,0.1485126235729911,0.0,-1.070641004485388,0.1923973682537489,-0.39609977778669114,-0.19053147671920967,1.8876285560839505,0.36317476643117613
2023-08-07 04:45:00,2023,571,1,REJECT,FVG,0,0.48469119875188205,-0.3982838541276063,-0.3982838541276063,0.1485126235729911,0.0,-0.8829750528794883,0.22020840352428556,-0.4700205362059441,-0.25978498922498033,1.807662327849141,0.39806243532665303
2023-08-07 16:15:00,2023,572,-1,ACCEPT,FVG,1,0.9813210611802903,0.9813210611802903,1.386031402273956,2.402544667027607,1.4306984298862904,0.40471034109366577,0.24157642849932814,-0.04542967899360795,0.20260909777664404,1.2360556630030446,0.29860191249464463
2023-08-07 18:45:00,2023,572,-1,REJECT,OB,1,0.28018408229560526,0.28018408229560526,0.4304277206280532,1.453708716838114,1.1762317271250724,0.1502436383324479,0.542647327595608,-0.5702416818880258,-0.10876041363532571,1.4102765806573245,0.765282817664369
2023-08-08 04:30:00,2023,572,-1,REJECT,OB,1,0.18004061066408014,0.18004061066408014,0.3912160637737963,1.414604798074757,1.237271565014645,0.2111754531097162,0.719893030218903,-0.37822341871985576,0.023666965055560582,0.7454178175932599,0.5366210914863734
2023-08-08 07:30:00,2023,572,-1,REJECT,FVG,1,0.26938407159509736,0.26938407159509736,0.3749717981499554,1.390238399639011,1.1316838384597872,0.1055877265548581,0.5919852483852338,-0.44009536732092003,-0.020094005450005142,0.9877333002503804,0.5847235430870882
2023-08-08 19:45:00,2023,572,-1,REJECT,FVG,0,0.6091118061574408,-0.4191883031239283,-0.4191883031239283,0.4965143007875898,0.0,-1.028300109281369,0.4323639289111233,-0.5678541588016092,-0.058976529997242844,1.1634094156645693,0.5030162658889273
2023-08-09 04:30:00,2023,572,-1,ACCEPT,FVG,0,0.5442083618917094,-0.3810829335161025,-0.3810829335161025,0.0575736806031627,0.0,-0.9252912954078119,0.46244973240352794,-0.10304257186123716,0.19627844925074658,1.2697694643271424,0.587204548992258
2023-08-09 13:00:00,2023,573,1,INSIDE,OB,0,0.8432165626927886,-0.1768698155892491,-0.1768698155892491,0.0521011859875068,0.0,-1.0200863782820377,0.23414688673858042,-0.12487043168474948,0.10180412414086065,0.74796693896367,0.17513413014172913
2023-08-10 04:00:00,2023,574,-1,ACCEPT,FVG,0,0.41187418006528903,-0.326753516185113,-0.326753516185113,0.2279037129694711,0.0,-0.738627696250402,0.4257281423349019,-0.2823070720028138,0.01322542288385592,1.0448325949019364,0.4448146396785565
2023-08-10 06:15:00,2023,574,-1,ACCEPT,FVG,0,0.40363669646399053,-0.1551392744912426,-0.1551392744912426,0.372059675992316,0.0,-0.5587759709552331,0.2946567961156251,-0.2796431599752562,-0.07831010662652346,0.6877169103025206,0.20264046142427744
2023-08-10 17:30:00,2023,575,1,REJECT,FVG,0,1.794098178963413,-0.6954728075981675,-0.6954728075981675,0.641442051629403,0.0,-2.4895709865615805,0.22165252204523214,-0.4185001966962172,0.07192781354192379,1.565106293507566,0.3469097572248173
2023-08-11 03:45:00,2023,576,-1,INSIDE,FVG,0,0.466030190249413,-0.6768533715527543,-0.6768533715527543,0.208049192075637,0.0,-1.1428835618021673,0.6195552306850719,-0.5119129226853449,0.09397684824582633,1.4401342149943763,0.8922426857883058
2023-08-11 11:15:00,2023,576,-1,INSIDE,FVG,0,0.8304179001191786,-0.0525931336742297,-0.0525931336742297,0.3446234285494604,0.0,-0.8830110337934084,0.1886505212678051,-0.02655978940662862,0.13510949843729414,1.0572059224680495,0.19944244836100827
2023-08-11 17:45:00,2023,577,1,REJECT,FVG,0,0.232435859765254,-0.6778219383573444,-0.6778219383573444,0.0821180582404041,0.0,-0.9102577981225984,0.722427903924895,-0.32863694251260006,0.0766977059862571,0.6076952499236071,0.4390160056274267
2023-08-14 01:15:00,2023,578,-1,INSIDE,OB,1,0.32271333773137434,0.32271333773137434,0.0307346035934687,0.6328534285381608,0.30315495362645983,-0.2919787341379056,0.5220300422142795,-0.20236110543952102,0.0717435282946208,1.0318517238669185,0.5386575989691246
2023-08-14 10:30:00,2023,578,-1,REJECT,OB,0,0.2850710348575365,-0.3102243614626225,-0.3102243614626225,0.0027948140672282,0.0,-0.595295396320159,0.5664574909803013,-0.43633101567819743,-0.027687420143681085,0.756833569824271,0.4287140450523212
2023-08-14 12:45:00,2023,579,1,REJECT,OB,0,0.3773879020755625,-0.4447284942674855,-0.4447284942674855,0.1992159185677751,0.0,-0.8221163963430481,0.6790660901076195,-0.5050202974924733,0.09419318846709679,0.7329005554271577,0.4976879146116227
2023-08-14 15:30:00,2023,579,1,REJECT,FVG,0,1.0367645339547908,0.3914171921155331,0.3914171921155331,0.6537649158632403,0.0,-0.6453473418392577,6.929562461771978e-16,0.7877570191041893,0.7877570191041894,0.8544392636409834,5.920890247190649e-16
2023-08-15 02:30:00,2023,580,-1,REJECT,OB,1,0.6456632871404077,0.6456632871404077,0.5112084594495874,1.5294236649833952,0.889362662330101,-0.1344548276908203,0.3140023091451315,-0.4259095099989285,-0.08943317728006941,1.4731583901051502,0.4625751362295416
2023-08-15 04:00:00,2023,580,-1,ACCEPT,FVG,1,0.3120966613276957,0.3120966613276957,0.4870387360629497,1.512899062310469,1.1980033277870117,0.174942074735254,0.6367501544152431,-0.48458017654157,0.02270392299073251,0.943541508508411,0.6008002012399221
2023-08-15 09:15:00,2023,580,-1,REJECT,FVG,1,0.20850015159407084,0.20850015159407084,0.2085001515940708,1.2314102912938274,1.0229101396997564,-0.0,0.6738037990457774,-0.4515720749459725,-0.006812901058686288,1.1739409027729704,0.7910058401436569
2023-08-15 17:45:00,2023,580,-1,REJECT,FVG,0,1.5110222304902055,0.4911171053855738,0.4911171053855738,0.5050692958794369,0.0,-1.0199051251046318,0.21728860042336381,-0.2993730178919012,0.0940052318421549,1.1171136955258418,0.24273607141458195
2023-08-16 14:45:00,2023,583,1,INSIDE,OB,0,0.42639546906590264,-0.4638960477785028,-0.4638960477785028,0.0125001929042316,0.0,-0.8902915168444056,0.5598509832341113,-0.37523665808056683,0.07355787649443624,1.123971702637441,0.6292566628488895
2023-08-17 03:00:00,2023,584,-1,REJECT,FVG,1,0.27748942565421564,0.27748942565421564,-0.085059572687993,0.5187239514742137,0.2482066219419568,-0.36254899834220866,0.651154056171647,-0.6715316258896362,-0.053572718784575396,1.143988008662989,0.7449124320526306
2023-08-17 09:00:00,2023,584,-1,INSIDE,OB,0,0.5361328804957667,-0.0738053056266835,-0.0738053056266835,0.1058340231627956,0.0,-0.6099381861224502,0.5194521215280704,-0.2875787546250509,0.14030000176581364,0.855697833177611,0.4444940548310829
2023-08-18 15:30:00,2023,587,1,ACCEPT,FVG,0,0.7809323519102592,0.0420609884332217,0.0420609884332217,0.2089029092183675,0.0,-0.7388713634770375,0.34373126195529985,-0.13149226783731038,0.18213659814760633,1.6009668603595677,0.5503023592600085
2023-08-18 19:15:00,2023,588,-1,REJECT,FVG,1,0.31881127595043657,0.31881127595043657,-0.2200644205675511,0.8633296499188695,0.5529823901441325,-0.5388756965179877,0.6332528926491529,-0.49926270604278766,0.018785009455432544,0.9307369518614212,0.5893918670617003
2023-08-21 02:45:00,2023,588,-1,REJECT,FVG,1,0.374320979844878,0.374320979844878,-0.4369450221002676,0.6646688121199752,0.29034783227509714,-0.8112660019451456,0.795133397214782,-0.0001366712137096937,0.2976071129855726,1.4756881530328254,1.1733689343505977
2023-08-21 02:45:00,2023,588,-1,REJECT,FVG,1,0.26188235852266206,0.26188235852266206,-0.4369450221002676,0.6646688121199752,0.402786453597313,-0.6988273806229297,0.8288288293335818,-0.025984911104020625,0.21260778098411734,1.4756881530328254,1.2230928843396323
2023-08-21 12:45:00,2023,589,1,INSIDE,OB,1,0.7170237822372153,0.7170237822372153,1.177967642246858,2.188060668811216,1.4724595528085969,0.46094386000964305,0.3999346399029992,-0.17180584989553604,0.18366790896659113,1.1520848439834488,0.4607586372162236
2023-08-21 13:45:00,2023,589,1,REJECT,OB,1,0.38554254957593853,0.38554254957593853,1.3031622708914354,2.318945962394211,1.9291354141144508,0.9176197213154967,0.5942264538102935,-0.5254189195501434,0.015898483806463415,0.7394031548632699,0.4393729146505441
2023-08-21 19:45:00,2023,589,1,REJECT,FVG,1,1.1078283048310014,1.1078283048310014,0.9025164954414638,1.91909510721047,0.8084152494712835,-0.20531180938953747,0.2773803814293524,-0.31029254741096707,0.08306635549682845,0.9808396050702706,0.27206566377540703
2023-08-22 06:45:00,2023,589,1,REJECT,FVG,1,0.15374881366655063,0.15374881366655063,0.1651376146788781,1.1787409047769637,1.0235684909838723,0.011388801012327494,0.6646535626843224,-0.5111932589611903,-0.06923714141046482,0.8282105672420652,0.5504731041702422
2023-08-22 15:30:00,2023,589,1,ACCEPT,FVG,0,0.6321547486919379,-0.3824322181702955,-0.3824322181702955,0.1855081655303563,0.0,-1.0145869668622334,0.3940391367842932,-0.3673115785881298,0.026517270258275966,0.8815563646069648,0.34736770893642804
2023-08-22 17:00:00,2023,589,1,ACCEPT,FVG,0,1.8648854477375356,0.9981278162086692,0.9981278162086692,1.2551564384083196,0.0,-0.8667576315288665,0.032769917561274425,-0.010694912984276883,0.05076770081612226,1.330956723640338,0.04361534211131778
2023-08-23 07:15:00,2023,591,1,REJECT,FVG,1,0.2607105827601656,0.2607105827601656,1.9888085985420805,3.094335441284683,2.8350495065177417,1.7280980157819148,0.6924973267083699,-0.492517525457288,0.029090925884901392,1.0624068011157208,0.7357138696494275
2023-08-23 13:45:00,2023,591,1,REJECT,OB,1,0.555758393523309,0.555758393523309,1.935867926025866,3.0459560282561977,2.4901976347328887,1.380109532502557,0.41263368463207883,-0.3965614451709457,-0.0036022011823084177,1.2881941268369859,0.531552289078149
2023-08-24 00:00:00,2023,591,1,REJECT,FVG,1,0.7082760165072229,0.7082760165072229,-0.0475063181803862,1.0753702933554836,0.3627755206500496,-0.7557823346876092,0.3877479352958956,-0.5555775548233886,-0.06552094202360009,0.8991601445854269,0.3486474895633582
2023-08-24 14:30:00,2023,591,1,INSIDE,OB,0,0.7339508451992889,-0.3886471995248338,-0.3886471995248338,0.1054693143691933,0.0,-1.1225980447241226,0.2684204804859843,-0.20371236601990034,0.04797564366958543,0.9882480079790323,0.26526600514104876
2023-08-25 12:15:00,2023,594,-1,REJECT,OB,0,0.4767386631674646,-0.1753354961801386,-0.1753354961801386,0.0492678253729181,0.0,-0.6520741593476032,0.41088081801806015,-0.21917230286299094,0.06676416412734107,1.024864286449108,0.421097076373705
2023-08-25 19:15:00,2023,595,1,REJECT,FVG,0,1.7872669930712861,-0.0072594110197793,-0.0072594110197793,0.0827572856255832,0.0,-1.7945264040910656,0.20776845318717932,-0.21019069364329138,0.2048180002322378,1.5083307281958653,0.31338354229194676
2023-08-28 07:30:00,2023,597,1,INSIDE,OB,1,0.3097458990028763,0.3097458990028763,0.260533933740746,1.566098423930515,1.2534577034416325,-0.04921196526213031,0.6534828629235653,-0.4146356419164165,0.058735281292506714,1.048580762461687,0.6852295586600381
2023-08-28 11:15:00,2023,597,1,REJECT,OB,1,0.4799922659856357,0.4799922659856357,0.3741329444842676,1.676347611720246,1.1992556011182065,-0.10585932150136815,0.3834698385949472,-0.2389258980438984,0.036757534279482834,0.8716410421323758,0.3342480497392337
2023-08-29 08:15:00,2023,597,1,REJECT,FVG,0,0.324161204490886,-0.9564215718086768,-0.9564215718086768,0.2891167499513298,0.0,-1.2805827762995627,0.6545452128013048,-0.5715552335210057,0.014731673007114726,0.9554009042920413,0.6253530882103933
2023-08-29 10:15:00,2023,597,1,INSIDE,FVG,0,0.4818612499188719,-0.7636770718411345,-0.7636770718411345,0.4044714128106924,0.0,-1.2455383217600065,0.36762384355246785,-0.21906122483404605,0.03861458936692927,0.9747903718254086,0.358356183148396
2023-08-29 13:15:00,2023,597,1,INSIDE,OB,0,0.25455550317788134,-0.8982590744323039,-0.8982590744323039,0.0102407386336168,0.0,-1.1528145776101852,0.614958255810794,-0.4340961376187112,-0.010604125733197217,0.509956655904192,0.31360205565394716
2023-08-30 02:30:00,2023,599,1,INSIDE,OB,1,0.27402167099487973,0.27402167099487973,0.8074114476908412,1.8771217141414969,1.6045653996760003,0.5333897766959614,0.6991111203943989,-0.6927722749260048,-0.016875876202733286,0.9930755281585287,0.6942701451271684
2023-08-30 20:45:00,2023,599,1,INSIDE,FVG,0,0.6432373817034566,-0.4376971608832862,-0.4376971608832862,0.4687499999999772,0.0,-1.0809345425867427,0.4528814348920347,-0.3775508239209365,0.08474520336310398,0.6817928589342261,0.3087713282532749
2023-08-31 02:15:00,2023,599,1,INSIDE,FVG,1,0.23494450646879406,0.23494450646879406,-0.3442897484730962,0.5615025940763051,0.32508044920204837,-0.5792342549418903,0.5261153382877037,-0.38544919002374545,-0.05905055052201402,1.0618320043687077,0.5586461041831532
2023-08-31 06:45:00,2023,599,1,REJECT,OB,1,0.41819226664476383,0.41819226664476383,-0.472867580658409,0.4270585337821008,0.013299400706005436,-0.8910598473031729,0.5609509243463853,-0.5040748196812208,0.013271754887587778,1.5367044417305602,0.8620157770359537
2023-08-31 18:45:00,2023,599,1,INSIDE,OB,0,1.1658573899161848,0.2499334841027114,0.2499334841027114,0.3651722761740138,0.0,-0.9159239058134733,0.07395947732015834,0.046016435395353106,0.12883928707342102,0.8979058139169462,0.0664086446800287
2023-08-31 21:15:00,2023,600,-1,ACCEPT,FVG,1,0.35539195181128,0.35539195181128,-0.2379318999414263,0.4818873922864622,0.12498954237428839,-0.5933238517527064,0.6018955988880749,-0.5016770328555155,0.014189016958899653,0.8984151222738739,0.5407521080711364
2023-09-01 00:00:00,2023,600,-1,ACCEPT,FVG,1,0.03615970536536506,0.03615970536536506,-0.5514355068218086,0.2802377165815535,0.13107893194942694,-0.5875952121871737,0.6335839922614118,-0.5415872723833026,-0.1755360357043367,1.016516519614416,0.6440485946969774
2023-09-01 08:45:00,2023,600,-1,INSIDE,FVG,0,0.3528790811068819,-0.366451353457169,-0.366451353457169,0.3197024153617852,0.0,-0.7193304345640509,0.6239951333975178,-0.3575391732831395,0.0857583601329936,1.6451665993699607,1.0265759516349993
2023-09-02 00:00:00,2023,602,-1,REJECT,FVG,0,0.42740383413733946,-0.7348346622009841,-0.7348346622009841,0.050988527581316,0.0,-1.1622384963383237,0.6268798045905628,-0.5861204208232929,0.04923746607422408,0.7790601959954138,0.48837710342989055
2023-09-04 05:00:00,2023,602,-1,REJECT,FVG,0,0.5536476393705067,-0.3045812216591049,-0.3045812216591049,0.006001600426775,0.0,-0.8582288610296114,0.06488847306961984,-0.011333353190867257,0.02532740072979854,0.747836147164327,0.04852594569576069
2023-09-04 12:00:00,2023,603,1,REJECT,FVG,0,0.35925443431207027,-0.5907405551658236,-0.5907405551658236,0.0541136386411655,0.0,-0.9499949894778937,0.4983147590807693,-0.27982282446199463,0.03863880577800194,1.0183595397129244,0.507463588689649
2023-09-05 02:30:00,2023,604,-1,REJECT,OB,1,0.17388356918906703,0.17388356918906703,2.9102618422167845,3.4593678501821974,3.2824336920599917,2.7363782730277175,0.7281485254936668,-0.5672609303280771,-0.027597655826926942,1.0569533643966604,0.7696190338009986
2023-09-05 22:15:00,2023,604,-1,REJECT,OB,1,0.08785149159159208,0.08785149159159208,1.0850429838682,1.6352707469945391,1.5489605096413948,0.9971914922766082,0.647392093627215,-0.6123849025290731,-0.15905739730532403,1.3326859017268322,0.8627703160664068
2023-09-06 13:00:00,2023,604,-1,ACCEPT,FVG,1,0.43382454207408744,0.43382454207408744,1.003993940228621,1.5524721112794353,1.1248450626635436,0.570169398154534,0.6030654428602833,-0.41977487131127283,0.09500143694724747,1.1675752457391564,0.7041242826443884
2023-09-06 19:45:00,2023,604,-1,REJECT,FVG,0,0.4863650835993924,-0.0681530690393763,-0.0681530690393763,0.3794886798785018,0.0,-0.5545181526387688,0.5650727620553636,-0.5538528812078376,0.03394595730539285,0.9038501583021562,0.5107411054359771
2023-09-07 04:15:00,2023,604,-1,INSIDE,FVG,0,0.23847046395233631,-0.2119737457353982,-0.2119737457353982,0.0685797412673482,0.0,-0.4504442096877345,0.6410161514531828,-0.48113922503079226,-0.019857791650405326,1.0343897081103677,0.663060509795689
2023-09-07 09:15:00,2023,604,-1,ACCEPT,OB,0,0.4026004542962223,0.0046996161980062,0.0046996161980062,0.2819769718806581,0.0,-0.3979008380982161,0.3147033440708705,-0.3960763181313965,-0.14473006701669522,1.2568410447992218,0.39553207976384186
2023-09-07 19:30:00,2023,605,1,ACCEPT,FVG,0,0.5974508762612849,-0.0939989378650957,-0.0939989378650957,0.1354221986192463,0.0,-0.6914498141263807,0.3405469069380632,-0.22920608128454034,0.0523093887065203,1.4461603399864753,0.49248543071889206
2023-09-07 21:00:00,2023,605,1,INSIDE,FVG,0,0.4812705112269639,0.1239392286437298,0.1239392286437298,0.3637696840712142,0.0,-0.35733128258323404,0.46805470595146426,-0.16131798377046286,0.1394485853033517,1.0327696253304053,0.48339268329962676
2023-09-11 01:15:00,2023,608,-1,REJECT,FVG,1,0.1747794838288407,0.1747794838288407,-1.187520418163995,0.4230643580529473,0.24338451486442464,-1.3622999019928355,0.7041030337924942,-0.3192370533886564,0.028601489209845912,1.4021270287201228,0.9872418946842941
2023-09-11 04:45:00,2023,608,-1,INSIDE,FVG,0,0.970500136153226,-0.63556322047746,-0.63556322047746,0.1356086048833501,0.0,-1.6060633566306857,0.0533639841983529,0.07192928136182308,0.11988060225801198,1.0408813216193034,0.055545574399253186
2023-09-11 07:45:00,2023,608,-1,INSIDE,FVG,0,0.35127530180631394,-0.3382045929018683,-0.3382045929018683,0.0032676772261392,0.0,-0.6894798947081822,0.09190431416880335,-0.12074387596881142,-0.07736327716086605,1.163994501358633,0.1069761163436234
2023-09-11 15:45:00,2023,609,1,REJECT,FVG,0,0.789609636282912,-0.3964362430097705,-0.3964362430097705,0.6917241441817052,0.0,-1.1860458792926825,0.5635050705463209,-0.39136919518190955,0.2741183645563864,0.9062931944163215,0.5107008104552198
2023-09-11 15:45:00,2023,609,1,REJECT,FVG,1,0.35565062130098074,0.35565062130098074,-0.3964362430097705,0.6917241441817052,0.3377049477490761,-0.7520868643107512,0.7262487897265268,-0.46522320781587756,0.1309354170984206,1.1241394817463473,0.8164049381020898
2023-09-11 19:00:00,2023,609,1,REJECT,FVG,0,1.165485390278463,0.0658466322191378,0.0658466322191378,0.3407563217339505,0.0,-1.0996387580593252,0.2642223130062561,-0.19915158672252456,0.16141595175454146,1.3880964937565794,0.36676606625623753
2023-09-12 01:30:00,2023,610,-1,REJECT,FVG,1,0.20850379223166915,0.20850379223166915,2.2025281544472803,2.917398299241569,2.7138588830154116,1.9940243622156104,0.7164681535979823,-0.5358990080775782,-0.002558108206844212,1.0991893682399876,0.7875341771174366
2023-09-12 06:30:00,2023,610,-1,INSIDE,OB,1,0.5596901649448673,0.5596901649448673,2.366264040550889,3.089887123630454,2.526885182561655,1.806573875606021,0.4007945094984351,-0.2016341397602079,0.10350046151329988,1.3077181476643485,0.5241262535553347
2023-09-12 20:15:00,2023,610,-1,REJECT,FVG,1,0.7241312186575807,0.7241312186575807,0.4171262780285681,1.1412574966861488,0.4187947831406808,-0.3070049406290125,0.5088492319644834,-0.5432866418895339,0.1016379630279341,1.022356326277807,0.5202252314204929
2023-09-13 12:45:00,2023,610,-1,REJECT,FVG,1,0.5119233611810099,0.5119233611810099,0.3047964749137261,1.0356344313366104,0.5253950285805363,-0.20712688626728376,0.4325665115352128,-0.2745171108536894,0.06567070066446656,0.5581848737705706,0.24145208363865883
2023-09-13 19:15:00,2023,610,-1,REJECT,FVG,0,0.8009892920378852,0.0674517298558372,0.0674517298558372,0.1551389786684026,0.0,-0.7335375621820479,0.4558159337857205,-0.5920243000663836,0.042933491194824425,0.9103168582587142,0.4149369287880792
2023-09-14 04:00:00,2023,612,-1,INSIDE,OB,0,0.867449427075948,0.5398217569670111,0.5398217569670111,0.6518602348281085,0.0,-0.3276276701089369,0.17463876441023446,-0.08130664927329251,0.08438293962704094,1.4008283192299316,0.24463892682118074
2023-09-14 14:00:00,2023,614,-1,INSIDE,OB,1,0.6602444719651144,0.6602444719651144,-0.2024976602161201,1.3749420962572785,0.7163992853023815,-0.8627421321812344,0.44290048340603727,-0.2520426637691103,0.15200974965268693,1.0812456617902968,0.47888422628760313
2023-09-14 19:15:00,2023,614,-1,ACCEPT,FVG,0,1.6672337529771943,0.0884654644436851,0.0884654644436851,0.4423273222184646,0.0,-1.5787682885335093,0.3578322941767157,-0.1911023218601407,0.47387033915025567,0.8680437256931872,0.3106140778104969
2023-09-14 23:15:00,2023,614,-1,INSIDE,FVG,0,0.2850732479873408,-0.0695714474254932,-0.0695714474254932,0.008484322856758,0.0,-0.354644695412834,0.5928532171577,-0.25260139544114485,0.06616074669955206,0.8004495321119137,0.47454908028492376
2023-09-15 13:00:00,2023,615,1,REJECT,OB,1,0.259779461009494,0.259779461009494,1.013649269429225,2.129172837293532,1.8659975663362045,0.7538698084197308,0.6147523356801862,-0.6866242725015609,-0.10482036682919141,1.2275462827107106,0.7546369444519395
2023-09-18 01:15:00,2023,615,1,REJECT,FVG,1,1.1108469708927666,1.1108469708927666,0.0171162861462525,1.1313865142683086,0.027386057834042868,-1.093730684746514,0.16792771490310987,-0.15131032525174984,0.06064086533808652,1.5595904020693534,0.26189845240432885
2023-09-18 10:45:00,2023,615,1,REJECT,FVG,0,0.5083629910215981,-0.6165618708673896,-0.6165618708673896,0.0927418970107286,0.0,-1.1249248618889878,0.6178408208199035,-0.4855639902311554,0.1285246717010947,1.0636123405847855,0.6571431215410827
2023-09-19 08:30:00,2023,617,1,REJECT,FVG,1,0.5659400701673619,0.5659400701673619,-0.0759187899005097,1.0421579340886806,0.47104158279174413,-0.6418588600678717,0.3572866847951726,-0.19219949253563534,0.07867367843458044,0.5944152483192712,0.2123766534636917
2023-09-19 08:30:00,2023,617,1,REJECT,FVG,1,0.35716339794097934,0.35716339794097934,-0.0759187899005097,1.0421579340886806,0.6798182550181262,-0.43308218784148916,0.32296087774117854,-0.17207600233133297,-0.0011523810841720522,0.6506140541870484,0.21012288601099585
2023-09-19 17:15:00,2023,617,1,ACCEPT,FVG,0,0.9075104311543857,-0.2138386648122423,-0.2138386648122423,0.5354659248957152,0.0,-1.1213490959666281,0.30935933411945604,-0.10900472295849895,0.20546372824019926,1.2320560963125673,0.38114805355307224
2023-09-20 01:15:00,2023,618,-1,ACCEPT,FVG,1,0.38550620705696,0.38550620705696,-0.0348874395526734,0.7064706509414682,0.3227088158621399,-0.4203936466096334,0.44935296847020817,-0.328251468882423,-0.007522338430664383,0.7876794909642914,0.35394611746790683
2023-09-20 08:15:00,2023,618,-1,ACCEPT,FVG,1,0.3098498405041592,0.3098498405041592,-0.3326071734225631,0.413133120672199,0.10328328016803981,-0.6424570139267224,0.5181833941180719,-0.4295311501851796,-0.046396198883395495,0.8514487342467386,0.4412065950295112
2023-09-20 13:00:00,2023,618,-1,INSIDE,OB,0,0.6725305518798018,-0.0735580291118676,-0.0735580291118676,0.1506188215147728,0.0,-0.7460885809916694,0.4118512631202173,-0.1706422674215332,0.17661952323635635,0.9707491194009698,0.39980425099812805
2023-09-20 23:00:00,2023,619,1,INSIDE,OB,0,2.519891579959793,-1.4024656815598455,-1.4024656815598455,0.1224097228294212,0.0,-3.9223572615196387,0.020478873440807555,-0.12907595691887258,-0.07482808598232667,1.6069111699200989,0.032907730479413706
2023-09-21 09:30:00,2023,620,-1,REJECT,OB,1,0.9358900973096421,0.9358900973096421,1.0715512306811688,2.706353749284485,1.7653119633658032,0.13566113337152672,0.23094602977945994,-0.3986281743933542,-0.09042647787540059,0.7578608344722918,0.17502495084672426
2023-09-21 13:45:00,2023,620,-1,REJECT,FVG,1,0.5245064896726974,0.5245064896726974,0.373668022054423,2.002037842933741,1.475817279765383,-0.1508384676182745,0.6558967934223928,-0.6176553981472062,0.13148492164313536,0.8496352625213777,0.5572730442663646
2023-09-21 17:45:00,2023,620,-1,REJECT,FVG,0,1.0308611438791395,-0.5942006925682147,-0.5942006925682147,0.6010502682750467,0.0,-1.6250618364473544,0.9082497087787614,-0.9420453200369518,0.8498464012625742,0.8580926089869861,0.7793623622176378
2023-09-21 23:30:00,2023,620,-1,REJECT,FVG,0,0.610455118651871,-0.5915396079330206,-0.5915396079330206,0.1392869425656607,0.0,-1.2019947265848916,0.49563863617574005,-0.5111592540158237,0.04475616396830073,0.9533762945611756,0.47253012639858166
2023-09-22 12:30:00,2023,621,1,REJECT,OB,1,0.40714182588192366,0.40714182588192366,-0.2945281293613823,0.4781750806102299,0.07276577313631277,-0.701669955243306,0.6428317228202353,-0.6706632101206346,0.022184058037215598,0.6577221380903344,0.4228046551656184
2023-09-25 07:45:00,2023,622,-1,REJECT,FVG,1,0.06998920999680808,0.06998920999680808,-0.4829255489778643,0.3761920037327738,0.3079525239858839,-0.5529147589746723,0.6961003567699151,-0.4652349980533629,-0.09266523587774361,1.1562999794792357,0.8049008282485415
2023-09-25 12:00:00,2023,622,-1,REJECT,FVG,0,0.1417598444336714,-0.7192999513854952,-0.7192999513854952,0.0245017015070666,0.0,-0.8610597958191665,0.7629845524118759,-0.5339513800230706,-0.01839415387126271,1.2134422682656472,0.9258377059303162
2023-09-25 13:30:00,2023,622,-1,ACCEPT,FVG,0,0.6160427807486597,-0.2257656781720888,-0.2257656781720888,0.1417598444336714,0.0,-0.8418084589207485,0.45403798453404376,-0.3212255675972427,0.10432986425328289,1.313641026505351,0.596442924075722
2023-09-25 17:30:00,2023,623,1,ACCEPT,OB,0,1.8057439520654175,0.0316180847638026,0.0316180847638026,0.4549491085456911,0.0,-1.774125867301615,0.02875145675130425,0.1286368998133267,0.17685617069346005,1.152301448589992,0.0331303452636004
2023-09-26 08:15:00,2023,624,-1,INSIDE,OB,1,0.3321587373256703,0.3321587373256703,7.611382129781435,10.123774281255248,9.788081940341009,7.279223392455765,0.5911863937410496,-0.5484792873585017,-0.027858069354224607,1.0182304660797827,0.601963997238975
2023-09-26 12:45:00,2023,624,-1,REJECT,FVG,1,0.5680125441003576,0.5680125441003576,7.248333986671921,9.751470011760132,9.185221481771883,6.680321442571562,0.519402448740905,-0.3783659548188735,0.1131853549555171,1.0615449947056799,0.5513690696987812
2023-09-27 04:30:00,2023,624,-1,INSIDE,FVG,1,0.41420409287142795,0.41420409287142795,5.2412748674881495,7.754821072092393,7.340616979220966,4.827070774616723,0.5343118142134293,-0.2620526230644029,0.09927932970128661,1.6738497322311794,0.8943576871491044
2023-09-27 06:30:00,2023,624,-1,REJECT,FVG,1,0.1292175161521928,0.1292175161521928,5.067804777311235,7.577810775993504,7.452133465763286,4.938587261159042,0.5032747369402442,-0.534348747713296,-0.2003926108239715,1.3483227771879596,0.6785767909998098
2023-09-28 01:15:00,2023,624,-1,ACCEPT,OB,1,0.7783935406582164,0.7783935406582164,0.8958538271989946,3.378298092000858,2.6069171057629794,0.11746028654077821,0.4496617844134359,-1.1602563233906102,-0.28851956616955005,1.5959241453981328,0.7176260990082121
2023-09-28 08:30:00,2023,624,-1,REJECT,OB,1,0.4424200454514394,0.4424200454514394,0.7356111073180828,3.223346045431961,2.78619290528351,0.2931910618666434,0.5528741133179841,-0.6277255790407121,-0.036069765778493496,0.6025412004311278,0.3331294319259135
2023-09-28 14:15:00,2023,624,-1,INSIDE,FVG,1,0.3584782247908329,0.3584782247908329,0.6782970331826889,3.173586637118931,2.8151084123280983,0.319818808391856,0.4849595295139393,-0.30283879711744377,0.017873194686753552,0.7917168640655466,0.3839506379054789
2023-09-28 20:45:00,2023,624,-1,REJECT,OB,0,0.7079577094569943,-1.7804084970501532,-1.7804084970501532,0.0438092641990693,0.0,-2.4883662065071475,0.5867105800976812,-1.1581449019648842,-0.06328275629575608,0.8238789943618245,0.4833785227123203
2023-09-29 01:15:00,2023,624,-1,INSIDE,FVG,0,0.8122064358024121,-1.0905271756571508,-1.0905271756571508,0.4761210140910869,0.0,-1.9027336114595632,0.32539300862675535,-0.6036063598587322,-0.14291077462629487,1.6327187050464587,0.5312752516762471
2023-09-29 04:30:00,2023,624,-1,REJECT,FVG,1,0.2226117440841338,0.2226117440841338,-1.188431200701136,0.3821209465381361,0.15775635407538863,-1.41104294478527,0.627509436478043,-0.546430226029585,-0.06384913273556131,0.899182859900695,0.5642457297070003
2023-09-29 08:45:00,2023,624,-1,INSIDE,OB,0,0.5100242451388157,-1.0586070242743444,-1.0586070242743444,-0.0105159638172853,0.0,-1.5686312694131601,0.46209955761158317,-0.584398807494851,-0.0786663990329152,1.1752203513822626,0.5430688044698728
2023-09-29 13:15:00,2023,625,1,REJECT,FVG,1,0.16540117038255872,0.16540117038255872,-3.3707017459012287,1.1926294917057454,1.018522996566218,-3.5361029162837876,0.7643789997245037,-0.6428613223948497,-0.02504244665082031,0.7637300076009443,0.5837791792695974
2023-09-29 14:15:00,2023,625,1,ACCEPT,FVG,1,0.813077332301565,0.813077332301565,-2.665570440586152,1.8942786671180352,1.0759781399622892,-3.4786477728877165,0.26596420815918226,-0.3844181707145411,-0.0659272274806808,1.1669292854460132,0.31036142338140926
2023-09-29 23:30:00,2023,626,-1,ACCEPT,FVG,1,0.4222703441987741,0.4222703441987741,4.087645315705511,5.740825165260991,5.320264417597432,3.6653749715067367,0.6833095781361928,-0.760876168937699,0.047579175826891806,0.5971752495111717,0.4080555678168544
2023-10-02 04:15:00,2023,626,-1,INSIDE,FVG,1,0.5054750372227177,0.5054750372227177,3.724910005842561,5.365159539380673,4.861380727115076,3.2194349686198436,0.600970693059791,-0.8843862783842101,-0.04912036028692185,1.3401153867195474,0.8053700727369363
2023-10-02 11:15:00,2023,626,-1,INSIDE,FVG,1,0.475055337987394,0.475055337987394,2.9218457347182176,4.575174527498707,4.095011067597475,2.4467903967308233,0.7191658119154615,-0.8788664504479408,0.09482781180219041,1.0814094351682195,0.7777126944557932
2023-10-02 15:30:00,2023,626,-1,REJECT,FVG,1,0.953245574216962,0.953245574216962,2.00011348161598,3.647866545619584,2.694620971402622,1.0468679073990175,0.7605986287679033,-0.6760548648662105,0.5631888149513933,1.0104755788833688,0.7685663397021436
2023-10-02 22:45:00,2023,626,-1,REJECT,FVG,1,0.44063229405847315,0.44063229405847315,0.8368597832893874,2.4900848245630574,2.0494525305045843,0.3962274892309142,0.6155064976530036,-0.9030195020291697,-0.07599309095409695,1.096630369027857,0.6749831176602571
2023-10-03 03:45:00,2023,626,-1,REJECT,FVG,1,0.6299838247396432,0.6299838247396432,-0.1379153778483973,1.513663838360886,0.8802746956496803,-0.7678992025880407,0.5216579280031121,-0.9716622210160497,-0.13615086339275734,1.4582385903140447,0.7607017215574036
2023-10-03 10:45:00,2023,626,-1,INSIDE,FVG,0,0.7785074403789036,-0.3480584020700308,-0.3480584020700308,0.0319473895619936,0.0,-1.1265658424489344,0.40755853226923616,-0.6709181707411401,-0.08019239603961448,0.8887375589656614,0.3622125751045887
2023-10-04 16:45:00,2023,629,1,REJECT,FVG,0,1.2701227452827366,-0.3308304009309816,-0.3308304009309816,0.5702252639161847,0.0,-1.600953146213718,0.5038577552944677,-0.5817295467105715,0.35134059227009196,1.1697058733549155,0.5893653757033627
2023-10-05 00:00:00,2023,630,-1,REJECT,FVG,0,0.8420114718494119,-0.6682630728963636,-0.6682630728963636,-0.0116946037756757,0.0,-1.5102745447457755,0.47743449630506934,-0.41934626057770846,0.18286943306413822,1.1622236170745712,0.5548856472118537
2023-10-05 08:45:00,2023,631,1,REJECT,OB,0,0.40794337835073563,-1.150266575021846,-1.150266575021846,0.1437833218777117,0.0,-1.5582099533725817,0.6259489176575763,-0.6580604352895949,0.009203498077418715,1.281296095886249,0.8020259044188757
2023-10-05 14:45:00,2023,632,-1,ACCEPT,FVG,1,0.5075438207233497,0.5075438207233497,0.3411360106501301,1.615819835810967,1.099955624583964,-0.16640781007321948,0.5883626669357103,-0.2758140657534907,0.18508446949914448,0.9598261968120998,0.564725900951127
2023-10-05 23:45:00,2023,632,-1,INSIDE,FVG,0,0.9536158861885049,-0.0916938352104251,-0.0916938352104251,0.0183387670420698,0.0,-1.04530972139893,0.28359682875648,-0.1685387795708964,0.1497007250127576,0.9221251304906097,0.26151176272379223
2023-10-06 03:30:00,2023,632,-1,REJECT,FVG,0,0.15814297604735794,-0.0516045500786,-0.0516045500786,0.0349579210209614,0.0,-0.2097475261259579,0.39497946789183447,-0.2095000576633293,-0.06428860783414228,0.6240525677845152,0.24648795116006078
2023-10-06 14:45:00,2023,633,1,REJECT,OB,0,0.5513627221227728,-1.1126898307899622,-1.1126898307899622,0.0963224032624018,0.0,-1.6640525529127348,0.6022550344653742,-0.5264764236345103,0.12265762824167173,1.1615751772002945,0.6995644983788865
2023-10-06 17:30:00,2023,634,-1,ACCEPT,OB,0,3.122833651902696,0.034570114227674,0.034570114227674,1.104597459370939,0.0,-3.088263537675022,0.0198604142229086,-0.2792898141908721,-0.21172223291677633,1.5746024626822457,0.03127225714528138
2023-10-06 22:00:00,2023,635,1,ACCEPT,FVG,1,0.4895277207392226,0.4895277207392226,4.377823408624245,5.5080082135523565,5.016837782340856,3.8882956878850212,0.6499892260804612,-0.6806864487249369,0.0799401536334618,1.022774834434901,0.6647926230889131
2023-10-09 04:15:00,2023,635,1,ACCEPT,FVG,1,1.203760071620416,1.203760071620416,1.7194270367054725,2.8297224709041986,1.6227394807520035,0.5156669650850565,0.7939507363923682,-1.5449309508665325,0.6373943105520719,0.7613138774140876,0.6044457135986441
2023-10-09 05:45:00,2023,635,1,REJECT,FVG,1,0.20465532676812598,0.20465532676812598,1.1312444046553236,2.2350940017904923,2.033661593554145,0.9265890778871978,0.8691960941411093,-1.5312839950361967,-0.022412316857913173,1.5257781148190646,1.326200377926716
2023-10-09 09:15:00,2023,635,1,REJECT,FVG,1,0.04177340605000165,0.04177340605000165,0.883668204903912,1.9874501263020532,1.945676720252052,0.8418947988539103,0.8993089540900766,-1.0967304346491662,-0.07286373644246237,0.7631053018248667,0.6862674308447131
2023-10-09 13:00:00,2023,635,1,REJECT,FVG,1,0.5083930289746357,0.5083930289746357,1.1723511172885617,2.2773441676467145,1.7657436116753966,0.663958088313926,0.5001363878947481,-0.7237239114933626,-0.10749739542376952,0.7262018684433211,0.36319997936565973
2023-10-09 13:00:00,2023,635,1,REJECT,FVG,1,0.23735699775473396,0.23735699775473396,1.1723511172885617,2.2773441676467145,2.036779642895298,0.9349941195338275,0.6074755106775894,-0.7426421532790843,-0.14731666854121148,0.6818282748034374,0.41419397943063796
2023-10-09 15:45:00,2023,635,1,REJECT,FVG,1,1.0648989628996204,1.0648989628996204,2.062439858868832,3.162621618731925,2.099326419330682,0.997540895969212,0.14450745335373516,-0.3829828895347309,-0.17375317028235424,1.1225272609837347,0.16221355580490313
2023-10-10 08:15:00,2023,635,1,REJECT,FVG,0,0.7256975995341881,-0.3652307393716899,-0.3652307393716899,0.2159625241502411,0.0,-1.090928338905878,0.20208709059925908,-0.4135183997976173,-0.18329755292852523,1.1661917004953368,0.23567228783410515
2023-10-10 19:00:00,2023,636,-1,INSIDE,OB,0,1.320165219233204,0.2303537386147074,0.2303537386147074,0.5036009320059424,0.0,-1.0898114806184969,0.16774037380870466,-0.16060030071171205,0.08778386112688907,0.9264264123309477,0.15539911271065032
2023-10-11 03:00:00,2023,637,1,ACCEPT,FVG,1,0.17949836617312437,0.17949836617312437,1.8863355088012923,4.061150534666534,3.880049504509722,1.706837142628168,0.6124659576397516,-0.5035036075878845,-0.08518814965850768,0.7548234811126053,0.4623036862086028
2023-10-11 05:15:00,2023,637,1,INSIDE,OB,1,0.34589516387314834,0.34589516387314834,1.8383687413258971,4.013024447528584,3.6639265506565764,1.492473577452749,0.5562121089421378,-0.3885346626997729,0.01996410000836013,1.3511435138247945,0.7515223833079795
2023-10-11 15:30:00,2023,637,1,INSIDE,OB,1,0.6366539065394167,0.6366539065394167,0.1031982641522531,2.262423483338331,1.6194189143895494,-0.5334556423871636,0.6574322109862767,-0.5628251749169048,0.2257510096367129,1.4069265052812625,0.9249588030622559
2023-10-11 20:45:00,2023,637,1,REJECT,OB,1,0.8752719809018721,0.8752719809018721,-0.04439785410375,2.104141156986932,1.2304548137316198,-0.9196698350056222,0.5094194877615058,-0.8240463927893074,0.04161950268016834,1.1701801250261907,0.5961125598795369
2023-10-12 12:00:00,2023,637,1,INSIDE,FVG,1,0.35429334645531046,0.35429334645531046,-1.4187550525464874,0.7338933605145845,0.37169168043304657,-1.7730483990017978,0.5772466148317784,-0.4438527881529515,0.016874366190736678,1.0105645417686437,0.583344960804977
2023-10-16 06:00:00,2023,639,1,ACCEPT,FVG,0,1.8378269718822762,-1.3448249868080615,-1.3448249868080615,0.0060306053220037,0.0,-3.1826519586903377,0.009436851021559911,-0.21536033865957563,-0.19598471589063493,0.9804121052091996,0.009252002976593138
2023-10-17 01:15:00,2023,641,1,ACCEPT,FVG,0,0.5549587962773139,-0.3586568816366785,-0.3586568816366785,0.4044114632446406,0.0,-0.9136156779139925,0.4977302292545615,-0.43077235268529657,0.05985583807122591,1.331473857104136,0.6627147881428969
2023-10-17 01:15:00,2023,641,1,ACCEPT,FVG,1,0.25681603870280145,0.25681603870280145,-0.3586568816366785,0.4044114632446406,0.14759542454183916,-0.61547292033948,0.593475508046094,-0.4838767879175615,-0.04429373633294423,0.8721417026261239,0.5175947400542242
2023-10-17 10:15:00,2023,642,-1,REJECT,OB,0,1.0538504191265297,0.0455005055611648,0.0455005055611648,0.2201637365863203,0.0,-1.0083499135653649,0.30736268776019054,-0.18636552836076486,0.1948305786619813,1.6379076839054587,0.5034317080282503
2023-10-17 10:15:00,2023,642,-1,REJECT,OB,0,0.7837829022472885,0.0455005055611648,0.0455005055611648,0.2201637365863203,0.0,-0.7382823966861236,0.3969527282508176,-0.2027257717685529,0.18887153782513183,1.1659378236227713,0.46282220005787966
2023-10-17 22:45:00,2023,643,1,INSIDE,FVG,0,1.1556255377173306,-0.1110335535607018,-0.1110335535607018,0.0248364527701679,0.0,-1.2666590912780324,0.19766018542070904,-0.22905400568539191,0.04464200961185297,1.5720449753096781,0.31073070130940494
2023-10-18 08:00:00,2023,645,1,REJECT,OB,1,0.6904046538387707,0.6904046538387707,4.0647573994758,8.50923735856291,7.818832704724138,3.374352745637029,0.6169270995490742,-0.9013770120984026,0.0806362341836111,0.6759538345229409,0.4170142385613128
2023-10-19 00:00:00,2023,645,1,INSIDE,FVG,1,1.3536706115328307,1.3536706115328307,2.7101702107595944,7.013060493186844,5.7272855863077,1.3564995992267639,0.21181298932148096,-0.2739878108872772,0.07077138515981166,0.8422279850480243,0.1783948272032296
2023-10-19 06:45:00,2023,645,1,INSIDE,FVG,1,1.0620176297747266,1.0620176297747266,2.8870519098922656,7.2451322233104625,6.183114593535738,1.825034280117539,0.16286808568342273,-0.023096115740026513,0.15363428274073007,0.9785323406908015,0.15937168910762967
2023-10-19 13:30:00,2023,645,1,ACCEPT,FVG,1,0.6416063506887912,0.6416063506887912,2.290450618725212,6.624795703945827,5.977585804342728,1.6488442680364204,0.1468612066013473,-0.43366743713796824,-0.27575143123092927,0.8401469380246799,0.12338499304073183
2023-10-20 09:00:00,2023,645,1,INSIDE,FVG,1,0.6057291310590092,0.6057291310590092,-1.5491898543788782,2.675873384836253,2.0701442537772436,-2.1549189854378876,0.4935076265364211,-0.5325697275069716,0.029189440473042894,1.01840374244571,0.502590013790191
2023-10-20 09:00:00,2023,645,1,INSIDE,FVG,1,0.6399124905995848,0.6399124905995848,-1.5491898543788782,2.675873384836253,2.0359608942366685,-2.1891023449784632,0.42689222324540244,-0.5311907883673856,-0.03125590595919492,1.1327111915593733,0.48354559885972975
2023-10-20 14:00:00,2023,645,1,REJECT,FVG,1,0.27332270663513786,0.27332270663513786,-2.3198434702464965,1.884702842767662,1.608660507210784,-2.5931661768816343,0.5683416434748676,-0.8055984586066577,-0.1924026303733164,0.7610580833078107,0.4325410018469938
2023-10-20 20:30:00,2023,645,1,REJECT,OB,0,1.9521085102251146,-2.2021719970721203,-2.2021719970721203,0.2742631791225627,0.0,-4.154280507297234,0.2949338214996804,-0.5709841412365206,0.1731612164568206,0.7286341871426698,0.21489886528930088
2023-10-23 05:30:00,2023,646,-1,INSIDE,FVG,0,0.8965405944661202,-1.3652768404683155,-1.3652768404683155,0.1029899357413185,0.0,-2.261817434934436,0.3702402796568544,-0.7792063528368243,-0.15877733443326197,1.653309703738659,0.6121218470715922
2023-10-23 10:15:00,2023,646,-1,REJECT,FVG,0,0.37294637889125465,-0.7788385509708136,-0.7788385509708136,0.073798576741727,0.0,-1.1517849298620682,0.5539711319172791,-0.3228518473879879,0.06260028360995917,0.834743805420703,0.4624239707498438
2023-10-23 14:30:00,2023,647,1,ACCEPT,FVG,0,0.858062679310568,-0.2365257002693705,-0.2365257002693705,0.7516261141893557,0.0,-1.0945883795799387,0.43015966626324803,-0.32688774937636794,0.18283013156609712,1.2260398271202262,0.5273928828594868
2023-10-23 18:45:00,2023,647,1,REJECT,FVG,0,0.7902496559858428,-0.1913373959766773,-0.1913373959766773,0.4547539479719583,0.0,-0.9815870519625202,0.37213178844360517,-0.33910196740531073,0.0811656719889281,0.9008015495192945,0.3352168916553858
2023-10-24 04:15:00,2023,648,-1,ACCEPT,FVG,0,0.8745583038869306,0.2163586862074768,0.2163586862074768,0.3362683195273033,0.0,-0.6581996176794537,0.29041295598679795,-0.1030148960562895,0.18088502663269407,1.52262480639767,0.4421899708847733
2023-10-24 04:15:00,2023,648,-1,ACCEPT,FVG,0,0.8393674332387255,0.2163586862074768,0.2163586862074768,0.3362683195273033,0.0,-0.6230087470312488,0.1369802212356178,-0.15457898604581524,-0.018427985635868713,1.264829188962115,0.17325658212929754
2023-10-24 19:00:00,2023,650,-1,INSIDE,FVG,0,1.382722059549977,-0.2010294886204925,-0.2010294886204925,0.1134012499910651,0.0,-1.5837515481704694,0.29033859287473335,-0.34877897305803546,0.15394260031052265,1.2496065824433016,0.3628090167935927
2023-10-25 18:15:00,2023,653,1,REJECT,FVG,1,1.5244440366713479,1.5244440366713479,0.5538813333239103,2.3108030855876587,0.7927108990691021,-0.9705627033474375,2.061453474085858e-07,-1.3916040400480356,-1.3916034389182919,0.8330483160385932,1.717290345179132e-07
2023-10-26 01:45:00,2023,653,1,INSIDE,FVG,1,0.5733279669132341,0.5733279669132341,-0.1836148390767941,1.5363690616629653,0.9767809806670293,-0.7569428059900282,0.4563153430373664,-0.3360579721618133,0.07890878458057454,1.0131079119359752,0.4622966843689345
2023-10-26 03:00:00,2023,653,1,INSIDE,OB,1,0.1436442618627784,0.1436442618627784,-0.4234383023607747,1.31403272591012,1.1666412224335048,-0.5670825642235532,0.6186617598659779,-0.6310365747647892,-0.15177116504233013,0.8641592819406981,0.5346223021699521
2023-10-26 13:45:00,2023,653,1,INSIDE,OB,0,0.9019095602413385,-0.8247807426758859,-0.8247807426758859,0.1729178329290132,0.0,-1.7266903029172243,0.43128627393973384,-0.49327271378492793,0.10845025064662522,1.564407670587617,0.674707555170472
2023-10-26 19:15:00,2023,654,-1,INSIDE,FVG,0,1.4087526540372128,-0.1682092721238638,-0.1682092721238638,0.113788625260231,0.0,-1.5769619261610766,0.2522221633889437,-0.2274994882519797,0.18519956692599418,1.135124603674193,0.2863035832547223
2023-10-27 13:00:00,2023,655,1,REJECT,FVG,0,0.47330892798600127,-0.6675499945361241,-0.6675499945361241,0.0442574582013051,0.0,-1.1408589225221253,0.460944014828894,-0.264477208651318,0.07560089525538691,0.806891497005887,0.3719318061611901
2023-10-27 13:00:00,2023,655,1,REJECT,FVG,0,0.504043273959119,-0.6675499945361241,-0.6675499945361241,0.0442574582013051,0.0,-1.171593268495243,0.5285501455500962,-0.29284043911893576,0.12835256341497114,0.779644448368335,0.4120811866624079
2023-10-27 14:45:00,2023,655,1,REJECT,OB,0,0.7105780788985057,-0.2188285433285946,-0.2188285433285946,0.4905201617309594,0.0,-0.9294066222271002,0.1092788150109481,-0.23267890819903703,-0.1296009023982204,0.6770378750453828,0.07398589670248978
2023-10-27 20:45:00,2023,656,-1,ACCEPT,OB,0,2.170834527074047,-1.0743666352883394,-1.0743666352883394,0.126468301068224,0.0,-3.2452011623623864,0.07821117925650369,-0.08198993711071445,0.09420612089107679,0.6885388804973787,0.05385143780765285
2023-10-27 20:45:00,2023,656,-1,ACCEPT,OB,0,1.9449105717677089,-1.0743666352883394,-1.0743666352883394,0.126468301068224,0.0,-3.0192772070560485,0.0828594327743614,-0.07399572533372928,0.09328970526868224,1.0327076433545403,0.08556956955010472
2023-10-30 10:00:00,2023,657,1,REJECT,FVG,0,1.5657825235188303,0.3526320364265887,0.3526320364265887,0.4248433749439994,0.0,-1.2131504870922416,0.005943254425920321,0.011363725441569161,0.02060203184297559,1.0156845531946375,0.006036471716112933
2023-10-30 10:00:00,2023,657,1,REJECT,FVG,0,1.0699313323660422,0.3526320364265887,0.3526320364265887,0.4248433749439994,0.0,-0.7172992959394535,0.010941514526415761,-0.1460527649622331,-0.13274805729742523,1.4835678428697483,0.016232479103682647
2023-10-30 15:15:00,2023,658,-1,ACCEPT,OB,1,1.1520307208192382,1.1520307208192382,0.5568148483959692,1.3980372809941706,0.24120643217152346,-0.5952158724232689,0.12513133505450894,-0.20791453458517023,-0.03774276917537148,1.5809872031633094,0.19783103943591906
2023-10-30 19:45:00,2023,658,-1,INSIDE,OB,1,0.858566398724487,0.858566398724487,0.1889324387165261,1.0259748887264908,0.16382116521624998,-0.6696339600079608,0.4243734936825378,-0.15337691007030968,0.2760650072916054,1.1721518943292193,0.49743019452309567
2023-10-30 21:15:00,2023,658,-1,ACCEPT,FVG,1,0.42986215222956725,0.42986215222956725,0.0907486765817987,0.923009565759624,0.49314741353005687,-0.3391134756477685,0.35837205876874956,-0.15758549802563046,0.05293932581518909,1.1986283746598025,0.42955491832547354
2023-10-31 09:00:00,2023,658,-1,ACCEPT,FVG,0,0.5167668741214135,-0.3112480942983918,-0.3112480942983918,0.0308872154647261,0.0,-0.8280149684198054,0.4192751402445959,-0.20978778471523105,0.09483852176386762,1.1641848593807202,0.48811377018748664
2023-10-31 18:15:00,2023,659,1,REJECT,FVG,0,2.2331244827993966,-0.5804468613311362,-0.5804468613311362,0.3652914056034895,0.0,-2.813571344130533,0.005787797434580956,0.007715579856220511,0.020595795795568646,1.5592609827738553,0.0090246867159407
2023-10-31 23:00:00,2023,660,-1,REJECT,FVG,1,0.583767375187292,0.583767375187292,-0.5545790064279273,1.0250955108288815,0.42031251013483956,-1.1383463816152195,0.5695026691887115,-0.5314586597075917,0.10366554391378774,1.3023256806906522,0.7416779513063321
2023-11-01 11:00:00,2023,660,-1,INSIDE,FVG,0,0.8437174491724814,-0.7013618301762985,-0.7013618301762985,0.2268431001890401,0.0,-1.5450792793487798,0.38050074282250945,-0.24597453655154933,0.1686540734641797,1.0920977125491593,0.41554399085971855
2023-11-01 22:00:00,2023,661,1,REJECT,FVG,0,1.560151217608786,0.4858921135283499,0.4858921135283499,0.5008603539924797,0.0,-1.0742591040804361,0.0857489991945534,-0.1739537853123152,-0.02525601681356268,1.1701527524791289,0.10033942742983726
2023-11-02 17:45:00,2023,663,1,REJECT,FVG,0,1.0598603344757507,0.3641095678614799,0.3641095678614799,0.5542814440693922,0.0,-0.6957507666142707,0.2831900380352579,-0.10385885530189304,0.22569482631359739,0.5376422254286715,0.15225492226850618
2023-11-03 02:45:00,2023,665,1,REJECT,FVG,0,0.11378442882023046,-0.1904147584338631,-0.1904147584338631,0.0371540992065977,0.0,-0.30419918725409356,0.6345046117184017,-0.30816023080396826,-0.040434398382462905,1.237556304286235,0.7852351823307977
2023-11-03 03:30:00,2023,665,1,REJECT,OB,0,0.30419918725409356,0.0255434432045442,0.0255434432045442,0.0441204928078299,0.0,-0.27865574404954935,0.5451275775379414,-0.3633842349052518,0.0005338988209610263,1.4874915278123226,0.8108726531645428
2023-11-03 04:45:00,2023,666,-1,REJECT,FVG,0,0.3950783055530292,-0.0592617458329557,-0.0592617458329557,0.1336294268782464,0.0,-0.4543400513859849,0.4594585484329276,-0.39130963061261537,-0.029996970956782554,1.1256522801469488,0.5171905626765323
2023-11-03 21:30:00,2023,667,1,ACCEPT,FVG,0,1.2254169026092654,-0.1465919285364317,-0.1465919285364317,0.0183239910670637,0.0,-1.372008831145697,0.12660144174971186,-0.34098070891029675,-0.1426725129386151,1.1016615378052073,0.13947193900634394
2023-11-03 21:30:00,2023,667,1,ACCEPT,FVG,0,0.2737146165641359,-0.1465919285364317,-0.1465919285364317,0.0183239910670637,0.0,-0.4203065451005677,0.6073150743844528,-0.5535847199828186,-0.051153361869596486,0.9344520020861451,0.5675067871556481
2023-11-06 10:15:00,2023,668,-1,INSIDE,FVG,1,0.4237432547571734,0.4237432547571734,1.932405566600397,3.304742970746938,2.874183470604937,1.5086623118432234,0.707699255528462,-0.3529622885976551,0.19671164619938658,1.269916699823993,0.8987191030486013
2023-11-06 10:15:00,2023,668,-1,INSIDE,FVG,1,0.388525986935538,0.388525986935538,1.932405566600397,3.304742970746938,2.909400738426572,1.543879579664859,0.7351155105507217,-0.3660558144766719,0.18864897172074807,0.9667442565770459,0.7106686977456129
2023-11-07 17:15:00,2023,668,-1,INSIDE,FVG,0,0.8032440631012769,-0.5527943692691559,-0.5527943692691559,0.22224589948168,0.0,-1.3560384323704329,0.6100100442125271,-0.48952016518730174,0.29907899886738765,0.8672216526808281,0.5290139186938928
2023-11-08 03:15:00,2023,668,-1,INSIDE,OB,0,0.8570891548148509,0.0766869243781533,0.0766869243781533,0.2142722887036999,0.0,-0.7804022304366975,0.2771120009714206,-0.11121449398054806,0.15711406768507263,1.4032643954880406,0.38886140452564183
2023-11-08 03:15:00,2023,668,-1,INSIDE,OB,0,0.2774262264269196,0.0766869243781533,0.0766869243781533,0.2142722887036999,0.0,-0.20073930204876633,0.5027627763110187,-0.1692179696386138,0.055338106398496775,1.2095259151755244,0.6081046071337725
2023-11-08 07:30:00,2023,669,1,INSIDE,FVG,0,0.5447709756250566,-0.0620339620276908,-0.0620339620276908,0.0180462434989753,0.0,-0.6068049376527475,0.37254273767876284,-0.09083819877090954,0.14595338315230189,1.0390960005241627,0.38710766874632474
2023-11-08 12:00:00,2023,670,-1,REJECT,OB,1,0.05644261040801735,0.05644261040801735,0.408644499354059,2.3762338981775257,2.319791287769508,0.35220188894604165,0.6700574503922817,-0.540620405252333,-0.14055388325543167,0.6047866815062677,0.40524182184129864
2023-11-08 14:45:00,2023,670,-1,REJECT,FVG,1,0.41203105597853706,0.41203105597853706,0.1501373436853436,2.1188555947169694,1.705695686530273,-0.2618937122931934,0.6751121807315157,-0.4471168106721563,0.13290437915322276,1.0942685101097873,0.7387540001660451
2023-11-09 01:15:00,2023,670,-1,REJECT,OB,1,0.46166001956507013,0.46166001956507013,-1.168259462713512,0.8070584694107753,0.3374971781172151,-1.629919482278582,0.5967383808597153,-0.7290782166795065,-0.018519009555164667,0.9289380050536084,0.5543329610547443
2023-11-09 04:45:00,2023,670,-1,REJECT,FVG,1,0.20733043287741468,0.20733043287741468,-1.2529969639112208,0.7121349651006218,0.5036777363923527,-1.4603273967886357,0.553110245534381,-0.4205337102795983,-0.07325561989578908,0.6585381166441532,0.36424417939079645
2023-11-09 07:45:00,2023,670,-1,INSIDE,OB,1,0.18254092459856663,0.18254092459856663,-1.4096215844001363,0.5543835487808519,0.3718426241822853,-1.5921625089987028,0.7050420520765744,-0.5420159622682761,-0.03117288790546288,0.8378243378765692,0.5907013904561936
2023-11-09 15:30:00,2023,670,-1,INSIDE,OB,0,0.3823446724767909,-1.5777340455439943,-1.5777340455439943,0.3441102052291194,0.0,-1.9600787180207853,0.6297688495838795,-0.5107893949210626,0.051678619228254646,1.0527914259227773,0.6630152451551595
2023-11-10 03:15:00,2023,671,1,INSIDE,OB,0,0.6471621782165836,-0.6651701692625939,-0.6651701692625939,0.1102989451569154,0.0,-1.3123323474791775,0.5356549383544771,-0.5580098465808446,0.08754650006856213,1.3194490733864066,0.7067694120666675
2023-11-10 06:00:00,2023,671,1,REJECT,FVG,0,0.15199659727781198,-0.6248748999199308,-0.6248748999199308,0.007881305044028,0.0,-0.7768714971977427,0.613173724162703,-0.3335141606792649,-0.0358117211016674,1.380007958521878,0.846184619301029
2023-11-11 00:00:00,2023,672,-1,REJECT,OB,1,0.6069270915704489,0.6069270915704489,-0.8471927882334397,0.7595128894512181,0.15714059781750392,-1.4541198798038888,0.4682862600878578,-0.587182265634349,-0.027997260612998398,0.9676571876083894,0.4531405654322672
2023-11-11 00:00:00,2023,672,-1,REJECT,OB,1,0.43156729400600574,0.43156729400600574,-0.8471927882334397,0.7595128894512181,0.33250039538194714,-1.2787600822394456,0.5554973932762105,-0.6283487195310318,-0.03956813691949479,0.8931179266213712,0.4961246801264256
2023-11-13 03:45:00,2023,672,-1,ACCEPT,FVG,1,0.4782539933575627,0.4782539933575627,-0.609204491538842,1.0123042859402296,0.5238019927249877,-1.0874584848964046,0.5042703130019928,-0.46622541412400187,0.010047512310663365,0.7656511326741229,0.38609513632391024
2023-11-13 07:00:00,2023,672,-1,REJECT,FVG,1,0.18917378917379854,0.18917378917379854,-1.1452991452991403,0.4672364672364829,0.2780626780626843,-1.334472934472939,0.6473068795707815,-0.5051939713082494,-0.05572494299606315,1.062671086578455,0.6878743050631915
2023-11-13 11:45:00,2023,672,-1,REJECT,OB,1,0.5212113548713327,0.5212113548713327,-0.7920591768350551,0.8170955301258214,0.29702219131315866,-1.313270531706388,0.5587218319613823,-0.5253696265830531,0.05937801667108278,0.9795673139344561,0.5473056441709497
2023-11-13 14:00:00,2023,672,-1,REJECT,FVG,1,0.2221645536771134,0.2221645536771134,-0.889797520111899,0.728016152818843,0.500155072124373,-1.1119620737890126,0.5201145411622075,-0.23080984412682248,0.004788726945198857,1.6195513305742442,0.8423521971902656
2023-11-13 21:30:00,2023,673,1,ACCEPT,FVG,1,0.325349175251231,0.325349175251231,1.7143398849775568,3.2864817038488385,2.9599949440687583,1.3889907097263259,0.6666087473814413,-0.5294993216810715,0.04035016405987851,0.9235765767174561,0.615664224916463
2023-11-14 02:45:00,2023,673,1,INSIDE,OB,1,0.20056472137457634,0.20056472137457634,1.7207541436114204,3.2990617521556955,3.0939387416589734,1.5201894222368442,0.6593072965245271,-0.42490769020629826,-0.012529165476235504,0.9119982262275743,0.6012870849692661
2023-11-14 09:45:00,2023,673,1,REJECT,FVG,1,0.32291014951671376,0.32291014951671376,1.81794966738594,3.4026226075409696,3.082010750903376,1.495039517869226,0.45941828244719346,-0.15428114399418924,0.06494926046934439,0.8737004906766196,0.4013939787999227
2023-11-15 03:30:00,2023,673,1,REJECT,OB,1,0.18117072984286295,0.18117072984286295,-0.1719975283318151,1.4092330821320012,1.2303556526669193,-0.35316825817467806,0.6435821968171149,-0.527654650252562,-0.07146725497102191,1.1489401549586409,0.7394374289396786
2023-11-16 09:00:00,2023,674,-1,REJECT,FVG,0,1.2032851594830332,0.0813649964983806,0.0813649964983806,0.2452409753613153,0.0,-1.1219201629846525,0.07247902904581957,0.00188227050504014,0.08895878539100764,1.2709758091970609,0.0921190925913278
2023-11-16 14:15:00,2023,675,1,INSIDE,OB,1,0.5911838983699239,0.5911838983699239,2.028392132853736,3.4300145404453835,2.845718221473938,1.4372082344838122,0.430126648568883,-0.2114145498842674,0.133804430809894,0.908011757967102,0.3905600543155293
2023-11-16 20:45:00,2023,675,1,REJECT,FVG,1,0.31625417041951354,0.31625417041951354,-0.4669601288865938,0.9350619695797034,0.6176660873536222,-0.7832142993061074,0.7018005872327758,-0.8662997225247259,-0.03638270602205357,1.4330796207935763,1.0057361194242556
2023-11-17 02:30:00,2023,675,1,INSIDE,FVG,1,0.37457413129127515,0.37457413129127515,-0.097069515730987,1.3030154994004362,0.9295833624118772,-0.47164364702226225,0.5586703916986521,-0.41217773279879105,0.027357239282050888,0.9053538600174231,0.5057943956018204
2023-11-17 13:45:00,2023,675,1,REJECT,OB,0,0.6159440877322401,-0.778453321211448,-0.778453321211448,0.4170691516563265,0.0,-1.3943974089436881,0.5378604113429879,-0.6184141533864222,0.04549827792626854,1.4512091549813704,0.7805479530429897
2023-11-17 22:30:00,2023,676,-1,ACCEPT,FVG,1,0.24939343634274871,0.24939343634274871,0.0137913421019162,0.8631081598774091,0.609117609500697,-0.23560209424083245,0.6098906989002082,-0.48190915392754546,-0.03589450604006314,0.7210910337060091,0.4397867145176315
2023-11-20 18:15:00,2023,678,-1,REJECT,FVG,0,1.0370541649806375,-0.3375917683103152,-0.3375917683103152,0.2266026937973334,0.0,-1.3746459332909526,0.45736138539144583,-0.4331232340493376,0.23927913794220423,1.7023454634966213,0.7785870795996577
2023-11-21 13:15:00,2023,679,1,ACCEPT,FVG,1,0.8374611219905516,0.8374611219905516,0.517221518258266,2.360327151249856,1.5251699113005415,-0.3202396037322856,0.23646783469547603,-0.30461096983032293,-0.03454765521130787,0.8871073691064286,0.2097723587149976
2023-11-22 07:30:00,2023,679,1,REJECT,FVG,1,0.3236155493014927,0.3236155493014927,-0.8610689350672418,0.8576383815410805,0.520300618134943,-1.1846844843687345,0.35053386538642917,-0.2861899847163174,-0.07243249374301881,1.3155126443075582,0.46113173217385106
2023-11-22 07:30:00,2023,679,1,REJECT,FVG,1,0.18639340825494066,0.18639340825494066,-0.8610689350672418,0.8576383815410805,0.6575227591814952,-1.0474623433221824,0.5191288470193063,-0.35027546897595857,-0.07167517350793623,1.0750758144423156,0.5581028680097809
2023-11-22 12:15:00,2023,679,1,ACCEPT,FVG,0,0.5731973965219408,-1.132665514085207,-1.132665514085207,0.2253889962371636,0.0,-1.705862910607148,0.3673445652952103,-0.35397614019952184,-0.013383980399353429,0.8287553459370327,0.3044387722893209
2023-11-22 14:00:00,2023,679,1,ACCEPT,FVG,0,0.34437608054510205,-1.0399928811146044,-1.0399928811146044,0.2906030712905479,0.0,-1.3843689616597064,0.4980026440180926,-0.47024109988319623,-0.06455959016734011,1.1559684086421118,0.5756753239051586
2023-11-22 17:15:00,2023,679,1,ACCEPT,FVG,0,1.1419880748598215,-0.1924312904478045,-0.1924312904478045,0.2909377843674988,0.0,-1.334419365307626,0.7197269452838856,0.1454221930354922,0.8626775109350584,0.5572888963924959,0.4010958350411989
2023-11-22 17:15:00,2023,679,1,ACCEPT,FVG,0,1.1671874105137026,-0.1924312904478045,-0.1924312904478045,0.2909377843674988,0.0,-1.359618700961507,0.6226665617901415,0.1256265797163184,0.7741716811242089,0.4681541046209251,0.2915039067122536
2023-11-22 19:15:00,2023,679,1,REJECT,OB,0,1.3378556383513596,0.0836159773969616,0.0836159773969616,0.195867563491512,0.0,-1.254239660954398,0.0488916085612206,-0.058204368971221054,0.010051250434769322,0.9045753057363282,0.044226141762207
2023-11-23 07:30:00,2023,680,-1,REJECT,FVG,0,0.9137807711054098,-0.1503978326507545,-0.1503978326507545,0.0193694178413942,0.0,-1.0641786037561642,0.1388600580707527,-0.12290159487597319,0.02105217866512693,0.8685621333142073,0.12060858827006767
2023-11-23 07:30:00,2023,680,-1,REJECT,FVG,0,0.7121109500509554,-0.1503978326507545,-0.1503978326507545,0.0193694178413942,0.0,-0.8625087827017098,0.10563708090815455,-0.15285834925099867,-0.06148551739756841,1.3931543571855116,0.14716875954755393
2023-11-23 07:30:00,2023,680,-1,REJECT,FVG,0,0.20736670865485682,-0.1503978326507545,-0.1503978326507545,0.0193694178413942,0.0,-0.3577645413056113,0.33340003482422276,-0.31076682138420425,-0.1380210844255838,0.8460758992316209,0.28208173426775796
2023-11-23 16:45:00,2023,682,-1,ACCEPT,FVG,1,0.20790627717028418,0.20790627717028418,0.1096648494964216,0.4557945307194861,0.24674591136694862,-0.09824142767386256,0.5296526201067716,-0.3545157639630399,-0.05662745627097633,1.2622345688934826,0.6685458466037744
2023-11-24 01:15:00,2023,682,-1,INSIDE,OB,0,0.46017608843949315,0.1136095579937913,0.1136095579937913,0.2719743964093644,0.0,-0.3465665304457018,0.4517886708483622,-0.1361855467511131,0.13324388375660678,1.107349185502916,0.500287816683379
2023-11-24 07:30:00,2023,683,1,REJECT,OB,1,0.11478859766596512,0.11478859766596512,1.83891333460876,2.768700975703093,2.6516166060837842,1.7241247369427941,0.6515950704319603,-0.4737976843235907,-0.09027776445532043,1.0026576090152863,0.6533267553654564
2023-11-24 20:00:00,2023,683,1,REJECT,OB,1,0.31247524752473826,0.31247524752473826,1.071683168316829,2.02930693069306,1.7192079207920816,0.7592079207920907,0.6256818005939037,-0.5848740151196606,-0.02341891270670135,1.1533471006492413,0.7216282906439755
2023-11-27 07:30:00,2023,683,1,INSIDE,FVG,0,0.8275753044784201,-0.1304201769235221,-0.1304201769235221,0.6224599353168616,0.0,-0.9579954814019421,0.4086911559926759,-0.67469908889169,-0.060732830447063735,1.3974084770224169,0.5711084858682562
2023-11-27 12:45:00,2023,683,1,REJECT,FVG,1,0.11177539223782644,0.11177539223782644,-0.5446077621800077,0.2045251857968652,0.09631709331130643,-0.6563831544178341,0.8765257889041949,-0.608889909175782,0.022791812681660514,0.8516790024510136,0.7465186095165124
2023-11-27 18:45:00,2023,683,1,REJECT,FVG,0,1.0344141107144373,0.2783123415663713,0.2783123415663713,0.4252325905477258,0.0,-0.7561017691480659,0.2145143644257134,-0.2117185593371269,0.05559479836910158,0.802888131556509,0.17223103724579308
2023-11-27 18:45:00,2023,683,1,REJECT,FVG,0,0.8695767581987304,0.2783123415663713,0.2783123415663713,0.4252325905477258,0.0,-0.591264416632359,0.3039474918756408,-0.3539148439362445,0.017962359863590516,0.8776548768535644,0.26676099855206525
2023-11-27 20:30:00,2023,684,-1,INSIDE,OB,0,0.7685779451545965,-0.1873707102318128,-0.1873707102318128,0.058478756696548,0.0,-0.9559486553864094,0.44415771863995474,-0.37379121093314,0.13360086727943943,1.2357962557446698,0.5488884456553506
2023-11-28 01:15:00,2023,685,1,REJECT,OB,1,0.09665166289914563,0.09665166289914563,2.932960338347129,4.547401077884788,4.450749414985642,2.8363086754479836,0.6820497674754372,-0.5142679921839554,-0.09759038348835201,0.678197982783687,0.46256477645992433
2023-11-28 11:45:00,2023,685,1,INSIDE,FVG,1,0.4043465257700986,0.4043465257700986,2.8364071378726,4.453793240953021,4.050643006679283,2.4320606121025015,0.44602837057359723,-0.12334772680901313,0.11201888082990034,0.7818221252130904,0.3487148485871816
2023-11-28 11:45:00,2023,685,1,INSIDE,FVG,1,0.3541022829229432,0.3541022829229432,2.8364071378726,4.453793240953021,4.100887249526437,2.482304854949656,0.4086513836764134,-0.11958765887860412,0.07398639127219794,1.2261749098209886,0.5010780735276484
2023-11-28 11:45:00,2023,685,1,INSIDE,FVG,1,0.25720267171765887,0.25720267171765887,2.8364071378726,4.453793240953021,4.197786860731722,2.5792044661549403,0.3753478627059035,-0.1146756951203608,0.024908055058851825,1.06938233225542,0.4013903728275262
2023-11-28 11:45:00,2023,685,1,INSIDE,FVG,1,0.2572026717176589,0.2572026717176589,2.8364071378726,4.453793240953021,4.197786860731723,2.5792044661549407,0.3581863708705551,-0.12499662076286511,0.01190195676002763,0.5774681018761393,0.20684120370452233
2023-11-28 15:30:00,2023,685,1,REJECT,FVG,1,0.03235018072168642,0.03235018072168642,2.634742496555306,4.259440461688993,4.223495816442651,2.6023923158336193,0.8488016913198406,-0.20231191984857502,-0.0031303319958705736,0.8867004707707152,0.752632859284282
2023-11-29 01:15:00,2023,685,1,REJECT,FVG,1,0.10119114544407279,0.10119114544407279,-0.3880978048796608,1.2226271337773105,1.1214359883332379,-0.48928895032373354,0.6195296761056327,-1.1702397010097898,-0.3825505605155179,1.1253885149765628,0.6972115821764289
2023-11-29 05:15:00,2023,685,1,REJECT,FVG,0,0.6506066930455535,-0.9528010586678388,-0.9528010586678388,0.2974540618477957,0.0,-1.6034077517133922,0.6358661992688337,-0.9274281416073611,0.07599087101721014,0.7992879237146526,0.5082401741739137
2023-11-29 09:45:00,2023,685,1,ACCEPT,FVG,0,0.8766756565127956,-0.382874674476987,-0.382874674476987,0.2898397068470897,0.0,-1.2595503309897826,0.16300367783562345,-0.3823530482328634,-0.17712673885869978,1.30716271108038,0.2130723294356864
2023-11-29 13:15:00,2023,686,-1,INSIDE,FVG,0,0.4811944712141361,-0.6665434527188631,-0.6665434527188631,0.2815878757475217,0.0,-1.1477379239329992,0.6424483555451945,-0.3907541516194901,0.16942780723987014,1.3833666587664328,0.888741635040545
2023-11-30 15:15:00,2023,688,-1,INSIDE,OB,1,0.6107024085457972,0.6107024085457972,-0.0846518190063544,1.168195102287625,0.5562833820417378,-0.6953542275521516,0.5311483315836649,-0.37563806384070136,0.14825503244083124,1.332298285551311,0.707648011542356
2023-11-30 21:15:00,2023,688,-1,INSIDE,FVG,0,0.5653410810483716,-0.687609708855404,-0.687609708855404,0.1501119786937848,0.0,-1.2529507899037755,0.5595372449925962,-0.491133443520862,0.10000340136146976,1.449269422255951,0.8109202197811064
2023-11-30 22:45:00,2023,688,-1,REJECT,FVG,0,0.19006113431392338,-0.7880878881423633,-0.7880878881423633,0.044791477513482,0.0,-0.9781490224562867,0.6700791597383485,-0.5803146890190094,-0.06410190463733936,1.016018773811211,0.6808130062338035
2023-12-01 08:45:00,2023,689,1,ACCEPT,FVG,1,0.4160218169422036,0.4160218169422036,-0.284711095960449,1.2051133458326433,0.7890915288904397,-0.7007329129026526,0.4613989190686995,-0.34984469119944467,0.0035252878080312133,1.2967920456195505,0.5983384481057483
2023-12-01 13:30:00,2023,689,1,REJECT,OB,0,1.037389679302711,-0.4530139546303789,-0.4530139546303789,0.0147321611262063,0.0,-1.49040363393309,0.37020010914021717,-0.5329567630181854,0.04838566131696226,1.1296398187849916,0.41819278420333905
2023-12-01 17:00:00,2023,690,-1,REJECT,FVG,0,1.2971181968788912,-2.7967193667804886,-2.7967193667804886,0.0576769680731147,0.0,-4.09383756365938,0.4016621725210285,-0.11323528714510817,0.4532503572705731,0.5606794534049964,0.2252037273425536
2023-12-04 08:00:00,2023,691,1,INSIDE,FVG,0,6.90302289237772,-1.7560631126048751,-1.7560631126048751,0.2177424100749895,0.0,-8.659086004982596,7.889714300540675e-05,0.1343669357875864,0.1349009634045479,1.786921302153466,0.00014098298551540965
2023-12-04 20:00:00,2023,692,-1,ACCEPT,FVG,1,0.677331518039486,0.677331518039486,0.1327433628318667,1.8255048786022152,1.1572498298162068,-0.5445881552076193,0.5146022894985729,-1.450361168146133,-0.3554456404856449,1.1552975801950414,0.5945187798205294
2023-12-04 23:15:00,2023,692,-1,REJECT,FVG,1,0.7590197413206328,0.7590197413206328,0.4560925799863834,2.1567960063535283,1.398910823689577,-0.30292716133424935,0.7934461086942758,-1.3165424374670593,0.3303042966450476,0.9157007090949033,0.7265591643599401
2023-12-05 08:30:00,2023,692,-1,REJECT,FVG,1,0.5459867161994976,0.5459867161994976,0.944500731734786,2.6387481706630718,2.087132725430594,0.3985140155352881,0.2585546828560497,-0.509099860573578,-0.23630228533034037,0.771584065390728,0.19949667332388119
2023-12-05 08:30:00,2023,692,-1,REJECT,FVG,1,0.31520882584714427,0.31520882584714427,0.944500731734786,2.6387481706630718,2.3179106157829477,0.6292919058876415,0.5664441031401415,-0.5328654008140168,-0.05247875609666636,0.7777090235763657,0.4405286903637096
2023-12-05 15:30:00,2023,692,-1,REJECT,OB,1,0.7264140335095062,0.7264140335095062,0.358709097042624,2.038682109524358,1.3190149555830453,-0.3677049364668821,0.5338031864743452,-0.4970029297673202,0.15606094361661668,0.9008655800799087,0.48088491723171467
2023-12-05 23:15:00,2023,692,-1,REJECT,FVG,0,0.28222190167388955,-0.637821497782975,-0.637821497782975,0.2302930717658897,0.0,-0.9200433994568646,0.5495810083609056,-0.5675439316983556,-0.10052876812299183,0.8908761911604159,0.4896086354626643
2023-12-06 07:15:00,2023,692,-1,REJECT,FVG,0,0.4929152848960048,-0.3776002411817816,-0.3776002411817816,0.0079137775098165,0.0,-0.8705155260777864,0.2864806268598312,-0.30563264716972827,-0.07686413501391515,0.9464763692790633,0.27114714357908315
2023-12-06 07:15:00,2023,692,-1,REJECT,FVG,0,0.2803738317757031,-0.3776002411817816,-0.3776002411817816,0.0079137775098165,0.0,-0.6579740729574847,0.36528346275655293,-0.32511608404783787,-0.1039406309316411,0.7212268639715029,0.26345224630455993
2023-12-06 18:30:00,2023,693,1,ACCEPT,FVG,0,0.8630698150030307,0.0965201613657621,0.0965201613657621,0.6632955275250905,0.0,-0.7665496536372686,0.4270627642490742,-0.34687833818900504,0.169845464711248,1.3784952221938476,0.5887039800942463
2023-12-07 03:15:00,2023,693,1,REJECT,FVG,0,0.2098404456431482,-0.3629672573286414,-0.3629672573286414,0.0056713633957809,0.0,-0.5728077029717896,0.6220993654734491,-0.42131010087176857,-0.028671746366618234,0.8824265940438247,0.5489570242315602
2023-12-07 13:45:00,2023,695,1,REJECT,OB,1,0.2795807551458561,0.2795807551458561,-0.4250536683924751,0.8273771940901604,0.5477964389443043,-0.7046344235383313,0.7900255605010951,-0.6235717776202412,0.08994180829627849,0.4932789470544482,0.3897029766300804
2023-12-08 01:15:00,2023,696,-1,REJECT,FVG,0,0.9130798691252195,-0.1917467725162774,-0.1917467725162774,0.1517995282420853,0.0,-1.104826641641497,0.36395001068170646,-0.4539988750845845,0.043549448473307495,1.427390770618549,0.5194988862135901
2023-12-08 06:30:00,2023,696,-1,REJECT,OB,0,0.4672808433849527,0.1230886124038547,0.1230886124038547,0.1937505935986376,0.0,-0.34419223098109797,0.3188880722362874,-0.29438291241517006,-0.05149742563581852,1.0539394346742974,0.3360887145770893
2023-12-08 18:45:00,2023,698,-1,REJECT,FVG,1,0.18055757086350072,0.18055757086350072,1.8930155385498708,3.2239178847888894,3.041089149512014,1.71245796768637,0.8064581273294775,-0.9587845023192209,-0.03995282759259869,0.8764707958608946,0.7068369966889538
2023-12-08 22:30:00,2023,698,-1,INSIDE,FVG,1,0.9601918884648264,0.9601918884648264,1.7607265776767105,3.077336298276642,2.116020063338179,0.8005346892118839,0.4508475091033145,-0.738444588611565,0.02738143595035547,1.2281507177979503,0.5537086919226536
2023-12-11 12:00:00,2023,698,-1,INSIDE,OB,1,0.23560507379256448,0.23560507379256448,0.6692549922223638,2.004350410380272,1.765330770300862,0.4336499184297997,0.5657787097901577,-0.6456753657440734,-0.14706565569973137,1.1105196423702892,0.6283083704568895
2023-12-11 15:30:00,2023,698,-1,REJECT,OB,1,0.34259481744716824,0.34259481744716824,0.7648628482541485,2.10223464393662,1.7539488826780423,0.4222680308069802,0.69230137433586,-0.5179840088807135,0.07779589531042044,0.7044835820796564,0.4877149520707958
2023-12-12 05:15:00,2023,698,-1,INSIDE,OB,0,0.8307848813478332,-0.4916890114099637,-0.4916890114099637,0.0158244739304464,0.0,-1.3224738927577968,0.20786286420417038,-0.31713388949493504,-0.07852420591382647,1.25211675461313,0.2602685749319156
2023-12-12 05:15:00,2023,698,-1,INSIDE,OB,0,0.31535915904223866,-0.4916890114099637,-0.4916890114099637,0.0158244739304464,0.0,-0.8070481704522026,0.11922231566824214,-0.2659765272377773,-0.19666834053888707,1.7979662632969269,0.21435770140363597
2023-12-12 11:15:00,2023,699,1,REJECT,FVG,1,0.5981531503235091,0.5981531503235091,-0.6840881964947501,1.4676801306614768,0.8683962560462419,-1.2822413468182592,0.49091909367808767,-0.21043519066226005,0.18651626485314224,1.6548254358741714,0.8123854031747946
2023-12-12 19:15:00,2023,699,1,REJECT,FVG,0,2.000802025113414,-0.1443645204140425,-0.1443645204140425,0.1342138900724135,0.0,-2.1451665455274567,0.06183110856646158,-0.04626088163494674,0.08031128719458758,0.8404762343895568,0.051967577296071495
2023-12-12 21:30:00,2023,700,-1,REJECT,OB,1,0.3216112128290848,0.3216112128290848,-0.4920765199823143,0.7920954605720096,0.47502998926700685,-0.8136877328113991,0.6694721392335959,-0.6637464629782568,-0.004076951845271737,1.0187305182860442,0.6820116993795079
2023-12-13 10:30:00,2023,700,-1,REJECT,OB,0,0.8349187159991057,-0.4638437311106114,-0.4638437311106114,0.0847516940794717,0.0,-1.2987624471097172,0.3523386084032466,-0.4683971015248217,-0.009188620068501463,1.0390175117696423,0.3660859842035197
2023-12-14 12:15:00,2023,701,1,REJECT,OB,1,0.7276441638035077,0.7276441638035077,0.2429194911319601,1.571176525211246,0.8424180518153908,-0.48472467267154756,0.6704231046718361,-0.8692184259285602,0.20135514921392123,1.4264296170197432,0.9563113724382344
2023-12-14 22:00:00,2023,701,1,REJECT,FVG,0,1.6221610333930736,0.3015911148892166,0.3015911148892166,0.384750429656463,0.0,-1.3205699185038569,0.06277305898361564,-0.17589541827479785,-0.06302591457837993,0.9241347749489378,0.058010766736680035
2023-12-15 04:30:00,2023,702,-1,ACCEPT,FVG,0,0.6318343043022834,-0.6219102052818376,-0.6219102052818376,0.3352140113575763,0.0,-1.253744509584121,0.4496271449811738,-0.29318520005637294,0.1227286787403101,1.4268195486189543,0.6415368000488675
2023-12-15 09:00:00,2023,702,-1,INSIDE,OB,0,0.23465184740896314,-0.7204803202134973,-0.7204803202134973,0.0330495559730902,0.0,-0.9551321676224603,0.6202515249718943,-0.3959935556845642,-0.0048347826992888865,0.6329088713886355,0.3925626926470417
2023-12-15 11:15:00,2023,702,-1,ACCEPT,FVG,0,0.9661486862801492,0.0451677264965474,0.0451677264965474,0.3315972115967213,0.0,-0.9209809597836016,0.08485016475751166,0.12313124832150324,0.19466141682574972,0.865403303836683,0.07342961291223747
2023-12-15 20:00:00,2023,704,-1,REJECT,OB,1,0.6344621635845149,0.6344621635845149,1.076162385107762,1.8846610449533243,1.2490973845570317,0.44170022152324706,0.2556167301663158,-0.4615046990191762,-0.18135723322978475,0.785825420112369,0.20087012437069518
2023-12-18 02:00:00,2023,704,-1,REJECT,FVG,0,0.21289500818827467,-0.5873718687450843,-0.5873718687450843,0.1462970825498789,0.0,-0.800266876933359,0.9104087018566218,-0.5897495836572231,0.1409850372570746,1.2089452652237331,1.1006342895280483
2023-12-18 03:15:00,2023,704,-1,INSIDE,FVG,0,0.8068174925698903,0.0480378480014368,0.0480378480014368,0.5142233274701076,0.0,-0.7587796445684534,0.11081673780400081,-0.5278022407032352,-0.3799040356530618,1.7070666895671212,0.1891715617517033
2023-12-19 03:00:00,2023,707,1,INSIDE,OB,0,0.7020238361581634,-0.1262554496036467,-0.1262554496036467,0.0881611329128791,0.0,-0.8282792857618102,0.5137585809922989,-0.475251685781516,0.12958371580718173,1.515245328429011,0.7784702897888985
2023-12-19 10:30:00,2023,708,-1,INSIDE,OB,0,0.57471472887905,-0.3330733087821724,-0.3330733087821724,0.2938882136313388,0.0,-0.9077880376612224,0.4528075737531732,-0.2000536933921473,0.1507673161170475,1.0713747420809423,0.4851265975421032
2023-12-19 10:30:00,2023,708,-1,INSIDE,OB,0,0.49852148830798315,-0.3330733087821724,-0.3330733087821724,0.2938882136313388,0.0,-0.8315947970901556,0.5067805116380253,-0.22440648285439407,0.14195932424871505,1.3407131640437382,0.6794473032339213
2023-12-19 20:30:00,2023,709,1,REJECT,FVG,0,0.9307517331676276,-0.2139534322450414,-0.2139534322450414,0.5517174801040375,0.0,-1.144705165412669,0.5487995715190198,-0.6898172242858629,0.1995503251816373,1.4673348704249176,0.8052727481641112
2023-12-20 11:45:00,2023,709,1,ACCEPT,FVG,0,0.35880832145359204,-0.407736728924542,-0.407736728924542,0.0500157054147477,0.0,-0.766545050378134,0.5353728821822329,-0.2211871296306835,0.08932670666888937,0.9544439895570624,0.5109834295706736
2023-12-20 13:30:00,2023,709,1,REJECT,OB,0,0.9830004712022877,0.3207800210228767,0.3207800210228767,0.3349160897459057,0.0,-0.6622204501794111,0.12482721171183028,-0.08751323483309276,0.04611600619060173,0.955294433045527,0.11924674044090687
2023-12-20 17:45:00,2023,710,-1,REJECT,FVG,1,0.47305035502888676,0.47305035502888676,-0.2441200226639826,0.7095755325433055,0.23327024387890186,-0.7171703776928694,0.5817727119365076,-0.30793475233332257,0.1464210715588145,1.1478828512675403,0.6678069193673277
2023-12-21 03:15:00,2023,710,-1,REJECT,FVG,0,0.7078908260538621,-0.2446627278988005,-0.2446627278988005,0.0391460364638219,0.0,-0.9525535539526627,0.39425631564951225,-0.23063570686649265,0.13938430614199707,1.279550553903263,0.5044708870691931
2023-12-21 09:15:00,2023,711,1,ACCEPT,FVG,1,0.303987796905665,0.303987796905665,1.9252560470690885,3.833079102200926,3.528001743299184,1.6212682501634228,0.5500920016644779,-0.24058636975234202,0.058979523639326056,1.2176206825127924,0.6698033985115297
2023-12-21 19:00:00,2023,711,1,REJECT,OB,1,0.46718253920349156,0.46718253920349156,1.235317551335745,3.1420741938988725,2.669459299588344,0.7681350121322535,0.5254814475833324,-0.510008927134993,0.0034870591626330882,1.543359586782901,0.8110068298042925
2023-12-22 07:00:00,2023,711,1,REJECT,FVG,1,0.5751771378866647,0.5751771378866647,0.3685917764528796,2.2800500154032752,1.6961745465088807,-0.20658536143378503,0.47382253040831357,-0.7720135202463179,-0.13368423366730675,1.4407577372418285,0.6826634767652794
2023-12-22 07:00:00,2023,711,1,REJECT,FVG,1,0.17070474602682462,0.17070474602682462,0.3685917764528796,2.2800500154032752,2.1006469383687203,0.19788703042605502,0.5405596502442469,-0.764531266061935,-0.25898041447141085,1.3677243153279288,0.7393365775242172
2023-12-22 07:00:00,2023,711,1,REJECT,FVG,1,0.1674428718989506,0.1674428718989506,0.3685917764528796,2.2800500154032752,2.1039088124965946,0.20114890455392903,0.540563604102428,-0.8020240830240657,-0.2779655318126739,1.3245587794252958,0.7160082676516508
2023-12-22 18:45:00,2023,711,1,REJECT,FVG,0,1.4667941616901723,-0.4275894419686963,-0.4275894419686963,0.1158280260523028,0.0,-1.8943836036588686,0.34634117766637385,-0.8297866624967646,-0.0343861552418494,1.7127027213225363,0.5931794774952506
2023-12-26 07:45:00,2023,713,1,INSIDE,FVG,0,0.38841664779030666,-0.3015057404117779,-0.3015057404117779,0.3841247511295957,0.0,-0.6899223882020846,0.6728147132113437,-0.3215330105766157,0.15613156521201657,0.7656186008034331,0.5151194593288321
2023-12-26 07:45:00,2023,713,1,INSIDE,FVG,1,0.3723220353127995,0.3723220353127995,-0.3015057404117779,0.3841247511295957,0.010729741651655094,-0.6738277757245775,0.666034628067243,-0.3313568239889048,0.13731766334488765,1.070692652926547,0.7131183828662625
2023-12-26 13:15:00,2023,713,1,REJECT,OB,0,0.19146189884312326,-0.4947891767855341,-0.4947891767855341,0.0892771775504272,0.0,-0.6862510756286573,0.4880579026606427,-0.412014202369556,-0.11748292210587406,1.4039486221758923,0.6852082199824651
2023-12-26 20:15:00,2023,714,-1,INSIDE,FVG,0,0.4492044210855574,-0.9979915090141346,-0.9979915090141346,0.0606155363392979,0.0,-1.447195930099692,0.4625217343610067,-0.17065340866165635,0.11604430981027454,0.6161331680299434,0.284974981474551
2023-12-27 07:45:00,2023,715,1,ACCEPT,FVG,1,0.4723618691231104,0.4723618691231104,1.3277780102458816,2.5630204379299952,2.0874305833687132,0.8554161411227712,0.4971123472603482,-0.25720917178887814,0.10546960085205603,1.3030511450766873,0.6477628133293565
2023-12-27 07:45:00,2023,715,1,ACCEPT,FVG,1,0.3464704370333894,0.3464704370333894,1.3277780102458816,2.5630204379299952,2.213322015458434,0.981307573212492,0.5014883701425639,-0.2919785375303711,0.02819619814280039,0.9945644137373475,0.49876248684693697
2023-12-28 01:45:00,2023,715,1,INSIDE,FVG,1,0.6489298098768119,0.6489298098768119,-0.1549683128064152,1.0772450077723066,0.4283151978954945,-0.8038981226832272,0.4691618326194894,-0.41378443546125704,0.08480052743238906,0.8763241803475715,0.4111378584206386
2023-12-28 10:15:00,2023,715,1,INSIDE,FVG,0,0.6955434491381398,-0.5315709565062118,-0.5315709565062118,-0.008573725104931,0.0,-1.2271144056443517,0.46524808451671545,-0.2516087332448742,0.18905200535464978,1.408130996862795,0.6551302490390285
2023-12-28 10:15:00,2023,715,1,INSIDE,FVG,0,0.6055193355363149,-0.5315709565062118,-0.5315709565062118,-0.008573725104931,0.0,-1.1370902920425263,0.541385892048124,-0.2981978884190934,0.19106186703125963,1.1602914900812953,0.6281654433935091
2023-12-28 13:15:00,2023,716,-1,INSIDE,FVG,1,0.5212633025187051,0.5212633025187051,1.1779058267548876,2.069063538218313,1.5456682794520895,0.6566425242361825,0.5223621360186688,-0.4630536436030963,0.05111625889246077,0.6202047265756104,0.3239714657429103
2023-12-28 16:30:00,2023,716,-1,REJECT,FVG,1,0.41560075736440644,0.41560075736440644,0.9241507843707636,1.8183868612705452,1.3995809566771344,0.5085500270063573,0.6479159660792295,-0.6205643427170409,0.050783569119811606,0.9794473537116012,0.6345995784037969
2023-12-28 19:30:00,2023,716,-1,INSIDE,OB,1,0.38568604989347277,0.38568604989347277,0.9626125511191556,1.851506715970532,1.4679574308964598,0.5769265012256828,0.5833338312624937,-0.5524771199802994,-0.00521480374846614,1.1581822492291907,0.6756068887430762
2023-12-29 02:30:00,2023,716,-1,REJECT,OB,1,0.30669656327092054,0.30669656327092054,0.1011672691344978,0.9893094002733273,0.6826128370024067,-0.20552929413642274,0.6381859789981718,-0.6549470122831693,-0.04123956557088013,1.6469458575301668,1.051057754444873
2023-12-29 08:00:00,2023,716,-1,INSIDE,OB,1,0.4644391577601963,0.4644391577601963,0.5912012214608025,1.495579306181869,1.0151617370308794,0.12676206370060614,0.2848320063236213,-0.11518298907333774,0.049911949918862386,0.8931924364834034,0.2544097937166515
2023-12-29 15:15:00,2023,716,-1,REJECT,FVG,1,0.18708808730774928,0.18708808730774928,-0.3167741478279381,0.569768265891872,0.3826801785841227,-0.5038622351356875,0.7953441877803042,-0.5790155485263508,0.030300525471659512,0.6124476989109717,0.48710671764826313
2023-12-29 20:45:00,2023,716,-1,INSIDE,FVG,0,0.7492573244706393,-0.1408859926355226,-0.1408859926355226,0.3127242109257629,0.0,-0.8901433171061619,0.3013515673695718,-0.227575044511574,0.06679492093854789,1.4862535135945145,0.44788482583024014
2023-12-29 21:45:00,2023,716,-1,INSIDE,OB,0,0.61584255871732,0.041625406915022,0.041625406915022,0.5027068373584624,0.0,-0.5742171518022979,0.4054338498304768,-0.5890717985584488,-0.10055873197211929,1.2938825044060853,0.5245837649896581
2024-01-02 02:15:00,2024,716,-1,REJECT,FVG,1,0.17908856711382723,0.17908856711382723,-0.2590388202895806,0.1876165941191898,0.011726037132416017,-0.43812738740340784,0.5668185861242487,-0.5129002028650402,-0.12066810665176059,0.6741152700461237,0.38210106425230994
2024-01-02 05:15:00,2024,717,1,REJECT,FVG,1,0.07137953076541427,0.07137953076541427,-0.2919103198465646,1.0440588082104432,0.9726792774450289,-0.3632898506119789,0.8074608530674906,-0.5878484585581936,-0.0555476639329866,0.8218915213714858,0.6636452289755576
2024-01-02 10:15:00,2024,717,1,REJECT,FVG,1,0.29598807089101503,0.29598807089101503,-0.8073366378065195,0.5198356800594205,0.22703027659736177,-1.1033247086975346,0.7043948176510211,-0.5567751124802309,0.04390685457006213,0.8226610739086924,0.5794781971445065
2024-01-02 13:15:00,2024,717,1,ACCEPT,FVG,0,0.524868074657355,-0.8074893456266814,-0.8074893456266814,0.203997308368856,0.0,-1.3323574202840363,0.5635338369270688,-0.46836924786594125,0.09135359147478045,1.314642682071936,0.7408456348160907
2024-01-02 19:45:00,2024,718,-1,REJECT,FVG,0,0.9353954927087644,0.0551480335837365,0.0551480335837365,0.7116217410517064,0.0,-0.8802474591250279,0.5009700923612185,-0.5642424275558202,0.18703131986751437,1.2158850773971401,0.6091220595242726
2024-01-03 01:30:00,2024,718,-1,REJECT,FVG,0,0.13390268332542402,-0.5145236965575537,-0.5145236965575537,0.0653698139069372,0.0,-0.6484263798829777,0.7303658387290561,-0.652024093045745,-0.07801002384179281,1.0534170758985826,0.7693798461701781
2024-01-03 09:15:00,2024,719,1,ACCEPT,FVG,0,0.39589520421062785,-0.5747890264341631,-0.5747890264341631,0.226528271928006,0.0,-0.9706842306447909,0.4563258391911858,-0.2073053817900766,0.0679506318173099,0.8483927636255878,0.3871435398251757
2024-01-04 04:00:00,2024,720,-1,ACCEPT,FVG,0,1.2137969655076073,-0.1658995852510296,-0.1658995852510296,0.0041999895000224,0.0,-1.379696550758637,0.25287931555838417,-0.24658137396264232,0.12271810097888403,0.8315161654554523,0.2102732387961069
2024-01-04 06:45:00,2024,720,-1,INSIDE,FVG,0,0.4441488896277788,0.0577498556253563,0.0577498556253563,0.2078994802513017,0.0,-0.38639903400242254,0.33086470666385054,-0.1391256069009021,0.053859338297565035,0.8037232595544231,0.26592366051138805
2024-01-04 14:00:00,2024,721,1,REJECT,FVG,0,0.6102051551814802,-0.5081536033666427,-0.5081536033666427,0.2198842714361021,0.0,-1.118358758548123,0.40191372848032925,-0.28336700013836297,0.07577191647243908,0.9465930209249264,0.3804487303933955
2024-01-04 20:00:00,2024,722,-1,REJECT,FVG,0,0.7434796344616929,-0.0105308730093629,-0.0105308730093629,0.1821841030621462,0.0,-0.7540105074710557,0.5123259191711885,-0.47924533576966155,0.14718835849768122,1.295779696054125,0.6638615238242929
2024-01-05 04:45:00,2024,723,1,INSIDE,OB,0,0.189651135565437,-0.7859985951767793,-0.7859985951767793,0.0684851322875302,0.0,-0.9756497307422163,0.6599817335932768,-0.47324918123638926,-0.03574708095398754,1.1863524395349097,0.7829709396968628
2024-01-05 15:15:00,2024,724,-1,REJECT,FVG,1,0.4055667400159336,0.4055667400159336,-0.1085022707055547,1.7307692307692175,1.3325764314808632,-0.5140690107214884,0.5935100496060088,-0.4093740748265187,0.07430148861658642,0.9655263737313402,0.5730496059691975
2024-01-05 17:15:00,2024,724,-1,ACCEPT,OB,0,3.744221073382924,1.9092701252028128,1.9092701252028128,2.068375968969712,0.0,-1.8349509481801116,0.002228883514938309,0.058613023045791024,0.06682781407171137,1.9984858580178497,0.004454392183773327
2024-01-05 22:45:00,2024,725,1,REJECT,FVG,0,0.6883643547884094,-1.360091504627242,-1.360091504627242,0.2953103878548325,0.0,-2.0484558594156512,0.5782209520275927,-0.4586201529124742,0.20459032109123046,1.460452394580153,0.8444641739851136
2024-01-08 05:45:00,2024,725,1,INSIDE,FVG,0,0.9314265605981111,-0.7195971086895153,-0.7195971086895153,0.0685330579704142,0.0,-1.6510236692876263,0.04325886452496465,-0.013267412617656349,0.027598975987235118,0.9487997741646507,0.04104400089190568
2024-01-08 10:00:00,2024,726,-1,INSIDE,FVG,1,0.44045845272206197,0.44045845272206197,0.3795988538682022,1.5029226361031482,1.053180515759318,-0.06085959885385986,0.7445882990882842,-0.7134813473005495,0.14572872564856157,1.0810383938516426,0.8049285389271251
2024-01-08 13:00:00,2024,726,-1,INSIDE,OB,1,0.10931779508069384,0.10931779508069384,-0.0,1.1117413499716389,1.004486154798126,-0.10931779508069384,0.7279721006112306,-0.7859687088907608,-0.13422511194577608,1.3258469791518217,0.9651796105022061
2024-01-08 15:00:00,2024,726,-1,INSIDE,FVG,0,0.8064765637085497,-0.3073273861702701,-0.3073273861702701,0.6352807714123516,0.0,-1.1138039498788197,0.48014616934592796,-0.5578192863394575,0.09724213991563968,2.0876106985452973,1.0023582799921014
2024-01-09 07:45:00,2024,727,1,REJECT,FVG,1,0.4500760263557867,0.4500760263557867,-0.3770907247845955,1.0643689812468342,0.6142929548910476,-0.8271667511403822,0.5658644853758488,-0.40798410099473087,0.07756165139000501,0.9489757050658438,0.536991648981267
2024-01-09 18:00:00,2024,727,1,ACCEPT,FVG,0,1.3273488325180398,-0.1069141156891368,-0.1069141156891368,0.3328458318624198,0.0,-1.4342629482071767,0.11358477300256116,-0.02975318460530818,0.12439293995096516,1.3187524385452174,0.1497901963787325
2024-01-10 03:45:00,2024,728,-1,ACCEPT,FVG,1,0.38527354310079803,0.38527354310079803,-0.5046682088013366,0.6842618656113442,0.29597837295505103,-0.8899417519021345,0.562765109589466,-0.27858677360065043,0.09501065027993782,1.0448812240528387,0.5880226965620712
2024-01-10 06:30:00,2024,728,-1,REJECT,FVG,1,0.2151853265383895,0.2151853265383895,-0.6394944211211807,0.561704420447676,0.3394472756662237,-0.85467974765957,0.6006473657165295,-0.4442901312284837,-0.048177934766108876,1.0151079447760556,0.6097219129476581
2024-01-10 10:15:00,2024,728,-1,INSIDE,OB,0,0.9359329601417982,-0.2574572867704164,-0.2574572867704164,0.1140889153139521,0.0,-1.1933902469122146,0.2480491245660435,-0.28748894332286096,0.015979788806470302,0.8714893792979493,0.21617217760346097
2024-01-10 15:00:00,2024,729,1,INSIDE,OB,0,0.8766789312994229,-0.7528769697037511,-0.7528769697037511,0.2586756433340357,0.0,-1.629555901003174,0.36628424721566927,-0.26853201707747887,0.15094071305189727,1.085552753768692,0.39762087322706213
2024-01-10 17:00:00,2024,729,1,INSIDE,FVG,0,0.8347098214285678,-0.3324776785714238,-0.3324776785714238,0.2370535714285618,0.0,-1.1671874999999916,0.2627419363744707,-0.13246777095547524,0.12165034248550673,1.0552823067822428,0.2772669167056847
2024-01-11 01:15:00,2024,730,-1,ACCEPT,FVG,0,0.5308491244501655,-0.3963807261962556,-0.3963807261962556,0.0642237125988734,0.0,-0.927229850646421,0.5002186315807868,-0.367974121194573,0.08163401277483953,0.9688631484506983,0.48464339830706105
2024-01-11 01:15:00,2024,730,-1,ACCEPT,FVG,0,0.3893562576307588,-0.3963807261962556,-0.3963807261962556,0.0642237125988734,0.0,-0.7857369838270144,0.4704675597285546,-0.2588501098772762,0.04610995804473969,0.9688631484506983,0.4558186811625244
2024-01-11 11:00:00,2024,731,1,ACCEPT,FVG,1,0.476521526337158,0.476521526337158,-1.655812194457267,1.311435293070766,0.8329115754464791,-2.132333720794425,0.4682131797676275,-0.2736163284013104,0.07760810182985453,1.2105199765951216,0.5667814074138359
2024-01-11 18:30:00,2024,731,1,ACCEPT,OB,0,2.550133597393348,-0.3992985445352304,-0.3992985445352304,0.1901895810629238,0.0,-2.949432141928578,0.0290375201310355,0.06898136918463965,0.1410278769594136,1.7610256131537836,0.051135816693222126
2024-01-11 22:00:00,2024,732,-1,REJECT,FVG,0,1.317933278728449,-0.727204303455601,-0.727204303455601,0.2978549133331873,0.0,-2.0451375821840503,0.13664246451255477,-0.41893453500414907,-0.18160463640319394,1.3723021380003548,0.18751474619221653
2024-01-12 19:00:00,2024,733,1,INSIDE,FVG,0,1.3804439850905752,0.2493705263389359,0.2493705263389359,1.0222212448735406,0.0,-1.1310734587516393,0.24964922562369152,-0.39268044886096976,0.04997869300947977,1.2743806901590382,0.31814815244798944
2024-01-15 08:15:00,2024,733,1,REJECT,FVG,1,0.3328042934044865,0.3328042934044865,-0.3867990902694892,0.3838539195314217,0.05104962612693506,-0.7196033836739756,0.6214469896160992,-0.5114351818715351,0.01321489855382374,0.9196047716291345,0.571485616965526
2024-01-15 15:45:00,2024,733,1,REJECT,FVG,0,0.5318114794386202,-0.2398558243678721,-0.2398558243678721,0.3096499371962303,0.0,-0.7716673038064922,0.4279473881318265,-0.265950442655234,0.07544968825585655,1.3370613890705196,0.5721919292246407
2024-01-16 02:30:00,2024,733,1,ACCEPT,FVG,0,0.38796089600493444,-0.1662689554307119,-0.1662689554307119,0.0890726546950178,0.0,-0.5542298514356464,0.5473019187661197,-0.29917047942857244,0.07689784079058881,1.3597650864472408,0.7442020408837535
2024-01-16 17:15:00,2024,734,-1,INSIDE,FVG,1,0.7580364064192385,0.7580364064192385,2.855996173532518,3.6842944400767577,2.9222996190025916,2.0979597671132795,0.5822542238075716,-0.584035840542314,0.19739139390596833,1.0941061610030127,0.6370479335378911
2024-01-16 23:45:00,2024,734,-1,REJECT,FVG,1,0.36812672161040816,0.36812672161040816,1.7757874375786544,2.6068160530297733,2.238689331419365,1.4076607159682464,0.6120719576500656,-0.6372867381375451,-0.02190135358188991,1.0413582557092165,0.6373861861869977
2024-01-17 12:45:00,2024,734,-1,REJECT,FVG,1,0.7175786964453206,0.7175786964453206,1.6470739085075583,2.5209672625118773,1.8033885660665567,0.929495212062238,0.5527238368156092,-0.568264311149073,0.14245176955102273,1.1109459063637273,0.6140462838599539
2024-01-18 01:15:00,2024,734,-1,REJECT,OB,0,0.6060534209060057,-0.2827537967254954,-0.2827537967254954,0.1899251917627925,0.0,-0.8888072176315012,0.5492848625313989,-0.8909755780645203,-0.06868021015947734,0.6825164210636125,0.37489593851934877
2024-01-18 05:30:00,2024,734,-1,REJECT,FVG,0,0.2227086704101953,-0.3222851432378411,-0.3222851432378411,0.150970781383824,0.0,-0.5449938136480363,0.24085177830640514,-0.24453044904120474,-0.13199507622701617,1.0659188921787341,0.25672846071164146
2024-01-18 09:15:00,2024,734,-1,REJECT,FVG,0,0.7867751271393278,0.3140669104248374,0.3140669104248374,0.526303252623189,0.0,-0.4727082167144905,0.24302940738588133,-0.19698225139796743,0.042099721319439565,0.6419167051129547,0.15600463643469892
2024-01-18 17:45:00,2024,735,1,REJECT,OB,1,0.2439577760794788,0.2439577760794788,1.4852407336644973,2.6233521207489385,2.3740208253725594,1.2412829575850184,0.5828569070819669,-0.361098438809306,-0.008437244788506937,0.9297041935528303,0.541884510755337
2024-01-18 20:15:00,2024,735,1,REJECT,OB,1,0.19046931928862532,0.19046931928862532,1.386313625049598,2.523718480574292,2.3364957974099014,1.1958443057609727,0.6681020504683532,-0.5755606511759715,-0.06377445718836233,0.9510332112948421,0.6353872385295867
2024-01-19 17:15:00,2024,735,1,ACCEPT,FVG,0,1.5796235200453537,0.4353464134283075,0.4353464134283075,0.5775668128275744,0.0,-1.1442771066170463,0.18520552983386915,-0.2345652551152664,0.10143253820701434,1.926409088055414,0.35678161583008366
2024-01-22 14:00:00,2024,736,-1,REJECT,OB,1,0.6209175902570028,0.6209175902570028,-0.509304131624421,1.053284289231774,0.4280321957268831,-1.1302217218814237,0.3300784865670546,-0.3160020491943377,-0.00674503256928885,1.4328844232847222,0.47296432186332793
2024-01-22 18:45:00,2024,736,-1,INSIDE,FVG,0,0.7515408575783517,-0.8079335337603011,-0.8079335337603011,0.4695774766687279,0.0,-1.5594743913386526,0.4917403875264268,-0.4654765444029376,0.13298006447374672,0.6356543107106964,0.3125768970817216
2024-01-23 01:15:00,2024,736,-1,REJECT,FVG,0,0.22785362130996253,-1.0531416181119864,-1.0531416181119864,0.1646215158746495,0.0,-1.280995239421949,0.5687069504444815,-0.34856243265387404,-0.020750616416858852,0.6431788622011472,0.3657802893127658
2024-01-23 06:00:00,2024,736,-1,INSIDE,FVG,0,0.8506482082516853,-0.3789151839067247,-0.3789151839067247,0.0906338912514805,0.0,-1.22956339215841,0.1592150601615106,0.009330292495734027,0.14328077506777454,1.0972644845355453,0.17470103091841577
2024-01-23 13:00:00,2024,737,1,INSIDE,FVG,0,1.3843318638433186,-0.0184288501842964,-0.0184288501842964,0.5647900556479053,0.0,-1.402760714027615,0.1604534336828618,-0.2519635836455183,0.010585639423700471,1.3696811516886003,0.2197700438391326
2024-01-23 20:00:00,2024,738,-1,REJECT,FVG,0,0.3242527848240938,-0.4874820778647931,-0.4874820778647931,0.1477886842395412,0.0,-0.8117348626888868,0.6409750662907758,-0.5352844771936138,0.015657476307578272,1.3072547509400625,0.8379177006427382
2024-01-24 04:00:00,2024,739,1,REJECT,FVG,0,0.2564716720405277,-0.3006909258406299,-0.3006909258406299,0.0320589590050628,0.0,-0.5571625978811575,0.596689942909109,-0.34404595454601167,0.014276873777824162,1.172245572066384,0.6994671434717465
2024-01-25 01:15:00,2024,742,-1,REJECT,FVG,1,0.57656267225221,0.57656267225221,-0.3285194576121731,0.8003527725719326,0.2226876860324343,-0.9050821298643831,0.6341250923851106,-0.6105403202931378,0.1422314745253222,1.2211305908917236,0.7743495487634989
2024-01-25 05:15:00,2024,742,-1,INSIDE,FVG,1,0.1547132279809775,0.1547132279809775,-0.3889932589236365,0.7448336832799225,0.5868051718422123,-0.543706486904614,0.6791103162087242,-0.39054665598789456,-0.02025504376986159,0.9702795009899186,0.6589268187281067
2024-01-25 08:15:00,2024,742,-1,REJECT,FVG,1,0.058699022913535966,0.058699022913535966,-0.4762373557136132,0.6545494819226798,0.5980655164775771,-0.5349363786271492,0.7477579632593359,-0.5183107797440394,-0.08684710492813953,0.8144224920407851,0.6089909038810102
2024-01-25 08:15:00,2024,742,-1,REJECT,FVG,1,0.034333390760743175,0.034333390760743175,-0.4762373557136132,0.6545494819226798,0.6224311486303699,-0.5105707464743563,0.7578100507571567,-0.5326226996237702,-0.10297767599240301,0.8016856602932161,0.6075254509180867
2024-01-25 11:45:00,2024,742,-1,ACCEPT,FVG,1,0.4540867810292791,0.4540867810292791,-0.2934951145676799,0.8383992518028299,0.38541999950776756,-0.747581895596959,0.5006007667209966,-0.3953372979862129,0.029885047240218787,1.1970131926961431,0.5992257220388373
2024-01-25 18:45:00,2024,743,1,INSIDE,OB,0,1.21771353999951,0.6193829561963087,0.6193829561963087,0.7246448181616693,0.0,-0.5983305838032014,0.28269437221319027,-0.332858693528484,0.10547935059991653,1.2944628720426394,0.3659373689653772
2024-01-25 22:15:00,2024,743,1,REJECT,FVG,1,0.11188862834881101,0.11188862834881101,0.2603349273462609,0.3633610900832676,0.25479588633887384,0.14844629899744988,0.4827380971851731,-0.23011006645281207,-0.0650142672844638,1.062431510296156,0.5128761656699359
2024-01-26 02:45:00,2024,744,-1,ACCEPT,FVG,0,0.31053726999796827,-0.1083012543053453,-0.1083012543053453,0.0464148232737015,0.0,-0.4188385243033136,0.4533253577305401,-0.09981781531423123,0.0862065505314679,0.9562626642042591,0.4334981143347551
2024-01-26 05:00:00,2024,745,1,ACCEPT,FVG,1,0.24382918472295917,0.24382918472295917,-0.5880586219789694,0.530687049102951,0.2846512654232247,-0.8318878067019286,0.6693427537020907,-0.44060148669423604,0.017517223630320267,1.1786995192051637,0.7889539819721146
2024-01-26 09:15:00,2024,745,1,REJECT,FVG,1,0.3364898409487864,0.3364898409487864,-0.4236462259814453,0.6917348533603005,0.3563482577916729,-0.7601360669302316,0.5390598849365935,-0.41410190549824194,-0.009488005024150065,1.1221566463990378,0.604909632688699
2024-01-26 17:15:00,2024,745,1,REJECT,OB,0,0.9054559525345102,-0.2133736249562455,-0.2133736249562455,0.1039229054191066,0.0,-1.1188295774907557,0.23370541887989033,-0.30049891821939156,-0.01866072999960694,0.9082986816888434,0.21227432387214332
2024-01-29 01:15:00,2024,746,-1,INSIDE,OB,0,0.9354069701441732,0.1214666818026947,0.1214666818026947,0.5653309115677178,0.0,-0.8139402883414785,0.3975942609370847,0.07855344890700394,0.41923349141463484,0.934060357988851,0.37137703770520597
2024-01-29 01:15:00,2024,746,-1,INSIDE,OB,0,0.9285957543421587,0.1214666818026947,0.1214666818026947,0.5653309115677178,0.0,-0.807129072539464,0.46464182701676565,0.047722553809426194,0.4570130870750608,0.9128436167467118,0.42414532586578435
2024-01-29 11:15:00,2024,747,1,INSIDE,FVG,1,0.4168775944112685,0.4168775944112685,0.7802217272451317,2.1026121291890583,1.6857345347777903,0.36334413283386324,0.6531483238540808,-0.45906932246706,0.11305393807717012,1.1377830471390515,0.7431410901484602
2024-01-30 01:30:00,2024,747,1,ACCEPT,FVG,1,0.5009497724963656,0.5009497724963656,0.6963315431752196,2.0197022573662844,1.5142087227611125,0.1953817706788541,0.594225143055935,-0.4520018625325002,0.11426595911791476,1.1003086398434627,0.6538310589166629
2024-01-30 05:30:00,2024,747,1,REJECT,FVG,1,0.2275471054111969,0.2275471054111969,0.5574904082574428,1.8772636196424004,1.6508542497582586,0.3299433028462459,0.5418191856248712,-0.34384637414069175,-0.03425442437852594,1.3435938753430678,0.7279849393489457
2024-01-30 12:00:00,2024,747,1,REJECT,FVG,1,0.5154521610217799,0.5154521610217799,0.1345649446915344,1.4653894400730023,0.9430949937279304,-0.3808872163302455,0.4827170075286756,-0.47909008298127365,0.000992372904734251,1.3750125527815755,0.6637419447930872
2024-01-30 19:30:00,2024,747,1,INSIDE,FVG,0,1.5413672966730156,0.20788932987914,0.20788932987914,0.213632129047067,0.0,-1.3334779667938756,0.15619928629983013,-0.2735868052912094,0.009907730102551693,1.9661660660532743,0.3071137362644661
2024-01-31 03:15:00,2024,748,-1,REJECT,FVG,1,0.10109519797810865,0.10109519797810865,0.2194225319751954,0.2286130045186503,0.12751780654054157,0.11832733399708663,0.36545970066692723,-0.16333160157485704,-0.06669426256191664,0.8997840084237481,0.3288347943834309
2024-01-31 09:15:00,2024,750,-1,ACCEPT,FVG,0,0.39453951163238726,-0.1730436454527977,-0.1730436454527977,0.1130551816958299,0.0,-0.567583157085185,0.4968007084952362,-0.22047606259331518,0.08506411041761833,0.96722430779969,0.48051772138870047
2024-01-31 12:15:00,2024,751,1,REJECT,OB,1,0.330852685376146,0.330852685376146,0.433451601747127,2.128062917088298,1.7937518412726832,0.10259891637098106,0.6734588930473789,-0.5207806626061122,0.052759389208252655,1.0405958966804296,0.7007985606880468
2024-01-31 21:15:00,2024,751,1,REJECT,FVG,0,1.224004145263347,-0.465190662922279,-0.465190662922279,0.619486575871766,0.0,-1.689194808185626,0.4533160220032279,-0.2422013111318101,0.4224531138006698,1.2978264064840437,0.5883255038380909
2024-02-01 00:00:00,2024,751,1,REJECT,FVG,0,1.2873393842772856,0.2126510883441939,0.2126510883441939,0.4058663245279396,0.0,-1.0746882959330915,0.0380155220749497,0.10146306207240746,0.14654476957734716,0.9523130609099847,0.03620267818928644
2024-02-01 15:45:00,2024,754,-1,ACCEPT,OB,0,1.285836420632657,-1.491023083499592,-1.491023083499592,0.1675691080079827,0.0,-2.7768595041322484,0.2721179370904884,-0.36333968374717,0.08543071567559651,1.4537164253446393,0.39558231477934225
2024-02-02 05:30:00,2024,755,1,REJECT,FVG,1,0.31418740738882683,0.31418740738882683,-2.528191476002703,0.4012105382123423,0.08928347188386468,-2.84237888339153,0.46716859659546367,-0.35584969228393354,-0.04282940076291525,1.4311076089414658,0.6685685332462742
2024-02-02 13:45:00,2024,755,1,REJECT,OB,1,0.1209031958368307,0.1209031958368307,-2.727666492991244,0.2067783629732313,0.08248535790735993,-2.848569688828075,0.5403958871217468,-0.274078985621262,-0.060632239274933206,0.48035522358863003,0.25958198718474274
2024-02-02 21:00:00,2024,756,-1,REJECT,FVG,1,1.0729453840995615,1.0729453840995615,1.397064302212951,2.51806869830862,1.4507115714179302,0.3241189181133894,0.46015686867316646,-0.7624005277747783,0.08214649996541529,1.0294040198527665,0.47368733037501914
2024-02-05 19:45:00,2024,756,-1,ACCEPT,FVG,0,1.1132534573566972,0.0632026365232319,0.0632026365232319,0.1696491822465859,0.0,-1.0500508208334653,0.4041976436296041,-0.48221116286267174,0.1626718771243984,1.8021652257884664,0.7284309376949115
2024-02-05 19:45:00,2024,756,-1,ACCEPT,FVG,0,1.1808913666184235,0.0632026365232319,0.0632026365232319,0.1696491822465859,0.0,-1.1176887300951917,0.3367310140733948,-0.49690155764985044,0.06806335514417189,2.117608366091984,0.7130644125244584
2024-02-06 10:45:00,2024,757,1,REJECT,FVG,1,0.5205623358566427,0.5205623358566427,1.0233276687780066,1.527205314382824,1.008867603893088,0.5027653329213639,0.45181159264035664,-0.3035113967786207,0.06881466881640108,1.1491652048851624,0.5192061614260469
2024-02-06 20:15:00,2024,757,1,ACCEPT,FVG,0,0.2932291406600978,-0.2179557597243783,-0.2179557597243783,0.0786438308283868,0.0,-0.5111849003844762,0.6247151869095469,-0.6077690262495745,-0.04490178800343947,1.3159230449731887,0.8220771109990056
2024-02-07 01:15:00,2024,757,1,REJECT,FVG,0,0.13497975303704965,-0.1642253661950749,-0.1642253661950749,0.037119432085179,0.0,-0.2992051192321246,0.6735222183823155,-0.46601884863124154,-0.06123293719094447,0.9575445623730907,0.6449275378494476
2024-02-07 07:00:00,2024,757,1,REJECT,FVG,0,0.11090154658619604,-0.0995850622406763,-0.0995850622406763,0.1052433044134104,0.0,-0.2104866088268724,0.6959957283757672,-0.5113494944664536,-0.07826542791643533,0.9797054836173545,0.6818708316639939
2024-02-07 07:00:00,2024,757,1,REJECT,FVG,1,0.1029800075443065,0.1029800075443065,-0.0995850622406763,0.1052433044134104,0.0011316484345519652,-0.20256506978498282,0.7051287032661104,-0.5321158799060044,-0.08429154033852707,0.9038518899133335,0.637331911079212
2024-02-07 13:30:00,2024,758,-1,ACCEPT,FVG,1,0.4280672173743422,0.4280672173743422,-0.1290996369858992,0.500544206559428,0.07360944214110143,-0.5571668543602415,0.6006587138309845,-0.30108678006264566,0.13688592222257642,0.8170370719471255,0.4907604367879939
2024-02-08 03:15:00,2024,760,-1,REJECT,OB,0,0.46745879164170384,0.0589996533140009,0.0589996533140009,0.1270761763686353,0.0,-0.4084591383277029,0.26792198139336154,-0.16876838923803106,0.001690857679580146,0.8800421002465763,0.23578262320763801
2024-02-08 09:30:00,2024,762,-1,REJECT,FVG,1,0.3034305770464654,0.3034305770464654,-0.0781220515530122,1.5499867909574738,1.2431596029739242,-0.38155262859947764,0.6465132703440972,-0.40831367123524254,0.05183843036996558,0.7398727096640665,0.4783375251632644
2024-02-08 21:15:00,2024,762,-1,INSIDE,FVG,0,1.3882008556631567,-0.2274262553478926,-0.2274262553478926,0.1125872551227201,0.0,-1.6156271110110494,0.17291580688676983,-0.16521422771578262,0.1033957948567655,1.5003499783879237,0.2594342271254955
2024-02-08 21:15:00,2024,762,-1,INSIDE,FVG,0,0.5392929520378253,-0.2274262553478926,-0.2274262553478926,0.1125872551227201,0.0,-0.766719207385718,0.3665550173217623,-0.12676630425338237,0.1173810579737614,1.5333650962685972,0.5620626694233214
2024-02-09 06:00:00,2024,763,1,INSIDE,FVG,0,0.17925913786690884,-0.2269103010973634,-0.2269103010973634,0.1599717622736505,0.0,-0.4061694389642722,0.7241966078612272,-0.42743444835289957,0.011930988798648665,1.0695689607538215,0.7745782132515755
2024-02-09 21:15:00,2024,764,-1,ACCEPT,FVG,1,0.6037172274571048,0.6037172274571048,-0.1264388910334847,1.560552078521214,0.9568348510641093,-0.7301561184905895,0.4278774328916983,-0.38072891713562834,0.0404933720328399,1.3235774797363526,0.5663289342628544
2024-02-12 03:45:00,2024,764,-1,REJECT,FVG,1,0.14877546349278487,0.14877546349278487,-0.2540627145799984,1.4351110093843198,1.292057679102791,-0.4028381780727833,0.5810322217278423,-0.3977677763305317,-0.08020854342565713,1.1737689607590254,0.681997587064997
2024-02-12 20:45:00,2024,764,-1,INSIDE,FVG,0,1.0168775831403485,-0.688666811685073,-0.688666811685073,0.4456756791339977,0.0,-1.7055443948254214,0.2521653929101029,-0.29846687450967985,0.033217477465765755,1.1855887109397447,0.2989644431239032
2024-02-13 04:45:00,2024,764,-1,ACCEPT,FVG,1,0.17125995641357167,0.17125995641357167,-0.8065418217585032,0.3355769416211941,0.16315982333996426,-0.9778017781720747,0.45096932732062933,-0.13992288777215728,0.00041103014400112325,0.9198241033690447,0.4148124571496391
2024-02-13 08:45:00,2024,764,-1,INSIDE,FVG,0,0.6784912090465662,-0.4670436062272459,-0.4670436062272459,0.0116180001548961,0.0,-1.145534815273812,0.18833207394868295,-0.025186251026240003,0.10733878442021313,1.069007386097797,0.2013283780902586
2024-02-13 18:45:00,2024,766,-1,REJECT,FVG,1,0.42890270156319077,0.42890270156319077,0.2288247657133376,1.119976491481357,0.6830246775563715,-0.20007793584985314,0.8447847521565748,-1.0334481495469865,0.20192355177408078,1.2412203649325162,1.048564038361209
2024-02-14 05:30:00,2024,766,-1,ACCEPT,FVG,1,0.40047566074648244,0.40047566074648244,0.0552380221719304,0.9401971690513456,0.5385707161762824,-0.34523763857455203,0.5603644469206014,-0.33723131649057636,0.07615344579833677,1.5422917599835735,0.864245469073396
2024-02-14 19:45:00,2024,766,-1,REJECT,FVG,0,1.1120825319111685,0.2168211225738913,0.2168211225738913,0.4779390336306038,0.0,-0.895261409337277,0.15701038950674556,-0.21676647627708723,-0.008123375905796648,1.0193330112980894,0.16004587314099689
2024-02-15 06:00:00,2024,767,1,ACCEPT,FVG,0,0.42093986386736,0.1422729707484724,0.1422729707484724,0.2527990802555532,0.0,-0.27866689311888754,0.45998853343004587,-0.22188621076296025,0.07380641255683396,0.8804190539626341,0.4049826694361405
2024-02-15 20:30:00,2024,769,1,INSIDE,FVG,0,0.6053679107712794,-0.2045481417254583,-0.2045481417254583,0.5746265715524258,0.0,-0.8099160524967378,0.6105199044484022,-0.5668085178763447,0.1488285233382721,1.587060508845119,0.9689320302139547
2024-02-16 04:30:00,2024,769,1,REJECT,FVG,1,0.1598116458626702,0.1598116458626702,-0.4297157588751225,0.3456666710510825,0.1870388151577642,-0.5895274047377926,0.7835794194625205,-0.6188457774973017,-0.008705845740712898,1.1402598256329741,0.8934841322059207
2024-02-16 06:00:00,2024,769,1,REJECT,FVG,1,0.15507648598523557,0.15507648598523557,-0.3397477212042961,0.4368184986912609,0.2817420127060252,-0.4948242071895316,0.6492371282911946,-0.3712878413104468,-0.029552577022071494,0.9949338853317211,0.6459480185523674
2024-02-16 15:45:00,2024,769,1,ACCEPT,OB,0,1.1299211037545098,0.349680846846139,0.349680846846139,0.7088768187765179,0.0,-0.7802402569083708,0.11322335415207804,0.04248769491347387,0.16561055287948395,1.4974659082715451,0.16954811286289237
2024-02-16 17:15:00,2024,770,-1,INSIDE,FVG,0,1.1237548629106637,-1.064107577193511,-1.064107577193511,0.0334024800015873,0.0,-2.1878624401041744,0.257101226810949,-0.19173322330832143,0.14648037751376708,1.3803160622695485,0.3548809529963592
2024-02-19 11:00:00,2024,771,1,REJECT,FVG,0,0.3356451980735919,-0.4056718940745764,-0.4056718940745764,0.0688193391733828,0.0,-0.7413170921481683,0.6399764833857108,-0.47421014615227053,0.044078229096521204,1.0365676608128873,0.6633789263583839
2024-02-19 15:00:00,2024,771,1,REJECT,FVG,0,0.4596619737239958,0.0060481838647839,0.0060481838647839,0.3024091932394745,0.0,-0.4536137898592118,0.2840614620306967,-0.21619804578715046,-0.024212260516719042,0.9586021208200268,0.2723019199458634
2024-02-20 20:30:00,2024,775,1,REJECT,FVG,0,0.19656359288389127,-0.3819305254136748,-0.3819305254136748,0.0062203668634089,0.0,-0.578494118297566,0.680519567354519,-0.48405684054627185,-0.020881317655732035,1.0570139597586021,0.7193186825826109
2024-02-20 20:30:00,2024,775,1,REJECT,FVG,0,0.30728612305268305,-0.3819305254136748,-0.3819305254136748,0.0062203668634089,0.0,-0.6892166484663578,0.555440468668507,-0.40971870063069626,-0.011465205326419786,1.2001684395317418,0.6666221205346614
2024-02-20 22:00:00,2024,775,1,REJECT,OB,0,0.47025973487416606,0.0286136875717092,0.0286136875717092,0.1194310437775642,0.0,-0.4416460473024568,0.39654489825573785,-0.3284837842276469,-0.011746116712988502,0.9385478319292,0.37217635452050796
2024-02-21 09:30:00,2024,777,1,INSIDE,OB,0,0.42964479929154115,-0.5554248709681927,-0.5554248709681927,0.3474518811661939,0.0,-0.9850696702597336,0.5804024740109088,-0.392215576470908,0.08479421891315267,1.180242793181242,0.6850158370959383
2024-02-21 14:45:00,2024,777,1,REJECT,FVG,1,0.12764448646731835,0.12764448646731835,-0.6019313528507894,0.3040942177603894,0.17519831475907888,-0.7295758393181079,0.7308746008389823,-0.5019030938662982,-0.041782757380819074,0.8895699438572655,0.6501640776350348
2024-02-21 18:00:00,2024,777,1,REJECT,FVG,0,0.9236504789298663,0.0150800078192495,0.0150800078192495,0.2224301153341315,0.0,-0.9085704711106167,0.14228531941135591,-0.012310207690094832,0.12086325756209831,1.6281565689091522,0.23166277745893604
2024-02-21 23:45:00,2024,778,-1,ACCEPT,FVG,0,0.6949466689980741,-0.1775135513201711,-0.1775135513201711,0.0893862563384966,0.0,-0.8724602203182453,0.45895092117302844,-0.22302645881579883,0.19827815380646435,1.0817257075447637,0.49645900993421527
2024-02-22 03:45:00,2024,778,-1,REJECT,FVG,0,0.4700756226826161,0.0904958417998651,0.0904958417998651,0.1156335756331657,0.0,-0.37957978088275096,0.36452680029788354,-0.2246724763595599,0.02858182519732161,0.830850700844749,0.30286734750419037
2024-02-22 06:15:00,2024,779,1,REJECT,OB,1,0.2482324116205844,0.2482324116205844,-0.1184459222961216,1.0508925446272208,0.8014000700034875,-0.366678333916706,0.7103160054961746,-0.535665249509832,0.02114980586211926,0.8995721816812092,0.6389805187472756
2024-02-23 03:15:00,2024,780,-1,ACCEPT,FVG,0,0.9344103392568681,-0.0038772213247137,-0.0038772213247137,0.2184168012924141,0.0,-0.9382875605815818,0.28276247349430067,-0.16915860422197893,0.14288927990759193,1.1434139026347252,0.32331454333676635
2024-02-23 11:15:00,2024,782,-1,REJECT,FVG,1,0.07764142601417935,0.07764142601417935,-2.468997347251268,0.3571505596652779,0.2756270623503925,-2.5466387732654474,0.7949542824512652,-0.6100499971566771,-0.06336675530199953,1.1350837899236952,0.9023397197408538
2024-02-23 18:15:00,2024,782,-1,ACCEPT,OB,0,1.197661831565277,-0.5858410911452682,-0.5858410911452682,0.0428664213033029,0.0,-1.783502922710545,0.0605393800764185,0.15265114958103837,0.2159154484415995,1.191952838549873,0.07216008592613665
2024-02-23 20:45:00,2024,783,1,REJECT,OB,1,0.09517463168721532,0.09517463168721532,-0.8487491127174732,0.293346467529081,0.19686807376395984,-0.9439237444046885,0.8824202370686413,-1.0714511206243882,-0.041996947699201065,0.8526799820320173,0.7524220718883775
2024-02-26 01:15:00,2024,783,1,INSIDE,OB,0,0.997327423244881,-0.1434065575907875,-0.1434065575907875,0.4276122808161099,0.0,-1.1407339808356685,0.49420616134477713,-0.24269607319516975,0.3701311789577966,1.242921131025514,0.614259281018428
2024-02-26 12:45:00,2024,783,1,ACCEPT,FVG,0,0.5038424347295203,-0.0693601273783435,-0.0693601273783435,0.1753633409188588,0.0,-0.5732025621078638,0.48732244835720007,-0.18287978116581197,0.15177537042558306,1.8055976344715696,0.8799082599786541
2024-02-26 15:15:00,2024,783,1,REJECT,OB,0,0.33109645710795516,-0.044495176054053,-0.044495176054053,0.2028456555404728,0.0,-0.37559163316200816,0.5434597713420228,-0.25830604400193635,0.06201050447966165,1.1664802481959333,0.633935088959548
2024-02-26 22:15:00,2024,784,-1,REJECT,OB,0,0.890144363435668,-0.2313591076771114,-0.2313591076771114,0.1725389955558053,0.0,-1.1215034711127796,0.2509888171533469,-0.2469325898291384,0.03846100968312691,0.9542695248701191,0.23951097929263757
2024-02-26 22:15:00,2024,784,-1,REJECT,OB,0,0.7071484590582778,-0.2313591076771114,-0.2313591076771114,0.1725389955558053,0.0,-0.9385075667353893,0.35495934061975515,-0.2953389909960983,0.060503293254782764,0.8313696334950593,0.29510241691669375
2024-02-27 14:15:00,2024,785,1,REJECT,FVG,0,0.13264263826061454,-0.8037355902524593,-0.8037355902524593,0.0223259886181031,0.0,-0.9363782285130738,0.7292353205607648,-0.5579063325296575,-0.054333632452507274,1.1297537496214118,0.8238563377598963
2024-02-27 16:15:00,2024,785,1,INSIDE,OB,0,0.7020146748830268,-0.2009533532621843,-0.2009533532621843,0.4283479372167677,0.0,-0.9029680281452113,0.34919952336826093,-0.20498513588839576,0.11173876572808789,1.1576715571278757,0.40425835596604665
2024-02-28 02:30:00,2024,786,-1,INSIDE,OB,1,0.18099815157115118,0.18099815157115118,-0.7559334565619307,0.754602587800349,0.5762661737523007,-0.9369316081330819,0.7875716970308204,-0.5336972390010117,0.02917662261201162,1.0963890745773999,0.8634850040709735
2024-02-28 03:45:00,2024,786,-1,INSIDE,FVG,1,0.562957486136786,0.562957486136786,-0.3420332717190302,1.1631792975970434,0.6082070240295662,-0.9049907578558162,0.5360134229865208,-0.38007834322414114,0.12540151967054194,1.0346490584399255,0.5545857834041652
2024-02-28 14:15:00,2024,786,-1,ACCEPT,FVG,0,0.6242728005011898,-0.9021748858856208,-0.9021748858856208,0.0912915063098321,0.0,-1.5264476863868104,0.40321844766607434,-0.28595257430351884,0.0810670883515065,1.0249499571786387,0.4132787306689801
2024-02-28 19:30:00,2024,787,1,INSIDE,OB,1,0.572595004134661,0.572595004134661,12.314145018661849,14.491883395042835,13.919288390908177,11.74155001452719,0.5389841776123411,-0.4477022430303492,0.10222182965301935,0.9708327221115264,0.5232634763264316
2024-02-28 23:30:00,2024,787,1,REJECT,FVG,1,0.2733608498545209,0.2733608498545209,12.436565396846891,14.63833818255631,14.360917518099996,12.163204546992372,0.6518896128317148,-0.5460870584972962,-0.011897478786071669,1.0808735382744614,0.7046102323857842
2024-02-29 06:30:00,2024,787,1,REJECT,FVG,1,0.1440021736177076,0.1440021736177076,12.153240048906405,14.35946202961552,14.215459855997812,12.009237875288697,0.7092952307663244,-0.5208494361836942,-0.049273360184246634,0.9106314362403056,0.645906534711137
2024-02-29 11:30:00,2024,787,1,REJECT,FVG,1,0.2819331260073007,0.2819331260073007,12.219826118539036,14.43851724059652,14.149774135700163,11.937892992531735,0.5618953047249675,-0.43706722356990735,-0.03306430304686386,1.2062295352390358,0.677774712271394
2024-02-29 18:45:00,2024,787,1,REJECT,FVG,1,0.7199350434547481,0.7199350434547481,10.843683276696854,13.035966679698063,12.32144468168282,10.123748233242107,0.6632095062184272,-0.805498326192966,0.20618358566020606,0.7974115051988413,0.5288508906158164
2024-03-01 02:15:00,2024,787,1,REJECT,OB,1,0.3980197123148918,0.3980197123148918,11.07663049220412,13.29358670550766,12.884699560774596,10.67861077988923,0.5193091519579631,-0.4300690216590615,-3.496347310449899e-05,0.5776878886182575,0.29999860753473356
2024-03-01 07:15:00,2024,787,1,ACCEPT,FVG,1,0.3293612388095604,0.3293612388095604,11.034962496975552,13.246582385676255,12.91586015001208,10.705601258165993,0.5196194378165608,-0.3833119967425758,-0.012993130738065378,0.9248519477340615,0.4805710491451244
2024-03-04 01:45:00,2024,787,1,ACCEPT,FVG,1,0.6071454989274283,0.6071454989274283,5.562837487979907,7.725127598195131,7.117982099267703,4.955691989052479,0.8189197996985025,-1.1239109271162127,0.2936854545662514,0.7187835934906286,0.5886261164079154
2024-03-04 05:15:00,2024,787,1,INSIDE,FVG,1,0.7189721361313207,0.7189721361313207,5.958148720717789,8.121722278520338,7.4014187125072635,5.239176584586468,0.2672534758316447,-0.8964503503407395,-0.46472307589448336,0.7165248181810636,0.19149374817852652
2024-03-04 08:30:00,2024,787,1,INSIDE,OB,1,0.2431493631802611,0.2431493631802611,5.856960484517431,8.026600955971844,7.783451592791583,5.613811121337169,0.5854458934118459,-0.5237149948282165,-0.07475740562824165,1.0588515912218408,0.6199003158134253
2024-03-04 13:45:00,2024,787,1,REJECT,OB,1,0.48093336697886546,0.48093336697886546,5.739138179281278,7.910017960783157,7.4277486677848765,5.258204812302412,0.35209739692005587,-0.49115428823121915,-0.1488847552536276,0.7977680483285484,0.28089205316247523
2024-03-04 22:15:00,2024,787,1,REJECT,FVG,1,0.4941047636430293,0.4941047636430293,1.2300054754517418,3.362803431283041,2.8700127760539846,0.7359007118087123,0.6136778893990066,-1.4386231292921405,-0.25255075517309633,1.1090152542255782,0.6805781405244555
2024-03-05 06:00:00,2024,787,1,REJECT,FVG,1,0.7239588636595315,0.7239588636595315,1.6377441924738825,3.763800602208097,3.0398417385485654,0.9137853288143508,0.24107252399759735,-0.5376037806904796,-0.23347568983593917,0.8802239097665426,0.21219779961045382
2024-03-05 06:00:00,2024,787,1,REJECT,FVG,1,0.5027128456514657,0.5027128456514657,1.6377441924738825,3.763800602208097,3.261087756556631,1.1350313468224162,0.28685980317743476,-0.5902492756907665,-0.27672237668214217,0.7170745927892739,0.20569987655107028
2024-03-05 13:45:00,2024,787,1,INSIDE,FVG,1,0.2884300229432734,0.2884300229432734,0.0511307767944769,2.175024582104188,1.8918387413962414,-0.2372992461487965,0.5023010259647541,-0.8739202951318681,-0.2900705378322662,1.1638449543566471,0.5846005146372463
2024-03-05 20:30:00,2024,787,1,REJECT,FVG,0,1.06437878983357,-1.0308347310024235,-1.0308347310024235,0.161269513611147,0.0,-2.095213520835993,0.4873255494841122,-1.0620802396144384,-0.025802424633235788,0.9872092284433053,0.4810922797069202
2024-03-05 20:30:00,2024,787,1,REJECT,FVG,0,0.7844149142046681,-1.0308347310024235,-1.0308347310024235,0.161269513611147,0.0,-1.8152496452070912,0.6816257778229028,-1.1244480024386925,0.17668216787563307,0.8733557426665475,0.5953017874111843
2024-03-06 08:30:00,2024,788,-1,REJECT,FVG,0,0.28129032258062425,-0.3638709677419569,-0.3638709677419569,0.184516129032237,0.0,-0.6451612903225812,0.52958729575009,-0.3479486656104209,-0.014711691473802496,1.017756148548568,0.538990726442863
2024-03-06 18:45:00,2024,789,1,INSIDE,FVG,1,0.5234876309433851,0.5234876309433851,1.6244837294385126,2.520972375058941,2.001343375301896,1.1009960984951273,0.6465458694437617,-0.8820614396020621,0.02669050625961522,1.783451686154984,1.153083321036017
2024-03-06 23:30:00,2024,789,1,INSIDE,FVG,1,0.8775766266355629,0.8775766266355629,1.5938340204337584,2.4946406165979487,1.619645097687782,0.7162573937981954,0.5242549681385176,-0.6247318157974939,0.16286084882447427,1.3834233368533548,0.7252665573841373
2024-03-07 03:15:00,2024,789,1,INSIDE,OB,1,0.7373093997297845,0.7373093997297845,1.542816702052402,2.4306761886379564,1.706234317699314,0.8055073023226174,0.5375977641828931,-0.587570830455467,0.12468181910224091,1.2728936136855826,0.6843047607600524
2024-03-07 08:00:00,2024,789,1,INSIDE,FVG,1,0.8913534896863804,0.8913534896863804,0.4221531506075373,1.3071489121220945,0.42088160497314947,-0.46920033907884307,0.37763033500599263,-0.6225419751598051,-0.05084912360588717,1.2818558552627657,0.4840676560522714
2024-03-07 12:30:00,2024,789,1,INSIDE,FVG,1,0.3744393986404307,0.3744393986404307,0.1180436070290036,1.0103517332806864,0.6321044763489717,-0.25639579161142706,0.6047815924483309,-0.572955846452023,1.1358552967827285e-05,1.4006882917474663,0.8471104956067649
2024-03-07 16:45:00,2024,789,1,ACCEPT,OB,0,2.044587607018725,1.1545308129185297,1.1545308129185297,1.8856488937865472,0.0,-0.8900567941001952,0.1579680303638022,-0.5688823060138921,-0.15603761143707218,1.649159934508739,0.26051454660924256
2024-03-08 01:15:00,2024,789,1,REJECT,FVG,1,0.20398912058022414,0.20398912058022414,-0.1937896645512216,0.5418461015412512,0.33785698096102695,-0.39777878513144577,0.6880566751895714,-0.7065682180940795,-0.08005316307637364,0.8605782247432195,0.5921265920573634
2024-03-08 05:00:00,2024,789,1,REJECT,OB,0,1.0443468404647276,0.3085860017002076,0.3085860017002076,0.488381977897412,0.0,-0.73576083876452,0.14636453759849508,-0.21433907647916245,-0.030112094263932188,1.4652405762522278,0.2144592594137098
2024-03-08 08:45:00,2024,790,-1,INSIDE,OB,0,0.6326911652380289,-0.978952728507178,-0.978952728507178,0.2978867860477142,0.0,-1.6116438937452067,0.38337561748783405,-0.17718659209965254,0.1333007932093433,1.2255499705690889,0.4698459767291213
2024-03-08 18:15:00,2024,791,1,REJECT,FVG,1,1.5424335342936175,1.5424335342936175,0.3862313373432983,2.7472261252967893,1.2122680362420675,-1.1562021969503193,0.1438973002559141,-0.7966786911710415,-0.46008675693107404,1.5159455708610485,0.2181404749818154
2024-03-08 21:15:00,2024,791,1,INSIDE,OB,0,2.9946998274204155,0.6605774937073369,0.6605774937073369,2.23957871472523,0.0,-2.3341223337130788,0.11239734611247548,-0.7960606109282768,-0.3699891979097196,1.355677608051438,0.15237456532909036
2024-03-11 12:15:00,2024,791,1,REJECT,FVG,1,0.4128133139397063,0.4128133139397063,-0.439603558502197,0.7209011264080185,0.31052328924671546,-0.8524168724419033,0.46726896251926003,-0.28615230745172016,0.04045263329248161,1.115712581748597,0.5213378605433521
2024-03-11 14:15:00,2024,791,1,REJECT,FVG,1,0.31539424280352196,0.31539424280352196,-0.3421844873659574,0.8134492439874518,0.5053614315191395,-0.6575787301694793,0.5684421938542257,-0.27317743723762994,0.061391539805429815,0.9493255048180319,0.5396366726405324
2024-03-11 21:45:00,2024,791,1,INSIDE,FVG,0,0.440903307455201,-0.728715188710731,-0.728715188710731,0.3331269434105801,0.0,-1.1696184961659322,0.3935621371938858,-0.26861355892123884,0.01062541538498149,0.8702914300522969,0.3425137551929051
2024-03-12 00:15:00,2024,791,1,REJECT,FVG,1,0.2074397354154657,0.2074397354154657,-0.7769784172661777,0.2798595247025373,0.07732960550991819,-0.9844181526816433,0.6600543900515058,-0.5327745883423824,-0.04419287436700817,0.6952699150169163,0.4589159596776529
2024-03-12 03:00:00,2024,791,1,INSIDE,FVG,0,0.541307238569316,-0.5204405196222457,-0.5204405196222457,0.3326400490981665,0.0,-1.0617477581915615,0.37358175228108786,-0.26171284232791026,0.03828080661057642,0.8617608292741664,0.3219381206474465
2024-03-12 11:00:00,2024,792,-1,REJECT,OB,1,0.5271705523806863,0.5271705523806863,1.4432975680027924,3.3318157417285303,2.8070914564122535,0.9161270156221056,0.5507811861816773,-0.38498526916271214,0.11741299620948317,0.8199689044833137,0.45162344584340997
2024-03-12 20:45:00,2024,792,-1,REJECT,FVG,1,0.22704430939001577,0.22704430939001577,-1.404760780557579,0.4686583070831217,0.24525641976890591,-1.6318050899475949,0.8093079666836338,-1.2618348675943052,-0.056873088231522234,1.9605599384095886,1.5866967773156546
2024-03-12 22:45:00,2024,792,-1,REJECT,FVG,0,0.9033206747923661,-0.9737408349241348,-0.9737408349241348,0.2756099370670936,0.0,-1.8770615097165007,0.6243769679224507,-0.938774289916438,0.21138737877365893,1.3844393127367873,0.8644120203592367
2024-03-13 07:00:00,2024,792,-1,ACCEPT,FVG,0,0.42853684125580055,-0.814704220805425,-0.814704220805425,0.2166895327253606,0.0,-1.2432410620612258,0.5618155145077742,-0.3761694786815145,0.07592701648172573,1.4393407540215013,0.8086439662725975
2024-03-13 11:15:00,2024,792,-1,INSIDE,OB,0,0.22124904286620853,-0.8414717695893432,-0.8414717695893432,0.1607984847060549,0.0,-1.0627208124555518,0.6592521073576362,-0.36682366001481453,0.020864508639000953,1.011950852254271,0.6671307318909842
2024-03-13 12:45:00,2024,792,-1,INSIDE,FVG,0,0.6625930362454162,-0.3706644773146824,-0.3706644773146824,0.1901775259424403,0.0,-1.0332575135600985,0.2788220736926993,-0.19138559250467818,0.04672249965267092,1.2972210726195375,0.3616938695056471
2024-03-13 21:30:00,2024,793,1,REJECT,OB,0,0.6375926558325419,-0.680982704244602,-0.680982704244602,0.2940881059038654,0.0,-1.3185753600771437,0.6815678599769119,-0.7922557990062926,0.18228295244950604,1.0299516716882837,0.7019819567522265
2024-03-14 11:45:00,2024,794,-1,ACCEPT,OB,1,0.5060701317001898,0.5060701317001898,0.2914476180153236,2.2949975611078184,1.7901468755081376,-0.21462251368486623,0.5500877162790473,-0.40778022497929894,0.0949176307473138,0.8873588976102198,0.4881252295062988
2024-03-14 20:15:00,2024,794,-1,REJECT,FVG,0,1.0429607333424855,-0.981392803393052,-0.981392803393052,0.0627992885483358,0.0,-2.0243535367355374,0.23255487639803732,-0.4327609873978726,-0.0895747050331997,1.7668635019409369,0.41089272330607796
2024-03-15 04:30:00,2024,794,-1,REJECT,FVG,0,0.25885623891470994,-0.7975237456086638,-0.7975237456086638,0.1232648756736767,0.0,-1.0563799845233737,0.4286709124198135,-0.20571481225878768,-0.006566715868412593,1.9147606638472185,0.820802200836955
2024-03-15 10:15:00,2024,795,1,INSIDE,FVG,1,0.4859079850195789,0.4859079850195789,-0.7405483721057352,0.8094365927667273,0.32598890134218184,-1.2264563571253142,0.6222543491979099,-0.3874168618676906,0.15601332237051155,1.1330738956620665,0.7050601595383397
2024-03-15 22:30:00,2024,796,-1,ACCEPT,FVG,1,0.37447731782511756,0.37447731782511756,0.186620709543225,1.4966733725616903,1.1197242572591817,-0.18785660828189252,0.6994203727176489,-0.6014326113577614,0.08113867505018216,1.1528606938433885,0.8063342561794701
2024-03-18 02:00:00,2024,796,-1,REJECT,FVG,1,0.6502256010878005,0.6502256010878005,-0.0148340441312677,1.2967426911428683,0.6428085790222229,-0.6650596452190682,0.24731978423540574,-0.4628724115396555,-0.18758125122377414,1.3373323979926763,0.3307487601225665
2024-03-18 09:30:00,2024,796,-1,INSIDE,FVG,0,0.5527136532940482,-0.7584321879281363,-0.7584321879281363,0.1710190227681257,0.0,-1.3111458412221844,0.4802473855791135,-0.34986438726564,0.08359635699426932,1.4475119589832215,0.6951638338961931
2024-03-18 17:45:00,2024,797,1,INSIDE,OB,0,0.6857071744135669,-0.5948603073859995,-0.5948603073859995,0.5973492626470264,0.0,-1.2805674817995663,0.5804205949736083,-0.556632784640256,0.16444691355325208,1.0970251310000168,0.6367359792360303
2024-03-18 19:45:00,2024,797,1,ACCEPT,FVG,1,0.35094269180513504,0.35094269180513504,-0.6521062783896752,0.5376143363823237,0.1879161222076738,-1.0030489701948102,0.4975611223445628,-0.3756790562206203,-0.014140323752957346,1.0968586922513166,0.5457542419699545
2024-03-19 03:45:00,2024,797,1,ACCEPT,FVG,1,0.4562753486304907,0.4562753486304907,-0.7387910439469243,0.4412745152508152,0.001250069448273072,-1.195066392577415,0.5816735091907911,-0.4636933717094547,0.07142806219644282,1.2864579091246864,0.7482984864268042
2024-03-19 10:15:00,2024,797,1,ACCEPT,FVG,0,1.3124348370056025,0.115103913254974,0.115103913254974,0.273997358726578,0.0,-1.1973309237506282,0.032512480619058884,0.1855047502487413,0.2221440428534581,2.0287849476834277,0.06596083129179584
2024-03-19 10:15:00,2024,797,1,ACCEPT,FVG,0,1.2611385278376217,0.115103913254974,0.115103913254974,0.273997358726578,0.0,-1.1460346145826477,0.037558027858638175,0.16211227771053077,0.2033895362301787,2.0287849476834277,0.07619716158427997
2024-03-19 17:45:00,2024,798,-1,REJECT,FVG,0,0.4990331233235604,-0.6774374649117129,-0.6774374649117129,0.0286944045911069,0.0,-1.1764705882352733,0.7112362576256606,-0.676679012120667,0.1595300871377591,1.1244399798306037,0.7997424831793919
2024-03-20 05:00:00,2024,799,1,REJECT,OB,1,0.13363307106284042,0.13363307106284042,-0.5282877482203093,0.1523666791557136,0.019982515299095067,-0.6619208192831497,0.7377455462811772,-0.6311121281769916,-0.06692476339789405,1.1622964564351936,0.8574790341934584
2024-03-20 17:15:00,2024,800,-1,INSIDE,FVG,0,1.0759301232793523,0.1417988832992268,0.1417988832992268,0.4465420974072256,0.0,-0.9341312399801256,0.13896695956499255,-0.09510046200940853,0.06763409798578426,1.0262404189942365,0.14261351081033308
2024-03-20 23:00:00,2024,801,1,REJECT,FVG,1,0.3113109650639917,0.3113109650639917,-0.6500172950536465,4.548875821515015,4.221376686267682,-0.9613282601176382,0.5738179556478767,-0.9850161489510474,-0.24116037453602565,1.0768040648575214,0.6178895071298667
2024-03-21 02:45:00,2024,801,1,REJECT,FVG,0,3.4911029855707203,-1.591083312416498,-1.591083312416498,2.237041157595553,0.0,-5.082186297987218,0.031280236146301515,-1.262977811736917,-1.1142690417385368,1.9052428891323858,0.05959644748812279
2024-03-21 08:00:00,2024,801,1,REJECT,OB,0,0.909471668760834,-2.838508945132561,-2.838508945132561,0.8185245018847775,0.0,-3.7479806138933958,0.6969162974896275,-1.0773116673112282,0.30731001917820355,1.218303741815004,0.8490557329634716
2024-03-21 14:45:00,2024,801,1,REJECT,FVG,0,0.7400345587797218,-2.9124709527498127,-2.9124709527498127,0.3586962998272321,0.0,-3.6525055115295344,0.7130621067411496,-0.7173214543861455,0.3218638946337903,1.481768887166793,1.0565932443866421
2024-03-22 00:15:00,2024,802,-1,ACCEPT,FVG,1,0.2503641302208809,0.2503641302208809,0.8609219383537337,2.9866551194740745,2.7362909892531935,0.6105578081328527,0.7740199279596635,-0.3012973647999173,0.12569962583420116,1.1817792845520017,0.9147207166931629
2024-03-22 14:15:00,2024,802,-1,INSIDE,FVG,1,1.00708256524693,1.00708256524693,-0.4517318327350471,1.650916852624411,0.6368487435723061,-1.458814397981977,0.40303461832978255,-0.47450102380331616,0.12262845253321919,1.4123075130456295,0.5692088194846296
2024-03-22 16:45:00,2024,802,-1,REJECT,FVG,1,1.0537186082084637,1.0537186082084637,-0.0987498144407504,1.9970697767479748,0.938704118448135,-1.1524684226492141,0.14959917993853125,0.03901257651211448,0.19081176673256964,0.7387769674932378,0.11052042849446334
2024-03-25 08:30:00,2024,803,1,REJECT,OB,0,1.2612282772682115,0.1408939697128216,0.1408939697128216,0.2113409545692841,0.0,-1.12033430755539,0.25391265136181074,-0.3760415363022888,0.039681983056054526,1.0515292832096697,0.2669965882843516
2024-03-25 14:15:00,2024,804,-1,REJECT,FVG,0,1.1417787511755664,-0.3692319344597536,-0.3692319344597536,0.118154219027117,0.0,-1.51101068563532,0.1304054866773408,-0.10901690631118266,0.054093710137281314,1.3224712710434665,0.17245750971722473
2024-03-25 21:15:00,2024,805,1,INSIDE,FVG,0,1.0969453670033662,-0.003403139711512,-0.003403139711512,0.1644850860552993,0.0,-1.1003485067148782,0.22988976744598932,-0.277542002317928,0.038438579372793935,1.0146284613635208,0.23325270102694176
2024-03-26 08:00:00,2024,806,-1,REJECT,OB,0,0.6100428828330192,-2.0327217394584984,-2.0327217394584984,0.3768910574831089,0.0,-2.6427646222915175,0.3856777113800012,-0.2695439157912587,0.06969310766221479,0.7343433423880205,0.2832198596593523
2024-03-26 14:45:00,2024,807,1,INSIDE,FVG,0,1.112588211907345,-1.4905327502236785,-1.4905327502236785,0.3108537918695669,0.0,-2.603120962131024,0.4607265454198879,-0.7380519303109419,0.11458710922865945,1.5552019428580426,0.7165228185632838
2024-03-27 03:00:00,2024,808,-1,REJECT,FVG,1,0.30713651761941263,0.30713651761941263,-1.3297998674950489,0.4680175506581331,0.15638086428239617,-1.6369363851144616,0.5728908906581454,-0.42941083091565246,-0.0074495644015036,0.7640221710959163,0.4377013420817094
2024-03-27 06:15:00,2024,808,-1,ACCEPT,FVG,0,0.6615747500842266,-1.1288329776480035,-1.1288329776480035,0.3841401774682771,0.0,-1.7904077277322303,0.2636212760974116,-0.1774447583953633,0.04373863510064924,1.0178169351810977,0.2683181992859974
2024-03-27 11:15:00,2024,808,-1,ACCEPT,FVG,0,0.5958410592730123,-0.9150416267406776,-0.9150416267406776,0.1713603046405639,0.0,-1.5108826860136897,0.32070815614174564,-0.1612507039626441,0.08155479945476633,0.9596081062935304,0.3077541463880704
2024-03-27 17:45:00,2024,809,1,REJECT,FVG,1,0.8087824007769361,0.8087824007769361,5.290830971977224,8.338978050144739,7.530195649367802,4.482048571200288,0.7234811662360028,-0.882831665154638,0.34101925208676376,1.3113287605896604,0.9487216610302196
2024-03-27 22:45:00,2024,809,1,INSIDE,OB,1,0.07321357039409221,0.07321357039409221,4.828767756447806,7.884879672141238,7.811666101747145,4.755554186053712,0.775236767140704,-0.6754538532466905,-0.09505934007985026,1.530843822466241,1.1867664159260465
2024-03-28 10:15:00,2024,809,1,REJECT,FVG,1,0.8507906225923636,0.8507906225923636,4.972667571633006,7.997211725428313,7.154125545731372,4.121876949040644,0.29504254587070156,-0.2652648195452103,0.06401901943591093,1.0780612521972628,0.3180739364528369
2024-03-28 20:30:00,2024,809,1,REJECT,FVG,1,0.45842063434718183,0.45842063434718183,1.8195939599739857,4.812874792283777,4.346868000867002,1.3611733256268042,0.6279199975679863,-0.9431792268980936,-0.06308664543367026,1.6914556412945172,1.06209882216801
2024-04-01 09:15:00,2024,809,1,REJECT,FVG,0,0.4529361851537294,-2.449015419726716,-2.449015419726716,0.1832811539924759,0.0,-2.901951604880445,0.7993202630889629,-1.4788916802424439,0.06525747736861487,1.5626841829724873,1.2490851322585295
2024-04-01 16:45:00,2024,809,1,INSIDE,FVG,0,1.4982064218845668,-1.1265420397211947,-1.1265420397211947,0.1207384292338745,0.0,-2.6247484616057615,0.02004059103170648,0.18553737391776942,0.21184403746805147,1.9551671613589479,0.03918270547941715
2024-04-01 16:45:00,2024,809,1,INSIDE,FVG,0,1.526553705269907,-1.1265420397211947,-1.1265420397211947,0.1207384292338745,0.0,-2.6530957449911017,0.03324030063191212,-0.2514119865889078,-0.19231187247829518,1.2971455461639754,0.04311750791783638
2024-04-01 23:15:00,2024,810,-1,REJECT,FVG,0,1.1469621332034818,-0.4925988415577879,-0.4925988415577879,0.0083491329077993,0.0,-1.6395609747612698,0.25546860225078283,-0.1802833855269163,0.15878617198675368,1.5453907826695747,0.39479882317983955
2024-04-02 14:15:00,2024,811,1,REJECT,OB,1,0.5932009778163599,0.5932009778163599,1.253227022457796,2.807680884603953,2.2124237508852853,0.660026044641436,0.5298466990160339,-0.766036794317956,-0.04584914757468067,1.449602082367475,0.7680668782291754
2024-04-02 21:45:00,2024,811,1,INSIDE,FVG,1,0.8055748972395299,0.8055748972395299,0.4265402843602148,1.952786325554247,1.1472114283147175,-0.379034612879315,0.551812304176236,-0.5900280575379364,0.18008282465298048,2.324762400735246,1.2828324970119942
2024-04-03 02:45:00,2024,811,1,REJECT,FVG,0,0.8276413554126282,-0.6817045946756564,-0.6817045946756564,0.7986539166361019,0.0,-1.5093459500882844,0.5954021008341237,-1.0330948773525128,0.07479138473402513,1.3401342959323395,0.7979187751979742
2024-04-03 05:45:00,2024,811,1,ACCEPT,FVG,1,0.3426636119135424,0.3426636119135424,-0.9074609024803388,0.5528439087558247,0.21416475744592436,-1.2501245143938813,0.6547899271056841,-0.6935154151250973,-0.015035825542027786,1.0547795468243655,0.6906590225776927
2024-04-03 17:15:00,2024,812,-1,REJECT,FVG,0,1.3731516318137884,-1.4223685361799194,-1.4223685361799194,0.5167774958439056,0.0,-2.7955201679937076,0.3099491998642579,-0.42292643603119334,0.13376652399110106,1.356114220020699,0.42032651741995786
2024-04-04 02:45:00,2024,813,1,REJECT,FVG,1,0.49721610773019004,0.49721610773019004,-0.5700504985109305,0.7215460313350014,0.22238767318399197,-1.0672666062411205,0.6533942488745452,-0.9797778532529615,-0.014718493524135845,1.0900496546064686,0.712232175307551
2024-04-04 09:00:00,2024,813,1,INSIDE,OB,0,0.929488732735657,-0.3576447782893194,-0.3576447782893194,0.2810758420160009,0.0,-1.2871335110249764,0.3178848463720728,-0.27805198490195693,0.10580691061229852,1.8852139757269655,0.599280955052451
2024-04-04 17:15:00,2024,814,-1,REJECT,FVG,1,0.9078219013236906,0.9078219013236906,0.122262334536701,2.355716004813502,1.448856799037322,-0.7855595667869896,0.46140629795326626,-0.4893909907761601,0.15529183722020845,1.2716732571495468,0.5867580497875444
2024-04-05 02:15:00,2024,814,-1,INSIDE,FVG,1,1.066089527027051,1.066089527027051,-0.0047508445945686,2.1986908783784087,1.1345016891891941,-1.0708403716216197,0.29532244941064417,-0.3352954243316174,0.07856501207084096,1.1314899739629045,0.33415439059431096
2024-04-05 06:15:00,2024,814,-1,REJECT,FVG,0,0.901254371893652,-1.2960265074815307,-1.2960265074815307,0.2016461987535274,0.0,-2.1972808793751826,0.49158861420238376,-0.7174703229586623,0.0782763065589634,1.1531301906729428,0.5668656724278425
2024-04-05 11:00:00,2024,814,-1,REJECT,OB,0,1.1769071561474493,-0.1749837977964694,-0.1749837977964694,0.8297618798736994,0.0,-1.3518909539439188,0.0821036071562562,-0.20933709645600018,-0.09552144291762857,1.4985690038389992,0.12303792078773937
2024-04-08 01:15:00,2024,815,1,ACCEPT,FVG,1,1.2103114144676497,1.2103114144676497,1.0402827716497138,3.3502955695045467,2.149125479919575,-0.17002864281793573,0.8177577677490125,-1.066473251068999,0.795385094665433,1.45547425449076,1.190225377368522
2024-04-08 08:45:00,2024,815,1,REJECT,OB,0,1.5100567302733297,-0.7329256612392214,-0.7329256612392214,0.5888160318278804,0.0,-2.242982391512551,0.2560196727779839,-0.738086058077545,-0.16251727704576985,1.566775246488481,0.4011252859226259
2024-04-08 15:30:00,2024,815,1,REJECT,FVG,0,1.4814306779603046,0.1631337353706591,0.1631337353706591,0.7900963615788238,0.0,-1.3182969425896456,0.36688275195015435,-0.6145539223545984,0.15442667585407754,1.4023814783279316,0.5145095760528773
2024-04-09 06:45:00,2024,817,1,REJECT,FVG,1,0.41010245274495116,0.41010245274495116,0.1075535217220237,1.8834982584490685,1.4733958057041172,-0.3025489310229274,0.5816215299296669,-0.7208052033745678,-0.06304496221315956,1.1439537495649137,0.6653481299907241
2024-04-09 14:15:00,2024,817,1,INSIDE,OB,0,0.9994413838271158,-0.7610663790114197,-0.7610663790114197,0.904091381900861,0.0,-1.7605077628385355,0.5282708155300708,-0.7120259731739407,0.19209228326210226,1.3981854075103521,0.7386205454877381
2024-04-10 06:30:00,2024,819,1,REJECT,FVG,1,0.3024538979642842,0.3024538979642842,-1.1554418573916574,0.6813708600206715,0.3797665516574292,-1.4578957553559415,0.5723896233306638,-0.5278761297350303,-0.052603837940080056,1.434367455420508,0.8210170475259072
2024-04-10 11:00:00,2024,819,1,REJECT,FVG,0,0.571664818747317,-1.2574934696408675,-1.2574934696408675,0.2367842444515207,0.0,-1.829158288388185,0.39329253880376497,-0.29678423141319665,0.04477030034614998,0.8844454391395088,0.3478457921925882
2024-04-10 18:45:00,2024,820,-1,INSIDE,FVG,0,1.7887606623181014,-0.1839772537213427,-0.1839772537213427,1.2543903662819862,0.0,-1.972737916039444,0.20856819734713364,-0.5626487815296113,-0.07221955260126783,1.3042407014541895,0.2720231320090614
2024-04-10 23:15:00,2024,820,-1,INSIDE,FVG,0,0.5272678855107022,-0.895859542152939,-0.895859542152939,0.0223138446846203,0.0,-1.4231274276636412,0.5148160763957819,-0.6365085482324407,-0.03737773081092027,1.4393827887455664,0.741017399733611
2024-04-10 23:15:00,2024,820,-1,INSIDE,FVG,0,0.48925170567763987,-0.895859542152939,-0.895859542152939,0.0223138446846203,0.0,-1.3851112478305792,0.5517542820882619,-0.4717795678228712,0.05847355255177139,1.35143373101916,0.7456593480483379
2024-04-11 11:15:00,2024,821,1,INSIDE,OB,0,1.012408437191693,-0.352746997922071,-0.352746997922071,0.1014863752722638,0.0,-1.365155435113764,0.32974078865212103,-0.26188975245941604,0.15829833757411077,0.9602327256894398,0.3166278962584117
2024-04-11 15:45:00,2024,822,-1,REJECT,OB,0,1.1576976308719573,-0.8059920214931278,-0.8059920214931278,0.5812912155010885,0.0,-1.963689652365085,0.3352185129191139,-0.2591107437441407,0.2158296526860145,1.140136357291455,0.38219481421625706
2024-04-11 18:00:00,2024,822,-1,INSIDE,FVG,0,0.5922255168772056,-0.8822454202039175,-0.8822454202039175,0.1121085340590319,0.0,-1.474470937081123,0.4088752497549283,-0.2865276050766029,0.0727727971351835,1.0574074968152087,0.432347754353052
2024-04-12 02:45:00,2024,823,1,REJECT,FVG,1,0.27256619877170846,0.27256619877170846,-1.7169272579520682,4.43219815891256,4.160431274506769,-1.9894934567237768,0.8013523131101837,-1.1871022240020637,-0.01739355703840778,0.8587106738462214,0.688129784779074
2024-04-12 13:30:00,2024,823,1,REJECT,FVG,1,0.07561436672968148,0.07561436672968148,-3.5459987397605524,2.512602394454953,2.438563327032138,-3.6216131064902335,0.9092437746848868,-0.8779575614822404,-0.010928222041286628,1.02713163142432,0.9339130416544946
2024-04-15 10:30:00,2024,824,-1,REJECT,FVG,1,0.4558567520517377,0.4558567520517377,-2.080825665257388,2.2606316836607934,1.8055210146729528,-2.536682417309126,0.7275723345645816,-0.8804125768419533,0.09182001838827619,1.4838265732893372,1.0795911640170863
2024-04-15 19:45:00,2024,824,-1,INSIDE,OB,0,2.3687630205647627,-1.9529300138198256,-1.9529300138198256,0.1589076132917955,0.0,-4.321693034384588,0.1256138341864369,-0.40598642931923384,-0.057439512012598504,0.8362954431271122,0.10505027712384185
2024-04-16 03:00:00,2024,825,1,INSIDE,OB,0,0.748434634503005,-0.9160604661991356,-0.9160604661991356,0.5418431489476667,0.0,-1.6644951007021407,0.6608244353849972,-0.6494500205207518,0.27430631736867395,1.435839076765951,0.9488375472075753
2024-04-16 08:45:00,2024,825,1,ACCEPT,FVG,0,0.3021828380960202,-1.1560505670501326,-1.1560505670501326,0.2107231413357259,0.0,-1.458233405146153,0.7493532236365676,-0.5823352130350921,0.0804812399447413,0.9967559775782798,0.7469223049773023
2024-04-16 17:45:00,2024,826,-1,INSIDE,OB,0,0.7541381940884746,-1.7618353763627472,-1.7618353763627472,0.0225224316153548,0.0,-2.5159735704512216,0.5086883041388877,-0.5708290297033802,0.1031663004069085,1.30679273627562,0.6647501808770618
2024-04-16 22:45:00,2024,827,1,ACCEPT,FVG,0,0.5538729217682924,-0.4516529191906183,-0.4516529191906183,0.082645959530858,0.0,-1.0055258409589107,0.6843705615241139,-0.7402560775554603,0.14540771239637593,2.1681854561574627,1.4838422981189
2024-04-17 11:15:00,2024,828,-1,REJECT,FVG,0,0.7771933481935229,-0.682660081143061,-0.682660081143061,0.0108244198912484,0.0,-1.459853429336584,0.3590568032294761,-0.28939902470749,0.09356822305528897,1.0272208148229047,0.3688306219810898
2024-04-17 13:45:00,2024,829,1,INSIDE,FVG,1,0.5772525589772691,0.5772525589772691,-1.0028235613615588,0.6678301709712302,0.09057761199396103,-1.5800761203388278,0.5982702885266318,-0.43194325667928024,0.17182861513343303,1.0543701542942807,0.6307983364235086
2024-04-17 19:45:00,2024,829,1,INSIDE,OB,0,2.138990361339747,0.465248408560765,0.465248408560765,0.5336672921726288,0.0,-1.6737419527789823,0.037417189127347206,-0.029276406941721067,0.05185404080560854,1.494197857741021,0.05590868383677282
2024-04-17 22:45:00,2024,830,-1,INSIDE,FVG,1,0.8321153968354735,0.8321153968354735,-0.1765743153078912,1.303933405350464,0.47253288428545054,-1.0086897121433647,0.43026443480393084,-0.4957817794042019,0.07556514860829777,1.7544151142215352,0.7548624275320026
2024-04-18 04:15:00,2024,830,-1,REJECT,FVG,0,1.1456799842550718,-0.3223774847471095,-0.3223774847471095,0.4732926589253962,0.0,-1.4680574690021813,0.24165257225920045,-0.27158388952797635,0.07090157114173604,1.3826821402573752,0.3341286958100513
2024-04-18 12:30:00,2024,831,1,REJECT,FVG,1,0.1518444986777107,0.1518444986777107,0.0494377437555292,0.989461128593079,0.8354978694686881,-0.10240675492218146,0.6698834122889157,-0.6611174421889628,-0.1165277231801759,1.05733294307275,0.7082897998310557
2024-04-18 19:00:00,2024,831,1,REJECT,FVG,0,0.6077901862050359,-0.331843535890757,-0.331843535890757,0.3686364225993254,0.0,-0.9396337220957929,0.6536612182869146,-0.6624120142507546,0.16786990356989714,0.834350284337657,0.5453824233381864
2024-04-19 02:00:00,2024,831,1,ACCEPT,FVG,0,0.7217740669826597,0.0282494742459023,0.0282494742459023,0.1680843717630565,0.0,-0.6935245927367573,0.3191687998474887,-0.2013976648319046,0.09324994886447757,0.8679169571066677,0.27701201356701943
2024-04-19 02:00:00,2024,831,1,ACCEPT,FVG,0,0.42656706111302645,0.0282494742459023,0.0282494742459023,0.1680843717630565,0.0,-0.39831758686712404,0.4678774867500375,-0.2503493000891637,0.06636462573009763,0.8070922233858211,0.3776202810532578
2024-04-19 04:45:00,2024,832,-1,ACCEPT,FVG,0,2.7721420669851766,2.082990091086684,2.082990091086684,2.3781391955186155,0.0,-0.6891519758984929,0.0001220813772484851,0.07919702116116967,0.07952577960121836,1.2150982874947356,0.00014834087242963302
2024-04-22 01:15:00,2024,835,1,ACCEPT,FVG,0,1.318615568715283,-0.0441839771716343,-0.0441839771716343,0.3472584455831187,0.0,-1.3627995458869173,0.20421480504881404,0.04204423056560497,0.30273899751674516,1.1515567394678519,0.2351649350530753
2024-04-22 01:15:00,2024,835,1,ACCEPT,FVG,0,1.0659384492651067,-0.0441839771716343,-0.0441839771716343,0.3472584455831187,0.0,-1.110122426436741,0.3556431300862891,0.0033653631368951165,0.38126218143298035,1.0006360482696297,0.3558693362837862
2024-04-22 11:15:00,2024,836,-1,REJECT,OB,1,0.6114995701166277,0.6114995701166277,2.061842335522038,4.729706081518038,4.119576051312085,1.45034276540541,0.7265851701885692,-0.7777453691041069,0.231659401493199,0.88068461825009,0.6398923832336967
2024-04-22 18:45:00,2024,836,-1,REJECT,FVG,1,0.30339727504299624,0.30339727504299624,0.3580634507263997,3.018256224920916,2.7182755858581458,0.054666175683403435,0.8433323643195028,-0.8576708050749358,0.1214954840668257,1.757832709317486,1.4824372148268725
2024-04-23 01:45:00,2024,836,-1,INSIDE,OB,1,0.44187088546512615,0.44187088546512615,0.0551476924137267,2.7435976975838217,2.3003481198083535,-0.3867231930513994,0.7299160047371975,-0.7447993637932011,0.1213702434859315,1.2768392761741278,0.9319854231565545
2024-04-23 06:45:00,2024,836,-1,REJECT,FVG,1,0.6284506274914474,0.6284506274914474,-1.777617489190128,0.9129799225754824,0.2859105052543448,-2.4060681166815754,0.30581261014866185,-0.9162420900247061,-0.44385557820346166,1.3222255239536473,0.4043532386854469
2024-04-23 13:45:00,2024,836,-1,REJECT,FVG,0,0.7901948498048245,-1.8582828153192497,-1.8582828153192497,0.22081971297212,0.0,-2.6484776651240747,0.587751479522542,-0.8345978128053917,0.12037647856113332,1.5199832906080706,0.8933724279044355
2024-04-23 22:00:00,2024,837,1,REJECT,FVG,0,0.4813428230550929,-0.0612618138433648,-0.0612618138433648,0.4732643421087211,0.0,-0.5426046368984578,0.6088536546977202,-0.7028855603055675,0.018136218900343504,1.1150047516498056,0.678874718047308
2024-04-24 11:00:00,2024,837,1,INSIDE,FVG,0,0.7095652952233302,0.1765521973923753,0.1765521973923753,0.1899782200077523,0.0,-0.533013097830955,0.31361308869692,-0.12434025329106313,0.13718344146003503,1.1010092750129428,0.3452909194207656
2024-04-25 03:00:00,2024,840,-1,REJECT,FVG,1,0.1704735376044689,0.1704735376044689,-0.7126462395543075,0.7534261838440096,0.5836211699164354,-0.8831197771587763,0.741209061556591,-0.5224047834813426,-0.00883709333642188,0.8509121529963621,0.630703798389532
2024-04-25 04:45:00,2024,840,-1,REJECT,OB,1,0.28024048215334435,0.28024048215334435,-0.4875783090448313,0.9798384399872236,0.6995979578338792,-0.7678187911981756,0.6357474412818642,-0.5008272566988081,-0.004265440255740854,0.9177443320283147,0.5834536108379347
2024-04-25 09:00:00,2024,840,-1,REJECT,OB,0,0.9711775277907305,-0.4892498169473413,-0.4892498169473413,0.123144511748646,0.0,-1.4604273447380718,0.2598601290475023,-0.24327075508456342,0.07231593242492798,1.758543231722135,0.4569752711309257
2024-04-25 19:30:00,2024,841,1,REJECT,FVG,1,1.1479972719396991,1.1479972719396991,0.4001400895836152,1.656301266336076,0.5089675766345064,-0.7478571823560839,0.5657931819097948,-0.7336794840354989,0.3309603950534089,1.2566925611509507,0.7110280828559657
2024-04-26 05:45:00,2024,841,1,ACCEPT,FVG,1,0.23037598823985417,0.23037598823985417,0.0401512436646686,1.2901055341431773,1.0564384603570274,-0.19022474457518548,0.5481739986013124,-0.32330355394576715,-0.01979082536213106,1.1453747953454756,0.6278646814616893
2024-04-26 15:15:00,2024,841,1,REJECT,FVG,0,0.5769817848783767,-0.6620244515838211,-0.6620244515838211,0.5207227899809582,0.0,-1.2390062364621977,0.4323702467577664,-0.44906942174037473,-0.005435408348521242,0.9269492178895566,0.4007852620708262
2024-04-26 23:00:00,2024,842,-1,ACCEPT,FVG,1,0.477282359461408,0.477282359461408,0.1225807152714914,1.3262190152247944,0.8450245052759715,-0.3547016441899165,0.43273752925128844,-0.13035840174295643,0.1325905599329924,0.8970539607883031,0.3881889145966125
2024-04-29 06:15:00,2024,842,-1,REJECT,OB,0,0.33497629509713794,-0.8618322155411651,-0.8618322155411651,0.0006504394079402,0.0,-1.1968085106383028,0.5869416330813414,-0.6273914697779148,-0.06253776223731097,1.0304748790859426,0.604828608380001
2024-04-29 11:15:00,2024,842,-1,REJECT,FVG,0,0.6010298423504481,-0.0889212617732551,-0.0889212617732551,0.0356983167702581,0.0,-0.6899511041237033,0.13759473785009366,-0.3858274824341506,-0.250041107534969,0.5873990533170217,0.08082301875454878
2024-04-29 14:45:00,2024,843,1,INSIDE,OB,1,0.3788233093256243,0.3788233093256243,-0.2933452292726282,0.535533122756019,0.15347200736780034,-0.6721685385982525,0.6461836638811005,-0.4513738515398499,0.0850859916118896,0.801186568499162,0.5177136722851148
2024-05-01 13:00:00,2024,844,-1,ACCEPT,FVG,0,0.6523670516562855,-0.403604518339899,-0.403604518339899,0.1789567203959709,0.0,-1.0559715699961845,0.33331554129454455,-0.22435480401746766,0.06787021587118694,1.1922721909000473,0.3974028506802818
2024-05-01 13:00:00,2024,844,-1,ACCEPT,FVG,0,0.5349663662901281,-0.403604518339899,-0.403604518339899,0.1789567203959709,0.0,-0.938570884630027,0.31737519581722373,-0.18580059322170298,0.04295296169194937,1.1525430517580364,0.36578857673948745
2024-05-02 03:30:00,2024,845,1,INSIDE,FVG,0,0.3320444810371928,-1.1806025992433706,-1.1806025992433706,0.2182363914914768,0.0,-1.5126470802805638,0.7365268137970551,-0.7369688065793687,0.05038814405557218,1.6700834480130924,1.2300612407402827
2024-05-02 08:15:00,2024,845,1,INSIDE,FVG,0,0.6550599380881994,-0.7367087029688675,-0.7367087029688675,0.2044335487087702,0.0,-1.391768641057067,0.3691001992790386,-0.28035272367661146,0.06490827618891615,0.9208754659286046,0.33989531798542544
2024-05-02 21:00:00,2024,846,-1,REJECT,OB,0,1.3971747395753065,0.2584155049303138,0.2584155049303138,0.4611913078421091,0.0,-1.1387592346449926,0.2004926046963325,-0.3543293323405307,-0.0031657188258920055,1.0076202719240215,0.20202041286287392
2024-05-03 07:30:00,2024,847,1,INSIDE,FVG,1,0.25251005772259544,0.25251005772259544,-0.0654888927759291,0.4017491691446631,0.14923911142206758,-0.31799895049852456,0.547411414006869,-0.2149770194121967,0.040930742512098106,0.8789375766480109,0.4811404616566584
2024-05-06 06:15:00,2024,850,-1,REJECT,FVG,0,1.124033837841223,0.0413063659785658,0.0413063659785658,0.0976332286766282,0.0,-1.082727471862657,0.19555170802867772,-0.14580172272998704,0.10251679005526651,0.9603866432358538,0.18780524845269955
2024-05-06 12:30:00,2024,851,1,REJECT,FVG,1,0.37091972741131507,0.37091972741131507,-0.1643000134842386,0.859463328112517,0.48854360070120173,-0.5352197408955537,0.7812216167207557,-0.6927039594489586,0.13822185678251522,0.9001594553585441,0.7032240250216768
2024-05-06 22:15:00,2024,851,1,INSIDE,OB,1,0.172207605835938,0.172207605835938,-0.5665380655761525,0.3207054688393584,0.15286544720941425,-0.7387456714120905,0.6499735539063326,-0.4306877977928522,-0.03882172966245459,1.4591867534298295,0.9484327999398298
2024-05-06 22:15:00,2024,851,1,INSIDE,OB,0,0.45984422283000814,-0.5665380655761525,-0.5665380655761525,0.3207054688393584,0.0,-1.0263822884061609,0.6475505727997704,-0.4743056275981263,0.130603643127432,1.54088612258161,0.9978016912969386
2024-05-07 03:30:00,2024,851,1,REJECT,OB,1,0.05928668753834295,0.05928668753834295,-0.7638621636520744,0.1298066421892343,0.0686477434654572,-0.8231488511904174,0.6796675373731214,-0.47652263584279514,-0.1123504325187786,0.9063683132257632,0.6160291194031844
2024-05-07 07:15:00,2024,851,1,INSIDE,OB,0,0.35516401671604264,-0.5383736239305036,-0.5383736239305036,0.0081287539037193,0.0,-0.8935376406465463,0.4883026899333777,-0.3104197520491117,0.014586592614908439,1.1482423531801178,0.5606898297532831
2024-05-07 11:15:00,2024,851,1,INSIDE,OB,0,0.6884979363821923,0.0969275023971147,0.0969275023971147,0.1876016175428357,0.0,-0.5915704339850775,0.18574142336480498,-0.08216683432251126,0.060977537125291414,1.381996721737271,0.256694038180975
2024-05-07 13:30:00,2024,852,-1,REJECT,FVG,1,0.17357100490117974,0.17357100490117974,-0.1604595261137054,0.6774264040208477,0.5019823307214412,-0.3340305310148852,0.6563719139096488,-0.5412120215022042,-0.07204851843168406,0.9097182439030334,0.5971135048691587
2024-05-07 21:30:00,2024,852,-1,ACCEPT,FVG,1,0.3048179559429852,0.3048179559429852,-0.1361686770400907,0.7014560748441911,0.395388864983408,-0.440986632983076,0.5718071086910028,-0.34164252956013075,0.028008171538387944,1.670446912728807,0.9551734193892711
2024-05-08 12:45:00,2024,852,-1,INSIDE,FVG,0,0.4685547688463141,-0.3679716784672974,-0.3679716784672974,0.2686380674718697,0.0,-0.8365264473136115,0.5436023139202034,-0.3748862616972683,0.08361023416146404,0.8848013244464038,0.48098004732872573
2024-05-08 21:30:00,2024,853,1,ACCEPT,FVG,0,0.5642633228840126,-0.2150470219435919,-0.2150470219435919,0.0840125391849621,0.0,-0.7793103448276045,0.4293082624652621,-0.19164801459139028,0.1328709682779673,1.2007803166195596,0.5155049113304304
2024-05-09 02:15:00,2024,854,-1,REJECT,FVG,1,0.04317522117741464,0.04317522117741464,-0.3704308831453014,0.0438009490205507,0.003754367058901852,-0.413606104322716,0.8070461533050012,-0.7151328060484259,-0.10314322965550718,0.6018386192696171,0.48571154259193766
2024-05-09 04:45:00,2024,854,-1,ACCEPT,FVG,0,0.2512671271025807,-0.1666759496490941,-0.1666759496490941,0.2487607218447017,0.0,-0.41794307675167486,0.5329131578650943,-0.2791390154863378,0.003521396911766256,1.6409490603646,0.8744833456546582
2024-05-09 07:15:00,2024,854,-1,REJECT,FVG,0,0.34463072295867225,-0.0708059485351237,-0.0708059485351237,0.0363428762392736,0.0,-0.415436671493796,0.4446075366993902,-0.26186763021803944,0.007786108600095126,1.641559379531654,0.729849672079348
2024-05-09 11:45:00,2024,855,1,REJECT,FVG,1,0.4460795745258422,0.4460795745258422,3.213401878852637,4.114958771749675,3.6663731321984097,2.7673223043267954,0.4621638335233519,-0.3011167686750198,0.04421035769332066,0.9925827724467653,0.4587358592032339
2024-05-09 21:30:00,2024,855,1,REJECT,OB,1,0.26537031346568885,0.26537031346568885,1.831490196213845,2.7226869866348067,2.457938149313079,1.5661198827481562,0.5620684582129585,-0.6356660881945868,-0.1292219471196437,1.3431057045004975,0.754917352545624
2024-05-10 15:30:00,2024,855,1,REJECT,OB,0,0.6366801969793578,-0.2503451259967557,-0.2503451259967557,0.3109224651268332,0.0,-0.8870253229761135,0.6148356583727035,-0.7273507435172114,0.11130411782373467,1.2607116557672509,0.7751304808917988
2024-05-10 19:15:00,2024,855,1,REJECT,FVG,0,0.49755725243329063,-0.0631229350101927,-0.0631229350101927,0.3700736778048633,0.0,-0.5606801874434834,0.4944365739846487,-0.42017448288468756,0.03358565216291998,0.9438066699952509,0.46665253641631177
2024-05-13 17:15:00,2024,856,-1,REJECT,OB,1,0.28798297144168294,0.28798297144168294,-0.0601007940400068,0.6880288817704555,0.3987938104529402,-0.3480837654816898,0.7074826285234483,-0.5527651107160313,0.04204955237495647,0.6608757247817327,0.4675580948959193
2024-05-13 23:00:00,2024,856,-1,REJECT,FVG,0,0.3413865729663925,-0.4086579602728578,-0.4086579602728578,0.1584335476750145,0.0,-0.7500445332392504,0.5669514916181333,-0.39274211346296006,0.023473240347822222,1.0465451780216946,0.5933403497251646
2024-05-13 23:00:00,2024,856,-1,REJECT,FVG,0,0.19238359360537274,-0.4086579602728578,-0.4086579602728578,0.1584335476750145,0.0,-0.6010415538782307,0.6018251888839447,-0.39496078730855083,-0.04148214432510525,0.7938602784111785,0.47776511200226834
2024-05-14 05:15:00,2024,856,-1,INSIDE,OB,0,0.5455809836894746,-0.0354027057782238,-0.0354027057782238,0.2288532052092483,0.0,-0.5809836894676985,0.25995584658203724,-0.1687801127489532,0.016922230840970665,1.4094312808217586,0.36638990180522535
2024-05-14 13:45:00,2024,857,1,REJECT,FVG,1,0.23055241795014456,0.23055241795014456,2.188981198999248,3.347443760622431,3.109290713509073,1.9584287810491032,0.7205530322061102,-0.541514130799633,0.01480076196692584,0.910234222505299,0.6558720290439644
2024-05-14 20:30:00,2024,857,1,REJECT,FVG,1,0.18521923620935496,0.18521923620935496,1.590594059405956,2.747100424328168,2.5618811881188126,1.4053748231966012,0.7550472092210554,-0.5970132838387003,-0.006390802614462926,1.4399774025299976,1.087250919121659
2024-05-15 01:15:00,2024,857,1,ACCEPT,FVG,1,0.17909620380009134,0.17909620380009134,1.425733708108721,2.5911382914080163,2.4088439411114826,1.2466375043086295,0.6991882385493313,-0.535762042847072,-0.035941564561378425,0.8989556134638444,0.628539191911819
2024-05-15 14:45:00,2024,857,1,REJECT,OB,1,0.6514290609028565,0.6514290609028565,0.9617251520429598,2.12967192987466,1.4776004340005144,0.3102960911401033,0.509751548491436,-0.5454562489251538,0.06465789112632664,1.1525994676628593,0.5875393634315473
2024-05-15 23:45:00,2024,857,1,INSIDE,OB,1,0.21294154733274995,0.21294154733274995,-0.4934633462141816,0.6630515246288989,0.4520226259248988,-0.7064048935469315,0.6386856051404195,-0.6337987915243768,-0.09299792580460892,1.1536814412208554,0.7368397294254133
2024-05-16 09:00:00,2024,857,1,INSIDE,FVG,0,0.451768204184228,-0.7060072922935278,-0.7060072922935278,0.0751885022478857,0.0,-1.1577754964777556,0.5535154681860782,-0.442540056981682,0.05247339890024419,1.3555520682132283,0.7503190376876517
2024-05-16 11:30:00,2024,857,1,ACCEPT,FVG,0,0.5199476087649026,-0.4555913483663195,-0.4555913483663195,0.0949414138553437,0.0,-0.9755389571312222,0.43080450892668076,-0.2713724976312256,0.06953177220856718,1.7344596013305762,0.7472130168043853
2024-05-16 14:30:00,2024,857,1,ACCEPT,FVG,0,0.5709269066296642,-0.2096372235280766,-0.2096372235280766,0.2440457647758441,0.0,-0.7805641301577408,0.30217670567175114,-0.14083990238118407,0.07423944717220853,1.3395529949248983,0.40478171107913374
2024-05-16 22:00:00,2024,858,-1,REJECT,OB,0,0.557123408117538,-0.2910060413534865,-0.2910060413534865,0.3675865785517618,0.0,-0.8481294494710246,0.611494849583949,-0.5663982002109811,0.12062947667818313,1.0193030025735859,0.6232985362392024
2024-05-17 19:45:00,2024,859,1,INSIDE,FVG,1,0.6291121087866592,0.6291121087866592,0.2775876108872981,2.6305966115863244,2.0014845027996646,-0.35152449789936113,0.6853675127555918,-0.7960000644263521,0.18072552112636564,1.1492868036967716,0.7876838380924804
2024-05-20 07:45:00,2024,859,1,INSIDE,OB,1,0.3301912493870033,0.3301912493870033,-1.4273415790334252,0.9434969759712198,0.6146134147005995,-1.7575328284204284,0.721495931851919,-0.7695141049557146,0.023918834438329373,1.9538936711848693,1.4097263350310942
2024-05-20 12:45:00,2024,859,1,INSIDE,FVG,0,0.5109092377854003,-1.8869933685347005,-1.8869933685347005,0.0634505651065978,0.0,-2.397902606320101,0.6079783074198152,-0.7116098455636768,0.031655237519319035,1.344880541724297,0.8176581954393822
2024-05-20 15:15:00,2024,859,1,REJECT,FVG,0,1.6477318626118909,-0.5611409351614695,-0.5611409351614695,0.0746866026775623,0.0,-2.20887279777336,0.06587247532457803,-0.15610365722808783,-0.03728054645783144,1.7182139753405348,0.11318300769296451
2024-05-20 18:00:00,2024,860,-1,REJECT,FVG,0,1.0292128111906365,-0.2599287456833546,-0.2599287456833546,0.2343297025478813,0.0,-1.289141556873991,0.46466832092924276,-0.46469187933543493,0.22947830483963472,1.4258305877852815,0.662538305155742
2024-05-21 13:00:00,2024,862,-1,INSIDE,OB,0,0.507831056603376,-0.6481699732739474,-0.6481699732739474,0.091383480622719,0.0,-1.1560010298773233,0.463484293323899,-0.367526412390062,0.03818802553215844,1.1927396377661357,0.5528160881294407
2024-05-21 14:15:00,2024,862,-1,REJECT,FVG,0,0.46344479458661064,-0.457570142260885,-0.457570142260885,0.1298950903136994,0.0,-0.9210149368474956,0.5157526037424154,-0.35815952351155067,0.06558504279358773,0.6932602658384505,0.3575507871773399
2024-05-21 22:45:00,2024,863,1,REJECT,FVG,0,0.685051242269944,-0.1619212027183699,-0.1619212027183699,0.0596551799488872,0.0,-0.8469724449883139,0.39979252363167245,-0.28954870667114174,0.10008906644731402,0.9091310978721943,0.36346381593035754
2024-05-22 03:15:00,2024,864,-1,REJECT,FVG,1,0.0991688497434881,0.0991688497434881,5.368252833135077,6.337611920694108,6.237786323601309,5.269083983391588,0.6652873770071771,-0.41733989213461653,-0.07371314604925522,0.9106808901977246,0.6058645007302053
2024-05-22 14:00:00,2024,864,-1,REJECT,FVG,1,0.26794607512267615,0.26794607512267615,4.896583176751733,5.868544429647715,5.5973147016436515,4.6286371016290575,0.6163047210448142,-0.36570667225080455,0.024816507458488568,1.0748252967703444,0.6624199046979568
2024-05-22 21:15:00,2024,864,-1,REJECT,FVG,1,0.2508581991022037,0.2508581991022037,3.025481911803533,4.006469500924218,3.7483496171111526,2.7746237127013296,0.8416078467479299,-0.8361450988191725,0.07868540615233544,1.2209267481429154,1.027541531541511
2024-05-23 01:45:00,2024,864,-1,REJECT,FVG,1,0.3954244890325055,0.3954244890325055,2.690074779311179,3.663782828264305,3.2683583392317996,2.2946502902786734,0.6704844120020024,-0.7676659959888024,0.012168043965832931,0.7754295201064156,0.519913405837545
2024-05-23 06:15:00,2024,864,-1,REJECT,OB,1,0.16430341510625188,0.16430341510625188,1.918852735457566,2.8921360177133835,2.727832602607131,1.754549320351314,0.7368445945615764,-0.8673126823658323,-0.1071719372808188,1.183442257625775,0.8720130305073008
2024-05-23 11:45:00,2024,864,-1,INSIDE,FVG,1,0.4133687391264523,0.4133687391264523,1.3884442816591849,2.362201263620542,1.9475139639227146,0.9750755425327323,0.6242078496716352,-0.7015341097511691,-0.005602999860489011,1.5065794852995607,0.9404187408782377
2024-05-23 14:15:00,2024,864,-1,INSIDE,FVG,1,0.8552807523364142,0.8552807523364142,1.8398097910705904,2.813128519249852,1.9571883368808123,0.9845290387341767,0.2562418911399987,-0.34877751232518656,-0.04024734554555298,1.2908666005913498,0.3307740989449888
2024-05-24 02:45:00,2024,864,-1,REJECT,OB,1,0.3776246899972466,0.3776246899972466,-0.4940203912923837,0.477486910994751,0.10383025626892525,-0.8716450812896301,0.6569124621879701,-0.9395804475650269,-0.07429197744235003,1.0089823828880689,0.6628131014472864
2024-05-24 07:15:00,2024,864,-1,INSIDE,OB,0,0.5236638076883371,-0.4528268577229289,-0.4528268577229289,0.0854015565003727,0.0,-0.976490665411266,0.5170872152435589,-0.6659828501284072,-0.050831772714139856,1.2761975591983652,0.6599054419865096
2024-05-24 15:45:00,2024,865,1,REJECT,OB,1,0.30302581824368996,0.30302581824368996,-0.1778195460902687,0.5387865647454161,0.23376277407373222,-0.4808453643339587,0.7320094746694727,-0.5045102462263928,0.08661380410300595,0.8112985422649516,0.5938782197234762
2024-05-24 22:15:00,2024,865,1,ACCEPT,FVG,0,0.9760613675439693,0.2462259338333857,0.2462259338333857,0.142158066771223,0.0,-0.7298354337105837,0.2174804581379214,-0.0066188927239008155,0.20709486048224746,0.947709218538178,0.20610823502921444
2024-05-24 23:45:00,2024,865,1,REJECT,FVG,0,0.1727662629659695,0.1673248058646839,0.1673248058646839,0.0469325674986338,0.0,-0.005441457101285507,0.4660052257675881,-0.18884446886602746,-0.020331978138674933,0.7315384340228063,0.3409007331044657
2024-05-27 01:45:00,2024,866,-1,INSIDE,OB,0,0.47963246554364697,0.1853751914241997,0.1853751914241997,0.31079632465542,0.0,-0.2942572741194473,0.5628778552434281,-0.13986578815580122,0.20883606021359327,0.8072834046914055,0.45440195140631073
2024-05-27 10:15:00,2024,867,1,REJECT,OB,1,0.48461110596086493,0.48461110596086493,0.3010568276629225,1.243163066654282,0.75716139797904,-0.18355427829794238,0.5021178951805478,-0.36689726879705054,0.0606603240650031,0.8166631361285952,0.41006117498443545
2024-05-27 20:15:00,2024,867,1,ACCEPT,FVG,0,0.3256020184342777,-0.630015185343598,-0.630015185343598,0.176573762708406,0.0,-0.9556172037778758,0.6277347142695947,-0.4598861765699479,0.03319203108316937,1.1786330062473893,0.7398688534054184
2024-05-28 09:15:00,2024,867,1,INSIDE,OB,0,0.6836270211399356,-0.1364381659838174,-0.1364381659838174,0.0473943102891354,0.0,-0.820065187123753,0.20946153709357138,0.009181347988697242,0.15045177537306406,1.5290151753543257,0.3202698688691136
2024-05-28 15:00:00,2024,868,-1,REJECT,FVG,0,0.5117080994386632,-0.672654370489153,-0.672654370489153,0.1097032878909369,0.0,-1.1843624699278161,0.4399558090406789,-0.26767345876894744,0.07521998522366688,1.0844940226573518,0.47712944513799554
2024-05-28 21:15:00,2024,869,1,ACCEPT,FVG,1,0.46390442810529087,0.46390442810529087,-0.7477645711243625,0.4776981434949673,0.007985835225609045,-1.2116689992296532,0.5535254605829114,-0.37483271041486205,0.08942965049249876,0.9945776511745974,0.5505240524518892
2024-05-29 04:45:00,2024,869,1,REJECT,FVG,0,0.4472004377165866,-0.7784059821265785,-0.7784059821265785,0.3771657851541181,0.0,-1.225606419843165,0.4509375364273183,-0.20307832095497136,0.09015678047139561,0.8567796941611988,0.38635412454600226
2024-05-29 04:45:00,2024,869,1,REJECT,FVG,1,0.3530913733357757,0.3530913733357757,-0.7784059821265785,0.3771657851541181,0.02261535655662559,-1.1314973554623542,0.37944440446467803,-0.16898085502852506,0.02911653075071445,1.2730868700829419,0.4830656892504228
2024-05-29 22:30:00,2024,870,-1,REJECT,FVG,1,0.24669169692864099,0.24669169692864099,-0.2666338400935652,1.1152828214439523,0.8700683203053019,-0.5133255370222062,0.7692718091975559,-0.6686021532922455,0.0355076028145726,1.7614090203851425,1.3550023038485732
2024-05-29 22:30:00,2024,870,-1,REJECT,FVG,1,0.12408444635931583,0.12408444635931583,-0.2666338400935652,1.1152828214439523,0.9926755708746274,-0.3907182864528811,0.7713737399568686,-0.6625220434827415,-0.05575445353892913,1.3097184615681745,1.010282427990399
2024-05-30 02:15:00,2024,870,-1,ACCEPT,FVG,1,0.1940664733437188,0.1940664733437188,-0.2141423154137936,1.1785262844821116,0.9844598111383926,-0.40820878875751243,0.6853069879306174,-0.4067760435850174,0.004985531912065799,0.8643790402951053,0.5923649965349963
2024-05-30 15:30:00,2024,870,-1,REJECT,FVG,0,0.43657602956702835,-0.3623284054910324,-0.3623284054910324,0.0207893347413031,0.0,-0.7989044350580609,0.5880987266055488,-0.3612844615053966,0.1079362773031744,0.9074391210531977,0.533663791563444
2024-05-30 20:15:00,2024,871,1,REJECT,FVG,0,0.39909492155022525,-0.1734871580619354,-0.1734871580619354,0.1265786131782604,0.0,-0.5725820796121607,0.6958022499194902,-0.6827746559938143,0.06999263018077684,1.5770661881529773,1.0973262019887957
2024-05-31 00:00:00,2024,871,1,REJECT,OB,0,0.2997601421747925,-0.0521970396821644,-0.0521970396821644,0.354939869838793,0.0,-0.351957181856957,0.532623337606218,-0.3909865524288147,-0.023078742508578415,0.8024385961975605,0.42739752333079295
2024-05-31 07:30:00,2024,871,1,INSIDE,FVG,0,0.3754229416837866,0.1059842101771433,0.1059842101771433,0.1470344324288653,0.0,-0.2694387315066432,0.3620681990305795,-0.236675632247799,-0.015054203955203765,1.3430619568100506,0.486280023888701
2024-05-31 14:30:00,2024,872,-1,REJECT,OB,0,0.30165988731967497,-0.8413127510674245,-0.8413127510674245,0.0909527298451484,0.0,-1.1429726383870995,0.6011000817352604,-0.3387178602631978,0.046213256150308996,0.7350266723919687,0.4418245928524089
2024-05-31 17:45:00,2024,873,1,INSIDE,OB,0,1.7921635434412324,-0.2422865795949133,-0.2422865795949133,0.1627862956653485,0.0,-2.034450123036146,0.12255014293941296,-0.40883784942247636,-0.1391048141171818,1.4927399872175107,0.1829354988048834
2024-06-03 01:45:00,2024,874,-1,REJECT,FVG,1,0.436269238524093,0.436269238524093,-0.5799280865649283,0.876318973049275,0.44004973452518203,-1.0161973250890215,0.8653415208986114,-0.32831004458079843,0.3333121551087583,1.071732720155451,0.9274148220561238
2024-06-03 06:15:00,2024,874,-1,REJECT,FVG,1,0.2999229995666123,0.2999229995666123,-0.512747148248975,0.9452118774220436,0.6460462591674502,-0.8126701478155872,0.5127986435608665,-0.3675564748838335,-0.025273905780924866,1.353896476555328,0.6942762766994087
2024-06-03 06:15:00,2024,874,-1,REJECT,FVG,1,0.24766368903606253,0.24766368903606253,-0.512747148248975,0.9452118774220436,0.698305569698,-0.7604108372850376,0.6381409224286343,-0.4613709355450877,-0.00890692618103206,1.317400855152513,0.8406873969152963
2024-06-03 13:45:00,2024,874,-1,REJECT,OB,0,1.1925933143266145,-0.2760350254387627,-0.2760350254387627,0.3583880164536391,0.0,-1.4686283397653772,0.06548064491719148,-0.23335289196278058,-0.1399810147577284,1.1656240592809686,0.07632581513271246
2024-06-03 15:30:00,2024,874,-1,ACCEPT,FVG,0,0.5718957709366802,-0.1639434543351539,-0.1639434543351539,0.0305011077832965,0.0,-0.7358392252718342,0.35399355253622716,-0.1338438584341272,0.11598342013244521,1.3989410697568068,0.495216119072042
2024-06-04 02:45:00,2024,875,1,REJECT,FVG,0,0.3484579074616526,-1.2948204623079491,-1.2948204623079491,0.2010924487994491,0.0,-1.6432783697696018,0.692690883902432,-0.7725039084306493,0.003976122640664631,1.0784214981886386,0.7470127407996732
2024-06-04 02:45:00,2024,875,1,REJECT,FVG,1,0.14352781650956303,0.14352781650956303,-1.2948204623079491,0.2010924487994491,0.05679710385937199,-1.4383482788175124,0.799779169702561,-0.7009999445102315,-0.02556423301105734,0.9305111419581542,0.7442034285142745
2024-06-04 09:30:00,2024,875,1,INSIDE,OB,0,0.29356925007029766,-1.2233349916722571,-1.2233349916722571,0.0077869827604783,0.0,-1.5169042417425547,0.44664889136131064,-0.30063613098503705,-0.03523495629574663,1.774442183568953,0.7925526340758161
2024-06-04 16:30:00,2024,876,-1,INSIDE,FVG,1,0.9298368227536606,0.9298368227536606,-0.0570404101353095,1.6893337905826795,0.7563714659037997,-0.9868772328889702,0.3632541999392614,-0.2987798225358378,0.14752033398085826,1.0408167844172287,0.37808106830683513
2024-06-04 19:45:00,2024,876,-1,REJECT,FVG,0,0.7469949601281409,-0.9962537386646289,-0.9962537386646289,0.2031576251394466,0.0,-1.7432486987927698,0.5396796811609808,-0.7461416873452447,0.059673822492967765,0.9509337387698242,0.5131996169445181
2024-06-05 04:45:00,2024,876,-1,ACCEPT,FVG,0,0.5346309898109913,-0.673181041343224,-0.673181041343224,0.0547938056907138,0.0,-1.2078120311542153,0.4640501835651077,-0.19305297405127095,0.14462890295639702,0.8511370325192797,0.3949702961796328
2024-06-05 06:15:00,2024,876,-1,INSIDE,OB,0,0.6904019517031869,-0.2543998121355234,-0.2543998121355234,0.022700290929013,0.0,-0.9448017638387103,0.28096332068358476,-0.16343250218513636,0.07646366129338206,0.9757302709120567,0.2741444170069452
2024-06-05 22:00:00,2024,877,1,REJECT,OB,1,0.12516569243137987,0.12516569243137987,0.140811403985289,1.498859166865848,1.373693474434468,0.015645711553909144,0.8155898571722467,-0.8407116581055399,-0.0529518877352254,1.1535356435183337,0.9408119707402135
2024-06-06 10:30:00,2024,877,1,ACCEPT,FVG,0,0.7277808099552621,-0.6366117236109523,-0.6366117236109523,0.0809518611505451,0.0,-1.3643925335662144,0.43362465654282434,-0.3481217559050778,0.11841612468965551,1.4435434439055832,0.6259560300682043
2024-06-06 10:30:00,2024,877,1,ACCEPT,FVG,0,0.45034384892479123,-0.6366117236109523,-0.6366117236109523,0.0809518611505451,0.0,-1.0869555725357434,0.49887074219990263,-0.29814032162452153,0.0752565320622926,1.5886546388713054,0.7925333187930464
2024-06-06 19:00:00,2024,878,-1,REJECT,FVG,0,1.6347457849562266,0.1031559238098528,0.1031559238098528,0.2992309240285717,0.0,-1.5315898611463736,6.8250181001186285e-06,0.2212154859655247,0.2212251333354004,1.2442180945757482,8.491811015974593e-06
2024-06-06 21:15:00,2024,879,1,REJECT,FVG,1,0.634278417244104,0.634278417244104,-1.828585972503164,1.3641330343468727,0.727484959255053,-2.4628643897472684,0.5545041509223112,-0.47442196616663956,0.1403569985637757,1.0373066363237409,0.5751908356207746
2024-06-07 11:45:00,2024,879,1,INSIDE,OB,0,2.543235530070889,0.0205163275773808,0.0205163275773808,0.0915343845759187,0.0,-2.522719202493508,0.0062657185471953845,-0.03624687943154242,-0.020084568656158795,1.52714645517323,0.009568669868462592
2024-06-07 21:00:00,2024,880,-1,REJECT,FVG,1,0.183403757978971,0.183403757978971,-0.0577953018841268,1.442570735027826,1.2568551649734747,-0.24119905986309786,0.8870591929971388,-1.2349086146182902,0.023218414035693496,1.1018294332598362,0.977387927887965
2024-06-10 06:15:00,2024,880,-1,REJECT,FVG,1,0.16573038475247073,0.16573038475247073,-0.7652619609307364,0.6400095042514636,0.4750428539909219,-0.9309923456832071,0.7345803073788562,-0.6026033945147572,-0.03820053077107868,0.9245119352409629,0.6791282615647276
2024-06-10 12:30:00,2024,880,-1,ACCEPT,FVG,0,0.6531738730450769,-0.758203005213115,-0.758203005213115,0.1241950321987036,0.0,-1.411376878258192,0.4595882039637505,-0.37514533355869284,0.09745804370576255,1.0618509223044967,0.4880141582591756
2024-06-10 15:00:00,2024,880,-1,ACCEPT,FVG,0,1.01732597362772,-0.0820300521312257,-0.0820300521312257,0.148727384237968,0.0,-1.0993560257589459,0.0355925082320946,-0.04800767332416089,-0.010089776725098705,1.8232701447705704,0.06489475763707885
2024-06-10 16:45:00,2024,881,1,REJECT,FVG,1,0.37169339765232146,0.37169339765232146,-0.0183930753477622,0.7702100301867977,0.3962174981159928,-0.3900864730000837,0.7571679150951769,-0.5689404750334595,0.14327731321593537,0.8706598182293682,0.6592356793258765
2024-06-10 23:00:00,2024,881,1,INSIDE,FVG,0,0.38522821931268897,-0.4036822657468122,-0.4036822657468122,0.2752728593092492,0.0,-0.7889104850595012,0.5419616432605721,-0.34645131542622254,0.05009092756100875,0.9405473713911767,0.5097405989635737
2024-06-11 04:15:00,2024,881,1,ACCEPT,FVG,0,0.47020975421439803,-0.2092394801183916,-0.2092394801183916,0.2540213614721371,0.0,-0.6794492343327897,0.5857622154504646,-0.24207749440534218,0.17515346238327273,1.6132147938073345,0.9449602716180486
2024-06-11 11:15:00,2024,882,-1,INSIDE,OB,0,0.6452387486278912,-0.918461855104253,-0.918461855104253,0.3465456915477329,0.0,-1.5637006037321441,0.3716525797828412,-0.2139362839370032,0.1053783334007464,0.9903589724956626,0.36806946703909693
2024-06-11 15:15:00,2024,882,-1,INSIDE,OB,0,0.7552653187565107,-0.5122803698942766,-0.5122803698942766,0.0208936102524845,0.0,-1.2675456886507874,0.3135395686016638,-0.18135564551175257,0.11231208756819308,0.8892475379085023,0.2788142894159235
2024-06-11 19:30:00,2024,883,1,ACCEPT,FVG,0,0.9922354253356712,0.4308695465659932,0.4308695465659932,0.810003860838249,0.0,-0.561365878769678,0.273206126414097,-0.23567338454340278,0.09979882499340287,1.327363613211381,0.3626438711085011
2024-06-11 19:30:00,2024,883,1,ACCEPT,FVG,0,0.8277637167002546,0.4308695465659932,0.4308695465659932,0.810003860838249,0.0,-0.3968941701342614,0.35826175073323846,-0.21691756327311348,0.1573517810483858,1.2864934173256894,0.46090138399788827
2024-06-12 04:15:00,2024,883,1,REJECT,FVG,0,0.42483603727996444,0.0427166033828239,0.0427166033828239,0.3557128063513923,0.0,-0.38211943389714054,0.43110449533280315,-0.22582179543704672,0.05467972117075584,0.8500082625842467,0.36644238307009447
2024-06-12 12:45:00,2024,885,1,ACCEPT,FVG,1,0.2355359587487978,0.2355359587487978,0.6257638508012929,2.251195170087712,2.014881864940386,0.3902278920524951,0.4040648818117008,-0.1327058206465853,0.01608775042294057,0.8001980611235642,0.3233319349938451
2024-06-12 20:15:00,2024,885,1,REJECT,OB,0,0.2969571533250131,-1.3150959647251033,-1.3150959647251033,0.1349805242386455,0.0,-1.612053118050116,0.7825055516426315,-0.9951493353100798,0.01593116536034711,1.364347161015309,1.0676092278623426
2024-06-12 23:45:00,2024,885,1,REJECT,FVG,0,1.213282083585084,-0.236794405378665,-0.236794405378665,0.1249533995809091,0.0,-1.450076488963749,0.13403995283310868,-0.33369534935590656,-0.12633856721061265,0.913199233266253,0.12240518215423957
2024-06-13 03:00:00,2024,885,1,REJECT,FVG,0,0.37553878846798366,0.0108402949248393,0.0108402949248393,0.1780905594796797,0.0,-0.3646984935431443,0.4540509908865043,-0.1715497441749913,0.07685634617419514,0.6394235290493676,0.29033088696101084
2024-06-13 09:15:00,2024,886,-1,REJECT,OB,1,0.309277022005919,0.309277022005919,-0.8644292765065311,0.6286055472270389,0.3239676805512044,-1.17370629851245,0.793785784278662,-0.710584748319982,0.09896702689398795,1.0145686901335695,0.8053502034022503
2024-06-13 11:45:00,2024,886,-1,REJECT,FVG,1,0.4523176446836496,0.4523176446836496,-0.6603064419826343,0.8381407296360519,0.38504989239737064,-1.112624086666284,0.523963011921541,-0.40484605008697905,0.04427602113483603,1.092229277953858,0.5722877421855935
2024-06-14 02:15:00,2024,888,-1,REJECT,FVG,0,0.5840828435296627,-1.0988154813632187,-1.0988154813632187,0.1178953496834445,0.0,-1.6828983248928813,0.5330892949155177,-0.518606142292463,0.06922555167056124,0.7640360857103421,0.40729945822133834
2024-06-14 07:45:00,2024,888,-1,REJECT,FVG,0,0.26135448611422957,-0.959070739604931,-0.959070739604931,0.0385478593088796,0.0,-1.2204252257191606,0.38124016519650833,-0.262319528896471,-0.06267396090467273,1.0345986912674765,0.3944305759709041
2024-06-14 07:45:00,2024,888,-1,REJECT,FVG,0,0.14108516507049407,-0.959070739604931,-0.959070739604931,0.0385478593088796,0.0,-1.100155904675425,0.5819328005534529,-0.3694513343074278,-0.0723533994396776,1.050929008303157,0.6115700609847191
2024-06-14 08:45:00,2024,888,-1,REJECT,FVG,0,0.5039898121508264,-0.5626471256630006,-0.5626471256630006,0.2053005972926621,0.0,-1.066636937813827,0.3320972204477657,-0.25630486767421,-0.0038131177830914853,0.8747313034547556,0.2904958345159754
2024-06-14 16:45:00,2024,889,1,REJECT,FVG,0,0.4483274530902313,-0.5524999249786611,-0.5524999249786611,0.368076067339142,0.0,-1.0008273780688923,0.8794479230537181,-0.9201108864062408,0.28335936909101034,0.6096916446173434,0.5361920505619282
2024-06-17 01:15:00,2024,889,1,ACCEPT,FVG,0,0.39704508494515034,-0.5317290059167444,-0.5317290059167444,0.0474897062385483,0.0,-0.9287740908618948,0.5508810593803996,-0.02299323291041805,0.20839792061021845,0.9503819201784938,0.523547399003907
2024-06-17 01:15:00,2024,889,1,ACCEPT,FVG,0,0.38925988720113475,-0.5317290059167444,-0.5317290059167444,0.0474897062385483,0.0,-0.9209888931178791,0.5938317481050158,-0.06850679566701617,0.20332959384481228,1.0648144323083029,0.6323206157450896
2024-06-17 07:30:00,2024,889,1,REJECT,FVG,0,0.3419752497364645,-0.0765150102150155,-0.0765150102150155,0.1264839964778719,0.0,-0.41849025995148,0.4077393712910899,-0.249386228017702,-0.008264870872448316,0.8694144206033062,0.35449448924819926
2024-06-17 12:00:00,2024,890,-1,REJECT,FVG,1,0.4582877641191781,0.4582877641191781,-0.2212695218513452,0.8929524476136427,0.4346646834944645,-0.6795572859705233,0.4522810526084244,-0.3267288860825339,0.02831927078583571,1.2142209329084102,0.5491691216349988
2024-06-17 17:30:00,2024,890,-1,ACCEPT,FVG,1,0.7315562155915936,0.7315562155915936,0.1550108305469783,1.2740941225060178,0.5425379069144244,-0.5765453850446152,0.38817687115531946,-0.2017085577473772,0.16056324192682286,1.1045295474096712,0.4287528238120873
2024-06-17 21:00:00,2024,890,-1,ACCEPT,FVG,0,0.5354933260787328,-0.5820923028319461,-0.5820923028319461,0.0434397240919126,0.0,-1.117585628910679,0.5474505723022219,-0.45957789097130897,0.08517441628420491,0.9807612866216966,0.5369183276529114
2024-06-17 22:30:00,2024,890,-1,REJECT,FVG,0,0.41781116444787375,-0.4375564935805711,-0.4375564935805711,0.0126370106449148,0.0,-0.8553676580284448,0.41309470282780725,-0.21680681053776807,0.04535051324811046,0.8241510795624739,0.3404524452970767
2024-06-18 10:15:00,2024,891,1,REJECT,OB,0,0.5650870142546748,-0.5730013982078503,-0.5730013982078503,0.0625236332298572,0.0,-1.1380884124625252,0.291749371558226,-0.22946491703417254,0.0023451095897234486,1.1603285824859393,0.33852513474132
2024-06-18 15:30:00,2024,892,-1,REJECT,FVG,0,0.4334280981277011,-1.4426511879286763,-1.4426511879286763,0.0079092718636369,0.0,-1.8760792860563777,0.7631506776988373,-0.6540678179465383,0.17585542740023535,0.744251079708067,0.5679757158573027
2024-06-19 05:15:00,2024,893,1,REJECT,FVG,1,0.2672314040565099,0.2672314040565099,-0.0259371656878313,0.4149946510054083,0.148549221666693,-0.29316856974434125,0.6518670631937333,-0.509323543721843,-0.0031129505050050965,1.2196542662505057,0.7950524446524249
2024-06-19 09:30:00,2024,893,1,INSIDE,FVG,1,0.22153894670450533,0.22153894670450533,0.0346893724377211,0.4793440555029902,0.25622831914222644,-0.18684957426678422,0.5884932941646557,-0.24845682428820562,0.02813253522675198,0.9280563409187157,0.5461549332376517
2024-06-19 15:30:00,2024,893,1,ACCEPT,FVG,0,0.6206978452389967,0.1757588286263654,0.1757588286263654,0.3388503542886455,0.0,-0.44493901661263124,0.4129517539458195,-0.18774237724017528,0.14610443059294734,1.0278073646171788,0.4244348539370944
2024-06-19 17:15:00,2024,893,1,REJECT,OB,0,0.5044860834464143,0.2244804427914134,0.2244804427914134,0.3831238652588474,0.0,-0.2800056406550009,0.3615426079918924,-0.2265877614081061,0.037726583095257366,1.0700305241706776,0.3868616263395984
2024-06-20 03:30:00,2024,895,1,REJECT,FVG,1,0.18112745858582122,0.18112745858582122,-0.276877656957203,3.2355587866322217,3.055229246366143,-0.4580051155430242,0.5723998997192608,-0.34749171210136554,-0.04491015181034104,0.9088195255298863,0.520208205276213
2024-06-20 21:15:00,2024,895,1,REJECT,OB,1,0.5476154522601834,0.5476154522601834,-2.709297471109203,0.8106307570683596,0.2630153048081761,-3.2569129233693865,0.6609634740926905,-0.8020927380911529,0.09001507641482476,0.9872826968738787,0.6525578012373595
2024-06-21 01:15:00,2024,895,1,INSIDE,OB,1,0.17196121497829372,0.17196121497829372,-2.7457545400975043,0.7890930519098005,0.6203460652488553,-2.9177157550757977,0.8001698754036007,-0.712131857268222,-0.004707213803540916,1.0255156870399431,0.8205867595231893
2024-06-21 13:15:00,2024,895,1,INSIDE,FVG,1,0.49107302586853885,0.49107302586853885,-3.0011807220294267,0.5425954416973964,0.05232745357616379,-3.492253747897965,0.5436945306128216,-0.4304226440357974,0.07058951167458827,1.281998909894381,0.6970157955611744
2024-06-21 16:15:00,2024,895,1,REJECT,FVG,0,0.42341723566726486,-3.134418811361154,-3.134418811361154,0.0129287705547133,0.0,-3.557836047028419,0.6083443002922113,-0.3540448106896018,0.11891979390511703,0.7510506990443335,0.4568974119941013
2024-06-21 22:30:00,2024,896,-1,REJECT,FVG,0,0.43649348457527903,-0.6731273150409995,-0.6731273150409995,0.36534344771225,0.0,-1.1096207996162784,0.7823187112194626,-1.0909409829018046,0.10399958116705366,1.3242593049141589,1.035992832740826
2024-06-24 03:15:00,2024,896,-1,REJECT,FVG,0,0.11366516802967622,-0.9221286871139442,-0.9221286871139442,0.0896514001360693,0.0,-1.0357938551436205,0.8746674177688318,-0.9178342998418596,-0.01561532384873926,1.0638330331661858,0.9305000920566517
2024-06-24 04:15:00,2024,896,-1,REJECT,OB,0,0.40580560817478534,-0.6251167258077748,-0.6251167258077748,0.2537285558015756,0.0,-1.0309223339825602,0.3655936794647031,-0.6207985313257176,-0.2454785466120334,1.0568513277205225,0.38637816554850263
2024-06-24 12:45:00,2024,897,1,REJECT,OB,1,0.4603354942190562,0.4603354942190562,0.0320791285169794,0.6199291585911931,0.15317783866870444,-0.4282563657020767,0.7724965062134265,-0.6571542839361979,0.20610266541795288,0.8689464918118255,0.671258129011049
2024-06-25 01:30:00,2024,897,1,REJECT,OB,0,0.11602298974056414,-0.4681205349948929,-0.4681205349948929,0.0080571520653093,0.0,-0.584143524735457,0.7341270134230045,-0.6123364055670534,-0.07762809799128664,1.1151612582892851,0.8186700040329525
2024-06-25 19:30:00,2024,899,1,ACCEPT,FVG,0,0.7741970170117544,-0.071774515118785,-0.071774515118785,0.0927423509962035,0.0,-0.8459715321305394,0.19503613951160148,-0.09977981215806792,0.07067725462580464,0.9822903360065526,0.1915821150142719
2024-06-25 23:45:00,2024,900,-1,ACCEPT,FVG,1,0.32006234631769104,0.32006234631769104,0.9561560270346632,2.0783897451056585,1.7623584107063404,0.6360936807169723,0.7231993635117681,-0.5452935922262888,0.08053127173984609,0.7889957231682908,0.570601204808815
2024-06-26 03:00:00,2024,900,-1,INSIDE,FVG,1,0.16959646808628126,0.16959646808628126,1.007079979540764,2.1353002934288137,1.9657038253425323,0.8374835114544825,0.6297885091004423,-0.34372834940716446,-0.020442277913710657,0.975248947829155,0.6142005808550985
2024-06-26 07:30:00,2024,900,-1,REJECT,FVG,1,0.5540446694594323,0.5540446694594323,0.7951791034745501,1.9234301843679211,1.3677725755505301,0.2411344340151179,0.4147014440431043,-0.38919124612707295,0.0019700501399703696,1.1309366635779994,0.46900106750708676
2024-06-26 19:15:00,2024,900,-1,REJECT,FVG,0,0.5162423178226426,-0.6159249003849456,-0.6159249003849456,0.2755453501722232,0.0,-1.1321672182075884,0.5607503825881891,-0.892435447792892,-0.10251885178050557,1.0065700524578196,0.564434542017536
2024-06-27 05:00:00,2024,900,-1,REJECT,OB,1,0.08684214119585004,0.08684214119585004,-0.7987838459052655,0.1056852473044232,0.019662371591533584,-0.8856259871011156,0.702494544601136,-0.6386527491114753,-0.12899654653457965,0.8039880366546613,0.5647972096744778
2024-06-27 11:15:00,2024,900,-1,REJECT,FVG,0,0.5990030310777105,-0.308950808896011,-0.308950808896011,0.064090859292278,0.0,-0.9079538399737215,0.188333097346394,-0.19957685240340245,-0.04917782946888202,0.8106130400289074,0.1526652645780206
2024-06-27 22:45:00,2024,901,1,REJECT,FVG,0,0.33957323781037363,-0.4549463137893054,-0.4549463137893054,0.1464665290796489,0.0,-0.7945195515996791,0.6137709156832657,-0.7270394172183965,-0.07238359126202906,1.2647776099097614,0.7762837117700064
2024-06-28 03:15:00,2024,901,1,INSIDE,OB,0,0.1612272549536523,-0.4403059043912463,-0.4403059043912463,0.0073657121552184,0.0,-0.6015331593448986,0.7306258878092522,-0.4993787170266186,-0.016722892256439192,1.2367508327638292,0.9036021751869048
2024-06-28 06:45:00,2024,901,1,ACCEPT,FVG,0,0.5628957222285523,-0.0179734483149728,-0.0179734483149728,0.0359468966299828,0.0,-0.5808691705435252,0.20979657147254407,-0.14770625942639148,0.001375600006411376,0.9539146522322229,0.20012802351574457
2024-06-28 09:00:00,2024,902,-1,REJECT,FVG,0,0.48475875599479173,-0.2452405173666617,-0.2452405173666617,0.0743896236012088,0.0,-0.7299992733614534,0.38195406507562496,-0.23090278135254477,0.04244705205554161,0.9380569282021517,0.3582946569991655
2024-06-28 17:45:00,2024,903,1,REJECT,FVG,0,1.180459112817602,0.089045012662376,0.089045012662376,0.6135119679764901,0.0,-1.091414100155226,0.27865601973251763,-0.40015340006691735,0.04029379151289558,1.1868525504835403,0.3307236077271303
2024-07-01 07:15:00,2024,904,-1,INSIDE,FVG,1,0.3171806167401,0.3171806167401,-0.1197687224669452,0.6170154185022234,0.30479074889868285,-0.4369493392070453,0.6030077051508606,-0.4052749624324257,0.030371318437834888,1.0993828191081425,0.6629363108326847
2024-07-01 11:30:00,2024,904,-1,ACCEPT,FVG,0,0.5140109434588186,-0.2304758746476325,-0.2304758746476325,0.0837340407892358,0.0,-0.7444868181064512,0.42792240188188213,-0.22258277369647098,0.09262217895972427,0.9509419262204059,0.4069293531184196
2024-07-01 13:15:00,2024,904,-1,REJECT,FVG,0,0.5857067583682266,0.1256274439113855,0.1256274439113855,0.1514185085554366,0.0,-0.460079314456841,0.09846475237234392,-0.16832846033597137,-0.09408256924623634,0.9687701642618249,0.09538971432975554
2024-07-01 17:30:00,2024,905,1,INSIDE,OB,0,1.2324266646698823,0.2746213893933052,0.2746213893933052,0.8904135232782093,0.0,-0.9578052752765771,0.3087610903150957,-0.2744680286198726,0.19080241987030386,0.6814777824948614,0.21041382314862703
2024-07-01 18:45:00,2024,905,1,INSIDE,FVG,1,0.7783747355809543,0.7783747355809543,0.1752185551957106,0.791010689080653,0.006739175199829066,-0.6031561803852435,0.27890347607523736,-0.24379374298012338,0.04129259882509789,0.8225085074934597,0.22940048184138132
2024-07-01 21:00:00,2024,905,1,REJECT,FVG,1,0.2209820487229158,0.2209820487229158,-0.1796533449540733,0.4318427822370823,0.21001729058012955,-0.4006353936769892,0.6555221057692731,-0.42958507870501805,-0.0031239453891918623,0.8617496268119588,0.5648959300136605
2024-07-02 02:45:00,2024,905,1,REJECT,FVG,1,0.03217808973167884,0.03217808973167884,-0.4377913787182453,0.1803666608645836,0.14310782012260118,-0.4699694684499242,0.7017315096451949,-0.5570143527399546,-0.1435594506127956,1.19790510204411,0.8406077556690946
2024-07-02 06:45:00,2024,905,1,REJECT,OB,0,0.530037832922652,-0.0839579927349295,-0.0839579927349295,0.0245937554476079,0.0,-0.6139958256575816,0.3480017928807594,-0.38649078605786985,-0.0675371834261218,1.2785759149412317,0.44494671073370595
2024-07-02 09:00:00,2024,906,-1,REJECT,FVG,1,0.4438131253147404,0.4438131253147404,-0.0171026252529607,0.9286725512365864,0.4959761323362901,-0.4609157505677011,0.5885721643017175,-0.4177159013075604,0.0893561025002792,0.9699697890340878,0.5708972180390735
2024-07-02 21:15:00,2024,906,-1,INSIDE,FVG,0,0.4801717967072421,-0.3178239083750737,-0.3178239083750737,0.0635647816749991,0.0,-0.7979957050823159,0.5462510727553951,-0.3464726365278176,0.10508277191410931,0.847526050946129,0.4629620145174666
2024-07-03 05:45:00,2024,907,1,REJECT,FVG,1,0.242897605355757,0.242897605355757,2.5354046862930173,3.0529568277401204,2.810917517809627,2.2925070809372596,0.47838209878901733,-0.2732732007901797,-0.02634632721246749,1.2339036983455312,0.5902774409180658
2024-07-03 20:15:00,2024,907,1,REJECT,FVG,0,0.7607397279988434,0.2391883140246079,0.2391883140246079,0.5604087213067377,0.0,-0.5215514139742355,0.473319093689857,-0.6371078420770369,0.024520102907847674,1.1017349795612477,0.5214722020123428
2024-07-04 05:45:00,2024,907,1,INSIDE,OB,0,0.3939358803409065,0.0756565598005981,0.0756565598005981,0.2087077511739889,0.0,-0.31827932054030833,0.6402217165432256,-0.5077318986529296,0.0695353945662219,1.1538573745819627,0.7387245490009238
2024-07-04 17:15:00,2024,909,1,REJECT,OB,1,0.05545178042269491,0.05545178042269491,-0.2843003980401183,0.1874798290481361,0.13290823561625664,-0.33975217846281325,0.8111888150463477,-0.605822762200901,-0.06940424954975072,0.8603582440193949,0.6979129844814493
2024-07-05 14:00:00,2024,911,1,REJECT,FVG,1,0.25803680246147925,0.25803680246147925,0.6877984455854694,2.510239555653238,2.249505504385523,0.42976164312399023,0.5782437890636534,-0.47350113149497336,-0.050493864720197595,1.0626115341704934,0.6144485198214878
2024-07-05 18:15:00,2024,911,1,REJECT,FVG,1,0.17488289092126116,0.17488289092126116,-0.935088110640197,0.8761989739014191,0.695962525094818,-1.1099710015614583,0.8075856982843156,-0.8178594653652633,-0.016134936347193624,0.9701781258059698,0.7835019791891827
2024-07-08 01:15:00,2024,911,1,ACCEPT,FVG,0,0.32914895720077514,-1.471384797864975,-1.471384797864975,0.165464070376605,0.0,-1.8005337550657503,0.8993606669823881,-0.5395948176116669,0.2417191631404486,1.2700926251293179,1.1422713504657156
2024-07-08 04:00:00,2024,911,1,REJECT,FVG,0,0.43541278140812945,-1.2403476574673884,-1.2403476574673884,0.3926728764846699,0.0,-1.6757604388755176,0.4013507098492757,-0.2791012209542684,0.007669481091126973,1.2753095665877803,0.5118463998275777
2024-07-08 08:45:00,2024,911,1,REJECT,FVG,0,0.6927603423680428,-0.948644793152667,-0.948644793152667,0.0766761768901681,0.0,-1.6414051355207095,0.11015633447669969,0.000720538543698579,0.07695310664496269,1.4417116302653945,0.1588136685624628
2024-07-08 15:30:00,2024,912,-1,REJECT,OB,1,0.5847069800506434,0.5847069800506434,0.6709023859243537,2.115786199848928,1.5355222819566994,0.08619540587371023,0.6015784274354142,-0.5035902951640003,0.15110586824187125,0.9105680048571939,0.5477780684349933
2024-07-08 23:45:00,2024,912,-1,REJECT,FVG,0,0.6813507531388554,-0.7562728928760633,-0.7562728928760633,0.0290874189567639,0.0,-1.4376236460149188,0.40125711130554476,-0.6131099638802535,-0.09369839587066164,1.419917567323755,0.5697520213563263
2024-07-08 23:45:00,2024,912,-1,REJECT,FVG,0,0.345523279728875,-0.7562728928760633,-0.7562728928760633,0.0290874189567639,0.0,-1.1017961726049383,0.7040592892496745,-0.5099064718354562,0.09236679105395249,1.2831934599998893,0.9034442754173527
2024-07-09 10:30:00,2024,913,1,REJECT,OB,0,0.8204882672229664,0.0650762398440322,0.0650762398440322,0.5434745435625092,0.0,-0.7554120273789342,0.2735817019349836,-0.22227125383827218,0.06300867064256985,1.2609601982881162,0.34497563711993723
2024-07-09 17:15:00,2024,914,-1,REJECT,FVG,1,0.4088821728549811,0.4088821728549811,-0.2260774001098935,0.9988028887667728,0.5916869456001489,-0.6349595729648746,0.8939221000065566,-0.5149218128169122,0.31088698604933357,0.8963983363701182,0.8013102832903598
2024-07-09 20:15:00,2024,914,-1,ACCEPT,FVG,0,0.971173929845002,-0.251818444184618,-0.251818444184618,0.1637700371270892,0.0,-1.22299237402962,0.3442441522125175,-0.3003664179230423,0.1373539110983777,0.8371521226930095,0.28818472274936446
2024-07-10 19:00:00,2024,915,1,INSIDE,FVG,0,0.6902017149213866,-0.730072160584352,-0.730072160584352,0.2241605056163356,0.0,-1.4202738755057385,0.4875726672467666,-0.3966037576747593,0.13329288537732628,1.1959675250690986,0.5831210761384547
2024-07-10 23:30:00,2024,915,1,REJECT,FVG,0,0.859689335287696,-0.0885364917906995,-0.0885364917906995,0.0088536491790619,0.0,-0.9482258270783955,0.2844273675748743,-0.2738182822345871,0.04858230554334336,0.8880655114637915,0.2525901356596806
2024-07-11 04:00:00,2024,916,-1,INSIDE,FVG,0,0.3312926910887784,-0.6847306155390644,-0.6847306155390644,0.106297120135414,0.0,-1.0160233066278428,0.5214126609063622,-0.26174656053946954,0.047471613673932905,0.8451755105339556,0.4406852118804029
2024-07-11 05:45:00,2024,916,-1,INSIDE,OB,0,0.5137694139879284,-0.4154445778626445,-0.4154445778626445,0.0682073187535661,0.0,-0.9292139918505727,0.12225831099284139,-0.0404704458054404,0.027289983337806085,0.7757892443340896,0.09484668269869853
2024-07-12 03:15:00,2024,917,1,ACCEPT,OB,0,0.6503669148475176,-0.3321954996323509,-0.3321954996323509,0.2655810986506858,0.0,-0.9825624144798686,0.6486288679207278,-0.6219226958741119,0.20332107399556215,1.0941888581743429,0.7097224803690978
2024-07-12 06:15:00,2024,917,1,REJECT,FVG,0,0.668858207319754,-0.1087004163927446,-0.1087004163927446,0.1227262765724381,0.0,-0.7775586237124985,0.31081295085347765,-0.2924672950229902,0.006325121090859864,0.8409201453447411,0.2613688718067343
2024-07-12 22:15:00,2024,919,1,REJECT,FVG,0,0.3499715948047694,-0.2459498109585247,-0.2459498109585247,0.0634709189570619,0.0,-0.5959214057632941,0.6731065795838885,-0.5788281194442961,0.046353079332385444,1.1981699074592476,0.8064960481702383
2024-07-15 02:45:00,2024,919,1,REJECT,OB,0,0.7471594677041652,0.4376851319687221,0.4376851319687221,0.6030328484902207,0.0,-0.30947433573544303,0.20970349457877108,-0.6327425629113071,-0.3433722849149003,1.0066785023883849,0.21110399986816805
2024-07-16 03:15:00,2024,921,1,REJECT,OB,0,1.536702291419252,-0.086203105071031,-0.086203105071031,0.0466200466200241,0.0,-1.6229053964902833,0.3440521964278507,-0.5762687133767904,0.1507036018116506,0.9828711848885455,0.3381589899665482
2024-07-16 03:15:00,2024,921,1,REJECT,OB,0,0.22958173901571213,-0.086203105071031,-0.086203105071031,0.0466200466200241,0.0,-0.31578484408674323,0.7048764703091682,-0.4841689531201874,0.01893711543329127,0.9405539403899296,0.6629743416374334
2024-07-16 06:00:00,2024,922,-1,REJECT,FVG,0,0.9008489445619934,0.0800559120655566,0.0800559120655566,0.4495447369835937,0.0,-0.8207930324964366,0.06551379487706782,0.012394523679128966,0.07060054436647303,1.0785155376727942,0.07065764570682595
2024-07-16 15:00:00,2024,923,1,REJECT,FVG,1,0.3372720985329097,0.3372720985329097,1.4197212943478876,3.894521535676977,3.5590152596494735,1.082449195814978,0.7599219024771466,-0.6902215528370335,0.0905933774952038,0.8470020674513895,0.6436554224997364
2024-07-17 19:30:00,2024,923,1,ACCEPT,FVG,0,2.636227327690459,0.1941475211608234,0.1941475211608234,0.4466263603385818,0.0,-2.4420798065296356,0.014849425938589482,-0.014799063509855936,0.024567156547519287,2.155914714394329,0.03201409588131388
2024-07-17 23:00:00,2024,924,-1,ACCEPT,FVG,0,0.572541157419893,-0.6176504607317624,-0.6176504607317624,0.0685314415699546,0.0,-1.1901916181516554,0.5300145384465139,-0.4060738517765549,0.11260633063953138,1.0821970417424012,0.5735801655872815
2024-07-18 06:15:00,2024,924,-1,INSIDE,OB,0,0.8861027248427766,0.204218987366124,0.204218987366124,0.2189296771340283,0.0,-0.6818837374766527,0.18592442427119726,-0.17450434770467063,0.022688411636673456,1.1370461128869223,0.2114046439083038
2024-07-18 11:45:00,2024,925,1,ACCEPT,FVG,0,0.5637976467408414,-1.0641789171919167,-1.0641789171919167,0.1303076225132959,0.0,-1.6279765639327581,0.5916763222907341,-0.4140256407467067,0.16452924584416095,1.3665285592167573,0.8085425922226266
2024-07-18 19:15:00,2024,925,1,REJECT,FVG,0,0.7937451950275165,-0.3994836014447278,-0.3994836014447278,0.1174951768955477,0.0,-1.1932287964722443,0.40078845852096284,-0.544557651023317,-0.008181316320385934,0.8455374351752452,0.33888164526565506
2024-07-19 06:00:00,2024,926,-1,ACCEPT,FVG,1,0.680119258523124,0.680119258523124,1.7715940025061536,2.9797346929957174,2.2996154344725936,1.0914747439830297,0.5736791367296367,-0.7133066867771951,0.08607270661936994,1.460877460805923,0.8380749205829255
2024-07-19 20:30:00,2024,926,-1,REJECT,FVG,0,0.3098612450842185,-0.9349261705127232,-0.9349261705127232,0.1486977814053229,0.0,-1.2447874155969418,0.7929623741273379,-0.9748648729320155,0.04387459971353594,1.1386247991051512,0.9028866239386839
2024-07-22 01:30:00,2024,926,-1,INSIDE,OB,0,1.1972534831191084,0.2338737081975646,0.2338737081975646,0.3202270773782102,0.0,-0.9633797749215438,0.23422226938341686,-0.05247149609577323,0.24024192464107982,1.5896646318514138,0.37233485763079205
2024-07-22 01:30:00,2024,926,-1,INSIDE,OB,0,1.3303815939392667,0.2338737081975646,0.2338737081975646,0.3202270773782102,0.0,-1.096507885741702,0.212038061587378,-0.03982088403479661,0.25071419337704576,1.5896646318514138,0.3370694071117867
2024-07-22 09:30:00,2024,927,1,REJECT,FVG,0,0.9036234852193521,-0.1132901085946417,-0.1132901085946417,0.276032248718757,0.0,-1.0169135938139937,0.3648481168076694,-0.273422320126319,0.1560206253504157,0.8886020937072004,0.3242048004804242
2024-07-22 09:30:00,2024,927,1,REJECT,FVG,0,0.6671528617241328,-0.1132901085946417,-0.1132901085946417,0.276032248718757,0.0,-0.7804429703187745,0.39346240845283265,-0.21636199357794456,0.13126788929306674,0.9072213935364564,0.3569575145007892
2024-07-22 17:15:00,2024,928,-1,REJECT,FVG,1,0.47531335639516187,0.47531335639516187,-0.5247315692528578,0.9137876813873088,0.439372837953216,-1.0000449256480197,0.5499775007363145,-0.5867733193657307,-0.0026495438654146053,1.2977459515773027,0.7137310750391551
2024-07-22 19:45:00,2024,928,-1,INSIDE,OB,0,0.6828698503975826,-0.7565479132036531,-0.7565479132036531,0.0296509277146256,0.0,-1.4394177636012357,0.5838175193858147,-0.5932275513491982,0.1517804682332908,1.3627832472519439,0.7956167348711752
2024-07-23 06:15:00,2024,929,1,ACCEPT,FVG,1,0.6148078911780975,0.6148078911780975,-0.027742423037144,3.120575133243164,2.5066621589372517,-0.6425503142152416,0.5262687394322836,-0.406249383378514,0.13110114139055704,1.3901443516470857,0.731589515570221
2024-07-23 16:45:00,2024,929,1,REJECT,FVG,1,0.7561178575165648,0.7561178575165648,-0.6090201960305514,2.547300967197026,1.7911831096804613,-1.365138053547116,0.5624821996541219,-0.6268273067749557,0.15105473123676982,0.7639343422784105,0.4296994692360852
2024-07-24 20:00:00,2024,929,1,INSIDE,FVG,0,1.1761453595034033,-2.0075896559523527,-2.0075896559523527,0.0551883591767096,0.0,-3.1837350154557558,0.20505821023220305,-0.25943900348430904,0.03493935662728856,1.0579654397733227,0.21694449956744316
2024-07-25 02:45:00,2024,930,-1,REJECT,FVG,1,0.5847270971829734,0.5847270971829734,2.6873912562480524,4.195371664772541,3.61245486820004,2.1026641590650788,0.7343178053889657,-0.9741851970248019,0.17055185765172942,0.8899147359767423,0.6534802359057423
2024-07-25 12:45:00,2024,930,-1,INSIDE,OB,1,0.8874751491053322,0.8874751491053322,0.5332007952286306,2.026341948310144,1.1379721669980332,-0.3542743538767016,0.49996113248786267,-0.5333610459623218,0.17700182720344826,1.9704609550048653,0.9851538905873478
2024-07-25 14:00:00,2024,930,-1,INSIDE,FVG,1,0.9679920477136902,0.9679920477136902,1.0288270377733582,2.521968190854872,1.5530815109344025,0.06083499005966809,0.3657557867347632,-0.42261218100045467,0.08600936270957593,1.8839664261385778,0.6890716223741957
2024-07-25 22:30:00,2024,930,-1,REJECT,OB,0,0.8483599175455852,-0.6538315288089916,-0.6538315288089916,0.6015970540556611,0.0,-1.5021914463545767,0.4551260102076523,-0.7377697435880475,-0.01588087924428172,1.252257837207843,0.5699351131996694
2024-07-26 06:00:00,2024,930,-1,REJECT,OB,0,1.655091899658727,0.4005268514638115,0.4005268514638115,0.402322935999522,0.0,-1.2545650481949153,0.1459767517306782,-0.3024233278612464,-0.016671613484541215,0.7277519363784499,0.1062348637382373
2024-07-26 12:30:00,2024,931,1,INSIDE,OB,1,0.17051456912587973,0.17051456912587973,1.5140979541227533,2.656813391196543,2.482727836329811,1.3435833849968732,0.753871668558083,-0.7020378571309909,-0.044245303644320194,1.3352334907715961,1.006594699602617
2024-07-26 20:15:00,2024,931,1,ACCEPT,FVG,1,0.4300582868349556,0.4300582868349556,0.392428186736892,1.5356664659064587,1.105608179071503,-0.03763010009806371,0.6852105016281187,-0.6917020916128904,0.07693990000990644,1.3911467153567731,0.9532283386679242
2024-07-26 23:15:00,2024,931,1,REJECT,OB,1,0.39869987008658286,0.39869987008658286,0.3978039153223238,1.5419381492561088,1.142342324405308,-0.0008959547642590138,0.7349758678523575,-0.6809961151327644,0.1125543786205315,1.6800306048972293,1.2347819518528622
2024-07-29 05:00:00,2024,931,1,REJECT,OB,0,0.9235706644478879,-0.2139545940805972,-0.2139545940805972,0.3129085938428406,0.0,-1.1375252585284852,0.5509721498136597,-0.7662991192478611,0.16477206838012987,1.0903801831118771,0.6007691136033628
2024-07-29 08:30:00,2024,931,1,INSIDE,OB,0,0.7589312163042788,-0.3217015226020397,-0.3217015226020397,0.1341904141240382,0.0,-1.0806327389063186,0.48073973132534803,-0.619043910606481,0.0434034816776101,0.9629653297607819,0.4629356939048234
2024-07-29 20:30:00,2024,932,-1,REJECT,OB,0,0.920995883160168,-0.834542246618312,-0.834542246618312,0.311409527543636,0.0,-1.75553812977848,0.5943438181795146,-0.7146126070256476,0.2575011880782213,1.4349429028317175,0.8528494437385993
2024-07-30 00:00:00,2024,932,-1,ACCEPT,FVG,1,0.5545677633609057,0.5545677633609057,-0.5501594345583388,0.6242193584412075,0.03967495922298255,-1.1047271979192446,0.4860622730887943,-0.3500292098862814,0.08966125115948959,0.9567837570018481,0.46505648778275493
2024-07-30 10:15:00,2024,932,-1,REJECT,OB,0,1.2140034431489106,0.0713083965881475,0.0713083965881475,0.1461381954769413,0.0,-1.142695046560763,0.08731222240593321,0.04819887071009199,0.14998785882072402,0.9211497522370188,0.08042763203648885
2024-07-30 18:30:00,2024,933,1,REJECT,FVG,1,1.0196388039080226,1.0196388039080226,4.21888877923615,6.402940886213361,5.3806375209710655,3.199249975328127,0.40445798345050155,-0.5364772410599203,0.09290631650278386,1.181446638507069,0.4778455249649428
2024-07-30 22:45:00,2024,933,1,REJECT,OB,1,0.41215746073103426,0.41215746073103426,2.446296652701073,4.6296652701082,4.215731268598154,2.034139191970039,0.6222413088791736,-0.8001831793224937,-0.045814752648171364,1.3348550193173052,0.8306019343839346
2024-07-31 04:15:00,2024,933,1,INSIDE,OB,1,0.26637822955335083,0.26637822955335083,2.3496152806116286,4.523120037365717,4.256741807812366,2.083237051058277,0.5224919965846871,-0.47147312948692566,-0.08595169971924674,1.2778066056596196,0.6676437246401966
2024-07-31 12:30:00,2024,933,1,ACCEPT,FVG,1,0.5501845667076595,0.5501845667076595,1.277904728423267,3.4364563192125,2.8862717525048405,0.7277201617156075,0.5950999011161573,-0.6416678916534301,0.0676033884623033,1.001069577964116,0.5957364068568388
2024-07-31 21:15:00,2024,933,1,ACCEPT,FVG,1,0.58836443468714,0.58836443468714,1.00636663007684,3.163117453347962,2.574753018660822,0.41800219538970007,0.6582189732572781,-0.5965281138180217,0.18339064287924534,1.1389755300061375,0.749695303925804
2024-08-01 06:00:00,2024,933,1,INSIDE,FVG,0,1.4710522771438805,-0.6554364766321106,-0.6554364766321106,0.6545706424489581,0.0,-2.126488753775991,0.19542089228725149,-0.5815650487645091,-0.18044073941121952,1.0893715269913185,0.21288595583696912
2024-08-01 11:45:00,2024,933,1,INSIDE,OB,0,1.2469599188035205,-0.0517053179876977,-0.0517053179876977,0.1059959018747979,0.0,-1.2986652367912184,0.12622002863135717,-0.241476804687863,-0.05360627883281713,0.8981943362810877,0.11337011484192173
2024-08-01 14:30:00,2024,934,-1,INSIDE,FVG,0,0.7367313761116895,-1.0293583245672768,-1.0293583245672768,0.2203308788371375,0.0,-1.7660897006789664,0.5209906578737268,-0.4160993004832999,0.18451471213293716,1.261599948972175,0.6572817873884735
2024-08-01 19:00:00,2024,935,1,REJECT,FVG,0,1.4637137018202249,0.0966684092961452,0.0966684092961452,0.3062592082125306,0.0,-1.3670452925240797,0.33522958251563784,-0.7002833739810674,0.0251524623048609,0.6861570583883086,0.23002014422367084
2024-08-02 14:45:00,2024,937,1,REJECT,FVG,1,0.7455490664125676,0.7455490664125676,-2.4803517346139667,1.5267622111728556,0.7812131447602879,-3.2259008010265346,0.6015874393759576,-1.1387200519935265,-0.005167417956411291,1.229578578323466,0.7396990284451442
2024-08-02 14:45:00,2024,937,1,REJECT,FVG,1,0.47976676824954195,0.47976676824954195,-2.4803517346139667,1.5267622111728556,1.0469954429233137,-2.9601185028635086,0.5986014322414837,-0.9330819923049607,-0.08734870069643041,1.2862894339244455,0.7699746974242603
2024-08-02 17:45:00,2024,937,1,ACCEPT,FVG,0,3.4577415272113563,-0.5239769371396447,-0.5239769371396447,0.262410350161693,0.0,-3.981718464351001,0.023590698602322328,-0.4989399316237545,-0.4055990518629784,1.7263526086037309,0.04072586407090354
2024-08-02 19:45:00,2024,937,1,ACCEPT,FVG,0,3.9496554633666014,0.2413162705666994,0.2413162705666994,0.4522570665166356,0.0,-3.7083391927999023,0.002762791261097062,-0.06642391831963512,-0.0553283293000403,1.2376734514959151,0.003419433395884753
2024-08-02 22:15:00,2024,938,-1,REJECT,FVG,1,0.4298671909778965,0.4298671909778965,-2.053346193797287,1.179422021071382,0.7495548300934854,-2.4832133847751834,0.8080073166859914,-0.5636306804808999,0.23912286876976613,1.6984165767834478,1.3723330208218008
2024-08-02 23:45:00,2024,938,-1,INSIDE,FVG,1,1.379748479002833,1.379748479002833,-0.8806017213236137,2.3371420092001727,0.9724180145422222,-2.2603502003264464,0.17100240293691954,-0.10633589320450026,0.14778810540995724,1.2887337906813778,0.2203765749525207
2024-08-05 08:45:00,2024,939,1,REJECT,OB,0,1.4896206123905875,-1.2422934787001292,-1.2422934787001292,0.4211027341592191,0.0,-2.731914091090716,0.3945664971878732,-0.6584869105247053,0.1890843503749008,1.0874085637503104,0.42905498801105607
2024-08-05 18:15:00,2024,940,-1,REJECT,FVG,0,3.40628097449007,-0.1408524179664868,-0.1408524179664868,0.6854817674369877,0.0,-3.5471333924565567,0.04549523089736317,-0.8921417254966069,-0.6965839922662458,1.1970509513987624,0.05446010942979495
2024-08-06 01:45:00,2024,941,1,INSIDE,FVG,1,0.3040059518464688,0.3040059518464688,0.1562359701894736,0.7026770481920053,0.4055978142357206,-0.14776998165699515,0.5963473613067475,-0.703088114178648,-0.1025102253168863,0.9810776712491409,0.5850630804863939
2024-08-06 05:45:00,2024,941,1,REJECT,FVG,0,0.6750393133691149,0.1235015107414021,0.1235015107414021,0.4548844463953369,0.0,-0.5515378026277128,0.6129777654217076,-0.5384279600862378,0.20540049760879647,1.7164838777767744,1.0521664517819946
2024-08-06 10:00:00,2024,941,1,INSIDE,FVG,1,0.8470732402636301,0.8470732402636301,0.7306581114028065,1.0599903838380489,0.21215125456873885,-0.11641512886082356,0.1349263071249241,-0.07261102110974177,0.05147857999828076,1.71668929654622,0.23162654726386517
2024-08-06 21:00:00,2024,942,-1,REJECT,FVG,1,0.7876585889776326,0.7876585889776326,-0.1057259850976773,0.9772101765456156,0.1903067731758054,-0.8933845740753099,0.47951771664860227,-0.5286404806208052,0.10254824365971732,0.8563443988193168,0.4106323107866588
2024-08-07 05:45:00,2024,942,-1,REJECT,OB,0,0.45579140899213944,-0.6235166304529461,-0.6235166304529461,0.1744944008022851,0.0,-1.0793080394450856,0.7450749479580626,-0.6115574070060237,0.18369745652690747,0.8251058311171554,0.6147656841795086
2024-08-07 20:15:00,2024,943,1,ACCEPT,FVG,0,0.8646038694155764,-1.0112106124903777,-1.0112106124903777,0.0060146356133202,0.0,-1.8758144819059543,0.33923725343906724,-0.2963382513331082,0.09749656511140153,1.0449621921758092,0.35449010402138825
2024-08-08 02:45:00,2024,944,-1,REJECT,OB,0,0.3882793017456393,-0.6673316708229469,-0.6673316708229469,0.1630922693267048,0.0,-1.0556109725685863,0.719529799337115,-0.69201091868155,0.08529008684827327,1.0757386245498417,0.7740259966615317
2024-08-08 20:00:00,2024,945,1,REJECT,FVG,1,0.46397292256001943,0.46397292256001943,0.7641470976986594,1.4030363297221702,0.9383222363593567,0.30017417513864003,0.688280891014389,-0.7765227079029602,0.07728672993155572,1.3388114854830262,0.921478362128555
2024-08-09 04:15:00,2024,945,1,ACCEPT,FVG,1,0.5645416541637458,0.5645416541637458,0.5970971361863001,1.2348886249008355,0.6696070734183791,0.03255548202255441,0.4259993100881842,-0.24019195636738766,0.10262400652364875,1.3159794282527657,0.5606063285259213
2024-08-09 08:15:00,2024,945,1,INSIDE,FVG,1,0.5001703353759877,0.5001703353759877,0.4602749171923811,1.0934299798470797,0.5962148606328379,-0.03989541818360648,0.41960861681681855,-0.2614596368700326,0.05812686231035186,1.137481272977584,0.47729694360915803
2024-08-09 19:15:00,2024,945,1,ACCEPT,FVG,1,0.49486925539478516,0.49486925539478516,-0.0643551946477437,0.5717996030196811,0.07767006250592072,-0.5592244500425289,0.5017992133380011,-0.49971192202189185,-0.0006318695934203755,1.2241209981408814,0.6142629538976231
2024-08-09 23:30:00,2024,945,1,REJECT,OB,0,0.5611443330344669,-0.0762504832487623,-0.0762504832487623,0.2924169017791641,0.0,-0.6373948162832292,0.44793863227111863,-0.46121637511207536,-0.0032615178171809256,0.9403005939144122,0.42119696196174233
2024-08-12 14:00:00,2024,947,1,REJECT,OB,1,0.09515574479245359,0.09515574479245359,1.2384999651669282,2.4460189901688656,2.3501256039438956,1.1433442203744746,0.789482174315791,-0.7213914697125193,-0.07674199937363069,1.0671604307789229,0.8425041372351202
2024-08-13 15:45:00,2024,948,-1,INSIDE,OB,0,0.8509615971919735,0.2477390351859545,0.2477390351859545,0.4427052581429314,0.0,-0.603222562006019,0.2575690847502,-0.14333342751304184,0.11276623197190647,0.8451317497525777,0.2176798112771065
2024-08-13 18:30:00,2024,949,1,ACCEPT,FVG,0,0.5532193785542816,-0.1765905565981507,-0.1765905565981507,0.2256841968142331,0.0,-0.7298099351524323,0.5331908008096473,-0.4175895846603585,0.10003682386923887,1.0520003103996,0.5609168879539603
2024-08-14 02:15:00,2024,949,1,ACCEPT,FVG,0,0.21105343511451158,0.0505648854961871,0.0505648854961871,0.1773435114503868,0.0,-0.16048854961832443,0.5490049383226243,-0.22453334575472794,0.014605948010539369,0.7880447409466045,0.43264045439885906
2024-08-14 10:15:00,2024,950,-1,INSIDE,OB,0,0.7691060338257435,-0.3356629749144557,-0.3356629749144557,0.082456339489865,0.0,-1.1047690087401991,0.17668120972313214,-0.06326402585342955,0.08380012322800244,1.0110540693802705,0.17863425607360178
2024-08-14 14:15:00,2024,951,1,REJECT,FVG,1,0.396353804057449,0.396353804057449,-2.1100011333646367,0.480141832488717,0.08670239463757004,-2.5063549374220853,0.6717674199522693,-0.5479182463817429,0.08641295267483212,1.1210388617954512,0.7530773838545588
2024-08-14 19:30:00,2024,951,1,ACCEPT,FVG,0,2.8170699174635856,0.2277228523156016,0.2277228523156016,0.2910196195726859,0.0,-2.589347065147984,0.0011062015158135943,0.3701568863034492,0.3728636652075825,1.3815471622993882,0.001528269565103553
2024-08-14 21:30:00,2024,952,-1,ACCEPT,FVG,0,0.42175235813984707,-0.6857997178672055,-0.6857997178672055,0.0043405045434593,0.0,-1.1075520760070525,0.6691958594965418,-0.7440722542009999,0.03609274927665587,1.1569051275214137,0.7741961211676488
2024-08-15 13:00:00,2024,953,1,INSIDE,OB,1,0.14214988675310725,0.14214988675310725,-1.1285402176745534,0.9589705558116662,0.8146559499709334,-1.2706901044276604,0.7163302076366499,-0.47627957245782393,-0.033279869532636494,0.8304186910722087,0.5948539934011102
2024-08-15 18:00:00,2024,954,-1,REJECT,FVG,0,1.437776163310021,-0.2443933637435588,-0.2443933637435588,0.1200528804354181,0.0,-1.6821695270535797,0.4150697551588752,-0.41554307033609356,0.3537136902046334,0.8175858083202424,0.3393551412808541
2024-08-15 23:45:00,2024,954,-1,REJECT,FVG,0,0.22958189483793476,0.0715671956130479,0.0715671956130479,0.1395914607502532,0.0,-0.15801469922488678,0.45155980861900047,-0.20733467145643703,-0.010040710398079675,1.1407833248208221,0.5151318998318375
2024-08-16 18:45:00,2024,955,1,REJECT,FVG,1,0.724118555976959,0.724118555976959,0.0976260710773895,1.4250596993959794,0.7002387975839159,-0.6264924848995694,0.742749705280474,-1.2692295558291162,0.21132916673623547,1.2832583408561586,0.9531397544696218
2024-08-19 03:30:00,2024,955,1,ACCEPT,OB,0,0.5149764755205586,-0.8049564447757006,-0.8049564447757006,0.3172310988959772,0.0,-1.3199329202962593,0.6203762162843502,-0.7241800161698103,0.04456319952925064,1.1194533244574172,0.6944822177338296
2024-08-19 04:15:00,2024,955,1,ACCEPT,OB,1,0.676274557699693,0.676274557699693,-0.4117667585581246,0.6916285724256068,0.02582266112990827,-1.0880413162578175,0.14778354364274346,-0.29310833388831875,-0.14984949502279296,1.8455263490601452,0.272738423750163
2024-08-19 13:45:00,2024,955,1,INSIDE,FVG,0,1.1109254213969035,-0.0055966016191228,-0.0055966016191228,0.2945211602066104,0.0,-1.1165220230160264,0.026979380043023825,-0.04603900500143232,-0.01482482204537255,1.1493665930954047,0.031009198123876446
2024-08-19 18:30:00,2024,956,-1,REJECT,OB,0,1.3109571846962143,0.0648505415833962,0.0648505415833962,0.3068197666310322,0.0,-1.246106643112818,0.1719114032998722,-0.2422694757315073,0.024747899105396376,0.8107009911963221,0.13936874505315708
2024-08-20 10:00:00,2024,957,1,REJECT,FVG,1,0.41090306274968813,0.41090306274968813,0.7519246522426279,2.047527166422709,1.637322918405603,0.34102158949293976,0.49909678796784424,-0.36547860708449836,0.022010990566855487,0.9630448770861211,0.4806526048225704
2024-08-20 18:15:00,2024,957,1,ACCEPT,OB,0,1.5087116753815435,0.2201941073185841,0.2201941073185841,0.4806760954714773,0.0,-1.2885175680629595,0.2555306293553672,-0.7009534870272061,-0.1363163574122686,1.239803843486704,0.3168078564033606
2024-08-21 06:45:00,2024,958,-1,INSIDE,FVG,0,0.37905658564703737,0.0124507637621175,0.0124507637621175,0.1805360745508782,0.0,-0.36660582188491975,0.48179938685771784,-0.22183529381412592,0.06767404527804424,0.9249297424953697,0.445630582820736
2024-08-21 15:00:00,2024,960,-1,REJECT,OB,1,0.5070364238410846,0.5070364238410846,0.022764900662278,1.2672461368653656,0.7602097130242811,-0.48427152317880656,0.48260750634180233,-0.36178713132352514,0.057513638085486485,1.028850262620209,0.49653085964224747
2024-08-22 05:45:00,2024,961,1,INSIDE,OB,0,0.9273141800934271,0.0494934180628237,0.0494934180628237,0.242655230224574,0.0,-0.8778207620306034,0.18561485142845272,-0.14880154246692906,0.050941517495933494,1.1928590772665513,0.22141236040191212
2024-08-22 14:30:00,2024,962,-1,REJECT,FVG,1,0.21093642990852826,0.21093642990852826,0.7396472217572071,2.288112377676645,2.0751213721521418,0.5287107918486786,0.6701933320414075,-0.4278179444588849,0.0002709780544363771,0.9091131508252162,0.6092815717542143
2024-08-22 22:45:00,2024,962,-1,INSIDE,OB,0,0.7882044922144172,-0.7675347939919986,-0.7675347939919986,0.0075788893481929,0.0,-1.555739286206416,0.4315980368207447,-0.6319810002550899,-0.01903172978394807,1.1003676687906243,0.4749165256310529
2024-08-23 03:45:00,2024,962,-1,REJECT,FVG,0,0.7613297218188827,-0.2620518970028583,-0.2620518970028583,0.1972285330074373,0.0,-1.023381618821741,0.31082826672782055,-0.2524742623201123,0.06264467287157044,1.2311640759778357,0.38268059579374947
2024-08-26 01:30:00,2024,963,1,INSIDE,OB,1,0.4250368595650634,0.4250368595650634,0.415361223737575,1.019397346111316,0.5922871360118064,-0.009675635827488434,0.8828469820140048,-0.4439331108858229,0.32323440498754097,1.5251569885120553,1.3464802444054362
2024-08-26 17:00:00,2024,963,1,ACCEPT,FVG,0,0.7597013258574968,0.1559605824068761,0.1559605824068761,0.5157096591587408,0.0,-0.6037407434506208,0.3096579699298633,-0.2857838580843112,0.03795896156685874,1.5371619028554868,0.47599443429175575
2024-08-26 22:45:00,2024,963,1,REJECT,FVG,0,0.2744157251199542,-0.0863643398854514,-0.0863643398854514,0.0125367590156525,0.0,-0.36078006500540566,0.5141601363250997,-0.2986133131176661,-0.003984624699170464,1.261634946117656,0.6486823958883638
2024-08-27 08:30:00,2024,964,-1,INSIDE,FVG,1,0.33530587269375167,0.33530587269375167,-0.2655957120505592,0.4956392421731069,0.1610304710858023,-0.600901584744311,0.6481756701577857,-0.45750867354820846,0.05637442627301478,1.1271260023044287,0.730575651895939
2024-08-27 14:15:00,2024,964,-1,REJECT,FVG,1,0.4498311392395295,0.4498311392395295,-0.3105645326638245,0.4498311392395294,0.000696333032893681,-0.7603956719033541,0.559229043772118,-0.4543276572648398,0.05130420192244767,0.961012755096333,0.5374262440853309
2024-08-27 16:00:00,2024,964,-1,REJECT,FVG,1,0.20808360585147984,0.20808360585147984,-0.3184098129807822,0.4482874998545327,0.23671255833442292,-0.526493418832262,0.5834482629933635,-0.2623877096584777,0.012107962164009708,1.0503728298864679,0.6128382030926833
2024-08-27 19:45:00,2024,964,-1,REJECT,FVG,0,0.6619572427758459,-0.1012487343908391,-0.1012487343908391,0.0244393496805364,0.0,-0.763205977166685,0.32083029386617845,-0.2866669225329973,0.017680447191597087,0.9926190569708677,0.3184622637451324
2024-08-27 23:15:00,2024,965,1,REJECT,FVG,1,0.06257005932828076,0.06257005932828076,-0.9490964055414732,0.2805107154155756,0.21864369046178536,-1.011666464869754,0.7706115231022262,-0.59816918091612,-0.08899590861797457,0.7184025182439133,0.5536092587844169
2024-08-28 04:15:00,2024,965,1,REJECT,FVG,0,0.5443952531484664,-0.6864725672776875,-0.6864725672776875,0.0597850084207244,0.0,-1.2308678204261538,0.48240022839603175,-0.38519673651011266,0.06323865161630746,1.7410283994385698,0.8398724975331436
2024-08-28 12:15:00,2024,966,-1,INSIDE,FVG,1,0.39374315190883724,0.39374315190883724,-0.2417597090714924,1.0850910918851775,0.6885203410398343,-0.6355028609803296,0.7012483953924329,-0.6207679873955478,0.09065632114940114,1.272438770034708,0.8922956457219599
2024-08-28 20:45:00,2024,966,-1,ACCEPT,FVG,0,0.8872445300771713,-0.441139966193472,-0.441139966193472,0.230499178477287,0.0,-1.3283844962706433,0.49734736760887627,-0.463433930101787,0.2083224465542283,2.1417313536650444,1.0651844508707051
2024-08-28 20:45:00,2024,966,-1,ACCEPT,FVG,0,0.6922067636733131,-0.441139966193472,-0.441139966193472,0.230499178477287,0.0,-1.1333467298667852,0.5501442964508856,-0.4068093081895138,0.19780811545367705,1.9662213286787105,1.0817054495326746
2024-08-29 03:30:00,2024,966,-1,REJECT,OB,0,0.8283296298047583,0.1489291286463933,0.1489291286463933,0.1567301782421661,0.0,-0.679400501158365,0.20462162030934195,-0.11999104277514722,0.07405586982099799,1.7985958864412246,0.3680316045653206
2024-08-29 15:15:00,2024,967,1,INSIDE,OB,0,0.5470563888286682,-0.5328655616217117,-0.5328655616217117,0.1937047913751318,0.0,-1.07992195045038,0.5319015234925825,-0.3863084608988851,0.11014972464562583,1.203260054286774,0.6400158560329026
2024-08-29 17:15:00,2024,968,-1,ACCEPT,FVG,0,1.1567914740445266,-0.3768924021597308,-0.3768924021597308,0.416416699015428,0.0,-1.5336838762042575,0.31243119048617984,-0.2667999527483637,0.17797441149045837,1.1407929626817586,0.356419303428918
2024-08-30 08:45:00,2024,970,-1,REJECT,FVG,0,0.12190774934056015,-0.6444713766307811,-0.6444713766307811,0.0948171383760164,0.0,-0.7663791259713413,0.7684349017214742,-0.8261251057951517,-0.09762357193021239,0.9444837699751505,0.7257742929583822
2024-08-30 17:30:00,2024,971,1,REJECT,FVG,0,1.0536139052255633,-0.8749141248277704,-0.8749141248277704,0.3216596047160858,0.0,-1.9285280300533336,0.14414018524406655,-0.16730117929613508,0.008681747154097696,1.148410274614407,0.16553206971910994
2024-09-02 04:15:00,2024,972,-1,REJECT,OB,1,0.5518585416864891,0.5518585416864891,0.0420667363817957,0.8520296606141141,0.29518015020438293,-0.5097918053046934,0.9147918679578998,-0.4474419784918903,0.4667100110133903,0.6832055646643259,0.6249908946985104
2024-09-02 04:15:00,2024,972,-1,REJECT,OB,1,0.2516874227588317,0.2516874227588317,0.0420667363817957,0.8520296606141141,0.5953512691320406,-0.209620686377036,0.9214866516658534,-0.2957683660853113,0.2087048357117665,0.7567473633480142,0.6973325940085245
2024-09-02 11:45:00,2024,972,-1,ACCEPT,OB,0,0.7120922898165979,0.2852637444719931,0.2852637444719931,0.5876006307577549,0.0,-0.4268285453446048,0.2631073245515847,-0.15818414502558992,0.07079195936602965,1.8299154183592552,0.4814641498801974
2024-09-02 15:45:00,2024,972,-1,ACCEPT,FVG,0,0.4027815050436538,0.1022937155666448,0.1022937155666448,0.1086870727895378,0.0,-0.300487789477009,0.5068551315634409,-0.29127927572680845,0.06050899262362869,1.041223878079435,0.5277496657109481
2024-09-02 18:15:00,2024,973,1,INSIDE,FVG,0,0.17330734119435884,-0.0149771776340839,-0.0149771776340839,0.0841574743248266,0.0,-0.18828451882844283,0.6364656645615968,-0.33373868983366894,-0.011021300732095216,0.766641330667828,0.4879408840038861
2024-09-03 05:45:00,2024,974,-1,REJECT,FVG,0,0.4129873550055266,-0.6148124797995278,-0.6148124797995278,0.1932062582547633,0.0,-1.0277998348050543,0.670472235393334,-0.5455919268609845,0.09710886705379201,1.2225917718781654,0.8197138382646506
2024-09-03 10:30:00,2024,974,-1,REJECT,OB,0,0.5510981246856566,-0.2572270256029455,-0.2572270256029455,0.0747251694488992,0.0,-0.8083251502886021,0.2788779590910858,-0.244755780852006,-0.022809667940992873,1.1861840436210311,0.3308005851914447
2024-09-03 22:15:00,2024,976,-1,REJECT,OB,0,1.3288547588809798,-0.0384556039547527,-0.0384556039547527,0.0462891529085082,0.0,-1.3673103628357324,0.17406923233633514,-0.3529854555971033,-0.06022882055052617,0.9560479754560927,0.16641853716434943
2024-09-04 09:30:00,2024,977,1,INSIDE,FVG,0,0.5296069979816618,-1.149861015833466,-1.149861015833466,0.0171301454872617,0.0,-1.6794680138151274,0.34976440144204524,-0.1353433067690153,0.09723263856081082,1.08376375169888,0.37906197991754415
2024-09-04 09:30:00,2024,977,1,INSIDE,FVG,0,0.5210419252380311,-1.149861015833466,-1.149861015833466,0.0171301454872617,0.0,-1.6709029410714968,0.3474606024376055,-0.14090617115965223,0.08909471319711297,1.08376375169888,0.3765652060653324
2024-09-04 14:00:00,2024,978,-1,REJECT,FVG,0,1.2144236453201898,-0.5497536945812811,-0.5497536945812811,0.4972610837438581,0.0,-1.7641773399014709,0.24603814056154244,-0.33376815685545846,0.04714607538446136,1.096740997154142,0.269840115617417
2024-09-05 01:15:00,2024,979,1,INSIDE,OB,1,0.22575042432056533,0.22575042432056533,-0.4158935261931524,2.4497837844253643,2.2190483349620616,-0.6416439505137178,0.7819732083130452,-0.6342366078623225,0.03825021080134433,1.1291415856164773,0.8829584683441957
2024-09-05 03:00:00,2024,979,1,REJECT,FVG,1,0.07192679134503,0.07192679134503,-0.4913810497829997,2.3707355285906995,2.2973844443477494,-0.5633078411280297,0.7764601012810158,-0.6583853336624681,-0.09132710711239223,0.9968585293194573,0.7740208746382303
2024-09-05 06:00:00,2024,979,1,REJECT,FVG,1,0.08922056910827016,0.08922056910827016,-0.6495257431082003,2.2183802303080244,2.1284458966469044,-0.7387463122164704,0.6522417420301581,-0.44240224503622433,-0.0956556546356443,1.5578058245374005,1.0160659847410007
2024-09-05 17:15:00,2024,979,1,REJECT,FVG,1,0.7064964639094223,0.7064964639094223,-1.782478310374123,1.114951007906109,0.40989784627229203,-2.4889747742835455,0.5576208104113757,-0.47699372954702346,0.18294503124207562,1.0643176103638536,0.5934856484261909
2024-09-05 21:30:00,2024,979,1,REJECT,FVG,1,0.359690868089274,0.359690868089274,-1.9226849213928516,0.97289879380775,0.6189860922741217,-2.282375789482125,0.5028071665908173,-0.46723428456748345,-0.05145039157746023,1.6263144513979955,0.8177225612931255
2024-09-06 17:45:00,2024,979,1,REJECT,FVG,0,1.1343500363108128,-1.7828612926652276,-1.7828612926652276,0.3580246913580128,0.0,-2.9172113289760406,0.5177963979378895,-0.4312211002210543,0.37942599499067414,0.4750697980937251,0.24598943022201128
2024-09-07 00:00:00,2024,980,-1,INSIDE,FVG,0,0.8397440506146983,-0.2983679631893084,-0.2983679631893084,0.8462146811417056,0.0,-1.1381120138040068,0.4842109549885452,-0.5728033411189214,0.11116758039899327,1.0652397343024307,0.5158007490383242
2024-09-07 00:00:00,2024,980,-1,INSIDE,FVG,1,0.43784599899343524,0.43784599899343524,-0.2983679631893084,0.8462146811417056,0.3688259400388316,-0.7362139621827436,0.5366434455916712,-0.38723150089322683,0.055540931526113196,1.0161026130915314,0.5452848073641402
2024-09-09 12:00:00,2024,980,-1,REJECT,FVG,0,0.48240283936805295,-0.6308901998342119,-0.6308901998342119,0.00507030011349,0.0,-1.1132930392022646,0.49487140234613025,-0.41126460087383054,0.03098585850974689,1.0580344751614585,0.5235910044537029
2024-09-09 17:45:00,2024,981,1,INSIDE,OB,1,0.7939399056729133,0.7939399056729133,0.5312232367948189,0.9661894020723276,0.1722494963994144,-0.2627166688780943,0.4313134493406347,-0.34657566348346314,0.1453440406760708,1.1737177721222698,0.5062402608464612
2024-09-09 22:15:00,2024,981,1,INSIDE,FVG,1,0.2592264469228956,0.2592264469228956,-0.0983021638612052,0.3407808347188891,0.0800980594424954,-0.35752861078410086,0.5555643746546586,-0.37472473024841835,-0.02252404094165264,1.155220818143114,0.6417995314197222
2024-09-10 04:15:00,2024,981,1,REJECT,FVG,0,0.16546127493459972,-0.2726102062799326,-0.2726102062799326,0.047378779166302,0.0,-0.4380714812145324,0.5993640256814657,-0.3895584147227479,-0.05689957919724224,0.8854349422889155,0.5306978514893207
2024-09-10 07:45:00,2024,981,1,REJECT,FVG,0,0.16691908352433055,-0.0342585018587245,-0.0342585018587245,0.0065601386537722,0.0,-0.20117758538305505,0.5426311757840404,-0.3894869911507351,-0.08756370863642164,0.7776260708728232,0.4219641491580436
2024-09-10 11:30:00,2024,982,-1,REJECT,FVG,1,0.08402713223922821,0.08402713223922821,-0.8746128460030467,0.1285980458617811,0.0467629257679053,-0.9586399782422748,0.4860067326573994,-0.2620373206490009,-0.09384766661192218,0.9636318839823028,0.46833158341873315
2024-09-10 22:30:00,2024,983,1,INSIDE,FVG,1,0.23727881473815193,0.23727881473815193,-0.5153171804742288,0.9986089994500548,0.7671529777116396,-0.7525959952123807,0.7078630780501299,-0.5093909190350414,0.019149017000522267,1.2457309014509164,0.8818069103232087
2024-09-11 06:15:00,2024,983,1,REJECT,FVG,1,0.27889205709257436,0.27889205709257436,-0.7738889542358995,0.7512563527440987,0.4716342117324512,-1.052781011328474,0.7063088415534142,-0.525523140879242,0.04264242572819196,1.1251793337141707,0.7947241117354984
2024-09-11 22:15:00,2024,984,-1,REJECT,OB,0,0.7527371710857866,-0.4231878213529865,-0.4231878213529865,0.0972678697449114,0.0,-1.1759249924387731,0.46906876446980766,-0.5579889346041323,0.056831740350160476,1.3288476913938139,0.6233209447706526
2024-09-12 02:45:00,2024,984,-1,REJECT,FVG,0,0.09595546494451027,-0.3596498724256448,-0.3596498724256448,0.0871656513618146,0.0,-0.45560533737015513,0.6609348313004227,-0.43111094823830226,-0.08275439735720115,0.7533685624514501,0.49792752373089116
2024-09-12 20:30:00,2024,985,1,REJECT,FVG,1,0.24455420828850075,0.24455420828850075,2.340206987146169,2.78143581475102,2.5368816064625195,2.0956527788576684,0.8560699249031541,-1.047077859601119,0.05864950775965347,1.5824397547640547,1.35467908202463
2024-09-13 08:15:00,2024,985,1,INSIDE,OB,1,0.16714195510690888,0.16714195510690888,1.1714793920159778,1.6164484191672772,1.4493064640603683,1.004337436909069,0.7881154698459915,-0.6353727042863575,-0.00289848644033755,1.2913199078729325,1.0177091959147586
2024-09-14 00:00:00,2024,985,1,REJECT,OB,1,0.5596490480855371,0.5596490480855371,0.3741215554325224,0.8126410835214722,0.2736913837897821,-0.1855274926530146,0.46191114072772854,-0.41928333075024504,0.03289644105309997,1.536257255503469,0.7096143413408569
2024-09-16 12:15:00,2024,985,1,INSIDE,FVG,0,0.27204589617842584,-0.2030430012293575,-0.2030430012293575,0.2545968882602573,0.0,-0.4750888974077833,0.4018587041661747,-0.2773251357591806,-0.056555604758299904,1.6284901886783325,0.6544229569696041
2024-09-16 16:30:00,2024,985,1,REJECT,OB,1,0.41061985203618834,0.41061985203618834,0.0154185319934583,0.4763514884293293,0.06654313807702474,-0.39520132004273006,0.24279904705250394,-0.16625999189638357,-0.026194115525757927,1.74495523287677,0.42367346769175984
2024-09-16 19:45:00,2024,985,1,REJECT,OB,0,0.5469521349256619,0.0852076768059071,0.0852076768059071,0.1176677441605542,0.0,-0.4617444581197547,0.33707971754533517,-0.3313773345721049,-0.03531028508205358,0.9307041829114903,0.3137215030940671
2024-09-17 18:00:00,2024,986,-1,INSIDE,OB,1,0.6829915437816737,0.6829915437816737,0.2830490627652607,1.3125460963628346,0.6312244585561759,-0.3999424810164129,0.3914148748038289,-0.40880257136874626,0.01854188552441252,0.9718995436549308,0.3804159382015932
2024-09-17 23:00:00,2024,986,-1,INSIDE,OB,0,0.661531322505806,-0.3700232018561346,-0.3700232018561346,0.0275638051044022,0.0,-1.0315545243619406,0.45084973011292767,-0.4380999746063075,0.057668498920417505,1.1098047033332463,0.5003551509758518
2024-09-18 02:15:00,2024,986,-1,INSIDE,OB,0,0.4641219108392451,-0.0467460917392004,-0.0467460917392004,0.0918226802020402,0.0,-0.5108680025784456,0.43025026332540267,-0.22413362982951482,0.0719884977783865,1.0339566806856502,0.44486013413206027
2024-09-18 06:00:00,2024,987,1,REJECT,FVG,0,0.2291906762333368,-0.3312390795196875,-0.3312390795196875,0.2250083646232246,0.0,-0.5604297557530243,0.5531595549305368,-0.47364355782444467,-0.08486408572309753,0.9170249992504069,0.507261140445531
2024-09-18 16:45:00,2024,989,1,REJECT,OB,1,0.6225462703309101,0.6225462703309101,-1.2375210319685943,2.2579921480650693,1.6320807627594007,-1.8600673022995045,0.6190834262387431,-0.5226900169861719,0.1863067876190249,1.1245101738149943,0.6961656112457112
2024-09-18 20:15:00,2024,989,1,INSIDE,OB,1,0.5145768707101152,0.5145768707101152,-1.1664303861431915,2.330334208273098,1.814915149558567,-1.6810072568533065,0.5317592375948255,-0.41763824252491666,0.07807575536331776,0.9513124430480708,0.505869179429713
2024-09-19 03:00:00,2024,990,-1,ACCEPT,FVG,0,1.0380536838617185,-2.124157737766473,-2.124157737766473,0.6818181818181825,0.0,-3.1622114216281916,0.2629916376416709,-0.3202939573411481,0.0369401133054946,1.3908106230972377,0.3657715634177752
2024-09-19 09:15:00,2024,990,-1,INSIDE,FVG,0,1.4568263442763834,-0.643983463549429,-0.643983463549429,0.2723271973107541,0.0,-2.1008098078258124,0.05870267787436294,0.05880010144765607,0.14086798564033676,1.3610724015176732,0.07989859474997754
2024-09-19 15:45:00,2024,991,1,ACCEPT,OB,1,1.280374984581201,1.280374984581201,3.92664775297068,4.272028288310494,2.9965873113770014,2.6462727683894793,0.39298257939648346,-0.7109703372195906,0.07159368381080478,1.6009200822159462,0.6291337033168529
2024-09-19 23:30:00,2024,991,1,ACCEPT,FVG,1,0.4578333059345476,0.4578333059345476,3.2829196120335387,3.6338977478217993,3.1752424790399547,2.825086306098991,0.5509823989831888,-0.40828115987116426,0.06893266629250988,0.8704505353380033,0.479602924156734
2024-09-20 02:00:00,2024,991,1,REJECT,FVG,1,0.1713673687968522,0.1713673687968522,3.2460934281712635,3.592123692087981,3.4256996127756496,3.0747260593744112,0.6419791984988054,-0.46270290095095046,-0.05564297738633482,0.7002379086531152,0.4495381713556066
2024-09-20 16:45:00,2024,991,1,ACCEPT,OB,1,1.1590723055934387,1.1590723055934387,1.7909959072305668,2.1478854024556417,0.9806275579809011,0.631923601637128,0.4610006604084439,-0.6858431687082318,0.16466408334259575,1.3619712277806402,0.6278696354641743
2024-09-20 23:15:00,2024,991,1,REJECT,FVG,1,0.40775273873922807,0.40775273873922807,0.5178459781988495,0.8652513116046526,0.4574985728654243,0.11009323945962125,0.6456314261060263,-0.7840592744814687,-0.01458798473549594,1.0865315777720836,0.7014989320662212
2024-09-23 01:15:00,2024,991,1,INSIDE,FVG,1,0.2065296756023944,0.2065296756023944,0.5077527993070531,0.8522410329204895,0.6489766486319638,0.30122312370465865,0.7330056756579758,-0.38125359272874526,0.049594879014775065,1.1250718423151984,0.8246840459400157
2024-09-23 10:15:00,2024,991,1,INSIDE,FVG,0,0.8259162125803511,0.4785911320678079,0.4785911320678079,0.5462624505714233,0.0,-0.3473250805125432,0.2837220444817326,-0.30482091276196926,0.01599413621155099,1.1821108126355973,0.335390896564934
2024-09-24 03:15:00,2024,993,1,REJECT,FVG,0,0.19437736364878114,-0.0852963958627572,-0.0852963958627572,0.0319861484485246,0.0,-0.2796737595115384,0.49054624732463953,-0.28812432804431676,-0.05143493385647739,0.9440813841163657,0.4631155801473347
2024-09-24 05:45:00,2024,994,-1,ACCEPT,FVG,0,0.3992952539185254,-0.7821586043836647,-0.7821586043836647,0.1109153483107014,0.0,-1.18145385830219,0.43990393143324097,-0.19257290663477,0.0677922240827853,0.8799005776634365,0.3870717233845255
2024-09-24 10:45:00,2024,995,1,REJECT,OB,0,1.214400810696091,0.6499262796079684,0.6499262796079684,0.8923134508903603,0.0,-0.5644745310881226,0.24963774814218748,-0.38994815807822325,0.010557905720837202,0.801406578333668,0.20006133356155245
2024-09-25 07:30:00,2024,997,1,REJECT,OB,0,0.9376906081841375,-0.2529243531181535,-0.2529243531181535,0.1032842213698019,0.0,-1.190614961302291,0.5996666502490424,-0.8110900261781284,0.23759539885028708,1.2220584203133122,0.7328276793179203
2024-09-25 15:15:00,2024,998,-1,REJECT,OB,0,0.502265466295213,-0.0466272501283973,-0.0466272501283973,0.1521520793663158,0.0,-0.5488927164236103,0.489824673821553,-0.3044887383441922,0.09067937679747085,1.0610128103319971,0.5197102537413597
2024-09-25 21:15:00,2024,999,1,INSIDE,FVG,0,0.613442830765844,-0.2852261140353139,-0.2852261140353139,0.1413729434783834,0.0,-0.898668944801158,0.39238389854738737,-0.34487623136578044,0.03115273828570231,1.248319520372953,0.489820480036744
2024-09-26 16:15:00,2024,1001,1,ACCEPT,FVG,0,1.7956830550687264,0.5437690249976703,0.5437690249976703,1.1589336777050097,0.0,-1.251914030071056,0.2192462505517092,-0.5708820827032328,-0.05202154956034166,1.5809455539984412,0.346616385040553
2024-09-27 07:15:00,2024,1001,1,ACCEPT,FVG,0,0.5634687215760649,-0.049864488635082,-0.049864488635082,0.0274254687492724,0.0,-0.613333210211147,0.5503382935179962,-0.5135974819599235,0.07915329449997913,1.1271587678544663,0.6203186328248743
2024-09-27 15:45:00,2024,1002,-1,ACCEPT,FVG,1,1.116036312823318,1.116036312823318,0.8428572750575954,2.386152265849846,1.2701159530265287,-0.27317903776572244,0.2974506696079884,-0.24136299960106763,0.16239633480498888,1.3246527567086352,0.39401884948105126
2024-09-30 04:45:00,2024,1003,1,INSIDE,FVG,0,0.8559742779636224,0.0092130303890517,0.0092130303890517,0.0544406341170688,0.0,-0.8467612475745705,0.4616992493015065,-0.4470670713043349,0.15454614146150314,1.2472599164392177,0.5758589671038465
2024-09-30 16:15:00,2024,1004,-1,REJECT,FVG,1,0.37605269740680014,0.37605269740680014,-0.0575335612440634,1.1923622112898935,0.8129742349703977,-0.4335862586508636,0.7625370266342317,-0.8296845889014661,0.0897347363020666,0.9673986575467772,0.7376772958956669
2024-09-30 21:00:00,2024,1004,-1,REJECT,FVG,1,0.7600905932743253,0.7600905932743253,-0.153190064503521,1.0974435768531476,0.3381900877564175,-0.9132806577778464,0.38956097342816265,-0.41960778950085403,0.03995666084467403,1.007048741684248,0.39230688810012193
2024-09-30 22:45:00,2024,1004,-1,INSIDE,FVG,0,0.4394796932478237,-0.8119910522864401,-0.8119910522864401,0.0075339375985082,0.0,-1.2514707455342637,0.5041393843493858,-0.6733548191932699,-0.11233111320846811,1.286365671940173,0.6485075979001028
2024-10-01 06:00:00,2024,1004,-1,REJECT,FVG,0,0.20643060944198166,-0.2713563656374221,-0.2713563656374221,0.1564877200608651,0.0,-0.4777869750794036,0.27965520291741375,-0.3490933060522666,-0.19373815273924638,0.7650198695970367,0.2139417868680127
2024-10-02 01:15:00,2024,1005,1,REJECT,FVG,0,0.9113796340842636,-0.6826939694431754,-0.6826939694431754,0.0479230988402373,0.0,-1.594073603527439,0.4494805537947272,-0.5551214887359143,0.10404224808988854,1.1592171244717435,0.5210455550758905
2024-10-02 03:15:00,2024,1005,1,ACCEPT,FVG,0,0.4884793057222741,-0.337983960241575,-0.337983960241575,0.3304171551615658,0.0,-0.8264632659638492,0.46535435638385847,-0.2754020093901189,0.08007348835766415,0.9761708008367421,0.4542653347440978
2024-10-02 21:15:00,2024,1006,-1,REJECT,OB,0,0.9257190728846826,-0.4925998324490448,-0.4925998324490448,0.0150795867076098,0.0,-1.4183189053337275,0.3655067010866881,-0.3175124577577443,0.13689699769432295,1.1598323399050288,0.42392649237234137
2024-10-02 22:15:00,2024,1006,-1,INSIDE,FVG,0,0.7941915666015079,-0.1164479195755647,-0.1164479195755647,0.019268360793076,0.0,-0.9106394861770727,0.22598995229642166,0.0324477175366808,0.2045941736489337,1.138100210732728,0.25719921233203663
2024-10-03 04:45:00,2024,1007,1,INSIDE,FVG,0,0.5439735173234632,-0.9431663908054494,-0.9431663908054494,0.1891354075617147,0.0,-1.4871399081289125,0.5145262616046246,-0.4233416322734615,0.07436741544216235,1.1015214147204864,0.5667616955935691
2024-10-03 15:00:00,2024,1008,-1,REJECT,FVG,1,0.5892433061699426,0.5892433061699426,-1.0066589057043236,0.8968568102444533,0.30761350407451066,-1.5959022118742663,0.5163325307989782,-0.42534996952554566,0.09851754424593126,1.3313066574308199,0.6873969357007835
2024-10-03 19:45:00,2024,1008,-1,INSIDE,FVG,0,1.817148447508796,-0.0872097086021723,-0.0872097086021723,0.3203279681348892,0.0,-1.9043581561109684,0.10742500386508391,-0.18270007716374126,0.03213365832878842,1.8229109612503067,0.19582621705801803
2024-10-03 22:00:00,2024,1009,1,ACCEPT,FVG,1,0.3861307011763501,0.3861307011763501,-1.5764900522972738,0.8647981716977462,0.4778262271637332,-1.962620753473624,0.5772061634554618,-0.41829163693100124,0.04602589464581541,1.143195165257897,0.6598592954193434
2024-10-04 18:00:00,2024,1010,-1,REJECT,OB,0,2.194603752100322,0.7540305222668263,0.7540305222668263,1.3772513296210165,0.0,-1.4405732298334957,0.1782169367543377,-0.47483716063341047,0.0009024216806985952,1.2418796602242699,0.2213239888626871
2024-10-04 21:45:00,2024,1010,-1,INSIDE,FVG,0,0.5186243776507456,-0.1012354785174089,-0.1012354785174089,0.4456020652775116,0.0,-0.6198598561681545,0.661702424310092,-0.5373698352107941,0.16138409549711408,1.1690536623334808,0.7735656425146559
2024-10-07 03:30:00,2024,1010,-1,ACCEPT,FVG,0,0.6786019696008221,0.1340652671650344,0.1340652671650344,0.2648202808198614,0.0,-0.5445367024357877,0.5746246043998887,0.13994585048753366,0.44947090984058635,1.003599732588298,0.5766930993143848
2024-10-07 07:30:00,2024,1011,1,REJECT,FVG,0,0.3592252653263663,-0.0670443467544979,-0.0670443467544979,0.0554564349697109,0.0,-0.4262696120808642,0.2453661410009868,-0.16027138740527175,-0.03280449846157997,0.9359937363303834,0.2296611710844813
2024-10-07 10:45:00,2024,1012,-1,INSIDE,OB,1,0.7741935483871056,0.7741935483871056,0.26468155500412,1.693961952026466,0.9214226633581346,-0.5095119933829856,0.43258493430606715,-0.3787829141895761,0.11997733313059947,1.266528026866752,0.5478809432989468
2024-10-07 20:00:00,2024,1012,-1,ACCEPT,FVG,1,0.7469663906211585,0.7469663906211585,0.0805310300119623,1.5021502332843466,0.7551838426631878,-0.6664353606091963,0.21601559534795456,-0.22648762616292545,-0.016206377183453802,0.7456026205165058,0.16106179396386805
2024-10-07 20:00:00,2024,1012,-1,ACCEPT,FVG,1,0.6368525332578533,0.6368525332578533,0.0805310300119623,1.5021502332843466,0.8652977000264933,-0.556321503245891,0.3127947086429237,-0.24005474008027453,0.03423721499038582,0.8927902285033429,0.27926005940395243
2024-10-08 01:45:00,2024,1012,-1,REJECT,OB,1,0.3399898714772475,0.3399898714772475,-0.1724586304595086,1.2482719918971643,0.9082821204199167,-0.5124485019367561,0.7698827878983413,-0.5798435936967239,0.12832035887360504,1.0499117606079098,0.8083089933040735
2024-10-08 03:15:00,2024,1012,-1,REJECT,FVG,1,0.1412518306620328,0.1412518306620328,-0.1995592723888492,1.2211713499678236,1.0799195193057909,-0.3408111030508821,0.5350099968783849,-0.42734865445228487,-0.12314171068622562,0.818165720664365,0.43772683965864345
2024-10-08 13:45:00,2024,1012,-1,REJECT,FVG,0,1.0886718058775675,-0.3242330884721863,-0.3242330884721863,0.1796757669115497,0.0,-1.4129048943497537,0.21140761952359916,-0.3309373778287097,-0.030821179647525815,0.6277503097108404,0.1327111986311709
2024-10-08 20:15:00,2024,1014,-1,INSIDE,FVG,0,0.665410613352837,-0.0715236045753938,-0.0715236045753938,0.6340688091007198,0.0,-0.7369342179282308,0.8267087629599779,-1.0425402978955354,0.36943768713897346,1.3193642905760863,1.090730020555725
2024-10-09 04:30:00,2024,1014,-1,REJECT,OB,1,1.2119240709384274,1.2119240709384274,0.5333749220212166,1.235986097495753,0.023259959005433244,-0.6785491489172106,0.288545546052292,-0.32703562115813445,0.11702434355033511,1.0056363883517963,0.2901719008070238
2024-10-09 12:15:00,2024,1014,-1,REJECT,FVG,1,0.6274792643346487,0.6274792643346487,0.2452217814641135,0.9456264775413477,0.31894859157751426,-0.3822574828705352,0.5615987985751817,-0.52364266004018,0.12282602970227494,1.307059691466631,0.7340431523937077
2024-10-09 21:00:00,2024,1014,-1,REJECT,FVG,1,0.3515813562655225,0.3515813562655225,-0.3475586862853897,0.3395133463250508,0.004827203976181311,-0.6991400425509122,0.6482589049429244,-0.642244999858556,0.0020117854658559253,1.4131836585313229,0.9161088909627509
2024-10-10 03:30:00,2024,1014,-1,INSIDE,OB,0,0.3061553335481566,-0.3988076055430442,-0.3988076055430442,0.1756364808249945,0.0,-0.7049629390912007,0.5164661607572347,-0.36507346866191726,-0.018406506194803135,1.1323085614180595,0.5847990555081327
2024-10-10 07:15:00,2024,1014,-1,INSIDE,FVG,0,0.5786014438099214,-0.0711130266135201,-0.0711130266135201,0.0824264626656594,0.0,-0.6497144704234415,0.14737505403222564,-0.058011653708592736,0.03580923593582082,0.9867700496922286,0.14542528939077418
2024-10-10 07:15:00,2024,1014,-1,INSIDE,FVG,0,0.5050641094709611,-0.0711130266135201,-0.0711130266135201,0.0824264626656594,0.0,-0.5761771360844813,0.16433832825196965,-0.10533932294838333,-0.005026643305324124,1.0236095455924208,0.16821828150541673
2024-10-10 19:45:00,2024,1015,1,INSIDE,OB,1,0.4476870842634002,0.4476870842634002,1.8157093075791104,3.0017580038380585,2.5516553417818915,1.3680222233157104,0.6168576905913132,-0.5772140939192113,0.05500407993883047,1.1694970109459786,0.7214132253255802
2024-10-10 21:30:00,2024,1015,1,REJECT,FVG,1,0.3202818264938618,0.3202818264938618,1.7385575216479432,2.922874199967725,2.6042058839347884,1.418275695154082,0.6140320431403372,-0.6305803755830632,-0.04672051489684878,1.0593796482166973,0.6504930498557904
2024-10-11 08:15:00,2024,1015,1,REJECT,OB,1,0.11859343907618324,0.11859343907618324,0.1682744743648452,1.346997101939601,1.2276023558426152,0.049681035288662,0.7196420163105398,-0.7698818566638261,-0.13049770339538264,1.2214278364775792,0.8789907910205454
2024-10-11 11:15:00,2024,1015,1,ACCEPT,FVG,1,0.37180645764423537,0.37180645764423537,0.3333437206465534,1.510463734179741,1.1394585835562712,-0.03846273699768204,0.5503693848419193,-0.46429662225756313,-0.004131084507576155,1.7763016043771458,0.977622021294764
2024-10-11 14:15:00,2024,1015,1,REJECT,FVG,1,0.5252262059857545,0.5252262059857545,0.565381114700262,1.7435261363839163,1.2207092249210116,0.04015490871450745,0.4784647500087039,-0.3945805553991008,0.04551455674321958,1.7615632374041321,0.8428459140090913
2024-10-11 20:45:00,2024,1015,1,REJECT,FVG,0,0.23636923983974448,-0.9454769593589416,-0.9454769593589416,0.1350681370512669,0.0,-1.181846199198686,0.7762888685963575,-0.9068402846892993,-0.01937945632406815,0.9025079194330516,0.7006068516759362
2024-10-14 10:45:00,2024,1017,1,REJECT,OB,0,0.2958192482930973,-0.9387651483772708,-0.9387651483772708,-0.0008016781796735,0.0,-1.2345843966703682,0.84118754032705,-0.7530266948807598,0.12924944423966192,0.7098916862613531,0.5971520414648095
2024-10-14 14:00:00,2024,1017,1,INSIDE,OB,0,0.572980058046988,-0.3595168991667455,-0.3595168991667455,0.0842617732422202,0.0,-0.9324969572137335,0.4898491826479593,-0.41259816920111286,0.07018651985199403,1.0273161228123897,0.5032299630807197
2024-10-14 23:15:00,2024,1018,-1,INSIDE,OB,1,0.7129233397205679,0.7129233397205679,0.3680118245261466,1.1789123383088742,0.4659889985883064,-0.3449115151944212,0.41031254412450974,-0.3295893160867543,0.09816670399954741,0.9524386807576917,0.3907975382242802
2024-10-15 03:45:00,2024,1018,-1,REJECT,FVG,1,0.17965499880758046,0.17965499880758046,0.006359468984334,0.8148069636185364,0.6359468984339798,-0.17329552982324645,0.6549238669130798,-0.4446664683575728,-0.03578343888492325,0.8838876183608997,0.5788790969335129
2024-10-15 22:15:00,2024,1019,1,REJECT,FVG,1,0.2532720949372357,0.2532720949372357,0.6100830966097881,1.5658268510898352,1.3141476624100648,0.3568110016725524,0.8041420583502857,-0.7154270880387636,0.06354466688179652,0.8143254781201209,0.6548333661425946
2024-10-16 01:15:00,2024,1019,1,INSIDE,FVG,1,0.38731271915840493,0.38731271915840493,0.937998087344594,1.8959196684730573,1.5086069493146528,0.550685368186189,0.5512780409833815,-0.36275384877322253,0.05074137940325349,1.1631358744109301,0.64121126624275
2024-10-16 15:30:00,2024,1019,1,REJECT,FVG,1,0.17888357483205708,0.17888357483205708,-0.5685942200019424,0.3905092325575459,0.21242424511311303,-0.7474777948339995,0.8007811395497948,-0.6862708137996285,0.006528503415358711,1.1341277066648572,0.9081880773380797
2024-10-17 06:45:00,2024,1021,1,ACCEPT,FVG,1,0.7375603498958,0.7375603498958,3.83210703532808,5.1989987707327705,4.45983502877198,3.094546685432279,0.5024727425637768,-0.4394027970849877,0.15198910327494225,1.1315516320487449,0.5685738519080505
2024-10-17 20:30:00,2024,1021,1,REJECT,FVG,1,0.3611251053281553,0.3611251053281553,2.5118257326158493,3.872063629351886,3.5173585258962623,2.1507006272876947,0.6639029422845139,-0.7083265333706383,0.0016855561924856155,1.6981465701349063,1.12740450434292
2024-10-17 23:45:00,2024,1021,1,REJECT,FVG,1,0.22229256483532964,0.22229256483532964,2.5736182506386656,3.940276149247233,3.717983584411904,2.3513256858033365,0.616318796702394,-0.44133470478656767,-0.03232874451430476,1.2338317320570085,0.760433688434606
2024-10-17 23:45:00,2024,1021,1,REJECT,FVG,1,0.08988002621503524,0.08988002621503524,2.5736182506386656,3.940276149247233,3.850396123032198,2.48373822442363,0.5819742907240001,-0.3842907588555211,-0.10833555253204179,1.2372720449325694,0.7200605207822652
2024-10-18 07:30:00,2024,1021,1,INSIDE,FVG,1,0.21677267415411755,0.21677267415411755,1.144880864236093,2.5113515731630205,2.2953817607650464,0.9281081900819754,0.644446927842385,-0.6546025013574908,-0.09304744650091576,1.1339023611270633,0.7307398931015625
2024-10-18 13:45:00,2024,1021,1,REJECT,FVG,1,0.2667398026213855,0.2667398026213855,1.0199811556955305,2.379159791739476,2.1092350362509724,0.7532413530741449,0.6953237429694816,-0.8382227714682159,-0.06991605861104111,1.3189602498890622,0.9171043777808255
2024-10-21 09:15:00,2024,1021,1,INSIDE,OB,1,0.7034932914299531,0.7034932914299531,-0.0459325516741337,1.3280148273500134,0.622909867440268,-0.7494258431040869,0.2804135425805537,-0.3518579947399017,-0.05592320191806904,1.4342216427742054,0.4021751716960163
2024-10-21 18:30:00,2024,1021,1,REJECT,FVG,0,1.4961131185611232,0.12185171569728,0.12185171569728,0.1767253360112657,0.0,-1.3742614028638431,0.02762275553414148,-0.35288240863411574,-0.3018080572026806,1.2143491218628026,0.03354366892631558
2024-10-22 02:30:00,2024,1022,-1,INSIDE,OB,0,0.6243599219884014,-1.021096971262148,-1.021096971262148,0.1041935684961174,0.0,-1.6454568932505496,0.5137101658632807,-0.3984690391954598,0.1269685961040686,1.162837544763069,0.5973614679922862
2024-10-22 15:45:00,2024,1023,1,REJECT,FVG,1,0.12600015949390309,0.12600015949390309,-1.4705335070044057,1.6499641138786276,1.5231664850208582,-1.5965336664983087,0.8624968320062701,-0.7228387893501618,0.009282114911376566,1.172579091143579,1.0113457513881283
2024-10-22 22:45:00,2024,1023,1,REJECT,FVG,1,0.17220434916101146,0.17220434916101146,-2.1489500874370835,0.9859700177543964,0.8121637676709583,-2.321154436598095,0.7340599416952518,-0.6353710960440522,-0.04256231182230616,1.0942297583803524,0.803230232637891
2024-10-23 04:45:00,2024,1023,1,ACCEPT,FVG,1,0.8140848327448031,0.8140848327448031,-1.5609296203072034,1.5665329574057552,0.7564505083027434,-2.3750144530520063,0.2113267466593931,-0.051218767451006286,0.13164302725103433,1.6357037859929116,0.34566795959233415
2024-10-23 15:30:00,2024,1023,1,INSIDE,FVG,0,1.1720506895068328,-1.9512887501053104,-1.9512887501053104,0.2930126723767082,0.0,-3.123339439612143,0.19150870773051584,-0.2271492716797146,0.04080970474370901,0.9731903685425843,0.18637442985537478
2024-10-24 02:15:00,2024,1024,-1,ACCEPT,FVG,0,0.60511675718123,-0.5495286036344115,-0.5495286036344115,0.1381762673878606,0.0,-1.1546453608156415,0.550435876833431,-0.5430658490598808,0.0889350505713391,1.0808358435107515,0.5949308252358415
2024-10-24 18:30:00,2024,1025,1,REJECT,FVG,0,0.859270270628986,-0.0023890739684005,-0.0023890739684005,0.4220697344145881,0.0,-0.8616593445973865,0.20540715313108382,-0.3811845757536162,-0.12638627717051,1.1216478164402508,0.2303944847906884
2024-10-24 23:30:00,2024,1025,1,REJECT,FVG,0,0.14093341696804396,-0.2858706241909134,-0.2858706241909134,0.02562425763057,0.0,-0.42680404115895737,0.6982570221061583,-0.4529066813850865,-0.0382536627018015,1.036556991032145,0.7237831978014254
2024-10-25 02:45:00,2024,1025,1,ACCEPT,FVG,0,0.18218785949329666,-0.1942267048342708,-0.1942267048342708,0.0120388453409741,0.0,-0.3764145643275674,0.6098723337050352,-0.27309856442209707,0.004568029435404075,0.7536892033380964,0.4596541933280937
2024-10-25 10:00:00,2024,1026,-1,INSIDE,OB,1,0.6630159466304963,0.6630159466304963,-0.5674967000820644,1.2136563090863948,0.5530484106881922,-1.2305126467125609,0.4348475572326021,-0.31675086467661295,0.10929833987785931,1.0610118174605445,0.46137839701764133
2024-10-25 14:30:00,2024,1026,-1,INSIDE,FVG,0,0.6573112420771733,-1.1216724118759196,-1.1216724118759196,0.1569220504837122,0.0,-1.7789836539530928,0.5367494041491914,-0.48098106594762696,0.1299966521322924,1.280681034201511,0.6874047820128312
2024-10-25 22:15:00,2024,1027,1,REJECT,FVG,1,0.29438879531953155,0.29438879531953155,-0.7228082616789602,0.5010194131725701,0.21301303075968994,-1.0171970569984918,0.7363220718698856,-0.615384134741326,0.05450175405222116,1.0914306581078834,0.8036444834803095
2024-10-28 01:45:00,2024,1027,1,ACCEPT,FVG,0,0.7649188420310726,-0.4650132272201867,-0.4650132272201867,0.0398810657993272,0.0,-1.2299320692512592,0.09622089060151504,-0.2533286669737079,-0.15535198480449375,1.762809672302242,0.1696191166298866
2024-10-28 07:45:00,2024,1028,-1,REJECT,FVG,1,0.5469248121292483,0.5469248121292483,0.5398013341131174,0.6054956313732108,0.05857081924396258,-0.007123478016130861,0.517490362553106,-0.39697972836050355,0.09148177451306103,0.9560253997190105,0.4947339307105688
2024-10-28 20:00:00,2024,1029,1,INSIDE,FVG,1,0.20711462450592003,0.20711462450592003,2.7019762845849646,3.674308300395255,3.466403162055361,2.4948616600790445,0.7580194856446939,-0.6094500331236671,0.009521888648348104,1.2055680604268013,0.9138440810743952
2024-10-29 07:30:00,2024,1029,1,ACCEPT,FVG,1,0.3916178202305427,0.3916178202305427,1.951785393784716,2.918616511335759,2.528574617947189,1.5601675735541733,0.7443697137612624,-0.5707713784343397,0.1456019939027695,1.7913972819378357,1.3334618819887702
2024-10-29 09:15:00,2024,1029,1,REJECT,FVG,1,0.20981319263991058,0.20981319263991058,1.8417812211057607,2.81118127281414,2.6013680801742294,1.6319680284658502,0.6657627307614127,-0.5238411537388983,-0.035401432658763166,1.3741218108369202,0.9148390891816054
2024-10-29 10:15:00,2024,1029,1,ACCEPT,FVG,1,0.41962638527978524,0.41962638527978524,2.0736800129709025,3.044657607481084,2.6234536793994967,1.6540536276911169,0.6111711168915487,-0.35993908611731595,0.11650881372653701,1.6238446908868795,0.9924469733877458
2024-10-29 13:30:00,2024,1029,1,ACCEPT,FVG,1,0.686878256750376,0.686878256750376,2.3385441339017725,3.308858360966387,2.6219801042160116,1.6516658771513968,0.43007417822255334,-0.2447333367277903,0.15592875375993548,1.0461814182910996,0.44993561374325
2024-10-29 18:45:00,2024,1029,1,INSIDE,FVG,1,0.4885116590573677,0.4885116590573677,0.9399909826700787,1.903619626262339,1.4198354993893931,0.451479323612711,0.6943753413751922,-0.7589765506480575,0.10724850082767448,1.6430254774547655,1.140876376795791
2024-10-30 00:15:00,2024,1029,1,INSIDE,FVG,1,0.12362637362636919,0.12362637362636919,0.3415574809805532,1.3147189349112527,1.191885038038916,0.21793110735418408,0.7244081805601527,-0.8326531102237906,-0.13991642922089448,0.8085256412633103,0.5857025887237853
2024-10-30 05:30:00,2024,1029,1,ACCEPT,FVG,1,0.3576216577363797,0.3576216577363797,-0.006329586862621,0.9668443932607672,0.6084315371665465,-0.36395124459900074,0.57156033059803,-0.6083747055064533,-0.056249504774884995,1.2207486579451257,0.6977315065122175
2024-10-30 14:30:00,2024,1029,1,REJECT,FVG,1,0.6483313518090387,0.6483313518090387,-0.0600160569275284,0.7280895327258441,0.07975818091680545,-0.7083474087365671,0.3360166490573297,-0.33077827570898044,-0.0017811396106054145,0.9638258938844781,0.3238615471377478
2024-10-30 22:30:00,2024,1031,1,ACCEPT,FVG,1,0.36780565330910236,0.36780565330910236,-0.0149322807967418,0.3725211104028404,0.004715457093737937,-0.3827379341058442,0.6643634662407678,-0.43581163092500497,0.0980823335597589,0.6930472686192919,0.46043528564860925
2024-10-31 05:30:00,2024,1031,1,INSIDE,FVG,0,0.36355691890640224,-0.0321021561948316,-0.0321021561948316,0.1203830857305914,0.0,-0.39565907510123394,0.5233105201565342,-0.20485128276174436,0.09260270891445363,1.5024689898664434,0.7862578286060711
2024-11-01 00:15:00,2024,1032,-1,INSIDE,OB,0,1.2624790057104336,-0.6264024185421544,-0.6264024185421544,0.1942895532415063,0.0,-1.888881424252588,0.34454732397945576,-0.7921083167079188,-0.08420575288656024,1.1624175759396935,0.4005078651367072
2024-11-01 00:15:00,2024,1032,-1,INSIDE,OB,0,0.7247564662412006,-0.6264024185421544,-0.6264024185421544,0.1942895532415063,0.0,-1.3511588847833549,0.4820613860653829,-0.5218320260579232,0.07910015039294832,1.1816689541225174,0.5696369738947321
2024-11-01 03:15:00,2024,1032,-1,INSIDE,OB,0,0.3127981189116645,-0.6368827678871413,-0.6368827678871413,0.1370507222035824,0.0,-0.9496808867988058,0.6933134081409534,-0.484457978732466,0.06829036348634288,1.1167379963359576,0.7742494262401823
2024-11-01 11:00:00,2024,1033,1,REJECT,FVG,1,0.33964542019720745,0.33964542019720745,-1.3795077019383275,0.713094413020608,0.3726441458561275,-1.719153122135535,0.6226470952576529,-0.44385953146704016,0.043987550806691395,1.1645820735802201,0.7251236453038583
2024-11-01 14:30:00,2024,1033,1,INSIDE,FVG,1,0.41631861173234047,0.41631861173234047,-1.1357818436582277,0.9724879415806414,0.5488938589636458,-1.5521004553905682,0.5578367666930182,-0.35511109938553237,0.07522075639539086,0.9697376957260242,0.5409553407241432
2024-11-01 16:45:00,2024,1033,1,ACCEPT,OB,0,1.8167287747496963,-0.283661832712233,-0.283661832712233,0.8477528846585366,0.0,-2.1003906074619296,0.08265601940143016,-0.2433806739665263,-0.07310022740436858,1.536955822743495,0.12703865030382738
2024-11-04 03:00:00,2024,1034,-1,REJECT,OB,0,0.8388120200064082,-0.0986837670595579,-0.0986837670595579,0.4092949682962621,0.0,-0.9374957870659661,0.18683264352586101,-0.6691459000608682,-0.3874101355289399,1.0233441289164555,0.1911940888421309
2024-11-04 12:00:00,2024,1035,1,REJECT,FVG,1,0.11758981428917495,0.11758981428917495,-0.3973724758738208,0.3981834401103157,0.278160733111693,-0.5149622901629958,0.7785991439723807,-0.5712000285195193,-0.03490884653179928,1.222724499758665,0.9520122488261541
2024-11-04 15:30:00,2024,1035,1,INSIDE,OB,1,0.372232584542996,0.372232584542996,-0.1816559889709053,0.6098451058308306,0.23923444976078725,-0.5538885735139013,0.6766624659750331,-0.4397792916958149,0.10967866688095229,1.2847154480917586,0.869318723181989
2024-11-04 23:45:00,2024,1036,-1,REJECT,OB,1,0.3512163541296809,0.3512163541296809,-0.3067073691593164,0.9241683788389048,0.5729520247092239,-0.6579237232889973,0.6541669221337247,-0.5079151399930899,0.054100265225351274,1.0076091741393032,0.6591445921604122
2024-11-05 08:30:00,2024,1036,-1,REJECT,FVG,0,0.7639257294429747,-0.4669334172548648,-0.4669334172548648,0.1626579148496331,0.0,-1.2308591466978396,0.4480253933987764,-0.31816415013842914,0.16663959385386384,1.5769703781902893,0.7065227740669215
2024-11-05 18:30:00,2024,1037,1,ACCEPT,FVG,0,0.9752139872621777,0.0827552634781535,0.0827552634781535,0.9500628777737234,0.0,-0.8924587237840242,0.24052114717233417,-0.30187053690990784,0.005295297879996691,1.2254693505135723,0.2947512940100597
2024-11-06 07:15:00,2024,1037,1,ACCEPT,FVG,0,0.8662323767217226,-0.0032504029145249,-0.0032504029145249,0.2827850535639327,0.0,-0.8694827796362475,0.32330785463560774,-0.280008877804036,0.09057992309151461,0.9099846439935444,0.2942051830009001
2024-11-06 18:15:00,2024,1038,-1,REJECT,FVG,1,1.2779458550412797,1.2779458550412797,0.553932574529497,1.9793337205371069,0.6998274920464496,-0.7240132805117826,0.9603885934569337,-1.7843739084647916,1.156643061924174,1.5852052997337045,1.5224130881517295
2024-11-07 05:15:00,2024,1038,-1,REJECT,FVG,0,1.0064662195770344,-0.4021233898770246,-0.4021233898770246,0.2832615817367945,0.0,-1.408589609454059,0.5888582769807285,-0.7971932112684521,0.2649065734392625,0.9825586447068737,0.5785877905546094
2024-11-07 21:45:00,2024,1039,1,REJECT,FVG,1,0.7168863135223961,0.7168863135223961,-0.135377672939866,1.483770063073686,0.7668837495512898,-0.8522639864622622,0.7788960395227118,-0.9806634391991513,0.3415513400884207,0.9435691232542758,0.7349422531186729
2024-11-08 02:00:00,2024,1039,1,REJECT,FVG,1,0.25936819912947884,0.25936819912947884,-1.3435119695321307,0.2662540805223082,0.007650979325346685,-1.6028801686616097,0.6582627266334365,-0.8243647941831505,-0.11098375906256328,1.1196392760138885,0.7370168026747891
2024-11-08 06:00:00,2024,1039,1,REJECT,OB,0,1.1570289956398543,-0.4484726759632458,-0.4484726759632458,0.0861860754827393,0.0,-1.6055016716031,0.23195375387151698,-0.47528003490783716,-0.0966598277939234,1.2284766518035903,0.28494977092935525
2024-11-08 13:45:00,2024,1040,-1,INSIDE,FVG,0,0.8539101610066494,0.4018400757678411,0.4018400757678411,0.7816093897984024,0.0,-0.4520700852388083,0.4218341214554987,-0.3817677387029823,0.139483362523006,1.3978772257906493,0.5896723114440483
2024-11-08 18:45:00,2024,1040,-1,INSIDE,FVG,1,0.33290263737935033,0.33290263737935033,-0.0060804134681103,0.3716652732385707,0.03876263585922041,-0.3389830508474606,0.7067966125530736,-0.5039635673149447,0.0875306313231301,0.8773220822490637,0.6200882758516473
2024-11-08 23:00:00,2024,1041,1,INSIDE,FVG,0,0.2841195214740037,-0.0213280069739349,-0.0213280069739349,0.0594137337130427,0.0,-0.3054475284479387,0.612756029600915,-0.22658607420910165,0.0863518588966482,0.7091217877096773,0.43451865114048477
2024-11-11 07:00:00,2024,1042,-1,REJECT,FVG,1,0.42679719710209996,0.42679719710209996,4.887171482380108,6.295067781944068,5.868270584841968,4.460374285278007,0.6786765924705228,-0.6595279583806826,0.07773549645738317,1.2683817742969046,0.860821020531539
2024-11-12 01:15:00,2024,1042,-1,INSIDE,FVG,1,0.7802779866341397,0.7802779866341397,0.967786650088854,2.362004292873093,1.5817263062389537,0.18750866345471415,0.405344199434403,-0.8931159229218741,-0.21481540831448598,1.0348316259027321,0.4194629969509445
2024-11-12 04:00:00,2024,1042,-1,ACCEPT,FVG,1,0.3903900124592613,0.3903900124592613,1.209680464138737,2.603606891604477,2.211706666331062,0.8192904516794758,0.6322215410769743,-0.37276802467175973,0.10971692564849311,1.440943706797903,0.9109956509169379
2024-11-12 14:15:00,2024,1042,-1,INSIDE,OB,0,0.9450995529766351,-0.4325791629829757,-0.4325791629829757,0.7374017856031002,0.0,-1.3776787159596109,0.5423790208443895,-0.877604227453893,0.11099206426538388,1.260139554786399,0.6834732578523319
2024-11-12 22:30:00,2024,1042,-1,REJECT,FVG,0,0.42619894234020056,-0.7365668132430281,-0.7365668132430281,0.0801907417643559,0.0,-1.1627657555832287,0.5541184915583045,-0.5359271249133088,-0.002795279837870396,1.0706169613349934,0.5932486556516822
2024-11-13 01:15:00,2024,1042,-1,INSIDE,FVG,0,0.27629521137949287,-0.6888762008787828,-0.6888762008787828,0.0737283717697129,0.0,-0.9651714122582756,0.5841499157096841,-0.47153951015518014,-0.0346919206059258,1.1529475291634774,0.6734942019785339
2024-11-13 03:15:00,2024,1042,-1,REJECT,FVG,0,0.42970980314276364,-0.3887495966040117,-0.3887495966040117,0.0007447310279594,0.0,-0.8184593997467753,0.4206167151304661,-0.2598750494107787,0.030175866074019064,1.4440598422999886,0.6073957073200401
2024-11-13 10:15:00,2024,1043,1,INSIDE,FVG,1,0.8530207542812069,0.8530207542812069,-1.3704754677137323,1.2576302504371633,0.40386709341073346,-2.2234962219949392,0.2425624444568626,-0.1632541979922398,0.08325593867148881,1.0845409953542207,0.2630689149467986
2024-11-13 13:45:00,2024,1043,1,REJECT,OB,1,0.24658551681453664,0.24658551681453664,-1.8553331957912127,0.7664947390138015,0.5265937693418381,-2.1019187126057495,0.7475299242301493,-0.5488626228916058,0.04575866471194007,0.6790675217720226,0.5076232930973953
2024-11-13 17:15:00,2024,1043,1,ACCEPT,OB,0,1.666756033277363,-0.9607048138356056,-0.9607048138356056,0.7795518195729377,0.0,-2.6274608471129683,0.1105930874277406,-0.23586465168502516,-0.025447955931152066,1.7409746168303304,0.1925397580085939
2024-11-14 13:45:00,2024,1044,-1,INSIDE,FVG,0,1.1219361950460467,-1.5187718843210791,-1.5187718843210791,0.1561081571780481,0.0,-2.6407080793671263,0.5682137939069654,-0.7323796814862285,0.3212681778200956,1.383163556261093,0.7859326118969661
2024-11-14 22:15:00,2024,1045,1,REJECT,FVG,0,0.8086913308903366,-0.4661610999107338,-0.4661610999107338,0.578156122354145,0.0,-1.2748524308010705,0.5855649820262439,-0.7699634514616575,0.1544415077919319,1.4266613894071876,0.8354029508457559
2024-11-15 03:45:00,2024,1045,1,ACCEPT,FVG,0,0.8851091271840424,-0.345337659458713,-0.345337659458713,0.4650450414139073,0.0,-1.2304467866427555,0.3950110907394354,-0.26049444067509037,0.1920316742199345,1.1366375670359232,0.4489844451302782
2024-11-15 04:45:00,2024,1045,1,REJECT,FVG,0,0.2873988513698157,-0.5646627306510649,-0.5646627306510649,0.2446871832821303,0.0,-0.8520615820208806,0.43145351228531,-0.2768486761610337,-0.03340209860954657,0.9628612916442564,0.4154298861234846
2024-11-15 10:15:00,2024,1046,-1,REJECT,FVG,0,0.7818539799895494,-0.0,-0.0,0.3218547836219583,0.0,-0.7818539799895494,0.4729171639214274,-0.460599351313368,0.12697815443113736,1.1640579710319228,0.550502994300548
2024-11-15 15:00:00,2024,1046,-1,INSIDE,FVG,1,0.4467360841028233,0.4467360841028233,0.2800219719416781,0.5795300089411188,0.13351563095156302,-0.16671411216114512,0.4102156565083674,-0.1683078540230916,0.08399279883672228,0.7190812211168423,0.29497837520328396
2024-11-15 21:45:00,2024,1047,1,INSIDE,FVG,0,0.9302023238807373,0.1155439993499582,0.1155439993499582,0.0994555943771931,0.0,-0.8146583245307791,0.2607817819932368,-0.15320481934429114,0.12932802609013372,1.1519591421151123,0.30040995786417934
2024-11-18 07:15:00,2024,1049,1,ACCEPT,FVG,1,0.5528442211055189,0.5528442211055189,2.331497487437173,3.772221105527649,3.2208241206030332,1.7786532663316543,0.5906428159069304,-0.6697202629183443,0.052378666553313635,1.4272297818865145,0.842983017319685
2024-11-18 10:45:00,2024,1049,1,INSIDE,FVG,1,0.5668813092258916,0.5668813092258916,2.642071816213479,4.082413101899652,3.516254855568197,2.0751905069875876,0.519073061690738,-0.5471306244434324,0.031122960726322924,0.8948742161009697,0.46450509917962945
2024-11-18 21:30:00,2024,1049,1,INSIDE,OB,1,0.41356292928314475,0.41356292928314475,0.9091128954241864,2.3551320499177755,1.9415691206346308,0.49554996614104185,0.7127850692301272,-0.7596950563946718,0.0765857181514902,1.3614049106947315,0.9703890935197793
2024-11-19 01:15:00,2024,1049,1,REJECT,OB,1,0.0872156406715803,0.0872156406715803,0.7616832618649629,2.211643288029676,2.122974053346904,0.6744676211933825,0.7577837718687499,-0.6230308848703686,-0.08481759378851615,1.230757501434848,0.9326480616930575
2024-11-19 07:15:00,2024,1049,1,REJECT,FVG,1,0.21075581395349513,0.21075581395349513,-0.0559593023255801,1.393168604651169,1.1816860465116445,-0.26671511627907524,0.7376931244545379,-0.7180811706550632,-0.03288451337024423,0.7650325668937994,0.5643592645813622
2024-11-19 21:30:00,2024,1049,1,REJECT,FVG,1,0.22300257626228526,0.22300257626228526,-0.6069805221443882,0.8669040547414891,0.6416862210991003,-0.8299830984066736,0.6020913110280245,-0.5410313121230356,-0.08101314659527842,1.1144320234227552,0.6709898380342207
2024-11-20 07:15:00,2024,1049,1,REJECT,FVG,0,0.44586301234812814,-1.0277770931407657,-1.0277770931407657,0.2003795627634168,0.0,-1.4736401054888937,0.377469492897716,-0.3242957469152827,-0.033584310605388856,1.5462914271972015,0.5836778408962131
2024-11-20 09:45:00,2024,1049,1,ACCEPT,FVG,0,1.0451345483255392,-0.1835647082044884,-0.1835647082044884,0.0977037963023667,0.0,-1.2286992565300277,0.04068462198313109,-0.05237798528640719,-0.007726102734656702,1.8732101146944562,0.07621084541132157
2024-11-20 14:00:00,2024,1050,-1,ACCEPT,FVG,0,0.5344843872568159,-1.7535227753432612,-1.7535227753432612,0.0776222139169782,0.0,-2.288007162600077,0.4311469854825504,-0.20874372399652458,0.11169683569624281,1.0396977177678455,0.4482625368286941
2024-11-20 21:45:00,2024,1051,1,REJECT,FVG,1,0.1798304455798684,0.1798304455798684,0.8639201406021246,5.025710452593694,4.845146005195116,0.6840896950222561,0.8669336937364444,-0.9374936012759667,0.031152261765314465,1.4535807249520993,1.260158107026822
2024-11-21 02:15:00,2024,1051,1,REJECT,FVG,1,0.08434795364530517,0.08434795364530517,0.930761331964211,5.090215637377152,5.004400762798886,0.8464133783189058,0.7727810942272935,-0.6452869904744549,-0.0814388999711166,1.4037166718242082,1.0847657056374063
2024-11-21 07:00:00,2024,1051,1,REJECT,FVG,1,0.25375596200565687,0.25375596200565687,0.5652834542662379,4.712401784335875,4.45718325194402,0.31152749226058096,0.5547277756557677,-0.5433505530441819,-0.10117342898986414,1.0965847353176241,0.6083060110408144
2024-11-21 15:15:00,2024,1051,1,REJECT,OB,1,0.46970728386654675,0.46970728386654675,-0.1721287561995619,3.965525624817686,3.4929009044053534,-0.6418360400661087,0.7651584754476098,-0.5886927236462662,0.22115101251597657,0.7695367715594809,0.588817582927328
2024-11-21 18:00:00,2024,1051,1,INSIDE,OB,1,0.2815111675871277,0.2815111675871277,-0.2221299056741908,3.937490836225017,3.652314158643286,-0.5036410732613186,0.6943342639278824,-0.5772773443527441,0.019008944954748253,0.9613670939649955,0.6675101135526725
2024-11-22 15:15:00,2024,1051,1,ACCEPT,FVG,1,0.8667666313133098,0.8667666313133098,-2.456204513038068,1.6896463445854455,0.8236111619061716,-3.322971144351378,0.5189826738734484,-0.5970095703654602,0.16266491673410793,0.9846719729508275,0.5110276934102643
2024-11-22 16:30:00,2024,1051,1,INSIDE,OB,1,1.2582260835737682,1.2582260835737682,-1.6717995266962815,2.4617466852530248,1.2049794145297756,-2.9300256102700497,0.19151526337318162,-0.3026804579148751,-0.0037430305207555303,1.8205387623412461,0.34866096055086987
2024-11-25 05:30:00,2024,1051,1,REJECT,OB,0,3.6071118021133635,-0.4818137740075298,-0.4818137740075298,0.3462134903048006,0.0,-4.088925576120893,0.0007138425337992847,-0.14200932276003775,-0.1393330406367377,0.9262459327276564,0.0006611937435395921
2024-11-25 09:30:00,2024,1052,-1,REJECT,OB,1,0.630986049385644,0.630986049385644,2.648715450245985,4.410485538417674,3.776647574684527,2.0177294008603415,0.8292178351554046,-1.2280360147919265,0.31349823677153005,1.2865034629278582,1.06679161644897
2024-11-25 12:45:00,2024,1052,-1,INSIDE,FVG,1,0.6257563892646094,0.6257563892646094,3.0383711824589104,4.795329963693327,4.168861678650276,2.412614793194301,0.5798816450891445,-0.8215507854106407,0.017716079989365197,1.111863804605148,0.6447494121295084
2024-11-25 14:45:00,2024,1052,-1,REJECT,FVG,1,0.8670890581618739,0.8670890581618739,3.637075532142106,5.393322417598082,4.526233359436207,2.7699864739802327,0.3305873925982518,-0.4868061476239363,-0.039225461691931696,1.0672381193438933,0.3528154671553596
2024-11-25 21:45:00,2024,1052,-1,REJECT,OB,1,0.6705839804937948,0.6705839804937948,-0.3324920571341909,1.3957666566854283,0.7237827096352806,-1.0030760376279857,0.737650465799439,-1.0440754220272883,0.22074388492977648,1.4981598383740835,1.105118302618655
2024-11-26 03:15:00,2024,1052,-1,INSIDE,OB,0,1.3848571262294405,-0.3380084967700421,-0.3380084967700421,0.9867892684629924,0.0,-1.7228656229994828,0.6753411176904612,-1.1623175352222788,0.5578942475953476,1.2597619376419356,0.8507690349910059
2024-11-26 11:15:00,2024,1052,-1,INSIDE,OB,0,0.6843002626606822,-0.6310769088982153,-0.6310769088982153,0.008294548638304,0.0,-1.3153771715588976,0.5055008347476808,-0.6047967647539555,0.04684285867489785,1.4240692283216732,0.7198681836550914
2024-11-26 16:45:00,2024,1053,1,REJECT,FVG,0,1.3358019296450145,0.1662852608700552,0.1662852608700552,0.7079198242850233,0.0,-1.1695166687749592,0.388806843017337,-0.6258493434639628,0.1368540951344786,1.2058591567398655,0.46884629185557525
2024-11-26 19:15:00,2024,1053,1,REJECT,FVG,0,0.46642670683887044,-0.0717579548982829,-0.0717579548982829,0.1138467553674783,0.0,-0.5381846617371534,0.5882980673814727,-0.4632364716327832,0.08368257957780781,1.2031551763753552,0.7078138650216365
2024-11-27 13:15:00,2024,1055,1,REJECT,OB,1,0.5706602699750319,0.5706602699750319,-0.6710414740911222,0.8731789673111932,0.30183115484220036,-1.2417017440661542,0.5493966929291334,-0.4430956586489243,0.11385849597437989,1.0681882317966238,0.5868590819748837
2024-11-27 21:45:00,2024,1055,1,REJECT,FVG,0,1.612044641939205,0.0733370649181327,0.0733370649181327,0.2960898321929266,0.0,-1.5387075770210723,0.026206574945724082,0.20041061902077956,0.23740471183832526,1.4786156821383092,0.03874945268988054
2024-11-28 08:45:00,2024,1056,-1,ACCEPT,FVG,0,1.151586547020647,-0.5774978125083036,-0.5774978125083036,0.2249991477305135,0.0,-1.7290843595289507,0.21836403258140813,-0.16478979579494094,0.12265945081703697,1.01982685552096,0.22269350470637392
2024-11-28 17:00:00,2024,1057,1,INSIDE,FVG,0,0.5707618113144571,-0.2495804336213999,-0.2495804336213999,0.1213806480453836,0.0,-0.820342244935857,0.4760229908166074,-0.41974373934968623,0.05175967529790998,1.0640630340561053,0.5065184678887809
2024-11-29 12:30:00,2024,1059,1,REJECT,OB,0,0.2563209162109184,-0.7062459287088603,-0.7062459287088603,0.2249625062489709,0.0,-0.9625668449197787,0.7104772509896533,-0.8527130786030899,-0.06476965471355986,0.964670633516856,0.6853765398115031
2024-11-29 19:15:00,2024,1059,1,ACCEPT,FVG,0,0.5176333297970788,-0.4132882712213714,-0.4132882712213714,0.2230119879363163,0.0,-0.9309216010184502,0.43876631717228276,-0.3816159187785351,0.012944362238929613,0.9440210084097471,0.41420462119320933
2024-11-29 19:15:00,2024,1059,1,ACCEPT,FVG,0,0.45488989588227763,-0.4132882712213714,-0.4132882712213714,0.2230119879363163,0.0,-0.868178167103649,0.3931874251771668,-0.35727329092674553,-0.037940938681623404,0.9268666717916587,0.36443232016429244
2024-12-02 04:45:00,2024,1060,-1,REJECT,FVG,1,0.5583093006488664,0.5583093006488664,-1.0713320115356824,0.6259012256669217,0.06826784426821941,-1.6296413121845486,0.6789288258019799,-0.9092071303144196,0.08713207700459646,1.3226758302120751,0.8980027483225431
2024-12-02 13:45:00,2024,1060,-1,ACCEPT,FVG,0,1.6028615043850585,-0.0888982010835207,-0.0888982010835207,0.5751444221616906,0.0,-1.6917597054685791,0.06478486656889478,-0.1413480204416994,-0.02834963910760252,2.128297681073727,0.13788148128724959
2024-12-02 13:45:00,2024,1060,-1,ACCEPT,FVG,0,1.2849830883893514,-0.0888982010835207,-0.0888982010835207,0.5751444221616906,0.0,-1.3738812894728722,0.10900997477156305,-0.041178967484507056,0.10338592476930644,2.1392596965214588,0.23320064554762585
2024-12-02 21:45:00,2024,1061,1,REJECT,FVG,0,0.8328833693304636,-0.0357721382289245,-0.0357721382289245,0.3232991360691121,0.0,-0.868655507559388,0.2461745905548162,-0.24188342161136617,0.022696853090652502,0.9528672563655917,0.2345717066888906
2024-12-03 10:45:00,2024,1062,-1,REJECT,FVG,0,0.42850073478690565,-0.2375311159763656,-0.2375311159763656,0.06815523498187,0.0,-0.6660318507632713,0.28441409585490185,-0.14250721768759683,0.01989549284139755,0.6582785823222759,0.18722370781183667
2024-12-03 10:45:00,2024,1062,-1,REJECT,FVG,0,0.22470983414809215,-0.2375311159763656,-0.2375311159763656,0.06815523498187,0.0,-0.46224095012445776,0.45905961782244,-0.25187140865088503,-0.033092205470243094,0.9050028463990885,0.4154502607961859
2024-12-03 19:30:00,2024,1063,1,REJECT,FVG,0,0.662793827382045,-0.1736048806746766,-0.1736048806746766,0.232146061367325,0.0,-0.8363987080567216,0.4470815583194894,-0.4714620902619092,0.03564281293145227,1.4017701737506298,0.626705593686213
2024-12-03 22:45:00,2024,1063,1,REJECT,FVG,0,0.4279342224408423,0.0234760153376572,0.0234760153376572,0.0838429119202262,0.0,-0.404458207103185,0.5459018358953028,-0.34018339364873534,0.07913342315808847,1.0377323707793702,0.5665000063764433
2024-12-04 06:00:00,2024,1064,-1,REJECT,FVG,0,0.45187108099463696,-0.3554719170491108,-0.3554719170491108,0.0495384592497982,0.0,-0.8073429980437477,0.41780028329474594,-0.39357244755917076,-0.04034590181968026,0.9427331309401418,0.39387416917813406
2024-12-04 13:15:00,2024,1066,-1,INSIDE,FVG,1,0.5708506991564154,0.5708506991564154,-0.4189361520186332,0.8539337539549301,0.28241382771862866,-0.9897868511750487,0.40940798902900316,-0.15159879899436562,0.14417779721855817,1.0827471149950276,0.4432853189770691
2024-12-04 17:30:00,2024,1066,-1,REJECT,FVG,0,1.4482235540815784,0.1760086851772057,0.1760086851772057,0.459764132002819,0.0,-1.2722148689043729,0.012685181183102879,-0.00849096914301084,0.009987718516150402,1.5028166511109813,0.019063501504326702
2024-12-05 02:00:00,2024,1067,1,INSIDE,FVG,0,0.3395857009440265,-0.2248151857144415,-0.2248151857144415,0.0229541030458985,0.0,-0.564400886658468,0.551143182908186,-0.27976133844443446,0.06158756016888356,0.8732577293796705,0.4812900444694869
2024-12-05 14:00:00,2024,1070,-1,REJECT,FVG,1,0.6368338205531856,0.6368338205531856,0.7130649876321226,2.5561052394873167,1.9219698673263033,0.07623116707893697,0.39492544075586405,-0.23790003787420166,0.10755461670931185,0.8728749707635518,0.34472053255355767
2024-12-05 22:45:00,2024,1070,-1,ACCEPT,FVG,1,0.4814200546864396,0.4814200546864396,-0.6797704962122996,1.1537944327401706,0.6784257474561933,-1.1611905508987392,0.6560017984956025,-0.35529347801843797,0.19359210426157084,1.2037863755326788,0.78968602735394
2024-12-06 02:45:00,2024,1070,-1,REJECT,FVG,1,0.2691987811836681,0.2691987811836681,-0.5880751429349452,1.244624788814337,0.9794539195685756,-0.8572739241186134,0.6239867795064343,-0.4818805203587797,-0.013216965835365635,0.9850299390476626,0.6146456593837702
2024-12-06 05:30:00,2024,1070,-1,REJECT,OB,0,1.5357405059067089,-0.2903290395781825,-0.2903290395781825,0.1394914236134382,0.0,-1.8260695454848914,0.20632845169735228,-0.5310891476467323,-0.10464338530687578,1.5950969284029268,0.32911387954457827
2024-12-06 11:00:00,2024,1070,-1,REJECT,OB,0,0.5877756810944467,0.2288742776270665,0.2288742776270665,0.2938878405472536,0.0,-0.3589014034673802,0.25613307360486737,-0.06619529182047101,0.10130830352059231,1.187233136585773,0.3040896723592613
2024-12-06 11:00:00,2024,1070,-1,REJECT,OB,0,0.5446544403821227,0.2288742776270665,0.2288742776270665,0.2938878405472536,0.0,-0.3157801627550562,0.2397432683539979,-0.051567066897879266,0.09137302592037536,1.1154620198597573,0.26742451036593035
2024-12-06 13:00:00,2024,1071,1,INSIDE,FVG,0,0.766050745232928,0.0564738190327782,0.0564738190327782,0.6105816434250483,0.0,-0.7095769262001498,0.3540101300274256,-0.249174587187611,0.11022546474972039,1.0825369787596937,0.3832290566102156
2024-12-09 01:45:00,2024,1072,-1,ACCEPT,OB,1,0.4623452843368242,0.4623452843368242,-0.5814241417415229,0.6938505490119153,0.23084001966167259,-1.043769426078347,0.17753311903238703,-0.4497612886419513,-0.2878321638510878,0.8004708219709117,0.14211008171891454
2024-12-09 04:45:00,2024,1073,1,REJECT,FVG,1,0.5320524662848696,0.5320524662848696,3.0207278773323214,4.102789580639204,3.5727323111028864,2.488675411047452,0.4294637259611255,-0.6026499031603614,-0.11533639572149498,1.347460152124995,0.5786852575157453
2024-12-09 21:15:00,2024,1073,1,INSIDE,FVG,1,1.022445082941225,1.022445082941225,1.7886166897825229,2.868011434079291,1.8455663511380656,0.7661716068412976,0.22740640453426234,-0.25798171905689626,0.033195536254800345,0.9611362096014985,0.21856852969316592
2024-12-10 10:00:00,2024,1073,1,INSIDE,OB,1,0.6114705882353094,0.6114705882353094,1.551838235294105,2.6232352941176376,2.0190441176470424,0.9403676470587953,0.43088942622780513,-0.259744882536679,0.11565265178505024,1.7278361207641668,0.7445063146917484
2024-12-11 06:45:00,2024,1073,1,ACCEPT,OB,0,1.2902775430423021,0.2122906669997591,0.2122906669997591,0.5442841711552178,0.0,-1.077986876042543,0.1798831986204258,-0.4179014423900248,-0.11062874267426412,1.1037065793062173,0.19853826982401102
2024-12-11 10:30:00,2024,1074,-1,ACCEPT,FVG,0,1.299757480716993,-0.0525154537663247,-0.0525154537663247,0.5435349464816299,0.0,-1.3522729344833178,0.26068274596652646,-0.19088118063354623,0.19770259885117944,0.9987070860851498,0.26034570561690495
2024-12-11 15:30:00,2024,1075,1,REJECT,OB,1,0.3563031091765987,0.3563031091765987,1.2460766193855866,2.0722011395575435,1.7178665558459925,0.8897735102089879,0.7356708364192392,-0.5128458192203205,0.12656169990632654,0.7768616491285644,0.5715144591964405
2024-12-11 22:45:00,2024,1075,1,REJECT,FVG,1,0.22893168856251178,0.22893168856251178,-0.2781290428381561,0.5510103678868883,0.32076674987702786,-0.5070607314006679,0.7073686080262043,-0.7607129001761466,-0.060669384999416404,0.9151345192836787,0.6473374310624254
2024-12-12 07:00:00,2024,1075,1,REJECT,FVG,0,0.8677959241202687,0.04683756112192,0.04683756112192,0.249149804301389,0.0,-0.8209583629983487,0.22020083639835444,-0.2761350180715575,-0.024240467818959693,1.234478792868014,0.2718332627055677
2024-12-12 10:15:00,2024,1076,-1,REJECT,FVG,0,0.37195715676728436,0.0636157091853305,0.0636157091853305,0.1123012009087969,0.0,-0.30834144758195375,0.5810443932096362,-0.3244233414349577,0.0802046425859882,0.7534269894578721,0.43777452791731225
2024-12-12 23:30:00,2024,1078,-1,ACCEPT,FVG,1,0.444849708535508,0.444849708535508,1.5553456866512283,2.5069202461979194,2.0620705376624113,1.1104959781157204,0.7182458596839406,-0.814141415823714,0.09012374662612638,1.2818503366128868,0.9206836970066715
2024-12-13 06:45:00,2024,1078,-1,REJECT,FVG,1,0.13328420961378304,0.13328420961378304,1.830219756404119,2.78011356248102,2.6468293528672366,1.6969355467903355,0.6394560863427218,-0.39766296223795383,-0.05814556167090565,0.9136641511044378,0.584248102296889
2024-12-13 18:45:00,2024,1078,-1,REJECT,FVG,1,0.5897767701052684,0.5897767701052684,0.3639876435963119,1.3099662253493736,0.7221359132312347,-0.2257891265089565,0.5927997380045337,-0.6915147078433763,0.06803454459202202,1.2665639195146081,0.7508187596542549
2024-12-16 02:00:00,2024,1078,-1,REJECT,FVG,1,0.3539464742708987,0.3539464742708987,-0.4320229024189442,0.5185576102829412,0.16461113601204228,-0.7859693766898429,0.2740531724898129,-0.6185191203339275,-0.35201183899528254,1.1216358385165552,0.30738785992373346
2024-12-16 10:30:00,2024,1078,-1,ACCEPT,FVG,0,0.9707467477309158,0.0201696710319389,0.0201696710319389,0.1769725974415472,0.0,-0.950577076698977,0.05838580962275019,-0.08044410478043423,-0.019069475788530077,1.913253916540885,0.11170687893113729
2024-12-16 10:30:00,2024,1078,-1,ACCEPT,FVG,0,0.5777634798827478,0.0201696710319389,0.0201696710319389,0.1769725974415472,0.0,-0.5575938088508088,0.0924996773319951,-0.11602149783071708,-0.05184661125443617,1.6984496332217014,0.1571060430376528
2024-12-16 18:45:00,2024,1079,1,REJECT,OB,0,0.8306558820013835,0.0293402784066595,0.0293402784066595,0.2458063324289751,0.0,-0.801315603594724,0.14519111349695968,-0.1718155014564301,-0.026265565043352493,0.8823132404131658,0.12810404182869822
2024-12-16 22:00:00,2024,1080,-1,REJECT,FVG,0,0.3033949789399718,-0.2994802050181693,-0.2994802050181693,0.1389744742241205,0.0,-0.6028751839581411,0.586795902402821,-0.3467003272491212,0.03477293459394584,0.791774594683719,0.4646100877870607
2024-12-16 22:00:00,2024,1080,-1,REJECT,FVG,1,0.12201045389628021,0.12201045389628021,-0.2994802050181693,0.1389744742241205,0.011091859445121748,-0.42149065891444953,0.6696301743805844,-0.36998830146547057,-0.040531089117550934,0.8315525034704315,0.5568326479055166
2024-12-17 23:30:00,2024,1082,-1,REJECT,FVG,0,0.7532989410806362,-0.084713548737454,-0.084713548737454,0.0013032853651902,0.0,-0.8380124898180903,0.3723214980290501,-0.38976699868744996,0.03582102435298787,1.1231347997024554,0.41816723111377535
2024-12-17 23:30:00,2024,1082,-1,REJECT,FVG,0,0.5213141460765673,-0.084713548737454,-0.084713548737454,0.0013032853651902,0.0,-0.6060276948140214,0.4249893933623564,-0.39977637635215935,-0.008322673993358842,0.9078621045602022,0.38583176507371253
2024-12-18 05:30:00,2024,1083,1,INSIDE,OB,0,0.3694755771920341,0.0516611868994181,0.0516611868994181,0.2295326152113337,0.0,-0.31781439029261604,0.6649377771380831,-0.4554214967386266,0.09308372996853595,1.1019285845157607,0.7327139435528243
2024-12-19 03:00:00,2024,1084,-1,REJECT,FVG,0,0.8820898859655709,-1.681672505030909,-1.681672505030909,0.131474994410079,0.0,-2.5637623909964797,0.6888389418389846,-1.0952751406893497,0.26681089190104146,1.1715565957996685,0.8070138057551267
2024-12-19 14:45:00,2024,1085,1,INSIDE,FVG,0,1.191134297168495,-0.8189881953656005,-0.8189881953656005,0.0220086404292006,0.0,-2.0101224925340957,0.162124001562395,-0.021573646156179904,0.17503541834211855,1.2488365340711343,0.20246637620092453
2024-12-19 23:45:00,2024,1086,-1,INSIDE,FVG,0,0.6145050745915126,-0.2705955100695704,-0.2705955100695704,0.4398843267140798,0.0,-0.8851005846610829,0.44599235751093314,-0.5385604369695435,-0.024302031103877908,1.1701019522153904,0.5218565281966872
2024-12-20 07:30:00,2024,1086,-1,REJECT,FVG,0,0.4891286165146849,-0.2241560691277923,-0.2241560691277923,0.012713329293819,0.0,-0.7132846856424773,0.4203505319989355,-0.4107696040134875,-0.0324969082695748,0.9706465243827725,0.4080117829072162
2024-12-20 22:15:00,2024,1087,1,REJECT,OB,1,0.3463668400738277,0.3463668400738277,-0.6242658164121612,0.4430273535828093,0.0966605135089815,-0.9706326564859887,0.7167856922248452,-0.7873487641567397,0.0252823600077762,1.3620260008645175,0.9762807498579108
2024-12-20 23:30:00,2024,1087,1,INSIDE,FVG,1,0.5907031381104327,0.5907031381104327,-0.2134586339989818,0.8538345359959886,0.2631313978855559,-0.8041617721094146,0.4617821641834575,-0.3106503175535084,0.10557863189722447,1.2379768732871597,0.5716756397556145
2024-12-23 20:15:00,2024,1088,-1,REJECT,FVG,0,0.20946893597662977,-0.546529699404889,-0.546529699404889,0.1419203214434579,0.0,-0.7559986353815188,0.7460502339432533,-0.6550486858265093,-0.010075111832212408,0.8475462917439528,0.6323121092333128
2024-12-24 01:45:00,2024,1088,-1,REJECT,OB,0,0.4014905546187554,-0.2918685601836315,-0.2918685601836315,0.1089368569699513,0.0,-0.693359114802387,0.5614405105308199,-0.44869407108003334,0.028634019217748635,0.9562747562516976,0.5368913873576884
2024-12-24 09:45:00,2024,1089,1,REJECT,FVG,0,0.10477941176470451,-0.3818933823529383,-0.3818933823529383,0.0289522058823579,0.0,-0.48667279411764275,0.6668566213721663,-0.3946240913369326,-0.06159355855715072,0.983812745943223,0.656062043822571
2024-12-24 12:45:00,2024,1089,1,INSIDE,FVG,0,0.39047054932039116,-0.0969253136610591,-0.0969253136610591,0.1038485503511618,0.0,-0.4873958629814504,0.37829426981457487,-0.11695576563516286,0.07500070166564893,0.8210237839506954,0.3105885928500276
2024-12-26 10:45:00,2024,1091,1,REJECT,FVG,1,0.25260935850824584,0.25260935850824584,-0.1428403893514857,0.9147414096399662,0.6635393456080882,-0.3954497478597315,0.6823248164687188,-0.6188949463568902,-0.02424593148808793,1.3810925303998214,0.9423537073313766
2024-12-26 16:45:00,2024,1091,1,REJECT,FVG,1,0.3506822734101161,0.3506822734101161,-0.1535115172759022,0.9069854782173328,0.5555990235353254,-0.5041937906860183,0.4206789331135975,-0.20513502907415992,0.02868560074100303,0.7760453259093324,0.326465919751332
2024-12-26 19:30:00,2024,1091,1,INSIDE,FVG,0,0.745727966950435,-0.3140648472709086,-0.3140648472709086,0.6851683775663502,0.0,-1.0597928142213435,0.4369805966393057,-0.37146695477328096,0.11672554868395085,0.9718668412330342,0.4246869521359687
2024-12-27 01:15:00,2024,1091,1,REJECT,FVG,1,0.23308582472008163,0.23308582472008163,-0.6189801810542426,0.3837817959892518,0.1499917844875551,-0.8520660057743242,0.803195004380911,-0.5252198572038711,0.08384747831110777,0.43749425177326423,0.3513931974696503
2024-12-27 08:00:00,2024,1091,1,INSIDE,FVG,1,0.29728324089549146,0.29728324089549146,-0.5231041642680583,0.4923753677331658,0.19652137318813223,-0.8203874051635497,0.4773140451979819,-0.18813760716252412,0.04356058144748222,0.893000507739566,0.4262416847130239
2024-12-27 20:15:00,2024,1092,-1,ACCEPT,FVG,0,0.448255186473199,-0.4719990406523519,-0.4719990406523519,0.3619138985490007,0.0,-0.9202542271255509,0.6742882860892759,-0.5562862663438961,0.12106426818177421,1.0879965886513252,0.7336233550326811
2024-12-30 08:30:00,2024,1093,1,REJECT,FVG,0,0.368819599109127,-0.7493014780320041,-0.7493014780320041,0.003644462441803,0.0,-1.118121077141131,0.5145734900609031,-0.33778603046988004,0.025814494439271335,0.8698073890596754,0.447579823869199
2024-12-30 09:45:00,2024,1093,1,REJECT,OB,0,0.5648916784774238,-0.3054059526219919,-0.3054059526219919,0.0568536140919028,0.0,-0.8702976310994156,0.06606226365675745,-0.1662797274592459,-0.11797688926197558,0.9715161436106351,0.06418055562600201
2024-12-30 14:45:00,2024,1094,-1,INSIDE,OB,1,0.7123588608719325,0.7123588608719325,0.2536869820860161,1.6580515935193054,0.944965835850549,-0.45867187878591636,0.5708274993096211,-0.5135561704248118,0.18622984125638453,0.7963485982885755,0.45457767893978956
2024-12-30 20:30:00,2024,1094,-1,REJECT,FVG,0,0.6550065412096174,-0.7441280064405736,-0.7441280064405736,0.1804166247358527,0.0,-1.399134547650191,0.5715348389562991,-0.6197381448439176,0.10882285401008757,1.0217200661154555,0.5839486134457161
2024-12-31 05:30:00,2024,1094,-1,REJECT,FVG,1,0.24656135260219442,0.24656135260219442,-0.5996255379852178,0.3319095131183412,0.08607763197353244,-0.846186890587412,0.3691354414844895,-0.17262973068106774,-0.01789144508693935,0.6416907170272236,0.2368707861263428
2024-12-31 10:15:00,2024,1094,-1,REJECT,FVG,0,0.8474555651528692,-0.0854024988138594,-0.0854024988138594,0.1080305113200902,0.0,-0.9328580639667287,0.13696524971099708,-0.1347063196290444,-0.0001842718232660523,0.8214283688614284,0.11250714166080257
2024-12-31 12:45:00,2024,1095,1,REJECT,FVG,1,0.3908195434305226,0.3908195434305226,3.028667459918273,3.893475300842697,3.4997117307196675,2.63784791648775,0.6464215353980993,-0.48903962312650723,0.07972029025338001,1.0250981777703165,0.6626455380080818
2025-01-02 23:30:00,2025,1095,1,INSIDE,FVG,1,0.17575335945224185,0.17575335945224185,-0.3361282999524104,0.5177401047196881,0.34564827358938105,-0.5118816594046522,0.7634043997222111,-0.7973885134092511,-0.054487726112874835,0.9814297070467073,0.749227756377537
2025-01-03 09:15:00,2025,1095,1,REJECT,OB,0,0.6683724643317486,-0.1945428121098227,-0.1945428121098227,0.0169488056004762,0.0,-0.8629152764415713,0.20962808989515044,-0.21176855148043155,-0.02726627149734684,1.1482235088160357,0.240699900925813
2025-01-03 12:15:00,2025,1096,-1,INSIDE,FVG,1,0.5029769109881,0.5029769109881,1.511146490281443,3.099105900889995,2.596128989901895,1.0081695792933432,0.5208640048190001,-0.3501962568599682,0.09419093614948962,0.6804225117927332,0.3544075944613663
2025-01-06 03:00:00,2025,1096,-1,ACCEPT,FVG,1,0.48238052829818245,0.48238052829818245,0.5162059921727531,2.091296070853727,1.6147982319250294,0.03382546387457063,0.5300903954448389,-0.2953329676350657,0.11692548696697794,1.3043893005086282,0.6914442401206355
2025-01-06 04:15:00,2025,1096,-1,REJECT,FVG,1,0.37499231068916156,0.37499231068916156,0.5506776845947242,2.136275092784353,1.7627591297750682,0.17568537390556263,0.3812542086283482,-0.28555472328525155,-0.03371838658553408,1.0707844723198812,0.4082410866058397
2025-01-06 20:15:00,2025,1096,-1,REJECT,FVG,0,1.5201341462421942,-0.0549446076955009,-0.0549446076955009,0.1816835027797912,0.0,-1.5750787539376951,0.20454766889228873,-0.42599379230033707,-0.027917859105306975,0.8790915084009239,0.17981611878641485
2025-01-07 17:15:00,2025,1097,1,ACCEPT,FVG,0,1.155109199448201,-0.053470495599062,-0.053470495599062,0.5537492420943785,0.0,-1.2085796950472631,0.5809453437583757,-0.7034218556950116,0.3762831070207788,1.3206561304858804,0.767229029711726
2025-01-07 23:30:00,2025,1097,1,REJECT,FVG,0,0.44505334154803255,-0.1597814455721689,-0.1597814455721689,0.0255358474658644,0.0,-0.6048347871202014,0.5189162570735443,-0.42409043811140257,0.026922398888224786,1.0258431005798416,0.5323266620976108
2025-01-08 01:30:00,2025,1098,-1,REJECT,FVG,1,0.11791320481415471,0.11791320481415471,-0.3493453335177828,0.2548682936356174,0.1376874689755707,-0.4672585383319374,0.666378564959208,-0.3923187598039741,-0.05231111542542806,0.8138835334200571,0.5423545410443873
2025-01-08 22:45:00,2025,1099,1,REJECT,FVG,1,0.7180870999175408,0.7180870999175408,1.8776703395547327,2.817629862828846,2.0965444869200027,1.159583239637192,0.2486809769504352,-0.2990133758694251,-0.04607983589396994,1.6167400452796596,0.4020524939350366
2025-01-08 22:45:00,2025,1099,1,REJECT,FVG,1,0.008245258976098279,0.008245258976098279,1.8776703395547327,2.817629862828846,2.8063863278614454,1.8694250805786339,0.5579900861559821,-0.4107884725239414,-0.1769718045819716,1.303121739980848,0.7271290119636467
2025-01-09 02:30:00,2025,1099,1,INSIDE,OB,1,0.3018106102521189,0.3018106102521189,1.928699038311268,2.88582638921148,2.5771737248226865,1.6268884280591487,0.6538515147978264,-0.4816341809951906,0.030622382522329628,1.0250764028359998,0.6702477587778254
2025-01-09 07:45:00,2025,1099,1,INSIDE,FVG,1,0.3020249399382244,0.3020249399382244,2.0821416313922647,3.033977805743025,2.7334782442893357,1.78011669145404,0.48790054076782347,-0.24544388964666614,0.021666448361329332,1.1794044406962707,0.5754320643996829
2025-01-09 21:15:00,2025,1099,1,ACCEPT,FVG,1,0.7292545310717641,0.7292545310717641,1.2956658173410822,2.2805921095760864,1.5497642138202425,0.5664112862693181,0.2871718576914185,-0.43382526078574896,-0.09982147631467858,1.0048518517987184,0.2885651729856999
2025-01-10 01:15:00,2025,1099,1,REJECT,FVG,1,0.16326924088129832,0.16326924088129832,1.1831104411687348,2.168247068515217,2.005766567928049,1.0198412002874364,0.74034274682836,-0.6233305916416202,-0.040977110976874745,0.5822583633918492,0.43107075611730705
2025-01-10 07:15:00,2025,1099,1,REJECT,OB,1,0.13800883045005333,0.13800883045005333,0.985097513902198,1.977333415586344,1.838531430938284,0.8470886834521447,0.8133825719967336,-0.6635807778760776,-0.011581760569914945,0.6256264170972912,0.5088736242476959
2025-01-10 15:45:00,2025,1099,1,REJECT,FVG,1,0.5683056221345979,0.5683056221345979,0.7668123746548067,1.782558620413639,1.1990448196585342,0.1985067525202088,0.4867208666154368,-0.5249592409207432,0.00715558066575922,1.1506519949028908,0.5600463361319161
2025-01-10 19:15:00,2025,1099,1,REJECT,OB,1,0.14928550520236458,0.14928550520236458,-0.8390324383299338,0.1580670055083604,0.009579818515651508,-0.9883179435322983,0.7260933621319197,-0.8296205582864167,-0.11884336343652509,1.0270851545744755,0.7457597130807633
2025-01-10 23:30:00,2025,1099,1,REJECT,FVG,0,0.5769409063817377,-0.4164146486832699,-0.4164146486832699,0.1875455287962835,0.0,-0.9933555550650076,0.5342910879961019,-0.6981188467070185,-0.016865783969185866,1.392907594412073,0.7442181140964595
2025-01-13 02:30:00,2025,1099,1,INSIDE,OB,0,0.24098089031258277,-0.3722081078095882,-0.3722081078095882,0.08828012813433,0.0,-0.613188998122171,0.7478938271503458,-0.7069360655936265,0.002005174379773933,1.286244158343999,0.9619740662336688
2025-01-13 07:30:00,2025,1100,-1,REJECT,OB,1,0.46864225471650595,0.46864225471650595,1.3112435242321894,2.257280265926397,1.7862510387750234,0.8426012695156837,0.6331431262996073,-0.46580059628835824,0.12583547174517964,1.2099779123769188,0.7660891981957947
2025-01-14 06:30:00,2025,1100,-1,REJECT,FVG,0,1.040258595357037,0.0897603718643887,0.0897603718643887,0.1939465177784362,0.0,-0.9504982234926481,0.11657961987054702,-0.11264528899763299,0.021759807587711524,1.0531962884664776,0.12278122295849295
2025-01-14 11:00:00,2025,1101,1,INSIDE,FVG,0,0.34926568758341764,-0.2883845126835702,-0.2883845126835702,0.0456608811748764,0.0,-0.6376502002669878,0.7014161416362197,-0.4945541049542861,0.09731471816378542,1.0971725432697208,0.7695745320094458
2025-01-14 19:45:00,2025,1102,-1,REJECT,FVG,0,0.7999858064172706,-0.6842193973050051,-0.6842193973050051,0.2514925439335808,0.0,-1.4842052037222757,0.3737636480316996,-0.26290914924189457,0.13436234685976656,0.6669274905650899,0.24927325184623492
2025-01-15 04:00:00,2025,1103,1,INSIDE,FVG,1,0.7527892216902596,0.7527892216902596,3.583565304531804,4.386861151319463,3.630865159781752,2.8307760828415445,0.25355841543404106,-0.18746684421100582,0.05094299396116436,0.8734315476012374,0.22146591919987196
2025-01-15 18:45:00,2025,1103,1,REJECT,FVG,1,0.7761215326237734,0.7761215326237734,2.272182067071232,3.073987042346477,2.297062902139829,1.496060534447459,0.531512973824722,-0.4100383096711768,0.22042103553847534,1.1150342535522133,0.5926551720219659
2025-01-16 10:00:00,2025,1103,1,INSIDE,OB,1,0.3149549190174302,0.3149549190174302,1.3316228700425758,2.152463928414396,1.8309814463085279,1.0166679510251457,0.5716711595966784,-0.5020859753890283,-0.03500725984578093,0.8140569912992401,0.4653729041938197
2025-01-17 03:00:00,2025,1103,1,INSIDE,OB,0,0.1890415404586696,0.0,0.0,0.0113587191691804,0.0,-0.1890415404586696,0.6285439219686206,-0.521825551122558,-0.07501436138166659,1.1819512709112185,0.7429082873943329
2025-01-17 03:00:00,2025,1103,1,INSIDE,OB,0,0.8097144093466033,0.0,0.0,0.0113587191691804,0.0,-0.8097144093466033,0.4152105507220336,-0.49721354849856514,0.04543672863234999,1.3495032489543417,0.5603279871995058
2025-01-17 08:15:00,2025,1104,-1,REJECT,FVG,1,0.23764909781359786,0.23764909781359786,0.0187832620265067,0.818296893502531,0.5798311321225456,-0.21886583578709112,0.6186965678086368,-0.44863112718007964,-0.02403190742155234,0.8898813530449592,0.5505665388858221
2025-01-17 19:45:00,2025,1104,-1,INSIDE,FVG,0,0.8300411466378584,0.0278867578910074,0.0278867578910074,0.1066258389949605,0.0,-0.802154388746851,0.2654770061684327,-0.1761534127072268,0.09096810653067186,0.830364471352968,0.22044267388341926
2025-01-17 20:30:00,2025,1105,1,INSIDE,FVG,0,0.7352574081722487,-0.5416396240202321,-0.5416396240202321,0.0645392613840055,0.0,-1.2768970321924809,0.38683790175336474,-0.3260398541565082,0.08451015193933845,1.0132191870517189,0.39195158433533694
2025-01-20 05:15:00,2025,1106,-1,ACCEPT,FVG,0,0.936208771293947,-0.4110184849583146,-0.4110184849583146,0.0521928234867601,0.0,-1.3472272562522614,0.2908327227729523,-0.31608886261693775,0.04812026797549074,0.996633628424271,0.28985367176171756
2025-01-20 16:30:00,2025,1107,1,INSIDE,OB,1,0.19506400112448655,0.19506400112448655,3.471975986542298,4.347723573180732,4.155108074162427,3.276911985417812,0.5955447233516876,-0.30666502863295575,-0.007862952408549131,0.806051342582285,0.48003962382542326
2025-01-20 21:15:00,2025,1107,1,REJECT,FVG,1,0.2184198968572943,0.2184198968572943,3.545248325854952,4.426262909820282,4.203768014887314,3.3268284289976573,0.708969497014489,-0.5346670848144931,-0.0007513862104863434,1.0638185436990448,0.7542148978409979
2025-01-21 13:30:00,2025,1107,1,REJECT,FVG,1,1.07127744283926,1.07127744283926,2.693754976680682,3.5668297122056747,2.503742463883527,1.622477533841422,0.24023010911005174,-0.2870921473340873,0.03922912752503219,1.1145314657054874,0.26774401561301514
2025-01-21 23:30:00,2025,1107,1,REJECT,FVG,1,0.3073053120048122,0.3073053120048122,0.8483588134600529,1.723688571856691,1.420469766660468,0.5410535014552408,0.5193209729795445,-0.4970618795112267,-0.07933712698029377,1.3184388726115521,0.6846929581386849
2025-01-22 10:00:00,2025,1107,1,INSIDE,FVG,1,0.8151036887502568,0.8151036887502568,0.3187740869884483,1.209029179666019,0.39227381170856973,-0.49632960176180846,0.4992550363882023,-0.5864568778844892,0.11327929381101032,1.3320716810680384,0.6650434956033173
2025-01-22 14:15:00,2025,1107,1,INSIDE,FVG,0,0.781552640516998,-0.1074015256524562,-0.1074015256524562,0.6411044915868601,0.0,-0.8889541661694542,0.4363977082549449,-0.5576153414400098,0.026794496854427752,1.3486301253784647,0.588539095998741
2025-01-22 19:45:00,2025,1107,1,REJECT,FVG,0,0.3100150243687734,-0.438638279160114,-0.438638279160114,0.106361537615886,0.0,-0.7486533035288875,0.6342941065163042,-0.6878617563451903,-0.054914395308860664,1.2327537505052577,0.7819284387313555
2025-01-22 19:45:00,2025,1107,1,REJECT,FVG,0,0.1954084063175546,-0.438638279160114,-0.438638279160114,0.106361537615886,0.0,-0.6340466854776687,0.6431207329145775,-0.6422309958081088,-0.10352772959492365,1.0246986831418488,0.6590049681187882
2025-01-23 01:45:00,2025,1107,1,REJECT,OB,0,0.14414264289285247,-0.2357940343276056,-0.2357940343276056,0.0858190301616183,0.0,-0.3799366772204581,0.46159908418886025,-0.3742080478472912,-0.1349378437129778,0.7584186417717489,0.35008535047359857
2025-01-23 01:45:00,2025,1107,1,REJECT,OB,0,0.32244625895686885,-0.2357940343276056,-0.2357940343276056,0.0858190301616183,0.0,-0.5582402932844744,0.5212881631102262,-0.41825961180876714,-0.03213840903238818,0.692005755247419,0.36073440901463183
2025-01-23 13:15:00,2025,1108,-1,REJECT,OB,1,0.917663551401894,0.917663551401894,-0.4895327102803487,1.3491588785046682,0.4306542056074668,-1.4071962616822429,0.5669093034660533,-0.5210629711959089,0.29456447960814847,0.8068173071955805,0.4573922376466033
2025-01-23 18:30:00,2025,1108,-1,INSIDE,FVG,0,1.2621065797488173,-0.5666088557625669,-0.5666088557625669,0.0050216442165026,0.0,-1.8287154355113844,0.16512607462093626,-0.31466832498601793,-0.05430167440635386,1.2825295907329435,0.21177907690292685
2025-01-24 08:00:00,2025,1109,1,REJECT,FVG,1,0.17965072556611608,0.17965072556611608,-0.4570648692309663,0.8965824582903942,0.7211096565746679,-0.6367155947970823,0.8314362200204208,-0.9641304781625326,-0.013149357603978062,1.0737233204884384,0.8927324589346821
2025-01-24 11:45:00,2025,1109,1,ACCEPT,FVG,1,0.5573350416399799,0.5573350416399799,-0.1612678606244465,1.1948862212071554,0.6392223491073239,-0.7186029022644264,0.571001735298811,-0.464499904808585,0.11896962280251322,1.403068840914764,0.8011547429060217
2025-01-24 20:00:00,2025,1109,1,ACCEPT,FVG,0,1.0479403556999385,-0.3057186888250296,-0.3057186888250296,0.1582739805906192,0.0,-1.353659044524968,0.24654360941310027,-0.21012530267627444,0.10004274561846546,0.903574966939941,0.2227706337246958
2025-01-27 03:00:00,2025,1110,-1,REJECT,FVG,1,0.41958631148807213,0.41958631148807213,1.045595607543553,1.8771853453723488,1.4651819190316253,0.6260092960554811,0.6676849902324226,-0.5022013004694386,0.11326245221678008,1.1647739859150064,0.7777021074086409
2025-01-27 11:15:00,2025,1110,-1,ACCEPT,FVG,0,1.4568307393816666,0.6166434687249516,0.6166434687249516,1.0358935425365672,0.0,-0.840187270656715,0.2514851529534418,-0.47396729724208836,0.011599742320441808,1.3242035885285102,0.33301754200258893
2025-01-28 01:30:00,2025,1112,-1,ACCEPT,FVG,0,1.1162033746118627,-0.4410939429084328,-0.4410939429084328,0.7643383590856307,0.0,-1.5572973175202958,0.2535072465643746,-0.5586492709933033,-0.13406198840487932,1.3156172171861027,0.33351849826153374
2025-01-28 07:15:00,2025,1112,-1,INSIDE,FVG,1,0.48745748100113073,0.48745748100113073,-0.4444465267951667,0.7421497980640533,0.25384896501964965,-0.9319040077962973,0.363632887401146,-0.2577930584717462,0.013204547034037784,0.9083344043225386,0.33030026216960473
2025-01-28 15:15:00,2025,1112,-1,INSIDE,FVG,0,1.0260495952424966,-0.1741382008564607,-0.1741382008564607,0.1118240407460579,0.0,-1.2001877960989573,0.12117637355618488,-0.14054502520731404,0.0008186803089479111,0.7401569205907723,0.0896895314997029
2025-01-28 15:15:00,2025,1112,-1,INSIDE,FVG,0,0.5027813740414462,-0.1741382008564607,-0.1741382008564607,0.1118240407460579,0.0,-0.676919574897907,0.18581428959829824,-0.1298689648426422,-0.012313491558772677,0.7086587316564026,0.1316789187903655
2025-01-29 05:30:00,2025,1113,1,REJECT,OB,0,0.25187371810846126,-0.4071383388602251,-0.4071383388602251,0.2423853246180632,0.0,-0.6590120569686863,0.6597213771957943,-0.4957547687680435,-0.0025282737750679796,1.0766228707526198,0.7102711230134079
2025-01-29 09:00:00,2025,1113,1,INSIDE,FVG,1,0.4389525935047083,0.4389525935047083,-0.0476181314452587,0.5991226720024686,0.1619016469139507,-0.48657072494996706,0.22858647006023763,-0.20420561575349966,-0.057188351008902266,0.9102633778698607,0.2080738923723797
2025-01-29 12:45:00,2025,1113,1,INSIDE,FVG,0,0.6497100368169016,0.0008662800491081,0.0008662800491081,0.0978896455470499,0.0,-0.6488437567677935,0.4230641876168219,-0.33289656475773893,0.08280909888436261,1.3475988826218628,0.5701208265097554
2025-01-30 02:45:00,2025,1114,-1,ACCEPT,FVG,0,1.514662426544202,0.1784491305035126,0.1784491305035126,0.2784496094329968,0.0,-1.3362132960406892,0.04623657133986882,-0.052635122377532984,0.019831342553988343,1.0571859007470548,0.048880651319394675
2025-01-30 20:15:00,2025,1115,1,REJECT,FVG,1,0.4018373515481484,0.4018373515481484,0.8490848942094738,1.9954780208011,1.6039222219577998,0.4472475426613254,0.7993140416879635,-0.8953865154805274,0.1415027366482528,1.4073416798568996,1.1249079661623465
2025-01-31 20:30:00,2025,1115,1,INSIDE,FVG,0,1.4955617065953863,0.3358785911997582,0.3358785911997582,0.2894912665839362,0.0,-1.1596831153956282,0.23656688325146677,-0.48358759279149016,-0.015386411546212675,2.0150409251760153,0.476691951293042
2025-01-31 22:15:00,2025,1115,1,REJECT,OB,0,1.628710508733379,0.55063472368043,0.55063472368043,0.449269829149567,0.0,-1.078075785052949,0.1435536266335648,-0.2648412064937705,0.006985009445293955,1.478471588265573,0.21223995837020962
2025-02-03 08:30:00,2025,1116,-1,INSIDE,FVG,0,1.2710129031346937,-0.7770125547830156,-0.7770125547830156,0.2719967612708275,0.0,-2.048025457917709,0.2442537696700761,-0.433753414340181,-0.01735781489036914,1.2344691516409052,0.30152374382971187
2025-02-04 04:15:00,2025,1117,1,INSIDE,FVG,0,0.7798967656116907,-0.1162471263536592,-0.1162471263536592,0.2186139988143931,0.0,-0.8961438919653499,0.5431456559887475,-0.7952423755327289,0.06028760655770932,2.0104641825816603,1.0919748872901969
2025-02-04 05:45:00,2025,1117,1,ACCEPT,FVG,0,0.5482700287726233,0.1882509434235129,0.1882509434235129,0.3071006173821622,0.0,-0.36001908534911037,0.6265811826496501,-0.5300462643495827,0.1456064338653159,1.2292931255519266,0.770251940431411
2025-02-04 14:15:00,2025,1118,-1,REJECT,FVG,0,0.34327080252195574,-1.2968981085078564,-1.2968981085078564,0.0008756908227792,0.0,-1.640168911029812,0.6482244377616689,-0.3801990688198874,0.08877178176818584,0.7048800010743073,0.4569204423858374
2025-02-04 23:15:00,2025,1119,1,INSIDE,OB,1,0.21797024257513598,0.21797024257513598,1.464134776819323,3.457998031610038,3.2435014183986453,1.246164534244187,0.8474725432852659,-0.7453392907536944,0.07103908942743208,1.0700486139807788,0.9068368203291644
2025-02-05 15:45:00,2025,1119,1,ACCEPT,FVG,1,1.2901038766071962,1.2901038766071962,-0.2475604736191887,1.7599457613985838,0.46722680936585465,-1.537664350226385,0.40764021487462965,-0.6308460874132844,0.1522103686834364,1.5939065084583466,0.6497403915980311
2025-02-05 19:30:00,2025,1119,1,INSIDE,FVG,0,0.8336066997279116,-1.1635760183702286,-1.1635760183702286,0.103332497153778,0.0,-1.9971827180981403,0.344154842377467,-0.6901328271958653,-0.16573049048309674,1.4539160454885987,0.5003722474651988
2025-02-06 03:15:00,2025,1119,1,REJECT,FVG,1,0.46812030003299077,0.46812030003299077,-0.5171696697055396,0.6780860228418691,0.20910520755148515,-0.9852899697385304,0.4767165089802821,-0.4839499022663242,-0.030082319122043844,1.071265945708953,0.5106901618278326
2025-02-06 09:00:00,2025,1119,1,ACCEPT,OB,0,1.127636832493746,0.0155298110060596,0.0155298110060596,0.2234567250312876,0.0,-1.1121070214876865,0.13280455958004908,-0.12912038118204452,0.037782707079218464,1.3574763441599813,0.18027904802650144
2025-02-06 14:15:00,2025,1120,-1,INSIDE,FVG,1,1.026648608435231,1.026648608435231,0.1236098658985605,2.878221391373991,1.8489975773992282,-0.9030387425366705,0.2107092590511218,-0.21303456130891973,0.048178160846016366,1.316514733048549,0.2774018439305452
2025-02-07 03:45:00,2025,1120,-1,INSIDE,OB,0,1.5210433556573852,-0.0118434966513815,-0.0118434966513815,0.0583715192104381,0.0,-1.5328868523087669,0.031172530943535892,0.06293309796642543,0.10838608509338397,1.3365442193109645,0.04166346603387506
2025-02-07 07:15:00,2025,1121,1,REJECT,FVG,1,0.3291833720194209,0.3291833720194209,-0.7672504747836831,1.6948723359358446,1.3640008440599152,-1.096433846803104,0.7117387246304949,-0.5378835841690229,0.0792415453977853,0.8735566042194529,0.6217440633796995
2025-02-07 20:45:00,2025,1121,1,INSIDE,FVG,0,2.0686232613280566,-0.3424270412594151,-0.3424270412594151,0.163769454515379,0.0,-2.411050302587472,0.0411797501429554,-0.0032801803575532307,0.08204028569138955,1.0303575520269301,0.04242986655037615
2025-02-07 21:45:00,2025,1121,1,REJECT,FVG,0,0.3903999117740522,-0.2315931680015213,-0.2315931680015213,0.2795660385161209,0.0,-0.6219930797755735,0.37046117697913855,-0.17178350917702268,0.03648362262667104,1.2900114113785466,0.47789914577581605
2025-02-07 23:45:00,2025,1121,1,ACCEPT,FVG,0,0.22497622034434037,-0.2820473938875825,-0.2820473938875825,0.0545898181717804,0.0,-0.5070236142319229,0.4327977046563045,-0.0734403195697147,0.05571367393656482,1.356388411057756,0.5870417909282089
2025-02-10 03:15:00,2025,1122,-1,REJECT,FVG,0,1.4107738684216369,-0.0786984835584826,-0.0786984835584826,0.3976344432427607,0.0,-1.4894723519801196,0.04224097698032889,-0.11796548075504798,-0.05339003709755267,0.8425019530257841,0.035588105603644275
2025-02-10 04:45:00,2025,1123,1,REJECT,FVG,1,0.19330145297342158,0.19330145297342158,2.391485924606912,5.648698014667422,5.455396561694001,2.198184471633489,0.6494508336729157,-0.6619672000265877,-0.10651226032142003,1.2147276239105005,0.7889058680341945
2025-02-11 06:00:00,2025,1123,1,INSIDE,FVG,0,1.8606788963540792,-1.3375150392711044,-1.3375150392711044,0.7835291254917215,0.0,-3.1981939356251834,0.09298813388193329,-0.5560248954517311,-0.33130011970631656,1.5675080434820519,0.14575964780831635
2025-02-11 16:45:00,2025,1124,-1,REJECT,FVG,1,1.6721707823436174,1.6721707823436174,0.0047303275313779,3.0825967746174405,1.4135795439614094,-1.6674404548122395,0.4501707167141379,-1.0238377274735786,0.18982635565824335,1.307255832467155,0.5884882950304762
2025-02-11 19:30:00,2025,1124,-1,ACCEPT,FVG,1,1.1415857109069099,1.1415857109069099,0.1963085925523448,3.2765402034041147,2.135742880419083,-0.9452771183545651,0.3872371578142907,-0.598953730098916,0.07504781609985434,1.4385584166767587,0.5570632726237341
2025-02-12 19:00:00,2025,1124,-1,ACCEPT,FVG,0,3.014458394261636,-0.0288129580438606,-0.0288129580438606,0.0428300727678751,0.0,-3.0432713523054966,0.017904348959082432,-0.13260783384125255,-0.07626166189595512,1.8082970097217421,0.032376380683723345
2025-02-12 21:15:00,2025,1125,1,REJECT,FVG,1,0.8749930095199367,0.8749930095199367,1.7577293200091049,3.262252698325302,2.3864853587084287,0.8827363104891681,0.47555300255622,-0.6864350806847568,0.05610673588770959,1.1428367433339617,0.5434794447240376
2025-02-13 08:45:00,2025,1125,1,INSIDE,FVG,1,0.6634465792642871,0.6634465792642871,0.4944991364051196,1.99188263681444,1.3292075070609068,-0.16894744285916746,0.6565057538082876,-0.5866892143026954,0.2340321272157182,1.3897641287403075,0.9123881469543736
2025-02-13 14:30:00,2025,1125,1,INSIDE,OB,1,0.1933338488902636,0.1933338488902636,0.2041605444281085,1.709844559585501,1.512644033717418,0.010826695537844913,0.7101334561903291,-0.5499088331054034,-0.0221073385516507,1.6824565059178358,1.1947686534373376
2025-02-14 05:45:00,2025,1125,1,REJECT,FVG,1,0.7431256377058959,0.7431256377058959,-0.2824340429910114,1.223109175248001,0.4730384381243169,-1.0255596806969074,0.359801600018937,-0.3608189342351827,0.036382089081437946,0.7761247106818497,0.27925091271756414
2025-02-17 01:15:00,2025,1126,-1,INSIDE,OB,0,1.232793522267189,-0.2383603238866643,-0.2383603238866643,1.143977732793534,0.0,-1.4711538461538534,0.30446087618340706,-0.40252595074686703,0.09536484884678004,1.4699011392064691,0.4475273887457898
2025-02-17 07:30:00,2025,1126,-1,INSIDE,FVG,0,1.8975379885593244,0.5201219665851611,0.5201219665851611,0.5291938613512079,0.0,-1.3774160219741634,0.032636707982637174,-0.10328746309981268,-0.03798710710978529,1.5474411192972757,0.0505033839308304
2025-02-17 17:15:00,2025,1127,1,REJECT,FVG,0,0.4585900068446072,-0.1490607650771948,-0.1490607650771948,0.1079930032702161,0.0,-0.6076507719218021,0.6428387141422539,-0.5143951788638417,0.11107736679643976,1.1572342109090399,0.743914952102193
2025-02-18 05:15:00,2025,1128,-1,INSIDE,FVG,0,1.2782727749651381,-0.1543140106714481,-0.1543140106714481,0.1911651176974713,0.0,-1.4325867856365861,0.013722375603960946,-0.007617110619628331,0.0100283533757002,0.7104790135116937,0.009749459882139105
2025-02-18 10:00:00,2025,1129,1,REJECT,OB,1,0.31781063782828256,0.31781063782828256,0.9427363631733632,2.7128499397314374,2.394275334023743,0.6249257253450805,0.7463084668917905,-0.6162922465260483,0.08083664501563187,1.0411858134002754,0.7770457881482414
2025-02-18 14:15:00,2025,1129,1,REJECT,OB,1,0.1827100719883029,0.1827100719883029,0.8263999490348772,2.59998725871187,2.4142192775689546,0.6436898770465744,0.7578357266009352,-0.6974079647986728,-0.03042307289562643,1.139910398468469,0.8638648250833139
2025-02-19 01:15:00,2025,1129,1,INSIDE,FVG,1,0.17279999999999987,0.17279999999999987,-0.8386559999999701,0.9400320000000176,0.7672320000000178,-1.01145599999997,0.8394717426001107,-0.641797165792527,0.04203413649243683,0.9946664230616322,0.8349943554733673
2025-02-19 03:00:00,2025,1129,1,ACCEPT,FVG,1,0.5544959999999842,0.5544959999999842,-0.4154879999999885,1.3923840000000074,0.8087040000000147,-0.9699839999999728,0.35905597647897447,-0.31365752428292654,-0.001941812887862937,1.1239823454172413,0.40357257857891554
2025-02-19 08:45:00,2025,1129,1,REJECT,FVG,1,0.5070293670392856,0.5070293670392856,-0.6961170106869833,1.0720049474544706,0.5626882298872078,-1.2031463777262688,0.4804155048556329,-0.5079854277417231,-0.020356582671068157,1.1158438550494296,0.5360686889636274
2025-02-19 14:00:00,2025,1129,1,ACCEPT,FVG,0,0.8982081392994475,-0.8602449888641366,-0.8602449888641366,0.492002429641629,0.0,-1.7584531281635842,0.3627321381130093,-0.3588755511116871,0.097109103698136,1.2879239838509853,0.46717142038929277
2025-02-19 18:15:00,2025,1129,1,REJECT,FVG,0,1.044208538158654,-0.308861101039633,-0.308861101039633,0.144185771984121,0.0,-1.353069639198287,0.15680158342571618,-0.411262963946869,-0.18304272778571742,1.0088547846912894,0.15819002768620416
2025-02-19 22:00:00,2025,1130,-1,INSIDE,FVG,0,0.9993250084373827,-0.4039824502193844,-0.4039824502193844,0.027337158285531,0.0,-1.403307458656767,0.390261054299869,-0.35979573201461507,0.17061616107500022,1.0798805140500716,0.42143530793106543
2025-02-20 03:15:00,2025,1130,-1,REJECT,FVG,0,0.6414506900033848,0.2877818916189971,0.2877818916189971,0.4536351396836259,0.0,-0.3536687983843877,0.18152699085014296,-0.13801696324626475,0.003477454313166789,0.9404304365223212,0.17071350724578335
2025-02-20 14:30:00,2025,1131,1,REJECT,OB,0,0.9997949009874033,-0.0851370186975038,-0.0851370186975038,0.4497946917026832,0.0,-1.0849319196849072,0.2349931136833043,-0.38696901887614826,-0.06108904740374799,1.165953537649325,0.27399105222227865
2025-02-20 17:15:00,2025,1131,1,INSIDE,FVG,0,0.9953550099535496,0.4597413328992916,0.4597413328992916,0.9502823302575464,0.0,-0.5356136770542579,0.09904081905819456,0.041820144531954706,0.1362590186038548,0.6715189276961898,0.06650778461211117
2025-02-20 23:45:00,2025,1132,-1,REJECT,FVG,1,0.47506629315288706,0.47506629315288706,0.0112220384209072,1.7386678193501364,1.260608982618302,-0.46384425473197977,0.5520033550379377,-0.4187130268550509,0.07465615645285745,1.1596261730723956,0.6401175381257667
2025-02-21 05:45:00,2025,1132,-1,REJECT,FVG,1,0.45616189420506076,0.45616189420506076,-0.5659374394771729,1.1444842321274653,0.6875806112651778,-1.0220993336822335,0.507561173920229,-0.53100504820927,-0.02995743606220916,0.9863165501550989,0.5006159860536724
2025-02-21 11:45:00,2025,1132,-1,REJECT,OB,0,0.7493232712656941,-0.9523418915593532,-0.9523418915593532,0.3957017471905596,0.0,-1.7016651628250474,0.587823696448148,-0.6029952060397213,0.1919296400650789,1.2135713472941256,0.7133659952699921
2025-02-24 03:15:00,2025,1133,1,INSIDE,OB,0,1.1973785785851745,0.2756927221063363,0.2756927221063363,0.5277335216727068,0.0,-0.9216858564788383,0.025820504805301514,-0.054296130184076585,-0.021977257351625763,1.0708101085669526,0.027648857553818434
2025-02-24 04:45:00,2025,1134,-1,INSIDE,OB,0,1.17262402281332,0.0538374551354553,0.0538374551354553,0.1061999115000777,0.0,-1.1187865676778646,0.32131447832839927,-0.43663935061955583,0.08044027070802867,0.9655289154355317,0.310238419774153
2025-02-24 12:30:00,2025,1135,1,INSIDE,OB,1,0.49361418184630973,0.49361418184630973,-0.31052286810507,1.0275084527156315,0.5419502886739442,-0.8041370499513798,0.5655712887294442,-0.4797575266381274,0.07075356494219656,1.20745150688171,0.6828999048253981
2025-02-24 18:45:00,2025,1135,1,REJECT,FVG,0,0.9835104433858266,-0.3635031146940295,-0.3635031146940295,0.7951630633931771,0.0,-1.3470135580798561,0.3927628888030824,-0.3316030524065189,0.1849247233048031,1.3684033532504893,0.5374580540704871
2025-02-25 03:45:00,2025,1135,1,REJECT,FVG,0,0.45994233510431093,-0.6917357781521154,-0.6917357781521154,0.3593527277439298,0.0,-1.1516781132564262,0.4432417944695254,-0.47255842817785765,-0.05923511651646715,0.942334748605184,0.4176821449627508
2025-02-25 16:15:00,2025,1136,-1,INSIDE,OB,1,1.1360077923436878,1.1360077923436878,1.706909667577647,3.734770516283031,2.5965892396427526,0.570901875233959,0.36040094310905746,-0.4115671536108579,0.14618031644310897,1.036183806530441,0.3734416211079041
2025-02-25 19:45:00,2025,1136,-1,INSIDE,OB,0,1.1149974441434891,-0.9106899202653044,-0.9106899202653044,0.9048939621411402,0.0,-2.025687364408794,0.45364167127805166,-1.0487681591886613,-0.06719391463910285,1.0916359007598488,0.4952115344478192
2025-02-26 11:00:00,2025,1136,-1,ACCEPT,FVG,1,0.8648486593741126,0.8648486593741126,0.1256799775937753,1.924962820659492,1.0608242176559493,-0.7391686817803372,0.3268476206671051,-0.2210307755373255,0.13388633409481865,1.1469183076283465,0.37486751994786793
2025-02-26 14:45:00,2025,1136,-1,REJECT,OB,1,0.24034977154560289,0.24034977154560289,-0.2290058295257613,1.5690089806207723,1.3279502126989133,-0.4693556010713642,0.5465867575497225,-0.4912135298822166,-0.09135071701241446,1.0982954501200524,0.6003137489127325
2025-02-26 22:30:00,2025,1136,-1,ACCEPT,FVG,0,1.7635199660453307,-0.0297103243377124,-0.0297103243377124,0.0650797580730783,0.0,-1.7932302903830433,0.0833626167832708,-0.26714970589693754,-0.097867768221404,1.0945930284300065,0.09124813916265047
2025-02-27 07:00:00,2025,1137,1,INSIDE,FVG,0,1.6486055338577434,-0.458299607867792,-0.458299607867792,0.0813340353469137,0.0,-2.1069051417255356,0.007666594998418074,0.17834619951289687,0.18961808237196257,0.9540053321973705,0.007313972508288533
2025-02-27 09:30:00,2025,1138,-1,REJECT,FVG,1,0.25105776198604784,0.25105776198604784,1.492320998620832,4.168400383365672,3.916641342714875,1.2412632366347842,0.8365535539155504,-0.9410399078687186,0.05621363446273278,1.3333689432490035,1.1154345281555758
2025-02-27 14:30:00,2025,1138,-1,REJECT,FVG,1,0.5683134900576166,0.5683134900576166,1.0113460506567202,3.680039816161311,3.113126113025017,0.44303256059910345,0.7593642762008994,-0.7080615558918919,0.2611720570364463,1.4138802923612035,1.0736501848435813
2025-02-27 20:15:00,2025,1138,-1,INSIDE,OB,1,1.2745424808737222,1.2745424808737222,1.05967708179923,3.729449426793066,2.4465355667346307,-0.21486539907449237,0.07724099416063449,-0.21787168277935545,-0.10259612907937989,1.3385077512308974,0.10338766939678974
2025-02-28 03:15:00,2025,1138,-1,REJECT,FVG,1,0.5186196441209442,0.5186196441209442,0.5478572616418623,3.2008229847894776,2.6849878756705223,0.02923761752091807,0.4979411660637837,-0.4902291051520786,0.012118217442920076,1.0407851273345428,0.5182497599268058
2025-02-28 03:15:00,2025,1138,-1,REJECT,FVG,1,0.2923761752091174,0.2923761752091174,0.5478572616418623,3.2008229847894776,2.9112313445823497,0.2554810864327449,0.6414857028201499,-0.5010088621187936,0.007936296158492284,0.9269266551265339,0.5946101968265753
2025-02-28 08:00:00,2025,1138,-1,REJECT,FVG,1,0.5022703109347219,0.5022703109347219,-0.4559813001608152,2.1755835063733904,1.6774584799855812,-0.958251611095537,0.6951227453973525,-0.7869970849969101,0.10920200681438136,1.2192595011340361,0.8475350117800976
2025-02-28 15:15:00,2025,1138,-1,INSIDE,FVG,1,0.6937186815207523,0.6937186815207523,-0.6668250149409306,1.9618584979389364,1.2702085600012303,-1.3605436964616828,0.6336985749340589,-0.6672717705592099,0.19518593942272272,1.5340953169012925,0.9721540161333626
2025-02-28 21:00:00,2025,1138,-1,REJECT,FVG,0,0.8690350532906088,-1.7476727038551385,-1.7476727038551385,0.0768207781914271,0.0,-2.6167077571457473,0.5315897814799807,-0.8655616972237958,0.05653221033804112,1.4382806617012078,0.7645753026606271
2025-02-28 23:30:00,2025,1138,-1,INSIDE,OB,0,1.2949788323699052,-0.9582020279770768,-0.9582020279770768,0.1358081614455731,0.0,-2.253180860346982,0.14576586065739353,-0.26876086709635605,-0.040821003959522595,1.4913287760214855,0.2173848225599091
2025-03-03 05:30:00,2025,1139,1,REJECT,OB,1,0.6852817837782672,0.6852817837782672,3.0888820701646837,4.493539258804682,3.8089393474480997,2.4036002863864163,0.4587615966197536,-0.4696367642934588,0.06019551278569385,1.118718846473097,0.513225244176607
2025-03-04 02:30:00,2025,1139,1,REJECT,FVG,1,0.30474345691248805,0.30474345691248805,1.1196450290553732,2.5122753277174827,2.2075318708049942,0.8149015721428851,0.7695015097147231,-0.7082598884434492,0.07124771515400954,1.0032954756380572,0.7720373831934362
2025-03-04 04:15:00,2025,1139,1,REJECT,FVG,1,0.4419793938482496,0.4419793938482496,1.3543656463864169,2.753403023238342,2.3073625629841397,0.912386252538167,0.5447294361759437,-0.4928232032085287,0.016391288422018035,1.0809486195587041,0.5888245320673776
2025-03-05 03:15:00,2025,1139,1,ACCEPT,FVG,0,0.8048617305976933,-0.0876449598572665,-0.0876449598572665,0.2007136485280997,0.0,-0.8925066904549599,0.274963553817816,-0.31143385551342856,-0.0044932540451726455,1.3390322638737666,0.36818506995144645
2025-03-05 13:00:00,2025,1141,1,REJECT,OB,0,0.62394691329618,-0.8851495290336463,-0.8851495290336463,0.395478129198434,0.0,-1.5090964423298263,0.4337561978174378,-0.32625849016195285,0.08589899278763133,0.7733675978793823,0.33545298877136603
2025-03-05 20:15:00,2025,1142,-1,REJECT,FVG,0,1.4845836768342788,-0.1450948062654754,-0.1450948062654754,0.2262159934047706,0.0,-1.6296784830997544,0.06701762845044895,-0.1759278348974052,-0.06464429136647791,0.8323026925811035,0.055778952609708624
2025-03-05 22:30:00,2025,1142,-1,INSIDE,FVG,0,0.7004122011541556,0.2011541632316389,0.2011541632316389,0.2796372629843218,0.0,-0.49925803792251666,0.2945685871902752,-0.18235334137919101,0.07768165730511367,0.8077462153655941,0.2379366614685348
2025-03-06 05:45:00,2025,1143,1,INSIDE,FVG,0,0.3816481888315499,-1.7446774346585268,-1.7446774346585268,0.1458277072643969,0.0,-2.1263256234900765,0.681745143323399,-0.4926390229626769,0.10340203754779309,1.1255288055706323,0.7673237968683647
2025-03-06 15:30:00,2025,1144,-1,REJECT,FVG,0,0.8413497194415647,-0.7475769952932758,-0.7475769952932758,0.2240126187986851,0.0,-1.5889267147348405,0.4831036168801548,-0.5567508374456245,0.11867659834873523,0.9082412300173207,0.43877462322104827
2025-03-06 16:30:00,2025,1144,-1,REJECT,FVG,0,0.6182388047817569,-0.4436466027991175,-0.4436466027991175,0.012377805364443,0.0,-1.0618854075808744,0.3659196930861114,-0.4172319440533369,-0.03833280543995349,1.2440284590581439,0.4552145119289441
2025-03-07 02:15:00,2025,1145,1,ACCEPT,FVG,0,1.4197080555575416,0.4699857711392489,0.4699857711392489,0.6838520487392639,0.0,-0.9497222844182927,0.1482659223599847,-0.23462278668759295,0.010658101526452274,1.137510560570256,0.16865405245717224
2025-03-07 05:45:00,2025,1146,-1,REJECT,FVG,0,0.23852563502407959,-1.074013525094895,-1.074013525094895,0.0628722461884021,0.0,-1.3125391601189746,0.7328759783378483,-0.5496985040027298,0.027972033036051308,1.0775022218084447,0.7896754949690692
2025-03-07 07:30:00,2025,1146,-1,INSIDE,FVG,0,0.4783476050211445,-0.6591863337486453,-0.6591863337486453,0.2281549552404329,0.0,-1.1375339387697898,0.4261852221302834,-0.2825983773180517,0.04170555519432534,0.9786763699312647,0.4170974061128155
2025-03-07 23:30:00,2025,1148,-1,INSIDE,FVG,0,0.59596462153562,-0.0528314583415465,-0.0528314583415465,0.1159714939204274,0.0,-0.6487960798771667,0.5050044657622919,-0.40762213331502034,0.09919365966443947,0.6530455719632662,0.3297909301877396
2025-03-07 23:30:00,2025,1148,-1,INSIDE,FVG,0,0.43231595789232774,-0.0528314583415465,-0.0528314583415465,0.1159714939204274,0.0,-0.48514741623387436,0.5186671141870869,-0.2907639555437224,0.08427381648480231,0.7148358444165417,0.3707618445410171
2025-03-10 13:00:00,2025,1150,-1,REJECT,FVG,1,0.4054517891364487,0.4054517891364487,0.4582248791510469,1.494379451388677,1.0857097909098639,0.052773090014598206,0.47625031652889893,-0.45910273267514645,-0.04735836800588339,0.7868115353914092,0.37471924277874763
2025-03-10 16:00:00,2025,1150,-1,INSIDE,FVG,1,0.521391666756159,0.521391666756159,0.504634950642873,1.5383954370172972,1.0176482593424037,-0.016756716113285938,0.6749537319143623,-0.5663242407862706,0.16783367027210966,0.8806495134772846,0.5943976756300607
2025-03-10 17:15:00,2025,1150,-1,REJECT,FVG,1,0.35511348378571345,0.35511348378571345,0.4711215184162718,1.5061709829532564,1.1504130100862477,0.1160080346305583,0.7313007421719461,-0.6216401895131989,0.09266049668947024,0.8945607325489833,0.6541929276309513
2025-03-11 22:00:00,2025,1151,1,INSIDE,OB,1,0.2500195383270836,0.2500195383270836,-0.1771238161549981,0.44824474774242,0.1988646455747546,-0.42714335448208185,0.7015811697980153,-0.5888453742258823,-0.00031354757446266923,1.4994035776580592,1.0519533160126704
2025-03-12 04:00:00,2025,1151,1,REJECT,FVG,1,0.3184846625984557,0.3184846625984557,0.0536126486137748,0.6720728451225447,0.3599706406924177,-0.26487201398468085,0.3770722536673295,-0.28512358775890223,-0.05751966446445965,0.749439820969211,0.28259296228090036
2025-03-12 04:00:00,2025,1151,1,REJECT,FVG,1,0.4218804849249965,0.4218804849249965,0.0536126486137748,0.6720728451225447,0.2565748183658768,-0.3682678363112217,0.35971395420831337,-0.26066442922028565,-0.01514349922831243,0.9218930394062332,0.33161779056193663
2025-03-12 14:15:00,2025,1151,1,REJECT,OB,0,0.7377361957120793,0.1151122857102442,0.1151122857102442,0.602908546150912,0.0,-0.622623910001835,0.352043194039987,-0.3254978997826245,0.048806427207547576,0.6990618738049637,0.24609997488587773
2025-03-12 18:15:00,2025,1152,-1,REJECT,FVG,0,1.7592987627506371,-0.1497815685458787,-0.1497815685458787,0.0812374609062187,0.0,-1.9090803312965157,7.946476945055378e-07,0.3386821226478295,0.3386832515375673,1.0868970659136805,8.637002475931398e-07
2025-03-12 21:30:00,2025,1153,1,REJECT,FVG,1,0.3828120613173367,0.3828120613173367,3.293068111628959,4.4459262170812295,4.068167780335762,2.910256050311621,0.7296964796489831,-0.6774732676002119,0.09621320433438749,0.9892763897697839,0.7218714990148666
2025-03-13 07:30:00,2025,1153,1,ACCEPT,FVG,1,0.4144127044383113,0.4144127044383113,2.913542754104567,4.075796399987351,3.6588529309417566,2.499130049666256,0.6098010338820646,-0.3761505166689174,0.10593575291140594,1.378051859294385,0.8403374485408174
2025-03-14 09:15:00,2025,1153,1,ACCEPT,FVG,1,0.6406406406406271,0.6406406406406271,0.1845595595595482,1.3338338338338158,0.6906906906906887,-0.4560810810810789,0.4052925245912138,-0.399497280696253,0.022062843365428464,0.9576121184388638,0.3881130330612276
2025-03-14 13:45:00,2025,1153,1,REJECT,FVG,0,0.5288083450834763,-0.6142408253622856,-0.6142408253622856,0.2007975083925335,0.0,-1.143049170445762,0.5845003473307513,-0.7119540487575651,0.013272001397458044,0.9555309428915083,0.5585081680053668
2025-03-14 18:45:00,2025,1153,1,REJECT,FVG,0,0.7459604188503424,-0.0660031756244842,-0.0660031756244842,0.1631399246567739,0.0,-0.8119635944748266,0.24785995241730943,-0.22558550816783274,0.015221819074122928,0.954348795385205,0.2365448470136935
2025-03-17 02:45:00,2025,1154,-1,REJECT,FVG,0,0.4993221008977396,-0.0823881466481372,-0.0823881466481372,0.0599186521077026,0.0,-0.5817102475458769,0.3765712842378051,-0.2455666430827948,0.034937067852240655,1.1117694519383745,0.4186604502927944
2025-03-17 09:30:00,2025,1155,1,INSIDE,FVG,1,0.3202668192411225,0.3202668192411225,2.84535089800304,3.5976639361420046,3.27865306521163,2.525084078761917,0.4986357902723394,-0.3455653189585122,-0.013557584538615858,1.1934611755068698,0.5951024564082231
2025-03-17 17:15:00,2025,1155,1,INSIDE,FVG,1,0.3386511305856174,0.3386511305856174,2.365522209555245,3.123395743430848,2.7822267605732205,2.0268710789696276,0.6739603868084468,-0.5568412064462014,0.04668515540376322,0.9014160668299017,0.6075187210760293
2025-03-17 20:00:00,2025,1155,1,REJECT,FVG,1,0.1685003260618091,0.1685003260618091,2.237204703704472,2.9957717146643548,2.826009213875492,2.0687043776426624,0.6330038272475353,-0.5029298114780226,-0.0779119646859701,0.9199532164048888,0.5823339068729747
2025-03-18 12:45:00,2025,1155,1,INSIDE,FVG,1,0.32213125971569073,0.32213125971569073,0.6284717714061022,1.3870593065405308,1.064296416903815,0.3063405116904115,0.7360964532174346,-0.717857316654757,0.047674585798178626,0.9449135429183118,0.6955475075392894
2025-03-18 18:00:00,2025,1155,1,REJECT,FVG,1,0.4139007650765055,0.4139007650765055,0.1031587533753444,0.8588124437443851,0.44870893339334855,-0.310742011701161,0.5931221193327998,-0.6497513733619056,-0.018875762778450655,1.2674387415743285,0.7517459525270624
2025-03-18 22:45:00,2025,1155,1,REJECT,FVG,1,0.2731670903725997,0.2731670903725997,-0.0215491440201217,0.7377412835120802,0.4658417898465449,-0.29471623439272143,0.6645797202246942,-0.616219470842549,-0.025151198818582604,1.1419426931647871,0.7589119555360881
2025-03-19 03:00:00,2025,1155,1,ACCEPT,FVG,1,0.2312126522941844,0.2312126522941844,0.1203572710572494,0.878608078717872,0.6492958043877618,-0.11085538123693496,0.4600536476394359,-0.3323308859222937,-0.0730706255621691,1.2575549015659897,0.5785427195722853
2025-03-19 04:45:00,2025,1155,1,REJECT,FVG,1,0.08619900420432228,0.08619900420432228,0.0437333183095452,0.8049465833785111,0.718113762966819,-0.04246568589477705,0.5638538392251919,-0.4460693295082946,-0.14594778604643993,0.557606825499678,0.3144087493361651
2025-03-19 10:15:00,2025,1155,1,REJECT,OB,0,0.8100598987953177,0.0494402755133141,0.0494402755133141,0.5381383834720038,0.0,-0.7606196232820036,0.23855878454690474,-0.4103768525630801,-0.11923094454264774,1.1968889177778654,0.2855283654627478
2025-03-19 18:30:00,2025,1156,-1,INSIDE,FVG,0,0.6617390722553467,-0.682656111895597,-0.682656111895597,0.4513009764806485,0.0,-1.3443951841509438,0.4915076173406191,-0.39408239437868886,0.12486189902368389,1.0433984039577713,0.5128382634662889
2025-03-20 05:00:00,2025,1157,1,INSIDE,OB,1,0.6666478904973799,0.6666478904973799,-0.2731228524756346,0.7477609418126634,0.07984565988848334,-0.9397707429730146,0.38562309567789366,-0.3880894437677879,0.01864163219859541,0.9478881518971263,0.3655275634909673
2025-03-20 08:45:00,2025,1157,1,REJECT,FVG,0,0.46137456005569194,-0.5569404840178591,-0.5569404840178591,0.0132906251867918,0.0,-1.0183150440735511,0.6241534031869493,-0.43110986674886026,0.1259373255325548,1.106882815092095,0.6908646759688819
2025-03-20 14:45:00,2025,1158,-1,REJECT,FVG,0,0.9500088198976918,-0.2267066502028392,-0.2267066502028392,0.6750396895396085,0.0,-1.1767154701005311,0.4195567848174153,-0.4506680637660961,0.13699542611195964,0.9531159169290285,0.39988624966504593
2025-03-20 20:15:00,2025,1158,-1,INSIDE,OB,0,0.9601156048891202,0.053552264814542,0.053552264814542,0.2696739049588695,0.0,-0.9065633400745781,0.14866123443851553,-0.18824537987328066,-0.01752861829747282,1.061973138395762,0.1578742376944585
2025-03-20 20:15:00,2025,1158,-1,INSIDE,OB,0,0.7102050357546293,0.053552264814542,0.053552264814542,0.2696739049588695,0.0,-0.6566527709400872,0.26352885761223865,-0.19856483947563267,0.04092224757621496,0.8250088549665794,0.21741364106932376
2025-03-21 03:45:00,2025,1159,1,INSIDE,OB,0,0.5646473346731689,-0.178007464829168,-0.178007464829168,0.0197786072032376,0.0,-0.7426547995023368,0.2700443885978837,-0.1916165394722252,0.012608276040034588,0.816555359066026,0.2205061926953104
2025-03-21 12:15:00,2025,1160,-1,ACCEPT,FVG,1,0.714834824196265,0.714834824196265,0.7103710920202142,2.1330263041360267,1.4175538039146238,-0.004463732176050878,0.4991859133909952,-0.4797177543207211,0.11658606567984914,0.864210930350256,0.43140192262937427
2025-03-21 12:15:00,2025,1160,-1,ACCEPT,FVG,1,0.36730139048801325,0.36730139048801325,0.7103710920202142,2.1330263041360267,1.7650872376228752,0.3430697015322008,0.5813663042817635,-0.40502891643508787,0.04397789978559552,0.9774268758506743,0.5682430505189766
2025-03-24 03:00:00,2025,1161,1,ACCEPT,OB,1,0.5027541878504667,0.5027541878504667,-0.7223113964686944,0.9386866165562404,0.4429328034732908,-1.2250655843191611,0.14414872975052673,-0.16739395386070258,-0.07079295048836155,0.9729669285349798,0.14025194683758885
2025-03-24 14:45:00,2025,1161,1,REJECT,FVG,0,0.446405028470409,-1.234669080180444,-1.234669080180444,0.1199392820746647,0.0,-1.6810741086508532,0.6056390090948779,-0.49843740802916414,0.07379602896322746,0.8941373350944816,0.5415244496213566
2025-03-24 22:30:00,2025,1162,-1,REJECT,FVG,0,0.5770092859430177,-0.4361191162343867,-0.4361191162343867,0.2510406660262325,0.0,-1.0131284021774045,0.5212047426655637,-0.47033995832621944,0.07554343501410093,0.992168490927482,0.5171229229947389
2025-03-25 02:15:00,2025,1162,-1,ACCEPT,FVG,1,0.1528067857295005,0.1528067857295005,-0.4488299731469237,0.2340053706150541,0.0850347385021905,-0.6016367588764242,0.6183230701809154,-0.32304849559912546,-0.028816197086206252,1.1140833949655884,0.6888634652126999
2025-03-25 07:15:00,2025,1162,-1,INSIDE,FVG,0,0.7116943209858837,0.0193395195920195,0.0193395195920195,0.117326418858191,0.0,-0.6923548013938642,0.22295545541377199,-0.11801568641524288,0.06697268614623943,1.1254286791710606,0.2509204637003037
2025-03-25 09:30:00,2025,1163,1,REJECT,FVG,1,0.4050963973369279,0.4050963973369279,0.2880540995509957,1.3882516987389004,0.977303186512695,-0.1170422977859322,0.6388769521882925,-0.4493788736819109,0.0965256831868701,0.6207671089556598,0.39659379858832966
2025-03-26 11:45:00,2025,1165,1,REJECT,FVG,0,0.8387950015203403,-0.1813432589764915,-0.1813432589764915,0.7280107560365308,0.0,-1.0201382604968319,0.53105803486712,-0.4203170936309147,0.248344501297533,0.7334941243590843,0.3895279482687143
2025-03-27 03:00:00,2025,1166,-1,INSIDE,OB,0,0.869397733165418,0.1153418771760884,0.1153418771760884,0.1580117045707018,0.0,-0.7540558559893296,0.247691161385864,-0.1839214400561396,0.07697640926910607,0.9430577874943464,0.233587078638458
2025-03-27 03:00:00,2025,1166,-1,INSIDE,OB,0,0.6453811393436751,0.1153418771760884,0.1153418771760884,0.1580117045707018,0.0,-0.5300392621675867,0.18881557098663573,-0.10511026770580018,0.03659419583681017,0.9367579731244813,0.1768744915717825
2025-03-27 03:00:00,2025,1166,-1,INSIDE,OB,0,0.5167049411067491,0.1153418771760884,0.1153418771760884,0.1580117045707018,0.0,-0.4013630639306607,0.23417575403832994,-0.13860778383103772,0.014850567662181222,0.8190060003569926,0.19179134769551545
2025-03-27 18:45:00,2025,1167,1,REJECT,FVG,1,0.5598146494794293,0.5598146494794293,5.444081253182031,6.480037188161772,5.9235429102687975,4.884266603702601,0.6961419191946999,-0.7132894930861718,0.17297166805416858,1.284536896598549,0.8942199804745178
2025-03-28 18:15:00,2025,1167,1,REJECT,FVG,1,0.1993684465325064,0.1993684465325064,3.267794073959976,4.294343525476678,4.101576683133983,3.0684256274274695,0.4784361680579409,-0.5131226864666081,-0.17224115901925097,1.4293484337569926,0.6838519874663151
2025-03-28 19:45:00,2025,1167,1,INSIDE,FVG,1,0.5433120248220334,0.5433120248220334,3.615038454344424,4.642908226699088,4.104877485228904,3.0717264295223896,0.5657501761815548,-0.5947187614953362,0.04912235636374901,1.2031558140864858,0.6806856137932913
2025-03-31 03:15:00,2025,1167,1,REJECT,FVG,1,0.6875309673650454,0.6875309673650454,3.06427161059882,4.106549921241201,3.418353386627996,2.376740643233774,0.49017126948084255,-0.6077577915833536,0.02715554373464818,1.1085206066217481,0.543364952993456
2025-03-31 10:45:00,2025,1167,1,ACCEPT,FVG,1,0.5748148148148166,0.5748148148148166,0.935637860082308,1.964773662551422,1.3912757201645873,0.36082304526749126,0.4537417658707121,-0.8483105460991406,-0.20257913178264714,1.6061444761692547,0.7287748308605274
2025-03-31 14:15:00,2025,1167,1,REJECT,FVG,1,0.6131959953652204,0.6131959953652204,1.0165105287974954,2.0468377055591707,1.432983774576621,0.40331453343227486,0.46533190700816357,-0.8775595110259131,-0.18386340835400633,1.3240077498087328,0.6161030511120852
2025-03-31 20:15:00,2025,1167,1,REJECT,FVG,1,0.51547548794218,0.51547548794218,0.9110426449344904,1.9328701608552803,1.4154396457780347,0.3955671569923104,0.4204937571311141,-0.5467028640342213,-0.10006349806832943,0.9287616162299849,0.39053846148771226
2025-04-01 16:45:00,2025,1168,-1,INSIDE,OB,1,0.28058026815314363,0.28058026815314363,1.023406830613876,2.0545716409922887,1.739726962212166,0.7428265624607324,0.6202700917641747,-0.3284097895595888,0.049328529421357764,0.8452575921815908,0.5242880042668406
2025-04-01 21:15:00,2025,1168,-1,INSIDE,FVG,0,1.029458956421281,0.0397920544252837,0.0397920544252837,0.5994480456966919,0.0,-0.9896669019959972,0.459960440726109,-0.695387212205661,0.09797379170072773,1.256562724693168,0.5779691446498699
2025-04-02 03:00:00,2025,1168,-1,INSIDE,FVG,0,0.49499631794459664,-0.0646761036382825,-0.0646761036382825,0.1427997139736684,0.0,-0.5596724215828792,0.6271746328209825,-0.5175872941330026,0.11747946097230991,1.0530207183563165,0.6604278823880101
2025-04-02 13:45:00,2025,1169,1,REJECT,OB,1,1.0500784907154688,1.0500784907154688,0.7522380460761826,3.218331471241299,2.1676165693193505,-0.2978404446392862,0.27777432094926274,-0.3848759077855376,0.01371757585123723,1.225664111803894,0.3404580163682079
2025-04-02 23:00:00,2025,1169,1,ACCEPT,FVG,1,0.6481677610675597,0.6481677610675597,0.3202711289980917,2.7610675704300145,2.133869942808754,-0.32789663206946795,0.3076683758435737,-0.29946105442531745,-0.007905635860054383,0.7845960900663534,0.24139540472393323
2025-04-04 13:30:00,2025,1172,-1,ACCEPT,FVG,1,1.6877994912346312,1.6877994912346312,4.47417720021296,8.087002819901013,6.397428565794407,2.7863777089783275,0.154225527122257,-0.4485722918178623,-0.11908922744747541,1.4445670534507093,0.22278911528188128
2025-04-07 04:45:00,2025,1172,-1,ACCEPT,FVG,0,4.580138424449795,1.162392098919034,1.162392098919034,2.1713663581926954,0.0,-3.417746325530761,0.07895521977306819,-1.2045557696419853,-0.7478239682274772,1.4628264703854033,0.11549778545914113
2025-04-07 08:15:00,2025,1172,-1,REJECT,FVG,1,0.6949870536245207,0.6949870536245207,-0.102656065582789,0.8843792601809584,0.19158805822665512,-0.7976431192073098,0.6489144838691806,-0.6103151509882028,0.23671435541136626,1.2552438503193335,0.8145459152599333
2025-04-07 16:45:00,2025,1173,1,REJECT,FVG,0,2.1301356612579587,-1.9587454356394975,-1.9587454356394975,1.691050226102096,0.0,-4.088881096897457,0.058632411924207505,-0.18179129760387172,-0.04623744381320455,0.9820860660393188,0.05758207476904179
2025-04-08 03:00:00,2025,1174,-1,REJECT,FVG,0,1.336703723153345,-1.104930085179487,-1.104930085179487,0.0518019421278096,0.0,-2.4416338083328317,0.14841939751529873,-0.7193872343405204,-0.4142234531926272,1.5506645926211537,0.23014870458513778
2025-04-08 12:30:00,2025,1175,1,INSIDE,OB,1,1.0549119281238897,1.0549119281238897,-0.5181463529968215,1.431020215155463,0.3739803759309481,-1.5730582811207112,0.3308951719376385,-0.3960936514497892,0.08403708928571613,0.9578546419661993,0.3169494764446707
2025-04-08 23:45:00,2025,1176,-1,INSIDE,FVG,1,0.3213065755764301,0.3213065755764301,-1.6865926558497235,0.5705593509820464,0.2503202391118491,-2.007899231426154,0.6248461489765899,-0.6188961288072221,-0.03141408971572188,1.096621346469251,0.6852196252268341
2025-04-09 04:45:00,2025,1176,-1,REJECT,FVG,0,1.6118656394307251,-0.6396376687341468,-0.6396376687341468,0.035121535887225,0.0,-2.251503308164872,0.11584686478895631,-0.33855845035198323,-0.1126079345418026,1.543480606045098,0.17880738907288282
2025-04-10 11:45:00,2025,1177,1,REJECT,FVG,1,1.0282531239022568,1.0282531239022568,5.468961710242395,6.687409043006975,5.660661414161685,4.440708586340138,0.4753244754919998,-0.6673515346248106,0.13861086033135916,1.2302179232193096,0.5847526890950756
2025-04-11 08:45:00,2025,1177,1,INSIDE,OB,1,1.4974496585964776,1.4974496585964776,1.5463379922104663,2.739702215727922,1.23736372377005,0.04888833361398865,0.2828296542280128,-0.7700374485368497,-0.12872485405985362,1.7808132998073196,0.5036668098291507
2025-04-11 12:45:00,2025,1177,1,REJECT,OB,1,0.24669641556367014,0.24669641556367014,-0.063616595352047,1.1179038358810556,0.8702361745868208,-0.31031301091571717,0.9115909318544567,-1.1504979472268362,0.12317176393115536,1.545298528667832,1.40868012574163
2025-04-11 16:00:00,2025,1177,1,REJECT,FVG,1,0.19803258580202315,0.19803258580202315,-0.6149178092140755,0.5708567693412623,0.3641088130149529,-0.8129503950160986,0.8763947757347099,-1.1484912760459096,0.03159520187974496,1.531774499616605,1.342439169067642
2025-04-11 21:30:00,2025,1177,1,REJECT,FVG,0,0.4400824281373299,-0.7355663441724034,-0.7355663441724034,0.1286394789939829,0.0,-1.1756487723097333,0.5802684799653274,-0.6077065622173314,0.0002923625401729524,1.7891057602483351,1.0381616799965128
2025-04-14 03:15:00,2025,1177,1,REJECT,OB,0,0.7870625748382161,-0.0857292773823771,-0.0857292773823771,0.2131123279561983,0.0,-0.8727918522205932,0.17508937666696697,-0.3022744106792916,-0.11154307690475837,1.101429256423662,0.19284856194997993
2025-04-14 06:00:00,2025,1178,-1,REJECT,FVG,0,0.7982293801487413,0.2180505453949537,0.2180505453949537,0.2799362877687007,0.0,-0.5801788347537876,0.38052984298206766,-0.35584706671869376,0.08331346239707385,0.7763492712594275,0.2954240662915926
2025-04-14 11:00:00,2025,1179,1,INSIDE,FVG,0,0.4893801879352562,-1.0196623581463158,-1.0196623581463158,0.181893521179484,0.0,-1.509042546081572,0.5048888703610522,-0.2754828681143034,0.1106879762354609,0.9450741126073826,0.47715740112181526
2025-04-14 15:30:00,2025,1179,1,ACCEPT,FVG,0,0.9514310401843431,-0.2457783514502367,-0.2457783514502367,0.1065679570741187,0.0,-1.1972093916345798,0.3558496458268246,-0.24184551971868795,0.18278152149625732,0.7936406984430169,0.28241676145470124
2025-04-14 18:00:00,2025,1180,-1,REJECT,FVG,0,0.8306612668380028,-0.0391461056785584,-0.0391461056785584,0.7046299022143125,0.0,-0.8698073725165612,0.6105960405300496,-0.5397171997715363,0.29703046596788896,1.217719790004932,0.7435348822520949
2025-04-14 22:15:00,2025,1180,-1,ACCEPT,FVG,0,0.6454110995008779,-0.0945202645718751,-0.0945202645718751,0.1226853939139845,0.0,-0.7399313640727531,0.36011767867445077,-0.36222801156897483,0.0006406460510876288,1.3526746241599754,0.4871220456543255
2025-04-15 11:45:00,2025,1181,1,INSIDE,FVG,0,0.23172527786900224,-0.2999078184765883,-0.2999078184765883,0.1068034202523764,0.0,-0.5316330963455905,0.6148873232490667,-0.4243198613467837,-0.020926021763827768,1.1554208612201997,0.7104536405818199
2025-04-15 12:45:00,2025,1181,1,INSIDE,FVG,0,0.4014420578901464,-0.1093533921134559,-0.1093533921134559,0.1525192047898206,0.0,-0.5107954500036023,0.6142627875387086,-0.4279226170346234,0.08152524007080056,1.1219696578983243,0.6891842095944759
2025-04-16 15:45:00,2025,1183,1,REJECT,FVG,1,0.24571766095687309,0.24571766095687309,0.5490844654459497,2.1249852333136383,1.8787950383933978,0.3033668044890766,0.8825258442100172,-1.0701723532485334,0.09113459242562452,1.465732457129434,1.2935467741141766
2025-04-17 04:30:00,2025,1183,1,INSIDE,OB,0,0.442729116242564,-1.127546281153926,-1.127546281153926,0.0094197684306841,0.0,-1.5702753973964898,0.6986278733830416,-0.6053149194250766,0.1268778564251877,1.3235860449618342,0.924694103831157
2025-04-17 11:45:00,2025,1183,1,REJECT,OB,0,1.7695064418980953,0.2701072002579875,0.2701072002579875,0.2752565576285964,0.0,-1.4993992416401076,0.04614320110128977,-0.07691652627386442,0.00828334006453467,1.3240772937996723,0.061097164841449815
2025-04-17 11:45:00,2025,1183,1,REJECT,OB,0,1.263933172784348,0.2701072002579875,0.2701072002579875,0.2752565576285964,0.0,-0.9938259725263603,0.147401723499098,-0.196822983115438,0.018494991876107536,1.332010354858113,0.196340622024731
2025-04-17 13:30:00,2025,1184,-1,REJECT,OB,1,0.6084085177192489,0.6084085177192489,-2.014768206754906,1.9548633680871557,1.3459868438158042,-2.6231767244741544,0.6577248502116302,-0.5252756076657196,0.22037661389041174,0.9370151232062787,0.6162981315568818
2025-04-17 20:00:00,2025,1184,-1,INSIDE,FVG,0,1.4983604190727606,-2.437097838640491,-2.437097838640491,0.2394406863554015,0.0,-3.9354582577132518,0.10969048327186928,-0.31613377162010237,-0.1171010269490029,1.3959640380074925,0.15312396995919195
2025-04-22 08:45:00,2025,1185,1,REJECT,FVG,1,0.3035901804996909,0.3035901804996909,-2.5241227635671963,0.5367438727189864,0.23404529333676782,-2.827712944066887,0.9073099181104823,-1.543776183978768,0.132357640896242,1.263702614248886,1.1465699154501592
2025-04-22 22:15:00,2025,1186,-1,REJECT,FVG,1,0.41601463755205875,0.41601463755205875,2.1671762524977662,5.266918650841425,4.850037316127801,1.7511616149457074,0.8106535210516977,-1.2135929945041626,0.10745417035493274,2.0712431880341624,1.6790605833342374
2025-04-23 03:30:00,2025,1186,-1,INSIDE,FVG,1,1.6329318919022233,1.6329318919022233,0.8186156719804704,3.8983131816423033,2.2602219472696183,-0.8143162199217531,0.41344293857507464,-1.2756462949012142,-0.07311518227383851,2.036819927080601,0.8421088160004729
2025-04-23 12:15:00,2025,1186,-1,INSIDE,FVG,1,1.6726723397178291,1.6726723397178291,0.0103944341270061,2.976550156609485,1.3109460320980229,-1.662277905590823,0.32992964461528135,-0.6354517908555852,0.12606678327245657,1.665403534353922,0.549465996230423
2025-04-23 19:00:00,2025,1186,-1,REJECT,FVG,0,0.840372117436626,-2.1228926812760323,-2.1228926812760323,0.105668091689523,0.0,-2.9632647987126584,0.5899958024664752,-1.0194226003778324,0.07784847658202076,1.1607400327431208,0.6848317470732402
2025-04-23 22:15:00,2025,1186,-1,REJECT,FVG,0,0.47786594230971263,-1.7297516555536876,-1.7297516555536876,0.2292936152370251,0.0,-2.2076175978634,0.6404094927496304,-0.7160874889310963,0.04853162233651087,1.1571385229954012,0.7410424945525415
2025-04-24 06:15:00,2025,1187,1,INSIDE,OB,0,1.3516065503008117,-0.0946933930450141,-0.0946933930450141,0.4370464294385736,0.0,-1.446299943345826,0.38651242321990087,-0.7104492691895965,0.08656092241633961,1.0003480376387743,0.3866469440910353
2025-04-24 18:15:00,2025,1187,1,REJECT,FVG,0,0.7636984322423664,0.2376306279476046,0.2376306279476046,0.3892501700219151,0.0,-0.5260678042947619,0.3075231134813299,-0.31280928407280467,0.01824172053511297,1.0292022399412892,0.316503477228704
2025-04-25 03:45:00,2025,1189,1,ACCEPT,FVG,0,0.7628790646693416,-1.0693858571096406,-1.0693858571096406,0.4563722722290611,0.0,-1.8322649217789821,0.755281171522206,-0.6912932411360809,0.40701572158778615,0.9689618842191966,0.7318386670734389
2025-04-25 06:45:00,2025,1189,1,INSIDE,OB,0,0.8394414317780081,-0.6793397294559295,-0.6793397294559295,0.0170828119102888,0.0,-1.5187811612339375,0.32135318851807393,-0.3335636044850584,0.04338530406583699,0.8959091283234678,0.2879032550091946
2025-04-25 10:15:00,2025,1190,-1,REJECT,FVG,1,0.8751847108659274,0.8751847108659274,-0.6375726529405915,1.7263323810462028,0.8452369224706867,-1.512757363806519,0.4106988760138655,-0.6460402293845933,-0.021274856259444697,0.9063008440189622,0.3722167379690054
2025-04-25 13:30:00,2025,1190,-1,ACCEPT,FVG,1,0.5075655796068058,0.5075655796068058,-0.7897642030175086,1.5552279690191155,1.0480543319448332,-1.2973297826243144,0.7558846205857526,-0.6849401590326462,0.21645658876516857,1.2939727829544325,0.9780941260918016
2025-04-25 20:30:00,2025,1190,-1,REJECT,OB,0,0.8764159448124544,-1.4690549915729083,-1.4690549915729083,0.0384117900678093,0.0,-2.3454709363853623,0.36155782649890017,-0.45709802374074804,0.025044388335270562,1.038960575292514,0.3756443274208083
2025-04-25 20:30:00,2025,1190,-1,REJECT,OB,0,0.6827891663073764,-1.4690549915729083,-1.4690549915729083,0.0384117900678093,0.0,-2.1518441578802845,0.47737256348697776,-0.4862478815367359,0.07181833080385663,1.049852237333247,0.5011706538183112
2025-04-28 05:15:00,2025,1191,1,ACCEPT,FVG,0,1.7318637636642904,1.0798497734986992,1.0798497734986992,1.07868822838557,0.0,-0.6520139901655911,0.018903937532168062,-0.08186818805347995,-0.04758151253810997,1.0543230502912897,0.019930857081431427
2025-04-28 12:15:00,2025,1192,-1,ACCEPT,FVG,1,0.2460684077851231,0.2460684077851231,-2.019219695709477,0.4168959295704413,0.17236305007102742,-2.2652881034946,0.7208777387707926,-0.5399459906419258,0.026674291537450073,0.9187219303266903,0.6622861876930421
2025-04-28 17:15:00,2025,1192,-1,ACCEPT,FVG,0,0.9988288652769192,-1.4350020228690712,-1.4350020228690712,-0.0057492068223781,0.0,-2.43383088814599,0.2595521415929469,-0.1652430742614128,0.13689429061401664,1.1493591259623428,0.29831862260292363
2025-04-28 19:15:00,2025,1192,-1,ACCEPT,FVG,0,1.842812426804097,-0.0609415923173444,-0.0609415923173444,0.1379809637374069,0.0,-1.9037540191214415,0.06688223760540524,0.08205750885115864,0.1998207376385729,1.1249632530598732,0.07524005958850007
2025-04-29 01:15:00,2025,1193,1,REJECT,OB,0,0.5252346490535005,-1.1316246879246663,-1.1316246879246663,0.141832316784132,0.0,-1.656859336978167,0.7329207256347445,-0.8343287948520726,0.1621234310016723,0.9598004591522731,0.7034576489864449
2025-04-29 06:30:00,2025,1193,1,REJECT,FVG,0,1.044936165918157,-0.1218650653479433,-0.1218650653479433,0.2119392440833596,0.0,-1.1668012312661005,0.07911299001663755,-0.1202663373814008,-0.028083683370501808,1.0632503478054134,0.08411691415111607
2025-04-29 16:45:00,2025,1194,-1,REJECT,OB,1,0.4307390068550346,0.4307390068550346,-0.630872763751881,0.4630914562782128,0.033104831967902475,-1.0616117706069155,0.7277459593428777,-0.6057303616523964,0.14855603326155056,0.9584857769173577,0.6975341512392259
2025-04-30 23:45:00,2025,1197,1,REJECT,FVG,0,0.8980923838846885,-0.1173349951007865,-0.1173349951007865,0.0490740702780017,0.0,-1.015427378985475,0.2349837297890699,-0.2079425159629158,0.051957690080154634,0.8720780810266034,0.204924160146926
2025-05-01 19:00:00,2025,1198,-1,INSIDE,FVG,0,0.5262565656484544,-0.5385539699316371,-0.5385539699316371,0.2727130243978884,0.0,-1.0648105355800914,0.635266611028754,-0.634145018994327,0.10301936311408857,1.523804866226361,0.9680223532367442
2025-05-02 16:15:00,2025,1199,1,REJECT,FVG,0,0.9312572450008417,-0.6531685134998109,-0.6531685134998109,0.7519490667743106,0.0,-1.5844257585006525,0.12269526637375167,-0.14302644403640913,-0.01121692064900702,0.9383486881765535,0.11513094224728267
2025-05-05 03:00:00,2025,1200,-1,REJECT,FVG,0,0.900910494648852,0.0507605203840864,0.0507605203840864,0.2427985730259358,0.0,-0.8501499742647655,0.19428434024094443,-0.020947196856632544,0.15815531653355058,1.3231671773018026,0.25707066207055346
2025-05-05 03:00:00,2025,1200,-1,REJECT,FVG,0,0.8444704754805383,0.0507605203840864,0.0507605203840864,0.2427985730259358,0.0,-0.7937099550964518,0.1491913646303002,0.06745537592328982,0.1833793189645843,1.3259328276772322,0.19781772796927893
2025-05-05 09:15:00,2025,1201,1,INSIDE,OB,1,0.4478105075185789,0.4478105075185789,4.332256909891173,6.30510114578131,5.85658263746033,3.8844464023725944,0.6282346858180465,-0.4451755776494798,0.11582925500596289,1.2345458607525683,0.7755845309578596
2025-05-05 19:15:00,2025,1201,1,INSIDE,FVG,1,0.7482189454905391,0.7482189454905391,2.6273928335295973,4.589310934364093,3.840739885840374,1.8791738880390583,0.44779610862200114,-0.4317506891598567,0.09663512152871495,1.2405038270005835,0.5554927864615614
2025-05-06 03:30:00,2025,1201,1,INSIDE,FVG,1,0.4533060136961702,0.4533060136961702,2.0053444689420865,3.9602047414632673,3.5051458042802537,1.5520384552459163,0.5579323854395322,-0.5642676597422971,0.003469647239694451,0.9853689072542671,0.5497692249623184
2025-05-06 11:00:00,2025,1201,1,INSIDE,FVG,1,0.5496861360025967,0.5496861360025967,0.3789502907290619,2.31395653716242,1.762535280781036,-0.1707358452735348,0.5748116983413425,-0.7795146128599717,-0.015474472969694453,1.5261407820246278,0.8772435748235609
2025-05-07 03:45:00,2025,1201,1,INSIDE,OB,0,2.4877705497674216,0.5753419955029876,0.5753419955029876,0.979729149860112,0.0,-1.912428554264434,0.023724397057844723,-0.30992141599814604,-0.2435478609567816,1.345889793602337,0.03193042385952253
2025-05-07 06:30:00,2025,1201,1,ACCEPT,FVG,0,1.027220573763874,0.2590912426407395,0.2590912426407395,0.443333904074154,0.0,-0.7681293311231345,0.14156470515002603,-0.120650432056126,0.04184758843304613,1.0145111290670787,0.143618968857801
2025-05-07 11:00:00,2025,1202,-1,INSIDE,OB,1,0.6231782729230609,0.6231782729230609,0.0388010294456732,0.6326254800924483,0.01147160870568126,-0.5843772434773877,0.39684915479118793,-0.3505306744227376,0.035884898344059835,1.004933267135692,0.3988069176843465
2025-05-07 17:45:00,2025,1202,-1,REJECT,FVG,0,0.47884780401900234,-0.1154215016012015,-0.1154215016012015,0.1480625676516972,0.0,-0.5942693056202039,0.4509947586529227,-0.314871707069367,0.04309163227204793,0.8265588308548473,0.3727737004338238
2025-05-08 05:15:00,2025,1204,-1,REJECT,FVG,0,1.5376946440120287,0.9242845680167688,0.9242845680167688,0.927286574913977,0.0,-0.6134100759952601,0.029389826637661296,0.023810948480219807,0.06830372784148168,0.8472779274033079,0.02490135140030019
2025-05-08 16:15:00,2025,1206,-1,INSIDE,FVG,1,1.0504693015661566,1.0504693015661566,1.1095766708321548,2.883126123085617,1.827402833140266,0.05910736926599831,0.1343804080300012,-0.15171674289844655,0.009833508284679993,1.4358696313050785,0.19295274693266384
2025-05-09 01:45:00,2025,1206,-1,INSIDE,FVG,1,0.9609861587022527,0.9609861587022527,-0.3283234329731549,1.4163607128259286,0.4560227741295452,-1.2893095916754076,0.5138065538886226,-0.6900977609667165,0.15823997797931594,1.17213947722293,0.6022529454687254
2025-05-09 07:30:00,2025,1206,-1,REJECT,OB,0,1.292453763228163,-0.4505623937925418,-0.4505623937925418,0.0547018998210787,0.0,-1.7430161570207048,0.1831093790329187,-0.2976179077534563,-0.0064608714621766095,0.9894230325069816,0.18117263708322073
2025-05-09 11:45:00,2025,1206,-1,INSIDE,FVG,0,0.3838837417411967,-0.1196019697887075,-0.1196019697887075,0.0070732347724443,0.0,-0.5034857115299043,0.3750113778684612,-0.22752297150319065,0.0017615024686142011,1.0326694945151407,0.3872628100208503
2025-05-09 22:15:00,2025,1207,1,REJECT,FVG,0,0.3940171336618294,-1.8140202021643737,-1.8140202021643737,0.0337178476238642,0.0,-2.2080373358262033,0.6270989056038685,-0.46584664124545655,0.07337299096731356,0.838357445352924,0.5257330364856736
2025-05-12 01:15:00,2025,1207,1,ACCEPT,FVG,0,1.9748709103821815,-0.0807377464984269,-0.0807377464984269,0.2780966823834818,0.0,-2.0556086568806085,0.0005420718765346322,0.41803922867306753,0.41888314334422017,1.12454100422555,0.0006095820524006836
2025-05-12 08:00:00,2025,1208,-1,REJECT,FVG,1,0.6352676123873306,0.6352676123873306,1.2346784614381243,2.256754874774572,1.621804578876952,0.599410849050794,0.4372345193645928,-0.44251268592503124,0.028730064788201753,1.163023346502522,0.5085139539178304
2025-05-13 15:15:00,2025,1209,1,INSIDE,FVG,0,0.7438470841382732,0.2852251488165335,0.2852251488165335,0.5054265026936237,0.0,-0.4586219353217397,0.2668557176949579,-0.24622303514217103,0.017982837106744504,1.2724388405418774,0.3395575800157428
2025-05-14 11:15:00,2025,1212,-1,REJECT,FVG,1,0.4345562278061937,0.4345562278061937,1.4583094690145793,3.587666225827623,3.1524851867664965,1.0237532412083854,0.5373405365928263,-0.40448232300910997,0.04636710210805267,0.8105644131560803,0.43554911670833757
2025-05-14 21:15:00,2025,1212,-1,REJECT,FVG,1,0.071490490383326,0.071490490383326,-0.3978601203941221,1.7297590390572972,1.6486328738831777,-0.4693506107774481,0.8336622065710586,-0.7097586222822425,-0.0584607631357831,1.0020185734915565,0.8353450150021555
2025-05-15 02:15:00,2025,1212,-1,REJECT,FVG,1,0.5320603801958717,0.5320603801958717,-0.1182701311870628,1.996623317047772,1.464873357143722,-0.6503305113829345,0.4109548252260982,-0.43443744622134123,-0.037250500884651705,0.9756608123145718,0.4009525186046879
2025-05-15 11:45:00,2025,1212,-1,INSIDE,FVG,0,1.1697212303322777,-0.9338629511098316,-0.9338629511098316,0.0080265906541738,0.0,-2.103584181442109,0.2388666242605513,-0.48936070702569273,-0.09306140527733892,1.002075166655181,0.23936231231425245
2025-05-15 12:15:00,2025,1212,-1,REJECT,FVG,0,1.0818091689172986,-0.7088988410652624,-0.7088988410652624,0.051690540494351,0.0,-1.7907080099825607,0.2564375429879801,-0.2851352122042867,0.06540064629175768,1.295501460000836,0.3322152113399554
2025-05-16 03:15:00,2025,1213,1,REJECT,FVG,0,0.4044743827776111,-0.9654600972825356,-0.9654600972825356,0.172776234828378,0.0,-1.3699344800601465,0.7988146417991561,-0.8261006312279974,0.15690070779188423,0.7527030959092492,0.6012702539398628
2025-05-16 06:15:00,2025,1213,1,ACCEPT,FVG,0,1.1291855215240691,-0.0172582939970911,-0.0172582939970911,0.7171437523434813,0.0,-1.1464438155211603,0.18078106706360805,-0.2364363476804641,0.010442231039730437,1.1833557650744226,0.21392831792602643
2025-05-16 18:15:00,2025,1214,-1,REJECT,FVG,0,0.7123856484785528,-1.2704927829207802,-1.2704927829207802,0.0596215771375513,0.0,-1.982878431399333,0.5679138667731354,-0.6349275938950035,0.1302302793360134,1.3843373008566637,0.7861843494477931
2025-05-16 23:15:00,2025,1214,-1,INSIDE,FVG,0,1.0444381984691269,-0.59624540245444,-0.59624540245444,0.1402930358716321,0.0,-1.640683600923567,0.1732682244975517,-0.2522481099848815,-0.027573575588770827,1.2909744681536572,0.22368485396865528
2025-05-19 04:45:00,2025,1215,1,REJECT,OB,0,0.7671019735320147,0.2112846207758043,0.2112846207758043,0.7257703834824504,0.0,-0.5558173527562104,0.7163801877502994,-0.6873158101083432,0.35460027480331074,1.1584756258549274,0.8299089863540985
2025-05-19 08:00:00,2025,1215,1,REJECT,FVG,1,0.44945665000872,0.44945665000872,0.4882453745985206,1.002965592964668,0.5532010959354017,0.0387887245898006,0.38866498673967836,-0.28761781262133085,-0.0011427763770666122,1.322768942408045,0.5141139734606812
2025-05-19 14:30:00,2025,1215,1,REJECT,OB,1,0.19091380310217276,0.19091380310217276,-0.2971480967638772,0.2137002892788917,0.026481592043209243,-0.48806189986605,0.6643288187838216,-0.5755349257211007,-0.06636094704357384,1.058938196236679,0.7034831610709836
2025-05-20 08:00:00,2025,1218,-1,INSIDE,FVG,0,0.40573233247244367,-0.5940509643292309,-0.5940509643292309,0.2976649342252491,0.0,-0.9997832968016747,0.4560555864149672,-0.29596262847201127,0.024049278425939596,0.9257586131829134,0.42219738721384037
2025-05-21 02:45:00,2025,1219,1,REJECT,OB,1,0.3829951718485448,0.3829951718485448,0.3852499794204086,1.7171970236540048,1.335168197907692,0.0022548075718638455,0.8195978967936384,-0.7517287700764248,0.17828858616666696,0.7697899736047544,0.6309182433392871
2025-05-21 06:15:00,2025,1219,1,REJECT,FVG,1,0.3706453465385431,0.3706453465385431,0.0280157646818851,1.3682641854407562,0.9898903520934087,-0.34262958185665787,0.7198896150736056,-0.634079282583246,0.08921154393020989,1.5692923304991062,1.129717251740963
2025-05-21 13:15:00,2025,1219,1,INSIDE,OB,1,0.29583919253638796,0.29583919253638796,-0.2344870907183145,1.0956650225207591,0.7988621844060703,-0.5303262832547025,0.5125941743007497,-0.4234830481303535,-0.05476265811962,1.122531560740458,0.5754031385042869
2025-05-21 15:30:00,2025,1219,1,ACCEPT,OB,1,0.7198432469859267,0.7198432469859267,0.2637176732599073,1.5932273561134374,0.8730628939347533,-0.45612557372601936,0.2588326089972073,-0.2170456283270594,0.02545176361066001,1.570098899797081,0.4063927946181232
2025-05-21 19:45:00,2025,1219,1,INSIDE,OB,1,0.2988913304035143,0.2988913304035143,-0.0584298841390384,1.2706894583642474,0.9711560413218432,-0.3573212145425528,0.5843039816153094,-0.4184873369810659,0.0006798746976290071,1.005492166972439,0.5875130766450016
2025-05-22 10:00:00,2025,1219,1,REJECT,FVG,0,0.6154271823553897,-0.7227954558929458,-0.7227954558929458,0.1555546372637603,0.0,-1.3382226382483355,0.3349626895916019,-0.4248112799115799,-0.07637020677400363,1.1733124421442729,0.39301589135193643
2025-05-22 10:00:00,2025,1219,1,REJECT,FVG,0,0.4233285242791411,-0.7227954558929458,-0.7227954558929458,0.1555546372637603,0.0,-1.1461239801720868,0.33295115242469964,-0.2766414234374329,-0.043585622682542846,1.2642421455496473,0.4209308793046299
2025-05-22 18:45:00,2025,1220,-1,REJECT,FVG,0,0.43188673526823085,-0.6871220540056823,-0.6871220540056823,0.1727546941072952,0.0,-1.1190087892739133,0.7116300579562096,-0.711958328511306,0.10203620051905005,1.386774463506005,0.9868703918369699
2025-05-23 06:45:00,2025,1220,-1,INSIDE,FVG,0,0.4633280649271778,-0.4068886689162247,-0.4068886689162247,0.0574238040809183,0.0,-0.8702167338434025,0.5716197300837934,-0.44547467098406884,0.07401490361693094,0.9815642076472316,0.5610814674352231
2025-05-23 13:00:00,2025,1221,1,REJECT,FVG,1,0.1891963283365259,0.1891963283365259,0.4404675427590357,1.2286204847124107,1.038763785247311,0.2512712144225098,0.7625821605547364,-0.6551411555345549,-0.011264452846796225,1.1254832671540589,0.8582734615345458
2025-05-23 19:30:00,2025,1221,1,REJECT,OB,1,0.1431238446303874,0.1431238446303874,-0.6044838875748625,0.1823674794483823,0.038913856374153885,-0.7476077322052499,0.7367535558236767,-0.7021558359311866,-0.07939302561194535,1.5681787223978003,1.1553612498936099
2025-05-26 04:45:00,2025,1222,-1,REJECT,OB,1,0.44778775498098355,0.44778775498098355,0.0603946226911737,0.7093865626598773,0.26193247962747096,-0.3873931322898098,0.638235911563115,-0.4850854426563078,0.11030773301052677,1.0060463699772757,0.6420949220172094
2025-05-26 15:45:00,2025,1222,-1,INSIDE,OB,0,0.346117153924678,-0.3052793465950945,-0.3052793465950945,0.08468823979009,0.0,-0.6513965005197726,0.6332082710417746,-0.3572294656712062,0.08813543126618034,0.9728215543773898,0.6159986544794787
2025-05-27 07:45:00,2025,1223,1,INSIDE,FVG,0,0.3653815040428622,-0.1872622536938778,-0.1872622536938778,0.0162542281687285,0.0,-0.55264375773674,0.5818218131395186,-0.339399241976739,0.07065756953820795,0.9183956217605811,0.5343426058321369
2025-05-27 12:15:00,2025,1224,-1,INSIDE,OB,1,0.4587668104541981,0.4587668104541981,-0.0805210183540594,0.7158927514167414,0.25678761735600625,-0.5392878288082575,0.6814037279968589,-0.6712524041023646,0.09874690140455958,1.2347039130312212,0.8413318493117835
2025-05-27 19:15:00,2025,1224,-1,REJECT,FVG,0,0.3588904557581243,-0.4385309251662024,-0.4385309251662024,0.023044901786178,0.0,-0.7974213809243267,0.5813669512731153,-0.45903592994057374,0.01647943927891657,1.1419564840188388,0.6638957596005983
2025-05-28 03:30:00,2025,1224,-1,REJECT,FVG,0,0.7582968761486112,0.119088234240781,0.119088234240781,0.1289274330812023,0.0,-0.6392086419078301,0.1846291262288187,-0.1530181864463491,0.01523711727971963,1.0194809863928824,0.18822588372461208
2025-05-28 05:45:00,2025,1225,1,INSIDE,FVG,0,0.34215385078195315,-0.313048775443439,-0.313048775443439,0.0247054709268882,0.0,-0.6552026262253923,0.5386980298854832,-0.34703615116357167,0.0242291451012549,0.6476555116663802,0.3488907481791536
2025-05-28 19:45:00,2025,1227,1,ACCEPT,FVG,0,0.82889609841947,0.0570140173516052,0.0570140173516052,0.0610623499446147,0.0,-0.7718820810678647,0.24657075740120069,-0.14225984659319013,0.09719881032326029,1.048035909981745,0.2584150081078554
2025-05-28 21:30:00,2025,1228,-1,REJECT,OB,1,0.43620860524692096,0.43620860524692096,0.6704687821387867,1.8912470315450964,1.455375007012092,0.2342601768918655,0.6159618606139885,-0.42649160808901054,0.10489882046947463,0.9051772566666522,0.5575546672018569
2025-05-29 06:00:00,2025,1228,-1,REJECT,FVG,0,0.8256819198092087,-0.3910418840363646,-0.3910418840363646,0.1358250111790195,0.0,-1.2167238038455732,0.4349375749268547,-0.2944285479120013,0.19274958256884675,1.1831742261624298,0.5146069286430451
2025-05-29 11:00:00,2025,1228,-1,INSIDE,OB,0,0.6877776826048259,0.1615540170641021,0.1615540170641021,0.2778595023778746,0.0,-0.5262236655407236,0.22751540241478993,-0.1740876637223245,0.02199997737465939,1.5493573842160353,0.3525026687542376
2025-05-30 02:00:00,2025,1229,1,INSIDE,FVG,0,0.38266376498626886,-0.6068913044694436,-0.6068913044694436,0.2822984441696877,0.0,-0.9895550694557125,0.5074170646276529,-0.3868008998026507,0.0036386017392437686,0.9903194996349299,0.5025050135482821
2025-05-30 03:30:00,2025,1229,1,REJECT,OB,1,0.253095156841792,0.253095156841792,-0.5739956474793957,0.3128444113747268,0.05941358456365641,-0.8270908043211874,0.45626931917030344,-0.31908550346476794,-0.05801702314427917,1.2409708233281767,0.5662169126701581
2025-05-30 09:45:00,2025,1230,-1,REJECT,OB,1,0.189608158081502,0.189608158081502,-0.5173882185947443,0.8209629823316307,0.6306824548952303,-0.7069963766762462,0.5599643754421085,-0.33697363018417725,-0.04210658799879753,0.8857766284212737,0.49600335651513516
2025-05-30 15:00:00,2025,1230,-1,INSIDE,OB,1,0.2235208181154166,0.2235208181154166,-0.582232960611339,0.7588919480811454,0.5357082654379913,-0.8057537787267556,0.7368632523299626,-0.47295172900143,0.040253297225622736,1.4276599193019603,1.0519901313579745
2025-05-30 18:45:00,2025,1230,-1,REJECT,FVG,0,0.651394936964798,-0.6894744133626406,-0.6894744133626406,0.2304987774878081,0.0,-1.3408693503274385,0.4920253134028144,-0.49456556788859446,0.0692760086591434,1.126147261162567,0.5540929591112331
2025-05-31 00:00:00,2025,1230,-1,REJECT,FVG,0,0.5140024401110669,-0.4104575114251004,-0.4104575114251004,-0.1979535401349363,0.0,-0.9244599515361672,0.6825670431665857,-0.49503862501784124,0.1936995512408598,0.8130919770108178,0.5549897865707474
2025-06-02 12:45:00,2025,1231,1,REJECT,OB,1,0.4180568411605523,0.4180568411605523,0.5420882564442444,1.5367053005311713,1.1176345785917263,0.12403141528369208,0.7148039472085025,-0.72066839309126,0.0932968991378621,0.9122286987021044,0.65206467458914
2025-06-03 11:15:00,2025,1232,-1,INSIDE,OB,1,0.4287579304184524,0.4287579304184524,0.4569295252055678,1.0475023476328926,0.6180573051464626,0.028171594787115437,0.5776915081962684,-0.34461454561955335,0.10215616646032458,0.6927260071513739,0.40018193183805617
2025-06-03 19:15:00,2025,1232,-1,REJECT,FVG,0,0.6083422161949819,0.0104466322185808,0.0104466322185808,0.2061468757798728,0.0,-0.597895583976401,0.5740500864130142,-0.4832640692622958,0.1433726132334439,0.9281315678513441,0.5327940067277105
2025-06-04 01:30:00,2025,1232,-1,INSIDE,OB,0,0.4536964582735376,0.2555139179980511,0.2555139179980511,0.2732087876654894,0.0,-0.19818254027548649,0.39605444005110485,-0.30263459595677467,-0.0030863237803265553,0.8316675694246303,0.3293856335171353
2025-06-04 06:45:00,2025,1233,1,INSIDE,FVG,1,0.4387520577686316,0.4387520577686316,0.5328726052344822,0.8699887866521386,0.4315946016875675,0.09412054746585065,0.5622359141357897,-0.37855190827864793,0.08096573419875067,0.7202465679687784,0.4049484875450913
2025-06-04 12:45:00,2025,1233,1,REJECT,FVG,1,0.123077791941664,0.123077791941664,0.4901327997676412,0.8332257596049999,0.7094218449970141,0.36705500782597716,0.6414172257943597,-0.4506255724514593,-0.08264235203353153,0.6833107656120398,0.4382872956342945
2025-06-04 16:30:00,2025,1233,1,REJECT,FVG,1,0.2462300693267161,0.2462300693267161,0.6193941034909785,0.9645526497111558,0.7161403345706154,0.3731640341642623,0.40043864741231705,-0.46194975908751235,-0.17836718647263194,0.66836009210752,0.26763721126790696
2025-06-04 21:15:00,2025,1233,1,REJECT,FVG,0,0.12086982453791145,-0.2234813674235867,-0.2234813674235867,0.0996902178213008,0.0,-0.3443511919614982,0.7830731442215795,-0.6952164978637887,-0.05616121542446374,0.81922171580631,0.6415105248110444
2025-06-05 03:15:00,2025,1233,1,INSIDE,OB,1,0.1449658533013913,0.1449658533013913,-0.1094565407503005,0.2152523276293406,0.06992039894081653,-0.2544223940516919,0.7875625385427554,-0.6103927815916681,-0.015500617585099907,0.967141616201117,0.761684506385695
2025-06-05 10:45:00,2025,1233,1,REJECT,FVG,0,0.22384273676309394,0.1436602638927231,0.1436602638927231,0.207509270067278,0.0,-0.08018247287037082,0.3801030094920808,-0.20500951723180444,-0.04200148486088133,0.6323293023716936,0.2403502708215087
2025-06-05 18:45:00,2025,1235,1,ACCEPT,OB,0,1.836787735771212,0.1258684136701879,0.1258684136701879,0.2153500882852921,0.0,-1.7109193221010237,0.024064031675786746,-0.03909669688840828,0.0060446455192280715,1.2401908387011762,0.029843991626525634
2025-06-06 01:15:00,2025,1236,-1,INSIDE,FVG,0,0.605558047563979,-0.665928666373114,-0.665928666373114,0.0003703718945426,0.0,-1.2714867139370931,0.5715041248845184,-0.6185051967422062,0.08105199649830469,1.1359696316532102,0.6492113302333566
2025-06-06 04:15:00,2025,1236,-1,INSIDE,FVG,0,0.37170595249393296,-0.433718833679219,-0.433718833679219,0.0958043314120179,0.0,-0.8054247861731518,0.4454800622625059,-0.28260662085952304,0.008876585057115027,0.6989484729752561,0.3113676092593005
2025-06-06 11:00:00,2025,1237,1,REJECT,FVG,0,0.6028423981722952,-0.2315751467576471,-0.2315751467576471,0.3085178568093591,0.0,-0.8344175449299424,0.33478821169786466,-0.2525966000812767,0.0337942923606494,0.8731677833628795,0.29232628070424693
2025-06-06 14:30:00,2025,1237,1,REJECT,FVG,0,0.25342133379429277,-0.2886603950023952,-0.2886603950023952,0.1267106668971549,0.0,-0.5420817287966879,0.49348150160999477,-0.3159906825698467,-0.034996385699696236,0.9471192746259571,0.4673858418461863
2025-06-06 18:45:00,2025,1238,-1,REJECT,FVG,1,0.6603895373775114,0.6603895373775114,0.529585934344158,1.5126743319271627,0.8567823396396189,-0.13080360303335328,0.6390842706849666,-0.6977267880755472,0.17022399328196758,0.8664403194951026,0.5537283796765772
2025-06-09 02:15:00,2025,1238,-1,ACCEPT,FVG,1,0.3748328870045442,0.3748328870045442,-0.1027042110392539,0.883481114669717,0.5101475592131895,-0.4775370980437982,0.7201844302868358,-0.6681438999459327,0.08299174316639096,0.8889457828589913,0.6402049121841878
2025-06-09 08:45:00,2025,1238,-1,INSIDE,OB,0,0.8281634393783147,-0.16827978562711,-0.16827978562711,0.1085310078089343,0.0,-0.9964432250054248,0.2583477430485098,-0.2107920340786597,0.05761976761684559,1.1596965218556405,0.2996049790426116
2025-06-09 22:30:00,2025,1239,1,INSIDE,FVG,0,0.2585905056159505,-0.5626348814952681,-0.5626348814952681,0.0152786118532354,0.0,-0.8212253871112186,0.6459598438013097,-0.4628099083003284,0.0031857903912312358,0.7578923688530352,0.4895680362025112
2025-06-10 01:15:00,2025,1239,1,REJECT,FVG,0,0.47850468878496216,-0.3006432337209896,-0.3006432337209896,0.1304317337135763,0.0,-0.7791479225059518,0.49874232772323396,-0.36628254011328354,0.05504860885828797,0.7889510606347734,0.3934832884407012
2025-06-10 08:45:00,2025,1240,-1,INSIDE,OB,0,0.5334825193938367,-0.5200301503889525,-0.5200301503889525,0.0807142140293227,0.0,-1.0535126697827892,0.5771523784131969,-0.4763171301638789,0.1064911392991694,1.1415687986779586,0.6588591472792797
2025-06-10 09:30:00,2025,1240,-1,INSIDE,OB,0,0.8870876475223067,-0.1310645094476321,-0.1310645094476321,0.0734114994266673,0.0,-1.0181521569699388,0.11109782345169658,-0.12743285482809213,-0.014721835169840991,1.1901171721368236,0.13221942747688922
2025-06-10 19:30:00,2025,1241,1,REJECT,FVG,0,1.0136889358781465,-0.011510472398303,-0.011510472398303,0.4535126124935587,0.0,-1.0251994082764495,0.2082927172776452,-0.2259365276204924,0.032268428578199476,1.0320135141805544,0.21496089913591931
2025-06-11 05:30:00,2025,1242,-1,ACCEPT,FVG,0,0.6921232402246712,-0.3172870951584194,-0.3172870951584194,0.0395170142700232,0.0,-1.0094103353830906,0.3323316069694179,-0.1769570689163554,0.11186578680596043,0.7660470650833823,0.2545816521533667
2025-06-11 07:15:00,2025,1242,-1,INSIDE,OB,0,0.5992774397067095,0.0349130902774021,0.0349130902774021,0.1269915701299097,0.0,-0.5643643494293074,0.24527079516834227,-0.13025598239006445,0.04867726014949321,0.7490255860862745,0.18371410110081415
2025-06-11 12:15:00,2025,1243,1,REJECT,OB,1,0.2568194915454065,0.2568194915454065,-0.4500125324826987,0.720714158706222,0.465051511717334,-0.7068320240281052,0.7372146637520419,-0.5212126949237719,0.05236404181236945,0.8373951361007713,0.6173399736881255
2025-06-11 18:15:00,2025,1243,1,REJECT,FVG,0,0.7590491626148063,-0.4136760052481386,-0.4136760052481386,0.0698464150652136,0.0,-1.172725167862945,0.43315563062683177,-0.43020385874500944,0.08492778369696657,0.8720366689877765,0.3777275932851221
2025-06-12 09:00:00,2025,1245,1,REJECT,FVG,1,0.12168934979838972,0.12168934979838972,2.062868497062872,3.0040108081637618,2.8733507691174136,1.9411791472644817,0.767162471721995,-0.5763196692544261,-0.040833344913622796,1.0667096218914938,0.8183395901399131
2025-06-12 10:45:00,2025,1245,1,ACCEPT,FVG,1,1.3073804503979387,1.3073804503979387,3.327735681024834,4.259517272910473,2.952526852479827,2.0203552306268944,0.2172410059526388,-0.3268085682249562,0.028204298097437075,1.2458590977959692,0.27065168368044334
2025-06-12 23:30:00,2025,1245,1,ACCEPT,FVG,1,0.481345848700125,0.481345848700125,1.5985196010186549,2.527746671912632,2.047179070340559,1.1171737523185303,0.5818720751625487,-0.5413044498337045,0.053747201539774775,1.0341468999653765,0.6017412027057703
2025-06-12 23:30:00,2025,1245,1,ACCEPT,FVG,1,0.19028142280870672,0.19028142280870672,1.5985196010186549,2.527746671912632,2.3382434962319762,1.408238178209948,0.6641984611388895,-0.5572121505657763,-0.060728069419235114,0.8987474131732142,0.5969466487822065
2025-06-13 08:30:00,2025,1245,1,ACCEPT,FVG,1,0.9587361878453159,0.9587361878453159,0.30416954419891,1.233770718232036,0.2738691298342436,-0.6545666436464058,0.3249050618428335,-0.5932126477056576,-0.08897661531405515,1.0228433926178915,0.33232699573404967
2025-06-13 12:15:00,2025,1245,1,REJECT,FVG,1,0.14321939607214235,0.14321939607214235,0.1032421662742377,1.030481020519047,0.8876497528915531,-0.03997722979790459,0.7272134099613453,-0.7975885646741259,-0.11342039942105264,1.3390245508597451,0.9737566096526741
2025-06-16 04:00:00,2025,1245,1,REJECT,OB,0,0.5885452660677221,-0.3405321354526519,-0.3405321354526519,0.3899015203869981,0.0,-0.9290774015203739,0.31879304010744924,-0.4268426845516293,-0.10314407288521377,1.0411358238107729,0.3319068544374099
2025-06-16 05:45:00,2025,1245,1,REJECT,FVG,0,0.2989374568071898,-0.6208102971665445,-0.6208102971665445,0.0089409122322052,0.0,-0.9197477539737343,0.5873232183930771,-0.536821676305477,-0.04596093244433738,0.8876558479647907,0.5213408894521168
2025-06-16 15:15:00,2025,1246,-1,INSIDE,FVG,1,0.28465587833886474,0.28465587833886474,1.029050497172934,1.9703645934880007,1.6876584129459848,0.7443946188340691,0.6247762756415226,-0.4611260801216147,0.004820794325964356,1.1171491926875718,0.6979683119432748
2025-06-16 15:15:00,2025,1246,-1,INSIDE,FVG,1,0.23435367518033795,0.23435367518033795,1.029050497172934,1.9703645934880007,1.7379606161045114,0.7946968219925958,0.6056535108619898,-0.4167772924433848,-0.022417535871112504,1.1167586242080245,0.6763687815369955
2025-06-16 18:15:00,2025,1246,-1,INSIDE,FVG,1,0.7058454254755763,0.7058454254755763,0.4104026209268736,1.3610771433989692,0.653662300634955,-0.29544280454870264,0.3713766225723598,-0.553245076449251,-0.08564829833147136,1.2690883861049447,0.47130975857746127
2025-06-17 02:30:00,2025,1246,-1,REJECT,OB,1,0.6221613940878595,0.6221613940878595,0.3275565977700838,1.2729594727711706,0.6543286288389224,-0.2946047963177757,0.33025462194033445,-0.3866029458745178,-0.053453860153351906,1.2358851210058226,0.40815677339946244
2025-06-17 08:00:00,2025,1246,-1,INSIDE,FVG,1,0.8016270996247742,0.8016270996247742,0.1416260476207053,1.0963197391029906,0.29429813795280174,-0.6600010520040689,0.29818547487943237,-0.2798006351812937,0.04266540746964248,0.8276395609101271,0.24679009549899114
2025-06-17 19:15:00,2025,1246,-1,REJECT,FVG,0,0.4884801740334191,-0.4683081182636271,-0.4683081182636271,0.0743597349945658,0.0,-0.9567882922970463,0.5326196790281565,-0.6499934415890745,-0.04361998985419707,0.8631242762431277,0.4597169749740246
2025-06-18 02:45:00,2025,1247,1,INSIDE,OB,1,0.4201895751328236,0.4201895751328236,0.0480557075529995,0.576271336028092,0.15846468854252233,-0.37213386757982403,0.5618316664608165,-0.3424842991613391,0.08601003459947762,0.7255088208704776,0.40761382986168243
2025-06-18 09:30:00,2025,1247,1,INSIDE,FVG,0,0.7072865841364562,0.168555183676773,0.168555183676773,0.2975926448647169,0.0,-0.5387314004596832,0.4464733630054882,-0.3317107377754771,0.13217389069223956,0.845184636217291,0.37735242689250403
2025-06-18 13:00:00,2025,1247,1,REJECT,FVG,1,0.4101513926013256,0.4101513926013256,0.3415911794821345,0.4714522890373142,0.06009101032213053,-0.06856021311919115,0.36420980731138036,-0.22782909009528782,0.004529658576067214,0.9415527263685215,0.3429227370441841
2025-06-18 23:15:00,2025,1249,1,REJECT,OB,0,1.2597643751585799,0.2170335160282779,0.2170335160282779,0.2024837831101756,0.0,-1.042730859130302,0.003280536476300063,-0.04603024656781085,-0.04174653968068098,0.5643418623739681,0.0018513440646209123
2025-06-19 04:15:00,2025,1250,-1,REJECT,OB,1,0.41355286874455893,0.41355286874455893,0.447981853899587,1.3577171557607797,0.9425440994795147,0.034428985155028034,0.4709748035603004,-0.26959145563645803,0.05215230834222556,0.7358958081940682,0.3465883837050498
2025-06-19 11:45:00,2025,1250,-1,INSIDE,FVG,0,0.9255188648342052,0.0138258529896022,0.0138258529896022,0.3574389640550587,0.0,-0.911693011844603,0.4436273164980008,-0.4373455510889809,0.16725833249763739,0.7330871035453561,0.3252174645051184
2025-06-19 18:15:00,2025,1250,-1,REJECT,OB,0,0.2064201321308144,-0.1402176594753273,-0.1402176594753273,0.0448203075742268,0.0,-0.3466377916061418,0.612928961032315,-0.43129534945405124,-0.04042106189201716,0.678004414225015,0.41556854118626174
2025-06-19 21:15:00,2025,1250,-1,REJECT,FVG,0,0.3288811795316605,-0.0162359063313043,-0.0162359063313043,0.000832610581092,0.0,-0.34511708586296486,0.4457020851587796,-0.31078802400646455,-0.025686126177666385,0.582849328995035,0.2597771612664827
2025-06-20 11:30:00,2025,1252,-1,REJECT,FVG,0,0.3581276245137191,-0.952198154589414,-0.952198154589414,0.2945073053353904,0.0,-1.310325779103133,0.633999421616872,-0.47477807464698474,0.05328365688229786,0.9027453444493995,0.5723400262482431
2025-06-20 22:45:00,2025,1253,1,ACCEPT,FVG,1,0.32056727630147636,0.32056727630147636,-0.3058237090602633,1.3045950784568514,0.9831853125987361,-0.6263909853617396,0.5655647972353599,-0.32712312724426446,0.03918776450837089,0.698947506520493,0.395300104803423
2025-06-23 03:15:00,2025,1253,1,REJECT,FVG,0,1.199374973605309,-0.4142911440516894,-0.4142911440516894,0.0375860467080674,0.0,-1.6136661176569982,0.10130301200822876,-0.37838025814370446,-0.2185489009557884,1.305440620717318,0.13224506687655607
2025-06-23 11:15:00,2025,1254,-1,REJECT,OB,0,0.5446795634052762,-0.0280850399880983,-0.0280850399880983,0.1638293999304928,0.0,-0.5727646033933745,0.6165871990926654,-0.480317251497651,0.15168266368224806,1.1521345329352946,0.7103914046405094
2025-06-23 14:15:00,2025,1254,-1,REJECT,OB,0,0.9865715454564973,0.6097709770259252,0.6097709770259252,0.803984755725578,0.0,-0.376800568430572,0.11599924151420286,-0.14639294623588844,-0.014969924537047319,0.9642401914659549,0.11185113084756051
2025-06-23 23:45:00,2025,1255,1,REJECT,FVG,0,0.9731425828682723,-0.8480610936391847,-0.8480610936391847,0.0197723316307174,0.0,-1.8212036765074568,0.29116846739026037,-0.4125892636455596,-0.009107845682251703,0.9016489194574984,0.2625317340025241
2025-06-24 05:15:00,2025,1256,-1,ACCEPT,FVG,1,0.7505105150687896,0.7505105150687896,1.0151956796550647,2.365090019044985,1.6141525924204214,0.26468516458627533,0.6098829830638723,-0.6705502905068462,0.1961305127127721,1.3153572233662858,0.8022139871812426
2025-06-24 13:00:00,2025,1256,-1,REJECT,FVG,1,0.10606575411468204,0.10606575411468204,-0.3588272891218396,0.9922280223631396,0.8870176372332524,-0.4648930432365217,0.8371011322291834,-0.8937537161728537,-0.056803705570375174,1.2584714572041693,1.0534678817037204
2025-06-24 18:30:00,2025,1256,-1,INSIDE,OB,0,0.7201111150681971,-0.6307916948609184,-0.6307916948609184,0.0376081769293825,0.0,-1.3509028099291156,0.6236184576993722,-0.6517190694812156,0.20377955443293427,1.4876836370567228,0.927746975285906
2025-06-24 22:45:00,2025,1256,-1,ACCEPT,FVG,0,0.3814357471745439,-0.1023155371208896,-0.1023155371208896,0.1669584078541841,0.0,-0.48375128429543357,0.3954717419134254,-0.2049049776120219,0.026976210174101636,1.2364512232013192,0.4889815190304112
2025-06-25 09:15:00,2025,1257,1,REJECT,FVG,1,0.230687967574323,0.230687967574323,-0.3975594506608136,0.3113209581096438,0.07977060560981004,-0.6282474182351366,0.6752977125247932,-0.4733330333673189,0.002090738137987158,0.9581898826970965,0.6470634359497491
2025-06-25 12:15:00,2025,1257,1,ACCEPT,OB,0,0.6416819408044152,-0.0683192362851023,-0.0683192362851023,0.3169493683353282,0.0,-0.7100011770895176,0.2006409300898852,-0.05700927034000902,0.08317678410963664,1.2393260810413353,0.24865953758478598
2025-06-26 04:30:00,2025,1259,1,REJECT,FVG,1,0.35789037657922645,0.35789037657922645,-0.4289421425177459,0.8254285401006399,0.452187473349514,-0.7868325190969723,0.5971040339253666,-0.4363541738695298,0.0378924511266619,1.141867442406164,0.6818136560687617
2025-06-26 07:45:00,2025,1259,1,INSIDE,FVG,1,0.35569742084039513,0.35569742084039513,-0.5697299009514899,0.6684129091994601,0.31359267065460145,-0.925427321791885,0.6598963641647314,-0.4462379528176388,0.08295628455438311,1.0220594450195473,0.6744533117286224
2025-06-26 14:30:00,2025,1259,1,ACCEPT,FVG,0,0.49319222308105737,-0.7665437897615617,-0.7665437897615617,0.2135977168678265,0.0,-1.259736012842619,0.4724689190932236,-0.32275514823989093,0.06275462432507467,0.8345489185928607,0.39429842549798755
2025-06-26 15:45:00,2025,1259,1,INSIDE,OB,0,0.43968131280100475,-0.5440275878470698,-0.5440275878470698,0.0557405315417088,0.0,-0.9837089006480746,0.3254030583594681,-0.12894150895982526,0.05609009629413951,0.9478477829145148,0.30843256741962427
2025-06-26 20:30:00,2025,1260,-1,INSIDE,OB,0,1.1008982557416382,0.3215805319863776,0.3215805319863776,0.3045609495135567,0.0,-0.7793177237552608,0.1738267210902471,-0.18709606548069943,0.03679176416023802,1.3602944624124567,0.23645552611837772
2025-06-27 21:00:00,2025,1262,-1,INSIDE,OB,1,0.9782409854059257,0.9782409854059257,-0.3759299158502286,1.3967031180129257,0.4180047969429593,-1.3541709012561542,0.39982776148737326,-0.4616031082727989,0.11408653259358142,1.1665332602711094,0.46641238215476505
2025-06-30 04:30:00,2025,1262,-1,INSIDE,OB,0,1.3038717466378464,-0.4764323471682266,-0.4764323471682266,0.1846921924413001,0.0,-1.780304093806073,0.21037819431610635,-0.3957664035756402,-0.038199598542959734,1.287101142897356,0.27077801434494253
2025-06-30 11:45:00,2025,1263,1,INSIDE,OB,1,0.3328390432798439,0.3328390432798439,2.2344471506611563,3.151368005347537,2.818989957972523,1.9016081073813125,0.6503105911041872,-0.4042889832117677,0.07507317941545522,0.7073720236832951,0.4600115188520488
2025-07-01 18:15:00,2025,1263,1,INSIDE,FVG,0,0.7220150997476367,-0.2079590416748795,-0.2079590416748795,0.0467323689157051,0.0,-0.9299741414225162,0.32044486703640507,-0.5907974873231416,-0.17011343241552715,1.2089311917610037,0.38739579500001753
2025-07-02 02:45:00,2025,1264,-1,REJECT,FVG,1,0.09413458986278228,0.09413458986278228,-0.374173168751115,0.5293296786756845,0.43614116509292933,-0.4683077586138972,0.5144931227847485,-0.3516459140468065,-0.1222949105138034,0.6178257886998696,0.31786711936514606
2025-07-02 09:15:00,2025,1264,-1,REJECT,FVG,1,0.41565057029098246,0.41565057029098246,-0.4456116525888278,0.4674879983936175,0.048032846223544916,-0.8612622228798102,0.5099397205501276,-0.3242850944205136,0.0530374916675396,0.6888082308481935,0.3512506767513556
2025-07-03 07:45:00,2025,1265,1,REJECT,FVG,1,0.10751203869371546,0.10751203869371546,0.0726303550286642,0.1256696274508815,0.01672409490792867,-0.03488168366505127,0.7055906352723543,-0.42475977457367564,-0.049193767712769176,0.7797671424996601,0.5501963934408436
2025-07-03 08:15:00,2025,1266,-1,INSIDE,FVG,0,0.3439857139049582,-0.16647565233614,-0.16647565233614,0.0796396492443758,0.0,-0.5104613662410983,0.4021295352897267,-0.18970362262831933,0.024908622260890134,0.8648400535546137,0.34777772883585917
2025-07-03 15:45:00,2025,1267,1,ACCEPT,FVG,0,2.084211033460125,0.5978978022478194,0.5978978022478194,0.6508943842359364,0.0,-1.4863132312123057,0.0017130700497096725,0.07551763351139906,0.07895866601390072,1.1783418253768072,0.0020185820893732333
2025-07-03 23:45:00,2025,1268,-1,REJECT,FVG,0,0.752101910828022,-0.662795843110963,-0.662795843110963,0.1766811934294264,0.0,-1.414897753938985,0.3108825031873895,-0.5591166583468846,-0.1514817473360024,1.3712058231281457,0.4262838986792028
2025-07-03 23:45:00,2025,1268,-1,REJECT,FVG,0,0.20130070398927605,-0.662795843110963,-0.662795843110963,0.1766811934294264,0.0,-0.864096547100239,0.684384585573322,-0.6111511459211998,-0.055121623321939955,1.2115196436603966,0.8291453692404593
2025-07-04 13:45:00,2025,1269,1,REJECT,FVG,0,0.47906723365505033,0.0014635455203408,0.0014635455203408,0.1790404019871731,0.0,-0.4776036881347095,0.45173429834340617,-0.34265087239518943,0.028547379677488244,1.0164615328792264,0.4591705373482604
2025-07-07 01:15:00,2025,1270,-1,REJECT,OB,1,0.36756169256231275,0.36756169256231275,0.5345453647209796,2.065558382530936,1.6979966899686232,0.1669836721586668,0.2949776624415297,0.006416487955029138,0.1129462562120536,0.6623870995891261,0.19538939826822516
2025-07-07 13:00:00,2025,1270,-1,REJECT,FVG,1,0.40833792802653035,0.40833792802653035,-0.9109836483784296,0.6206539002773355,0.21083469802578972,-1.31932157640496,0.5508613852291568,-0.48583370328095554,0.006730920173701027,0.9033306030260319,0.4976099473028095
2025-07-07 15:30:00,2025,1270,-1,REJECT,OB,0,0.3169926841511923,-1.2131635902795574,-1.2131635902795574,0.037525613700129,0.0,-1.5301562744307495,0.7453934627713026,-0.6535527865185451,0.06988546264097414,0.924400502809278,0.689042091776541
2025-07-08 03:15:00,2025,1271,1,REJECT,FVG,0,0.4643622003253305,-0.6221073214549967,-0.6221073214549967,0.154294446604925,0.0,-1.0864695217803273,0.6117887799363947,-0.6465042104668086,0.03311139566403598,0.8721575089754741,0.5335761783284705
2025-07-08 09:00:00,2025,1271,1,INSIDE,FVG,1,0.1934807992404841,0.1934807992404841,-0.5077643310016768,0.2671410019970126,0.0716959306830228,-0.7012451302421608,0.6195142979177023,-0.41065321910902786,-0.036383556883029675,0.5179044757118392,0.32084922765905577
2025-07-08 20:15:00,2025,1272,-1,REJECT,FVG,1,0.8373696740825876,0.8373696740825876,-0.382234627698886,1.055085789344064,0.21771611526147616,-1.2196043017814735,0.49642237145932605,-0.6405036221037801,0.09314574430546751,1.0417963788791784,0.5171710289809403
2025-07-09 05:30:00,2025,1272,-1,INSIDE,OB,1,0.2661735697491787,0.2661735697491787,-0.4548160625955096,0.9866693735785292,0.7200019753140576,-0.7209896323446883,0.5311119998402131,-0.3853554392044659,-0.03932056430518363,0.843199101800979,0.4478331612209894
2025-07-09 15:15:00,2025,1272,-1,ACCEPT,FVG,0,0.43645170857085996,-1.0058654891752246,-1.0058654891752246,0.1715161300952218,0.0,-1.4423171977460845,0.6181364403216468,-0.5105364628382602,0.07483143446327892,1.1555620859890001,0.7142950344038973
2025-07-09 16:15:00,2025,1272,-1,REJECT,OB,0,0.7322699873489823,-0.6881154962419241,-0.6881154962419241,0.304616376851156,0.0,-1.4203854835909064,0.2926368455005738,-0.31284817093230094,-0.007008089917496851,0.7480429722329176,0.2189049356931143
2025-07-10 08:45:00,2025,1273,1,REJECT,FVG,1,0.15926608390823135,0.15926608390823135,-0.4085301453899875,0.3650479764499802,0.20123143300150645,-0.5677962292982188,0.7277598280931721,-0.514129611509436,-0.02405927597359235,1.136604671387826,0.8271752202591005
2025-07-10 15:00:00,2025,1273,1,REJECT,FVG,0,0.49891251778295953,-0.2754200735924172,-0.2754200735924172,0.4556394932813586,0.0,-0.7743325913753767,0.40879993030233164,-0.39292788395482026,-0.028343589883612436,0.8988394988882746,0.36744552449850937
2025-07-10 17:00:00,2025,1273,1,INSIDE,OB,0,0.8972373057347457,0.1225594498442519,0.1225594498442519,0.4514273069263184,0.0,-0.7746778558904938,0.1393230547816587,-0.14302183768973534,0.0019102439367150031,1.1594340695334893,0.16153589638533583
2025-07-10 19:00:00,2025,1273,1,REJECT,FVG,0,0.49891909374095594,-0.2323522903297049,-0.2323522903297049,0.0153199312305169,0.0,-0.731271384070661,0.38555653458530403,-0.31432572926079577,-0.0007738735348014336,1.2183646390462772,0.4697484480919574
2025-07-10 22:15:00,2025,1274,-1,INSIDE,OB,0,0.637700191270083,-0.3031773673242218,-0.3031773673242218,0.1449085043820918,0.0,-0.9408775585943048,0.34086379309542497,-0.19115156955645743,0.09137398555269916,0.8266085685739034,0.28176093208928044
2025-07-11 03:45:00,2025,1274,-1,ACCEPT,OB,0,0.7297248479740066,0.2776463707284403,0.2776463707284403,0.3194481477340196,0.0,-0.45207847724556643,0.015242916298531473,0.03075013205424848,0.041404545143803165,1.1753574445187533,0.017915875147655205
2025-07-11 05:15:00,2025,1275,1,REJECT,FVG,1,0.27681680718476853,0.27681680718476853,0.9959219208211229,2.2836097873900387,2.0047310300586445,0.7191051136363542,0.7347373099132604,-0.6244102294751357,0.03775489906146162,0.7833577786973887,0.5755621870197465
2025-07-11 11:30:00,2025,1275,1,ACCEPT,FVG,1,0.2680911395305447,0.2680911395305447,0.5913471866183465,1.8766379767138832,1.6090623970670388,0.32325604708780176,0.6768073129223074,-0.4650360843826874,0.031149782064218035,1.160360572385994,0.7853405210175552
2025-07-11 23:30:00,2025,1275,1,INSIDE,FVG,1,0.7378514452181458,0.7378514452181458,-0.2238425732684382,1.0684337640729158,0.3305823188547698,-0.961694018486584,0.45594182919077697,-0.6402053541095383,-0.011891616295286511,1.268215221735879,0.5782323680058435
2025-07-14 04:00:00,2025,1275,1,ACCEPT,FVG,1,0.33507732331259665,0.33507732331259665,-0.9089752854458868,0.3907501083971785,0.053591559473922815,-1.2440526087584838,0.6056885234246865,-0.5837459217095573,-0.027225227143809955,1.2114442330866564,0.7337578687496086
2025-07-14 08:15:00,2025,1275,1,INSIDE,FVG,1,0.7703884128571927,0.7703884128571927,-0.4384324300813409,0.8622504458266268,0.09290591970772208,-1.2088208429385336,0.3499593915334417,-0.2735808721186343,0.0917659836311083,1.114799908920379,0.3901346978073121
2025-07-14 13:45:00,2025,1275,1,REJECT,FVG,0,0.20329617820561185,-1.0967568178066582,-1.0967568178066582,0.1016480891027941,0.0,-1.30005299601227,0.6680022981314008,-0.6252944816346662,-0.07179401665114668,1.2519341304610183,0.8362948762570972
2025-07-14 15:15:00,2025,1275,1,INSIDE,FVG,0,0.6541966760206172,-0.6244841576674814,-0.6244841576674814,0.0583824922026302,0.0,-1.2786808336880986,0.28676279152782497,-0.2116270355586173,0.03665898894482636,1.224661406240675,0.3511873235299677
2025-07-14 23:30:00,2025,1276,-1,REJECT,FVG,0,0.1977318818620471,-0.8061376722068057,-0.8061376722068057,0.1856686636052103,0.0,-1.0038695540688527,0.7100782954118561,-0.571763788358368,-0.025361614521451914,1.6470774275591165,1.1695539321725223
2025-07-15 03:15:00,2025,1276,-1,INSIDE,FVG,0,0.2815977125312816,-0.7145410121345852,-0.7145410121345852,0.0464056155482306,0.0,-0.9961387246658667,0.5802644251290336,-0.37985866435422744,0.003960939927175888,0.9824337664157143,0.5700713646965658
2025-07-15 15:30:00,2025,1277,1,REJECT,OB,0,0.6523294325458368,-0.2707882534775714,-0.2707882534775714,0.3375579598145227,0.0,-0.9231176860234083,0.34487200205846985,-0.31189422673776285,0.020639517071516067,0.7807243584487942,0.2692499725540501
2025-07-15 21:15:00,2025,1278,-1,REJECT,FVG,0,0.4454976303317553,-0.5023696682464435,-0.5023696682464435,0.2622432859399692,0.0,-0.9478672985781987,0.7287087597327877,-0.7317065284029068,0.12613245406090856,1.2322848600808447,0.8979767720270042
2025-07-15 22:45:00,2025,1278,-1,ACCEPT,FVG,1,0.19167983149025128,0.19167983149025128,-0.4607688256977355,0.3006845708267527,0.11216429699842592,-0.6524486571879868,0.6185953063347718,-0.43120524152719053,-0.045891458972609434,1.0538522096605456,0.6519080304665413
2025-07-16 15:45:00,2025,1279,1,REJECT,FVG,1,0.4789614510324049,0.4789614510324049,0.3601534381511764,2.302105038833089,1.8226108164424848,-0.11880801288122841,0.37386331582297594,-0.2916370851960398,-0.0035385612733418448,0.7376048410256304,0.27576339163292124
2025-07-16 16:45:00,2025,1279,1,INSIDE,OB,1,0.7448555523278234,0.7448555523278234,0.7384527825370456,2.6763577725475227,1.9379049900104768,-0.006402769790777742,0.08605067124324206,-0.02025444038404356,0.04558378806372464,0.7513251795915085,0.06465203602579869
2025-07-16 21:30:00,2025,1279,1,ACCEPT,OB,0,1.2536803950779478,-0.6698612300437329,-0.6698612300437329,0.0501472158031083,0.0,-1.9235416251216808,0.23791332302132182,-0.563871496692511,-0.13145168635771132,1.0661710772141038,0.2536563038892297
2025-07-16 23:45:00,2025,1279,1,ACCEPT,FVG,0,0.5384227380966249,-0.3415289328906977,-0.3415289328906977,0.2570704641696618,0.0,-0.8799516709873226,0.5183508353611941,-0.326922552967278,0.12162990153157169,1.0764136626385572,0.5579599212228987
2025-07-17 08:45:00,2025,1280,-1,REJECT,FVG,1,0.041979346869850276,0.041979346869850276,-0.2497505446687554,1.4522728480418452,1.4097621170343904,-0.29172989153860573,0.7191607016177081,-0.4582974724408787,-0.09851804406229948,0.8976887887637905,0.6455824991617182
2025-07-17 17:15:00,2025,1280,-1,INSIDE,OB,0,0.781159710838816,-0.918074931896185,-0.918074931896185,0.0010613583027691,0.0,-1.699234642735001,0.46782887651741895,-0.5346936376434961,0.08090055603866775,1.2310090247721246,0.5759015690419466
2025-07-18 08:45:00,2025,1281,1,ACCEPT,FVG,1,0.5200131724695432,0.5200131724695432,0.8201658533664529,1.4371763015297814,0.918779750321812,0.3001526808969095,0.42732302720204884,-0.2172852115746791,0.09777936584627675,0.7239192981900733,0.3093473859525648
2025-07-18 17:30:00,2025,1281,1,REJECT,OB,0,0.3868725103787296,-0.2334202855916492,-0.2334202855916492,0.1810087862805496,0.0,-0.6202927959703789,0.7129027989238282,-0.6603196122261328,0.08622658298985833,0.7609643752229921,0.5424936329777933
2025-07-21 13:30:00,2025,1283,1,REJECT,OB,1,0.2926135401496792,0.2926135401496792,1.4292619697842006,2.0660289349963303,1.7728612025357495,1.1366484296345216,0.7373849767503475,-0.5593862704797004,0.0688655900725452,0.971516806422634,0.7163818977165259
2025-07-21 21:45:00,2025,1283,1,INSIDE,FVG,1,0.4420665338034513,0.4420665338034513,-0.1280392457458314,0.5049823700751236,0.06346772957228747,-0.5701057795492827,0.46569157976000675,-0.6079884834017141,-0.11898670360451954,1.100011822227831,0.5122662432479623
2025-07-22 13:00:00,2025,1284,-1,REJECT,FVG,0,0.1566099427807058,-1.1932451512224034,-1.1932451512224034,0.0150479304451204,0.0,-1.3498550940031093,0.6569175636217212,-0.3994011091514672,-0.034147683569433845,1.2665939232095844,0.8320477941329175
2025-07-22 15:30:00,2025,1284,-1,INSIDE,OB,0,0.8861559039904674,-0.3934755146020626,-0.3934755146020626,0.146020658393395,0.0,-1.27963141859253,0.07119900674212387,-0.0718078312781632,-0.0036017648320618018,1.174709878973629,0.08363817659308292
2025-07-22 23:00:00,2025,1285,1,REJECT,FVG,1,0.10508659914187833,0.10508659914187833,-0.1718082493907096,0.4125622040384918,0.308031618648699,-0.276894848532588,0.8210426938621662,-0.794091252976529,-0.05582784701203533,1.2361067247890274,1.0148963952219223
2025-07-23 04:45:00,2025,1285,1,REJECT,FVG,0,0.8280859461326895,0.2386770047716591,0.2386770047716591,0.3070305131804622,0.0,-0.5894089413610303,0.5860415659556466,-0.5173017991984546,0.27115134189294576,1.0239923219225415,0.6001020638660448
2025-07-23 11:45:00,2025,1285,1,REJECT,FVG,0,0.1567136932568155,0.0909950476975008,0.0909950476975008,0.1067225868057231,0.0,-0.06571864555931467,0.7794294008536619,-0.5620676719989478,-0.001828343132871127,0.8094616659597644,0.6309182213130262
2025-07-23 17:30:00,2025,1287,1,ACCEPT,FVG,0,0.998534233003822,-1.3923223812306813,-1.3923223812306813,0.2582125143373089,0.0,-2.3908566142345036,0.14820885191526598,-0.08298452966958492,0.07730612447105975,0.8049781092470659,0.1193048813884292
2025-07-23 23:00:00,2025,1288,-1,REJECT,FVG,1,0.49434807847152573,0.49434807847152573,1.2566552858417894,2.1796256187153285,1.6908951320446104,0.7623072073702638,0.665573000511111,-0.8075291809370675,0.05896517290469194,1.4203267243491726,0.9453311196311965
2025-07-24 19:45:00,2025,1288,-1,INSIDE,OB,0,1.1015709066439083,0.1571224062899749,0.1571224062899749,0.24739637063112,0.0,-0.9444485003539335,0.32917957311240775,-0.39523902411499895,0.09748022992263078,1.4000212559779117,0.4608583993911059
2025-07-24 21:45:00,2025,1288,-1,ACCEPT,FVG,0,0.35868672528058837,0.2670096069980116,0.2670096069980116,0.3013885263539747,0.0,-0.09167711828257676,0.6060947561341588,-0.3208263545641572,0.09102295985431502,1.358691502447655,0.8234957948375652
2025-07-25 05:30:00,2025,1289,1,REJECT,FVG,0,0.4164759871863399,-0.3012682452260802,-0.3012682452260802,0.0259217419410741,0.0,-0.71774423241242,0.45624595464796636,-0.3238755622112484,0.013906837218755269,0.9013751406796208,0.41124876155531853
2025-07-25 21:30:00,2025,1290,-1,REJECT,FVG,1,0.7823948152678983,0.7823948152678983,-0.0696893585455713,1.117957861037709,0.3373199203550049,-0.8520841738134697,0.31057319633815195,-0.37758877563949284,-0.01732896411157714,1.512881075687359,0.46986031135572465
2025-07-28 05:30:00,2025,1290,-1,ACCEPT,FVG,0,0.4607774313094685,-0.2433186945945696,-0.2433186945945696,0.225686905131159,0.0,-0.7040961259040381,0.3813835639600702,-0.24715962268486452,0.022835934026886884,1.3768961370467263,0.5251255559497338
2025-07-28 05:30:00,2025,1290,-1,ACCEPT,FVG,0,0.950353452075794,-0.2433186945945696,-0.2433186945945696,0.225686905131159,0.0,-1.1936721466703637,0.31085364903929585,-0.3169667262271479,0.07698437569945271,1.3820404868727771,0.42961232846444786
2025-07-28 12:45:00,2025,1291,1,REJECT,FVG,0,0.4526127023987923,-0.5488002780063639,-0.5488002780063639,0.0837953112654904,0.0,-1.0014129804051561,0.3088946590341427,-0.20643228972012728,-0.002856811591394337,0.9124913082375706,0.2818636915296632
2025-07-28 20:30:00,2025,1292,-1,REJECT,OB,0,0.5179763059646612,-0.9218919951788712,-0.9218919951788712,0.1440456242466894,0.0,-1.439868301143532,0.36227265374676715,-0.5757978364371135,-0.1795533752696282,1.1539556414787548,0.4180465725445615
2025-07-29 03:00:00,2025,1292,-1,REJECT,OB,1,0.22349275772805294,0.22349275772805294,-0.8086050969258963,0.2703254576233194,0.04505424293720639,-1.032097854653949,0.7198557853344945,-0.5545131202112995,0.005538912047585887,1.0341323847190287,0.74442617994175
2025-07-29 08:00:00,2025,1292,-1,REJECT,FVG,0,0.501646669424884,-0.5808853951179146,-0.5808853951179146,0.3115928837401747,0.0,-1.0825320645427985,0.5226183468297405,-0.37546857257210886,0.08292794517952731,1.1031684359153138,0.5765360642528118
2025-07-29 11:15:00,2025,1292,-1,ACCEPT,FVG,0,1.0735953661563908,0.0518328506413114,0.0518328506413114,0.1417956143980205,0.0,-1.0217625155150794,0.1874428050466942,-0.21449166457669952,0.026950981608178326,1.123487035249771,0.21058956132081127
2025-07-29 14:15:00,2025,1293,1,REJECT,OB,1,0.6151179125444577,0.6151179125444577,-0.3813850614221031,0.8602086259975413,0.24449293122516327,-0.996502973966561,0.523373314983462,-0.4212181089428014,0.12117251005975763,1.0418151421632886,0.5452582445539671
2025-07-29 22:00:00,2025,1293,1,ACCEPT,OB,0,0.49786150543360336,-0.7458935911730821,-0.7458935911730821,0.4906721696150741,0.0,-1.2437550966066855,0.5417217427575892,-0.4949679813319081,0.04286933849982763,1.1928253657310257,0.64617943592927
2025-07-30 01:45:00,2025,1293,1,ACCEPT,FVG,1,0.25899888645907176,0.25899888645907176,-0.8005420126916688,0.4479654399828315,0.1889665535237598,-1.0595408991507407,0.5472179371991333,-0.42727102895097224,-0.05173182147846431,0.9051688271771707,0.4953246184248501
2025-07-30 05:45:00,2025,1293,1,INSIDE,FVG,1,0.4146323445464572,0.4146323445464572,-0.8165718622190138,0.4321605340389434,0.01873703014713944,-1.2312042067654712,0.6313754834983737,-0.3840372818616238,0.12022313966724382,1.0532386750398561,0.6649890776924756
2025-07-30 15:00:00,2025,1293,1,REJECT,OB,0,0.1935510049503511,-1.0651391781859494,-1.0651391781859494,0.0632996997321913,0.0,-1.2586901831363004,0.7111863528708826,-0.5325978479779016,-0.016170693622482635,0.704252190371734,0.5008545467718041
2025-07-30 21:00:00,2025,1294,-1,REJECT,FVG,1,0.7495538370017768,0.7495538370017768,0.1706006311820141,1.9945754645640583,1.241391826898838,-0.5789532058197627,0.4490796201468346,-0.5912362021166861,0.01088527934729272,1.0466953217318633,0.47004953749281403
2025-07-31 01:15:00,2025,1294,-1,REJECT,FVG,0,0.5593914335032694,-1.2524587531612374,-1.2524587531612374,0.0590100758700986,0.0,-1.8118501866645067,0.8230003433025277,-1.059034222877293,0.2729306479335285,1.2028752212509997,0.9899667200396767
2025-07-31 13:45:00,2025,1295,1,INSIDE,OB,0,0.847151435636084,-0.353635767270534,-0.353635767270534,0.6243124589998451,0.0,-1.2007872029066178,0.4814458232039464,-0.6693839259409677,0.06074568963139049,1.402623908974144,0.6752874225015939
2025-07-31 21:30:00,2025,1296,-1,ACCEPT,FVG,1,0.4158387833314326,0.4158387833314326,0.1369964504852655,0.9032066868277356,0.487974082480737,-0.278842332846167,0.6037337975560202,-0.4197543124966948,0.08472148045921207,0.8198995935197992,0.49500109521034574
2025-08-01 10:30:00,2025,1296,-1,REJECT,FVG,0,0.5577142395769223,-0.2083102045759647,-0.2083102045759647,0.3385040824359462,0.0,-0.7660244441528871,0.37540170646814175,-0.27937648825481864,0.034868799441875736,1.048652708335131,0.3936660162014467
2025-08-01 18:45:00,2025,1297,1,REJECT,FVG,1,0.38438602511270553,0.38438602511270553,1.0446184957040616,2.192379575369706,1.8127908797436085,0.6602324705913561,0.7736691075723012,-1.2023961039526916,0.025248209753010342,1.212211611297086,0.9378506755009979
2025-08-01 20:30:00,2025,1297,1,REJECT,FVG,1,0.22253991422316166,0.22253991422316166,1.118697951553085,2.2721865096424008,2.0490467573755247,0.8961580373299232,0.8160426547727523,-1.1753808140231314,-0.03461787178316722,1.1673285974740646,0.9525899276748893
2025-08-04 07:45:00,2025,1297,1,REJECT,FVG,1,0.09964517247818129,0.09964517247818129,0.3271483072326008,1.4826721447056146,1.3812261558573338,0.2275031347544196,0.8102421311898895,-0.7820818618127219,-0.06766947042111969,1.7726561020271474,1.4362806579732381
2025-08-04 09:30:00,2025,1297,1,INSIDE,OB,1,0.5078170918067523,0.5078170918067523,0.7484256662580454,1.910964080001349,1.4025424440376981,0.24060857445129305,0.5497709767502813,-0.4205916694872786,0.08982052203285953,1.3094030809900041,0.7198718107957023
2025-08-04 12:45:00,2025,1297,1,REJECT,OB,1,0.20226692370578567,0.20226692370578567,0.4118009225147948,1.5757441182110858,1.3734771945053004,0.20953399880900916,0.5408019710273093,-0.49226055453999074,-0.11665872537204817,1.1586715882796192,0.6266118787149612
2025-08-05 01:45:00,2025,1297,1,ACCEPT,FVG,1,0.23629518533256552,0.23629518533256552,-0.5001377368308325,0.4976890820605491,0.2589452419577004,-0.7364329221633981,0.6543018350736867,-0.5704708097372763,-0.04260233868802993,1.2537827701211244,0.8203523672740219
2025-08-05 01:45:00,2025,1297,1,ACCEPT,FVG,1,0.17201799761255807,0.17201799761255807,-0.5001377368308325,0.4976890820605491,0.32322242967770776,-0.6721557344433906,0.6436326066357162,-0.4945251667913777,-0.0655162524508538,1.295991672642212,0.8341424984408887
2025-08-05 05:45:00,2025,1297,1,REJECT,OB,0,0.43096371695944796,-0.5701034312920832,-0.5701034312920832,0.0455590215071282,0.0,-1.0010671482515312,0.6897421217465417,-0.5579938735739671,0.12413183323789823,0.9957701705146761,0.6868246301827083
2025-08-06 03:15:00,2025,1299,1,REJECT,FVG,0,0.46872374979000114,-0.665915327322628,-0.665915327322628,0.1461611692893644,0.0,-1.1346390771126291,0.6726052027968504,-0.6836544449657177,0.091441124416621,1.3845684561041172,0.9312679472040318
2025-08-06 16:15:00,2025,1300,-1,REJECT,FVG,0,0.6509979872525933,-0.4799144582354976,-0.4799144582354976,0.2100805098960169,0.0,-1.130912445488091,0.46522266439537724,-0.4170700480528796,0.07981940908746832,1.2552570044028892,0.5839740080892719
2025-08-06 19:00:00,2025,1300,-1,ACCEPT,FVG,0,1.082480711170749,0.0805098960080634,0.0805098960080634,0.2836715867158805,0.0,-1.0019708151626856,0.17802275031416756,-0.19856778447366416,0.029487992006781205,1.2857976719882387,0.22890123791490014
2025-08-07 06:45:00,2025,1302,-1,REJECT,FVG,0,0.7815766214453123,-0.0031566099412283,-0.0031566099412283,0.0460865051417679,0.0,-0.7847332313865406,0.21673119696877055,-0.13995913530242307,0.059766412307035374,0.94296665961979,0.20437029284104033
2025-08-07 14:45:00,2025,1303,1,REJECT,FVG,1,1.1502900652646786,1.1502900652646786,0.9607714620404928,1.854395604395585,0.70285044904333,-0.1895186032241856,0.2480014394019767,-0.2959802016251769,0.06269690632778827,1.055105975239193,0.26166780058094624
2025-08-07 19:30:00,2025,1303,1,INSIDE,FVG,1,0.25427453278363704,0.25427453278363704,0.2888056421740174,1.1853588096184888,0.9273172467195423,0.03453110939038033,0.4677146725355962,-0.5154452174404109,-0.15543599652018947,1.0608936356228105,0.4961955193804209
2025-08-08 06:15:00,2025,1303,1,INSIDE,FVG,0,1.4028535928185453,0.5095003420402425,0.5095003420402425,0.8185930279635459,0.0,-0.8933532507783026,0.09801655531070742,-0.13605773620676517,0.014781051192918435,1.3374171823106642,0.13108902522344368
2025-08-08 13:45:00,2025,1305,1,ACCEPT,FVG,0,0.9986996645765439,0.1936833840966338,0.1936833840966338,0.8548566301334151,0.0,-0.8050162804799101,0.2908642450432736,-0.3474653993504877,0.044085885672278446,1.0718070555838874,0.3117503500544614
2025-08-08 19:15:00,2025,1306,-1,REJECT,OB,0,0.874970669711186,-0.150030993797745,-0.150030993797745,0.098970025320367,0.0,-1.025001663508931,0.5210476906708004,-0.4469511925986154,0.24183314100515035,0.9653739004536089,0.5030058414652161
2025-08-11 20:30:00,2025,1308,-1,INSIDE,FVG,1,0.24544081449989355,0.24544081449989355,-0.5701778921458899,0.2542515104050097,0.014474714701276528,-0.8156187066457834,0.7667909687191296,-0.7665756187925143,0.009429442451449443,1.8188959328769425,1.3947129743699955
2025-08-11 22:45:00,2025,1308,-1,INSIDE,FVG,0,0.8011439919445068,-0.0289494294025531,-0.0289494294025531,0.7407277914522244,0.0,-0.83009342134706,0.41546527430907954,-0.38884442065792857,0.10555444160856839,1.25272763784635,0.5204648316923991
2025-08-12 02:15:00,2025,1308,-1,INSIDE,FVG,0,0.33756573399904904,-0.4332933302077311,-0.4332933302077311,0.0906893016713875,0.0,-0.7708590642067802,0.6732388094115265,-0.6366156521438571,0.019241064413863584,1.3596750157501594,0.9153859887902358
2025-08-12 07:15:00,2025,1308,-1,REJECT,FVG,0,0.3197550156619092,-0.2037098028773055,-0.2037098028773055,0.0939713951353371,0.0,-0.5234648185392148,0.5455004970113154,-0.3531621692645392,0.013914489560293675,1.1556028159562695,0.6303819104518207
2025-08-13 04:15:00,2025,1310,-1,INSIDE,FVG,0,1.0908747956574523,-0.2112587500524032,-0.2112587500524032,0.3646728423523318,0.0,-1.3021335457098555,0.40047373363494465,-0.48817864740883377,0.1441907805450363,1.1497538708144064,0.46044622540627517
2025-08-13 19:45:00,2025,1311,1,ACCEPT,FVG,0,0.8456548847834392,-0.0289220257992875,-0.0289220257992875,0.1496400465267152,0.0,-0.8745769105827268,0.3941481515422763,-0.3684180423983951,0.1101065576878455,1.257662372428822,0.49570529935709406
2025-08-13 21:30:00,2025,1311,1,INSIDE,OB,0,0.6252620984651541,0.3686152813889197,0.3686152813889197,0.4900192904470323,0.0,-0.2566468170762343,0.27396153925257144,-0.16644444589867843,0.05045269763157137,0.8660861280413549,0.23727428876350926
2025-08-14 06:00:00,2025,1313,1,INSIDE,OB,0,0.7567016001369964,-1.042902122217052,-1.042902122217052,0.227702393391172,0.0,-1.7996037223540484,0.3926703764578696,-0.405199702397067,0.05104451947587277,1.1062541749257488,0.43439324332618373
2025-08-14 14:15:00,2025,1314,-1,REJECT,FVG,1,0.8072536440710374,0.8072536440710374,0.5588679074337906,1.538611646391803,0.7313580023207659,-0.24838573663724667,0.4808931060904682,-0.4268796496424797,0.16660654330107363,0.8780819076704082,0.4222635359814663
2025-08-14 22:15:00,2025,1314,-1,INSIDE,OB,0,0.6966725043782658,-0.2881260945709382,-0.2881260945709382,0.5440980735551727,0.0,-0.984798598949204,0.3628985510124922,-0.4473319023309205,-0.03217436078425101,0.9824368087229797,0.35652489434690626
2025-08-15 04:00:00,2025,1314,-1,REJECT,FVG,0,0.30939467329372744,-0.5283119676896569,-0.5283119676896569,0.2410621074128845,0.0,-0.8377066409833844,0.5883040148836085,-0.3312861349746732,0.04562895678850232,1.1280946745074787,0.6636626261815672
2025-08-15 15:15:00,2025,1315,1,ACCEPT,FVG,0,0.5967997693527352,0.237960459466191,0.237960459466191,0.3164367812050612,0.0,-0.35883930988654406,0.3614433267672666,-0.2647000153201175,0.046683332861322174,0.8486645548384804,0.3067441400102817
2025-08-15 22:30:00,2025,1316,-1,ACCEPT,FVG,1,0.27614921747189,0.27614921747189,-1.2790069019751158,0.8707863196253531,0.5940051817473353,-1.555156119447006,0.5918720383858351,-0.4198371600703806,-0.007902284105663487,0.9950543027655504,0.5889448184824423
2025-08-18 10:45:00,2025,1317,1,INSIDE,FVG,0,0.4960719716168218,-0.3668271667511664,-0.3668271667511664,0.0709579320831151,0.0,-0.8628991383679881,0.6001261003533184,-0.5537282294186577,0.07628427137889426,0.9863403416853843,0.5919285828768093
2025-08-19 01:15:00,2025,1318,-1,REJECT,FVG,1,0.16877816965188663,0.16877816965188663,-0.303033531875008,0.4315350928599582,0.2621176119593762,-0.47181170152689467,0.659367435250005,-0.5028019692910962,-0.05998389551141964,0.951318390862842,0.6272683674893939
2025-08-19 06:15:00,2025,1318,-1,ACCEPT,FVG,0,0.9639727361246146,0.2296391587715418,0.2296391587715418,0.4311331281672075,0.0,-0.7343335773530728,0.13247866317701518,-0.1888131827307684,-0.03609364527152015,1.1650746293979568,0.1543475294040977
2025-08-19 14:45:00,2025,1319,1,REJECT,OB,0,0.2603686061301305,-1.5295052355181458,-1.5295052355181458,0.0557932727421645,0.0,-1.7898738416482765,0.7587883029661088,-0.4932514863558977,0.07858662470273758,0.8161241876662162,0.6192654873688422
2025-08-20 10:30:00,2025,1320,-1,REJECT,FVG,0,0.8518397915988514,-0.0293064148485716,-0.0293064148485716,0.2390100944317856,0.0,-0.8811462064474229,0.09500120379782549,-0.055806512493929816,0.03042097901753158,0.8874727294853343,0.08431097763884869
2025-08-20 22:45:00,2025,1321,1,REJECT,FVG,1,0.1417724091872632,0.1417724091872632,-0.6415691512529498,0.2600249716890743,0.11759923342723083,-0.7833415604402131,0.7920444305015137,-0.7800269106856708,-0.0499208933402301,1.995615216841122,1.5806159179230814
2025-08-21 03:15:00,2025,1321,1,INSIDE,OB,0,0.48275962321200794,-0.4193074776136956,-0.4193074776136956,0.1151296662402746,0.0,-0.9020671008257036,0.4261452694091438,-0.3084375916844528,0.028727358613363757,1.3790256096904645,0.5876652399636518
2025-08-21 06:30:00,2025,1321,1,INSIDE,FVG,0,0.23342148087877343,-0.3001133325584189,-0.3001133325584189,0.0228844589096766,0.0,-0.5335348134371922,0.33557826018403397,-0.20566663710858737,-0.05831821040690699,1.3024199817898754,0.43706383151796757
2025-08-21 13:00:00,2025,1322,-1,REJECT,OB,1,0.4233089303331374,0.4233089303331374,0.0642171442301052,1.0156793220067482,0.5963020535652461,-0.3590917861030321,0.5039311371494644,-0.3346873597172828,0.047290572682900656,0.7574197866200819,0.38168741437096254
2025-08-22 04:45:00,2025,1324,-1,INSIDE,OB,1,0.1996135095963939,0.1996135095963939,-2.135798673635207,1.0962273266283002,0.8985901884140619,-2.335412183231601,0.6768237003324699,-0.37338668724009605,0.014433426274010674,0.6520365777229532,0.44131380928656927
2025-08-22 14:45:00,2025,1324,-1,REJECT,FVG,1,0.2504833889963203,0.2504833889963203,-2.7263139391808795,0.5095359465635441,0.2590525575672238,-2.9767973281771996,0.5322690501982348,-0.39369978790740445,-0.05082102018317741,0.9273588354253165,0.49360440652477433
2025-08-22 17:15:00,2025,1324,-1,ACCEPT,FVG,0,2.4852123277838722,-0.7672289724270427,-0.7672289724270427,0.1172707496714859,0.0,-3.252441300210915,0.012544190504049667,0.12891394413100488,0.15847179993993077,1.4935087838504144,0.018734858704091136
2025-08-22 21:15:00,2025,1325,1,ACCEPT,FVG,1,0.32485547453735963,0.32485547453735963,-0.1170002614531253,0.8288063213548958,0.5046044795630688,-0.441855735990485,0.7241137648429905,-0.9611670018999896,-0.029940424814234617,1.35047966382579,0.977900913716789
2025-08-22 23:30:00,2025,1325,1,REJECT,FVG,1,0.27844754960347656,0.27844754960347656,0.0483688231705402,0.9954826714696564,0.7163814891206173,-0.23007872643293634,0.7025319429305487,-0.7959568885476339,-0.04115345112012975,1.674719452151445,1.1765439105835387
2025-08-25 02:00:00,2025,1325,1,REJECT,FVG,1,0.418245420099916,0.418245420099916,0.3154840258030537,1.261936103212275,0.8449997454600879,-0.10276139429686224,0.27154346811473373,-0.5446413095381746,-0.28317570757059346,0.9894818135677532,0.2686873232926441
2025-08-25 07:15:00,2025,1325,1,REJECT,FVG,1,0.35407596100860084,0.35407596100860084,0.4158257575481042,1.3637508257027873,1.0129594283399181,0.06174979653950332,0.517239973383799,-0.5081194445690289,-0.06215751593642191,1.0489842609422397,0.5425765912097882
2025-08-25 09:00:00,2025,1325,1,REJECT,FVG,1,0.23125068628525908,0.23125068628525908,0.4914900625891886,1.44218732842867,1.2142308114636964,0.26023937630392957,0.582029010270433,-0.3377911276777032,-0.006592283894348433,0.68643109736499,0.3995228122181923
2025-08-25 13:30:00,2025,1325,1,ACCEPT,FVG,1,0.30401153933899927,0.30401153933899927,0.447075793145573,1.406798495764722,1.1021246219173744,0.14306425380657373,0.4946505463846184,-0.2605833083858624,0.018693841527180843,1.2378276469211689,0.6122921218795427
2025-08-25 23:00:00,2025,1325,1,INSIDE,FVG,1,0.7244910439297818,0.7244910439297818,0.43896418683774,1.408287839535661,0.6804612014809904,-0.2855268570920419,0.2691060589883844,-0.2262166241688674,0.029624569643197096,1.106836022597946,0.2978562799877116
2025-08-25 23:00:00,2025,1325,1,INSIDE,FVG,1,0.6257574578325372,0.6257574578325372,0.43896418683774,1.408287839535661,0.7791947875782352,-0.18679327099479717,0.2911974317730066,-0.20357960745125067,0.03792121603355067,1.1838991307544846,0.34474838635400085
2025-08-26 05:30:00,2025,1325,1,REJECT,FVG,0,0.5858093679598957,-0.3705062631629234,-0.3705062631629234,0.1802998392931844,0.0,-0.9563156311228189,0.6274188576127027,-0.8608752045499342,0.04680197726010438,0.9404588755777261,0.5900616333467038
2025-08-26 10:30:00,2025,1325,1,REJECT,FVG,1,0.5416474007530089,0.5416474007530089,0.0772838364488814,0.6242156020873111,0.08388929255564961,-0.4643635643041275,0.6667486106994762,-0.5139692839170626,0.18986167401789464,0.9448318823774845,0.6299653449197588
2025-08-26 22:45:00,2025,1327,1,REJECT,FVG,1,0.030566815070771188,0.030566815070771188,-0.9329523556382446,0.3515183733138385,0.3196225662834699,-0.9635191707090156,0.7727232152115407,-0.5582187372179918,-0.1032504721833161,1.376230267246257,1.0634450769779658
2025-08-27 02:45:00,2025,1327,1,ACCEPT,FVG,0,0.2479439290199585,-1.0322157686740692,-1.0322157686740692,0.1982225528796197,0.0,-1.280159697694028,0.6752323022515105,-0.5511006156106811,-0.011559928138224457,1.253814508154884,0.8466160569377676
2025-08-27 09:15:00,2025,1328,-1,REJECT,FVG,1,0.37001834619039714,0.37001834619039714,-1.0550164673636937,0.3839437678212212,0.014588536946561655,-1.4250348135540907,0.6168429106587249,-0.4845132669480026,0.04259850055018333,0.9633169134434385,0.5942152087752295
2025-08-27 16:15:00,2025,1328,-1,REJECT,FVG,0,0.5774282077505323,-0.8601826168210692,-0.8601826168210692,0.4542611817854147,0.0,-1.4376108245716015,0.42597848599655125,-0.24871155760883368,0.10320620886049511,0.8737036987337894,0.37217897879620654
2025-08-27 18:15:00,2025,1328,-1,INSIDE,OB,0,0.9052114220126146,-0.4098945649054941,-0.4098945649054941,0.2026296233619997,0.0,-1.3151059869181088,0.21234824187406623,-0.1273848515772012,0.09188515168530847,0.9943950683092239,0.21115804448370568
2025-08-27 21:15:00,2025,1329,1,INSIDE,FVG,1,0.35277022243748135,0.35277022243748135,-0.2186370580126079,0.3863035135437073,0.03353329110622593,-0.5714072804500893,0.6644512601553182,-0.5507158549032696,0.04960660771857764,0.9615976825211006,0.6389347919135788
2025-08-28 04:15:00,2025,1329,1,REJECT,FVG,0,0.5876633333084021,-0.0195214623893946,-0.0195214623893946,0.1258797747178288,0.0,-0.6071847956977967,0.34355389291688254,-0.22329671945367818,0.055311763672814984,1.2974598810737952,0.4457473930463778
2025-08-29 10:15:00,2025,1332,-1,REJECT,FVG,1,0.19323052816346808,0.19323052816346808,-0.4468032212621166,0.3715450155563766,0.1776364855397195,-0.6400337494255847,0.6915463441334697,-0.40317109958461755,0.009268265719821575,0.6685753409933984,0.4623508328417726
2025-08-29 12:30:00,2025,1332,-1,REJECT,FVG,1,0.155180041366233,0.155180041366233,-0.5213504898531658,0.3028733263507537,0.14429021390191582,-0.6765305312193988,0.5720292814094419,-0.3016341616502143,-0.040323061361089055,0.7512268033815793,0.4297237285138769
2025-08-29 15:45:00,2025,1332,-1,INSIDE,OB,0,0.5662710281434081,-0.2545497169779064,-0.2545497169779064,0.005444913732143,0.0,-0.8208207451213145,0.3993451114286828,-0.294119478803202,0.0494732640655729,0.8666978222206898,0.3461115383897181
2025-09-01 01:15:00,2025,1333,1,REJECT,OB,1,0.5843217094080979,0.5843217094080979,2.4737854648013844,4.240198733633417,3.676721642167407,1.8894637553932867,0.6689885360430577,-0.5381386871905061,0.212774450296304,1.3851897767657912,0.9266760809003567
2025-09-01 12:15:00,2025,1333,1,INSIDE,FVG,1,1.0288165420149664,1.0288165420149664,0.5173779146502508,2.2661680598328267,1.242630884293878,-0.5114386273647156,0.3593311964260606,-0.8088657500852294,-0.14852917341388067,1.027702396500775,0.3692855317045532
2025-09-01 20:15:00,2025,1333,1,REJECT,FVG,1,0.2746152652693396,0.2746152652693396,0.3231550094937022,2.089868713659854,1.8159183763935722,0.04853974422436262,0.659703431998855,-0.55702830130641,-0.008390186236619773,1.1556478060722708,0.7623848238478242
2025-09-02 09:30:00,2025,1333,1,INSIDE,FVG,0,1.5220490959870767,-0.2361458180214415,-0.2361458180214415,0.5562986917536277,0.0,-1.7581949140085182,0.19680294320359534,-0.5077056558255404,-0.10824394668733411,1.2847919360483322,0.2528508344185572
2025-09-02 09:30:00,2025,1333,1,INSIDE,FVG,0,0.8420549757459944,-0.2361458180214415,-0.2361458180214415,0.5562986917536277,0.0,-1.0782007937674358,0.3845771105311942,-0.35342712269254284,0.10632792841671848,1.2644944297937313,0.4862956140928632
2025-09-03 01:45:00,2025,1335,1,INSIDE,OB,1,0.7029930263784911,0.7029930263784911,0.2481916229913041,3.197253865811927,2.494260839433436,-0.454801403387187,0.7017852435331994,-1.1307114298409493,0.15615529853492366,1.2722798743580472,0.8928672414687505
2025-09-03 08:15:00,2025,1335,1,INSIDE,FVG,1,0.6698781158061565,0.6698781158061565,-0.1732889334324679,2.762277326953525,2.091752610649502,-0.8431670492386245,0.6925794734109995,-0.630046066456569,0.27025473916917353,1.9233879800943667,1.3320990344188024
2025-09-04 04:45:00,2025,1335,1,INSIDE,OB,0,1.9700516585587748,-0.9588918324986534,-0.9588918324986534,0.1800342000451672,0.0,-2.9289434910574283,0.031169196202379266,-0.2758438307862062,-0.2058410736287739,0.9901295728780145,0.030861542922812814
2025-09-04 05:45:00,2025,1335,1,INSIDE,OB,0,1.6648323875144828,-0.2955400129773705,-0.2955400129773705,0.0387170322677725,0.0,-1.9603724004918532,0.01030177297933388,0.09331697975648778,0.10950637472073596,1.1226105299140847,0.011564878823384606
2025-09-04 15:30:00,2025,1336,-1,REJECT,FVG,0,1.5160708602949058,-0.0254587885859822,-0.0254587885859822,0.2864113715922346,0.0,-1.5415296488808878,0.15259453372683304,-0.3420392760170164,-0.05850182615339641,1.5776616974850635,0.24074255110641718
2025-09-04 19:30:00,2025,1337,1,REJECT,FVG,1,0.3577402528511992,0.3577402528511992,4.366086110865531,7.738520024754633,7.377597029440362,4.008345858014331,0.555241335136605,-0.5862741297758715,-0.06211832357785885,1.0574020262792019,0.5871133128474155
2025-09-08 04:15:00,2025,1337,1,INSIDE,OB,1,0.6728139815998577,0.6728139815998577,2.0297286658329257,5.339873128895033,4.675837708098893,1.3569146842330673,0.6966668028466736,-0.33079261307571295,0.3683867845527543,1.179427079563779,0.8216676927104871
2025-09-08 13:00:00,2025,1337,1,INSIDE,OB,1,0.21869013719906663,0.21869013719906663,0.4908102511001861,3.7811027698679527,3.5605487962723186,0.2721201139011195,0.6939248833358574,-0.8492246492582176,-0.10817200565320953,1.7518828467585446,1.2156751000550128
2025-09-08 23:30:00,2025,1337,1,INSIDE,FVG,1,0.710266306711885,0.710266306711885,-0.8227406737414668,2.4707076425952463,1.7560914984844433,-1.5330069804533515,0.3489144881905062,-0.6890572617902864,-0.20081299507343855,1.9509075487202485,0.6806999088687206
2025-09-09 12:45:00,2025,1337,1,REJECT,FVG,1,0.3175529340696598,0.3175529340696598,-2.0023133449801325,1.2658870854255682,0.9501875731501017,-2.3198662790497924,0.3905097653043773,-0.4398916788697222,-0.14410216083969923,1.9810360108528473,0.7736139076576652
2025-09-09 13:45:00,2025,1337,1,INSIDE,OB,1,0.3898363840427209,0.3898363840427209,-1.7681643916486096,1.5043606896101902,1.1120530765085637,-2.15800077569133,0.5637674143915782,-0.6183270896198375,-0.04995737478906501,1.369011752327736,0.7718042158814914
2025-09-09 20:45:00,2025,1337,1,REJECT,FVG,0,0.44955442664117806,-1.2463804607830724,-1.2463804607830724,0.1868039511247476,0.0,-1.6959348874242504,0.3287214130651775,-0.35504175702843965,-0.09055376258571385,0.8817657216126057,0.28985527400093164
2025-09-10 07:30:00,2025,1338,-1,REJECT,FVG,0,1.2715888954518766,-0.2733946502404857,-0.2733946502404857,0.0753354147329205,0.0,-1.5449835456923624,0.17192464938536572,-0.31562372607824457,-0.042742752621651336,1.031065182945451,0.17726552007135463
2025-09-10 15:30:00,2025,1339,1,REJECT,OB,0,0.5437718876258593,-0.3845157557265476,-0.3845157557265476,0.5504327904809723,0.0,-0.9282876433524069,0.6733652595047709,-0.5804542577656137,0.1765605723679638,1.3453791875309107,0.9059316057440695
2025-09-10 21:45:00,2025,1339,1,REJECT,FVG,0,0.6912442396313297,-0.233256866765487,-0.233256866765487,0.0328873911366428,0.0,-0.9245011063968168,0.22828978802916064,-0.2482290005460935,-0.03375685368692083,0.9078413055342698,0.2072508992045349
2025-09-10 21:45:00,2025,1339,1,REJECT,FVG,0,0.5676120099880039,-0.233256866765487,-0.233256866765487,0.0328873911366428,0.0,-0.8008688767534909,0.3496556969135177,-0.31378048572307815,-0.005596578380875072,0.9109087184690795,0.3185044227809053
2025-09-10 22:45:00,2025,1339,1,REJECT,FVG,0,0.7271767595769323,0.2716254897582185,0.2716254897582185,0.3148663188452911,0.0,-0.4555512698187137,0.31785347994815577,-0.3390285797371514,-0.00013150229686564874,1.0424763775179302,0.3313547443578215
2025-09-11 01:15:00,2025,1340,-1,REJECT,FVG,1,0.29088975032984526,0.29088975032984526,0.3706696396608303,1.6729229101248968,1.380192085425863,0.07977988933098505,0.7983511456581088,-0.6279548323122783,0.10560579292180788,0.6538157362218987,0.5219745420620527
2025-09-11 03:15:00,2025,1340,-1,INSIDE,FVG,1,0.5351389499739048,0.5351389499739048,0.778774458161587,2.076118196974521,1.5440477042825598,0.243635508187682,0.33473438219837004,-0.20039535426329377,0.04581326665125285,0.7382117927275603,0.2471048683702111
2025-09-11 11:15:00,2025,1340,-1,REJECT,FVG,1,0.4044268063169757,0.4044268063169757,-0.2798461664348215,1.020579330660344,0.6161525243433682,-0.6842729727517972,0.47857472934339795,-0.43204718777759593,-0.03173187245099526,0.8535732296808867,0.4084985773693004
2025-09-11 15:15:00,2025,1340,-1,ACCEPT,FVG,1,0.3485465275121617,0.3485465275121617,-0.8642970329490146,0.4376810010382153,0.08974919403311504,-1.2128435604611763,0.6578701640921,-0.6486659518366995,0.007370385587225664,1.176561524615769,0.7740247232634273
2025-09-11 18:15:00,2025,1340,-1,ACCEPT,FVG,0,1.301654790047461,0.0042857871732612,0.0042857871732612,0.2149016139730398,0.0,-1.2973690028741998,0.10418658779098894,-0.2404217224313734,-0.07975803248357527,0.716496719375914,0.07464934835521422
2025-09-12 11:15:00,2025,1341,1,REJECT,OB,0,0.7983210399771747,-0.6192183870573432,-0.6192183870573432,0.6558946982354622,0.0,-1.4175394270345179,0.40519042308952646,-0.4638086764250584,0.047594197357826495,1.078450576697869,0.43697784545335333
2025-09-12 20:30:00,2025,1341,1,INSIDE,FVG,0,0.4034040443682332,-0.8948009832069924,-0.8948009832069924,0.1381860244149308,0.0,-1.2982050275752255,0.49835840319588937,-0.40982264765243315,-0.004544291980738552,0.8814977312192075,0.43930180175120354
2025-09-12 22:45:00,2025,1341,1,INSIDE,FVG,0,0.3011587796666261,-0.7677689876685928,-0.7677689876685928,0.0613471588209642,0.0,-1.0689277673352189,0.6281403343872825,-0.40295154613807005,0.039328549358430165,0.964107456420781,0.6055947800614218
2025-09-15 03:15:00,2025,1341,1,REJECT,FVG,0,0.31011980803092215,-0.4884853088423236,-0.4884853088423236,0.0863860787901726,0.0,-0.7986051168732456,0.09506550585918255,-0.26157751101812976,-0.20722881618439318,0.8594267954455781,0.08170184305797008
2025-09-16 00:00:00,2025,1343,1,INSIDE,FVG,1,0.3341752343824975,0.3341752343824975,0.0401504440570254,1.4935965189221725,1.0791203964255678,-0.2940247903254721,0.632187798963055,-0.8425250176524604,-0.09862947527920823,1.126441616689886,0.7121226463155643
2025-09-16 05:45:00,2025,1343,1,ACCEPT,FVG,1,0.7163718634306941,0.7163718634306941,0.1770876182640819,1.5493624023035573,0.8323735088440829,-0.5392842451666122,0.6209862323152632,-0.514099989475554,0.2500060904306778,1.2920381855929834,0.8023379248788355
2025-09-17 00:00:00,2025,1343,1,REJECT,FVG,0,0.8212127839899329,-0.5462449080023029,-0.5462449080023029,0.3475544741230882,0.0,-1.3674576919922359,0.3644607538216401,-0.4542376229495645,0.010613993825722368,0.9011721805476853,0.3284418922455006
2025-09-17 04:45:00,2025,1343,1,ACCEPT,FVG,0,1.089760463279812,0.1913695675211661,0.1913695675211661,0.381508462582446,0.0,-0.8983908957586458,0.11499309124881775,-0.11703009914889781,0.0217424781146789,1.1640883699838562,0.1338621201512411
2025-09-17 16:45:00,2025,1344,-1,REJECT,OB,0,1.165141378760812,-0.3430117626315131,-0.3430117626315131,0.1757782698182944,0.0,-1.508153141392325,0.12530331110771878,-0.1572939293731937,0.008411593461753575,1.3263275017878282,0.16619322758724367
2025-09-18 04:00:00,2025,1346,-1,REJECT,FVG,1,0.6121756938257168,0.6121756938257168,0.1178872059468755,1.8706365776140488,1.2620513570658993,-0.49428848787884117,0.5571422612684924,-0.7088620727246104,0.02714389575231768,1.57785736680749,0.8790910213022741
2025-09-18 07:30:00,2025,1346,-1,REJECT,FVG,1,0.37041715980266,0.37041715980266,-0.3135679995744492,1.4421734331573497,1.0723546855676311,-0.6839851593771091,0.7585399584988912,-0.6203130490804019,0.13119540244935368,2.096140265697689,1.5900061501501797
2025-09-18 10:45:00,2025,1346,-1,ACCEPT,OB,0,1.4868177198541213,-0.2678304537573991,-0.2678304537573991,0.2971244096371287,0.0,-1.7546481736115205,0.32325398819520423,-0.5291076481473574,0.1225482669630053,1.5971697696942124,0.5162914978784701
2025-09-18 16:45:00,2025,1347,1,INSIDE,OB,0,2.534065378939958,0.9786900283158148,0.9786900283158148,1.0349228294537405,0.0,-1.5553753506241432,0.003141415959471057,-0.1923564628756061,-0.18379163778947621,1.0692125676470128,0.0033588414240733533
2025-09-19 06:30:00,2025,1348,-1,REJECT,FVG,0,1.2954599952042272,-0.2919430900807223,-0.2919430900807223,0.0641435536727504,0.0,-1.5874030852849494,0.13828873176956888,-0.3078944076030177,-0.08616856066164932,1.091522375701712,0.15094524503389664
2025-09-19 14:45:00,2025,1349,1,ACCEPT,FVG,1,0.6914189612793394,0.6914189612793394,7.027037785230225,8.56631074047907,7.876683020032044,6.3356188239508855,0.46076431370833926,-0.3816923541911937,0.11275904461423966,1.1341310071540622,0.5225670951666891
2025-09-22 03:00:00,2025,1349,1,REJECT,FVG,1,0.35647828167366896,0.35647828167366896,4.735299590621514,6.270070179169541,5.922563666329945,4.378821308947845,0.6292203740518393,-0.6235528916513653,-0.006897310189324296,0.899313925503416,0.5658666445952873
2025-09-22 15:30:00,2025,1349,1,INSIDE,FVG,1,0.7823502530112689,0.7823502530112689,3.000910640483807,4.551801433675013,3.7682503360697144,2.2185603874725377,0.48013746767460863,-0.7550478160341856,-0.016885400354867908,1.3527880087462627,0.6495242088200069
2025-09-23 09:15:00,2025,1349,1,REJECT,FVG,1,0.28288128708320753,0.28288128708320753,0.6460720921095685,2.194127949177268,1.910048012572522,0.3631908050263609,0.7269409777318969,-0.690584343811329,0.01706771369954327,1.59880367373537,1.1622359057865386
2025-09-23 10:15:00,2025,1349,1,REJECT,FVG,1,0.3494063355286605,0.3494063355286605,0.7401660795503949,2.291218560421925,1.9376169515678958,0.3907597440217343,0.6980384325735096,-0.6900721621709739,0.03552377905714543,1.0253936330666302,0.715764164396687
2025-09-23 14:45:00,2025,1349,1,INSIDE,OB,0,0.47928941171794814,-1.0593249808741256,-1.0593249808741256,0.3403908632972032,0.0,-1.5386143925920734,0.6358180427810005,-0.9896226672289659,-0.05566186417556851,1.4323322408164076,0.910702681968013
2025-09-23 17:00:00,2025,1349,1,REJECT,FVG,0,0.29856390760442264,-1.1058807137667803,-1.1058807137667803,0.1122600292592422,0.0,-1.404444621371203,0.8953351528742082,-1.1315517689364876,0.14888106894706993,1.678121867359519,1.5024814986538868
2025-09-23 19:00:00,2025,1349,1,REJECT,FVG,0,0.5624944019267366,-0.8389645803684114,-0.8389645803684114,0.3809675461032226,0.0,-1.401458982295148,0.5269185040882395,-0.639315620880228,-0.006059681464529232,1.7943101448576089,0.9454552173987235
2025-09-23 22:00:00,2025,1349,1,INSIDE,FVG,0,1.7359037137190527,0.5160471598138388,0.5160471598138388,0.680488607031429,0.0,-1.2198565539052137,0.06581787360158589,-0.230614913247856,-0.10118283882298376,1.625882204373683,0.1070121094185349
2025-09-24 10:45:00,2025,1350,-1,INSIDE,OB,0,1.58616843279418,0.4381746005708247,0.4381746005708247,0.6159246743873134,0.0,-1.1479938322233554,0.06904284856198614,-0.1099776994222541,0.007129061123363686,1.0018191196366326,0.0691684457635743
2025-09-24 23:45:00,2025,1352,-1,INSIDE,OB,0,1.1163500479330364,-1.1715219220159006,-1.1715219220159006,0.406745837653816,0.0,-2.2878719699489367,0.4757169741876381,-0.7511956648335603,0.13722753080086103,1.297140018657305,0.6170715247733496
2025-09-25 07:30:00,2025,1352,-1,REJECT,OB,0,0.2680687926173733,-1.3087375988918066,-1.3087375988918066,0.0310210611543977,0.0,-1.5768063915091801,0.635947846105485,-0.5224371042071075,-0.01971658178789415,1.1824272953200166,0.7519620916350989
2025-09-25 08:45:00,2025,1352,-1,ACCEPT,FVG,0,0.3400404439092412,-1.0995809543593882,-1.0995809543593882,0.0829651942183812,0.0,-1.4396213982686297,0.7029414754763627,-0.47568075912251134,0.09772350691398238,0.99067972730035,0.6963898692330286
2025-09-25 14:15:00,2025,1353,1,INSIDE,OB,0,1.0583530892144302,-0.573834024654038,-0.573834024654038,0.7162709544766113,0.0,-1.6321871138684683,0.42143832680172844,-0.5138403675171892,0.1487422122964101,1.04320563329997,0.4396468366080768
2025-09-25 14:15:00,2025,1353,1,INSIDE,OB,0,1.0315002253954193,-0.573834024654038,-0.573834024654038,0.7162709544766113,0.0,-1.6053342500494574,0.2154537547193666,-0.275902358109215,0.005782437436658683,1.1317326407779158,0.2438360467940661
2025-09-25 21:45:00,2025,1354,-1,INSIDE,OB,0,1.3561085972850646,0.2996121525533343,0.2996121525533343,0.6294764059470037,0.0,-1.0564964447317302,0.23643128528705515,-0.3364978824735305,0.06368724302099205,1.0830407942477696,0.2560647270023132
2025-09-26 06:15:00,2025,1355,1,INSIDE,OB,1,1.0432891546169631,1.0432891546169631,4.674882282752352,7.88096123991224,6.839981524486459,3.6315931281353895,0.18161809450420294,-0.16011830523974854,0.05844226453157053,0.8224815384990963,0.1493775297870911
2025-09-26 13:30:00,2025,1355,1,ACCEPT,FVG,1,0.32679153615037154,0.32679153615037154,3.838649875343619,7.034648085405612,6.709007223678304,3.5118583391932474,0.5924234291506445,-0.46401194239067084,0.00447856615087161,0.9500294929186761,0.56281972998913
2025-09-26 15:00:00,2025,1355,1,INSIDE,FVG,1,0.3664898037460783,0.3664898037460783,3.885827526689252,7.082976411174308,6.71648660742823,3.5193377229431744,0.3556933343988635,-0.2852932086228698,-0.053458335648822936,0.9821364287360962,0.34933938117173385
2025-09-26 19:15:00,2025,1355,1,ACCEPT,OB,1,0.5035125814280365,0.5035125814280365,2.366394175501345,5.559330693575157,5.056967684250836,1.8628815940733086,0.3401847802933685,-0.6411578490346198,-0.2517583901393655,0.9346364488194402,0.3179490949958154
2025-09-26 23:00:00,2025,1355,1,REJECT,OB,1,0.9379671032379516,0.9379671032379516,2.823612296775397,5.997391362299141,5.059995493594235,1.8856451935374454,0.35308842728706735,-0.23492976596136877,0.1792065449541444,0.9983547107822769,0.3525074947047491
2025-09-29 12:30:00,2025,1355,1,ACCEPT,FVG,1,0.207589807527458,0.207589807527458,0.00448842827086,3.121140808852158,2.914673108392415,-0.20310137925659794,0.8234590791163908,-1.0814396310429721,-0.019976636603847436,1.7108322248968282,1.408800328436188
2025-09-29 14:00:00,2025,1355,1,REJECT,FVG,1,0.10155068962829897,0.10155068962829897,-0.0970622613574388,3.0195901192238592,2.919161536663275,-0.19861295098573784,0.8222121546309239,-0.8673323784471174,-0.0707049434594092,1.3516931536510268,1.1113785402632792
2025-09-29 16:15:00,2025,1355,1,REJECT,OB,1,0.7960106432465743,0.7960106432465743,-0.0507973131384471,3.048955212771889,2.2551774184544757,-0.8468079563850214,0.8031747960862063,-0.9433386224742775,0.45366286934376043,1.3420034250206345,1.0778633272379385
2025-09-30 14:45:00,2025,1356,-1,INSIDE,OB,0,1.182568862636379,-1.685431860647323,-1.685431860647323,0.3249352058344767,0.0,-2.868000723283702,0.47824812582306253,-0.8044936659225299,0.14581526425400393,0.8943799594723487,0.4277355393913574
2025-10-01 08:45:00,2025,1357,1,INSIDE,FVG,1,0.6640243416567553,0.6640243416567553,0.4212570423470368,1.7280569467275264,1.0565955324442222,-0.2427672993097184,0.3651099583204347,-0.4010594295569263,-0.0121867382413276,1.3780720022063322,0.5031478112881119
2025-10-01 18:00:00,2025,1357,1,INSIDE,OB,0,0.9513592303768001,-0.1096713067560749,-0.1096713067560749,0.1983528897310796,0.0,-1.061030537132875,0.31372779747027585,-0.35756699136912745,0.0530795492303123,1.3418561156218185,0.42097756367605293
2025-10-01 23:45:00,2025,1358,-1,REJECT,FVG,1,0.4524610743988789,0.4524610743988789,-0.5659686502885722,0.560214810036094,0.1150768050494449,-1.0184297246874512,0.48220075293747267,-0.33575278253407165,0.04432453275474646,0.7401009610748583,0.35687724068004384
2025-10-02 08:15:00,2025,1358,-1,ACCEPT,FVG,0,0.7884826816029512,-0.3371049145983454,-0.3371049145983454,0.3298330058088652,0.0,-1.1255875962012967,0.3548743425301828,-0.1911160219314654,0.15651842392873017,1.0680280694489936,0.379015758949492
2025-10-02 10:15:00,2025,1358,-1,ACCEPT,FVG,1,0.5879857678356396,0.5879857678356396,-0.0675248673309591,0.5978547869070889,0.009869019071449311,-0.6555106351665988,0.3649736479273824,-0.18915589672392785,0.09448033154673564,0.9560738242099334,0.34894175130978233
2025-10-02 18:45:00,2025,1359,1,REJECT,OB,0,3.211907852884695,0.5186513567894039,0.5186513567894039,0.5393766857320427,0.0,-2.693256496095291,0.024414860525899442,-0.21470988395025348,-0.13104948982985498,0.7955895702497152,0.019424208393507073
2025-10-03 07:00:00,2025,1360,-1,INSIDE,FVG,0,1.1774093846586222,-1.117223939308779,-1.117223939308779,0.0546220848552927,0.0,-2.2946333239674015,0.24645710381584376,-0.6701064183884295,-0.2147730243154503,1.0927740523853418,0.2693219280759945
2025-10-03 08:30:00,2025,1360,-1,INSIDE,FVG,0,0.8154785238281824,-0.5276922215377622,-0.5276922215377622,0.1622892983143993,0.0,-1.3431707453659445,0.36638232400373405,-0.4103319399786525,0.03878334653899079,1.3267308694951214,0.48609073929311736
2025-10-03 22:00:00,2025,1361,1,REJECT,OB,1,0.2824048476411377,0.2824048476411377,3.294891621315915,4.612949309143774,4.329028871980402,3.012486773674777,0.742817045270065,-0.6503398926137172,0.04251879933358835,1.367906682939213,1.0161044004260817
2025-10-06 10:30:00,2025,1361,1,INSIDE,FVG,1,0.6285293801519685,0.6285293801519685,0.9331205714805388,2.2258968656210416,1.597367485469073,0.3045911913285702,0.5975361221418797,-0.8455234614290184,0.035276357361502975,1.3773685768576795,0.8230274781756174
2025-10-06 14:15:00,2025,1361,1,ACCEPT,FVG,1,0.6447104475648736,0.6447104475648736,0.725607550396266,2.0017100200598468,1.3663717978230039,0.0808971028313923,0.7219723491429333,-0.6714666463079793,0.2787768220435234,1.3629272997088837,0.9839958242818575
2025-10-06 23:00:00,2025,1361,1,ACCEPT,FVG,1,0.5231806214938856,0.5231806214938856,-0.3938495909940132,0.8774988409011426,0.35480626103177326,-0.9170302124878988,0.545198237743727,-0.7223565259201032,-0.043291868105647835,1.5787084268821898,0.8607090522473414
2025-10-06 23:45:00,2025,1361,1,REJECT,FVG,1,0.30453797370541336,0.30453797370541336,-0.3626149270242124,0.9101976297445146,0.6046835727900465,-0.6671529007296259,0.6813270651415241,-0.6191771790256531,0.010174955011359094,1.0296300702631336,0.7015148339538421
2025-10-07 03:00:00,2025,1361,1,REJECT,FVG,1,0.32669823485430427,0.32669823485430427,-0.8850108899411662,0.3871617887676514,0.059000725996079195,-1.2117091247954705,0.6603832400782429,-0.6700856803541843,-0.011826288770926063,1.6340055842511994,1.0790699020337493
2025-10-07 06:15:00,2025,1361,1,REJECT,FVG,0,0.4687015340411147,-0.8076163319057814,-0.8076163319057814,0.4515598896404509,0.0,-1.276317865946896,0.678800535451702,-0.6042307063079975,0.12407627294437415,1.4271997217190997,0.9687839352994451
2025-10-07 21:15:00,2025,1363,1,REJECT,FVG,1,0.4144786045726212,0.4144786045726212,1.9527298168863565,3.706181794787249,3.289773138505328,1.5382512123137353,0.7379065494963207,-0.7058031209650155,0.12086010159024621,1.4459248400758653,1.0669574095714012
2025-10-08 16:45:00,2025,1363,1,REJECT,FVG,1,0.936853207298798,0.936853207298798,-0.3330610691260319,1.396953284220027,0.4572452677572939,-1.26991427642483,0.4543952317362844,-0.6392085444309237,0.07694640047699747,1.163162258442574,0.5285353839719134
2025-10-09 01:15:00,2025,1363,1,REJECT,OB,0,1.589515481816781,-0.1241587679589651,-0.1241587679589651,0.1227425082483971,0.0,-1.713674249775746,0.08482262077089175,-0.31446900570511493,-0.15296805156638446,1.1174609771899726,0.09478596869445517
2025-10-09 01:15:00,2025,1363,1,REJECT,OB,0,1.3695231401100374,-0.1241587679589651,-0.1241587679589651,0.1227425082483971,0.0,-1.4936819080690025,0.1508955471860189,-0.3408895470238786,-0.08279588868489735,1.1655067414583224,0.17586977750134744
2025-10-09 05:45:00,2025,1364,-1,ACCEPT,FVG,0,0.7693227050228036,-0.9573274025420766,-0.9573274025420766,0.0940023487596364,0.0,-1.7266501075648804,0.541711604868946,-0.6707881034732962,0.10933663378624142,1.408436422108334,0.7629663545761819
2025-10-09 08:00:00,2025,1364,-1,REJECT,OB,0,1.6853524169452854,0.0334100699394349,0.0334100699394349,0.7554388036307554,0.0,-1.6519423470058505,0.06452069641253154,-0.06020553370451692,0.05241908089983968,1.0418167775740597,0.0672187440233378
2025-10-09 11:30:00,2025,1364,-1,ACCEPT,FVG,0,0.6538165075649434,-0.0672841686280601,-0.0672841686280601,0.0635719386347708,0.0,-0.7211006761930034,0.45262963806541245,-0.3539650859844235,0.10218673195281103,1.0408615429396124,0.4711247834569635
2025-10-09 18:30:00,2025,1365,1,INSIDE,FVG,0,1.9285862943445014,-2.1787937728194278,-2.1787937728194278,0.2488200063207116,0.0,-4.107380067163928,0.11883869875438244,-0.21292023779172592,0.041573611861353416,1.5174474267032643,0.18033147761760204
2025-10-09 22:30:00,2025,1366,-1,ACCEPT,FVG,0,1.5232100628676741,-0.3452548904799962,-0.3452548904799962,1.4073679614566337,0.0,-1.8684649533476705,0.2767042594602883,-1.0266648672458039,-0.32110361299239953,1.8530033358678857,0.5127339158287673
2025-10-10 02:45:00,2025,1366,-1,INSIDE,FVG,1,1.332671883103693,1.332671883103693,0.1127471982321239,1.856720860486621,0.5226960110041333,-1.219924684871569,0.5240057314143871,-0.6156411956992998,0.4052860241830789,1.2322085031233463,0.6456843179341761
2025-10-10 15:30:00,2025,1366,-1,REJECT,OB,0,1.7088259789614533,0.2554226636934905,0.2554226636934905,0.5002943051345917,0.0,-1.4534033152679626,0.05932780359068421,-0.09660571231858855,0.01050658445807058,0.7288035799568695,0.04323831564786867
2025-10-10 21:45:00,2025,1367,1,INSIDE,FVG,1,1.194408347718144,1.194408347718144,4.8531294245427805,8.046655288116545,6.851374153881984,3.6587210768246368,0.2263330773080263,-0.35486288532375815,-0.0042115595645840775,1.0683522436916872,0.241803450963674
2025-10-13 04:15:00,2025,1367,1,REJECT,FVG,1,0.6747197581220223,0.6747197581220223,2.669357369006547,5.800792949028799,5.124789640320614,1.9946376108845245,0.8135633713669421,-1.1356165286706772,0.3372067641203029,1.5187944026120757,1.2356354946023211
2025-10-13 07:45:00,2025,1367,1,REJECT,OB,1,0.09327134259392561,0.09327134259392561,2.0994609087538425,5.228757237799142,5.136341595596006,2.0061895661599167,0.6966301326556831,-0.7896430201150448,-0.17457827049748686,1.4999706128531467,1.0449247270115138
2025-10-13 11:00:00,2025,1367,1,REJECT,OB,1,0.29787712329520916,0.29787712329520916,1.5246831946699937,4.673485444531874,4.376038779507331,1.2268060713747841,0.7503350816679426,-1.007879234514228,-0.02812443113884866,1.5343233006212187,1.1512565990766495
2025-10-13 21:00:00,2025,1367,1,REJECT,OB,1,0.5774405261883888,0.5774405261883888,0.1285573952534938,3.2489571617716435,2.675787645392318,-0.4488831309348949,0.6481704799142959,-0.7677907440507161,0.10414845397588235,1.2425654363071896,0.8053942351761476
2025-10-14 11:45:00,2025,1367,1,INSIDE,FVG,0,1.9925638705382174,-1.0946020076611664,-1.0946020076611664,0.5000398531528689,0.0,-3.087165878199384,0.13273575955885036,-0.6303279888510016,-0.2821764456542484,1.6581132013450917,0.22009091521509772
2025-10-14 15:30:00,2025,1367,1,REJECT,FVG,0,1.0652758167276604,-0.5062243924082171,-0.5062243924082171,0.0507472275051927,0.0,-1.5715002091358774,0.22531763557435638,-0.2909791643652302,0.014609001210563327,1.5302303985212462,0.3447878952788123
2025-10-14 23:15:00,2025,1368,-1,REJECT,FVG,0,1.8964159524667497,0.0392589922606905,0.0392589922606905,0.0768649743209322,0.0,-1.8571569602060591,0.07936834615526857,-0.27402689309500977,-0.10176243401823795,0.9271169706164397,0.07358374065030955
2025-10-15 05:45:00,2025,1369,1,INSIDE,FVG,1,0.6194935624087553,0.6194935624087553,5.875702589930368,8.599494524782264,7.975876504567841,5.25620902752161,0.661591655022629,-0.6846875601138297,0.17814778718515736,1.3022711047694489,0.8615716954925671
2025-10-15 21:30:00,2025,1369,1,REJECT,FVG,1,0.5645860400393715,0.5645860400393715,4.690562987347837,7.363531353506858,6.798540011213359,4.125976947308465,0.4104178153428081,-0.42494551820501075,-0.018824137857586715,1.1830407291673817,0.4855409915264395
2025-10-16 01:15:00,2025,1369,1,INSIDE,FVG,1,0.33837170129140504,0.33837170129140504,4.408938798427868,7.073060078607528,6.736305446378446,4.070567097136463,0.6651526480002254,-0.579435494001396,0.031046392301270653,1.131064468456697,0.7523305262529395
2025-10-16 09:45:00,2025,1369,1,INSIDE,FVG,1,0.956471485078609,0.956471485078609,3.865958169270323,6.535011479726641,5.578539994648032,2.9094866841917137,0.17240890955084529,-0.2432701132469276,-0.036423972536833604,1.2587104556960194,0.21701289710679825
2025-10-16 09:45:00,2025,1369,1,INSIDE,FVG,1,0.8419215780632734,0.8419215780632734,3.865958169270323,6.535011479726641,5.693089901663369,3.0240365912070497,0.5582452948489255,-0.47720496952970737,0.2591912189743813,1.4625779505076835,0.8164772592206989
2025-10-17 04:30:00,2025,1369,1,REJECT,FVG,0,1.8100492868670013,-0.7784271819252387,-0.7784271819252387,1.7570550006542605,0.0,-2.58847646879224,0.27639681121672494,-1.2895999902427453,-0.43286681415938466,1.5957388930643697,0.4410571415774982
2025-10-17 04:30:00,2025,1369,1,REJECT,FVG,0,1.7786452654076153,-0.7784271819252387,-0.7784271819252387,1.7570550006542605,0.0,-2.557072447332854,0.32312412918578676,-1.2823224002828626,-0.29324988884077663,1.6454024993386676,0.531669249758924
2025-10-17 10:30:00,2025,1369,1,REJECT,FVG,0,1.5553752379157926,-0.9329939174911224,-0.9329939174911224,0.4327766085677357,0.0,-2.488369155406915,0.3114523815715516,-0.9260268702085724,-0.15318827399657026,1.4953365822389726,0.4657261397893923
2025-10-17 22:45:00,2025,1370,-1,REJECT,FVG,0,1.3202497031775537,-3.802885072830074,-3.802885072830074,0.1254721235112297,0.0,-5.123134776007627,0.6709914331414529,-1.2943346863183087,0.46002904025879077,1.5544308472311443,1.0430097819029085
2025-10-20 06:30:00,2025,1370,-1,REJECT,FVG,0,1.3070937434656313,-2.5275838477919765,-2.5275838477919765,1.220490104326312,0.0,-3.834677591257608,0.28863821574381804,-0.38012997820269173,0.10686726638029731,1.0107516279306288,0.29174154644605615
2025-10-20 11:15:00,2025,1370,-1,REJECT,OB,0,1.4319421437517392,-2.2984525877742343,-2.2984525877742343,0.5454325077774639,0.0,-3.730394731525973,0.17757500166483298,-0.25945460031814227,0.04089517932596001,0.8300256997028009,0.14739181500657902
2025-10-20 15:30:00,2025,1370,-1,INSIDE,FVG,0,1.749806928007842,-1.087776677709891,-1.087776677709891,0.0667837533195329,0.0,-2.837583605717733,0.004710816934337392,0.08397581712654267,0.09182324253342837,0.9471487540678337,0.004461844389999313
2025-10-20 20:30:00,2025,1371,1,REJECT,FVG,1,0.4755985494501115,0.4755985494501115,-2.4199677875162044,1.40011659733406,0.9216722824422153,-2.8955663369663163,0.783109691576367,-1.064530603227231,0.14155946251369414,1.5275469453597006,1.1962368172490567
2025-10-21 01:45:00,2025,1371,1,ACCEPT,FVG,0,0.7941810302528505,-2.9969028823998145,-2.9969028823998145,0.4723398743096219,0.0,-3.791083912652665,0.7039955466824607,-0.8268449087354002,0.31435013336908246,1.6075496052710123,1.13170776318194
2025-10-21 08:15:00,2025,1371,1,REJECT,FVG,0,1.3105883593050092,-2.136294162084301,-2.136294162084301,0.3239577660266075,0.0,-3.4468825213893095,0.10128264322509387,-0.15618323581176027,-0.007624731650846678,1.3707418077633144,0.13883235346941197
2025-10-21 11:15:00,2025,1371,1,ACCEPT,FVG,0,3.4862353085855964,1.0263347446460906,1.0263347446460906,1.0280915655030742,0.0,-2.4599005639395055,0.0034247285102989864,0.10774165617672865,0.11931207970999747,1.4789627675313193,0.005065045955635201
2025-10-21 14:15:00,2025,1372,-1,ACCEPT,OB,1,0.7934456496653619,0.7934456496653619,5.9678052157858446,9.12600969305333,8.333602584814223,5.174359566120483,0.5325317355323956,-1.0030782709225656,-0.04637226956641283,1.7254478774783968,0.918855752764259
2025-10-21 20:00:00,2025,1372,-1,REJECT,FVG,1,1.0535417806671439,1.0535417806671439,0.6030803939109449,3.6722687977051223,2.61738235618199,-0.45046138675619907,0.8780494293103311,-2.018877263998952,0.6788585247723062,1.8852767136849027,1.6553661425430855
2025-10-22 06:45:00,2025,1372,-1,ACCEPT,OB,0,4.432737034002396,1.4350965618048646,1.4350965618048646,4.206090975946693,0.0,-2.997640472197531,0.008196625002281558,-0.5034507172611383,-0.4629906373231757,1.8475297487113826,0.015143508530746683
2025-10-22 11:00:00,2025,1372,-1,REJECT,FVG,1,0.8320673428651477,0.8320673428651477,1.2066439661479462,3.9662201829890793,3.1221221673275266,0.3745766232827984,0.45668663270052745,-0.41159081715986673,0.15637124017249082,1.4407473211197008,0.6579700426544617
2025-10-22 16:15:00,2025,1372,-1,INSIDE,FVG,1,1.5563533557005846,1.5563533557005846,-0.9833753961475146,1.684207941716561,0.12785458601597605,-2.539728751848099,0.4254102098373183,-0.9290433986632899,0.12826975613963576,1.4624681278356653,0.6221488731429604
2025-10-22 20:00:00,2025,1372,-1,REJECT,OB,0,1.498275868056161,-1.1426150549881748,-1.1426150549881748,0.4716099885057918,0.0,-2.640890923044336,0.2324161751790976,-0.5313516374408143,-0.05963337557491433,1.1159691872735138,0.25936929012383614
2025-10-23 03:30:00,2025,1373,1,REJECT,FVG,1,1.2330187754428126,1.2330187754428126,1.1060949245938327,2.4304369585743184,1.1971086127635886,-0.12692385084897986,0.33308414547998705,-0.5580974827354578,0.03849494557516331,0.7494555972321372,0.24963177717925975
2025-10-23 10:45:00,2025,1373,1,REJECT,FVG,1,1.0711855852046286,1.0711855852046286,0.2811478498703457,1.596035828958161,0.5227017339837897,-0.7900377353342829,0.5097654886570614,-0.6468456509930351,0.22894738165536216,1.186032620689816,0.6045984984491591
2025-10-23 19:45:00,2025,1373,1,ACCEPT,FVG,0,0.7961591843859089,-0.5085047357744612,-0.5085047357744612,0.4862366819582887,0.0,-1.30466392016037,0.439024127689435,-0.6062757464917033,0.00942702567803344,1.3202142012147702,0.5796058880515187
2025-10-23 22:45:00,2025,1373,1,REJECT,FVG,1,0.7234741386607912,0.7234741386607912,-0.2392279691864729,0.7554727842207729,0.03077964953865052,-0.9627021078472642,0.40752954099120314,-0.37123497881862416,0.07489132534664711,1.0950687104631256,0.4462728489288663
2025-10-24 15:45:00,2025,1374,-1,ACCEPT,FVG,0,1.1601465148015406,-1.3828039112620525,-1.3828039112620525,0.2647414352016868,0.0,-2.5429504260635927,0.3056015011593047,-0.4812084685552761,0.020392078293872684,1.5145179759885479,0.462838966994852
2025-10-27 00:15:00,2025,1375,1,INSIDE,FVG,0,0.9926303531730105,-0.6736752958037809,-0.6736752958037809,0.1225397187319407,0.0,-1.6663056489767916,0.46936837441945745,-0.44569637941360307,0.22940870094462543,1.1684941820272732,0.5484542147367348
2025-10-27 00:15:00,2025,1375,1,INSIDE,FVG,0,0.37260282896719205,-0.6736752958037809,-0.6736752958037809,0.1225397187319407,0.0,-1.046278124770973,0.5813270304059703,-0.38311948954298053,0.05620232168805295,1.4656382594465927,0.8520151370134628
2025-10-27 03:45:00,2025,1375,1,INSIDE,FVG,0,0.7589840473611741,-0.1902590369785199,-0.1902590369785199,0.0680124754684456,0.0,-0.949243084339694,0.0841582712660324,-0.15547570754253942,-0.07851635542748321,1.1914688283053185,0.10027195685754077
2025-10-27 15:15:00,2025,1376,-1,REJECT,FVG,1,0.6982167902223957,0.6982167902223957,2.2296774193548328,4.422424363854934,3.7207453416149106,1.5314606291324375,0.7919021121884694,-0.8219570182099336,0.3818718315812176,1.2785240818046715,1.0124659208649427
2025-10-27 20:00:00,2025,1376,-1,REJECT,FVG,1,1.0118742130345388,1.0118742130345388,1.270652364482555,3.4478889402464072,2.4357278334741275,0.2587781514480161,0.22012149108700502,-0.5134494317695845,-0.17769291668503562,1.3753884010986843,0.30275254567361415
2025-10-28 12:45:00,2025,1376,-1,REJECT,FVG,0,0.8148882110664551,-1.3063370875861182,-1.3063370875861182,0.280388636603647,0.0,-2.1212252986525733,0.5998642048012878,-1.1398734842416034,0.032718085690382315,1.4693995086817027,0.8814401678107525
2025-10-28 17:15:00,2025,1376,-1,REJECT,FVG,0,1.4970817391411866,-0.0826763251255062,-0.0826763251255062,0.2293780872168797,0.0,-1.5797580642666929,0.0703641976990344,-0.1843399037037013,-0.0660280188111284,1.671195339687977,0.11759231927550977
2025-10-29 00:15:00,2025,1377,1,REJECT,FVG,1,0.9298440550915956,0.9298440550915956,-0.1528472775523537,2.588972125945663,1.6594054706318324,-1.0826913326439493,0.2454484965769608,-0.39314629377833593,-0.06842030166238236,1.2809010343565066,0.31439523314667855
2025-10-29 00:15:00,2025,1377,1,REJECT,FVG,1,0.7190202239848992,0.7190202239848992,-0.1528472775523537,2.588972125945663,1.870229301738529,-0.8718675015372529,0.28271611694240356,-0.36100765055927686,-0.05566636367859004,0.9965464041251295,0.2817397297271719
2025-10-29 04:45:00,2025,1377,1,REJECT,FVG,1,0.7671985144099752,0.7671985144099752,-0.6341551317605999,2.0838881898036714,1.3158650263276825,-1.4013536461705753,0.4804607507483434,-0.5043644145462252,0.1065716649238333,1.1323685481579444,0.5440586427717776
2025-10-29 15:45:00,2025,1377,1,REJECT,FVG,0,0.6361203770409406,-2.056834623836883,-2.056834623836883,0.4187224922963266,0.0,-2.6929550008778227,0.45910904988156687,-0.4713545516755704,0.037097210615123,1.0408586657653423,0.47786763310052166
2025-10-30 03:15:00,2025,1378,-1,REJECT,FVG,1,0.9307280920960654,0.9307280920960654,-1.2991243901009704,0.9483094132196618,0.01704035739670515,-2.2298524821970362,0.6063438490942549,-0.6580991054557646,0.3052764930534501,0.898174230468606,0.5446024200596049
2025-10-30 11:15:00,2025,1378,-1,ACCEPT,OB,0,1.5511898896480412,0.1768361816681577,0.1768361816681577,0.3371106665637715,0.0,-1.3743537079798835,0.08314120498093522,-0.0876888933358797,0.04856946349909211,1.4404176445867467,0.1197580586467426
2025-10-30 11:15:00,2025,1378,-1,ACCEPT,OB,0,1.315052148568512,0.1768361816681577,0.1768361816681577,0.3371106665637715,0.0,-1.1382159669003544,0.06171865556232156,0.0222039508457601,0.10199680345537883,1.32667882727877,0.0818808335826431
2025-10-30 12:45:00,2025,1379,1,REJECT,FVG,1,0.782304324101305,0.782304324101305,0.6044957876944792,1.70435338115708,0.9223152374995036,-0.17780853640682587,0.7165910633167737,-0.7582310616160391,0.3457028285122685,1.132824824694945,0.8117721456797884
2025-10-31 02:15:00,2025,1379,1,ACCEPT,FVG,0,0.38021037602401064,-0.71256395228421,-0.71256395228421,0.1956576343934417,0.0,-1.0927743283082207,0.5471810761025216,-0.5323648022916568,-0.03302093419643931,1.2979817791267538,0.7102310666640427
2025-10-31 07:15:00,2025,1379,1,INSIDE,FVG,0,1.1089599220303812,0.205460508119646,0.205460508119646,0.3700923255232048,0.0,-0.9034994139107351,0.13351829765689008,-0.1519423515126469,0.01641117356252053,1.2019835288989,0.16048679459020246
2025-10-31 14:30:00,2025,1380,-1,INSIDE,OB,0,0.5418922847030639,0.0720419631288944,0.0720419631288944,0.2392634541871811,0.0,-0.46985032157416956,0.5647554527772065,-0.38702316049264196,0.13758690235059928,1.0365110912394069,0.5853752906415076
2025-11-03 14:30:00,2025,1383,1,REJECT,FVG,1,0.5904700162074551,0.5904700162074551,-0.0497893030794184,0.6532252836304715,0.061977309562395395,-0.6402593192868735,0.35465897393021195,-0.29016132765345803,0.022162481171037085,0.852376138627623,0.30230284672826885
2025-11-03 22:45:00,2025,1383,1,INSIDE,FVG,0,0.5508296206689023,-0.1494739534021637,-0.1494739534021637,0.0739611603339491,0.0,-0.700303574071066,0.4543334942175175,-0.23221493686388905,0.12354843308799396,1.3199841023312657,0.5997129895237372
2025-11-04 05:45:00,2025,1384,-1,REJECT,OB,1,0.42427722653179106,0.42427722653179106,0.7026608259572599,1.6383390351373364,1.2135462834214246,0.27838359942546886,0.682187649197323,-0.574385128827527,0.10688999571690777,1.0241904123265992,0.6986900497155197
2025-11-04 10:30:00,2025,1384,-1,REJECT,OB,1,0.8562927470149603,0.8562927470149603,0.8957069438540897,1.8305704754176475,0.9740201192730256,0.03941419683912942,0.2870711317414422,-0.27365700868505394,0.05071894649471531,1.32754518169512,0.38109989774711667
2025-11-04 21:15:00,2025,1384,-1,REJECT,FVG,0,0.2933377739633858,-0.636120255677825,-0.636120255677825,0.2697682759680722,0.0,-0.9294580296412108,0.6327183591278054,-0.7731737953490887,-0.09837234522287916,1.9954252197830347,1.2625421708233622
2025-11-05 05:45:00,2025,1384,-1,INSIDE,FVG,0,0.7553586751268908,-0.1498422600709602,-0.1498422600709602,-0.0035859686170793,0.0,-0.905200935197851,0.217772694212642,-0.3377257726243252,-0.099681827435605,1.2454420897952447,0.27122327938053364
2025-11-05 22:15:00,2025,1385,1,REJECT,FVG,0,0.0698689461433901,-0.2802407730350127,-0.2802407730350127,0.0224396615350963,0.0,-0.3501097191784029,0.7506712152423388,-0.5352870075953241,-0.08101385239114692,1.050633145559382,0.7886800601509424
2025-11-06 02:15:00,2025,1385,1,REJECT,FVG,0,0.38885933743271184,0.0428945296708398,0.0428945296708398,0.0597459520415365,0.0,-0.34596480776187194,0.32018862660928726,-0.22029013262636468,-0.025247400408373824,0.7914819392865666,0.2534235151262211
2025-11-06 04:45:00,2025,1386,-1,REJECT,OB,0,0.39978612265043023,-0.1912131582791611,-0.1912131582791611,0.0165939322939219,0.0,-0.5909992809295913,0.6227433048295159,-0.4072949037780022,0.09530940188523768,0.5808237819066988,0.3617041214681556
2025-11-06 17:15:00,2025,1387,1,ACCEPT,OB,0,0.8548013858879739,0.0882161167009682,0.0882161167009682,0.2173440556400782,0.0,-0.7665852691870058,0.12373016374068463,-0.12966434820678954,-0.007856241730151162,1.0636255758315996,0.13160256665642378
2025-11-06 20:45:00,2025,1388,-1,REJECT,OB,0,0.6026049179469274,-0.1449819020345892,-0.1449819020345892,0.3745578136921759,0.0,-0.7475868199815167,0.5444228261073658,-0.40460673780398343,0.14374227830820666,0.9033892734308757,0.4918257413163172
2025-11-07 13:30:00,2025,1389,1,ACCEPT,FVG,1,0.38232600732601246,0.38232600732601246,2.9314204314204377,3.813593813593804,3.430504680504672,2.549094424094425,0.4825848219352449,-0.29961900140651176,0.02947730920230246,0.9427067615660328,0.4549359746674953
2025-11-07 20:30:00,2025,1389,1,INSIDE,FVG,1,0.6288843520534244,0.6288843520534244,2.835309112647626,3.7131585774388927,3.085796947787533,2.206424760594201,0.47063618423506914,-0.39922256265823697,0.084641752667349,0.8209967269922182,0.38639076686109836
2025-11-10 06:00:00,2025,1389,1,REJECT,FVG,1,0.08381868827551141,0.08381868827551141,1.6290200050645711,2.502912129653069,2.422638642694343,1.54520131678906,0.7507979449550897,-0.6976861491459309,-0.11093392323745054,1.0413930738328134,0.7818757797241402
2025-11-11 07:45:00,2025,1389,1,REJECT,FVG,0,0.4848258573790502,-0.3905892524794314,-0.3905892524794314,0.424191044575008,0.0,-0.8754151098584816,0.5523943578237661,-0.4875921542995687,0.049566068797905455,1.1695098113516784,0.6460306212102043
2025-11-11 15:00:00,2025,1389,1,INSIDE,OB,1,0.29479925614836705,0.29479925614836705,-0.509730551614598,0.3123498589734104,0.016533176574316542,-0.8045298077629651,0.4241862498408905,-0.3864000528969235,-0.09744467259879588,1.1607847013838346,0.4923889093526867
2025-11-11 17:30:00,2025,1389,1,ACCEPT,OB,0,1.150614165021609,0.3278001365125766,0.3278001365125766,0.4152304995171071,0.0,-0.8228140285090325,0.05253780506877737,-0.11028666449607644,-0.04404170250381658,1.516737475068534,0.07968605780566022
2025-11-12 01:45:00,2025,1390,-1,INSIDE,OB,0,0.940072765955041,0.3065676083992046,0.3065676083992046,0.4366806049872312,0.0,-0.6335051575558363,0.06555798554300897,-0.06312591905291848,0.0026417658355989346,1.054001069617179,0.06909818688427902
2025-11-12 10:15:00,2025,1392,-1,REJECT,FVG,0,0.5010938081437963,-0.2174366549768197,-0.2174366549768197,0.0380577575805414,0.0,-0.7185304631206161,0.4982098464740223,-0.36660485660137965,0.06569116194702862,0.6815882111477309,0.33957395803441454
2025-11-12 14:30:00,2025,1392,-1,REJECT,FVG,0,0.46607896178412667,0.2307522886041332,0.2307522886041332,0.3451119030004556,0.0,-0.23532667317999348,0.25692307073004617,-0.15821068225561818,0.0021837301160405193,1.0769853390742976,0.27670238044620854
2025-11-12 14:30:00,2025,1392,-1,REJECT,FVG,0,0.6106803408763553,0.2307522886041332,0.2307522886041332,0.3451119030004556,0.0,-0.3799280522722221,0.3085078062779311,-0.2570326012665194,0.01066361499294824,0.9977600321685931,0.3078167587161306
2025-11-12 16:45:00,2025,1393,1,REJECT,FVG,1,0.08346150366418022,0.08346150366418022,1.6722835429295275,2.7728048945987576,2.6913790373654085,1.5888220392653474,0.8240575667730057,-0.6104679833410434,-0.038630138767478756,0.8358219530804856,0.6887654049109663
2025-11-13 03:15:00,2025,1393,1,ACCEPT,FVG,1,0.5245445960978635,0.5245445960978635,0.2733684337356186,1.3665899837760944,0.8415410178743026,-0.2511761623622449,0.6765527760644414,-0.7545939559593151,0.1108107824060191,1.2222267375879763,0.8269008922953309
2025-11-13 07:45:00,2025,1393,1,REJECT,FVG,1,0.10217606496318306,0.10217606496318306,-0.3405029948156907,0.7499622502223088,0.6477861852591258,-0.44267905977887384,0.7666716780754659,-0.7298605268972328,-0.09196163679541626,0.962057736986778,0.7375824196211382
2025-11-13 16:15:00,2025,1393,1,REJECT,OB,0,0.6161976967610294,-0.4673999574863727,-0.4673999574863727,0.0142545733422733,0.0,-1.0835976542474022,0.5064211145085108,-0.4374592668079782,0.09613486699229201,1.23396919655488,0.624908055788494
2025-11-14 04:00:00,2025,1394,-1,REJECT,FVG,0,1.1142646991601566,0.0019946559841739,0.0019946559841739,0.1493498668151522,0.0,-1.1122700431759827,0.19298017470391474,-0.296681417961439,-0.024396789781503336,1.2016891309713897,0.23190217843465427
2025-11-14 07:45:00,2025,1394,-1,INSIDE,FVG,0,0.5058946239865684,0.1002314632048185,0.1002314632048185,0.1513445227993261,0.0,-0.40566316078174974,0.3730162197207109,-0.30459763744138874,-0.002270877970641988,1.0044934802186234,0.3746923607252516
2025-11-17 02:45:00,2025,1396,-1,REJECT,FVG,1,0.4078681873604067,0.4078681873604067,0.59480777323392,2.23526333394478,1.82302513029123,0.18693958587351328,0.4470822686958667,-0.3766230105987174,-0.02589090604321395,1.184505927345432,0.5295715972812971
2025-11-17 09:15:00,2025,1396,-1,REJECT,FVG,1,0.5593251198640521,0.5593251198640521,0.1808581659282592,1.816592826364021,1.257510469138804,-0.3784669539357929,0.5213333806718323,-0.5162288673762023,0.044493328886828304,1.1187001944566257,0.583215754334309
2025-11-17 21:30:00,2025,1396,-1,REJECT,FVG,1,0.10542316697657204,0.10542316697657204,-0.2106039818451356,1.422849226021616,1.3171837069370576,-0.31602714882170774,0.7369129181579609,-0.6137119548924738,-0.08377199368607437,0.9538354008190257,0.7028936286599166
2025-11-18 03:15:00,2025,1396,-1,REJECT,FVG,1,0.8154864920850255,0.8154864920850255,-0.5893633939847515,1.03246844366635,0.21626028211930823,-1.4048498860697771,0.4522581846780405,-0.5997858176621867,0.04028266796918495,1.2503385600463437,0.5654758473995145
2025-11-18 14:45:00,2025,1396,-1,REJECT,OB,0,0.8512064343163526,-0.7619207200306487,-0.7619207200306487,0.1026905400229788,0.0,-1.6131271543470012,0.2574288318215694,-0.21997138219155588,0.05578067178525442,0.9140166342827932,0.23529423442890207
2025-11-18 18:15:00,2025,1397,1,REJECT,FVG,1,0.675850788120825,0.675850788120825,0.6034382036793134,1.895154437693848,1.219781620427422,-0.07241258444151152,0.6321278878711568,-0.6003957740596693,0.2063552696943116,1.2949918134110023,0.8186004398219361
2025-11-19 01:45:00,2025,1397,1,REJECT,FVG,1,0.21243368897896664,0.21243368897896664,0.1275555820468585,1.4176551230851877,1.2042677475114794,-0.08487810693210814,0.6418489796774982,-0.4829098850926719,-0.03660432154948581,0.9590872444908344,0.6155891692981453
2025-11-19 04:00:00,2025,1397,1,REJECT,FVG,1,0.46217008176651875,0.46217008176651875,0.4681258817892832,1.7579139347191477,1.2940762289462509,0.005955800022764389,0.2861436320994485,-0.11843590330269066,0.04770080208369107,1.034235567575616,0.2959399217525214
2025-11-19 06:15:00,2025,1397,1,REJECT,OB,1,0.2846872410881335,0.2846872410881335,0.2408525529205949,1.5280200538404398,1.2442857407559478,-0.043834688167538535,0.7009899196511765,-0.5143472454589151,0.04576787506421959,0.635489325625217,0.4454716113092012
2025-11-19 10:15:00,2025,1397,1,REJECT,FVG,1,0.3900317282988181,0.3900317282988181,-0.0819614627579566,1.2072637552169152,0.8162789866534704,-0.47199319105677473,0.6224844752662627,-0.5053973609172077,0.05199334582157769,1.0689469970185494,0.6654029105265391
2025-11-19 16:30:00,2025,1397,1,INSIDE,OB,1,0.30896065108836007,0.30896065108836007,-0.6675926683901493,0.6188719503339144,0.3084853270097739,-0.9765533194785093,0.610458341465325,-0.507384908418083,-0.00903995209919703,1.080248044910757,0.6594464298673806
2025-11-20 01:45:00,2025,1398,-1,REJECT,FVG,1,0.9652367737751725,0.9652367737751725,0.384913269150491,1.3614918703776122,0.3964913846743603,-0.5803235046246814,0.4591180286100254,-0.5236430875909877,0.15992849919661167,0.8502031087777572,0.39034357522015883
2025-11-20 01:45:00,2025,1398,-1,REJECT,FVG,1,0.7284761257157543,0.7284761257157543,0.384913269150491,1.3614918703776122,0.6332520327337786,-0.34356285656526325,0.45366319171187725,-0.3966542099990092,0.11377600919320635,0.9170742647140941,0.41604283796701896
2025-11-20 08:15:00,2025,1398,-1,REJECT,FVG,1,0.7567198297380383,0.7567198297380383,-0.1603300139257516,0.8186762657978376,0.06053758637904173,-0.9170498436637899,0.5055982708348875,-0.5777300321949697,0.09696551051421354,1.131235590164131,0.5719507582938682
2025-11-20 09:45:00,2025,1398,-1,REJECT,OB,1,0.019390945637041104,0.019390945637041104,-0.4928137891169009,0.4973068131059718,0.46538269528888965,-0.512204734753942,0.76513056046432,-0.5892452288663952,-0.12355909154972128,0.9924776126818258,0.7593749520395358
2025-11-20 13:45:00,2025,1398,-1,ACCEPT,FVG,0,0.6586873437033091,-0.3166040169232963,-0.3166040169232963,0.2354476966389334,0.0,-0.9752913606266053,0.5506414376562216,-0.4528201418234925,0.1592219379726375,0.8067515424913783,0.4442308291888269
2025-11-20 20:30:00,2025,1399,1,INSIDE,FVG,0,1.1072884025902225,0.3364362417251768,0.3364362417251768,0.6325001344433315,0.0,-0.7708521608650456,0.13710799476056662,-0.09245999348769812,0.07203510331575162,0.73921822070039,0.10135272793070445
2025-11-21 07:45:00,2025,1401,1,ACCEPT,FVG,0,0.7384387347883228,0.2313238573424084,0.2313238573424084,0.2611263174908106,0.0,-0.5071148774459143,0.07163661471310305,0.04404228308759972,0.0937864941562303,0.8386335686089408,0.060076869839913366
2025-11-21 07:45:00,2025,1401,1,ACCEPT,FVG,0,0.32617136940201813,0.2313238573424084,0.2313238573424084,0.2611263174908106,0.0,-0.09484751205960978,0.5113144482777673,-0.10982694064847986,0.11310529470502943,0.820522168388434,0.41954483982920937
2025-11-21 13:15:00,2025,1402,-1,REJECT,FVG,0,0.4217501922963069,-0.9343825809123724,-0.9343825809123724,0.2217620259156237,0.0,-1.3561327732086792,0.7046654046106484,-0.5625389978664513,0.13105554257347615,1.0482417114332658,0.7386596697168808
2025-11-21 22:15:00,2025,1403,1,INSIDE,OB,0,0.4715596258063052,-0.8727513154632367,-0.8727513154632367,0.0439209265898629,0.0,-1.344310941269542,0.6712606327020412,-0.5387513722848717,0.1394306275196424,1.1597714998200528,0.7785089507590038
2025-11-24 01:45:00,2025,1403,1,REJECT,FVG,0,0.5229128990697703,-0.6110894412727766,-0.6110894412727766,0.1557864378331772,0.0,-1.134002340342547,0.4327389751027075,0.0574725140111535,0.25888670921282886,0.7727824117948926,0.33441306885752026
2025-11-24 09:45:00,2025,1404,-1,INSIDE,OB,0,0.568654792563436,-0.1888398893952861,-0.1888398893952861,0.1314287672424464,0.0,-0.7574946819587222,0.3677488180917989,-0.3056823413455884,0.015854106263226198,0.8824602190734655,0.32452370257729685
2025-11-25 08:15:00,2025,1405,1,INSIDE,OB,1,0.20742051843277004,0.20742051843277004,0.1687810389990057,0.6215503992351181,0.4146039848444689,-0.03863947943376432,0.7628974010914672,-0.6016400024919724,0.015590166247222231,1.1159357867234392,0.8513445114762735
2025-11-25 19:00:00,2025,1405,1,INSIDE,FVG,1,0.34614328740635225,0.34614328740635225,0.4316048714694361,0.8868429742859214,0.5418932844223541,0.08546158406308386,0.5374323234597269,-0.44969104950575095,-0.021983952730048217,0.9524899593810435,0.5118988919422152
2025-11-26 07:45:00,2025,1405,1,ACCEPT,FVG,1,0.15777604832091563,0.15777604832091563,-0.2000887158251475,0.2569837150681438,0.09920766674722818,-0.35786476414606316,0.6318973057332667,-0.5080944308501338,-0.08733266909462838,0.7792558683320968,0.4924096836758892
2025-11-26 08:45:00,2025,1405,1,INSIDE,OB,1,0.42470944955262613,0.42470944955262613,0.0808742501119956,0.5374069992649013,0.11365464142957601,-0.34383519944063046,0.44386658309831395,-0.33424539132643827,0.002629300620476588,0.9255622232001313,0.41082614145672125
2025-11-26 19:00:00,2025,1405,1,REJECT,OB,0,0.15256908858285695,-0.3075446296670076,-0.3075446296670076,0.1082903625588076,0.0,-0.4601137182498645,0.39926004071684795,-0.38507016599421157,-0.1704122953207954,1.1182705403745912,0.44648074148241085
2025-11-26 21:45:00,2025,1405,1,ACCEPT,FVG,0,0.19227478368752082,-0.2225959635931935,-0.2225959635931935,0.1227285853324722,0.0,-0.4148707472807143,0.549440058067654,-0.3906384415229549,-0.07036256521490768,1.1210405995711605,0.6159446121245761
2025-11-27 03:15:00,2025,1405,1,ACCEPT,FVG,0,0.2687006370451048,-0.0742906608706354,-0.0742906608706354,0.0385925511016384,0.0,-0.34299129791574023,0.26469854236854556,-0.26432160680088923,-0.12323139580484317,1.2318056987183152,0.32605717293200587
2025-11-27 08:15:00,2025,1406,-1,ACCEPT,FVG,0,0.25996065358615267,-0.0375175989812469,-0.0375175989812469,0.1205404147913364,0.0,-0.2974782525673996,0.711506130257339,-0.4446774360913917,0.056676884327001686,0.8556256360385674,0.6087828852467755
2025-11-27 13:00:00,2025,1406,-1,ACCEPT,FVG,0,0.1961325706404581,0.0368506189584149,0.0368506189584149,0.1791618908569868,0.0,-0.1592819516820432,0.5131021084205819,-0.27599187678102105,-0.033743827372157933,1.0073479415777695,0.5168723527366867
2025-11-27 20:15:00,2025,1407,1,ACCEPT,FVG,1,0.11955827820867125,0.11955827820867125,0.2432729791771546,0.8877630024042148,0.7682047241955436,0.12371470096848342,0.6632257742421139,-0.38392197099462905,-0.05000089290115775,0.6477677522118849,0.42961626898980115
2025-11-28 06:00:00,2025,1407,1,REJECT,FVG,0,0.22910594641301252,-0.4216734444756836,-0.4216734444756836,0.1229469410707911,0.0,-0.6507793908886962,0.6400904804956337,-0.5397337122210367,-0.04760676570186917,0.9515358453289128,0.6090690364454028
2025-11-28 10:15:00,2025,1407,1,REJECT,FVG,0,0.5302561684303905,-0.0187237347609603,-0.0187237347609603,0.0883760280717317,0.0,-0.5489799031913508,0.4595120443807459,-0.3724016697679633,0.04238047883886678,0.9945200119213344,0.45699392385553617
2025-12-01 07:15:00,2025,1409,1,ACCEPT,OB,1,0.6153367037758265,0.6153367037758265,-0.0033428237146228,0.8192489503676303,0.2028836854488446,-0.6186795274904493,0.6780316505527563,-0.5979347716946206,0.2247016893871846,1.3046977622852511,0.8846263772347565
2025-12-01 08:30:00,2025,1409,1,REJECT,FVG,1,0.38806460599913206,0.38806460599913206,0.0167158378992241,0.8427353968582674,0.4502989563316414,-0.3713487680999079,0.38890741269093443,-0.3596974526975582,-0.06888724514138175,1.2259704355153538,0.4767889901118543
2025-12-01 11:45:00,2025,1409,1,REJECT,FVG,1,0.15610020930514226,0.15610020930514226,-0.3860072721038437,0.4361547858015162,0.2795402430225636,-0.5421074814089861,0.6287936225102685,-0.48244885524474873,-0.0809332757958795,1.1698104412032613,0.7355693449745341
2025-12-02 01:30:00,2025,1410,-1,INSIDE,FVG,1,0.3178334021063411,0.3178334021063411,0.5540431972307959,1.8815422458302296,1.5626590224122252,0.23620979512445478,0.6449857498528457,-0.4249290906806458,0.054142132692137857,0.9776963785435955,0.6306002318433527
2025-12-02 05:00:00,2025,1410,-1,REJECT,OB,1,0.5767375535653334,0.5767375535653334,0.1867456292879568,1.5107276153336944,0.9337281464397603,-0.38999192427737667,0.5413933754382819,-0.47799994241481886,0.0930279507351971,0.8847791880023758,0.47901359111014846
2025-12-02 13:30:00,2025,1410,-1,INSIDE,FVG,1,0.41903365167994394,0.41903365167994394,-0.4646211204268896,0.8743782523036628,0.4558746874696253,-0.8836547721068335,0.6072943844923743,-0.5613836727924709,0.03401826281866466,1.1626299731456564,0.706058653933877
2025-12-02 19:30:00,2025,1410,-1,INSIDE,FVG,0,0.7509819370967853,-0.5963601680104708,-0.5963601680104708,0.2340653676858448,0.0,-1.347342105107256,0.5282252463380684,-0.6232609407409027,0.1026488419332462,1.1378061860190385,0.6010179528948847
2025-12-02 22:45:00,2025,1410,-1,INSIDE,FVG,0,0.723997219658938,-0.1167563486451809,-0.1167563486451809,0.1987284733290958,0.0,-0.840753568304119,0.24691667917534574,-0.2381069134582984,-0.0005473558881156082,0.8227534914138193,0.20315155987982159
2025-12-03 07:00:00,2025,1411,1,REJECT,FVG,0,0.17869069948305635,-0.5547371791939254,-0.5547371791939254,0.0395260533418868,0.0,-0.7334278786769818,0.7530051832459506,-0.5006211309396353,0.0109041984089457,0.9130739461169335,0.6875494141128847
2025-12-03 15:30:00,2025,1412,-1,REJECT,OB,0,0.7203917673966849,-0.47146792724053,-0.47146792724053,0.0979418491707933,0.0,-1.1918596946372146,0.18658313821135464,-0.1621674301417021,0.0025032345923050037,1.0314593156923455,0.19245291605921416
2025-12-04 14:45:00,2025,1414,-1,REJECT,OB,0,0.26752395886667274,-0.162074450242107,-0.162074450242107,0.2114768227758013,0.0,-0.4295984091087798,0.4356469207029942,-0.31668884162895977,-0.06217833405776477,0.8696388691825953,0.37885549548303166
2025-12-04 20:15:00,2025,1415,1,REJECT,FVG,0,0.16144950925392884,-0.3090108886795489,-0.3090108886795489,0.0434004057134223,0.0,-0.4704603979334777,0.8110045002446268,-0.7258831592583417,-0.006252371880816648,0.7717491544381194,0.6258920373093003
2025-12-04 23:30:00,2025,1415,1,INSIDE,FVG,0,0.2624277865471781,-0.1545054443397613,-0.1545054443397613,0.0584458796940879,0.0,-0.41693323088693934,0.5366023024630857,-0.3482276615460404,-0.020548542087592048,0.7765675338777854,0.4167079266969
2025-12-05 06:15:00,2025,1416,-1,REJECT,OB,0,0.5506560967573266,-0.1988641870021168,-0.1988641870021168,0.0633806911790443,0.0,-0.7495202837594435,0.2567306566481668,-0.18030033120076755,0.0073585925301123956,0.8837279883365617,0.22688006674400898
2025-12-05 06:15:00,2025,1416,-1,REJECT,OB,0,0.4933808850037868,-0.1988641870021168,-0.1988641870021168,0.0633806911790443,0.0,-0.6922450720059036,0.3191813262498458,-0.19061666448290332,0.027702580513902952,0.6742221836108231,0.21519913075196956
2025-12-05 12:15:00,2025,1417,1,REJECT,FVG,1,0.19446133328102272,0.19446133328102272,-0.7190068056563318,1.034087120246353,0.8381548237786303,-0.9134681389373545,0.6146453869076083,-0.45226811081705065,-0.05475884142484791,1.160998994556847,0.7136026762087375
2025-12-08 04:30:00,2025,1418,-1,INSIDE,FVG,0,0.33791009591667565,-0.1367731340615141,-0.1367731340615141,0.1194902543761839,0.0,-0.47468322997818985,0.5250413694897255,-0.3735027478921259,1.8425893827417328e-05,0.8216540447743337,0.4314023649150884
2025-12-08 07:45:00,2025,1418,-1,ACCEPT,FVG,0,0.5247439849288165,0.2088844596451446,0.2088844596451446,0.3510212460227779,0.0,-0.3158595252836719,0.45966675908703125,-0.2597591236340502,0.10085087777274415,0.9256029423896937,0.42546890472969057
2025-12-09 01:15:00,2025,1420,-1,INSIDE,FVG,1,0.21070031034949588,0.21070031034949588,-0.3136216435028988,0.6424234246390732,0.432937525300236,-0.5243219538523947,0.5634191168182233,-0.33350919679076707,-0.026891156913719516,0.7965761389410649,0.4488062246806452
2025-12-09 10:15:00,2025,1420,-1,INSIDE,FVG,0,0.5615241711858289,-0.4075429945223884,-0.4075429945223884,0.0845206059529826,0.0,-0.9690671657082173,0.4266753412381581,-0.3603300966793215,0.03300238763389393,1.05945846454862,0.4520448018889375
2025-12-09 22:30:00,2025,1421,1,INSIDE,OB,0,0.32913247564861875,-0.5070755532204709,-0.5070755532204709,0.2494936157563123,0.0,-0.8362080288690897,0.6939496298269798,-0.5056524209279384,0.07364624903651706,1.059746526196734,0.7354107095646514
2025-12-10 08:15:00,2025,1421,1,INSIDE,FVG,0,0.2920109132209777,-0.4740846002131599,-0.4740846002131599,0.0220504465215363,0.0,-0.7660955134341376,0.4609377882948255,-0.2919121580443679,-0.02275994904099768,0.844879577592969,0.38943692387116957
2025-12-10 14:15:00,2025,1422,-1,REJECT,FVG,1,0.4214340198321959,0.4214340198321959,-0.8698830409356687,0.6076786168319311,0.18465547927788864,-1.2913170607678646,0.545362044231672,-0.3731075510031142,0.06020526429467435,0.9031003356518189,0.4925166451973851
2025-12-10 21:15:00,2025,1422,-1,ACCEPT,FVG,1,0.7449566879455563,0.7449566879455563,-0.5191057538214169,0.9640991784818486,0.2194619402309586,-1.264062441766973,0.5794366148377674,-0.3827271951628617,0.2706941366725886,1.0999638451019351,0.6373593268497997
2025-12-11 13:00:00,2025,1424,-1,REJECT,FVG,1,0.21578780321924368,0.21578780321924368,-0.1273180684651887,0.3806483790523643,0.165187032418936,-0.34310587168443246,0.5893885971949416,-0.42826731617136976,-0.04866857283751544,0.9021297451733844,0.5317049849955712
2025-12-11 22:00:00,2025,1425,1,REJECT,FVG,1,0.4015719822392039,0.4015719822392039,0.884240009553501,2.5999587463224496,2.199363824867304,0.4826680273142972,0.6975862297347466,-0.7827120745420867,0.04342817556294434,1.5932671955374282,1.1114412558950078
2025-12-12 03:00:00,2025,1425,1,ACCEPT,FVG,1,0.45858585492780585,0.45858585492780585,1.0162549365067104,2.738151931235669,2.2756548963084824,0.5576690815789046,0.5449587226649663,-0.4520315769460902,0.04421733556436011,1.0435096530957886,0.568669687639643
2025-12-12 15:00:00,2025,1425,1,REJECT,FVG,1,0.4277917579005898,0.4277917579005898,-0.8287852544200686,0.9029706853165174,0.46602830157849,-1.2565770123206583,0.6063953385548678,-0.7314403602640304,-0.028487407505918994,1.0958223361011015,0.6645015564960136
2025-12-15 15:15:00,2025,1427,1,ACCEPT,FVG,0,0.4710965045923571,-1.0172811561398116,-1.0172811561398116,0.2823967265921042,0.0,-1.4883776607321688,0.644831920290143,-0.4750041428210441,0.13507175443828695,1.074113859262639,0.6926229024785838
2025-12-15 16:15:00,2025,1427,1,INSIDE,FVG,0,0.637245107406394,-0.7961476842147149,-0.7961476842147149,0.2023882614081971,0.0,-1.4333927916211089,0.3180653013943774,-0.23996021164641318,0.03904836254286889,0.8708839641803717,0.2769979705465601
2025-12-16 02:45:00,2025,1428,-1,INSIDE,OB,1,0.39783401480826025,0.39783401480826025,-0.0423921491189195,1.3197002114172651,0.9221922900637434,-0.44022616392717984,0.6243909520474933,-0.4595231163924553,0.07580291900266709,1.166673115225096,0.7284601371436125
2025-12-16 09:45:00,2025,1428,-1,REJECT,FVG,0,0.41598951791833594,-0.9450161248873504,-0.9450161248873504,0.3352022035536273,0.0,-1.3610056428056863,0.7115916018613737,-0.5253030910533127,0.1445128243850944,1.0515795506497163,0.7482951769314952
2025-12-16 15:00:00,2025,1428,-1,INSIDE,FVG,0,0.6754558591792746,-0.6081390198029044,-0.6081390198029044,0.1166607362007646,0.0,-1.283594878982179,0.4213868992570871,-0.2562018688812712,0.13638649231506464,1.3610487935669469,0.573528130858775
2025-12-16 21:15:00,2025,1429,1,REJECT,OB,1,0.9547781523546663,0.9547781523546663,0.8408576138344073,1.399035610595579,0.4468688172900854,-0.11392053852025905,0.2899319579135864,-0.42796616121882497,-0.027064395090584614,1.4932535473147042,0.4329419246343604
2025-12-17 02:45:00,2025,1429,1,REJECT,FVG,1,0.10753820675227961,0.10753820675227961,0.6207144517403616,1.1819396827241515,1.0747283398221603,0.5131762449880818,0.6063402368004182,-0.36542439459638537,-0.07864813889689408,0.8640376989471739,0.5239008229841178
2025-12-17 06:15:00,2025,1429,1,REJECT,FVG,1,0.10709970939407294,0.10709970939407294,0.2301990704964305,0.7914929743025934,0.684066741404263,0.12309936110235765,0.7246902226822374,-0.6242647139514094,-0.09425206713530566,1.2723664655326372,0.9220715372402581
2025-12-17 14:45:00,2025,1429,1,INSIDE,OB,1,0.191618419929177,0.191618419929177,0.4620423675084373,1.0225098961067591,0.8321994517402376,0.2704239475792604,0.42846953804376076,-0.24471749223595746,-0.057760845518659315,1.2440314343573107,0.5330295739909939
2025-12-17 20:00:00,2025,1429,1,REJECT,FVG,0,0.2011475516723989,-0.3589359066310302,-0.3589359066310302,0.1281215361543777,0.0,-0.5600834583034291,0.6902811127704508,-0.6994153073068217,-0.07777377489090673,1.242249165595579,0.8575011363654802
2025-12-17 22:45:00,2025,1429,1,REJECT,FVG,0,0.14963813001236345,-0.3357892677837968,-0.3357892677837968,0.1408358870705033,0.0,-0.4854273977961603,0.5457182726292074,-0.48936847882924184,-0.1406508960535534,1.1728235972674759,0.6400312675995801
2025-12-18 18:15:00,2025,1430,-1,INSIDE,FVG,0,1.7393795234020402,0.9333255979230548,0.9333255979230548,1.303718798497421,0.0,-0.8060539254789856,3.531014500037755e-20,0.9965148645501144,0.9965148645501144,0.9484146795893087,3.3488659856785104e-20
2025-12-19 05:30:00,2025,1432,-1,INSIDE,FVG,0,0.33506770934048596,-0.3230312964807143,-0.3230312964807143,0.0770981039938806,0.0,-0.6580990058212003,0.6549203516243778,-0.5039462883746735,0.04554105402671366,0.983133657836841,0.6438742408842646
2025-12-19 10:30:00,2025,1432,-1,ACCEPT,FVG,0,0.4025084014093002,-0.1421957731736955,-0.1421957731736955,0.0218011826147342,0.0,-0.5447041745829958,0.42955632995423504,-0.27052329985166945,0.01858172768484781,0.7994529416065653,0.3434100715676336
2025-12-22 10:45:00,2025,1433,1,REJECT,FVG,1,0.34461274660285396,0.34461274660285396,2.059502552989773,2.864470847236597,2.5214928859591894,1.7148898063869193,0.7631498278117471,-0.9117294196984598,0.04704788818702513,0.9704934669548858,0.7406319221990466
2025-12-23 11:15:00,2025,1433,1,ACCEPT,FVG,0,0.5262186115214358,-0.2776088278738224,-0.2776088278738224,0.515466156920691,0.0,-0.8038274393952582,0.5049830301997292,-0.6688592603475068,-0.06536521528648442,1.5983801247606637,0.8071548388126613
2025-12-23 17:00:00,2025,1433,1,REJECT,FVG,0,1.6671843397861879,0.8747110661658434,0.8747110661658434,1.0937951459115745,0.0,-0.7924732736203445,0.06135624108618166,-0.17821229217571044,-0.06498569152542856,1.557968227277134,0.09559107415742689
2025-12-24 05:00:00,2025,1435,1,ACCEPT,FVG,0,1.5645058112372119,0.5517979975130473,0.5517979975130473,0.7720643728392012,0.0,-1.0127078137241645,0.35831498530738537,-0.38663822876665255,0.3124859192599247,1.3414331406141211,0.48065559606998864
2025-12-24 09:15:00,2025,1435,1,REJECT,FVG,0,0.25427694028684256,0.0338820796067292,0.0338820796067292,0.0835757963633281,0.0,-0.22039486068011324,0.6013036052840056,-0.39457420753645955,-0.004417673057642707,0.7183157644316902,0.4319258588851118
2025-12-24 19:15:00,2025,1436,-1,INSIDE,OB,0,1.1381854078793725,-0.9404648658350724,-0.9404648658350724,0.241658440276422,0.0,-2.078650273714445,0.39769169422027334,-0.418828570319584,0.2003829565950067,0.8864932439353632,0.3525510000954806
2025-12-26 15:00:00,2025,1437,1,ACCEPT,FVG,1,0.4822919951349125,0.4822919951349125,-0.3746114689850954,1.3317356637686515,0.8578764809225877,-0.8569034641200078,0.5532200776755184,-0.43924952191148936,0.07056574773013613,0.9715489778537723,0.5374804009938344
2025-12-26 21:15:00,2025,1437,1,REJECT,FVG,0,0.5282767318259605,-1.186271507071462,-1.186271507071462,0.5166021079181855,0.0,-1.7145482388974225,0.5550766704977665,-0.5098049182022399,0.06640998780024124,1.4728097405756138,0.817522327075391
2025-12-29 13:30:00,2025,1438,-1,INSIDE,FVG,1,0.4097114392137598,0.4097114392137598,2.8298523538123503,5.245792756810107,4.834142619934468,2.4201409145985906,0.7087814376385694,-0.6621434113617342,0.09756741056903839,1.5740762899964302,1.1156760557764556
2025-12-29 19:00:00,2025,1438,-1,REJECT,FVG,0,1.2433140078548637,-1.1519410083090451,-1.1519410083090451,0.8579443746827397,0.0,-2.395255016163909,0.43466957887346647,-1.2660937599029696,-0.17533054226986666,1.366616879370771,0.594026783437464
2025-12-29 23:15:00,2025,1438,-1,INSIDE,FVG,0,0.659027495408095,-1.3224716422932676,-1.3224716422932676,0.3978141080467368,0.0,-1.9814991377013624,0.7449535654073551,-0.8201617148432565,0.28176556124557767,1.2249438835115694,0.9125263134458755
2025-12-30 03:30:00,2025,1438,-1,REJECT,FVG,0,0.42211733210604846,-1.3023979707451303,-1.3023979707451303,0.1457648614988072,0.0,-1.724515302851179,0.7959266105911242,-0.8195005045245553,0.1687361718343254,1.6728152153476634,1.3314381444969274
2025-12-30 11:45:00,2025,1439,1,REJECT,FVG,1,0.49502917657230716,0.49502917657230716,-0.8885887183920418,1.17192565377133,0.6775448454722163,-1.383617894964349,0.4527034493310777,-0.45999306112122373,-0.027651199929477926,0.5698234064755795,0.2579610216210796
2025-12-30 16:45:00,2025,1439,1,INSIDE,OB,0,1.0646692802934743,-0.9934539438190284,-0.9934539438190284,0.3253246052584311,0.0,-2.058123224112503,0.4148522261543209,-0.4885094420677821,0.15583020851930895,1.5432401884183211,0.6402166276561542
2025-12-30 22:00:00,2025,1439,1,REJECT,OB,0,1.0747042618700324,-0.2514989466861195,-0.2514989466861195,0.227191703127539,0.0,-1.326203208556152,0.16716921589892772,-0.09562421603089416,0.1000186779639893,1.1534698603083255,0.19282465211078847
2025-12-31 03:45:00,2025,1440,-1,ACCEPT,FVG,1,1.2918551791903803,1.2918551791903803,0.7434322056775053,3.058599950329876,1.7664208355378865,-0.548422973512875,0.2386944513478662,-0.4064250171209869,-0.001054957427498615,1.3922952599868679,0.3323331531968002
2025-12-31 13:15:00,2025,1440,-1,INSIDE,FVG,1,0.3370990152842373,0.3370990152842373,-1.023450520787062,0.3434955810391797,0.00767587890592506,-1.3605495360712991,0.7219904064770488,-0.6282339787910305,0.06872718198707867,1.8259350285670282,1.3183075734757903
2025-12-31 18:15:00,2025,1441,1,INSIDE,FVG,1,0.9379088791260329,0.9379088791260329,-0.0255300137223881,2.5016222196219533,1.5662663418681564,-0.9634388928484211,0.44420600043265823,-0.4201195342449175,0.18312483573250107,0.8908980819478223,0.39574227377516874
2026-01-02 14:45:00,2026,1441,1,INSIDE,OB,1,0.35607429674619073,0.35607429674619073,-2.062184296129144,0.4541375388982557,0.09742852861061402,-2.4182585928753344,0.7530123628636906,-0.7415579219899597,0.08497270859586417,1.1627033575692072,0.8755300025927352
2026-01-02 18:15:00,2026,1441,1,INSIDE,OB,0,2.535363260296874,0.0193611866397128,0.0193611866397128,0.3513579280356237,0.0,-2.516002073657161,0.006207286922568659,0.23177994635903254,0.24607894893868626,1.9661088922039234,0.012204202014923367
2026-01-05 01:15:00,2026,1442,-1,INSIDE,OB,0,1.9136826128506517,-0.9913078306818648,-0.9913078306818648,0.508144077800879,0.0,-2.9049904435325167,0.03649846953201536,-0.08898476064658956,-0.01589046653223926,1.0383063880437438,0.0378965940689115
2026-01-05 05:15:00,2026,1443,1,REJECT,OB,1,0.3231485629160505,0.3231485629160505,1.3691623347535598,2.8027043638598736,2.483306074401259,1.0460137718375093,0.8027103045962056,-1.0728213252377177,0.04773808888932468,1.9089823274218631,1.5323597855135773
2026-01-05 16:45:00,2026,1443,1,REJECT,FVG,1,0.3217585716295855,0.3217585716295855,0.7757852441331274,2.212285611544534,1.8920904926439617,0.4540266725035419,0.5506920451043026,-0.4773577701564426,-0.03729075762202594,1.5038825560483071,0.8281761603869282
2026-01-06 03:15:00,2026,1443,1,REJECT,OB,1,0.5746606810559707,0.5746606810559707,0.3967744987751903,1.846042242711628,1.2726431657853072,-0.17788618228078032,0.5741363184807377,-0.43594288167494727,0.14428132727489915,0.8813908157714323,0.5060384781097442
2026-01-06 10:00:00,2026,1443,1,REJECT,FVG,1,0.4692881215289901,0.4692881215289901,-0.1553745567570944,1.298374351067759,0.8306684551676365,-0.6246626782860846,0.4837148983222988,-0.5828893504762427,-0.07393543158821814,0.9321037519346601,0.45087247159290733
2026-01-06 12:15:00,2026,1443,1,REJECT,OB,1,0.8162949140010277,0.8162949140010277,0.1365772934527944,1.5926623593824334,0.7776349840677416,-0.6797176205482333,0.2790574077853579,-0.2674316999855413,0.034990239661553874,0.5308105314309328,0.14812661092628437
2026-01-06 19:45:00,2026,1443,1,REJECT,OB,1,0.22058667721450645,0.22058667721450645,-0.9395593917091176,0.5234960480869146,0.3016379779201642,-1.160146068923624,0.6222996594563638,-0.5744913328749501,-0.07971455795503793,1.0051085603982477,0.6254787148525056
2026-01-06 22:45:00,2026,1443,1,REJECT,FVG,1,0.13528568306475575,0.13528568306475575,-1.1299392866852072,0.3412525386054616,0.20564703123085307,-1.265224969749963,0.6789686672822473,-0.6398682978787077,-0.11356303249899584,0.9341971381293169,0.6342905858545518
2026-01-07 02:45:00,2026,1443,1,REJECT,FVG,0,0.3425476917818624,-1.1311443891393105,-1.1311443891393105,0.1957873149473309,0.0,-1.4736920809211729,0.7094049268778997,-0.7249494054241912,0.032338294761639436,0.9210162412301964,0.6533734592632655
2026-01-07 07:45:00,2026,1443,1,INSIDE,OB,0,1.3905788037298012,0.0646037070729891,0.0646037070729891,0.0732388560382066,0.0,-1.325975096656812,0.03411071299868771,-0.08163802929809871,-0.03141966343484707,1.229630073242769,0.04194355852293944
2026-01-07 07:45:00,2026,1443,1,INSIDE,OB,0,0.8913392654082292,0.0646037070729891,0.0646037070729891,0.0732388560382066,0.0,-0.8267355583352399,0.1040208952293973,-0.26830720934271735,-0.14767974488950925,0.8164030898400491,0.08492298027320797
2026-01-07 10:15:00,2026,1444,-1,INSIDE,OB,1,0.7782635208530652,0.7782635208530652,0.5536167315278918,1.3523608713507853,0.5734573311548992,-0.2246467893251733,0.5581854850345612,-0.500910542402543,0.21310585253941916,1.3664422638971203,0.762728237845138
2026-01-07 23:30:00,2026,1444,-1,REJECT,FVG,1,0.22737288332152572,0.22737288332152572,0.1278169598333035,0.343949658244855,0.11464988608163781,-0.09955592348822216,0.566971269015565,-0.4683341586640812,-0.07388825420643666,1.053873814519546,0.5975161740004212
2026-01-08 07:45:00,2026,1445,1,REJECT,FVG,0,0.895610764410968,0.221884094897344,0.221884094897344,0.2984292630060324,0.0,-0.673726669513624,0.024101412328737623,-0.06912813813376834,-0.045876568053963826,1.2596728479722499,0.030359894708294418
2026-01-09 08:15:00,2026,1447,1,REJECT,OB,1,0.29699940406844894,0.29699940406844894,3.5578724706463376,5.248385347599879,4.951708068698538,3.260873066577888,0.5475903937528743,-0.37813208683954047,-0.008436567898269465,0.9330864175195568,0.510949158774993
2026-01-09 11:00:00,2026,1447,1,REJECT,FVG,1,0.28797989938955987,0.28797989938955987,3.513419197586199,5.20328782420555,4.916274300317289,3.2254392981966387,0.5415122969595572,-0.4173311168748196,-0.035396528386615916,0.9079764767530114,0.49168042751176916
2026-01-09 21:15:00,2026,1447,1,REJECT,FVG,1,0.6490649858287477,0.6490649858287477,2.6144337629181797,4.318553883211563,3.6688398323969733,1.9653687770894315,0.26302020822396743,-0.45700202209517665,-0.16608404736136545,1.0767999485597612,0.2832201466857458
2026-01-12 04:15:00,2026,1447,1,REJECT,FVG,1,1.0987814446525912,1.0987814446525912,0.3461914140686135,2.02879057180828,0.9284078717714619,-0.7525900305839778,0.6755254914159565,-1.2863450727778987,0.324868689998562,1.55752583184128,1.0521484029476271
2026-01-12 13:30:00,2026,1447,1,INSIDE,FVG,1,0.4559414672618537,0.4559414672618537,-0.2382022392076209,1.440723879019536,0.9841429426591533,-0.6941437064694747,0.6419886903236022,-0.693859602375872,0.04429968045352842,1.11348051846156,0.7148418997479824
2026-01-12 22:00:00,2026,1447,1,ACCEPT,FVG,0,0.6027193935699273,-1.0667656179596587,-1.0667656179596587,0.0159028863738768,0.0,-1.669485011529586,0.32969437497368714,-0.5078450971277031,-0.14169823149917662,1.1461803120111147,0.3778892015756502
2026-01-13 02:30:00,2026,1447,1,ACCEPT,FVG,0,0.9730415477323282,-0.3352362829051606,-0.3352362829051606,0.2362829051697028,0.0,-1.3082778306374887,0.12740821518553958,-0.17010177735919857,-0.024455926608024106,1.1316754253406913,0.14418474611199383
2026-01-13 10:15:00,2026,1448,-1,REJECT,FVG,0,0.44339409123686013,-0.744674691692675,-0.744674691692675,0.3164393728058079,0.0,-1.188068782929535,0.6052648981004979,-0.5054626357208633,0.06884703443317511,0.7712375665099508,0.46680302710492133
2026-01-13 15:45:00,2026,1448,-1,ACCEPT,FVG,0,1.257533857422685,0.1972787803436685,0.1972787803436685,0.3408977324338362,0.0,-1.0602550770790165,0.06411794803466689,-0.018885669947976857,0.06295573097840931,1.0918344721326925,0.07000618594666193
2026-01-13 18:30:00,2026,1449,1,INSIDE,FVG,0,1.132300607075555,-0.3152606238224817,-0.3152606238224817,0.5447979903705371,0.0,-1.4475612308980368,0.3498617698619943,-0.490165770199373,0.07747318809561149,1.4315491661568531,0.5008443249160988
2026-01-14 02:15:00,2026,1450,-1,REJECT,OB,0,1.0947873920400815,-0.4396537002633947,-0.4396537002633947,0.0664448388815973,0.0,-1.5344410923034761,0.20232055562949733,-0.31474674378414447,-0.029569014245443698,1.1977262566519953,0.2423246417378696
2026-01-14 11:45:00,2026,1451,1,ACCEPT,FVG,1,0.3743403040416465,0.3743403040416465,-0.4236527384597598,0.4413307809869872,0.0673006180422883,-0.7979930425014062,0.724021171422738,-0.5343253357115074,0.12356782521416274,1.2219815600648423,0.884740520575132
2026-01-14 11:45:00,2026,1451,1,ACCEPT,FVG,1,0.37651129172042097,0.37651129172042097,-0.4236527384597598,0.4413307809869872,0.06512963036351387,-0.8001640301801808,0.5849261976039856,-0.44154433880787164,0.03695783058557345,1.3207743134563772,0.7725554970630533
2026-01-14 13:00:00,2026,1451,1,REJECT,FVG,1,0.2024397112150425,0.2024397112150425,-0.5973681800984398,0.270541549550042,0.06779087103668764,-0.7998078913134824,0.681777382670329,-0.5023420626301952,-0.021837789504237343,0.9622556865293322,0.6560441634216087
2026-01-14 17:00:00,2026,1451,1,REJECT,FVG,0,0.7535613373128562,-0.114855073716845,-0.114855073716845,0.277955503601955,0.0,-0.8684164110297012,0.2094904488432619,-0.3176776230639963,-0.09326329243626019,1.4226520959390858,0.29803202612608637
2026-01-15 00:00:00,2026,1452,-1,ACCEPT,FVG,1,0.906786160541156,0.906786160541156,0.4250075401783736,1.4105907191175922,0.6229307596191112,-0.48177862036278246,0.44714282742956574,-0.41586629468193853,0.17554826385317304,1.3553110928021395,0.6060176340822032
2026-01-15 08:00:00,2026,1452,-1,REJECT,OB,0,0.4405748670024638,-0.6658335260833803,-0.6658335260833803,0.399562255969776,0.0,-1.1064083930858442,0.7526158096059289,-0.6233233073958323,0.17738327846721105,1.4059942123942766,1.0581734724623688
2026-01-15 10:15:00,2026,1452,-1,REJECT,FVG,0,0.7040498227274725,-0.4011157639634433,-0.4011157639634433,0.6680084372745259,0.0,-1.1051655866909158,0.39280008247569104,-0.42522558544090283,0.018353888025404663,1.0358715747199523,0.4068904399842212
2026-01-15 12:45:00,2026,1452,-1,REJECT,FVG,1,0.6284210144263703,0.6284210144263703,0.0404429365720001,1.1090697606089146,0.4809598456946434,-0.5879780778543702,0.21356649981962306,-0.1587628760985485,0.009353232115251756,1.1916852370280824,0.2545040449588054
2026-01-15 17:30:00,2026,1452,-1,INSIDE,OB,0,1.0555593827500747,-0.0096100854229657,-0.0096100854229657,0.4898043538164841,0.0,-1.0651694681730404,0.3950984297729013,-0.4523041105302999,0.14345038797665782,0.9266161494046494,0.3661045856319891
2026-01-16 03:15:00,2026,1453,1,REJECT,FVG,0,0.5235972497922393,-0.1026176428164126,-0.1026176428164126,0.1465083213704546,0.0,-0.6262148926086519,0.4229740045789008,-0.3545926416560441,0.0168588535105465,0.9359207697691722,0.39587015595783415
2026-01-16 09:15:00,2026,1454,-1,ACCEPT,FVG,1,0.5783003502822419,0.5783003502822419,-1.459034484178963,2.264391863017514,1.6860915127352722,-2.037334834461205,0.3678226509195248,-0.18397519316773653,0.09640701795515597,0.9033381328457697,0.33226822670002487
2026-01-16 13:30:00,2026,1454,-1,ACCEPT,FVG,1,0.5266805983736946,0.5266805983736946,-1.4273447683681506,2.3134220272702826,1.7867414288965877,-1.9540253667418452,0.5963258543398343,-0.27662748144713917,0.20240589555011135,0.7536875691036248,0.44944338355103197
2026-01-16 16:45:00,2026,1454,-1,REJECT,OB,1,0.8167712571546704,0.8167712571546704,-1.5032066754017128,2.23774222467418,1.4203503206675543,-2.3199779325563834,0.43711830256541717,-0.4584704196478826,0.09896105747672568,0.7664757394893523,0.3350405742031586
2026-01-16 21:45:00,2026,1454,-1,ACCEPT,FVG,0,1.6297755590395282,-2.099801963858423,-2.099801963858423,0.2627073190857265,0.0,-3.729577522897952,0.20831379530842115,-0.5521525119144441,-0.0976267943640402,1.1932116336539862,0.24856244401262328
2026-01-19 10:45:00,2026,1455,1,REJECT,FVG,1,0.34881465627244695,0.34881465627244695,0.0584930635189028,0.3825017609168271,0.03276836542681351,-0.2903215927535441,0.7826417765490452,-0.7138051407889783,0.11784550497936144,1.348295168609758,1.0552321260732354
2026-01-19 19:30:00,2026,1455,1,REJECT,FVG,1,0.15874860701857094,0.15874860701857094,-0.0375335853803686,0.2885778941539253,0.12829102543943238,-0.19628219239893963,0.6663560198372752,-0.4472332126247062,-0.04343357919346248,0.9367995875275126,0.6242420445300344
2026-01-20 14:15:00,2026,1457,1,INSIDE,FVG,1,0.21987271607471012,0.21987271607471012,2.951652638061984,4.880927940874566,4.6564360500923865,2.7317799219872736,0.8028265166515771,-0.844721222960372,0.009963020763544439,0.8870388766355154,0.7121383314638189
2026-01-20 23:45:00,2026,1457,1,INSIDE,FVG,1,0.21412406429525535,0.21412406429525535,2.0493854130754623,3.974965951099276,3.755312140523818,1.8352613487802067,0.7338565384600119,-0.6199791282067255,-0.007867046638776909,1.3436587877216914,0.9860527868288164
2026-01-21 11:00:00,2026,1457,1,REJECT,FVG,0,1.022219987934831,-0.8629599839131488,-0.8629599839131488,0.7893625578121882,0.0,-1.8851799718479798,0.5281977002431383,-1.2013884826596621,-0.026883602250488803,1.8544346182595308,0.9795081006159462
2026-01-21 23:30:00,2026,1458,-1,REJECT,OB,0,2.292693357733569,0.2807684083325417,0.2807684083325417,1.7893391549099746,0.0,-2.011924949401027,0.2066048696456601,-0.6358660540751947,-0.030811418548874037,1.6730694274141904,0.345664290959048
2026-01-22 06:00:00,2026,1458,-1,INSIDE,FVG,0,0.7064722561848125,-0.7752464816211796,-0.7752464816211796,0.0848703207512971,0.0,-1.481718737805992,0.3793733755580786,-0.4390219961963614,-0.004451974988137819,1.3665347153644425,0.5184268877851067
2026-01-22 11:00:00,2026,1458,-1,INSIDE,FVG,0,1.0752921373773952,0.2193700838377552,0.2193700838377552,0.4862266532871673,0.0,-0.85592205353964,0.09497188190277404,-0.1397380025719574,-0.024344303612376467,0.8967702055134892,0.0851679540519535
2026-01-22 14:15:00,2026,1459,1,ACCEPT,FVG,1,0.38316690534455494,0.38316690534455494,3.323980177343596,4.150247459939306,3.766789615410733,2.940813271999041,0.6072950926520183,-0.44896001734084684,0.05638657926962312,0.968485641093738,0.588156577140171
2026-01-23 05:15:00,2026,1459,1,INSIDE,FVG,1,0.35993544015122136,0.35993544015122136,-0.4476339958071034,0.3556504944351459,0.003427956572865475,-0.8075694359583248,0.7199842018887457,-0.8840774649980274,0.011592173655154359,1.1024819899554803,0.7937696156348126
2026-01-23 10:30:00,2026,1459,1,INSIDE,OB,0,1.5402122146236519,0.7303099221034551,0.7303099221034551,0.9867742267795936,0.0,-0.8099022925201967,0.0864921998088746,-0.283714863234297,-0.12595939797939054,1.6197360985730245,0.14009453827542503
2026-01-26 07:15:00,2026,1461,1,REJECT,FVG,1,0.9202621560436255,0.9202621560436255,-1.2910891944735643,1.427197995095766,0.5066580659896399,-2.2113513505171896,0.6787953244454604,-0.8613122808026439,0.34801211708015795,1.620806033249429,1.1001955572027058
2026-01-26 10:45:00,2026,1461,1,ACCEPT,FVG,0,0.4965028621332915,-2.2115687688444883,-2.2115687688444883,0.322145669745321,0.0,-2.70807163097778,0.7104111185179359,-0.882098767021837,0.09727515833690653,1.1481770473898756,0.8156777404928627
2026-01-26 17:45:00,2026,1461,1,REJECT,FVG,1,0.5532463372407751,0.5532463372407751,-1.7835673482462244,0.7270453106767121,0.17736830464394493,-2.3368136854869994,0.425029040389475,-0.46137472709684213,-0.030131309762476965,1.3751932224206627,0.5844970556755641
2026-01-26 22:00:00,2026,1461,1,REJECT,FVG,0,2.0675828990873657,-0.432489243204568,-0.432489243204568,0.9150072673866544,0.0,-2.5000721422919336,0.03722237865919413,0.014361260306870904,0.09078705361680958,1.7186993110655902,0.06397407655777948
2026-01-27 03:15:00,2026,1462,-1,ACCEPT,FVG,0,2.2093089792046325,-0.3125178816124252,-0.3125178816124252,0.595491574937139,0.0,-2.521826860817058,0.4465499397006306,-0.50409026169982,0.7075780057098002,1.5602289714450284,0.6967201531179543
2026-01-27 12:00:00,2026,1463,1,REJECT,FVG,1,0.06424644830041044,0.06424644830041044,-0.4556390371097115,0.1239230655501854,0.06935390653351238,-0.5198854854101219,0.9260181755315838,-0.901909667764819,-0.00723154388741408,1.1961556926862558,1.1076619121930444
2026-01-27 14:00:00,2026,1463,1,REJECT,OB,1,0.6026800715044174,0.6026800715044174,0.1139769626752514,0.7032163546188858,0.10053628311446842,-0.4887031088291659,0.5605060448642749,-0.44788015295491745,0.1409652033485092,1.255905671885263,0.7039427208710186
2026-01-28 13:15:00,2026,1465,1,REJECT,FVG,1,1.3322539910563425,1.3322539910563425,1.9510704603906583,8.795847911212022,7.469589193447475,0.6188164693343166,0.48936802097301235,-1.1789928703933699,0.049931036368964454,1.3735975641726543,0.6721947215925221
2026-01-28 18:45:00,2026,1465,1,REJECT,FVG,1,0.3940727347821717,0.3940727347821717,1.3545600402044218,8.182987922785548,7.792294439686843,0.9604873054222501,0.4436922842103702,-0.6218530665006099,-0.17109462714120185,1.1858112707496464,0.5261353113613124
2026-01-29 04:15:00,2026,1465,1,INSIDE,FVG,0,1.9071496883783203,-4.678543139102849,-4.678543139102849,1.8470109516537467,0.0,-6.585692827481169,0.4519945522035685,-2.132708214426372,-0.3067144506821178,1.676954718021829,0.757974396837938
2026-01-29 15:15:00,2026,1465,1,INSIDE,OB,0,1.9773926437334048,-4.420068603139575,-4.420068603139575,0.8531423078183555,0.0,-6.397461246872981,0.05475771764000534,-0.4397543368700669,-0.3073968850117905,2.068420065933157,0.11326196193128903
2026-01-30 03:45:00,2026,1466,-1,REJECT,FVG,1,1.5085498160166189,1.5085498160166189,14.656697260945014,21.56399166093896,20.053846942534147,13.1481474449284,0.44556216864588566,-0.8172866402884227,0.2190180950985134,1.7572471961978673,0.7829628715848239
2026-01-30 10:00:00,2026,1466,-1,INSIDE,OB,1,1.4979569988184616,1.4979569988184616,10.409978088492258,17.075173420377837,15.564267049701456,8.912021089673797,0.16033669879035156,-1.5098927106953364,-1.027624017814376,1.571435929781097,0.2519588493416478
2026-01-30 13:45:00,2026,1466,-1,REJECT,OB,1,3.807260007220949,3.807260007220949,8.840991281599026,15.29871621101726,11.491882357815483,5.033731274378077,0.3758086200047458,-1.713761829040487,0.3610857682609909,1.4124764262661336,0.5308208165443107
2026-02-02 05:30:00,2026,1466,-1,REJECT,FVG,1,2.1566841558374907,2.1566841558374907,-0.1883827434479744,5.638782343206804,3.4871012020063428,-2.3450668992854653,0.7036787299999537,-1.8524230175316838,0.9687004266584414,1.8506790324168878,1.3022834711686588
2026-02-02 11:30:00,2026,1466,-1,INSIDE,OB,0,5.377157350884618,-0.3079949897147444,-0.3079949897147444,0.617490564032239,0.0,-5.6851523405993625,0.003792995905760796,-0.7072544419111881,-0.6841762928921509,1.6736255867097727,0.006348054998166678
2026-02-02 14:30:00,2026,1466,-1,REJECT,FVG,0,2.191608343556295,1.303978771263592,1.303978771263592,1.9658812330613715,0.0,-0.8876295722927031,0.043029380329396134,-0.3415314557464989,-0.2325320198947688,1.3565756764955157,0.0583726107295334
2026-02-02 17:45:00,2026,1467,1,REJECT,OB,0,2.459218248654097,-0.0275024042134356,-0.0275024042134356,0.685223299749241,0.0,-2.486720652867533,0.21604275314716437,-0.5826442538098621,0.0745280959175747,1.8413139848873417,0.3978025427034375
2026-02-03 02:30:00,2026,1468,-1,REJECT,OB,0,3.0850826359679684,-0.3717960590124554,-0.3717960590124554,0.9395789976459384,0.0,-3.456878694980424,0.006460551640237982,0.17160447437733906,0.19042715049300094,1.770895043864368,0.011440958880327255
2026-02-03 02:30:00,2026,1468,-1,REJECT,OB,0,3.5305711653840395,-0.3717960590124554,-0.3717960590124554,0.9395789976459384,0.0,-3.902367224396495,0.0008877128001006052,0.4548338718879279,0.4575642432531112,1.8392741488455218,0.0016327472048243154
2026-02-03 14:30:00,2026,1469,1,INSIDE,OB,1,0.7689494540207011,0.7689494540207011,-0.0780118174083437,3.1993306288986005,2.431058067002917,-0.8469612714290449,0.6260692887182766,-0.8513538989802778,0.16306826874088376,1.7028723948321216,1.0661161090105347
2026-02-03 22:00:00,2026,1469,1,REJECT,FVG,1,1.1180186859340144,1.1180186859340144,-0.4897634472055971,2.7656340163926805,1.6479514755837283,-1.6077821331396116,0.2580652980674597,-0.49822567269754425,-0.08112909053744083,1.775768118246069,0.4582641287338638
2026-02-04 17:30:00,2026,1469,1,REJECT,OB,0,2.1890401644902484,-0.980396790913042,-0.980396790913042,0.0680649307442941,0.0,-3.1694369554032904,0.0067357409786999835,0.22907184348344423,0.24227368242020356,1.5254744877556596,0.010275201019137164
2026-02-04 17:30:00,2026,1469,1,REJECT,OB,0,1.7266567647705762,-0.980396790913042,-0.980396790913042,0.0680649307442941,0.0,-2.707053555683618,0.051968212161010933,-0.07174571330594226,0.02171404822562606,1.562917067909366,0.08122200577517906
2026-02-04 21:30:00,2026,1470,-1,REJECT,FVG,0,1.2678575905280016,-0.3995193805667865,-0.3995193805667865,0.3047564133327248,0.0,-1.667376971094788,0.48178905842393366,-0.9223197747581726,0.13288371584446507,1.6043831003134639,0.7729742232512953
2026-02-05 01:15:00,2026,1470,-1,ACCEPT,OB,0,1.5182134397473466,0.8191246452273789,0.8191246452273789,1.1825932011694062,0.0,-0.6990887945199676,0.13017271439833447,-0.1673987493128891,0.05202196476000032,1.9103782897787225,0.2486791275081443
2026-02-05 10:15:00,2026,1472,-1,REJECT,FVG,1,1.8000740252683411,1.8000740252683411,0.6833949773067978,4.506878837435779,2.7069623127383817,-1.1166790479615432,0.12303487426419889,-0.30804685119757913,-0.04867446422786187,1.4528306137218465,0.1787488318864463
2026-02-05 21:15:00,2026,1472,-1,REJECT,OB,1,0.7815020643790892,0.7815020643790892,-0.7178321315089728,3.0345213636835786,2.2524011446164303,-1.4993341958880622,0.38341780973146017,-0.44830297893726917,0.02322617716779246,0.8405571986478512,0.322284600059571
2026-02-06 04:30:00,2026,1472,-1,INSIDE,OB,0,2.520820555451354,-1.1709186388957882,-1.1709186388957882,0.2972916803949724,0.0,-3.691739194347142,0.021316172718840242,-0.3395080211410703,-0.27853676316979176,1.4328254023776692,0.030542353753024165
2026-02-06 10:45:00,2026,1473,1,REJECT,OB,1,0.6577539167260089,0.6577539167260089,2.7042165836727143,3.4036920105734594,2.7576863891313095,2.046462666946705,0.49844656504118146,-0.5180608432280928,0.06801998499575052,1.0991984347949364,0.5478916841221791
2026-02-09 03:45:00,2026,1473,1,REJECT,FVG,1,0.5608528666226399,0.5608528666226399,0.439161183626012,1.141789323959889,0.5807876899986192,-0.12169168299662783,0.8078516090558777,-0.9019793694404827,0.27977200624191845,1.5121637752241512,1.221603938970841
2026-02-09 11:30:00,2026,1473,1,REJECT,FVG,1,0.316393879302692,0.316393879302692,0.2197590789356907,0.9181045964424182,0.602154674874946,-0.0966348003670013,0.589344682558063,-0.458410411357853,-0.0017836226338888705,1.3520733188457814,0.7968372208903938
2026-02-09 14:15:00,2026,1473,1,REJECT,FVG,1,0.36157148504977316,0.36157148504977316,0.3326339550090403,1.0303827660932197,0.6682207192058812,-0.028937530040732896,0.5278553933190135,-0.4211428242180971,-0.007982854643085457,1.3453332195257377,0.710141395737893
2026-02-10 01:15:00,2026,1473,1,INSIDE,OB,0,1.0742899505147256,0.3803368525214969,0.3803368525214969,0.6322291883877337,0.0,-0.6939530979932287,0.22489699600423413,-0.3201047797450548,-0.006509593665495833,1.4467193458368655,0.32536283493992174
2026-02-10 16:15:00,2026,1475,1,REJECT,FVG,1,0.10990422608498022,0.10990422608498022,-0.4315679929754925,0.3341029935446095,0.2239060797736442,-0.5414722190604727,0.5710311712187984,-0.37247795865813377,-0.0970226947291906,0.9071273707895033,0.5179980049865593
2026-02-11 15:45:00,2026,1477,1,REJECT,OB,0,0.8678830209726508,0.0517457007578292,0.0517457007578292,0.5843873441711472,0.0,-0.8161373202148215,0.4515607160668203,-0.5214807176381511,0.10590136704621711,0.9574332017980937,0.43233922219009563
2026-02-11 21:45:00,2026,1477,1,ACCEPT,FVG,1,0.19353454511174403,0.19353454511174403,-0.3227038598008314,0.2075778681130364,0.014189607615892523,-0.5162384049125753,0.6738258898840545,-0.4686432973494977,-0.022450723391548272,0.8661234685766295,0.5836164169631112
2026-02-12 07:15:00,2026,1478,-1,REJECT,OB,0,0.4356541754454264,-0.0062841762979424,-0.0062841762979424,0.4073023102872926,0.0,-0.4419383517433688,0.5903332372901476,-0.42048777150883804,0.08492127561656274,0.7780950992196972,0.4593353988419625
2026-02-12 11:00:00,2026,1478,-1,ACCEPT,FVG,0,0.3094909585541467,-0.104138734636366,-0.104138734636366,0.289014241069473,0.0,-0.4136296931905128,0.5484816274095848,-0.2522297774543918,0.055863725981281184,0.6710463404766727,0.3680565888918918
2026-02-12 14:00:00,2026,1478,-1,REJECT,FVG,1,0.1705396600267021,0.1705396600267021,-0.1643914491072965,0.2225066808932121,0.054748354377669395,-0.3349311091339987,0.6613304765123578,-0.42887721192102723,-0.03246456636628846,0.8628641787478567,0.5706383784967644
2026-02-12 18:00:00,2026,1479,1,ACCEPT,FVG,0,0.34163381308783325,-1.7521185268140471,-1.7521185268140471,0.1152940870069099,0.0,-2.0937523399018807,0.48606354520457357,-0.3047551601357975,0.00943095577042466,0.7781893268841295,0.3782494630656607
2026-02-13 07:15:00,2026,1480,-1,REJECT,FVG,0,1.3135389803849675,0.4597024574878992,0.4597024574878992,0.4821375585302898,0.0,-0.8538365228970684,0.07967769099130752,-0.12518794333121402,-0.010553504082481652,1.3135296330190194,0.10465900820761499
2026-02-13 20:00:00,2026,1483,1,REJECT,OB,1,0.18568678420674112,0.18568678420674112,-0.4379896053935125,0.4473823221043545,0.261406531229581,-0.6236763896002537,0.6376934585388339,-0.5664459514984788,-0.08681582598634245,1.210635448639503,0.7720143062726375
2026-02-16 04:00:00,2026,1483,1,REJECT,FVG,0,0.3330224308496782,-0.5542165378124785,-0.5542165378124785,0.0334615839609785,0.0,-0.8872389686621567,0.43025448864577986,-0.3367411353686679,-0.04857235467181947,1.319271775849834,0.5676226033030802
2026-02-16 07:45:00,2026,1483,1,REJECT,FVG,0,0.6593815159755388,0.0718482495439074,0.0718482495439074,0.0699651301002147,0.0,-0.5875332664316314,0.15402156913316833,-0.08289945966409673,0.03142782094161904,1.3597098442296098,0.2094246437740604
2026-02-16 08:45:00,2026,1484,-1,INSIDE,FVG,1,0.5352433084559516,0.5352433084559516,0.9965603763050934,2.31929141185002,1.7837593290166918,0.4613170678491419,0.5359941954786616,-0.41758586251288726,0.09312504240915562,1.0079014545601115,0.5402293292587197
2026-02-16 18:45:00,2026,1484,-1,REJECT,FVG,1,0.28713849780146145,0.28713849780146145,0.8028895288298511,2.1267323966502936,1.839304881739816,0.5157510310283896,0.6268767606395655,-0.41147835381148595,0.02646831505585054,0.7105667427422968,0.44543777790849853
2026-02-17 10:15:00,2026,1484,-1,REJECT,FVG,1,0.9807091727060588,0.9807091727060588,-0.0821671383934244,1.2296441094066697,0.24821919507697218,-1.0628763110994834,0.409410897711662,-0.5714717628974331,0.06400802735891992,1.0355936001618211,0.42398330550670316
2026-02-17 18:00:00,2026,1484,-1,REJECT,FVG,0,0.5256518415225337,-0.7790758594273148,-0.7790758594273148,0.4045667289766914,0.0,-1.3047277009498488,0.4189431888243996,-0.5643989295350448,-0.10772958352768724,1.1563869161422788,0.4844604221634599
2026-02-17 21:00:00,2026,1484,-1,REJECT,OB,0,0.6924344337582901,-0.4883260683612325,-0.4883260683612325,0.6349091115691372,0.0,-1.1807605021195227,0.40743516760812826,-0.3655209211809969,0.06552729618060829,1.4542551520655373,0.5925146916268063
2026-02-18 03:15:00,2026,1484,-1,REJECT,FVG,0,0.4621726001834666,-0.659031766590948,-0.659031766590948,0.07525717592683,0.0,-1.1212043667744145,0.4188941404439206,-0.34215285750634855,-0.005225636270210415,1.039952593734925,0.4356300478550172
2026-02-18 21:30:00,2026,1485,1,INSIDE,FVG,1,0.4537813939588421,0.4537813939588421,0.2528694700000972,0.6141720795646991,0.16109663052489945,-0.20091192395874483,0.38898460652810446,-0.3163244924083223,-0.016765157214813725,1.0361811573367403,0.40305851977846785
2026-02-19 04:30:00,2026,1485,1,REJECT,FVG,1,0.2269671069995675,0.2269671069995675,0.3373492466148816,0.6989459108719432,0.47183783051398775,0.11038213961531408,0.5811939129819316,-0.33940423241537054,-0.010232657459985028,0.6589956328368884,0.38300425048647546
2026-02-19 12:15:00,2026,1485,1,INSIDE,OB,1,0.4611228987731301,0.4611228987731301,0.1041472561715634,0.4649280082678895,0.00436882941990931,-0.35697564260156667,0.46675598552717135,-0.28436886980026754,0.06359387534260263,0.8587022462636169,0.4008044132291703
2026-02-19 19:45:00,2026,1485,1,REJECT,FVG,0,0.4085321537767471,0.0470841060598487,0.0470841060598487,0.1516841261089701,0.0,-0.3614480477168984,0.6579251252279044,-0.44137325962598883,0.11780086591888006,0.6233844596351066,0.410140298670557
2026-02-20 07:30:00,2026,1487,1,REJECT,OB,1,0.18460483370299186,0.18460483370299186,2.551774296712735,3.494386306361043,3.309922392378438,2.3671694630097426,0.5379197926406472,-0.29619468263805204,-0.03756310650615427,0.8237244090464151,0.4430976633072872
2026-02-20 14:00:00,2026,1487,1,REJECT,OB,1,0.35566124199610555,0.35566124199610555,2.325077404214725,3.264748176726743,2.9095085008017603,1.96941616221862,0.5192667977945408,-0.37564769403585846,0.004096755375992134,0.9589035354788328,0.4979267682619573
2026-02-23 06:15:00,2026,1487,1,ACCEPT,FVG,1,0.200637566063594,0.200637566063594,0.2864852772573444,1.2220016218785907,1.0212242386957857,0.08584771119375047,0.7592136902050982,-0.7047511802954991,-0.01736764910204433,0.967251647738406,0.734350692836437
2026-02-23 22:00:00,2026,1487,1,REJECT,OB,1,0.048987680970638374,0.048987680970638374,-0.4590327142804022,0.474245412929405,0.42567643008671713,-0.5080203952510406,0.5805009282647695,-0.5596382846651813,-0.20633034664754626,1.0789473592349956,0.6263299435847367
2026-02-24 03:30:00,2026,1487,1,REJECT,FVG,0,1.175601753514516,0.2424295025638617,0.2424295025638617,0.3715950488090514,0.0,-0.9331722509506545,0.09393349448409184,-0.2612886945469899,-0.12631655356976018,1.6160275220938316,0.15179911233274154
2026-02-24 10:45:00,2026,1488,-1,REJECT,FVG,1,0.25290499501230257,0.25290499501230257,0.4368989250459323,1.1264255369955951,0.8736591960375785,0.18399393003362968,0.6968974818591791,-0.4828848459536037,0.029885241393102252,0.853190987627729,0.5945866508227104
2026-02-24 20:15:00,2026,1488,-1,REJECT,FVG,0,0.46268234254510116,0.2918861450732177,0.2918861450732177,0.3322034366348925,0.0,-0.17079619747188343,0.3933506002293227,-0.2600632353586793,0.02422917152286147,0.9617916346319377,0.37832131677801417
2026-02-24 22:45:00,2026,1488,-1,REJECT,OB,1,0.354847394909249,0.354847394909249,0.3982022906296836,0.4410048946848902,0.084776770612565,0.04335489572043447,0.3774118046621649,-0.2551080383780122,-0.02490365753757426,0.7623096851195317,0.2877046739724091
2026-02-25 11:00:00,2026,1489,1,ACCEPT,FVG,0,0.3480430504455447,-0.0055004828201536,-0.0055004828201536,0.1359994377284273,0.0,-0.3535435332656983,0.5281395723668975,-0.2808333767081327,0.05130115060043283,1.0088094683603634,0.5327922012195195
2026-02-25 14:45:00,2026,1489,1,REJECT,FVG,0,0.1697755266630873,0.0019245808690596,0.0019245808690596,0.0919674715284297,0.0,-0.1678509457940276,0.3022546658011806,-0.2264868629697042,-0.10671470682166757,0.9406551006292098,0.2843173930748577
2026-02-25 14:45:00,2026,1489,1,REJECT,FVG,0,0.14461850530329545,0.0019245808690596,0.0019245808690596,0.0919674715284297,0.0,-0.14269392443423579,0.400603899085452,-0.33278087975369586,-0.14153282467886807,0.9809609951460665,0.3929767995062594
2026-02-25 21:15:00,2026,1491,1,REJECT,FVG,0,0.1445605936499938,-0.6501801107764988,-0.6501801107764988,0.0193204205731248,0.0,-0.7947407044264925,0.7734075844454297,-0.5684139417493832,-0.016994028555048543,0.7400159359179068,0.5723339374493922
2026-02-26 01:15:00,2026,1492,-1,REJECT,FVG,0,0.3064578962116511,-0.4067880013942361,-0.4067880013942361,0.1804301619087299,0.0,-0.7132458976058872,0.661904169950642,-0.5288885629646976,0.024030741717631393,0.8913181346719836,0.5899671900920139
2026-02-26 05:00:00,2026,1492,-1,REJECT,OB,0,0.39453800761724284,-0.1915936737163869,-0.1915936737163869,0.0192824468194323,0.0,-0.5861316813336298,0.4225307929931284,-0.28426840128848574,0.0025482089552695264,0.735570125420138,0.31080102839582585
2026-02-26 07:30:00,2026,1492,-1,REJECT,OB,0,0.35939198752795826,0.0292655575840916,0.0292655575840916,0.1240367323774123,0.0,-0.3301264299438666,0.3426387860897357,-0.23026352902955607,-0.028224678625173305,0.7563843180956078,0.25916660456959156
2026-02-26 09:15:00,2026,1493,1,INSIDE,OB,0,0.24674659538026372,-0.293524497608674,-0.293524497608674,0.0447262398499762,0.0,-0.5402710929889377,0.6531660278944842,-0.39641331933830143,0.023676887459378987,1.211452454903934,0.7912795879526243
2026-02-26 15:15:00,2026,1493,1,INSIDE,FVG,0,0.21987566039755777,-0.1085029672813241,-0.1085029672813241,0.0672335767032933,0.0,-0.3283786276788819,0.4804675919043675,-0.2792407573275761,-0.039431494023246666,0.850274833715949,0.4085295018123885
2026-02-26 20:30:00,2026,1494,-1,REJECT,FVG,0,0.639209005781062,-0.0940655713334419,-0.0940655713334419,0.2286790014274424,0.0,-0.733274577114504,0.37883562021907025,-0.34872100803230266,0.025542071483717954,0.902117930032068,0.3417544055344423
2026-02-27 01:15:00,2026,1495,1,REJECT,FVG,1,0.23269692448672868,0.23269692448672868,1.673727497860542,3.207318827957556,2.9743492650121492,1.4410305733738134,0.7523283994317836,-0.5252284540067795,0.044980332883970325,0.6714292598078048,0.505135300362873
2026-03-02 12:15:00,2026,1495,1,REJECT,OB,0,0.38988604714607733,-1.127566637386501,-1.127566637386501,0.3511672597651479,0.0,-1.5174526845325782,0.5882025098248931,-0.5425948815909434,0.005892741056019474,0.9030095787603619,0.5311525006227643
2026-03-02 12:15:00,2026,1495,1,REJECT,OB,0,0.35575415443744446,-1.127566637386501,-1.127566637386501,0.3511672597651479,0.0,-1.4833207918239455,0.7171661410996772,-0.6320707297138031,0.07636383053518286,0.9147152974177043,0.6560028400538985
2026-03-02 18:15:00,2026,1495,1,REJECT,OB,0,1.5614967822233992,0.0850893228457612,0.0850893228457612,0.2703470890416073,0.0,-1.476407459377638,0.011811978697074562,-0.08084742413499246,-0.06144808935622331,1.626628803715024,0.019213704777529744
2026-03-03 02:30:00,2026,1496,-1,INSIDE,FVG,0,0.4860618950738305,0.24914995333149,0.24914995333149,0.2628512054367545,0.0,-0.2369119417423406,0.35585196461253665,-0.28416584793017075,-0.010078792383116902,0.9187520659496791,0.32693972766002016
2026-03-03 09:45:00,2026,1498,-1,INSIDE,FVG,1,0.6276156168882694,0.6276156168882694,2.2062562907241645,4.375033109074542,3.7476823647825475,1.5786406738358956,0.5306543546179459,-0.4631404075875539,0.11567402662630047,1.0968172016629432,0.5820308242823105
2026-03-03 15:45:00,2026,1498,-1,REJECT,FVG,1,1.0850711273195435,1.0850711273195435,-0.044904035730091,2.110884729482085,1.0267353858872021,-1.1299751630496346,0.7669562874237168,-1.1570412688304312,0.562560930507447,1.8294632622603775,1.4031183516013006
2026-03-03 19:30:00,2026,1498,-1,REJECT,FVG,0,1.1306191681751696,-0.9963370386216156,-0.9963370386216156,0.2363573266803099,0.0,-2.1269562067967853,0.5333187321837689,-0.9781044217632875,0.14651736974869628,1.2996408763642568,0.6931228244767879
2026-03-03 21:15:00,2026,1498,-1,REJECT,FVG,0,0.6091927503176914,-0.6081641428878491,-0.6081641428878491,0.3700415228818691,0.0,-1.2173568932055405,0.8047214025713547,-0.8866724186220067,0.3170822981847836,1.5719376555565143,1.2649718749341652
2026-03-04 03:15:00,2026,1498,-1,INSIDE,OB,0,0.9749209451423633,-0.0032027626318737,-0.0032027626318737,0.2352108876848158,0.0,-0.978123707774237,0.2626019796149386,-0.29651781854518533,0.03736451775833502,1.2154026226019792,0.31916713472446784
2026-03-04 16:00:00,2026,1499,1,ACCEPT,FVG,0,0.4871081134255819,-0.3431491276730414,-0.3431491276730414,0.2197739755849375,0.0,-0.8302572410986233,0.378417788201744,-0.203188207544586,0.058032199440746085,0.9397264387222412,0.3556092004559722
2026-03-05 08:00:00,2026,1501,1,ACCEPT,FVG,0,0.596618390300014,0.1584204569584439,0.1584204569584439,0.4100142777169626,0.0,-0.43819793334157003,0.32687980260773997,-0.16546720493383713,0.08364318400640612,1.1047901728186575,0.3611335936139337
2026-03-05 17:00:00,2026,1502,-1,REJECT,OB,1,0.2249317856019564,0.2249317856019564,-0.4218749001545609,0.6551138255656757,0.4214914937018335,-0.6468066857565173,0.6530983896107114,-0.6235726926014198,-0.06941578430931783,1.330536045242454,0.8689709484668513
2026-03-05 22:00:00,2026,1502,-1,REJECT,FVG,0,0.1928647708451893,-0.876204605477709,-0.876204605477709,0.0546109132300312,0.0,-1.069069376322898,0.713558936615195,-0.6985821293169598,-0.06248222718834481,1.0289733409742552,0.734233122990974
2026-03-06 05:45:00,2026,1503,1,REJECT,FVG,0,0.1441852097902529,-0.595608576604859,-0.595608576604859,0.0501014919960885,0.0,-0.739793786395112,0.6096812286030728,-0.5639905917693551,-0.13222909900752738,1.2321234422277025,0.7512025340480329
2026-03-06 08:00:00,2026,1503,1,INSIDE,FVG,0,0.30791396259131787,-0.4034119162066064,-0.4034119162066064,0.0738228506585402,0.0,-0.7113258787979242,0.5916048248605812,-0.34185549483911204,0.04255125122377229,0.7062362468110759,0.41781277110486076
2026-03-06 15:30:00,2026,1504,-1,REJECT,FVG,0,0.2584988448723089,-0.7366706211578449,-0.7366706211578449,0.1181380590449053,0.0,-0.9951694660301538,0.6438813248848898,-0.4620539126326101,0.0018965515191178561,1.1091677446923798,0.7141723969721147
2026-03-06 17:30:00,2026,1504,-1,ACCEPT,FVG,0,1.229169955605521,0.2709118106590673,0.2709118106590673,0.4550451909047603,0.0,-0.9582581449464536,0.02929467694581568,-0.0066618497543433075,0.029541443743038076,1.4545424821813822,0.04261035211946845
2026-03-06 22:45:00,2026,1505,1,REJECT,OB,1,0.2154519512489739,0.2154519512489739,-1.1113253154983391,0.5221690948263984,0.3064629229859863,-1.3267772667473128,0.761287423641367,-0.5501358698957557,0.03269651003472321,0.9045084384324761,0.6885908987561358
2026-03-09 09:30:00,2026,1506,-1,ACCEPT,FVG,0,1.1558968870983024,0.0176261370432223,0.0176261370432223,0.246640017626139,0.0,-1.1382707500550802,0.1274161208490568,-0.23081403980343107,-0.05412471275861225,0.9103192717707025,0.1159893503431612
2026-03-09 09:30:00,2026,1506,-1,ACCEPT,FVG,0,0.3215511000598026,0.0176261370432223,0.0176261370432223,0.246640017626139,0.0,-0.3039249630165802,0.2701034358199305,-0.253397197121912,-0.09810168663431239,0.8902054036705104,0.24044753811687303
2026-03-09 15:00:00,2026,1507,1,REJECT,FVG,0,0.4734784770747778,-0.2627358632425059,-0.2627358632425059,0.2048257065144086,0.0,-0.7362143403172837,0.5291633353983493,-0.4217330368875443,0.051980073727763976,0.76247721510757,0.40347498631156636
2026-03-09 20:00:00,2026,1508,-1,REJECT,FVG,0,0.44417205010441263,-0.5591460670388229,-0.5591460670388229,0.0450335865016637,0.0,-1.0033181171432355,0.4249320415126691,-0.3340654070135678,-0.0033673755787960447,0.7653580487788562,0.3252251581557523
2026-03-10 07:45:00,2026,1509,1,INSIDE,FVG,1,0.23098991971272512,0.23098991971272512,0.2393252585323186,0.8811463476411681,0.6506615999781149,0.008335338819593507,0.6602334184261359,-0.45410328547845347,-0.001781856674563459,1.0770478225247937,0.7111029656739707
2026-03-10 13:45:00,2026,1509,1,ACCEPT,FVG,1,0.26194497121761295,0.26194497121761295,0.167644781579269,0.8096939977782063,0.5477490265605933,-0.09430018963834387,0.4667650468070401,-0.23821547188748934,-0.004758059250506347,1.0119081001277133,0.47232333172053514
2026-03-10 20:15:00,2026,1509,1,INSIDE,FVG,0,0.28392140294525847,-0.3564441205046704,-0.3564441205046704,0.0890165995043405,0.0,-0.6403655234499288,0.6527904139095456,-0.49971299425828275,0.011836028245974212,1.0662952589833008,0.696067323461495
2026-03-11 05:30:00,2026,1509,1,ACCEPT,FVG,0,0.2332629245970286,-0.2146575800957977,-0.2146575800957977,0.0791043558725667,0.0,-0.4479205046928263,0.5795243202978086,-0.38251760751013053,-0.0256578131881062,0.7768603475025736,0.4502094648527484
2026-03-11 08:45:00,2026,1509,1,ACCEPT,FVG,0,0.3254378644170973,-0.0912241031251122,-0.0912241031251122,0.0921122376478727,0.0,-0.4166619675422096,0.4470423084522183,-0.15549921699203506,0.05950000610137593,0.6774431353459248,0.30284574307015083
2026-03-11 13:00:00,2026,1510,-1,REJECT,OB,1,0.1372576015928683,0.1372576015928683,-0.0265618877156583,0.7663549422268375,0.6302411539805782,-0.16381948930852663,0.7389850827127205,-0.46824426752228326,-0.020787418691516166,0.7453527193218936,0.5508045409382407
2026-03-11 19:15:00,2026,1510,-1,REJECT,FVG,1,0.3373695457813266,0.3373695457813266,-0.1581340297482999,0.6369852275471928,0.298725860055056,-0.4955035755296266,0.6185134349204462,-0.4488073338149505,0.0374536284391809,1.1513140884655377,0.7121032315291222
2026-03-11 21:30:00,2026,1510,-1,ACCEPT,FVG,1,0.28457511177916966,0.28457511177916966,-0.1406315682203224,0.6551341986930477,0.370686470580747,-0.4252066799994921,0.45051104733457403,-0.20212744506897748,0.017137433557096335,1.28018992982822,0.5767397060740862
2026-03-12 07:15:00,2026,1510,-1,REJECT,FVG,0,0.26677873757314635,-0.5439379707716974,-0.5439379707716974,0.1178186253484485,0.0,-0.8107167083448437,0.5733447701049308,-0.5278887815868818,-0.07227031550421978,1.235920430762039,0.7086085152432483
2026-03-12 08:45:00,2026,1510,-1,ACCEPT,FVG,0,0.40835276202743975,-0.2546031383869378,-0.2546031383869378,0.0535459382416614,0.0,-0.6629559004143776,0.4626984779470256,-0.33025800208678135,0.011496074264158329,1.007751016079453,0.4662848612895314
2026-03-12 14:15:00,2026,1511,1,INSIDE,OB,0,0.3007519888929905,-0.8297147438038677,-0.8297147438038677,0.226642307144913,0.0,-1.1304667326968583,0.40565112852616636,-0.23555202264726124,-0.017999695132847993,0.8701894446689263,0.352993330261508
2026-03-12 17:15:00,2026,1511,1,REJECT,FVG,0,0.8040712838439975,-0.2551027460795039,-0.2551027460795039,0.1743027489896415,0.0,-1.0591740299235015,0.0045731166706262025,-0.054789193708568995,-0.050861524540931374,1.1929031248859197,0.00545528516685789
2026-03-13 02:00:00,2026,1512,-1,REJECT,FVG,0,0.5834670765614111,-0.0686272293677455,-0.0686272293677455,0.0090870046791302,0.0,-0.6520943059291566,0.5277085529859478,-0.5375433055322274,0.054023461084630964,0.9080619383671863,0.47919205151736277
2026-03-13 11:30:00,2026,1513,1,REJECT,FVG,0,0.26806659565429386,-0.0296466415865644,-0.0296466415865644,0.034079784253724,0.0,-0.2977132372408583,0.48429170696158114,-0.3193512696009043,-0.03486966893673635,0.9437860085525008,0.457067737088348
2026-03-16 04:00:00,2026,1514,-1,INSIDE,FVG,0,0.7313914938983932,0.3711808074643549,0.3711808074643549,0.6894645929742823,0.0,-0.3602106864340383,0.44489308359760005,-0.4187646401713961,0.09293186893360719,1.5514448889307333,0.6902271006681301
2026-03-16 05:30:00,2026,1514,-1,ACCEPT,FVG,1,0.42783472018259194,0.42783472018259194,0.2990485047992139,0.6173322903091412,0.1893472944959936,-0.12878621538337803,0.5646655950539692,-0.4295073606869325,0.054604215572065684,0.9870188523686493,0.5573355876022291
2026-03-17 14:30:00,2026,1518,-1,ACCEPT,OB,1,0.4682626588204811,0.4682626588204811,5.691549962315747,8.591623485826199,8.12385897877043,5.223287303495265,0.4909141595730749,-0.2738145363824521,0.0904816662389405,1.1181838182409396,0.5489322693799628
2026-03-17 19:15:00,2026,1518,-1,REJECT,OB,1,0.49609248554913615,0.49609248554913615,5.427717919075146,8.335186127167642,7.83959306358382,4.93162543352601,0.5814406681346022,-0.44714369658177344,0.10129217936515394,0.7712348992716218,0.44842733512121435
2026-03-18 17:00:00,2026,1518,-1,INSIDE,FVG,1,0.5984974110799152,0.5984974110799152,3.253240380385129,6.208331923246132,5.610511354022133,2.654742969305214,0.5139093912467648,-0.813663032109692,-0.08794051840735934,1.617056145798108,0.8310203394989455
2026-03-19 06:30:00,2026,1518,-1,REJECT,FVG,1,0.7930061976943967,0.7930061976943967,2.9804074739943847,5.990625915437943,5.197447400012639,2.187401276299988,0.26462326545077713,-0.4401917317870545,-0.11385886874053566,0.7878625064929552,0.2084867491943999
2026-03-19 06:30:00,2026,1518,-1,REJECT,FVG,1,0.300349804993773,0.300349804993773,2.9804074739943847,5.990625915437943,5.690103792713261,2.6800576690006115,0.5341717218429116,-0.5508325846806235,-0.09615502198588693,0.7648062133325864,0.40853785185202485
2026-03-19 18:00:00,2026,1518,-1,INSIDE,OB,0,1.6074428811447816,-1.387310984878792,-1.387310984878792,0.3859165876127272,0.0,-2.9947538660235735,0.4092192134652933,-1.1729103579954985,-0.0351363923188327,1.7837539595359106,0.729946392336888
2026-03-19 21:15:00,2026,1518,-1,INSIDE,FVG,0,1.559758081143613,-0.3472429039426367,-0.3472429039426367,0.4317770497812213,0.0,-1.9070009850862495,0.08079090294829092,-0.36211042233317,-0.20684093058940006,1.282856261240457,0.1036431156984851
2026-03-19 21:15:00,2026,1518,-1,INSIDE,FVG,0,1.4300359671027099,-0.3472429039426367,-0.3472429039426367,0.4317770497812213,0.0,-1.7772788710453467,0.142476224985591,-0.4402960250952986,-0.1738181833771465,1.2456738088817128,0.177478901852889
2026-03-20 00:15:00,2026,1518,-1,INSIDE,FVG,0,1.2881825975385954,-0.1101246813921528,-0.1101246813921528,0.6350293147989389,0.0,-1.3983072789307482,0.06844611806468752,-0.11175247483879658,-0.01593235359195673,1.3795149075769286,0.09442244023600695
2026-03-20 07:00:00,2026,1519,1,REJECT,FVG,0,0.24551492834317812,-1.8295382974695087,-1.8295382974695087,0.2296920823947179,0.0,-2.075053225812687,0.6441856772686042,-0.6134974896440919,-0.06013399338082104,1.2450267176027363,0.8020283792964259
2026-03-20 11:45:00,2026,1519,1,ACCEPT,FVG,0,1.0760588861815912,-0.9977968747720244,-0.9977968747720244,0.3871080698580474,0.0,-2.0738557609536152,0.3684545591933676,-0.4139691539012835,0.13503847079320958,1.327980813776366,0.48930058535722054
2026-03-23 12:15:00,2026,1520,-1,INSIDE,FVG,0,2.778542133347052,-3.2027984455158918,-3.2027984455158918,0.3830091707079826,0.0,-5.981340578862944,0.04261289157335842,-0.8083881540851914,-0.6555386826656459,2.104179384660001,0.08966516796941267
2026-03-24 01:45:00,2026,1521,1,REJECT,FVG,0,0.5919296664069885,-1.7726873269480026,-1.7726873269480026,0.2600507332008671,0.0,-2.3646169933549914,0.40845967348416173,-0.5615437018290874,-0.09039634646670361,1.9357713021531338,0.7906845140174796
2026-03-24 06:15:00,2026,1522,-1,INSIDE,FVG,0,0.7152535243179591,-1.241050981085989,-1.241050981085989,0.4905384802171588,0.0,-1.9563045054039485,0.6321322702663572,-0.7104288772173646,0.19079097594395183,1.316716797850217,0.8323391787229059
2026-03-24 14:45:00,2026,1523,1,REJECT,OB,1,1.167648883930976,1.167648883930976,2.2788038351309816,3.755878059191288,2.587744941551194,1.1111549512000056,0.24450275672772923,-0.2877448719585452,0.06810291348076652,1.2406561344211304,0.3033438450171346
2026-03-24 19:15:00,2026,1523,1,REJECT,FVG,1,0.580959232528288,0.580959232528288,1.821442151320028,3.290870564125268,2.710232658606113,1.2404829187917399,0.6126500151551987,-0.5855522369351934,0.1291110325103215,1.2525179026367739,0.7673551120325772
2026-03-25 09:45:00,2026,1523,1,ACCEPT,FVG,0,0.8769216982110105,-0.5698014208573956,-0.5698014208573956,0.6166127504643321,0.0,-1.4467231190684062,0.35302924400974,-0.6489035137764164,-0.11024259269749381,1.0513725964186524,0.37116527288623435
2026-03-25 11:45:00,2026,1523,1,REJECT,OB,1,0.2709047554617629,0.2709047554617629,-0.6291063147851016,0.558889320374704,0.28735197937771284,-0.9000110702468646,0.5759677059874284,-0.5307207939882885,-0.06901036521063053,1.1189317380203472,0.6444685463041055
2026-03-25 17:15:00,2026,1523,1,ACCEPT,FVG,0,0.5710829818644703,-0.618620410987484,-0.618620410987484,0.2998027196691407,0.0,-1.1897033928519543,0.45072827198087795,-0.41616931988704825,0.02881320409055796,0.7893558549838523,0.3557850004948602
2026-03-25 21:15:00,2026,1523,1,REJECT,FVG,0,1.1124659264910792,0.0282279308503755,0.0282279308503755,0.5231682240191112,0.0,-1.0842379956407038,0.11647834727847516,-0.25809161315651896,-0.09845133608831352,1.02103461380908,0.11892842433059779
2026-03-26 05:30:00,2026,1524,-1,REJECT,FVG,1,0.27886961622329326,0.27886961622329326,0.8258770241632629,2.4564830653738152,2.1774556282018915,0.5470074079399696,0.6833368903554682,-0.5992823200967599,0.0007912933278183543,0.8424000491020355,0.5756430299886787
2026-03-26 12:30:00,2026,1524,-1,REJECT,OB,1,0.4590546213917389,0.4590546213917389,-0.1971851819625439,1.423680146179107,0.9618063561810684,-0.6562398033542828,0.717620463697148,-0.6610300269910191,0.14276563776147272,1.145590157297311,0.8220989398865851
2026-03-26 20:45:00,2026,1524,-1,ACCEPT,OB,1,0.41676376028243756,0.41676376028243756,-0.9637760510201384,0.6662228101374496,0.24851293462167437,-1.380539811302576,0.6593811801806162,-0.6684551515212533,0.04711777529818842,1.2697556488544537,0.8372529782826538
2026-03-27 03:15:00,2026,1524,-1,REJECT,FVG,0,0.6744586147148922,-0.9520194311813824,-0.9520194311813824,0.0393591628568454,0.0,-1.6264780458962746,0.5828928984510113,-0.7457406731611218,0.08208340612699022,1.5096247916109395,0.8799495703556045
2026-03-27 04:15:00,2026,1524,-1,INSIDE,OB,0,0.946411667453317,-0.3045540721911809,-0.3045540721911809,0.2172222031784445,0.0,-1.250965739644498,0.18308310653455745,-0.15718300191801382,0.044866538505467235,0.8862334342723563,0.16225437026137254
2026-03-27 09:45:00,2026,1525,1,REJECT,OB,0,0.42646609249323114,-0.2738744057094018,-0.2738744057094018,0.0738448888373382,0.0,-0.700340498202633,0.6705332294297373,-0.6128796235094698,0.08403621593578384,1.0809671728386872,0.7248244093110578
2026-03-30 01:15:00,2026,1527,1,REJECT,OB,0,0.5114763389062023,-1.007210100437651,-1.007210100437651,0.2665218349548234,0.0,-1.5186864393438535,0.5006740140611897,-0.3320699743232032,0.09027174436788091,0.9429724136798251,0.4721217835060468
2026-03-30 08:00:00,2026,1528,-1,REJECT,FVG,0,1.2062651465990715,-0.6510449739822084,-0.6510449739822084,-0.0001565764728226,0.0,-1.8573101205812799,0.06077223737756027,-0.08752987312812277,-0.008903055071356442,1.094030245208304,0.06648666576002951
2026-03-30 19:15:00,2026,1529,1,INSIDE,FVG,0,0.5363902386641229,-0.4723227036188053,-0.4723227036188053,0.0692116436985905,0.0,-1.0087129422829282,0.7098653107636178,-0.6216993169881286,0.20038828532705702,1.448641594256313,1.0283404154918603
2026-03-30 22:15:00,2026,1529,1,REJECT,FVG,0,0.9167070995546881,0.252681088977106,0.252681088977106,0.3201248728738257,0.0,-0.6640260105775821,0.12130258547615062,-0.13044824214725204,-0.003425591803644726,1.1965764988352279,0.14514782302871326
2026-03-31 12:45:00,2026,1531,1,ACCEPT,FVG,1,0.40498593043121045,0.40498593043121045,1.8187832629998948,3.802670195142924,3.3986170538029237,1.4137973325686843,0.5880497039155839,-0.36741431280833725,0.08679542153300374,0.8993624984011959,0.528869850897603
2026-04-01 09:00:00,2026,1531,1,ACCEPT,FVG,1,0.6168882585016311,0.6168882585016311,-0.1828046572154365,1.7972176511494893,1.1781605238334472,-0.7996929157170677,0.5023428371727261,-0.4299824551787637,0.09590554928448239,0.9707318864952301,0.4876402099960466
2026-04-01 14:30:00,2026,1531,1,REJECT,OB,1,0.041208437869221036,0.041208437869221036,-1.1189557099323826,0.8516410492974921,0.8102782727096564,-1.1601641478016036,0.7730002139577546,-0.645003624855726,-0.1145615535489498,1.0340651201569364,0.7993325591275631
2026-04-01 16:15:00,2026,1531,1,REJECT,OB,1,0.48438807699735204,0.48438807699735204,-0.9122255842400048,1.0600914182707732,0.5760123607802703,-1.3966136612373568,0.6686053766076736,-0.6295881881308213,0.11522233214721067,0.8772746515808593,0.586550548808586
2026-04-02 04:15:00,2026,1531,1,ACCEPT,OB,0,0.757450829778199,-1.2060770369787963,-1.2060770369787963,0.0267606993667797,0.0,-1.9635278667569955,0.3971301620323006,-0.3600442428107931,0.08374675643677087,0.816787941001288,0.3243711273558707
2026-04-02 10:45:00,2026,1532,-1,INSIDE,FVG,0,1.2732015957582004,-0.1750251984110112,-0.1750251984110112,0.8601848165809791,0.0,-1.4482267941692115,0.4725969965809241,-0.8254906470164118,0.16634500366655336,1.5020356688108505,0.7098575458374276
2026-04-02 23:00:00,2026,1532,-1,ACCEPT,FVG,0,0.3985571353695424,0.3545400827260247,0.3545400827260247,0.1176291884637723,0.0,-0.04401705264351768,0.4246285700510152,-0.2272181367009832,0.03850392225160906,0.7900535198382547,0.3354792963926894
2026-04-02 23:00:00,2026,1532,-1,ACCEPT,FVG,0,0.44152258607278905,0.3545400827260247,0.3545400827260247,0.1176291884637723,0.0,-0.08698250334676434,0.3312922386160576,-0.16140783243191342,0.03833833564422595,0.8214726440008029,0.2721475111928777
2026-04-06 05:30:00,2026,1534,-1,REJECT,OB,0,0.9015913955621696,-0.5207931717563941,-0.5207931717563941,0.5356003297126902,0.0,-1.4223845673185638,0.44355097515937214,-0.4526094989851502,0.14804762835300755,1.1575931559256163,0.5134515731486222
2026-04-06 15:00:00,2026,1535,1,INSIDE,FVG,0,0.4286505913721541,-0.2604704636963912,-0.2604704636963912,0.2947625110061663,0.0,-0.6891210550685454,0.5706646319265035,-0.3723824335736471,0.08473878276802227,1.000605326032817,0.5710100700842166
2026-04-06 22:15:00,2026,1536,-1,REJECT,OB,1,0.07298020794040747,0.07298020794040747,-0.4784091909864894,0.511160554795811,0.4390776444940076,-0.5513893989268969,0.7994715508357921,-0.5354569975395445,-0.04902876128829177,0.7527164913165147,0.6017754206524901
2026-04-07 01:15:00,2026,1536,-1,ACCEPT,FVG,1,0.27665870262812997,0.27665870262812997,-0.2814571191506868,0.7115151999840025,0.4350064478722054,-0.5581158217788167,0.647635886580934,-0.34405638083466217,0.05794098255792163,1.1655694010800641,0.7548645724400955
2026-04-07 09:00:00,2026,1536,-1,INSIDE,FVG,0,0.3959807271339359,-0.59968379671119,-0.59968379671119,0.0944099835383828,0.0,-0.9956645238451259,0.5935213206594374,-0.48784845617392636,0.03672300794030803,1.1197712694603899,0.6646081226866254
2026-04-07 11:00:00,2026,1536,-1,REJECT,FVG,0,0.34516771051614015,-0.5514264643611543,-0.5514264643611543,0.0279621925766509,0.0,-0.8965941748772944,0.5109979502977549,-0.44369780310685053,-0.04058914258491669,0.9890515939667842,0.505403337255754
2026-04-07 13:45:00,2026,1537,1,REJECT,FVG,0,0.48308116093456743,-0.079188715608022,-0.079188715608022,0.130031470515439,0.0,-0.5622698765425894,0.6675880126469422,-0.5184015425455342,0.1501763051710338,0.983900985941726,0.656840503846204
2026-04-07 19:45:00,2026,1537,1,REJECT,OB,0,0.14898274818627094,-0.059622985482771,-0.059622985482771,0.0282424668076212,0.0,-0.208605733669042,0.3267569672392995,-0.2524603172225123,-0.12128599865029054,0.8884981257427513,0.2903229529655032
2026-04-08 17:30:00,2026,1539,1,REJECT,FVG,0,0.5835368453055756,-0.1113835619607175,-0.1113835619607175,0.0365825851032411,0.0,-0.6949204072662932,0.29691669663677506,-0.22998834615663918,0.011560866323121616,1.0211854603936428,0.3032070135535847
2026-04-09 00:00:00,2026,1540,-1,REJECT,FVG,1,0.2995047792264383,0.2995047792264383,-0.3887631342236007,0.304694218470439,0.013196002649076496,-0.688267913450039,0.7543988126168159,-0.627683241489271,0.07178630041119577,1.0144895305738748,0.7653296972771221
2026-04-09 06:45:00,2026,1540,-1,INSIDE,FVG,0,0.2398017757588288,-0.4635473879826462,-0.4635473879826462,0.165170348957253,0.0,-0.703349163741475,0.47003021240490034,-0.315203967479221,-0.0543345000991009,1.0686905421304784,0.5023168425126968
2026-04-09 15:00:00,2026,1540,-1,ACCEPT,FVG,0,0.7873240123328794,0.1558880719676725,0.1558880719676725,0.3215935225134456,0.0,-0.6314359403652069,0.08330061262767852,0.029472296575483947,0.09260180877901228,1.644066239460525,0.13695172494754534
2026-04-09 23:00:00,2026,1541,1,REJECT,OB,0,0.48238231116112457,-0.1511256330988914,-0.1511256330988914,0.1752224368016796,0.0,-0.633507944260016,0.5655340464655194,-0.38088351350584576,0.1073227014934596,0.9110512277466372,0.5152304873649353
2026-04-10 05:00:00,2026,1541,1,INSIDE,OB,0,0.2376411911398019,-0.0880152559776974,-0.0880152559776974,0.0939823919761938,0.0,-0.3256564471174993,0.6497446811452205,-0.38222604654187603,0.020529394157974418,0.8390892372348832,0.5451937688995655
2026-04-10 07:45:00,2026,1541,1,INSIDE,FVG,0,0.2188447127445604,-0.055941899985828,-0.055941899985828,0.0435600927889658,0.0,-0.27478661273038846,0.5227459545086419,-0.3618780209429124,-0.05830756121658655,0.6962699856726315,0.3639723182561582
2026-04-10 14:45:00,2026,1542,-1,INSIDE,OB,0,0.5447447626426738,-0.0685400959561262,-0.0685400959561262,0.1089191524868194,0.0,-0.6132848585988,0.35686505492761916,-0.24051736937461124,0.03971524450031652,1.1626415724040176,0.41490614859709324
2026-04-10 19:15:00,2026,1543,1,REJECT,OB,0,0.4750939219938737,-1.0846315329756824,-1.0846315329756824,0.149778904896853,0.0,-1.559725454969556,0.4868305768560949,-0.366507574399221,0.04320976757278194,0.9847296050128083,0.4793964816556599
2026-04-13 03:45:00,2026,1544,-1,REJECT,FVG,0,0.5162961729042804,-0.6689026406537885,-0.6689026406537885,0.0062653681774005,0.0,-1.1851988135580689,0.6798509816571728,-0.5499894242898474,0.1749258856894852,1.236307995515531,0.8405052043818454
2026-04-13 12:15:00,2026,1545,1,REJECT,FVG,0,0.3096882537435016,0.0634194127283316,0.0634194127283316,0.1472871407756276,0.0,-0.24626884101517,0.653506904518293,-0.44866848554962224,0.04692287966641326,1.0380468127220484,0.678370759327066
2026-04-13 22:15:00,2026,1547,1,REJECT,FVG,1,0.2272441850473553,0.2272441850473553,1.243150617022826,2.0292846236722584,1.8017429985921256,1.0159064319754707,0.7271356144154582,-0.5216794807007012,0.022889589143289063,0.6730063203109172,0.48936686422476544
2026-04-14 08:15:00,2026,1547,1,ACCEPT,FVG,1,0.17701660785068318,0.17701660785068318,0.7974778812864887,1.5934505193089354,1.415831814152638,0.6204612734358053,0.7185127420052371,-0.3973532749163559,0.015338804475815912,1.0857111794081578,0.7800973165422953
2026-04-14 12:00:00,2026,1547,1,REJECT,FVG,1,0.140490628514669,0.140490628514669,0.474231241745883,1.2725556715889204,1.130256150861618,0.33374061323121407,0.6909190056578689,-0.6294635980670175,-0.09748758943512517,0.9562150803878554,0.6606671725366362
2026-04-14 13:45:00,2026,1547,1,REJECT,OB,1,0.34067470004631645,0.34067470004631645,0.7716432697066741,1.5658976920712755,1.2274841072907612,0.4309685696603575,0.5985668506148306,-0.4793901393303322,0.011473488875305304,1.2739455651915976,0.762541584811465
2026-04-14 19:15:00,2026,1547,1,REJECT,FVG,1,0.12787410968153126,0.12787410968153126,0.13631862635862,0.9329682978769732,0.8052449831361075,0.008444516677088723,0.6285458434016099,-0.6025606536575633,-0.14344891928473674,0.6557753237268455,0.4121848539338539
2026-04-15 14:45:00,2026,1548,-1,REJECT,FVG,0,0.30329946526350043,-0.4170175296114133,-0.4170175296114133,0.2909889846845771,0.0,-0.7203169948749139,0.6770531643169799,-0.45556568008871906,0.05822636786186605,1.2553207379200375,0.8499188778414877
2026-04-15 21:15:00,2026,1548,-1,REJECT,OB,0,0.15768801567566545,-0.5701758239827104,-0.5701758239827104,0.1461421529431515,0.0,-0.7278638396583759,0.7235428540453138,-0.49574511123555237,-0.022958241662456066,0.8261499503497347,0.5977548929454414
2026-04-16 02:45:00,2026,1548,-1,INSIDE,OB,0,0.5618343406746268,-0.1572564312320745,-0.1572564312320745,0.03637547752742,0.0,-0.7190907719067012,0.20180991610907556,-0.14684864846216167,-0.003829393876537482,0.9742741238801745,0.1966181792075011
2026-04-16 06:45:00,2026,1549,1,ACCEPT,FVG,1,0.2751622837140261,0.2751622837140261,-0.0668365199282266,0.2860092606952069,0.011006491348554607,-0.34199880364225277,0.5864731711499521,-0.33288793839776093,0.023717203582571567,0.6047107454623666,0.35464662851976564
2026-04-16 11:15:00,2026,1549,1,REJECT,FVG,0,0.42730890595455523,0.0735361379495231,0.0735361379495231,0.1843199283822066,0.0,-0.3537727680050321,0.4590395161116576,-0.34322094188027025,0.01048270661941722,1.2892543704513553,0.5918187023568299
2026-04-16 14:30:00,2026,1549,1,REJECT,OB,0,0.23678704929991506,0.0011222135037863,0.0011222135037863,0.1125419828087649,0.0,-0.23566483579612868,0.42603669602659183,-0.24653579824063662,-0.04062252916029582,0.8295035074221945,0.3533989336446212
2026-04-16 20:15:00,2026,1550,-1,REJECT,FVG,1,0.2931284111345519,0.2931284111345519,-0.071793119915437,0.3823064121057437,0.08805120312499008,-0.364921531049989,0.692681432120158,-0.5341121902272639,0.03890201423197939,1.0692049509902362,0.7406184166818801
2026-04-17 01:15:00,2026,1550,-1,ACCEPT,FVG,1,0.22802671600137034,0.22802671600137034,-0.0064505435926928,0.4468614073831853,0.21931848215126215,-0.23447725959406313,0.6961353376685562,-0.3699484427009009,0.046323196319713156,0.8315375472748361,0.578862671256251
2026-04-17 10:15:00,2026,1550,-1,REJECT,FVG,0,0.3168757653515346,-0.1385319995612499,-0.1385319995612499,0.1386938360093242,0.0,-0.4554077649127845,0.5164597652960617,-0.37536301378602016,-0.01784953638380632,0.9133700290558698,0.47171887083465164
2026-04-17 23:45:00,2026,1551,1,REJECT,FVG,0,0.8793840889649313,-1.026029573506053,-1.026029573506053,0.0316102488899834,0.0,-1.905413662470984,0.28867707764269984,-0.37750892374808764,-0.014672721928564558,1.2104005166684182,0.34941488392905296
2026-04-20 04:15:00,2026,1552,-1,ACCEPT,FVG,0,0.924114189422525,-0.1597957622843622,-0.1597957622843622,0.2271638331455976,0.0,-1.0839099517068873,0.5130286968916918,-0.605027017468774,0.17946630326605806,1.2642766699480907,0.6486102124940366
2026-04-20 10:30:00,2026,1552,-1,REJECT,FVG,0,0.292003618223283,-0.0945721234312408,-0.0945721234312408,0.2333429024867254,0.0,-0.3865757416545239,0.509304370632534,-0.368722322854149,-0.03221171327311875,0.8890026867558412,0.45277295386881544
2026-04-20 14:45:00,2026,1552,-1,ACCEPT,FVG,0,0.18612235158433496,-0.1399171524147821,-0.1399171524147821,-0.0006507774530914,0.0,-0.32603950399911713,0.5355526084670557,-0.25943438824751686,-0.020815314010491345,0.6388679564614158,0.34214740054892856
2026-04-20 21:45:00,2026,1553,1,REJECT,FVG,1,0.21428473838334128,0.21428473838334128,-0.4141417361563403,0.3062615847743513,0.0918128947931615,-0.6284264745396816,0.6782097685649906,-0.47855171351629955,-0.008663263820054917,1.0530490726193902,0.7141881678287746
2026-04-21 03:00:00,2026,1553,1,REJECT,FVG,0,0.18492801967892844,-0.5365540322301044,-0.5365540322301044,0.1479752626383026,0.0,-0.7214820519090329,0.6683785571218532,-0.4537921806142616,-0.02688529473771814,1.1898476972881398,0.7952686871082064
2026-04-21 14:45:00,2026,1554,-1,ACCEPT,FVG,1,0.343359249292244,0.343359249292244,0.6481010769036943,2.0945753715994044,1.7527272388077002,0.3047418276114503,0.5696463512528982,-0.2856319229190228,0.07267060330140866,0.9554187976555242,0.5442508320029004
2026-04-22 03:00:00,2026,1554,-1,INSIDE,OB,0,1.1715680704296842,-0.2742823931343809,-0.2742823931343809,0.0338661634554736,0.0,-1.4458504635640652,0.19250871228724226,-0.21728971514563447,0.05007750870558095,1.228481427981079,0.23649337776943005
2026-04-22 13:15:00,2026,1555,1,REJECT,FVG,0,0.40163071771804254,-0.333709115015415,-0.333709115015415,0.2088210068202557,0.0,-0.7353398327334575,0.4017014661795545,-0.32009548229777895,-0.030177009571225044,0.902623958774596,0.362585367648549
2026-04-22 16:00:00,2026,1555,1,INSIDE,OB,0,0.30809301695349905,-0.2645636572189933,-0.2645636572189933,0.283025525744521,0.0,-0.5726566741724923,0.25791010653121055,-0.1403490463056063,-0.024691305997374555,0.849130829004074,0.21899942256737584
2026-04-22 16:00:00,2026,1555,1,INSIDE,OB,1,0.27879115222949225,0.27879115222949225,-0.2645636572189933,0.283025525744521,0.0033874988120352906,-0.5433548094484856,0.3464713577375173,-0.1613337158868165,-0.008843055256513258,0.768267724227227,0.26618276151891984
2026-04-22 18:45:00,2026,1555,1,REJECT,FVG,0,0.5692691753604725,0.0225268670999516,0.0225268670999516,0.1287249548568796,0.0,-0.546742308260521,0.2342171878791189,-0.21197170128686657,-0.02899166010230919,0.6634840957914195,0.15539937911878623
2026-04-22 22:00:00,2026,1556,-1,REJECT,OB,1,0.3036411493128585,0.3036411493128585,0.1477494084086552,0.9753835801949068,0.6719120628090425,-0.15589174090420332,0.5686825724504683,-0.3456879676652499,0.023574184944851834,1.0592057872972906,0.6023518718746468
2026-04-23 05:00:00,2026,1556,-1,REJECT,FVG,1,0.4986309756636895,0.4986309756636895,-0.1651332460332313,0.6646145473716418,0.16615363684290274,-0.6637642216969208,0.469732053978426,-0.48202766647078676,-0.021380868249265023,1.0234147290836217,0.480730702764224
2026-04-23 11:15:00,2026,1556,-1,REJECT,FVG,1,0.4373529145546623,0.4373529145546623,-0.2491401158580787,0.5760092324402537,0.14171116944243908,-0.686493030412741,0.45818631624802053,-0.4257701400327548,-0.03029896718260705,1.0075130986839445,0.4616287152576249
2026-04-24 03:30:00,2026,1558,-1,INSIDE,FVG,1,0.32117182946299955,0.32117182946299955,0.0756891002627081,0.8085893612887364,0.4872485829412181,-0.24548272920029143,0.6184009669582565,-0.44861176027785077,0.027423155966488894,0.9523862725966337,0.5889565918915279
2026-04-24 10:00:00,2026,1558,-1,REJECT,FVG,0,0.2370029286790472,-0.4971982868073993,-0.4971982868073993,0.0155744781703386,0.0,-0.7342012154864465,0.6841964458253924,-0.5147384625037834,-0.0003996744766547322,1.1774532656972767,0.8056093395155781
2026-04-24 13:15:00,2026,1558,-1,INSIDE,OB,0,0.26016214231237006,-0.3193130137566758,-0.3193130137566758,0.1310132482133352,0.0,-0.5794751560690459,0.5494678765025179,-0.31099969608230493,0.0028353863996914697,1.13663398129122,0.6245438600606894
2026-04-24 22:30:00,2026,1559,1,ACCEPT,FVG,0,0.3633257628681537,-0.3575559936306221,-0.3575559936306221,0.0263033597592566,0.0,-0.7208817564987758,0.4996991985699128,-0.3015546795670946,0.03068554466260806,0.7897573011262494,0.3946410904375241
2026-04-24 22:30:00,2026,1559,1,ACCEPT,FVG,0,0.24521519259434368,-0.3575559936306221,-0.3575559936306221,0.0263033597592566,0.0,-0.6027711862249658,0.5578945340530664,-0.3007073266221287,0.0038598628652213862,0.7189059993517786,0.4010737275363146
2026-04-24 22:30:00,2026,1559,1,ACCEPT,FVG,0,0.18751750021919764,-0.3575559936306221,-0.3575559936306221,0.0263033597592566,0.0,-0.5450734938498197,0.6238468474557082,-0.32211208047005807,-0.004181273186891446,0.7817368485526558,0.4876840685095347
2026-04-24 23:45:00,2026,1559,1,REJECT,OB,0,0.32124038725332454,-0.1566322648889823,-0.1566322648889823,0.0319034299015326,0.0,-0.4778726521423068,0.4312667900930998,-0.2913597027497263,-0.027165628323366497,0.738086672787103,0.31831227018339003
2026-04-27 05:45:00,2026,1560,-1,REJECT,OB,0,0.7064372235744182,-0.1955317315250684,-0.1955317315250684,0.0233547055090947,0.0,-0.9019689550994866,0.08929187505897554,-0.23380470792760896,-0.14984874285472013,1.022517112292422,0.0913024702364794
2026-04-27 10:45:00,2026,1561,1,REJECT,OB,0,0.25617296217020213,-0.2686068891904239,-0.2686068891904239,0.0335545701778832,0.0,-0.5247798513606261,0.6132626547211573,-0.39650772380579263,0.003756966361071895,0.9618453731632585,0.589863846977362
2026-04-27 11:45:00,2026,1561,1,REJECT,OB,0,0.11003173774065948,-0.2166569201332986,-0.2166569201332986,0.048713741476509,0.0,-0.32668865787395807,0.5356397546269608,-0.3155110063652494,-0.0875733953290768,0.962753881214274,0.5156892526997678
2026-04-28 05:00:00,2026,1563,1,ACCEPT,OB,0,0.5260838863480266,-0.0547210362363292,-0.0547210362363292,0.1558510525718309,0.0,-0.5808049225843558,0.3456865807233988,-0.1332138806176409,0.0946965101232929,1.0889511588890843,0.3764358026911501
2026-04-28 23:45:00,2026,1564,-1,REJECT,OB,1,0.6681986304938058,0.6681986304938058,0.4078998396647548,1.44458014736951,0.7767288134612077,-0.26029879082905094,0.42272379443832286,-0.49805045328332054,-0.005049215328836176,1.0300020529258198,0.4354063760920648
2026-04-28 23:45:00,2026,1564,-1,REJECT,OB,1,0.6256547987705812,0.6256547987705812,0.4078998396647548,1.44458014736951,0.8192726451844323,-0.21775495910582632,0.42165212160015036,-0.3527595466451442,0.059790937903418745,1.1451812901867298,0.48286812062403206
2026-04-29 07:15:00,2026,1564,-1,ACCEPT,FVG,1,0.4380816034359471,0.4380816034359471,0.5395925632146222,1.57785989282052,1.1413453539437657,0.10151095977867497,0.46768100423631837,-0.2157095709325562,0.09005614205694736,0.6446068385241697,0.301470373578582
2026-04-29 15:15:00,2026,1564,-1,INSIDE,OB,1,0.22479798559402367,0.22479798559402367,-0.0914814968401865,0.9444987178510402,0.7203950889692753,-0.31627948243421017,0.6490280957227449,-0.48897563808623346,-0.025716502331913055,0.9393944854936078,0.609693414052364
2026-04-29 18:15:00,2026,1564,-1,REJECT,OB,0,0.4845294505136248,-0.5522351064435054,-0.5522351064435054,0.3428683857987867,0.0,-1.0367645569571302,0.6561333726816143,-0.6742570871415742,0.08606143202818198,1.1261920361046276,0.7389321789365036
2026-04-30 07:30:00,2026,1565,1,REJECT,FVG,1,0.6114062304876935,0.6114062304876935,1.0716899933718291,1.7254589293090348,1.1157817888396953,0.46028376288413575,0.326311893690441,-0.2557006493223478,0.027246638660476385,0.9073843564709716,0.2960903076651249
2026-04-30 17:00:00,2026,1565,1,INSIDE,FVG,0,0.6278345794049447,-0.0314786866682165,-0.0314786866682165,0.4398320363753703,0.0,-0.6593132660731613,0.44891042307490214,-0.5425437179277705,-0.01714870131445767,1.3387862259917929,0.6009950911168273
2026-04-30 21:45:00,2026,1565,1,REJECT,FVG,0,0.43973332276777194,-0.1998629698813945,-0.1998629698813945,0.2711804787163646,0.0,-0.6395962926491665,0.4151988891117649,-0.48855102403764683,-0.10312839446419667,0.7526306857259168,0.31249142462482654
2026-04-30 21:45:00,2026,1565,1,REJECT,FVG,1,0.0841894494539597,0.0841894494539597,-0.1998629698813945,0.2711804787163646,0.18612130354490217,-0.28405241933535424,0.5878674807472609,-0.3968821915403427,-0.1140758178900714,0.8326895345548503,0.4895110989233691
2026-05-01 03:15:00,2026,1565,1,INSIDE,FVG,0,0.24051477987360997,-0.2329822703800966,-0.2329822703800966,0.2371864617253137,0.0,-0.47349705025370664,0.6099117470814267,-0.4040829036053609,-0.010935204310061286,0.9632785906051594,0.5875149281221271
2026-05-01 07:15:00,2026,1565,1,INSIDE,FVG,0,0.25001930518913756,-0.2223957788592924,-0.2223957788592924,0.0274475803022627,0.0,-0.47241508404842997,0.6053360288859387,-0.4206688619190762,-0.01467715022100119,1.1111443483416363,0.6726157073441803
2026-05-01 15:15:00,2026,1566,-1,ACCEPT,FVG,0,0.4367411508799676,-0.963891635356928,-0.963891635356928,0.0350603124382089,0.0,-1.4006327862368957,0.5001887836625188,-0.37341427446769876,0.031816382314541064,1.1533939516207394,0.5769147177448838
2026-05-01 18:15:00,2026,1566,-1,INSIDE,FVG,0,0.9021485761635374,-0.0447092091316882,-0.0447092091316882,0.0640771661239743,0.0,-0.9468577852952257,0.09718432510095334,-0.07863344130302258,0.016683197135616487,1.259648260760432,0.12241806608659228
2026-05-04 01:30:00,2026,1567,1,REJECT,FVG,0,0.5412457011536915,-0.2582639829883828,-0.2582639829883828,0.1646637358110211,0.0,-0.7995096841420744,0.48550058485018877,-0.03173509576081551,0.2464474162491049,0.726663996355817,0.3527957952203246
2026-05-04 04:15:00,2026,1567,1,REJECT,FVG,0,0.6559369464354706,0.1020913535308178,0.1020913535308178,0.3283330851946306,0.0,-0.5538455929046527,0.0680644824313064,-0.17759191031827823,-0.12085820009177578,1.0531002250688406,0.07167872176760293
2026-05-04 06:45:00,2026,1567,1,REJECT,FVG,0,0.24793614428910282,0.0218767186137419,0.0218767186137419,0.2216840819526158,0.0,-0.22605942567536091,0.3287602647706234,-0.25897852322281334,-0.09232512291548327,0.6286413600955547,0.20667229999077938
2026-05-04 15:30:00,2026,1568,-1,REJECT,OB,1,0.7824521732741829,0.7824521732741829,0.6457985542798271,1.247515295980801,0.4648794484875519,-0.13665361899435582,0.5740765148211907,-0.5061776817251621,0.2335944543273982,1.2314870109267948,0.70696777128042
2026-05-04 22:00:00,2026,1568,-1,INSIDE,FVG,0,0.287959936008909,-0.3150252241120355,-0.3150252241120355,0.0927952734964744,0.0,-0.6029851601209446,0.714947205712782,-0.7052368045702201,0.004846429829871157,1.21349431434408,0.8675843691886483
2026-05-04 23:45:00,2026,1568,-1,INSIDE,FVG,0,0.16552172792327205,-0.2695481753945123,-0.2695481753945123,0.0959252728009204,0.0,-0.43506990331778433,0.7386606138383494,-0.5982641849128196,-0.034085613696228145,1.3892111782576093,1.0261555816828623
2026-05-05 05:45:00,2026,1568,-1,INSIDE,FVG,0,0.5876958486044658,0.2111232426137986,0.2111232426137986,0.3146001640385126,0.0,-0.37657260599066716,0.18606972373944183,-0.1278435143098371,0.0052966972723234584,1.0875658611185,0.20236307932676745
2026-05-06 01:15:00,2026,1569,1,REJECT,FVG,1,0.7371030821707671,0.7371030821707671,2.6547164280179194,4.379668535406451,3.6435880712742144,1.9176133458471518,0.1943594971644367,-0.1420861463093291,0.028792630050451462,0.9461598526838236,0.18389515320480548
2026-05-06 01:15:00,2026,1569,1,REJECT,FVG,1,0.3125120725740792,0.3125120725740792,2.6547164280179194,4.379668535406451,4.068179080870902,2.3422043554438394,0.351960264055306,-0.2362425485292622,-0.04310272718416075,0.7390093707439038,0.26010193326636993
2026-05-06 15:15:00,2026,1569,1,ACCEPT,FVG,1,1.037793492721915,1.037793492721915,0.1533552071828686,1.9170438483833276,0.8667993239551022,-0.8844382855390464,0.4895454302489921,-0.5628666496101772,0.22072920845019983,1.2827088808881073,0.6279442709785716
2026-05-06 18:45:00,2026,1569,1,REJECT,FVG,1,0.5094367119206344,0.5094367119206344,-0.262941792871173,1.4929181288037736,0.9845223582642639,-0.7723785047918075,0.6688786318011396,-0.6891183065668172,0.11256953433745903,0.8207676014615356,0.5489939102922949
2026-05-07 00:00:00,2026,1569,1,REJECT,OB,1,0.1453947799089118,0.1453947799089118,-0.2693275228414091,1.5526310867552566,1.3609456388579821,-0.4147223027503209,0.6769392152243434,-0.46051336427368716,-0.0503503806526803,1.023152014775337,0.6926117219372224
2026-05-07 07:45:00,2026,1569,1,REJECT,OB,1,0.49971573341373404,0.49971573341373404,-0.3790062894723988,1.4247987285746777,0.9242284150268465,-0.8787220228861329,0.39459178140516854,-0.33936183489001526,-0.008268722475921836,0.7905441551201338,0.31194222644829744
2026-05-07 15:30:00,2026,1569,1,ACCEPT,FVG,1,0.31589626755424144,0.31589626755424144,-1.243721410391053,0.5698520904900118,0.2428492604524476,-1.5596176779452946,0.610159153986063,-0.6284656423952398,-0.05225457836380171,0.9885766603032963,0.6031890987010269
2026-05-08 03:00:00,2026,1570,-1,INSIDE,FVG,0,0.585804619240155,-0.1467744465425232,-0.1467744465425232,0.2258731570874629,0.0,-0.7325790657826783,0.5911259503780353,-0.4493350716891186,0.16256286188547395,1.0308742601496081,0.6093765267511911
2026-05-08 12:00:00,2026,1571,1,INSIDE,FVG,1,0.41604297389640577,0.41604297389640577,-0.7467829573400305,0.7393653059963052,0.3231041658839029,-1.1628259312364364,0.40123103594435505,-0.31712798663153574,-0.022957042614591944,1.1493748807110051,0.4611648740760961
2026-05-08 20:00:00,2026,1571,1,ACCEPT,FVG,0,0.8175189271089195,-0.6829179935428755,-0.6829179935428755,0.3654712746089162,0.0,-1.500436920651795,0.24328521717620183,-0.21389323376099798,0.03703409779441552,0.6732074169948691,0.1637814126482266
2026-05-08 23:30:00,2026,1571,1,REJECT,OB,0,0.25554350726121305,-0.7924051686366905,-0.7924051686366905,0.0323835306615548,0.0,-1.0479486758979035,0.5927481029777781,-0.404721001342502,-0.013350466404095013,0.9921596518548824,0.5881007514880744
2026-05-11 06:15:00,2026,1572,-1,REJECT,OB,1,0.37408161153463165,0.37408161153463165,-0.2907059826448527,0.8645786623434805,0.49094053819656996,-0.6647875941794844,0.6646433897453138,-0.5470880392658665,0.06516127997268362,1.367765806239244,0.9090765018365832
2026-05-11 13:00:00,2026,1572,-1,REJECT,FVG,0,0.1898814107881656,-0.9716936045028812,-0.9716936045028812,0.0089146202248091,0.0,-1.161575015291047,0.7787969883739209,-0.6746123000462365,-0.0013472015802089288,1.446779951202543,1.1267478688363086
2026-05-11 14:15:00,2026,1572,-1,REJECT,FVG,0,0.42032434359919163,-0.6886544123655602,-0.6886544123655602,0.0439045046071309,0.0,-1.108978755964752,0.5826500444645685,-0.5011044010914337,0.035766097973490646,1.1112317463991213,0.6474592264498881
2026-05-11 21:30:00,2026,1573,1,REJECT,FVG,1,0.48374533780040485,0.48374533780040485,-0.5302549917365975,1.041187132079431,0.559688637464359,-1.0140003295370024,0.5669604047820705,-0.7126834122916239,-0.034355683846540586,0.8819462177232268,0.5000285845963768
2026-05-12 04:45:00,2026,1573,1,INSIDE,FVG,0,1.0040939452704252,-0.5844929064743194,-0.5844929064743194,0.100931060683399,0.0,-1.5885868517447448,0.4764664997206046,-0.5618115982096759,0.18428993498537893,1.4637429450361366,0.6974244775120974
2026-05-12 23:00:00,2026,1574,-1,INSIDE,OB,0,1.7746743716749283,0.0206384149697428,0.0206384149697428,0.0896624472573805,0.0,-1.7540359567051853,0.030964010783567995,-0.007802413921631779,0.047390216489039724,1.5631230078714808,0.04840055767177577
2026-05-13 10:30:00,2026,1576,-1,INSIDE,FVG,1,0.32651500273904527,0.32651500273904527,0.0611634228777583,0.8881487147154088,0.5618662725196085,-0.26535157986128693,0.35808639737196973,-0.21836967689928374,-0.023253884984414663,0.9322668425101043,0.3338320750237847
2026-05-13 14:15:00,2026,1576,-1,ACCEPT,FVG,1,0.3055243747548286,0.3055243747548286,-0.1363323869043098,0.6933142752826658,0.3870907600821798,-0.44185676165913834,0.4746035918678635,-0.293317767534958,-0.009105135842379097,0.7838720664136307,0.37202849828479356
2026-05-13 18:45:00,2026,1576,-1,INSIDE,OB,0,0.7022207079685138,-0.1303789781128139,-0.1303789781128139,0.5109826018317535,0.0,-0.8325996860813276,0.4369942556970406,-0.37761889020750145,0.09426481126961767,1.006912199626049,0.4400148472278553
2026-05-14 01:30:00,2026,1576,-1,ACCEPT,FVG,0,0.4601858644824442,-0.1875706244348308,-0.1875706244348308,0.1795386329603091,0.0,-0.647756488917275,0.39389590957555115,-0.24146255945159842,0.034913884696153225,0.8282664599103173,0.32625077059729624
2026-05-14 10:15:00,2026,1577,1,REJECT,FVG,1,0.4128991656078528,0.4128991656078528,-0.4005240897510504,0.5580683246976585,0.144455212405742,-0.8134232553589034,0.6245522599833238,-0.5092303781190689,0.0666877124129712,0.8323070968418933,0.5198192783327635
2026-05-14 15:30:00,2026,1577,1,INSIDE,OB,0,0.3852099580362931,-0.5778149370544723,-0.5778149370544723,0.1772922850340976,0.0,-0.9630248950907653,0.536357908221096,-0.3310086942344407,0.0531408439264226,1.2649904360700859,0.6784876242102433
2026-05-15 02:45:00,2026,1578,-1,REJECT,FVG,1,0.3131556797725438,0.3131556797725438,2.5980323062610857,4.275686538252424,3.9634973883557207,2.2848766264885416,0.8528422257522593,-0.8146170724033561,0.14719515170508957,1.0773277614245234,0.9187906059179896
2026-05-15 20:15:00,2026,1578,-1,ACCEPT,FVG,1,1.136046806792976,1.136046806792976,0.184513975872515,1.9153000120678956,0.7829984145280737,-0.9515328309204611,0.4751773828224389,-0.5249199288031878,0.2643338975725271,1.3337261569627616,0.6337565046673944
2026-05-15 22:45:00,2026,1578,-1,INSIDE,FVG,1,0.6029786897593397,0.6029786897593397,0.0911334251603065,1.826164031842608,1.2226859808495016,-0.5118452645990331,0.4579215682421697,-0.3988884262088607,0.05988813470555726,0.9911233611121438,0.45385676384192314
2026-05-18 20:45:00,2026,1579,1,REJECT,FVG,1,0.9010922709699528,0.9010922709699528,-0.1426333225361993,1.0262092205630913,0.12461648179477766,-1.0437255935061522,0.24218170876846948,-0.32862204095888026,-0.03080772759891276,1.1423021220859653,0.2766446798566279
2026-05-19 12:30:00,2026,1580,-1,INSIDE,OB,1,0.2448394759664273,0.2448394759664273,1.117865656696851,2.187215893618005,1.9433819185795702,0.8730261807304236,0.6593619728424314,-0.5001609821373698,-0.008936010313535026,1.106965501540811,0.7298909569644607
2026-05-19 21:45:00,2026,1580,-1,REJECT,OB,1,0.8703458743226332,0.8703458743226332,0.0714557245237318,1.14783647945192,0.27622813649812106,-0.7988901497989015,0.3850052559024964,-0.5551408641985605,-0.006320977648593351,1.264153062690464,0.4867055734010667
2026-05-20 08:45:00,2026,1580,-1,REJECT,OB,0,0.4816008722040933,-0.6150068892103163,-0.6150068892103163,0.2799466032544512,0.0,-1.0966077614144096,0.60019911851398,-0.6251703116726072,0.03911277728686255,1.2268807958806354,0.7363727722092875
2026-05-20 12:45:00,2026,1580,-1,INSIDE,OB,0,0.6867318850880859,-0.3341905635750214,-0.3341905635750214,0.0354092089789454,0.0,-1.0209224486631074,0.3613714543918442,-0.2932384115143405,0.06089487982968528,1.1045777263716177,0.399162859467748
2026-05-20 12:45:00,2026,1580,-1,INSIDE,OB,0,0.5624119615926441,-0.3341905635750214,-0.3341905635750214,0.0354092089789454,0.0,-0.8966025251676655,0.3628027175668556,-0.23919191068430698,0.05163215258988546,1.292422069436917,0.46889423903509286
2026-05-20 13:45:00,2026,1580,-1,REJECT,FVG,0,0.5572427340044809,-0.0480738165699505,-0.0480738165699505,0.1013168607280874,0.0,-0.6053165505744315,0.1216028651638219,-0.16627766762680904,-0.07829551378396503,1.243926837794866,0.15126506753002844
2026-05-21 01:30:00,2026,1581,1,REJECT,FVG,1,0.3604532303054657,0.3604532303054657,-0.1689218454928184,0.8287565619639818,0.4680434518962373,-0.5293750757982841,0.7585542971711317,-0.8158274840627833,0.07644530650078049,1.064952890030935,0.8078245910177814
2026-05-21 07:45:00,2026,1581,1,REJECT,FVG,0,0.8753102589893543,-0.1245233047014808,-0.1245233047014808,0.0802367737406902,0.0,-0.9998335636908351,0.43051103326224116,-0.47290206831773346,0.10751821376813181,1.0820825595360422,0.4658484807809121
2026-05-21 10:30:00,2026,1581,1,INSIDE,FVG,0,0.7169086565766343,0.5095878295477495,0.5095878295477495,0.6219624810866305,0.0,-0.20732082702888474,0.1692586350665936,-0.1593587594479458,-0.011042932658294424,1.2623263331228916,0.21365963215299877
2026-05-21 20:15:00,2026,1582,-1,REJECT,OB,0,0.9874597916784406,-0.4841974223146918,-0.4841974223146918,0.0026116365820736,0.0,-1.4716572139931325,0.23572216955691944,-0.2712585742371648,0.025449249837602078,0.9632005982927595,0.2270477347480921
2026-05-21 20:15:00,2026,1582,-1,REJECT,OB,0,0.7764395558476593,-0.4841974223146918,-0.4841974223146918,0.0026116365820736,0.0,-1.260636978162351,0.32815375710371525,-0.31478154970538313,0.04330675591271757,0.8557037834854552,0.2808024115186162
2026-05-22 04:00:00,2026,1583,1,REJECT,FVG,0,0.504891242802504,0.0138505361638303,0.0138505361638303,0.2490483200780438,0.0,-0.4910407066386736,0.35035601020938184,-0.25726289484771014,0.0097623879839909,0.9241417180159383,0.3237786051921077
2026-05-22 07:30:00,2026,1583,1,REJECT,FVG,0,0.23023249736492388,-0.1311880972499393,-0.1311880972499393,0.0112372274536866,0.0,-0.36142059461486326,0.5152992817484261,-0.3954061075430834,-0.07301498379989993,0.9175113388001574,0.47279293387975796
2026-05-22 12:45:00,2026,1584,-1,ACCEPT,FVG,1,0.469762726205159,0.469762726205159,-1.1595708210854876,0.8715162036192708,0.40516706905227395,-1.6293335472906467,0.5023364860487899,-0.30592025503379244,0.08373360804963184,0.9569470739409137,0.4807094304581501
2026-05-22 15:15:00,2026,1584,-1,REJECT,OB,1,0.49470820356093365,0.49470820356093365,-1.0590011597458735,0.9794382161795288,0.48079125303611314,-1.5537093633068075,0.5326380767314749,-0.37266862136766254,0.08932930246375814,1.1366131015519574,0.6054034163984311
2026-05-25 04:15:00,2026,1585,1,REJECT,FVG,1,0.38073229070836834,0.38073229070836834,-0.4236540938362402,0.3852364305427769,0.0074185832566628996,-0.8043863845446086,0.8130255326297988,-0.8678196869506389,0.14728494970156414,1.0116225110255923,0.8224749308468767
2026-05-25 10:30:00,2026,1585,1,ACCEPT,FVG,1,0.30482057273344015,0.30482057273344015,-0.1316994809022243,0.6821289645924768,0.37704286871207465,-0.43652005363566443,0.5585264666231902,-0.3605779730569588,0.011064725619561733,0.9659773554627077,0.5395239191845995
2026-05-25 16:15:00,2026,1585,1,REJECT,FVG,1,0.333432305353794,0.333432305353794,-0.3951199407940418,0.4209117538876036,0.08614997363207516,-0.7285522461478358,0.46427703743721077,-0.33272664002766095,-0.023444338403662363,0.8492437648536917,0.39428437920829523
2026-05-25 17:45:00,2026,1585,1,INSIDE,FVG,1,0.11646200139151983,0.11646200139151983,-0.4618595808608757,0.3515131640173249,0.23638063752751537,-0.5783215822523957,0.6080770232405933,-0.3357353020551084,-0.060764511857859416,0.7633021807966357,0.4641465179318714
2026-05-26 01:45:00,2026,1585,1,REJECT,FVG,1,0.10303315943081456,0.10303315943081456,-0.652989374054961,0.1659235294729795,0.0639608444258606,-0.7560225334857756,0.6541891422087753,-0.45223284980448186,-0.08898385552515337,0.7051298504542023,0.4612882920144366
2026-05-26 06:15:00,2026,1586,-1,ACCEPT,FVG,1,0.24495508116885104,0.24495508116885104,0.5832391179358735,1.455289903625448,1.208730313191288,0.33828403676702246,0.6060868698422449,-0.4627838259011594,-0.033832567049525336,0.8792546147352956,0.5329046772392644
2026-05-26 17:45:00,2026,1586,-1,ACCEPT,FVG,1,0.5542636580985122,0.5542636580985122,0.1637901297712616,1.038943274137327,0.4806651520738427,-0.3904735283272506,0.35915062722539814,-0.2926218260251704,0.011537626785935173,1.2205471964208197,0.4383602911527386
2026-05-28 04:00:00,2026,1588,-1,ACCEPT,FVG,1,1.4931460393388636,1.4931460393388636,-1.446292792632002,2.4264627137400487,0.9335844072394918,-2.9394388319708655,0.1652966488545161,-0.20131764391799417,0.07877152453004463,0.9064789613992271,0.14983793457641448
2026-05-28 08:45:00,2026,1588,-1,INSIDE,FVG,0,0.6120645729449636,-3.222550460499006,-3.222550460499006,0.4015928228721021,0.0,-3.83461503344397,0.6460785477515111,-0.8590418314097334,0.09140845790369645,1.2663016725703624,0.8181303456295692
2026-05-28 15:45:00,2026,1588,-1,INSIDE,OB,0,0.717068082573617,-2.883918416415716,-2.883918416415716,0.0087512007118802,0.0,-3.6009864989893328,0.5410266346727829,-0.5544952336278521,0.13345438810999244,1.1283577161870477,0.6104715778957455
2026-05-28 17:15:00,2026,1588,-1,REJECT,FVG,0,2.227855887521971,-1.238224956063274,-1.238224956063274,0.3313708260105606,0.0,-3.466080843585245,0.007750681896372418,0.16193724018464073,0.17794951844393636,1.4484819810415983,0.011226723067680772
2026-05-28 23:00:00,2026,1589,1,REJECT,FVG,1,0.49309469467603617,0.49309469467603617,1.1287204806930888,2.551411337277003,2.061198705109692,0.6356257860170526,0.763840438169205,-0.9487247091978616,0.15259525601803842,1.0508143416753255,0.8026544871797653
2026-05-29 06:15:00,2026,1589,1,INSIDE,OB,1,0.6350509341938011,0.6350509341938011,1.1624261530601954,2.590242816160957,1.95283401958772,0.5273752188663944,0.5406445499755267,-0.44126970390033027,0.14063718311144313,1.286041342438383,0.6952912428325217
2026-05-29 15:30:00,2026,1589,1,REJECT,FVG,1,0.5488325024096498,0.5488325024096498,0.4837390253185116,1.9126458369484172,1.3630259134449296,-0.06509347709113827,0.49573865335265527,-0.5082968498275922,0.015763031670062932,1.1627588252476222,0.5764244942021717
2026-05-29 23:00:00,2026,1589,1,REJECT,OB,0,1.3074455778735807,-0.1230413292670177,-0.1230413292670177,0.0983278998843142,0.0,-1.4304869071405983,0.20981482868014495,-0.458904849433051,-0.0882983371386093,1.2062118236223425,0.253081127125287
2026-06-01 20:45:00,2026,1590,-1,INSIDE,FVG,0,1.1657976012613713,-0.686138455996543,-0.686138455996543,0.7578880234322736,0.0,-1.8519360572579142,0.20979954483767949,-0.29774283767807896,0.009307280262955353,1.8297932047855683,0.3838897815110911
2026-06-02 06:45:00,2026,1590,-1,REJECT,OB,0,0.9037625817407862,-0.5386488669799496,-0.5386488669799496,0.0498847226562758,0.0,-1.4424114487207358,0.28308578341433976,-0.2876967290863206,0.04958846332548028,1.0183264890110968,0.28827375191328036
2026-06-02 12:00:00,2026,1591,1,REJECT,OB,0,0.3893561868486547,-0.9212823361371182,-0.9212823361371182,0.2396445008728636,0.0,-1.3106385229857729,0.7184115845100105,-0.6785505437975831,0.08864602267488561,0.9939009936624624,0.7140299877031235
2026-06-02 16:00:00,2026,1591,1,INSIDE,FVG,0,0.520201358774433,-0.6115809253615853,-0.6115809253615853,0.2659277821840733,0.0,-1.1317822841360181,0.29382697515417294,-0.22192536252953055,-0.0038685128277030634,0.9482167978843491,0.2786116735127341
2026-06-03 04:45:00,2026,1592,-1,REJECT,FVG,1,0.21858656296096626,0.21858656296096626,-0.2877832908676535,1.2447364892047688,1.0250771087568786,-0.5063698538286198,0.679678341937427,-0.5428991569975734,-0.02533380544712527,1.1070027912581355,0.7524058216824332
2026-06-03 08:30:00,2026,1592,-1,REJECT,FVG,1,0.14197022829742964,0.14197022829742964,-0.3352000286266309,1.195609389536968,1.0552494095756257,-0.47717025692406057,0.7988283971563314,-0.6214829719947739,-0.011614875701481328,1.3965228350876904,1.1155820979453153
2026-06-04 01:15:00,2026,1592,-1,REJECT,FVG,1,0.1555708347750336,0.1555708347750336,-1.3146002842330895,0.2109027296177195,0.05613380636213802,-1.4701711190081233,0.8134242611627835,-0.7316168024291354,-0.009956854123578579,1.0142544664396616,0.8250191899947349
2026-06-04 04:00:00,2026,1592,-1,REJECT,FVG,0,0.6547793652330006,-0.8756300393844424,-0.8756300393844424,0.1348153993910103,0.0,-1.5304094046174428,0.28170268609749693,-0.30953213087090375,-0.037882992183737946,1.015977760873954,0.28620366425351323
2026-06-04 07:15:00,2026,1592,-1,ACCEPT,FVG,0,0.7480512518891828,-0.2631982548746785,-0.2631982548746785,0.0340388781762419,0.0,-1.0112495067638612,0.2361296606830096,-0.12970407260416184,0.07755999433115664,0.9252890834326976,0.21848819730465585
2026-06-04 20:15:00,2026,1593,1,ACCEPT,FVG,0,1.0497039536796449,-0.0141888063108886,-0.0141888063108886,0.1940921617999852,0.0,-1.0638927599905337,0.3085335634265781,-0.38755834294471514,0.05588531501146615,1.0512854279928567,0.3243568392770714
2026-06-05 15:00:00,2026,1594,-1,REJECT,OB,1,1.12253702250387,1.12253702250387,3.4980695328314493,5.443872398596078,4.322955978145882,2.3755325103275795,0.16272328146223652,-0.23342063267284116,-0.012774753498646929,1.0934071441172448,0.17792279846501063
2026-06-08 02:45:00,2026,1594,-1,INSIDE,OB,1,0.7949439325857537,0.7949439325857537,-0.0472006293417361,1.8760250136668573,1.080547740636553,-0.8421445619274899,0.3048071287299424,-0.641182289681955,-0.20344077937875563,1.2539827691071446,0.38222288732837106
2026-06-08 06:15:00,2026,1594,-1,REJECT,OB,1,0.12571859809555877,0.12571859809555877,-0.957006192706375,0.9636650167580476,0.837680065700416,-1.0827247908019337,0.7985353831152199,-0.7927581592967707,-0.05932196995006203,1.2107896743100237,0.966858396447107
2026-06-08 08:15:00,2026,1594,-1,REJECT,FVG,1,0.02740693983924721,0.02740693983924721,-0.9627020227031235,0.9576463736065728,0.928376826205418,-0.9901089625423708,0.9064107859424361,-0.8240536306421256,-0.05228058575310948,0.970436393722087,0.8796140143407802
2026-06-08 12:00:00,2026,1594,-1,REJECT,FVG,0,0.5342064043527885,-1.376323444547833,-1.376323444547833,0.4186736700780862,0.0,-1.9105298489006213,0.6195591110681781,-0.7699133281902282,0.038065934030593385,1.2130757246867478,0.7515721176453074
2026-06-08 18:00:00,2026,1594,-1,INSIDE,FVG,0,1.526027777574842,-0.2553900330963747,-0.2553900330963747,0.2227758579120616,0.0,-1.7814178106712169,0.0351425376037876,-0.08420164858205437,-0.027614100422610303,0.8822895024688671,0.031005892017939213
2026-06-08 21:45:00,2026,1595,1,ACCEPT,FVG,0,0.25107392147287216,-0.4458272777516112,-0.4458272777516112,0.0386874910445449,0.0,-0.6969011992244833,0.7270992548341406,-0.4916888948763417,0.04837339540967933,1.0744414712184014,0.7812255930857974
2026-06-09 04:15:00,2026,1596,-1,REJECT,OB,0,0.29635667985853836,-0.2172055169149269,-0.2172055169149269,0.0425996292254464,0.0,-0.5135621967734654,0.6527987576306037,-0.43331900031925374,0.04301237717407466,0.8341640009940575,0.5445412235090944
2026-06-09 22:45:00,2026,1598,-1,REJECT,FVG,1,0.3789180688512322,0.3789180688512322,0.9574049057737812,5.962904717583927,5.586875144060057,0.5784868369225489,0.7541690141006323,-0.9293591757973333,0.05730298396956707,1.353939170272642,1.0210989691967465
2026-06-10 20:15:00,2026,1598,-1,REJECT,FVG,1,0.2855973637166237,0.2855973637166237,-2.4993000064614965,2.431066790152716,2.1446940489780206,-2.78489737017812,0.8240361153858942,-0.9239908285014988,0.07275352663056911,1.071154909243155,0.8826703303892595
2026-06-11 07:30:00,2026,1598,-1,REJECT,FVG,0,0.6471146691299167,-3.513458035049912,-3.513458035049912,0.6371077412567653,0.0,-4.160572704179828,0.6673448130424785,-0.7967244872106907,0.16681408464084185,1.6186598079629384,1.0802042269244012
2026-06-11 19:15:00,2026,1598,-1,INSIDE,FVG,0,1.280259064321646,-2.8810330561386994,-2.8810330561386994,0.789197269306561,0.0,-4.161292120460346,0.11710054217770945,-0.14744683400140796,0.01973830076253541,1.5428210291194546,0.18066517899305978
2026-06-11 22:15:00,2026,1598,-1,ACCEPT,FVG,0,2.987883144221384,-0.6743851722544647,-0.6743851722544647,0.053139600554516,0.0,-3.6622683164758487,0.001484476539432155,0.43066858002552444,0.4344647050523674,1.8463583696711685,0.002740875683161052
2026-06-12 04:15:00,2026,1599,1,REJECT,FVG,1,1.4866341046921836,1.4866341046921836,3.0624160315407445,4.575920043192752,3.08903481787477,1.5757819268485609,0.2692694268690186,-0.593333525504897,-0.033261833815618314,1.442333854695238,0.3883764104075691
2026-06-12 14:45:00,2026,1599,1,REJECT,FVG,1,0.4581809983341138,0.4581809983341138,2.488306099755472,3.998123965780474,3.539692458425943,2.030125101421358,0.7678266684219133,-0.6759499076245887,0.19486604745200808,1.2584592502816137,0.9662785734884701
2026-06-12 18:00:00,2026,1599,1,REJECT,OB,1,0.28589381524740487,0.28589381524740487,2.6359911333906543,4.147717377523345,3.861321994179027,2.350097318143249,0.7681703417927546,-0.6093718993536168,0.07834467062678468,0.9635879494219349,0.7401996844548272
2026-06-12 21:30:00,2026,1599,1,REJECT,OB,1,0.22543478503689954,0.22543478503689954,2.0731455315156246,3.588358819127204,3.3621700715985257,1.8477107464787248,0.5741498146326146,-0.6318141367727235,-0.1396248272217197,1.2198085033389583,0.70035282607935
2026-06-15 03:45:00,2026,1599,1,INSIDE,FVG,1,0.2868403704986497,0.2868403704986497,0.2863375828203117,1.8047563714372112,1.5143964871901032,-0.0005027876783380728,0.6295067613944326,-0.9204750080245021,-0.16046181410869928,1.2959451690874282,0.8158062463369873
2026-06-15 08:45:00,2026,1599,1,INSIDE,FVG,1,0.5615487493506327,0.5615487493506327,-0.0942546395057079,1.4061101101986433,0.8428205099864122,-0.6558033888563406,0.6859778144785399,-0.7851778004705392,0.13864673487601278,1.047081260067129,0.7182745143622848
2026-06-15 09:45:00,2026,1599,1,REJECT,FVG,1,0.6595337835597462,0.6595337835597462,0.0659036397599418,1.563781459662,0.9049937550429481,-0.5936301437998044,0.41878530562023625,-0.5664297350450727,-0.05301422822689339,1.2458418304052523,0.5217402517007381
2026-06-15 19:15:00,2026,1599,1,REJECT,FVG,0,0.43967475885717605,-1.0648568123371822,-1.0648568123371822,0.0224706009637527,0.0,-1.5045315711943583,0.8170736090105047,-1.1116309866706484,0.15589999750650282,1.0940266281630036,0.8939002854267388
2026-06-16 06:45:00,2026,1600,-1,ACCEPT,FVG,0,0.6483876770919452,-0.3797950272706631,-0.3797950272706631,0.4606238433851128,0.0,-1.0281827043626084,0.45132152147829974,-0.41416567489650463,0.06538752057478991,1.107080716125623,0.4996493532011019
2026-06-16 06:45:00,2026,1600,-1,ACCEPT,FVG,0,0.6265488354709648,-0.3797950272706631,-0.3797950272706631,0.4606238433851128,0.0,-1.0063438627416281,0.47987943559512736,-0.440604311782214,0.0715005382152053,1.0216183775914653,0.4902536504322021
2026-06-16 06:45:00,2026,1600,-1,ACCEPT,FVG,0,0.6082242902027718,-0.3797950272706631,-0.3797950272706631,0.4606238433851128,0.0,-0.988019317473435,0.3563804218705967,-0.2746507870607301,0.03998860543347238,0.9095879581475174,0.3241593402530269
2026-06-16 11:00:00,2026,1600,-1,INSIDE,OB,0,0.5406339591716174,-0.2985403301225984,-0.2985403301225984,0.0577010722085757,0.0,-0.8391742892942158,0.23789745521464595,-0.15514082786010047,0.010382223377257443,0.8831281948104305,0.2100939501737055
2026-06-17 15:30:00,2026,1602,-1,REJECT,FVG,0,0.19440095799161747,-0.8894544486877117,-0.8894544486877117,0.0188540902901379,0.0,-1.0838554066793291,0.6834647857851961,-0.4748386041018732,-0.01743693015666714,0.9156295284542074,0.625800539523555
2026-06-17 16:45:00,2026,1602,-1,INSIDE,OB,0,0.5606765508446112,-0.457826003320067,-0.457826003320067,0.2808512457341484,0.0,-1.0185025541646782,0.24215319375708985,-0.15071333789613678,0.02155199566893616,0.7775308694428535,0.18828158328031386
2026-06-17 22:15:00,2026,1603,1,REJECT,FVG,0,3.01904876003353,-0.2022968046689171,-0.2022968046689171,0.1306714131680989,0.0,-3.221345564702447,0.01040965744570848,-0.04739383536893205,-0.015473218373863173,1.3580979697108317,0.01413733464240193
2026-06-18 06:45:00,2026,1604,-1,REJECT,FVG,0,2.4971731321140487,0.0782632612748298,0.0782632612748298,0.227538555144075,0.0,-2.4189098708392187,0.009119507853492885,-0.1335999340537724,-0.1096085784160974,2.0241740418670204,0.018459471071642728
2026-06-18 10:45:00,2026,1605,1,REJECT,FVG,0,0.6708706259594186,-0.7730794442534593,-0.7730794442534593,0.0285583462880494,0.0,-1.4439500702128778,0.28905978838315183,-0.24605215253552504,0.018993351779914958,1.0100971632131246,0.2919784722448078
2026-06-18 16:15:00,2026,1606,-1,ACCEPT,FVG,1,0.4880573281636651,0.4880573281636651,1.460916599541745,3.44670141859658,2.960146575794126,0.97285927137808,0.6390867813448576,-0.6176387647444644,0.08899699241777673,1.5085001570484535,0.9640625100263084
2026-06-19 10:15:00,2026,1606,-1,INSIDE,FVG,0,0.8847009046378262,-1.0930417373919652,-1.0930417373919652,0.5136249477347974,0.0,-1.9777426420297917,0.48544947128731314,-0.7579305759123736,0.03948400784061734,1.2208839869677761,0.5926774859766538
2026-06-19 17:45:00,2026,1606,-1,REJECT,FVG,1,0.06578130817921396,0.06578130817921396,-1.402010673948131,0.1970956931860394,0.13330023581978123,-1.4677919821273444,0.605032712134349,-0.4962908640232275,-0.1562188132603395,1.3121466409809843,0.7938916409107009
2026-06-19 20:00:00,2026,1606,-1,REJECT,FVG,1,-0.04870284500264447,-0.04870284500264447,-1.4996003550558967,0.372477370708988,0.1518236647786409,-1.450897510053252,0.6670797618081967,-0.5443973875817802,-0.21372959018846732,1.1888933273057898,0.7930866775945007
2026-06-22 06:30:00,2026,1607,1,REJECT,FVG,0,1.015331319146254,0.2453779069368892,0.2453779069368892,0.8689438957925568,0.0,-0.7699534122093648,0.40238683159539235,-0.5138668415862562,0.10146236119240015,1.1919588074885752,0.47962852793755
2026-06-22 16:00:00,2026,1607,1,ACCEPT,FVG,0,0.5373931609253159,-0.0870512621471153,-0.0870512621471153,0.4300629115734342,0.0,-0.6244444230724312,0.3517774133321566,-0.20413200857331024,0.05671979747360545,1.0708276774347043,0.37669299049246124
2026-06-22 19:00:00,2026,1607,1,REJECT,FVG,0,0.6855286894086318,0.1706402581861432,0.1706402581861432,0.2487885503409468,0.0,-0.5148884312224885,0.30351601737377754,-0.33764950003333905,-0.027098530910199592,1.0210679252826906,0.30991047014990813
2026-06-22 23:00:00,2026,1608,-1,INSIDE,FVG,1,0.3360287906760623,0.3360287906760623,4.410965989913359,5.731556661007937,5.396270749014298,4.074937199237296,0.46551136558360734,-0.2892828315687102,0.0018068356177546596,0.7174401155741091,0.33397652792536464
2026-06-23 02:15:00,2026,1608,-1,INSIDE,FVG,1,0.16916077460154183,0.16916077460154183,4.43773390899591,5.764899692083169,5.595987683326611,4.268573134394367,0.5926660730128043,-0.3085462557581199,-0.025425506024250713,0.5797004599910106,0.3435687951465885
2026-06-23 15:30:00,2026,1608,-1,REJECT,OB,1,0.5985909202717087,0.5985909202717087,2.536590862556328,3.8542329420139128,3.2578681863217307,1.9379999422846192,0.5160439054448701,-0.7171839695293515,-0.038186356710118774,0.7523008359536466,0.38822026145496036
2026-06-23 18:15:00,2026,1608,-1,REJECT,FVG,1,0.5658633720770468,0.5658633720770468,2.863229057224427,4.183824459687665,3.618208621894122,2.2973656851473794,0.5197516105014801,-0.49026081899890617,0.05866143020239328,0.960705018443555,0.4993279805528919
2026-06-24 08:45:00,2026,1608,-1,INSIDE,FVG,1,0.6626213492064525,0.6626213492064525,1.5998492291565416,2.922120531384678,2.2585087167833,0.9372278799500894,0.5332024612616928,-0.6398800291460642,0.054616911588245054,0.9534417435704765,0.5083774843414178
2026-06-24 18:30:00,2026,1608,-1,ACCEPT,FVG,1,1.2332039699274413,1.2332039699274413,0.0561104130962403,1.3635565453300555,0.13035257540261408,-1.1770935568312009,0.39263038092850694,-0.8380381387493969,-0.024805560624445944,1.3684736287435275,0.5373043221441874
2026-06-24 23:15:00,2026,1608,-1,REJECT,OB,0,0.8786060522405557,-0.4211560477748738,-0.4211560477748738,0.7814161950617464,0.0,-1.2997621000154294,0.558605775663552,-0.7811710370411658,0.14599003134564276,0.8739983830467597,0.4882205446905254
2026-06-25 11:15:00,2026,1608,-1,REJECT,OB,0,0.5734378862959666,-0.621567004546878,-0.621567004546878,0.3197321322999921,0.0,-1.1950048908428446,0.44838468527514597,-0.5553625609759396,-0.04922572768748196,0.8465496150332088,0.3795798827064613
2026-06-25 15:45:00,2026,1608,-1,REJECT,FVG,0,0.8274330327096425,-0.1700901871046007,-0.1700901871046007,0.0494279176201364,0.0,-0.9975232198142432,0.2634820289531972,-0.4753385534034762,-0.13208165263181681,0.9876241678665394,0.26022121959268885
2026-06-25 23:00:00,2026,1609,1,REJECT,FVG,0,0.4226857706239086,-0.3624054268384213,-0.3624054268384213,0.2389512827657231,0.0,-0.7850911974623298,0.665267999102273,-0.553278063464808,0.0959994436355752,1.2010778185527096,0.7990386371146839
2026-06-26 06:00:00,2026,1609,1,REJECT,OB,0,1.112738984610548,0.5085422998220102,0.5085422998220102,0.5976582837908156,0.0,-0.6041966847885378,0.06966897686692754,-0.09091855330755916,-0.0070609641426395975,1.3319845955623477,0.09279800397533704
2026-06-26 06:00:00,2026,1609,1,REJECT,OB,0,0.9388659506713963,0.5085422998220102,0.5085422998220102,0.5976582837908156,0.0,-0.43032365084938623,0.10978356389408651,-0.10771001563973653,0.007186823827797048,1.094418629362869,0.12014917752353713
2026-06-26 22:00:00,2026,1611,1,INSIDE,FVG,0,0.6952709557382168,-0.3669148782811046,-0.3669148782811046,0.5473409651556091,0.0,-1.0621858340193215,0.38157771955164654,-0.37115123907955255,0.03577171009827365,1.0107603939099974,0.3856836461213008
2026-06-29 04:15:00,2026,1611,1,ACCEPT,FVG,0,0.856470066914252,-0.0605511205740119,-0.0605511205740119,0.5075107977427836,0.0,-0.917021187488264,0.2691895124236525,-0.15809709760205826,0.11501374273513496,0.8141993746260314,0.2191739326712242
2026-06-29 10:30:00,2026,1612,-1,REJECT,OB,1,0.6530518998392623,0.6530518998392623,1.2405048832029204,3.02978876169806,2.3752682294003895,0.5874529833636578,0.4190616732679247,-0.33309141598859027,0.08016345202420913,1.1201340905545416,0.4694052662722313
2026-06-29 15:00:00,2026,1612,-1,REJECT,FVG,1,0.359871685095896,0.359871685095896,0.5847914882808171,2.379971075886869,2.0203452047835304,0.22491980318492105,0.5811735510882771,-0.564121373763866,-0.027121046565418666,0.904752984020848,0.5258185045811115
2026-06-29 22:30:00,2026,1612,-1,INSIDE,FVG,1,0.4191848773659851,0.4191848773659851,0.0444478399550324,1.837586665102305,1.4188929240894133,-0.3747370374109527,0.6089370268397082,-0.637547818502066,0.005935847484134588,1.4898982934937273,0.9072542371336252
2026-06-30 15:00:00,2026,1613,1,INSIDE,OB,1,0.08718232583885915,0.08718232583885915,-0.912361818862644,0.7177278869478828,0.6271266463702481,-0.9995441447015032,0.7564132252157764,-0.6350876020038198,-0.08875307640797293,1.2277631292032012,0.9286962683616073
2026-06-30 21:30:00,2026,1613,1,REJECT,FVG,0,0.777866035533648,-0.8418168849695326,-0.8418168849695326,0.0291790947996435,0.0,-1.6196829205031804,0.3352277053754964,-0.37827858543179477,0.009293122936673615,1.345318913432985,0.45098817234839567
2026-06-30 23:00:00,2026,1613,1,INSIDE,OB,0,0.4359843081312482,-0.4656497211775408,-0.4656497211775408,0.1198774478018486,0.0,-0.901634029308789,0.35801594624048155,-0.22392066346040077,0.012335839372781543,1.3914999919519242,0.49817918631229063
2026-07-01 08:00:00,2026,1614,-1,INSIDE,OB,1,0.15746167534652075,0.15746167534652075,-1.1313731572331105,0.4011232102917434,0.2431717630156849,-1.2888348325796313,0.8163503471077292,-0.6441360651920347,0.010248528537386517,0.905242262901979,0.7389948355366168
2026-07-01 14:15:00,2026,1614,-1,INSIDE,OB,0,1.3698027705809759,-0.1681523860512223,-0.1681523860512223,0.0199127825586956,0.0,-1.5379551566321983,0.06869018833663244,-0.05636207012586225,0.041601461381373876,1.575691892084846,0.10823457282781279
2026-07-01 16:15:00,2026,1615,1,REJECT,FVG,1,0.34502306271181377,0.34502306271181377,3.378289648084631,4.444435381584895,4.100391107703468,3.033266585372817,0.8173386971284992,-0.7495298207961278,0.14509060694849507,0.9645450563288926,0.788359999661592
2026-07-01 23:00:00,2026,1615,1,INSIDE,FVG,1,1.8634388461502123,1.8634388461502123,2.9262873555634266,3.982591529798943,2.1198798320018,1.0628485094132134,0.09184033269617281,-0.3349183162831625,-0.13302046310026697,2.1185017209466492,0.19456390286915493
2026-07-02 15:00:00,2026,1615,1,INSIDE,OB,1,0.3600443656564312,0.3600443656564312,2.295069534634602,3.358870219620833,2.998094551935305,1.935025168978171,0.5175940194068067,-0.31431247972295173,0.034730590391457566,1.428179793606175,0.7392173198082038
2026-07-02 22:15:00,2026,1615,1,INSIDE,FVG,1,0.7127673583024574,0.7127673583024574,1.0854767234684113,2.1390276609524426,1.4274696127251556,0.3727093651659542,0.3453315330339072,-0.5554949600552418,-0.11752398936764025,1.3293174079354946,0.4590552183710241
2026-07-03 07:15:00,2026,1615,1,REJECT,FVG,1,0.429619760890843,0.429619760890843,-0.4439404195872082,0.6126329245697681,0.18495494790893843,-0.8735601804780512,0.7228592152594546,-0.7135482183961237,0.11280129002098954,1.0157169135011643,0.734220331019207
2026-07-03 10:30:00,2026,1615,1,REJECT,FVG,1,0.15281490536382836,0.15281490536382836,-0.3888075440269719,0.6673562322850908,0.5128487567669231,-0.5416224493908002,0.6240676849950624,-0.6728392437672346,-0.15757517031244417,0.9316491473554873,0.5814121266177628
2026-07-03 13:45:00,2026,1615,1,INSIDE,FVG,1,0.21375004528603533,0.21375004528603533,-0.4412670426413111,0.6117840279203431,0.39827550810921253,-0.6550170879273465,0.6616776570182472,-0.5935411359561643,-0.05937459862033248,1.1833729687077355,0.7830114533132619
2026-07-03 18:30:00,2026,1615,1,INSIDE,FVG,1,0.4582447787501419,0.4582447787501419,-0.1929706245079573,0.8618387290054967,0.4033521324301736,-0.6512154032580992,0.26012868238615877,-0.24331501252394838,-0.06081918840471068,1.1127723017461808,0.2894639926490471
2026-07-06 06:15:00,2026,1615,1,INSIDE,FVG,0,0.8840321838214064,-0.1724940846480776,-0.1724940846480776,0.0625048789876453,0.0,-1.056526268469484,0.0463934420970111,-0.31979996138947064,-0.26395004446610915,0.6719050045623084,0.031171985923853434
2026-07-06 14:15:00,2026,1616,-1,REJECT,FVG,1,0.44729410174988976,0.44729410174988976,-0.2293628808864336,0.6413890953313939,0.19750016890750355,-0.6766569826363235,0.6521718438840753,-0.5324311849000387,0.1065180617942994,1.1093882595214366,0.7235117867954404
2026-07-06 20:00:00,2026,1616,-1,INSIDE,OB,0,0.6451743304699432,-0.226538655886815,-0.226538655886815,0.1139969681657358,0.0,-0.8717129863567582,0.3336306909518515,-0.21411682973727594,0.0725690737714767,1.1942175905639116,0.3984276398866931
2026-07-07 03:45:00,2026,1617,1,REJECT,FVG,0,0.456661775178563,-0.5600843781695914,-0.5600843781695914,0.0990526338505345,0.0,-1.0167461533481543,0.4780426632738069,-0.37674733422797163,0.021657776029379683,0.8819146198881355,0.42159281367143137
2026-07-07 12:45:00,2026,1618,-1,ACCEPT,OB,0,0.3940345855920009,-0.9606869101586508,-0.9606869101586508,0.1930113958999534,0.0,-1.3547214957506517,0.6620322096641827,-0.40535369660117315,0.12386709423882913,1.0726856728815477,0.7101524662928818
2026-07-07 14:45:00,2026,1618,-1,ACCEPT,FVG,0,0.6955693701300499,-0.584618165191317,-0.584618165191317,0.0330183016885603,0.0,-1.280187535321367,0.2516693355751032,-0.2130036527073225,0.01565631627162206,0.988429118133914,0.2487572994238473
2026-07-07 19:00:00,2026,1619,1,REJECT,OB,0,0.9978542934955721,-1.0002727479150828,-1.0002727479150828,0.2212885793864293,0.0,-1.998127041410655,0.2463302591858391,-0.28125487088668216,0.03382842110258058,1.0599787532574234,0.2611048410213837
2026-07-07 22:15:00,2026,1619,1,ACCEPT,FVG,0,1.0240665411610907,-0.1894366442345464,-0.1894366442345464,0.2882521965706459,0.0,-1.2135031853956373,0.0021575020854349702,0.08654048012638055,0.08856319455821256,1.1161472314835026,0.002408089979578125
2026-07-08 03:45:00,2026,1620,-1,ACCEPT,FVG,1,0.7097143131999594,0.7097143131999594,1.1353986013612287,2.4434759139652757,1.7352045983523128,0.42568428816126935,0.6060119011219921,-0.48470804789539995,0.2391261178946173,1.3720336833009865,0.83146874082064
2026-07-08 05:00:00,2026,1620,-1,INSIDE,FVG,1,0.3755921226645693,0.3755921226645693,0.8466452393738536,2.1513589766196657,1.7803355161386083,0.4710531167092842,0.5271144214886513,-0.4705166789562855,-0.024520527473452597,1.2414393429980017,0.654380581097643
2026-07-08 06:15:00,2026,1620,-1,INSIDE,FVG,1,0.7651306877840534,0.7651306877840534,1.2506111587570083,2.559172190473133,1.7947628704022793,0.48548047097295505,0.28912437574956396,-0.25635389045184614,0.03898220056841495,0.9382233204976038,0.2712632318525528
2026-07-08 15:30:00,2026,1620,-1,REJECT,FVG,1,0.7282582139177125,0.7282582139177125,-0.1271524022987323,1.174008646788268,0.4459894411455474,-0.8554106162164449,0.4742651614137477,-0.6879101725893149,-0.016270844173512933,1.769839994362212,0.8393734506027009
2026-07-08 20:15:00,2026,1620,-1,REJECT,OB,0,1.0267831211418739,-0.2670919296837514,-0.2670919296837514,0.0342181831623317,0.0,-1.2938750508256254,0.41605333243927356,-0.566438560968171,0.0964266291882181,1.1923164124493855,0.4960672167216062
2026-07-09 05:45:00,2026,1621,1,ACCEPT,FVG,0,0.4572597486071448,-0.1507396966537008,-0.1507396966537008,0.0247232305021237,0.0,-0.6079994452608457,0.44545578610618175,-0.24516816024389693,0.06773241607626523,0.7757083080197082,0.3455437541380153
2026-07-09 07:15:00,2026,1621,1,ACCEPT,FVG,0,0.5321495342058046,0.0964926083674929,0.0964926083674929,0.1008131729212573,0.0,-0.43565692583831167,0.3768385709626003,-0.18941582377542687,0.0824978345823375,0.8212489512690594,0.30947828120076654
2026-07-09 09:15:00,2026,1622,-1,INSIDE,FVG,0,0.854215351429082,-0.3928336029720144,-0.3928336029720144,0.0172568757864522,0.0,-1.2470489544010965,0.22049462188914343,-0.18705930299901039,0.042536158211860325,0.9699582272191687,0.21387057255895447
2026-07-10 01:15:00,2026,1623,1,REJECT,FVG,0,0.34950939684433285,-0.6199256637453566,-0.6199256637453566,0.2713837669614916,0.0,-0.9694350605896894,0.5747788446432334,-0.4268757066449668,0.019374026136830008,0.9642462514740907,0.5542283463738465
2026-07-10 05:45:00,2026,1623,1,REJECT,OB,1,0.13103763936671997,0.13103763936671997,-0.6749905266631907,0.224181931528489,0.09461113140842105,-0.8060281660299107,0.5097024846765972,-0.29720668526805905,-0.07892948895306087,0.7709261320593064,0.39294296501274695
2026-07-10 20:30:00,2026,1624,-1,REJECT,FVG,0,0.7944763125654232,0.3293279567711466,0.3293279567711466,0.1879092258886399,0.0,-0.4651483557942765,0.3235861035964547,-0.3050983476931508,0.05070873223331657,1.0221838508149055,0.330764489444415
2026-07-13 03:30:00,2026,1625,1,ACCEPT,FVG,0,1.1259182654106838,-0.0116953206534764,-0.0116953206534764,0.0650552211349622,0.0,-1.1376135860641605,0.14335820336842278,-0.09386684299548959,0.08099935864117626,1.041535038247316,0.14931259182839673
2026-07-13 05:45:00,2026,1626,-1,REJECT,FVG,1,0.2858251879035913,0.2858251879035913,1.3868628989134295,2.1810660492335967,1.894996566297604,1.1010377110098382,0.6716679828898242,-0.586666410005138,-0.000641738349462212,1.5007702718475806,1.0080193412728775
2026-07-13 11:30:00,2026,1626,-1,REJECT,OB,1,0.736491156739176,0.736491156739176,1.41614149217321,2.210205326285839,1.4724944094328143,0.6796503354340344,0.3447792125665305,-0.27915165305288847,0.07102087515607802,1.029988492489928,0.3551186213932652
2026-07-13 15:30:00,2026,1626,-1,REJECT,FVG,1,0.29804189157903754,0.29804189157903754,1.0476550219936938,1.839915193312944,1.541629604357314,0.7496131304146563,0.6093293739654797,-0.5379554527917507,-0.028557714309494747,0.8503255264786823,0.5181283207161225
2026-07-13 21:30:00,2026,1626,-1,INSIDE,FVG,1,0.21464651562809436,0.21464651562809436,-0.5019724383537256,0.2827228936094629,0.07074128957494825,-0.71661895398182,0.7802938744677825,-0.8837022519918353,-0.026667436588766247,1.0326505505291126,0.8057708990436498
2026-07-14 03:00:00,2026,1626,-1,ACCEPT,FVG,1,0.34616270347361755,0.34616270347361755,-0.3624042308774823,0.4237341776413696,0.0792683501651755,-0.7085669343510999,0.7475230548693815,-0.7652904576716539,0.06554640469189041,0.9121467548966652,0.6818507287095482
2026-07-14 05:00:00,2026,1626,-1,INSIDE,OB,0,0.6564082586677061,-0.1348850798597575,-0.1348850798597575,0.1046941955590226,0.0,-0.7912933385274636,0.2973672805729746,-0.3889081171494927,-0.07806522913433475,1.2933365956425757,0.38459598631174163
2026-07-14 18:30:00,2026,1627,1,INSIDE,OB,0,0.4614676899983037,-1.2517250562913058,-1.2517250562913058,0.046969953756387,0.0,-1.7131927462896093,0.4257889850939033,-0.670028707137633,-0.18825000456371435,1.906739740839128,0.8118687790901045
2026-07-14 23:30:00,2026,1627,1,INSIDE,FVG,0,1.149161809487641,-0.4768647071533678,-0.4768647071533678,0.2200728207784847,0.0,-1.6260265166410088,0.1613194617710546,-0.25430595219848584,-0.02789928827025312,0.6512900941109595,0.10506576743879949
2026-07-14 23:30:00,2026,1627,1,INSIDE,FVG,0,0.29278623357138023,-0.4768647071533678,-0.4768647071533678,0.2200728207784847,0.0,-0.7696509407247479,0.36412410041530585,-0.33655993517258675,-0.10739982762887051,0.6465596322610967,0.2354279444619228
2026-07-15 15:45:00,2026,1628,-1,ACCEPT,FVG,0,1.1057582322939985,-0.1252304504043833,-0.1252304504043833,0.0508673009379587,0.0,-1.2309886826983818,0.09751675459918785,-0.06351464323574163,0.05050905282677876,1.5521603622413684,0.15136164114327805
2026-07-15 18:30:00,2026,1629,1,REJECT,OB,1,0.6052855810583224,0.6052855810583224,-0.3850060719102041,0.7750843693599929,0.17004032285118023,-0.9902916529685265,0.5556784028875369,-0.4822462100128041,0.12207171873902195,1.120344206653339,0.6225510794374319
2026-07-16 00:00:00,2026,1629,1,REJECT,FVG,0,0.38814456955659393,-0.7671506672153332,-0.7671506672153332,0.1466965225709545,0.0,-1.1552952367719271,0.4947353308499507,-0.5356475088622918,-0.07861492930916078,0.9269934139155456,0.4586163933292327
2026-07-16 07:15:00,2026,1629,1,REJECT,FVG,0,0.5871522286690573,-0.0901457034163564,-0.0901457034163564,0.0002410312925513,0.0,-0.6772979320854137,0.20993283096885781,-0.22785997446740383,-0.056762155388800736,0.7854560940595295,0.1648930214276585
2026-07-16 13:00:00,2026,1630,-1,REJECT,FVG,1,0.21083427024021698,0.21083427024021698,0.9083765519409124,1.5113819074215056,1.298371595401294,0.6975422817006953,0.5929474210079624,-0.36591684746787834,-0.023933759659403475,0.6604029301648955,0.3915842142673763
2026-07-16 18:30:00,2026,1630,-1,INSIDE,FVG,1,0.9075938571129695,0.9075938571129695,0.4159000573951201,1.0159740810075826,0.10813884254963106,-0.49169379971784927,0.5094846483918253,-0.6210148393756738,0.157787824883529,1.3171926222886026,0.671089420031015
2026-07-17 02:00:00,2026,1630,-1,ACCEPT,OB,0,0.21755683672359397,-0.383141762452105,-0.383141762452105,0.1808139042991652,0.0,-0.6006985991756989,0.7147509749429254,-0.5763495519746049,-0.008904186639150186,0.9836521600650595,0.7030663404112157
2026-07-17 08:45:00,2026,1630,-1,REJECT,FVG,0,0.38762317507203387,-0.1769847226593696,-0.1769847226593696,0.120088129191574,0.0,-0.5646078977314034,0.42865870501199654,-0.38228521866208226,-0.0522572836261497,0.9589956601294332,0.41108183778320756
2026-07-17 11:30:00,2026,1630,-1,REJECT,OB,0,0.4198242258431626,-0.0416434641551412,-0.0416434641551412,0.1094351499891044,0.0,-0.46146768999830384,0.44527644614884987,-0.38038774350148336,-0.02407220162592702,0.9543993950830779,0.42497157084920506
2026-07-17 15:45:00,2026,1631,1,ACCEPT,FVG,0,0.792795845991842,-0.0832738232125795,-0.0832738232125795,0.0852104237524051,0.0,-0.8760696692044216,0.15030783483443372,0.0442876785080345,0.1567943205184153,1.1791122856034415,0.17722981467573373
2026-07-17 22:15:00,2026,1633,1,REJECT,FVG,0,0.43504415151519116,0.0670411719075566,0.0670411719075566,0.3038556712356641,0.0,-0.36800297960763456,0.4665704897920743,-0.414656251343141,-0.018211118205006066,0.8520098762776671,0.3975226652825558
2026-07-20 06:00:00,2026,1634,-1,REJECT,OB,0,0.9626100804420902,0.0766854047285164,0.0766854047285164,0.0855054512787764,0.0,-0.8859246757135737,0.026869992144025908,-0.13641874259210784,-0.10688784675112091,0.940867143025039,0.0252810927416549
2026-07-20 14:15:00,2026,1635,1,REJECT,OB,1,0.2119600367866697,0.2119600367866697,-0.3033263562358693,0.4565859888602875,0.24413473530238614,-0.5152863930225391,0.7410793711819301,-0.5344969203352608,0.018686932063036454,0.9767425921882683,0.7238437860254903
2026-07-20 18:45:00,2026,1635,1,INSIDE,OB,0,0.6841337763205894,-0.0765068696280878,-0.0765068696280878,0.1357935435199442,0.0,-0.7606406459486773,0.28818375926512646,-0.1923950180465925,0.06020634501827096,1.2813206439461156,0.3692557999964042
2026-07-20 21:15:00,2026,1636,-1,INSIDE,FVG,1,0.18024666632829733,0.18024666632829733,-0.3990117983377328,0.2222219173910598,0.042222164304302263,-0.5792584646660301,0.6514076681807903,-0.3756039266430806,-0.013518588018685704,0.9336264571895811,0.6081714334297575
2026-07-21 03:45:00,2026,1636,-1,INSIDE,OB,0,0.5632569153360084,-0.0626669945539393,-0.0626669945539393,0.0121852489410384,0.0,-0.6259239098899477,0.3667146083787449,-0.2380390369434934,0.05580789439215758,1.1366771918986733,0.4168361312801735
2026-07-21 11:45:00,2026,1637,1,REJECT,FVG,1,0.5436422540227265,0.5436422540227265,1.735779152926293,2.5795675874149566,2.0374161256793117,1.192136898903567,0.6159582747405653,-0.6344264121420505,0.09121473099472452,0.9551198592164392,0.5883139806534095
2026-07-21 16:45:00,2026,1637,1,INSIDE,OB,1,0.47820161798160915,0.47820161798160915,2.1226397545055185,2.965941362979333,2.488235804767414,1.6444381365239096,0.20141993048630588,-0.21082509024861248,-0.07204137857367308,0.8439385793893189,0.16998604999530836
2026-07-21 22:45:00,2026,1637,1,INSIDE,OB,1,0.09364239176211696,0.09364239176211696,1.2057077267359668,2.048241521399842,1.9548468608328686,1.11206533497385,0.7054138331559684,-0.4088752428456301,-0.05439235198850892,0.9439575919238347,0.6658807432556696
2026-07-22 02:00:00,2026,1637,1,ACCEPT,FVG,1,0.14367618360825843,0.14367618360825843,1.2769840112078363,2.1194714257796896,1.9760429597293816,1.133307827599578,0.7578628325681682,-0.38978599227722127,0.01450516340732673,0.9190159433081947,0.6964880259708556
2026-07-22 07:45:00,2026,1637,1,REJECT,FVG,1,0.35796125365985726,0.35796125365985726,0.1168084090889969,0.9726498064357728,0.6134325483771046,-0.24115284457086034,0.7630240012329083,-0.7124517211898,0.10429906985160589,0.8614075610853031,0.6572746439515889
2026-07-22 10:45:00,2026,1637,1,REJECT,FVG,1,0.5738522745774138,0.5738522745774138,0.493197349909608,1.3450836815716811,0.7714818881267814,-0.08065492466780577,0.5798709272360092,-0.5105807687822265,0.11825042559609553,1.108227598785067,0.6426289652960328
2026-07-22 20:45:00,2026,1637,1,INSIDE,FVG,0,0.6438792736886808,-0.2154684270131391,-0.2154684270131391,0.0785588286062059,0.0,-0.85934770070182,0.5850047050418907,-0.5648813762626115,0.1422492912283884,1.0929844618857807,0.6394010527408608
2026-07-23 08:15:00,2026,1638,-1,INSIDE,FVG,1,0.3188712642988615,0.3188712642988615,1.7594493470425134,2.634545244146533,2.3146453628660635,1.440578082743652,0.647223203508609,-0.4537564771213732,0.04630612480025226,0.7043499481834885,0.45587162985444013
2026-07-23 21:30:00,2026,1638,-1,INSIDE,FVG,1,0.11370782183759684,0.11370782183759684,-0.2968318082594309,0.5838210260181218,0.46985418864102585,-0.41053963009702776,0.710561135046905,-0.7122477990669411,-0.12535583557864144,0.9753202022176864,0.6930246299219762
2026-07-24 03:30:00,2026,1638,-1,REJECT,OB,1,0.15752966678749386,0.15752966678749386,-0.2409735991947323,0.6423363145740946,0.48506659773180033,-0.39850326598222624,0.7272999295577711,-0.47222672865494864,-0.014204946611104372,1.208859666562338,0.879203550336019
2026-07-24 10:15:00,2026,1638,-1,ACCEPT,FVG,0,0.626952197336367,-0.2783199006866952,-0.2783199006866952,0.0370205418138256,0.0,-0.9052720980230622,0.34349552152128504,-0.25159188508273417,0.050184072687253806,1.2996678060417335,0.44643007084072955
2026-07-24 19:45:00,2026,1639,1,INSIDE,OB,1,0.3877255931023408,0.3877255931023408,0.3933486852675,1.2938467305735477,0.9071922026455218,0.0056230921651592245,0.6139156929990516,-0.44514993655188034,0.06616542141774295,0.8720366966603179,0.5353570129508228
2026-07-27 06:30:00,2026,1639,1,INSIDE,OB,0,0.8184887942850978,-0.0874453840048192,-0.0874453840048192,0.5515785760303983,0.0,-0.9059341782899171,0.4657566952615085,-0.6077668641222821,0.05652125793556606,1.360403461035117,0.6336170202340344
2026-07-27 12:30:00,2026,1639,1,ACCEPT,FVG,0,0.3970014013414824,-0.2495204146882251,-0.2495204146882251,0.3425803730561405,0.0,-0.6465218160297075,0.4469921280212038,-0.29377047407243184,0.014999116496031528,0.8365005402814403,0.3739091565912877
2026-07-27 22:30:00,2026,1640,-1,ACCEPT,FVG,1,0.41605862741129873,0.41605862741129873,1.3095301498705794,2.067419696972004,1.6516349725412316,0.8934715224592804,0.5807400315355215,-0.37117246960602635,0.08600414250155816,0.9748952798232304,0.5661607155483739
2026-07-28 11:15:00,2026,1640,-1,REJECT,OB,1,0.2569608857599993,0.2569608857599993,0.1744252693488619,0.9376046024305318,0.6789930043422985,-0.08253561641113742,0.6756616606826911,-0.46865854245196253,0.02161468543735634,1.040440587478228,0.7029858151772143
2026-07-28 15:30:00,2026,1640,-1,INSIDE,FVG,1,0.47885353703494626,0.47885353703494626,-0.0973100758383286,0.6616535382566698,0.184724211760904,-0.5761636128732749,0.5909471329980233,-0.5264857674984905,0.06761661220577056,1.092990151417405,0.6458993963751908
2026-07-29 06:45:00,2026,1640,-1,REJECT,FVG,0,0.4359602062607538,-0.3273148417656528,-0.3273148417656528,0.1530410591237952,0.0,-0.7632750480264066,0.4601391381101253,-0.3681316659599735,0.0018624750850289862,0.8097646460161515,0.37260440628992264
2026-07-29 19:45:00,2026,1642,-1,REJECT,OB,0,0.5766488399924812,-1.3213952187423033,-1.3213952187423033,0.0503467260107918,0.0,-1.8980440587347844,0.5228962193980018,-0.42581729364969995,0.0983684577063286,0.8971957436673043,0.4691402624236121
2026-07-30 03:45:00,2026,1643,1,ACCEPT,FVG,0,0.9252595030561719,-0.1315599117508746,-0.1315599117508746,0.7288690368548562,0.0,-1.0568194148070464,0.4855619073297042,-0.5601655872722391,0.1611002527830223,1.2264473454396696,0.5955161122911385
2026-07-30 06:00:00,2026,1643,1,REJECT,FVG,0,0.794440665080836,-0.0646195756285882,-0.0646195756285882,0.2492469345674082,0.0,-0.8590602407094242,0.30370589391501557,-0.3388823965446252,0.005314496980837746,1.4507615606673037,0.44060483664000655
2026-07-30 19:45:00,2026,1645,1,ACCEPT,FVG,0,0.32307578731074904,-0.7909404664497084,-0.7909404664497084,0.2463902748128384,0.0,-1.1140162537604572,0.6475377885151317,-0.5902078925114832,0.0011778018075666308,1.029323788956776,0.6665260499670868
2026-07-31 02:15:00,2026,1645,1,ACCEPT,FVG,0,0.2834497022528847,-0.7562360322594143,-0.7562360322594143,0.0746796962840745,0.0,-1.0396857345122987,0.6734246572982151,-0.48126522644678066,0.03371266234362047,0.8200202068135968,0.5522218267510579
2026-07-31 05:45:00,2026,1645,1,INSIDE,OB,0,1.0111653190567806,0.1248938650506675,0.1248938650506675,0.1642899164424992,0.0,-0.8862714540061132,0.07683984542446397,-0.02397978777001808,0.05556060223044338,1.318137816588423,0.10128550607479486
2026-07-31 23:45:00,2026,1646,-1,ACCEPT,FVG,0,0.40811395181712945,-0.1714361029432577,-0.1714361029432577,0.2437386438880219,0.0,-0.5795500547603871,0.4500072978831252,-0.2859043076031629,0.02640897400011266,0.9446102961798605,0.4250815269364776
2026-08-03 06:45:00,2026,1647,1,ACCEPT,FVG,0,0.5212171817028916,-0.3692191352432861,-0.3692191352432861,0.3249808978408662,0.0,-0.8904363169461776,0.4568848703633382,-0.3928939195803096,0.02474961242715404,1.125090553856064,0.5140368518455442
2026-08-03 15:30:00,2026,1647,1,REJECT,OB,0,0.6090817414079108,-0.0926240124645735,-0.0926240124645735,0.05821261464491,0.0,-0.7017057538724842,0.31324638903274266,-0.22577054525276452,0.035743918919420165,1.020907468787808,0.31979557813433823
2026-08-03 19:00:00,2026,1648,-1,REJECT,FVG,0,0.4902192146032493,-0.3636462206688074,-0.3636462206688074,0.1839757122720591,0.0,-0.8538654352720567,0.664664648028963,-0.5438785310694483,0.14344968308563935,0.9922006945907833,0.6594807254442756
2026-08-04 01:45:00,2026,1648,-1,INSIDE,FVG,0,0.6688280518668581,0.1188389757394308,0.1188389757394308,0.1237188370620667,0.0,-0.5499890761274272,0.18793457401992195,-0.11962398653554163,0.02855341143675251,0.8525961053575949,0.16023228587142407
2026-08-04 05:15:00,2026,1649,1,REJECT,FVG,1,0.32041893827959494,0.32041893827959494,0.6984960740472745,1.3797807458593137,1.0596486642836327,0.3780771357676796,0.568295249124854,-0.44254480397537005,-0.008956133997353843,0.8183831325471799,0.465083246190478
2026-08-04 14:15:00,2026,1649,1,REJECT,FVG,1,0.4699209720772301,0.4699209720772301,0.7493256165963496,1.4378481499294742,0.9673481008687852,0.2794046445191194,0.4860232741725245,-0.3123138487035183,0.06787048006409896,0.747858941279856,0.3634768512600333
2026-08-05 02:15:00,2026,1649,1,REJECT,OB,0,0.9550456763778685,0.2657417495632174,0.2657417495632174,0.2912715246304296,0.0,-0.689303926814651,0.21689035838467893,-0.27782409486952725,-0.01042652834204244,0.8143556069478582,0.1766258794434937
2026-08-05 12:00:00,2026,1651,1,REJECT,FVG,1,0.5476511881221531,0.5476511881221531,2.336567840174289,4.155893468827581,3.6056357969967525,1.7889166520521362,0.6579033088479278,-0.9153234981792778,0.04717238869919277,1.1823807240642934,0.7778921906799073
2026-08-05 20:00:00,2026,1651,1,REJECT,FVG,1,0.6588529046461997,0.6588529046461997,-0.0300397641750126,1.7836109978914398,1.1230250299274391,-0.6888926688212124,0.6824133342652364,-1.0562905127437034,0.11414622546041248,1.5996226498200916,1.0916038260299215
2026-08-06 10:45:00,2026,1651,1,ACCEPT,FVG,1,0.390887046421468,0.390887046421468,-0.3987280198637868,0.8627974850803712,0.4713296258113104,-0.7896150662852548,0.45635114376190294,-0.3388471689390903,-0.005832125117104681,1.2119956977430706,0.5530956228995558
2026-08-06 14:30:00,2026,1651,1,REJECT,FVG,0,0.5946460520977837,-0.6685404245208942,-0.6685404245208942,0.3243788395739111,0.0,-1.2631864766186778,0.4136281729288324,-0.43545781434711484,-0.009377834142585473,0.6830809042252468,0.2825415063772636
2026-08-06 22:15:00,2026,1652,-1,ACCEPT,FVG,0,0.6998004487885879,-0.5110575891567876,-0.5110575891567876,0.5165746881306542,0.0,-1.2108580379453755,0.5398724289077576,-0.4617165769369941,0.1653544409591902,0.9733497897688647,0.5254847151793721
2026-08-07 01:30:00,2026,1652,-1,REJECT,FVG,1,0.27092095627547574,0.27092095627547574,-0.6622836293881688,0.3683241849041229,0.0991529872267516,-0.9332045856636445,0.6268966731886337,-0.48673861861960055,-0.011764351708362736,0.946741318413295,0.5935089828835156
2026-08-07 06:15:00,2026,1652,-1,REJECT,FVG,0,0.7330170295413151,-0.2991549213640925,-0.2991549213640925,0.0825154412729451,0.0,-1.0321719509054077,0.4451934063575185,-0.3170460982855754,0.15043508248210832,0.8302557437998058,0.3696243827301307
2026-08-07 18:45:00,2026,1653,1,INSIDE,FVG,0,0.6446124187171752,-0.291534706627328,-0.291534706627328,0.0676106257193302,0.0,-0.9361471253445033,0.5006261059191804,-0.7795429850661711,-0.0665736110463564,1.3703749469756332,0.6860454733536147
2026-08-07 23:00:00,2026,1653,1,REJECT,FVG,0,0.41548981953765496,-0.1301291032023934,-0.1301291032023934,0.2042824946060038,0.0,-0.5456189227400484,0.6943381320279658,-0.6710143494655739,0.08338692568072525,1.2992009502307036,0.9020847609121448
2026-08-10 02:45:00,2026,1653,1,ACCEPT,FVG,0,0.2580358350890236,-0.0777006784312788,-0.0777006784312788,0.1438042406788189,0.0,-0.3357365135203024,0.5307656396737893,0.007817516619300746,0.14062480247998313,0.89643673121087,0.4757978150682181
2026-08-10 12:45:00,2026,1655,1,REJECT,FVG,0,0.5172054761793352,-0.3373458190135872,-0.3373458190135872,0.0337055254139296,0.0,-0.8545512951929224,0.6494925942446916,-0.5342201261158566,0.14867301597413493,0.9994075690916494,0.6491078147571163
2026-08-11 07:00:00,2026,1657,1,REJECT,FVG,0,0.5320371388096089,-1.3843409086147211,-1.3843409086147211,0.1012437085302837,0.0,-1.91637804742433,0.5240132516088485,-0.5505426648833682,0.016743498175857574,1.0507702711989984,0.5506175465048987
2026-08-11 14:15:00,2026,1658,-1,REJECT,FVG,0,1.0083179700088682,0.2270384833132435,0.2270384833132435,0.6404691741547864,0.0,-0.7812794866956246,0.1969286316202251,-0.3141556969692324,-0.053722767377453795,1.206229441169474,0.23754111326953334
2026-08-12 04:15:00,2026,1660,-1,ACCEPT,FVG,0,0.8182697411482757,-0.3132988371373466,-0.3132988371373466,0.1509344257490707,0.0,-1.1315685782856222,0.19447895567214826,-0.14379005197312184,0.043310331887290554,1.1241967358954927,0.2186326071669933
2026-08-12 13:45:00,2026,1661,1,ACCEPT,FVG,1,0.2800574877090937,0.2800574877090937,-0.1079845485523905,0.7737429440990703,0.4936854563899765,-0.38804203626148426,0.5908281078035367,-0.4449505893151755,-0.016595439024645747,1.0130437923459923,0.5985347469539015
2026-08-12 17:45:00,2026,1661,1,REJECT,FVG,0,0.4690373557408638,-0.408187692581406,-0.408187692581406,0.2166131549790014,0.0,-0.8772250483222699,0.6779660352202646,-0.817924709703694,0.0545918592846355,1.2114610453759787,0.8213294417573492
2026-08-13 13:30:00,2026,1664,-1,ACCEPT,FVG,1,0.6817903407318505,0.6817903407318505,0.3960205213306597,2.2405882650786206,1.557327914987705,-0.28576981940119084,0.42778550002064447,-0.38071271224521325,0.07381068754604131,1.2351674546169642,0.5283867271825448
2026-08-13 21:15:00,2026,1664,-1,INSIDE,FVG,1,0.31846590163072674,0.31846590163072674,-0.3459402326619583,1.50517974843097,1.1876001155431783,-0.6644061342926849,0.6057086446403669,-0.6191664761883903,-0.0512344394486485,1.3117912983138529,0.794563329352711
2026-08-14 01:15:00,2026,1664,-1,REJECT,OB,1,0.30647244133348656,0.30647244133348656,-0.5803729323802859,1.275339908041808,0.9694596839862737,-0.8868453737137724,0.6969099845240032,-0.658197345562786,0.0140906606938688,1.1192135507512633,0.7799910983331175
2026-08-14 11:15:00,2026,1664,-1,INSIDE,FVG,0,1.0842341262937656,-0.7675314060248227,-0.7675314060248227,0.1488975475891125,0.0,-1.8517655323185882,0.15456570333226827,-0.24003069041493968,-0.03534476762218133,1.2434425798172362,0.19219357690274122
2026-08-17 02:30:00,2026,1665,1,ACCEPT,FVG,1,0.6588357223562274,0.6588357223562274,0.3084602732357772,1.2326603837632868,0.5735294841120904,-0.35037544912045027,0.7717671890731619,-0.2641508288381289,0.4481799073294715,1.036742681441641,0.8001239850483878
2026-08-17 02:30:00,2026,1665,1,ACCEPT,FVG,1,0.6455527440829216,0.6455527440829216,0.3084602732357772,1.2326603837632868,0.5868124623853963,-0.33709247084714444,0.7087319589954523,-0.17960921443524844,0.40520943691385836,0.9986316900856795,0.707762194029363
2026-08-17 08:15:00,2026,1665,1,REJECT,FVG,0,0.8481663001567954,-0.0778052797144213,-0.0778052797144213,0.6952182788170438,0.0,-0.9259715798712167,0.4509165704310211,-0.505728335209115,0.10476519049503924,0.9393100602666864,0.42355047094681
2026-08-17 15:45:00,2026,1665,1,INSIDE,FVG,0,0.8143471768410764,0.2043260345668746,0.2043260345668746,0.2395138755415041,0.0,-0.6100211422742018,0.23396290303352507,-0.21330532604408997,0.02712723684059154,1.0907282023430385,0.25518993664071543
2026-08-17 15:45:00,2026,1665,1,INSIDE,FVG,0,0.9766843591525265,0.2043260345668746,0.2043260345668746,0.2395138755415041,0.0,-0.7723583245856519,0.23700490122955656,-0.2974209702286905,0.004548237517356446,0.8954737733498283,0.21223167320643435
2026-08-17 21:45:00,2026,1667,1,INSIDE,FVG,1,0.813193974812638,0.813193974812638,-0.2307832121342103,1.0280611033513865,0.21368815938352997,-1.0439771869468484,0.3334954954405994,-0.32252784134264434,0.056230268418758944,1.0900225502463408,0.3635176104358291
2026-08-18 07:00:00,2026,1667,1,INSIDE,OB,0,1.3020822269681172,0.0470596693731262,0.0470596693731262,0.1038253955544877,0.0,-1.255022557594991,0.1140674420724774,-0.09986282604363544,0.0600534600795789,1.2005626673520207,0.1369451125125556
2026-08-18 11:45:00,2026,1668,-1,ACCEPT,FVG,1,0.3064637681631227,0.3064637681631227,1.1977283788248991,2.10833009149314,1.80128035054193,0.8912646106617765,0.5475921289781444,-0.3887071377926026,-0.008037021396641614,0.7038228827641503,0.38540787079635597
2026-08-18 13:00:00,2026,1668,-1,INSIDE,OB,1,0.19001415657595286,0.19001415657595286,1.1037242057900325,2.014208706049846,1.824487781197011,0.9137100492140794,0.7189915275138388,-0.4651409776092819,0.005910013077094045,1.1242062118561686,0.808294741503013
2026-08-18 15:00:00,2026,1668,-1,INSIDE,FVG,1,0.26244239218439164,0.26244239218439164,1.1796712220758006,2.09103541750494,1.8280065618743404,0.917228829891409,0.6595165428849935,-0.44462969689082665,0.021696042866531484,1.2173793684394414,0.8028818324526972
2026-08-18 21:30:00,2026,1668,-1,ACCEPT,FVG,1,0.25786910073267555,0.25786910073267555,0.1340919323809966,1.0497482706397572,0.7915844623633806,-0.12377716835167892,0.6225480577812287,-0.6694907360586437,-0.09216467079989069,1.1606530559520492,0.7225623057407959
2026-08-19 08:15:00,2026,1668,-1,REJECT,FVG,0,0.4229938134564709,-0.49640351656157,-0.49640351656157,0.1130746233312526,0.0,-0.9193973300180409,0.7485746345368373,-0.875705230101112,0.09646793180334573,1.1067142265933396,0.8284581977088277
2026-08-19 10:15:00,2026,1668,-1,REJECT,FVG,0,0.4522984933250373,-0.157475653435151,-0.157475653435151,0.0864340052689243,0.0,-0.6097741467601883,0.5821679502506741,-0.5739851502936638,0.023484294887628793,0.8821212691472969,0.5135427311320051
2026-08-20 03:00:00,2026,1669,1,INSIDE,OB,0,0.47710786530107585,-0.6602252845544533,-0.6602252845544533,0.2742338162731775,0.0,-1.137333149855529,0.8211067580070808,-0.8764963075214094,0.23495722644971773,1.1561991368366566,0.9493629248585324
2026-08-20 10:00:00,2026,1669,1,REJECT,FVG,0,0.22197910900463438,-0.1252870137144242,-0.1252870137144242,0.1450381429352885,0.0,-0.34726612271905855,0.4452551856594548,-0.3088352724104564,-0.07248741646277146,0.8773613696207084,0.3906496995209021
2026-08-20 16:45:00,2026,1670,-1,INSIDE,OB,0,1.0691283601212183,-0.6900845112065678,-0.6900845112065678,0.2179058632216065,0.0,-1.759212871327786,0.3771252139357319,-0.43416726116876275,0.13276342161887034,1.3102650008489383,0.4941339687576578
2026-08-21 06:15:00,2026,1671,1,REJECT,FVG,1,0.32408726327937437,0.32408726327937437,3.554410943561481,4.344117249653658,4.019736959915616,3.2303236802821065,0.6311496965245704,-0.5632935428654693,-0.00322341636542256,1.0605312192734688,0.6693539571992825
2026-08-21 17:45:00,2026,1671,1,INSIDE,OB,1,0.6397382376170649,0.6397382376170649,2.07182347157527,2.849954062635985,2.2136973936590367,1.4320852339582057,0.5286785279857433,-0.462742746725607,0.12011527720895013,1.7056575717862301,0.9017445342996815
2026-08-21 21:45:00,2026,1671,1,ACCEPT,FVG,1,0.3355459658728145,0.3355459658728145,0.9611843025865008,1.7399751983568612,1.4055872858606557,0.6256383367136864,0.7024764559789411,-0.7269965654117978,0.019414546291909834,1.1187830424736531,0.7859187466862291
2026-08-24 10:45:00,2026,1671,1,INSIDE,OB,1,0.725967458294088,0.725967458294088,0.5514922182178369,1.3321459457895417,0.6050211061350812,-0.17447524007625112,0.5601150914093782,-0.5253429094651917,0.1755349115537999,1.3676808567925112,0.7660586881211942
2026-08-24 21:15:00,2026,1671,1,REJECT,OB,0,1.4205530681435834,0.6361771784984186,0.6361771784984186,0.6973200652190734,0.0,-0.7843758896451649,0.051758470379726945,-0.11834048413174009,-0.038689707788744976,1.3895530697917515,0.07192114140387502
2026-08-24 21:15:00,2026,1671,1,REJECT,OB,0,1.3859054323352153,0.6361771784984186,0.6361771784984186,0.6973200652190734,0.0,-0.7497282538367968,0.05932777285797895,-0.06410811073438388,0.02191796338984258,1.427101870255339,0.08466677560370571
2026-08-25 10:30:00,2026,1674,-1,REJECT,FVG,1,0.3086342741432234,0.3086342741432234,-0.7010489342712742,0.8412587211254977,0.5323365418757912,-1.0096832084144978,0.6641473519099752,-0.5771473924654837,0.011142155783093632,1.303592350251676,0.8657774073897515
2026-08-25 15:45:00,2026,1674,-1,REJECT,FVG,1,0.5237051010734437,0.5237051010734437,-0.5877677656589652,0.9500234609160202,0.42718018941098396,-1.1114728667324087,0.4039227962126722,-0.35656443028666684,-0.0010034997588724837,1.1288633797538525,0.45597365289226377
2026-08-25 15:45:00,2026,1674,-1,REJECT,FVG,1,0.41137998065670556,0.41137998065670556,-0.5877677656589652,0.9500234609160202,0.5395053098277223,-0.9991477463156707,0.5382765010978287,-0.4339162221369644,0.021086860294092874,1.1509279194515987,0.6195174534982101
2026-08-25 21:00:00,2026,1674,-1,INSIDE,FVG,0,1.246648599295642,-0.3057926696714592,-0.3057926696714592,0.1162301995623051,0.0,-1.5524412689671012,0.08699801001050471,-0.14658899356074845,-0.025380095510416714,1.3395376767501728,0.11653711221135975
2026-08-25 22:15:00,2026,1674,-1,INSIDE,FVG,0,0.8098433356038198,0.0953609367980163,0.0953609367980163,0.1313024448920955,0.0,-0.7144823988058036,0.13002926993998642,-0.20404307960419607,-0.07220816923262781,1.0712395274410726,0.13929249368401872
2026-08-26 23:45:00,2026,1676,-1,REJECT,FVG,0,0.253715230281815,-0.3776897178058601,-0.3776897178058601,0.0138390125608396,0.0,-0.631404948087675,0.6708438735211305,-0.6159672512675578,-0.03254608661150746,1.2573371846408798,0.8434769472666407
2026-08-27 06:45:00,2026,1677,1,ACCEPT,FVG,0,0.3972916315269447,-0.8769909158815427,-0.8769909158815427,0.0104093877256138,0.0,-1.2742825474084871,0.529970310206654,-0.40370101966077215,0.020801304162432338,0.7484149651417832,0.39663771123949293
2026-08-27 22:00:00,2026,1678,-1,ACCEPT,FVG,0,1.3087343485888463,0.2209102051606555,0.2209102051606555,0.297334753943406,0.0,-1.0878241434281908,0.07723693839607325,-0.03382267652938442,0.06987231771288774,1.0519338558592688,0.08124815042174614
2026-08-28 03:45:00,2026,1679,1,REJECT,FVG,0,0.5874183740233588,-0.0666799235378,-0.0666799235378,0.0,0.0,-0.6540982975611589,0.28813476483903533,-0.26825817627924275,-0.021708014679525683,0.8978030940399546,0.2586882833729606
2026-08-28 07:30:00,2026,1680,-1,ACCEPT,FVG,1,0.27737775819950816,0.27737775819950816,-0.4968002883344815,0.3765648151856005,0.0988987225181031,-0.7741780465339896,0.7203840372974153,-0.5007308835794684,0.05980616124127899,1.010069414322817,0.7276378826405067
2026-08-28 19:15:00,2026,1681,1,INSIDE,FVG,0,3.8816073766475685,-0.5236584445105025,-0.5236584445105025,0.1668420333973346,0.0,-4.40526582115807,2.825779722237426e-06,0.5888852007811054,0.5888945052886609,1.4476092244085004,4.090624792057388e-06
