block,entry_ts,direction,entry,sl,sl_dist,atr180,sl_atr180,topology,d_same,d_opp,policy,status,exit_ts,exit_price,R,year,price_pnl,entry_spread_price,exit_spread_price,spread_cost,net_spread_0x,net_spread_1x,net_spread_2x,net_spread_3x,route_id,child_order,next_resolution,next_ts,continued_next,route_start_ts,route_start_ref,route_side,route_progress_price,route_progress_atr180,order_band,MFE,MAE,hold_h,MFE_ATR180,MAE_ATR180,fav_1h_S,adv_1h_S,ret_1h_S,fav_4h_S,adv_4h_S,ret_4h_S,fav_12h_S,adv_12h_S,ret_12h_S,fav_24h_S,adv_24h_S,ret_24h_S,route_progress_band
FULL_2022_202608,2022-02-14 16:33:00,UP,1865.28,1850.76,14.519999999999982,7.288200847355943,1.9922612321074595,NO_SAME_TARGET,,44.39999999999986,MULTI_CHILD_ERA4,AMBIGUOUS,2022-02-15 13:46:00,,,2022,,0.24,0.24,0.24,,,,,14,2.0,CHALLENGE_OPENS,2022-02-15 13:46:00,False,2022-02-11 20:46:00,1853.78,UP,11.5,1.5778928491209236,2,14.170000000000073,14.680000000000064,21.216666666666665,1.9442384062646612,2.014214523921327,0.5090419539337987,0.7217144683805256,0.3238110542543983,0.7738535364384493,0.7217144683805256,0.3210668927776376,1.2046868882853623,0.7217144683805256,0.8726433496008066,1.9442384062646612,2.014214523921327,-1.8495648353173983,1-2
FULL_2022_202608,2022-02-21 01:00:00,UP,1899.91,1890.37,9.540000000000193,7.588579386528411,1.257152296111711,SAME_NEAREST,2.439999999999827,13.370000000000118,MULTI_CHILD_ERA4,SL,2022-02-21 06:38:00,1890.37,-1.0,2022,-9.540000000000191,0.28,0.28,0.28,-9.540000000000191,-9.82000000000019,-10.100000000000191,-10.38000000000019,15,2.0,PRIMARY_CONTINUES,2022-02-21 01:01:00,True,2022-02-17 10:26:00,1879.45,UP,20.460000000000036,2.696156811157771,2,8.279999999999973,10.700000000000045,5.633333333333334,1.091113313606365,1.4100135815927772,0.8525969974677821,0.4401350806093515,0.7010534816891077,1.091113313606365,1.1003377015233489,-0.3360312741179274,1.091113313606365,1.4100135815927772,-1.3717982602225107,1.091113313606365,1.4100135815927772,-1.3717982602225107,2-3
FULL_2022_202608,2022-02-21 01:01:00,UP,1902.35,1890.37,11.980000000000018,7.588579386528411,1.578688103502937,NO_SAME_TARGET,,15.809999999999944,MULTI_CHILD_ERA4,SL,2022-02-21 06:38:00,1890.37,-1.0,2022,-11.980000000000018,0.28,0.28,0.28,-11.980000000000018,-12.260000000000018,-12.540000000000019,-12.820000000000018,15,3.0,PRIMARY_CONTINUES,2022-02-22 01:00:00,True,2022-02-17 10:26:00,1879.45,UP,22.899999999999864,3.017692618548997,3,5.8400000000001455,13.139999999999873,5.616666666666666,0.7695775062151392,1.7315493889840032,0.5310611900765561,0.4414528503117435,0.34393789233245914,0.7695775062151392,1.4218735089145749,-0.6074918328170593,0.7695775062151392,1.7315493889840032,-1.6933340676137367,0.7695775062151392,1.7315493889840032,-1.6933340676137367,3-4
FULL_2022_202608,2022-02-22 01:00:00,UP,1908.19,1892.4,15.789999999999964,7.657009927256034,2.062162665323652,NO_SAME_TARGET,,20.65000000000009,MULTI_CHILD_ERA4,SL,2022-02-22 13:52:00,1892.4,-1.0,2022,-15.789999999999964,0.16,0.24,0.16,-15.789999999999964,-15.949999999999964,-16.109999999999964,-16.269999999999964,15,4.0,CHALLENGE_OPENS,2022-02-23 11:30:00,False,2022-02-17 10:26:00,1879.45,UP,28.74000000000001,3.7534233693098105,4+,5.839999999999918,16.590000000000146,12.866666666666667,0.7626998078207716,2.16664209105255,0.7626998078207716,0.1671670811661953,0.20373488017129776,0.7626998078207716,0.3852678823752299,0.2089588514577367,0.7626998078207716,1.8623457636171832,-1.5972292208301682,0.7626998078207716,2.16664209105255,-2.160112126944471,3-4
FULL_2022_202608,2022-02-17 10:26:00,UP,1879.45,1867.71,11.740000000000007,7.418555687875416,1.582518281717206,NO_SAME_TARGET,,35.069999999999936,MULTI_CHILD_ERA4,CHALLENGE_OPENS,2022-02-23 11:30:00,1891.35,1.0136286201022022,2022,11.899999999999864,0.24,0.24,0.24,11.899999999999864,11.659999999999863,11.419999999999863,11.179999999999863,15,1.0,PRIMARY_CONTINUES,2022-02-21 01:00:00,True,2022-02-17 10:26:00,1879.45,UP,0.0,0.0,1,34.57999999999993,3.0399999999999636,145.06666666666666,4.661284683286271,0.40978326886032757,1.5326433443887946,0.40978326886032757,1.3816705611244762,1.8575044226629507,0.40978326886032757,0.9044887283068571,2.9116179629549817,0.40978326886032757,2.5247502058401428,3.0868542292439334,0.40978326886032757,1.9181631302245192,<=0.5
FULL_2022_202608,2022-02-24 04:01:00,UP,1914.03,1904.49,9.539999999999964,7.760617619500096,1.2292836044426174,NO_SAME_TARGET,,24.430000000000064,MULTI_CHILD_ERA4,SL,2022-02-24 21:14:00,1904.49,-1.0,2022,-9.539999999999964,0.28,0.24,0.28,-9.539999999999964,-9.819999999999963,-10.099999999999964,-10.379999999999963,16,1.0,CHALLENGE_OPENS,2022-02-24 21:27:00,False,2022-02-24 04:01:00,1914.03,UP,0.0,0.0,1,60.27999999999997,11.740000000000009,17.216666666666665,7.767423026813546,1.5127661966620958,1.1455273840141544,0.19457214284154592,1.1133134530801234,4.493199086678656,0.19457214284154592,3.3811741908358925,7.767423026813546,0.19457214284154592,5.879686674079348,7.767423026813546,1.5127661966620958,-1.2434577340535782,<=0.5
FULL_2022_202608,2022-03-08 08:33:00,UP,2002.52,1980.97,21.549999999999955,10.198560909134132,2.1130432216862225,NO_SAME_TARGET,,41.559999999999945,MULTI_CHILD_ERA4,SL,2022-03-09 16:08:00,1980.97,-1.0,2022,-21.549999999999955,0.18,0.18,0.18,-21.549999999999955,-21.729999999999954,-21.909999999999954,-22.089999999999954,17,7.0,CHALLENGE_OPENS,2022-03-11 13:43:00,False,2022-03-01 11:43:00,1918.2,UP,84.31999999999994,8.267833153252088,4+,67.94000000000005,25.200000000000045,31.583333333333332,6.6617241986711075,2.4709368532015317,1.7845655050899965,0.3353414300773573,1.4374577090450236,1.8002539930468395,0.3353414300773573,0.39025113792627475,6.6617241986711075,0.3353414300773573,4.223144851880541,6.6617241986711075,0.3353414300773573,4.7889109488239265,>6
FULL_2022_202608,2022-03-01 11:43:00,UP,1918.2,1901.3,16.90000000000009,9.092670465545046,1.858639886273174,SAME_NEAREST,12.470000000000027,27.450000000000045,MULTI_CHILD_ERA4,CHALLENGE_OPENS,2022-03-11 13:43:00,1970.53,3.0964497041419907,2022,52.32999999999993,0.24,0.18,0.24,52.32999999999993,52.089999999999925,51.84999999999993,51.60999999999993,17,1.0,PRIMARY_CONTINUES,2022-03-01 18:34:00,True,2022-03-01 11:43:00,1918.2,UP,0.0,0.0,1,152.26,7.509999999999991,242.0,16.745355567097747,0.8259399731308547,0.48170666875007323,0.36182989502003793,0.4366154052369533,0.8919271880281168,0.8259399731308547,-0.189163349372183,3.510519832534858,0.8259399731308547,2.6009960538674597,3.510519832534858,0.8259399731308547,1.949922200214392,<=0.5
FULL_2022_202608,2022-03-01 18:34:00,UP,1930.67,1910.69,19.980000000000015,9.15621062921385,2.18212542383546,OPPOSITE_NEAREST,43.63999999999987,39.92000000000007,MULTI_CHILD_ERA4,CHALLENGE_OPENS,2022-03-11 13:43:00,1970.53,1.994994994994988,2022,39.8599999999999,0.24,0.18,0.24,39.8599999999999,39.6199999999999,39.3799999999999,39.1399999999999,17,2.0,PRIMARY_CONTINUES,2022-03-04 02:37:00,True,2022-03-01 11:43:00,1918.2,UP,12.470000000000027,1.3619171188802914,2,139.78999999999996,17.230000000000018,235.15,15.26723288278071,1.8817828354697188,0.4750873670512535,0.28396026536398844,0.36805619010636914,1.3160466144753338,0.28396026536398844,1.2341349994664954,2.124241215895859,0.28396026536398844,0.6432792165360646,2.124241215895859,1.8817828354697188,-1.394681764883822,1-2
FULL_2022_202608,2022-03-04 02:37:00,UP,1947.88,1923.27,24.610000000000127,9.488357594030164,2.5937049437812214,SAME_NEAREST,2.2399999999997817,34.440000000000055,MULTI_CHILD_ERA4,CHALLENGE_OPENS,2022-03-11 13:43:00,1970.53,0.9203575782202252,2022,22.649999999999864,0.18,0.18,0.18,22.649999999999864,22.469999999999864,22.289999999999864,22.109999999999864,17,3.0,PRIMARY_CONTINUES,2022-03-04 02:44:00,True,2022-03-01 11:43:00,1918.2,UP,29.680000000000064,3.1280439955882327,3,122.57999999999993,18.26000000000022,179.1,12.918990329488022,1.9244637250485743,0.31512303055283397,1.0381143314199612,-0.916913165822699,0.31512303055283397,1.9244637250485743,-0.8968886254196928,0.31512303055283397,1.9244637250485743,-0.033725541731426695,2.395567386109155,1.9244637250485743,2.390297770213627,3-4
FULL_2022_202608,2022-03-04 02:44:00,UP,1950.12,1923.27,26.84999999999991,9.488357594030164,2.8297837359010645,SAME_NEAREST,24.19000000000005,36.67999999999984,MULTI_CHILD_ERA4,CHALLENGE_OPENS,2022-03-11 13:43:00,1970.53,0.7601489757914395,2022,20.410000000000082,0.18,0.18,0.18,20.410000000000082,20.230000000000082,20.050000000000082,19.870000000000083,17,4.0,PRIMARY_CONTINUES,2022-03-04 16:29:00,True,2022-03-01 11:43:00,1918.2,UP,31.919999999999845,3.3641227877080757,4+,120.34000000000015,20.5,178.98333333333332,12.682911537368179,2.1605425171684174,0.07904423843299088,1.2741931235398043,-1.1002957989872149,0.07904423843299088,2.1605425171684174,-1.0992418758081093,0.07904423843299088,2.1605425171684174,-0.43632419615009627,2.159488593989312,2.1605425171684174,2.154218978093784,3-4
FULL_2022_202608,2022-03-04 16:29:00,UP,1950.87,1933.93,16.939999999999827,9.56133378800177,1.7717193412133905,SAME_NEAREST,23.44000000000005,27.59999999999991,MULTI_CHILD_ERA4,CHALLENGE_OPENS,2022-03-11 13:43:00,1970.53,1.160566706021268,2022,19.660000000000082,0.18,0.18,0.18,19.660000000000082,19.480000000000082,19.300000000000082,19.120000000000083,17,5.0,PRIMARY_CONTINUES,2022-03-07 01:00:00,True,2022-03-01 11:43:00,1918.2,UP,32.669999999999845,3.4168873009115575,4+,119.59000000000015,8.129999999999882,165.23333333333332,12.507669186287592,0.8502997782800946,0.8827220330484808,0.8502997782800946,0.4340398622217123,1.5510388329513058,0.8502997782800946,1.3104866201537404,2.0645655133147995,0.8502997782800946,2.0593361173844222,2.0645655133147995,0.8502997782800946,2.0593361173844222,3-4
FULL_2022_202608,2022-03-07 01:00:00,UP,1974.31,1939.87,34.440000000000055,9.63696098461002,3.573740731647648,NO_SAME_TARGET,,51.03999999999997,MULTI_CHILD_ERA4,CHALLENGE_OPENS,2022-03-11 13:43:00,1970.53,-0.1097560975609746,2022,-3.7799999999999727,0.59,0.18,0.59,-3.7799999999999727,-4.369999999999973,-4.959999999999972,-5.549999999999972,17,6.0,PRIMARY_CONTINUES,2022-03-08 08:33:00,True,2022-03-01 11:43:00,1918.2,UP,56.1099999999999,5.822374926038004,4+,96.15000000000009,13.349999999999909,108.71666666666667,9.977211711612112,1.385291485699643,1.7754559790502793,-0.025941788121716335,1.577260717800358,2.765394613774971,-0.025941788121716335,1.316805165058327,2.9272713716544754,-0.025941788121716335,2.7000213077082345,2.9272713716544754,1.385291485699643,2.335798602479338,4-6
FULL_2022_202608,2022-03-16 16:15:00,DOWN,1907.02,1927.08,20.059999999999945,11.94955185970496,1.6787240421663174,SAME_NEAREST,16.269999999999982,102.12000000000012,MULTI_CHILD_ERA4,SL,2022-03-16 21:50:00,1927.08,-1.0,2022,-20.059999999999945,0.18,0.18,0.18,-20.059999999999945,-20.239999999999945,-20.419999999999945,-20.599999999999945,18,6.0,CHALLENGE_OPENS,2022-03-21 20:57:00,False,2022-03-11 15:46:00,1960.96,DOWN,53.940000000000055,4.513976811288709,4+,11.980000000000018,20.190000000000055,5.583333333333333,1.0025480570863694,1.689603111233207,0.24101322240472628,0.866141268017013,-0.4636157125424408,0.3029402309392773,0.866141268017013,-0.11297494800221247,1.0025480570863694,1.689603111233207,-1.6636607157660352,1.0025480570863694,1.689603111233207,-1.6636607157660352,4-6
FULL_2022_202608,2022-03-11 15:46:00,DOWN,1960.96,1994.87,33.909999999999854,11.516974190266415,2.944349743238891,SAME_NEAREST,37.690000000000055,48.180000000000064,MULTI_CHILD_ERA4,CHALLENGE_OPENS,2022-03-21 20:57:00,1940.84,0.59333529932174,2022,20.12000000000012,0.18,0.18,0.18,20.12000000000012,19.94000000000012,19.76000000000012,19.58000000000012,18,1.0,PRIMARY_CONTINUES,2022-03-14 13:24:00,True,2022-03-11 15:46:00,1960.96,DOWN,0.0,0.0,1,65.92000000000007,29.1099999999999,245.18333333333334,5.723725599360328,2.527573607363143,0.20404664985584858,1.4040146077314446,-0.9212489170086839,0.20404664985584858,2.527573607363143,-2.1559482195406003,0.20404664985584858,2.527573607363143,-2.3565217349308014,0.20404664985584858,2.527573607363143,-2.3565217349308014,<=0.5
FULL_2022_202608,2022-03-14 13:24:00,DOWN,1958.61,1978.58,19.970000000000027,11.78833090722273,1.694048136005783,SAME_NEAREST,35.33999999999992,50.5300000000002,MULTI_CHILD_ERA4,CHALLENGE_OPENS,2022-03-21 20:57:00,1940.84,0.8898347521281902,2022,17.769999999999982,0.18,0.18,0.18,17.769999999999982,17.589999999999982,17.409999999999982,17.229999999999983,18,2.0,PRIMARY_CONTINUES,2022-03-15 02:01:00,True,2022-03-11 15:46:00,1960.96,DOWN,2.3500000000001364,0.19934968050144297,2,63.569999999999936,9.320000000000164,175.55,5.392620931691907,0.7906123499035631,0.34101519813436193,0.7889157568780205,-0.7431077451883137,0.7626185649820724,0.7906123499035631,0.0508977907663152,0.7626185649820724,0.7906123499035631,0.3868232098240495,3.228616527610412,0.7906123499035631,2.885056439937736,<=0.5
FULL_2022_202608,2022-03-15 02:01:00,DOWN,1949.62,1961.92,12.300000000000182,11.791969565689286,1.0430827463962506,SAME_NEAREST,26.34999999999991,59.52000000000021,MULTI_CHILD_ERA4,CHALLENGE_OPENS,2022-03-21 20:57:00,1940.84,0.7138211382113694,2022,8.779999999999973,0.18,0.18,0.18,8.779999999999973,8.599999999999973,8.419999999999973,8.239999999999974,18,3.0,PRIMARY_CONTINUES,2022-03-15 12:58:00,True,2022-03-11 15:46:00,1960.96,DOWN,11.340000000000146,0.9616714100921511,3,54.57999999999993,2.2600000000002183,162.93333333333334,4.628573682789141,0.1916558542159121,0.32394927571004484,0.1916558542159121,-0.03137728586721385,0.8607552744651743,0.1916558542159121,0.691996358584807,2.465237027458414,0.1916558542159121,2.0997340488431524,3.61262804849427,0.1916558542159121,2.700990688839024,0.5-1
FULL_2022_202608,2022-03-15 12:58:00,DOWN,1923.27,1954.63,31.360000000000127,11.847040585890058,2.64707458142333,SAME_NEAREST,9.829999999999927,85.87000000000012,MULTI_CHILD_ERA4,CHALLENGE_OPENS,2022-03-21 20:57:00,1940.84,-0.5602678571428529,2022,-17.569999999999936,0.18,0.18,0.18,-17.569999999999936,-17.749999999999936,-17.929999999999936,-18.109999999999935,18,4.0,PRIMARY_CONTINUES,2022-03-15 16:13:00,True,2022-03-11 15:46:00,1960.96,DOWN,37.690000000000055,3.181385235135365,4+,28.230000000000018,26.5,151.98333333333332,2.3828735788769246,2.2368455487154963,0.2295932034908004,0.3030292649014509,-0.07934471002991277,1.37165057232554,0.4583423143217089,0.6144994564018397,1.37165057232554,0.6567040893964716,0.5925530472446318,1.37165057232554,0.6567040893964716,0.1418075668619689,3-4
FULL_2022_202608,2022-03-15 16:13:00,DOWN,1913.44,1954.63,41.190000000000055,11.891334804857337,3.4638668136040445,SAME_NEAREST,22.69000000000005,95.70000000000005,MULTI_CHILD_ERA4,CHALLENGE_OPENS,2022-03-21 20:57:00,1940.84,-0.6652100024277695,2022,-27.399999999999864,0.18,0.18,0.18,-27.399999999999864,-27.579999999999863,-27.759999999999863,-27.939999999999863,18,5.0,PRIMARY_CONTINUES,2022-03-16 16:15:00,True,2022-03-11 15:46:00,1960.96,DOWN,47.51999999999998,3.9961872052066982,4+,18.40000000000009,36.32999999999993,148.73333333333332,1.547345214137282,3.055165849435167,0.5398889279761638,0.3246061155744415,-0.13539270623700309,0.5398889279761638,1.4809102837476764,-1.18741926215316,0.5398889279761638,1.4809102837476764,-0.5525031552653149,0.5398889279761638,1.4809102837476764,0.02606940306426471,3-4
FULL_2022_202608,2022-03-22 16:04:00,DOWN,1917.93,1938.38,20.450000000000045,11.871784176723173,1.7225717462162131,SAME_NEAREST,22.8900000000001,23.269999999999985,MULTI_CHILD_ERA4,SL,2022-03-23 20:07:00,1938.38,-1.0,2022,-20.450000000000045,0.18,0.18,0.18,-20.450000000000045,-20.630000000000045,-20.810000000000045,-20.990000000000045,19,1.0,CHALLENGE_OPENS,2022-03-23 21:24:00,False,2022-03-22 16:04:00,1917.93,DOWN,0.0,0.0,1,7.289999999999964,21.309999999999945,28.05,0.6140610283577557,1.7950124162282313,0.6140610283577557,0.1499353402574477,0.2577540119032713,0.6140610283577557,0.457387021122432,-0.3436720158710029,0.6140610283577557,0.5854216937018452,-0.2206913435250015,0.6140610283577557,1.585271406542247,-1.4631330675684777,<=0.5
FULL_2022_202608,2022-03-24 13:40:00,UP,1949.77,1937.35,12.420000000000073,11.703540909581928,1.0612172927794497,OPPOSITE_NEAREST,59.37000000000012,39.12999999999988,MULTI_CHILD_ERA4,CHALLENGE_OPENS,2022-03-28 06:54:00,1943.16,-0.5322061191626297,2022,-6.6099999999999,0.18,0.18,0.18,-6.6099999999999,-6.7899999999999,-6.9699999999999,-7.1499999999999,20,1.0,CHALLENGE_OPENS,2022-03-28 06:54:00,False,2022-03-24 13:40:00,1949.77,UP,0.0,0.0,1,16.360000000000127,7.289999999999964,89.23333333333333,1.3978675450782472,0.6228884109792355,0.6809904849800478,0.6228884109792355,-0.18541397144375762,1.3585632009012278,0.6228884109792355,1.0706161576913364,1.3978675450782472,0.6228884109792355,0.7707069227754075,1.3978675450782472,0.6228884109792355,0.12987522423709622,<=0.5
FULL_2022_202608,2022-03-29 11:29:00,DOWN,1916.95,1929.33,12.379999999999882,11.723147952015289,1.0560303470256618,SAME_NEAREST,6.309999999999945,44.87999999999988,MULTI_CHILD_ERA4,SL,2022-03-30 15:16:00,1929.33,-1.0,2022,-12.379999999999882,0.18,0.18,0.18,-12.379999999999882,-12.559999999999881,-12.739999999999881,-12.919999999999881,21,2.0,PRIMARY_CONTINUES,2022-03-29 11:40:00,True,2022-03-28 08:46:00,1937.35,DOWN,20.399999999999864,1.7401469369405138,2,26.910000000000082,15.639999999999873,27.783333333333335,2.295458532993612,1.334112651654392,0.62184662599492,0.07506516198565964,0.5041308037901299,1.8791880892548887,0.07506516198565964,1.6701998541811647,2.295458532993612,0.3787378627458837,-0.20045810302990572,2.295458532993612,0.9724350529961644,-0.4529500115271616,1-2
FULL_2022_202608,2022-03-29 11:40:00,DOWN,1910.64,1929.33,18.689999999999827,11.723147952015289,1.5942816789910843,SAME_NEAREST,15.600000000000136,51.18999999999983,MULTI_CHILD_ERA4,SL,2022-03-30 15:16:00,1929.33,-1.0,2022,-18.689999999999827,0.18,0.18,0.18,-18.689999999999827,-18.869999999999827,-19.049999999999827,-19.229999999999826,21,3.0,PRIMARY_CONTINUES,2022-03-29 15:26:00,True,2022-03-28 08:46:00,1937.35,DOWN,26.70999999999981,2.2783982689059363,3,20.600000000000136,21.949999999999818,27.6,1.7572072010281894,1.8723639836198147,0.08359529402949739,0.38470895517655657,-0.006824105635054678,1.7572072010281894,0.47512835484110866,1.3656741402165586,1.7572072010281894,0.9169891947113064,-0.7344443689734191,1.7572072010281894,1.510686384961587,-0.9656109473611098,2-3
FULL_2022_202608,2022-03-29 15:26:00,DOWN,1895.04,1929.33,34.289999999999964,11.741019352281867,2.920530063970612,SAME_NEAREST,4.289999999999964,66.78999999999996,MULTI_CHILD_ERA4,SL,2022-03-30 15:16:00,1929.33,-1.0,2022,-34.289999999999964,0.18,0.18,0.18,-34.289999999999964,-34.46999999999996,-34.64999999999996,-34.82999999999996,21,4.0,PRIMARY_CONTINUES,2022-03-29 15:36:00,True,2022-03-28 08:46:00,1937.35,DOWN,42.309999999999945,3.6036053370252725,4+,5.0,37.549999999999955,23.833333333333332,0.42585740215377893,3.1981890901748757,0.42585740215377893,0.42926426137100604,-0.17119467566581834,0.42585740215377893,1.7460153488304935,-1.6157029837714396,0.42585740215377893,2.2442685093504267,-1.8959171543886228,0.42585740215377893,3.1981890901748757,-2.983556959489373,3-4
FULL_2022_202608,2022-03-29 15:36:00,DOWN,1890.75,1929.33,38.57999999999993,11.741019352281867,3.285915715018552,SAME_NEAREST,7.650000000000091,71.07999999999993,MULTI_CHILD_ERA4,SL,2022-03-30 15:16:00,1929.33,-1.0,2022,-38.57999999999993,0.18,0.18,0.18,-38.57999999999993,-38.75999999999993,-38.93999999999993,-39.119999999999926,21,5.0,CHALLENGE_OPENS,2022-03-31 16:13:00,False,2022-03-28 08:46:00,1937.35,DOWN,46.59999999999991,3.968990988073212,4+,0.7100000000000364,41.83999999999992,23.666666666666668,0.0604717511058397,3.563574741222815,0.0604717511058397,0.6924441359020538,-0.39264052478577566,0.0604717511058397,2.252785657393494,-2.2348996465030324,0.0604717511058397,2.6096541603983656,-2.220420494829798,0.0604717511058397,3.563574741222815,-3.348942610537312,3-4
FULL_2022_202608,2022-03-28 08:46:00,DOWN,1937.35,1958.88,21.5300000000002,11.64798301562332,1.848388684214446,OPPOSITE_NEAREST,26.70999999999981,24.480000000000015,MULTI_CHILD_ERA4,CHALLENGE_OPENS,2022-03-31 16:13:00,1938.51,-0.0538783093358138,2022,-1.1600000000000819,0.18,0.18,0.18,-1.1600000000000819,-1.3400000000000818,-1.5200000000000817,-1.700000000000082,21,1.0,PRIMARY_CONTINUES,2022-03-29 11:29:00,True,2022-03-28 08:46:00,1937.35,DOWN,0.0,0.0,1,47.309999999999945,8.340000000000146,79.45,4.061647405953763,0.7160037912841897,0.3580018956420753,0.1519576391574317,0.17513761801195388,1.0362309065707402,0.1519576391574317,0.6464638547206036,1.0362309065707402,0.7160037912841897,0.13907987312713296,1.7513761801195584,0.7160037912841897,1.1941981698756357,<=0.5
FULL_2022_202608,2022-04-04 07:17:00,DOWN,1917.15,1926.76,9.6099999999999,11.715678017669283,0.8202683605256431,SAME_NEAREST,27.110000000000127,32.63999999999987,MULTI_CHILD_ERA4,SL,2022-04-04 09:54:00,1926.76,-1.0,2022,-9.6099999999999,0.18,0.18,0.18,-9.6099999999999,-9.7899999999999,-9.9699999999999,-10.149999999999899,22,2.0,CHALLENGE_OPENS,2022-04-05 16:23:00,False,2022-04-01 17:33:00,1919.12,DOWN,1.9699999999998,0.16815074612230693,2,1.7000000000000455,9.980000000000018,2.6166666666666667,0.14510470477561344,0.8518499727415212,0.14510470477561344,0.1886361162082761,-0.1886361162082761,0.14510470477561344,0.8518499727415212,-0.7997829904396739,0.14510470477561344,0.8518499727415212,-0.7997829904396739,0.14510470477561344,0.8518499727415212,-0.7997829904396739,<=0.5
FULL_2022_202608,2022-04-01 17:33:00,DOWN,1919.12,1936.41,17.29000000000019,11.754107270563653,1.470975175060749,SAME_NEAREST,1.9699999999998,30.670000000000076,MULTI_CHILD_ERA4,SL,2022-04-04 16:40:00,1936.41,-1.0,2022,-17.29000000000019,0.18,0.18,0.18,-17.29000000000019,-17.47000000000019,-17.65000000000019,-17.83000000000019,22,1.0,PRIMARY_CONTINUES,2022-04-04 07:17:00,True,2022-04-01 17:33:00,1919.12,DOWN,0.0,0.0,1,3.6699999999998454,17.720000000000027,71.11666666666666,0.3122312835438208,1.5075581319882143,0.03828448980781157,0.969873741798293,-0.614253369805583,0.09358430841912506,0.969873741798293,-0.4492046804118544,0.09358430841912506,0.969873741798293,-0.44069701601010347,0.09358430841912506,0.969873741798293,-0.44069701601010347,<=0.5
FULL_2022_202608,2022-04-06 10:12:00,DOWN,1915.45,1925.26,9.809999999999944,11.595233465676907,0.8460372987778609,SAME_NEAREST,25.41000000000008,29.079999999999927,MULTI_CHILD_ERA4,SL,2022-04-06 11:43:00,1925.26,-1.0,2022,-9.809999999999945,0.18,0.18,0.18,-9.809999999999945,-9.989999999999945,-10.169999999999945,-10.349999999999945,23,1.0,CHALLENGE_OPENS,2022-04-07 15:08:00,False,2022-04-06 10:12:00,1915.45,DOWN,0.0,0.0,1,0.42000000000007276,10.11999999999989,1.5166666666666666,0.03622178037581704,0.8727724223885737,0.03622178037581704,0.6994253305900515,-0.5855854494089375,0.03622178037581704,0.8727724223885737,-0.8184397518248677,0.03622178037581704,0.8727724223885737,-0.8184397518248677,0.03622178037581704,0.8727724223885737,-0.8184397518248677,<=0.5
FULL_2022_202608,2022-04-13 12:46:00,UP,1978.62,1962.86,15.759999999999993,11.488392054985509,1.3718194787024849,OPPOSITE_NEAREST,30.52000000000021,29.039999999999964,MULTI_CHILD_ERA4,SL,2022-04-14 16:59:00,1962.86,-1.0,2022,-15.759999999999991,0.18,0.18,0.18,-15.759999999999991,-15.93999999999999,-16.11999999999999,-16.29999999999999,24,7.0,PRIMARY_CONTINUES,2022-04-18 02:33:00,True,2022-04-08 15:14:00,1937.83,UP,40.789999999999964,3.550540389357509,4+,2.880000000000109,18.1099999999999,28.216666666666665,0.25068782351924546,1.5763737791435204,0.13404835007627475,0.1636434403528243,-0.025242871118253234,0.17757054165947544,0.597994912353168,-0.27680113846914217,0.25068782351924546,0.597994912353168,-0.05048574223650647,0.25068782351924546,0.9522655518404161,-0.7642496842010018,3-4
FULL_2022_202608,2022-04-08 15:14:00,UP,1937.83,1927.63,10.199999999999818,11.39605150795478,0.8950468495934681,SAME_NEAREST,6.7000000000000455,22.309999999999945,MULTI_CHILD_ERA4,CHALLENGE_OPENS,2022-04-19 16:03:00,1960.45,2.2176470588235806,2022,22.62000000000012,0.18,0.18,0.18,22.62000000000012,22.44000000000012,22.26000000000012,22.08000000000012,24,1.0,PRIMARY_CONTINUES,2022-04-08 17:09:00,True,2022-04-08 15:14:00,1937.83,UP,0.0,0.0,1,60.52999999999997,8.730000000000018,264.81666666666666,5.311488804499369,0.7660548036226601,0.09213717569346286,0.7660548036226601,-0.39136362246931095,0.9082093032639885,0.7660548036226601,0.4457684309740233,0.9082093032639885,0.7660548036226601,0.8625794638729497,0.9082093032639885,0.7660548036226601,0.8625794638729497,<=0.5
FULL_2022_202608,2022-04-08 17:09:00,UP,1944.53,1927.63,16.899999999999864,11.3870734440217,1.4841390180786524,SAME_NEAREST,5.259999999999991,29.00999999999999,MULTI_CHILD_ERA4,CHALLENGE_OPENS,2022-04-19 16:03:00,1960.45,0.9420118343195384,2022,15.920000000000073,0.18,0.18,0.18,15.920000000000073,15.740000000000073,15.560000000000073,15.380000000000074,24,2.0,PRIMARY_CONTINUES,2022-04-11 01:07:00,True,2022-04-08 15:14:00,1937.83,UP,6.7000000000000455,0.5883864746229064,2,53.82999999999993,5.5499999999999545,262.9,4.727290138649372,0.4873947662921017,0.32053890035427574,0.2160344369510987,-0.2160344369510987,0.32053890035427574,0.4873947662921017,-0.11943367246075946,0.32053890035427574,0.4873947662921017,0.2748730844133953,0.32053890035427574,0.4873947662921017,0.2748730844133953,0.5-1
FULL_2022_202608,2022-04-11 01:07:00,UP,1949.79,1938.98,10.809999999999944,11.4060864265401,0.9477396186343848,SAME_NEAREST,12.039999999999964,22.15999999999985,MULTI_CHILD_ERA4,CHALLENGE_OPENS,2022-04-19 16:03:00,1960.45,0.9861239592969598,2022,10.660000000000082,0.18,0.18,0.18,10.660000000000082,10.480000000000082,10.300000000000082,10.120000000000083,24,3.0,PRIMARY_CONTINUES,2022-04-11 15:00:00,True,2022-04-08 15:14:00,1937.83,UP,11.960000000000036,1.0485629823189022,3,48.569999999999936,9.819999999999936,206.93333333333334,4.258252847092714,0.8609438533755452,0.014904323327281699,0.37085463337867575,-0.3033468159551362,0.014904323327281699,0.7022566461851482,-0.6522833267937012,0.8320119316226054,0.8609438533755452,0.6969962967755263,1.7332851304719576,0.8609438533755452,0.19375620325458234,1-2
FULL_2022_202608,2022-04-11 15:00:00,UP,1961.83,1939.97,21.8599999999999,11.395226726595691,1.9183470872922723,SAME_NEAREST,4.300000000000182,34.19999999999982,MULTI_CHILD_ERA4,CHALLENGE_OPENS,2022-04-19 16:03:00,1960.45,-0.0631290027447341,2022,-1.3799999999998818,0.18,0.18,0.18,-1.3799999999998818,-1.5599999999998817,-1.7399999999998816,-1.9199999999998818,24,4.0,PRIMARY_CONTINUES,2022-04-11 15:37:00,True,2022-04-08 15:14:00,1937.83,UP,24.0,2.106145018070208,4+,36.52999999999997,21.0,193.05,3.2057282295876934,1.8428768908114321,0.6783542079034478,0.21061450180700883,0.1017970092067339,0.6783542079034478,1.4084844808344477,-0.9205608849815209,0.6783542079034478,1.8428768908114321,-0.8494784906216363,0.6783542079034478,1.8428768908114321,-0.4844133541561463,2-3
FULL_2022_202608,2022-04-11 15:37:00,UP,1966.13,1939.97,26.16000000000008,11.395226726595691,2.295698069696534,OPPOSITE_NEAREST,43.00999999999999,38.5,MULTI_CHILD_ERA4,CHALLENGE_OPENS,2022-04-19 16:03:00,1960.45,-0.2171253822629986,2022,-5.680000000000064,0.18,0.18,0.18,-5.680000000000064,-5.860000000000063,-6.040000000000064,-6.220000000000064,24,5.0,PRIMARY_CONTINUES,2022-04-12 15:54:00,True,2022-04-08 15:14:00,1937.83,UP,28.300000000000182,2.4834960004744695,4+,32.22999999999979,25.300000000000182,192.43333333333334,2.828377247183432,2.2202278732156935,0.3010032254991862,0.6099044948161684,-0.1377769865987738,0.3010032254991862,1.7858354632387092,-1.5822414448252613,0.3010032254991862,2.2202278732156935,-1.3338918447778025,0.3010032254991862,2.2202278732156935,-0.3273300382250798,2-3
FULL_2022_202608,2022-04-12 15:54:00,UP,1969.56,1949.58,19.980000000000015,11.45692351360362,1.7439236612059374,OPPOSITE_NEAREST,39.58000000000016,28.730000000000015,MULTI_CHILD_ERA4,CHALLENGE_OPENS,2022-04-19 16:03:00,1960.45,-0.4559559559559505,2022,-9.1099999999999,0.18,0.18,0.18,-9.1099999999999,-9.2899999999999,-9.4699999999999,-9.649999999999899,24,6.0,PRIMARY_CONTINUES,2022-04-13 12:46:00,True,2022-04-08 15:14:00,1937.83,UP,31.730000000000018,2.769504392896115,4+,28.799999999999955,9.149999999999864,168.15,2.513763835972516,0.7986437187204242,0.300255124852278,0.5437759964621127,-0.5088626098513753,0.7907882067330172,0.7811870254150753,0.3753189060653376,0.7907882067330172,0.7811870254150753,-0.5306834764830812,0.9688464784477541,0.7811870254150753,0.7052504095367483,2-3
FULL_2022_202608,2022-04-18 02:33:00,UP,1981.5,1960.45,21.049999999999955,11.3626932763033,1.8525537465575497,SAME_NEAREST,27.6400000000001,31.920000000000076,MULTI_CHILD_ERA4,AMBIGUOUS,2022-04-19 16:03:00,,,2022,,0.18,0.18,0.18,,,,,24,8.0,CHALLENGE_OPENS,2022-04-19 16:03:00,False,2022-04-08 15:14:00,1937.83,UP,43.67000000000007,3.843278960198028,4+,16.8599999999999,21.089999999999918,37.5,1.4838031433235233,1.856074038712525,0.6081304697725817,0.08272686564200481,0.2904241027857407,0.6186913462375083,0.08272686564200481,0.20065665283378484,1.0824898376559535,0.08272686564200481,0.8343092407299592,1.4838031433235233,0.47435936788339184,-0.4153944742874918,3-4
FULL_2022_202608,2022-04-20 07:04:00,DOWN,1940.83,1951.54,10.710000000000036,11.328640911365753,0.9453914272501084,SAME_NEAREST,0.8599999999999,41.11000000000013,MULTI_CHILD_ERA4,SL,2022-04-20 13:07:00,1951.54,-1.0,2022,-10.710000000000036,0.18,0.18,0.18,-10.710000000000036,-10.890000000000036,-11.070000000000036,-11.250000000000036,25,2.0,PRIMARY_CONTINUES,2022-04-20 09:09:00,True,2022-04-19 22:14:00,1949.58,DOWN,8.75,0.7723786170343996,2,1.5699999999999363,11.670000000000073,6.05,0.13858679185645237,1.0301323955190285,0.014123494711473318,0.32660581520312154,-0.32307494152525323,0.13858679185645237,0.5199211490665933,-0.14123494711487367,0.13858679185645237,1.0301323955190285,-1.0124780271296667,0.13858679185645237,1.0301323955190285,-1.0124780271296667,0.5-1
FULL_2022_202608,2022-04-20 09:09:00,DOWN,1939.97,1951.54,11.569999999999936,11.313759572969271,1.0226485657024982,SAME_NEAREST,12.339999999999918,41.97000000000003,MULTI_CHILD_ERA4,SL,2022-04-20 13:07:00,1951.54,-1.0,2022,-11.569999999999936,0.18,0.18,0.18,-11.569999999999936,-11.749999999999936,-11.929999999999936,-12.109999999999935,25,3.0,PRIMARY_CONTINUES,2022-04-21 14:41:00,True,2022-04-19 22:14:00,1949.58,DOWN,9.6099999999999,0.8494081863786483,3,0.7100000000000364,12.529999999999973,3.966666666666667,0.0627554435305804,1.1075009963917328,0.0627554435305804,0.3376419637842265,-0.3270354099480822,0.0627554435305804,1.1075009963917328,-1.0898234066648056,0.0627554435305804,1.1075009963917328,-1.0898234066648056,0.0627554435305804,1.1075009963917328,-1.0898234066648056,0.5-1
FULL_2022_202608,2022-04-21 14:41:00,DOWN,1939.26,1954.01,14.75,11.194398759197698,1.3176232433100437,SAME_NEAREST,11.629999999999882,19.0,MULTI_CHILD_ERA4,SL,2022-04-21 22:42:00,1954.01,-1.0,2022,-14.75,0.18,0.18,0.18,-14.75,-14.93,-15.11,-15.29,25,4.0,CHALLENGE_OPENS,2022-04-22 09:00:00,False,2022-04-19 22:14:00,1949.58,DOWN,10.319999999999936,0.9218896183701402,4+,2.5499999999999545,14.75,8.016666666666667,0.22779249291122383,1.3176232433100437,0.22779249291122383,0.8129065433302561,-0.6226328139573587,0.22779249291122383,0.9227829222639089,-0.07950404654549632,0.22779249291122383,1.3176232433100437,-1.2792111758779485,0.22779249291122383,1.3176232433100437,-1.2792111758779485,0.5-1
FULL_2022_202608,2022-04-19 22:14:00,DOWN,1949.58,1981.94,32.36000000000013,11.346124825325374,2.852075091556393,SAME_NEAREST,8.75,48.77999999999997,MULTI_CHILD_ERA4,CHALLENGE_OPENS,2022-04-22 09:00:00,1954.01,-0.1368974042027208,2022,-4.430000000000064,0.18,0.18,0.18,-4.430000000000064,-4.610000000000063,-4.790000000000064,-4.970000000000064,25,1.0,PRIMARY_CONTINUES,2022-04-20 07:04:00,True,2022-04-19 22:14:00,1949.58,DOWN,0.0,0.0,1,12.86999999999989,8.680000000000064,58.766666666666666,1.1343079860423462,0.7650189058933737,0.5155945391101536,0.08372902771874821,0.10488162419504331,0.5155945391101536,0.1727462045565702,-0.12691557885789076,0.9095616484815104,0.1727462045565702,0.4900351517012771,0.9095616484815104,0.4865097189552279,-0.299661783414461,<=0.5
FULL_2022_202608,2022-04-27 11:03:00,DOWN,1895.67,1907.0,11.329999999999927,11.141165297394476,1.0169492775275144,SAME_NEAREST,4.210000000000036,15.529999999999973,MULTI_CHILD_ERA4,SL,2022-04-27 15:19:00,1907.0,-1.0,2022,-11.329999999999927,0.18,0.18,0.18,-11.329999999999927,-11.509999999999927,-11.689999999999927,-11.869999999999926,26,5.0,PRIMARY_CONTINUES,2022-04-27 11:12:00,True,2022-04-22 13:23:00,1936.71,DOWN,41.039999999999964,3.683636217981414,4+,9.0,11.329999999999927,4.266666666666667,0.8078149600836442,1.0169492775275144,0.8078149600836442,0.10232322827725016,0.13732854321421706,0.8078149600836442,0.6372762462882,-0.5977830704618836,0.8078149600836442,1.0169492775275144,-1.0052808392151853,0.8078149600836442,1.0169492775275144,-1.0052808392151853,3-4
FULL_2022_202608,2022-04-27 11:12:00,DOWN,1890.04,1907.0,16.960000000000036,11.141165297394476,1.5222824136687372,SAME_NEAREST,6.940000000000055,21.16000000000008,MULTI_CHILD_ERA4,SL,2022-04-27 15:19:00,1907.0,-1.0,2022,-16.960000000000036,0.18,0.18,0.18,-16.960000000000036,-17.140000000000036,-17.320000000000036,-17.500000000000036,26,6.0,PRIMARY_CONTINUES,2022-04-27 16:45:00,True,2022-04-22 13:23:00,1936.71,DOWN,46.67000000000007,4.188969354122637,4+,3.369999999999891,16.960000000000036,4.116666666666666,0.3024818239424214,1.5222824136687372,0.3024818239424214,0.6076563644184729,-0.4012147635082124,0.3024818239424214,1.1740244086548897,-1.1381215215400733,0.3024818239424214,1.5222824136687372,-1.510613975356408,0.3024818239424214,1.5222824136687372,-1.510613975356408,4-6
FULL_2022_202608,2022-04-28 06:19:00,DOWN,1877.94,1886.83,8.889999999999873,11.145878875644694,0.7976042175934432,OPPOSITE_NEAREST,33.559999999999945,29.059999999999945,MULTI_CHILD_ERA4,SL,2022-04-28 11:42:00,1886.83,-1.0,2022,-8.889999999999873,0.18,0.18,0.18,-8.889999999999873,-9.069999999999872,-9.249999999999872,-9.429999999999872,26,9.0,CHALLENGE_OPENS,2022-04-29 08:03:00,False,2022-04-22 13:23:00,1936.71,DOWN,58.76999999999998,5.272800885035693,4+,5.870000000000118,8.889999999999873,5.383333333333334,0.5266520536865774,0.7976042175934432,0.22340095633382556,0.3211949492670989,0.010766311148628667,0.5266520536865774,0.7303147729145804,-0.6190628910455263,0.5266520536865774,0.7976042175934432,-0.7509502026160999,0.5266520536865774,0.7976042175934432,-0.7509502026160999,4-6
FULL_2022_202608,2022-04-28 05:12:00,DOWN,1881.33,1891.49,10.160000000000082,11.145878875644694,0.9115476772496698,SAME_NEAREST,3.3899999999998727,25.670000000000076,MULTI_CHILD_ERA4,SL,2022-04-28 12:48:00,1891.49,-1.0,2022,-10.160000000000082,0.18,0.18,0.18,-10.160000000000082,-10.340000000000082,-10.520000000000081,-10.700000000000081,26,8.0,PRIMARY_CONTINUES,2022-04-28 06:19:00,True,2022-04-22 13:23:00,1936.71,DOWN,55.38000000000011,4.968652595087245,4+,9.259999999999991,10.170000000000073,7.6,0.8308003436350262,0.9124448698453871,0.06370067429599345,0.27454093428977605,0.03140174085012785,0.8308003436350262,0.27454093428977605,0.516782935133666,0.8308003436350262,0.9124448698453871,-0.8962954031224544,0.8308003436350262,0.9124448698453871,-0.8962954031224544,4-6
FULL_2022_202608,2022-04-22 13:23:00,DOWN,1936.71,1955.58,18.86999999999989,11.16673467310162,1.6898404549231263,SAME_NEAREST,9.079999999999927,21.549999999999955,MULTI_CHILD_ERA4,CHALLENGE_OPENS,2022-04-29 08:03:00,1907.0,1.5744568097509384,2022,29.710000000000036,0.18,0.18,0.18,29.710000000000036,29.530000000000037,29.350000000000037,29.170000000000037,26,1.0,PRIMARY_CONTINUES,2022-04-22 18:13:00,True,2022-04-22 13:23:00,1936.71,DOWN,0.0,0.0,1,64.6400000000001,9.659999999999854,162.66666666666666,5.788621462969353,0.8650693584821012,0.5301460250739316,0.18716303925751013,-0.022387923356162374,0.6429811587889891,0.8650693584821012,-0.49163879690132656,0.916113823734166,0.8650693584821012,0.46656432274242715,0.916113823734166,0.8650693584821012,0.46656432274242715,<=0.5
FULL_2022_202608,2022-04-22 18:13:00,DOWN,1927.63,1955.58,27.949999999999815,11.1856417026955,2.4987390748681384,SAME_NEAREST,12.110000000000127,30.62999999999988,MULTI_CHILD_ERA4,CHALLENGE_OPENS,2022-04-29 08:03:00,1907.0,0.7381037567084165,2022,20.63000000000011,0.18,0.18,0.18,20.63000000000011,20.45000000000011,20.27000000000011,20.09000000000011,26,2.0,PRIMARY_CONTINUES,2022-04-25 08:06:00,True,2022-04-22 13:23:00,1936.71,DOWN,9.079999999999927,0.8117549481145853,2,55.56000000000017,13.149999999999864,157.83333333333334,4.967082039344368,1.1756142695712304,0.10281037338456546,1.1756142695712304,-0.8126489513614067,0.10281037338456546,1.1756142695712304,-0.3835273928867367,0.10281037338456546,1.1756142695712304,-0.34597925652019623,0.10281037338456546,1.1756142695712304,-0.34597925652019623,0.5-1
FULL_2022_202608,2022-04-25 08:06:00,DOWN,1915.52,1946.37,30.84999999999991,11.192350265357572,2.756346903785388,SAME_NEAREST,0.4900000000000091,40.059999999999945,MULTI_CHILD_ERA4,CHALLENGE_OPENS,2022-04-29 08:03:00,1907.0,0.2761750405186388,2022,8.519999999999982,0.18,0.18,0.18,8.519999999999982,8.339999999999982,8.159999999999982,7.979999999999982,26,3.0,PRIMARY_CONTINUES,2022-04-25 08:56:00,True,2022-04-22 13:23:00,1936.71,DOWN,21.190000000000055,1.8932574032808005,3,43.450000000000045,5.670000000000073,95.95,3.882115817487053,0.5065960111657503,0.2063909675119648,0.33236986975953803,-0.009828141310105171,0.2912703697355062,0.5065960111657503,-0.25731860884610186,2.149682544735056,0.5065960111657503,1.8307146858529268,2.149682544735056,0.5065960111657503,1.1668684137256766,1-2
FULL_2022_202608,2022-04-25 08:56:00,DOWN,1915.03,1946.37,31.33999999999992,11.192350265357572,2.800126805984897,SAME_NEAREST,24.99000000000001,40.54999999999996,MULTI_CHILD_ERA4,CHALLENGE_OPENS,2022-04-29 08:03:00,1907.0,0.2562220804084235,2022,8.029999999999973,0.18,0.18,0.18,8.029999999999973,7.849999999999973,7.669999999999972,7.489999999999973,26,4.0,PRIMARY_CONTINUES,2022-04-27 11:03:00,True,2022-04-22 13:23:00,1936.71,DOWN,21.680000000000064,1.93703730548031,4+,42.960000000000036,6.160000000000082,95.11666666666666,3.838335915287544,0.5503759133652598,0.24749046753599666,0.26178594580523135,-0.25731860884610186,0.24749046753599666,0.5503759133652598,-0.14474171747593736,2.1059026425355465,0.5503759133652598,1.5233619030645342,2.1059026425355465,0.5503759133652598,0.7505126091344231,1-2
FULL_2022_202608,2022-04-27 16:45:00,DOWN,1883.1,1907.0,23.90000000000009,11.186533867093098,2.1364973533317237,SAME_NEAREST,5.159999999999855,28.100000000000136,MULTI_CHILD_ERA4,AMBIGUOUS,2022-04-29 08:03:00,,,2022,,0.18,0.18,0.18,,,,,26,7.0,PRIMARY_CONTINUES,2022-04-28 05:12:00,True,2022-04-22 13:23:00,1936.71,DOWN,53.61000000000013,4.792369167870858,4+,11.029999999999973,24.110000000000127,39.3,0.986006937541789,2.1552699242187416,0.1314079962090876,0.6802822116675574,-0.283376427199234,0.1582259546191254,0.7196152173355939,-0.6588278449395394,0.1582259546191254,0.7500089035336109,0.05274198487303502,0.986006937541789,1.0798697919768807,-0.5721164460804674,4-6
FULL_2022_202608,2022-04-29 09:25:00,UP,1911.2,1892.45,18.75,11.122072903904822,1.685836818549994,OPPOSITE_NEAREST,44.37999999999988,39.13000000000011,MULTI_CHILD_ERA4,SL,2022-05-02 03:46:00,1892.45,-1.0,2022,-18.75,0.18,0.18,0.18,-18.75,-18.93,-19.11,-19.29,27,1.0,CHALLENGE_OPENS,2022-05-02 15:19:00,False,2022-04-29 09:25:00,1911.2,UP,0.0,0.0,1,8.61999999999989,20.080000000000155,66.35,0.7750353800480408,1.805418843545821,0.17532702912920348,0.10429710450763366,0.006293790789247587,0.5943136730994822,0.10429710450763366,0.49361302047143907,0.7750353800480408,0.7813291708373088,-0.06923169868178479,0.7750353800480408,1.5060142245713282,-1.3369809862313926,<=0.5
FULL_2022_202608,2022-05-03 10:07:00,DOWN,1854.41,1867.13,12.720000000000027,11.168193763667697,1.138948720730532,SAME_NEAREST,10.029999999999973,65.40999999999985,MULTI_CHILD_ERA4,SL,2022-05-03 16:31:00,1867.13,-1.0,2022,-12.720000000000027,0.18,0.18,0.18,-12.720000000000027,-12.900000000000027,-13.080000000000027,-13.260000000000026,28,1.0,CHALLENGE_OPENS,2022-05-04 21:00:00,False,2022-05-03 10:07:00,1854.41,DOWN,0.0,0.0,1,4.029999999999973,13.6099999999999,6.4,0.3608461748855348,1.2186393151841504,0.08685379395508212,0.57842835974206,-0.05103779644782463,0.3608461748855348,0.5838007593681628,-0.534553762795699,0.3608461748855348,1.2186393151841504,-1.1443211203566144,0.3608461748855348,1.2186393151841504,-1.1443211203566144,<=0.5
FULL_2022_202608,2022-05-04 21:46:00,UP,1878.1,1861.55,16.549999999999955,11.07453969617819,1.4944187708055567,OPPOSITE_NEAREST,41.72000000000003,16.699999999999818,MULTI_CHILD_ERA4,CHALLENGE_OPENS,2022-05-09 11:39:00,1865.97,-0.732930513595161,2022,-12.129999999999882,0.18,0.18,0.18,-12.129999999999882,-12.309999999999881,-12.489999999999881,-12.669999999999881,29,1.0,CHALLENGE_OPENS,2022-05-09 11:39:00,False,2022-05-04 21:46:00,1878.1,UP,0.0,0.0,1,31.63000000000011,13.740000000000009,109.88333333333334,2.8561006477691873,1.2406836199920495,1.048350569731284,0.2934659217594002,0.5562307932424397,1.048350569731284,0.2934659217594002,0.39098690499023014,2.2818104131877037,0.2934659217594002,1.8998532288670262,2.8561006477691873,0.5083732736939656,-0.11287150836900006,<=0.5
FULL_2022_202608,2022-05-09 13:16:00,DOWN,1861.4,1885.68,24.279999999999973,11.278554569513505,2.152758126083818,SAME_NEAREST,11.019999999999982,31.00999999999999,MULTI_CHILD_ERA4,CHALLENGE_OPENS,2022-05-12 04:32:00,1858.09,0.1363261943986893,2022,3.310000000000173,0.18,0.18,0.18,3.310000000000173,3.1300000000001726,2.950000000000173,2.7700000000001728,30,1.0,PRIMARY_CONTINUES,2022-05-10 17:46:00,True,2022-05-09 13:16:00,1861.4,DOWN,0.0,0.0,1,29.37000000000012,10.089999999999918,63.266666666666666,2.604057090736493,0.8946181833684337,0.4637119027767059,0.07625090561910502,0.27485791560379474,0.4637119027767059,0.8946181833684337,-0.04787847562130085,0.8626991996209065,0.8946181833684337,0.7403430952553621,0.8626991996209065,0.8946181833684337,0.3963273815319084,<=0.5
FULL_2022_202608,2022-05-10 17:46:00,DOWN,1850.38,1865.43,15.049999999999956,11.216365856278465,1.3417893275633104,SAME_NEAREST,6.0,42.02999999999997,MULTI_CHILD_ERA4,CHALLENGE_OPENS,2022-05-12 04:32:00,1858.09,-0.5122923588039756,2022,-7.709999999999809,0.18,0.18,0.18,-7.709999999999809,-7.889999999999809,-8.069999999999808,-8.249999999999808,30,2.0,PRIMARY_CONTINUES,2022-05-10 18:33:00,True,2022-05-09 13:16:00,1861.4,DOWN,11.019999999999982,0.9824929162623056,2,18.350000000000136,8.2199999999998,34.766666666666666,1.6360022698197343,0.7328576925295798,0.5866427757718815,0.33254978018676956,0.4261629890865722,0.9495054045547787,0.33254978018676956,0.6570755710393213,1.6360022698197343,0.33254978018676956,1.1509966922818935,1.6360022698197343,0.6873884196354084,-0.06864968652649353,0.5-1
FULL_2022_202608,2022-05-10 18:33:00,DOWN,1844.38,1865.43,21.049999999999955,11.216365856278465,1.876721949847688,SAME_NEAREST,23.5,48.02999999999997,MULTI_CHILD_ERA4,CHALLENGE_OPENS,2022-05-12 04:32:00,1858.09,-0.6513064133016551,2022,-13.709999999999809,0.18,0.18,0.18,-13.709999999999809,-13.889999999999809,-14.069999999999808,-14.249999999999808,30,3.0,CHALLENGE_OPENS,2022-05-12 04:32:00,False,2022-05-09 13:16:00,1861.4,DOWN,17.019999999999982,1.5174255385466835,3,12.350000000000136,14.2199999999998,33.983333333333334,1.1010696475353565,1.2677903148139575,0.2656832024012426,0.2861889529221251,0.08202300208361109,0.4145727822704009,0.2861889529221251,0.3227426821115852,1.1010696475353565,0.2861889529221251,0.6570755710393213,1.1010696475353565,1.2223210419197863,-0.83716955387504,1-2
FULL_2022_202608,2022-05-12 19:52:00,DOWN,1832.03,1849.09,17.059999999999945,11.294249890346412,1.5105031467899184,SAME_NEAREST,11.149999999999864,26.730000000000015,MULTI_CHILD_ERA4,CHALLENGE_OPENS,2022-05-16 20:45:00,1817.61,0.8452520515826565,2022,14.420000000000073,0.18,0.18,0.18,14.420000000000073,14.240000000000073,14.060000000000073,13.880000000000074,31,1.0,PRIMARY_CONTINUES,2022-05-13 01:27:00,True,2022-05-12 19:52:00,1832.03,DOWN,0.0,0.0,1,45.26999999999998,0.9600000000000364,96.88333333333334,4.008234317419683,0.0849990047431642,0.9022290190966823,0.0849990047431642,0.7968656694671341,0.9332182395759516,0.0849990047431642,0.8712397986173928,1.8761759484454017,0.0849990047431642,0.43739071190752066,2.91829916284853,0.0849990047431642,1.9540917027932887,<=0.5
FULL_2022_202608,2022-05-13 01:27:00,DOWN,1820.88,1849.09,28.20999999999981,11.337112985697203,2.488287806215681,SAME_NEAREST,5.5,37.87999999999988,MULTI_CHILD_ERA4,CHALLENGE_OPENS,2022-05-16 20:45:00,1817.61,0.1159163417228015,2022,3.270000000000209,0.18,0.18,0.18,3.270000000000209,3.090000000000209,2.9100000000002093,2.730000000000209,31,2.0,PRIMARY_CONTINUES,2022-05-13 01:32:00,True,2022-05-12 19:52:00,1832.03,DOWN,11.149999999999864,0.9834955348920488,2,34.12000000000012,7.9099999999998545,91.3,3.0095845426472856,0.6977084915691532,0.8855870107907156,0.05380558531695594,0.11819587594219773,0.8855870107907156,0.40751115436782187,-0.3554696866022402,0.8855870107907156,0.6977084915691532,0.25579704494951266,1.9237701897754276,0.6977084915691532,0.8388378956792568,0.5-1
FULL_2022_202608,2022-05-13 01:32:00,DOWN,1815.38,1849.09,33.70999999999981,11.337112985697203,2.973420132844052,SAME_NEAREST,23.25,43.37999999999988,MULTI_CHILD_ERA4,CHALLENGE_OPENS,2022-05-16 20:45:00,1817.61,-0.0661524770097835,2022,-2.229999999999791,0.18,0.18,0.18,-2.229999999999791,-2.409999999999791,-2.5899999999997907,-2.769999999999791,31,3.0,PRIMARY_CONTINUES,2022-05-13 15:27:00,True,2022-05-12 19:52:00,1832.03,DOWN,16.649999999999864,1.4686278615204196,3,28.62000000000012,13.409999999999854,91.21666666666667,2.5244522160189145,1.182840818197524,0.40045468416234475,0.5248249715343124,-0.38810586130268465,0.40045468416234475,0.8952896573232542,-0.8397199544549239,0.40045468416234475,1.182840818197524,-0.13142675757748484,1.4386378631470567,1.182840818197524,0.35370556905088596,1-2
FULL_2022_202608,2022-05-13 15:27:00,DOWN,1810.84,1828.79,17.950000000000045,11.296525324807202,1.5889841773365296,SAME_NEAREST,18.70999999999981,47.92000000000007,MULTI_CHILD_ERA4,CHALLENGE_OPENS,2022-05-16 20:45:00,1817.61,-0.377158774373257,2022,-6.769999999999982,0.18,0.18,0.18,-6.769999999999982,-6.9499999999999815,-7.129999999999982,-7.309999999999982,31,4.0,PRIMARY_CONTINUES,2022-05-16 10:44:00,True,2022-05-12 19:52:00,1832.03,DOWN,21.190000000000055,1.8757980344156582,4+,24.079999999999927,7.490000000000009,77.3,2.131628913106597,0.6630357375069967,1.0419133017967062,0.37976279224367676,0.5497265594016446,1.0419133017967062,0.6630357375069967,-0.13278419309218878,1.0419133017967062,0.6630357375069967,-0.046917081559237614,1.0419133017967062,0.6630357375069967,-0.046917081559237614,1-2
FULL_2022_202608,2022-05-16 10:44:00,DOWN,1799.07,1817.61,18.539999999999964,11.3075968445056,1.639605678814824,SAME_NEAREST,6.939999999999827,29.720000000000027,MULTI_CHILD_ERA4,AMBIGUOUS,2022-05-16 20:45:00,,,2022,,0.18,0.18,0.18,,,,,31,5.0,PRIMARY_CONTINUES,2022-05-16 10:52:00,True,2022-05-12 19:52:00,1832.03,DOWN,32.960000000000036,2.9148545401152512,4+,12.309999999999945,18.840000000000146,10.016666666666667,1.088648646505417,1.666136515041617,1.088648646505417,0.18748457600256888,-0.01503414052851348,1.088648646505417,0.7322510798590466,-0.11673567939783387,1.088648646505417,1.666136515041617,-1.6404900400223823,1.088648646505417,1.666136515041617,-1.6404900400223823,2-3
FULL_2022_202608,2022-05-16 10:52:00,DOWN,1792.13,1817.61,25.47999999999979,11.3075968445056,2.2533523568609195,SAME_NEAREST,3.550000000000182,36.659999999999854,MULTI_CHILD_ERA4,AMBIGUOUS,2022-05-16 20:45:00,,,2022,,0.18,0.18,0.18,,,,,31,6.0,PRIMARY_CONTINUES,2022-05-16 10:53:00,True,2022-05-12 19:52:00,1832.03,DOWN,39.899999999999864,3.528601218161347,4+,5.370000000000118,25.779999999999973,9.883333333333333,0.4749019684593212,2.279883193087713,0.4749019684593212,0.7950407255957356,-0.5421134202338024,0.4749019684593212,1.3459977579051423,-0.6314339021972846,0.4749019684593212,2.279883193087713,-2.254236718068478,0.4749019684593212,2.279883193087713,-2.254236718068478,3-4
FULL_2022_202608,2022-05-16 10:53:00,DOWN,1788.58,1817.61,29.029999999999973,11.3075968445056,2.5673005855444653,SAME_NEAREST,8.379999999999882,40.21000000000004,MULTI_CHILD_ERA4,AMBIGUOUS,2022-05-16 20:45:00,,,2022,,0.18,0.18,0.18,,,,,31,7.0,CHALLENGE_OPENS,2022-05-16 20:45:00,False,2022-05-12 19:52:00,1832.03,DOWN,43.450000000000045,3.8425494468448926,4+,1.8199999999999363,29.330000000000155,9.866666666666667,0.16095373977577565,2.593831421771258,0.16095373977577565,1.108988954279281,-0.8357213411434838,0.16095373977577565,1.6599459865886879,-0.9135451274087064,0.16095373977577565,2.593831421771258,-2.5681849467520235,0.16095373977577565,2.593831421771258,-2.5681849467520235,3-4
FULL_2022_202608,2022-05-17 02:52:00,UP,1828.79,1798.07,30.720000000000027,11.392015749899038,2.696625485289755,SAME_NEAREST,29.970000000000027,42.02999999999997,MULTI_CHILD_ERA4,CHALLENGE_OPENS,2022-05-20 16:55:00,1836.52,0.251627604166667,2022,7.730000000000018,0.18,0.18,0.18,7.730000000000018,7.5500000000000185,7.370000000000018,7.190000000000018,32,1.0,PRIMARY_CONTINUES,2022-05-19 12:08:00,True,2022-05-17 02:52:00,1828.79,UP,0.0,0.0,1,20.579999999999927,21.470000000000027,86.05,1.8065284012780898,1.8846532932672873,0.037745734331860854,0.31601079905738494,-0.23964152261852456,0.037745734331860854,0.6091985959606455,-0.5644303994275157,0.6390440603160589,0.6091985959606455,0.5582857450014053,0.6390440603160589,1.396592170278632,-1.263165388454401,<=0.5
FULL_2022_202608,2022-05-19 12:08:00,UP,1824.72,1807.32,17.40000000000009,11.173173400443714,1.5573015271837716,SAME_NEAREST,11.349999999999907,17.40000000000009,MULTI_CHILD_ERA4,CHALLENGE_OPENS,2022-05-20 16:55:00,1836.52,0.6781609195402237,2022,11.799999999999955,0.18,0.18,0.18,11.799999999999955,11.619999999999955,11.439999999999955,11.259999999999955,32,2.0,PRIMARY_CONTINUES,2022-05-19 15:35:00,True,2022-05-17 02:52:00,1828.79,UP,-4.069999999999936,-0.3642653572205643,2,24.649999999999864,1.1700000000000728,28.783333333333335,2.2061771635103193,0.10471510268994923,0.5110455011620314,0.10471510268994923,0.4233354151482316,1.484806456090719,0.10471510268994923,1.3272863016169598,2.1882771459564996,0.10471510268994923,1.5492465192845324,2.2061771635103193,0.10471510268994923,1.8231167878582237,<=0.5
FULL_2022_202608,2022-05-19 15:35:00,UP,1836.07,1810.85,25.220000000000027,11.173173400443714,2.257192213538768,SAME_NEAREST,22.69000000000005,28.75,MULTI_CHILD_ERA4,CHALLENGE_OPENS,2022-05-20 16:55:00,1836.52,0.0178429817605093,2022,0.4500000000000455,0.18,0.18,0.18,0.4500000000000455,0.2700000000000455,0.09000000000004549,-0.08999999999995456,32,3.0,PRIMARY_CONTINUES,2022-05-20 10:04:00,True,2022-05-17 02:52:00,1828.79,UP,7.279999999999973,0.6515606389596411,3,13.299999999999955,3.730000000000018,25.333333333333332,1.190351167330114,0.3338353273790498,0.48419547483128095,0.23091022644448256,-0.2067452027468051,1.172451149776294,0.3338353273790498,0.5853305740104457,1.172451149776294,0.3338353273790498,0.5056754958958853,1.190351167330114,0.3338353273790498,0.6435056310604221,0.5-1
FULL_2022_202608,2022-05-20 10:04:00,UP,1849.17,1836.52,12.650000000000093,11.152799995700969,1.1342443157661075,SAME_NEAREST,9.589999999999918,38.32000000000016,MULTI_CHILD_ERA4,AMBIGUOUS,2022-05-20 16:55:00,,,2022,,0.18,0.18,0.18,,,,,32,4.0,CHALLENGE_OPENS,2022-05-20 16:55:00,False,2022-05-17 02:52:00,1828.79,UP,20.38000000000011,1.8273438067441286,4+,0.1999999999998181,12.720000000000027,6.85,0.017932716454783677,1.1405207665252817,0.017932716454783677,0.6653037804730861,-0.44652463972452133,0.017932716454783677,0.6653037804730861,-0.41962556504232545,0.017932716454783677,1.1405207665252817,-1.0329244677964777,0.017932716454783677,1.1405207665252817,-1.0329244677964777,1-2
FULL_2022_202608,2022-05-23 13:11:00,UP,1865.43,1851.98,13.450000000000044,11.075734859700972,1.214366375719035,SAME_NEAREST,26.980000000000015,33.11000000000013,MULTI_CHILD_ERA4,SL,2022-05-23 18:21:00,1851.98,-1.0,2022,-13.450000000000045,0.18,0.18,0.18,-13.450000000000045,-13.630000000000045,-13.810000000000045,-13.990000000000045,33,3.0,PRIMARY_CONTINUES,2022-05-24 16:46:00,True,2022-05-23 01:00:00,1849.37,UP,16.060000000000173,1.4500166538325536,3,0.009999999999990905,13.720000000000027,5.166666666666667,0.0009028746287865624,1.2387439906962927,0.0009028746287865624,0.5137356637800262,-0.5010954189769938,0.0009028746287865624,1.1475536531887678,-0.8685653928934738,0.0009028746287865624,1.2387439906962927,-1.1827657637114848,0.0009028746287865624,1.2387439906962927,-1.1827657637114848,1-2
FULL_2022_202608,2022-05-24 16:46:00,UP,1865.44,1850.33,15.110000000000127,10.977088678301032,1.376503410222861,OPPOSITE_NEAREST,26.970000000000027,18.360000000000127,MULTI_CHILD_ERA4,SL,2022-05-25 16:00:00,1850.33,-1.0,2022,-15.110000000000127,0.18,0.18,0.18,-15.110000000000127,-15.290000000000127,-15.470000000000127,-15.650000000000126,33,4.0,CHALLENGE_OPENS,2022-05-25 17:00:00,False,2022-05-23 01:00:00,1849.37,UP,16.070000000000164,1.4639582926724959,4+,4.240000000000009,17.360000000000127,23.233333333333334,0.38625906415254097,1.5814757909641852,0.30973604200909993,0.470069993166778,0.011842848665043525,0.38625906415254097,0.470069993166778,-0.06923511527262428,0.38625906415254097,0.470069993166778,-0.19312953207628084,0.38625906415254097,1.5814757909641852,-1.4384506186246686,1-2
FULL_2022_202608,2022-05-23 01:00:00,UP,1849.37,1832.32,17.049999999999955,11.10108227112226,1.5358862842006749,SAME_NEAREST,9.3900000000001,38.51999999999998,MULTI_CHILD_ERA4,CHALLENGE_OPENS,2022-05-25 17:00:00,1847.08,-0.1343108504398809,2022,-2.2899999999999636,0.18,0.18,0.18,-2.2899999999999636,-2.469999999999964,-2.6499999999999635,-2.8299999999999637,33,1.0,PRIMARY_CONTINUES,2022-05-23 11:19:00,True,2022-05-23 01:00:00,1849.37,UP,0.0,0.0,1,20.310000000000173,5.869999999999891,64.0,1.8295513449921437,0.5287772720385816,0.3522179103357642,0.5287772720385816,-0.12611382978772673,0.39095287234200404,0.5287772720385816,-0.03152845744692656,1.424185463531554,0.5287772720385816,1.3647318009173268,1.447606603349276,0.5287772720385816,0.3639284802446355,<=0.5
FULL_2022_202608,2022-05-23 11:19:00,UP,1858.76,1832.32,26.44000000000005,11.07531997064902,2.387289944676032,SAME_NEAREST,6.670000000000073,26.44000000000005,MULTI_CHILD_ERA4,CHALLENGE_OPENS,2022-05-25 17:00:00,1847.08,-0.4417549167927397,2022,-11.680000000000064,0.18,0.18,0.18,-11.680000000000064,-11.860000000000063,-12.040000000000063,-12.220000000000063,33,2.0,PRIMARY_CONTINUES,2022-05-23 13:11:00,True,2022-05-23 01:00:00,1849.37,UP,9.3900000000001,0.8478310355714122,2,10.920000000000073,11.690000000000055,53.68333333333333,0.9859760285878364,1.055499979321592,0.4063088029894903,0.06139777467397317,0.3512313874731462,0.6031428453266269,0.06139777467397317,0.33768776070682166,0.6031428453266269,1.054597070870505,-0.495696739647179,0.6031428453266269,1.054597070870505,0.022572711277193905,0.5-1
FULL_2022_202608,2022-05-26 14:24:00,DOWN,1841.99,1850.8,8.809999999999945,10.791631764517502,0.8163732966655617,SAME_NEAREST,9.670000000000073,27.69000000000005,MULTI_CHILD_ERA4,SL,2022-05-26 17:04:00,1850.8,-1.0,2022,-8.809999999999945,0.18,0.18,0.18,-8.809999999999945,-8.989999999999945,-9.169999999999945,-9.349999999999945,34,1.0,CHALLENGE_OPENS,2022-05-30 08:06:00,False,2022-05-26 14:24:00,1841.99,DOWN,0.0,0.0,1,0.9800000000000182,8.829999999999927,2.6666666666666665,0.09081110450990582,0.8182265845127008,0.09081110450990582,0.5050209383458997,-0.23814748835759983,0.09081110450990582,0.8182265845127008,-0.8182265845127008,0.09081110450990582,0.8182265845127008,-0.8182265845127008,0.09081110450990582,0.8182265845127008,-0.8182265845127008,<=0.5
FULL_2022_202608,2022-05-31 03:30:00,DOWN,1848.14,1861.06,12.919999999999844,10.529986561763938,1.2269721261482354,SAME_NEAREST,7.130000000000109,15.829999999999927,MULTI_CHILD_ERA4,CHALLENGE_OPENS,2022-06-02 09:24:00,1849.93,-0.1385448916408657,2022,-1.7899999999999636,0.18,0.18,0.18,-1.7899999999999636,-1.9699999999999636,-2.1499999999999635,-2.3299999999999637,35,1.0,PRIMARY_CONTINUES,2022-05-31 17:26:00,True,2022-05-31 03:30:00,1848.14,DOWN,0.0,0.0,1,19.680000000000064,8.929999999999836,53.9,1.8689482540710247,0.8480542636612749,0.20702780456681605,0.16239336963725026,-0.08452052571763052,0.20702780456681605,0.5004754725078371,-0.4245019662447703,0.3399814405271614,0.8480542636612749,0.009496688282894149,1.3219390089770688,0.8480542636612749,1.1434012692589137,<=0.5
FULL_2022_202608,2022-05-31 17:26:00,DOWN,1841.01,1857.07,16.059999999999945,10.481906567855274,1.532164010052421,SAME_NEAREST,8.690000000000055,22.96000000000004,MULTI_CHILD_ERA4,CHALLENGE_OPENS,2022-06-02 09:24:00,1849.93,-0.5554171855541783,2022,-8.920000000000073,0.18,0.18,0.18,-8.920000000000073,-9.100000000000072,-9.280000000000072,-9.460000000000072,35,2.0,PRIMARY_CONTINUES,2022-06-01 07:49:00,True,2022-05-31 03:30:00,1848.14,DOWN,7.130000000000109,0.6802197628688647,2,12.549999999999955,9.769999999999982,39.96666666666667,1.197301265638722,0.9320823398637719,0.12402323867173626,0.5800471470185953,-0.04006904634010775,0.12402323867173626,0.5800471470185953,-0.06868979372588971,0.7384152825532871,0.5800471470185953,0.47605843151691285,1.197301265638722,0.7689440797647865,0.10971286497885613,0.5-1
FULL_2022_202608,2022-06-01 07:49:00,DOWN,1832.32,1855.39,23.070000000000164,10.48025363734165,2.201282602340905,SAME_NEAREST,21.470000000000027,24.75,MULTI_CHILD_ERA4,CHALLENGE_OPENS,2022-06-02 09:24:00,1849.93,-0.76332899869961,2022,-17.610000000000127,0.18,0.18,0.18,-17.610000000000127,-17.790000000000127,-17.970000000000127,-18.150000000000126,35,3.0,CHALLENGE_OPENS,2022-06-02 09:24:00,False,2022-05-31 03:30:00,1848.14,DOWN,15.820000000000164,1.509505451626928,3,3.8599999999999,18.460000000000036,25.583333333333332,0.36831169679391473,1.761407752024833,0.2681232818629293,0.12118027329748111,0.041029541352675426,0.2681232818629293,0.46372923482345046,0.03435031369061552,0.36831169679391473,1.6726694416573789,-1.4055003351747437,0.36831169679391473,1.6803028446997548,-1.2222986621580916,1-2
FULL_2022_202608,2022-06-02 18:53:00,UP,1869.68,1850.8,18.88000000000011,10.353225634848648,1.823586258610128,SAME_NEAREST,22.730000000000015,25.6400000000001,MULTI_CHILD_ERA4,SL,2022-06-03 19:02:00,1850.8,-1.0,2022,-18.88000000000011,0.18,0.18,0.18,-18.88000000000011,-19.06000000000011,-19.24000000000011,-19.42000000000011,36,3.0,CHALLENGE_OPENS,2022-06-06 17:02:00,False,2022-06-02 15:01:00,1857.07,UP,12.610000000000127,1.2179778983619602,3,4.389999999999873,19.980000000000018,24.15,0.4240224404289291,1.9298333393554117,0.07727060417839039,0.18544945002815452,-0.1622682687746352,0.07727060417839039,0.31487771202695786,-0.0009658825522290564,0.4240224404289291,0.31487771202695786,-0.07823648673064142,0.4240224404289291,1.7501791846406534,-1.7009191744769276,1-2
FULL_2022_202608,2022-06-02 15:01:00,UP,1857.07,1844.08,12.990000000000007,10.367042537836628,1.2530092311853034,SAME_NEAREST,6.900000000000091,28.6099999999999,MULTI_CHILD_ERA4,CHALLENGE_OPENS,2022-06-06 17:02:00,1847.35,-0.7482678983833734,2022,-9.720000000000027,0.18,0.18,0.18,-9.720000000000027,-9.900000000000027,-10.080000000000027,-10.260000000000026,36,1.0,PRIMARY_CONTINUES,2022-06-02 16:32:00,True,2022-06-02 15:01:00,1857.07,UP,0.0,0.0,1,17.0,9.889999999999873,98.01666666666667,1.6398119268783788,0.9539847033427622,0.18616688346325738,0.6048012224427886,0.1446892876657393,1.225035968903264,0.6048012224427886,1.0591255857132136,1.302203588991654,0.6048012224427886,1.1391869915549375,1.6398119268783788,0.6048012224427886,0.6800396520289703,<=0.5
FULL_2022_202608,2022-06-02 16:32:00,UP,1863.97,1844.08,19.8900000000001,10.353225634848648,1.9211403963853504,SAME_NEAREST,5.710000000000036,19.930000000000064,MULTI_CHILD_ERA4,CHALLENGE_OPENS,2022-06-06 17:02:00,1847.35,-0.835595776772249,2022,-16.62000000000012,0.18,0.18,0.18,-16.62000000000012,-16.800000000000118,-16.980000000000118,-17.160000000000117,36,2.0,PRIMARY_CONTINUES,2022-06-02 18:53:00,True,2022-06-02 15:01:00,1857.07,UP,6.900000000000091,0.6664589610386639,2,10.099999999999909,16.789999999999964,96.5,0.9755413777522254,1.6217168051940571,0.5370306990398385,0.1777223896103001,0.30328712140018727,0.6287895415016868,0.1777223896103001,0.4259542055334092,0.9755413777522254,0.1777223896103001,0.7311730920380545,0.9755413777522254,0.7089577933367642,-0.09562237267076443,0.5-1
FULL_2022_202608,2022-06-06 18:11:00,DOWN,1844.04,1857.78,13.740000000000007,10.171430175782486,1.3508424835589057,SAME_NEAREST,15.579999999999927,30.029999999999973,MULTI_CHILD_ERA4,CHALLENGE_OPENS,2022-06-08 16:15:00,1855.56,-0.8384279475982513,2022,-11.519999999999982,0.18,0.18,0.18,-11.519999999999982,-11.699999999999982,-11.879999999999981,-12.059999999999981,37,1.0,CHALLENGE_OPENS,2022-06-08 16:15:00,False,2022-06-06 18:11:00,1844.04,DOWN,0.0,0.0,1,7.1599999999998545,11.990000000000009,46.06666666666667,0.7039324732373771,1.1787919488989287,0.23988760261163036,0.10912919627005503,0.05800560882821275,0.3313201724594877,0.10912919627005503,0.20842693341664706,0.7039324732373771,0.10912919627005503,0.21825839254008772,0.7039324732373771,0.9339886167255891,-0.7304774128706512,<=0.5
FULL_2022_202608,2022-06-08 18:05:00,UP,1857.78,1844.58,13.200000000000044,9.987403622429444,1.321664818908073,SAME_NEAREST,16.289999999999964,20.899999999999864,MULTI_CHILD_ERA4,AMBIGUOUS,2022-06-09 15:05:00,,,2022,,0.18,0.18,0.18,,,,,38,1.0,CHALLENGE_OPENS,2022-06-09 15:05:00,False,2022-06-08 18:05:00,1857.78,UP,0.0,0.0,1,1.8500000000001364,13.259999999999991,21.0,0.18523332689243238,1.3276723862667408,0.18523332689243238,0.10613369000321823,-0.07108954707763461,0.18523332689243238,0.5386785398276707,-0.4405549396360092,0.18523332689243238,0.896128797668733,-0.42653728246578493,0.18523332689243238,1.3276723862667408,-1.2926282433411571,<=0.5
FULL_2022_202608,2022-06-10 14:20:00,DOWN,1840.03,1847.58,7.549999999999954,9.74890563045592,0.77444590051354,SAME_NEAREST,3.149999999999864,19.600000000000136,MULTI_CHILD_ERA4,SL,2022-06-10 17:31:00,1847.58,-1.0,2022,-7.5499999999999545,0.18,0.18,0.18,-7.5499999999999545,-7.729999999999954,-7.909999999999955,-8.089999999999954,39,1.0,PRIMARY_CONTINUES,2022-06-10 14:40:00,True,2022-06-10 14:20:00,1840.03,DOWN,0.0,0.0,1,14.990000000000009,9.299999999999955,3.183333333333333,1.5376084832712638,0.953953228447143,0.8165019030579925,0.13027103227181294,0.6226339888896909,1.5376084832712638,0.953953228447143,-0.6964884323823761,1.5376084832712638,0.953953228447143,-0.6964884323823761,1.5376084832712638,0.953953228447143,-0.6964884323823761,<=0.5
FULL_2022_202608,2022-06-10 14:40:00,DOWN,1836.88,1847.58,10.699999999999818,9.74890563045592,1.0975590907940116,SAME_NEAREST,8.420000000000073,22.75,MULTI_CHILD_ERA4,SL,2022-06-10 17:31:00,1847.58,-1.0,2022,-10.699999999999818,0.18,0.18,0.18,-10.699999999999818,-10.879999999999818,-11.059999999999818,-11.239999999999817,39,2.0,PRIMARY_CONTINUES,2022-06-10 15:30:00,True,2022-06-10 14:20:00,1840.03,DOWN,3.1499999999998636,0.32311319028047153,2,11.840000000000146,12.449999999999818,2.85,1.2144952929907922,1.2770664187276146,1.2144952929907922,0.7857292182693562,-0.736492922607566,1.2144952929907922,1.2770664187276146,-1.0196016226628477,1.2144952929907922,1.2770664187276146,-1.0196016226628477,1.2144952929907922,1.2770664187276146,-1.0196016226628477,<=0.5
FULL_2022_202608,2022-06-10 15:30:00,DOWN,1828.46,1847.58,19.11999999999989,9.74890563045592,1.9612457771945548,SAME_NEAREST,17.610000000000127,31.170000000000076,MULTI_CHILD_ERA4,SL,2022-06-10 17:31:00,1847.58,-1.0,2022,-19.11999999999989,0.18,0.18,0.18,-19.11999999999989,-19.29999999999989,-19.47999999999989,-19.65999999999989,39,3.0,CHALLENGE_OPENS,2022-06-10 18:21:00,False,2022-06-10 14:20:00,1840.03,DOWN,11.569999999999936,1.1867998766810148,3,3.4200000000000728,20.86999999999989,2.0166666666666666,0.3508086065902489,2.140753105128158,0.3508086065902489,1.7807126931013322,-0.38055553521924224,0.3508086065902489,2.140753105128158,-1.883288309063391,0.3508086065902489,2.140753105128158,-1.883288309063391,0.3508086065902489,2.140753105128158,-1.883288309063391,1-2
FULL_2022_202608,2022-06-14 01:02:00,DOWN,1810.85,1833.59,22.74000000000001,10.138584354386056,2.242916683941427,SAME_NEAREST,3.5299999999999727,67.93000000000006,MULTI_CHILD_ERA4,CHALLENGE_OPENS,2022-06-15 14:20:00,1831.54,-0.9098504837291136,2022,-20.690000000000055,0.18,0.18,0.18,-20.690000000000055,-20.870000000000054,-21.050000000000054,-21.230000000000054,41,1.0,PRIMARY_CONTINUES,2022-06-14 21:41:00,True,2022-06-14 01:02:00,1810.85,DOWN,0.0,0.0,1,5.7999999999999545,21.720000000000027,37.3,0.5720719774344842,2.142310922392605,0.1834575651772572,1.1609115817937796,-0.9833720025899771,0.1834575651772572,1.4301799435862217,-1.3384511609976044,0.1834575651772572,2.040718829848207,-1.2003648216168568,0.5720719774344842,2.040718829848207,0.343243186460695,<=0.5
FULL_2022_202608,2022-06-14 21:41:00,DOWN,1808.99,1831.54,22.549999999999955,10.136300766296252,2.2246774755322893,SAME_NEAREST,1.6700000000000728,22.549999999999955,MULTI_CHILD_ERA4,AMBIGUOUS,2022-06-15 14:20:00,,,2022,,0.18,0.18,0.18,,,,,41,2.0,PRIMARY_CONTINUES,2022-06-14 21:53:00,True,2022-06-14 01:02:00,1810.85,DOWN,1.8599999999999,0.18349889598624586,2,3.9400000000000546,23.579999999999927,16.65,0.3887019624655148,2.3262924555676863,0.3887019624655148,0.1529157466552086,-0.054260426232490486,0.3887019624655148,0.1529157466552086,0.04242178778177508,0.3887019624655148,1.3574972090166004,-1.3150754212348255,0.3887019624655148,2.3262924555676863,-2.1043179846165705,<=0.5
FULL_2022_202608,2022-06-14 21:53:00,DOWN,1807.32,1831.54,24.220000000000027,10.136300766296252,2.389431860638236,SAME_NEAREST,20.559999999999945,24.220000000000027,MULTI_CHILD_ERA4,AMBIGUOUS,2022-06-15 14:20:00,,,2022,,0.18,0.18,0.18,,,,,41,3.0,CHALLENGE_OPENS,2022-06-15 14:20:00,False,2022-06-14 01:02:00,1810.85,DOWN,3.5299999999999727,0.3482532810921923,3,2.269999999999982,25.25,16.45,0.22394757735956836,2.491046840673633,0.22394757735956836,0.31767013176115505,-0.087803235176229,0.22394757735956836,0.31767013176115505,-0.12430570373262394,0.22394757735956836,1.522251594122547,-1.217406654016356,0.22394757735956836,2.491046840673633,-2.269072369722517,<=0.5
FULL_2022_202608,2022-06-16 18:22:00,UP,1841.82,1815.94,25.87999999999988,10.229219155530034,2.5300073843866038,OPPOSITE_NEAREST,36.96000000000004,28.169999999999845,MULTI_CHILD_ERA4,CHALLENGE_OPENS,2022-06-17 16:59:00,1841.63,-0.0073415765069485,2022,-0.1899999999998272,0.18,0.18,0.18,-0.1899999999998272,-0.3699999999998272,-0.5499999999998272,-0.7299999999998272,42,1.0,CHALLENGE_OPENS,2022-06-17 16:59:00,False,2022-06-16 18:22:00,1841.82,UP,0.0,0.0,1,15.720000000000027,1.5599999999999454,22.616666666666667,1.5367741917526143,0.15250430910521567,0.5308323066931793,0.15250430910521567,0.44675941834031085,1.0665525720115214,0.15250430910521567,0.9248017718816642,1.5367741917526143,0.15250430910521567,0.2483082981584973,1.5367741917526143,0.15250430910521567,0.02932775175099959,<=0.5
FULL_2022_202608,2022-06-21 08:45:00,DOWN,1833.81,1842.38,8.570000000000164,10.131912918314583,0.8458422480624479,OPPOSITE_NEAREST,17.86999999999989,12.299999999999956,MULTI_CHILD_ERA4,AMBIGUOUS,2022-06-21 17:37:00,,,2022,,0.18,0.18,0.18,,,,,43,1.0,CHALLENGE_OPENS,2022-06-21 17:37:00,False,2022-06-21 08:45:00,1833.81,DOWN,0.0,0.0,1,3.0799999999999272,9.650000000000091,8.866666666666667,0.30398997946700446,0.9524361369664577,0.019739609056303946,0.23194040641153207,-0.015791687245047644,0.12830745886594197,0.549748112217956,-0.3790004938809639,0.30398997946700446,0.9524361369664577,-0.9208527624763849,0.30398997946700446,0.9524361369664577,-0.9208527624763849,<=0.5
FULL_2022_202608,2022-06-22 15:45:00,UP,1843.6,1823.38,20.2199999999998,10.038920595400322,2.0141607663740557,SAME_NEAREST,2.509999999999991,27.65999999999985,MULTI_CHILD_ERA4,AMBIGUOUS,2022-06-23 21:18:00,,,2022,,0.18,0.18,0.18,,,,,44,1.0,PRIMARY_CONTINUES,2022-06-22 15:47:00,True,2022-06-22 15:45:00,1843.6,UP,0.0,0.0,1,4.25,20.49000000000001,29.55,0.4233522876899021,2.041056088180258,0.3107903853158928,0.8267821147826278,-0.029883690895753264,0.4233522876899021,0.8267821147826278,-0.539898682183342,0.4233522876899021,0.8267821147826278,-0.8088519002451667,0.4233522876899021,1.9633584918512679,-1.137572500098498,<=0.5
FULL_2022_202608,2022-06-22 15:47:00,UP,1846.11,1823.38,22.72999999999979,10.038920595400322,2.264187646868561,SAME_NEAREST,6.830000000000155,30.169999999999845,MULTI_CHILD_ERA4,AMBIGUOUS,2022-06-23 21:18:00,,,2022,,0.18,0.18,0.18,,,,,44,2.0,CHALLENGE_OPENS,2022-06-23 21:18:00,False,2022-06-22 15:45:00,1843.6,UP,2.509999999999991,0.25002688049450594,2,1.740000000000009,23.0,29.516666666666666,0.1733254071953961,2.2910829686747642,0.060763504821386864,1.0768089952771336,-0.2729377101812554,0.1733254071953961,1.0768089952771336,-0.7421116572446337,0.1733254071953961,1.10968105526246,-1.10968105526246,0.1733254071953961,2.213385372345774,-1.3826187654437154,<=0.5
FULL_2022_202608,2022-06-27 01:00:00,UP,1831.78,1816.84,14.940000000000056,9.988001504710423,1.4957947286005342,SAME_NEAREST,14.299999999999956,15.839999999999918,MULTI_CHILD_ERA4,CHALLENGE_OPENS,2022-06-28 14:22:00,1820.73,-0.7396251673360049,2022,-11.049999999999955,0.39,0.18,0.39,-11.049999999999955,-11.439999999999955,-11.829999999999954,-12.219999999999954,45,1.0,CHALLENGE_OPENS,2022-06-28 14:22:00,False,2022-06-27 01:00:00,1831.78,UP,0.0,0.0,1,9.170000000000073,11.319999999999936,37.36666666666667,0.9181015837528084,1.1333598612957088,0.7579093772092307,0.0911093174716602,0.2212654852883014,0.7579093772092307,0.3644372698865953,0.2693231472513724,0.9181015837528084,0.3644372698865953,0.6547856442468142,0.9181015837528084,1.1063274264414842,-0.9160991811709929,<=0.5
FULL_2022_202608,2022-06-29 09:33:00,DOWN,1816.84,1822.92,6.080000000000155,9.757748319949163,0.6230945706572425,SAME_NEAREST,0.8999999999998636,12.620000000000118,MULTI_CHILD_ERA4,SL,2022-06-29 13:38:00,1822.92,-1.0,2022,-6.080000000000155,0.18,0.18,0.18,-6.080000000000155,-6.260000000000154,-6.440000000000155,-6.620000000000155,46,1.0,PRIMARY_CONTINUES,2022-06-29 09:41:00,True,2022-06-29 09:33:00,1816.84,DOWN,0.0,0.0,1,4.819999999999936,7.290000000000191,4.083333333333333,0.49396641950128184,0.7470985888308063,0.09428404687574873,0.3094976321356601,-0.11068127241939166,0.49396641950128184,0.3094976321356601,-0.2664549150836965,0.49396641950128184,0.7470985888308063,-0.6989317387964455,0.49396641950128184,0.7470985888308063,-0.6989317387964455,<=0.5
FULL_2022_202608,2022-06-29 09:41:00,DOWN,1815.94,1822.92,6.980000000000018,9.757748319949163,0.7153289643400417,SAME_NEAREST,2.289999999999964,13.519999999999982,MULTI_CHILD_ERA4,SL,2022-06-29 13:38:00,1822.92,-1.0,2022,-6.980000000000018,0.18,0.18,0.18,-6.980000000000018,-7.160000000000018,-7.3400000000000185,-7.520000000000018,46,2.0,PRIMARY_CONTINUES,2022-06-29 12:32:00,True,2022-06-29 09:33:00,1816.84,DOWN,0.8999999999998636,0.09223439368279919,2,3.9200000000000728,8.190000000000055,3.95,0.4017320258184826,0.8393329825136054,0.00204965319294954,0.4017320258184593,-0.14859985648898144,0.4017320258184826,0.8393329825136054,-0.7911661324792447,0.4017320258184826,0.8393329825136054,-0.7911661324792447,0.4017320258184826,0.8393329825136054,-0.7911661324792447,<=0.5
FULL_2022_202608,2022-06-29 12:32:00,DOWN,1813.65,1822.92,9.269999999999982,9.739594162616116,0.9517850379825274,SAME_NEAREST,8.600000000000136,15.809999999999944,MULTI_CHILD_ERA4,SL,2022-06-29 13:38:00,1822.92,-1.0,2022,-9.269999999999982,0.18,0.18,0.18,-9.269999999999982,-9.449999999999982,-9.629999999999981,-9.809999999999981,46,3.0,CHALLENGE_OPENS,2022-06-29 15:30:00,False,2022-06-29 09:33:00,1816.84,DOWN,3.189999999999827,0.3275290475905182,3,1.6300000000001091,10.480000000000018,1.1,0.16735810268733833,1.0760201939651481,0.16735810268733833,0.6211757799130807,-0.6047479906922304,0.16735810268733833,1.0760201939651481,-1.0277635631289221,0.16735810268733833,1.0760201939651481,-1.0277635631289221,0.16735810268733833,1.0760201939651481,-1.0277635631289221,<=0.5
FULL_2022_202608,2022-06-30 12:42:00,DOWN,1812.02,1817.81,5.789999999999964,9.736720810569484,0.5946560564532933,SAME_NEAREST,6.970000000000027,20.950000000000045,MULTI_CHILD_ERA4,SL,2022-06-30 15:42:00,1817.81,-1.0,2022,-5.789999999999964,0.18,0.18,0.18,-5.789999999999964,-5.969999999999963,-6.149999999999964,-6.329999999999964,47,1.0,PRIMARY_CONTINUES,2022-06-30 14:39:00,True,2022-06-30 12:42:00,1812.02,DOWN,0.0,0.0,1,9.36999999999989,11.450000000000045,3.0,0.9623363124295906,1.1759605952314818,0.16432637138604858,0.10167694229512428,0.11810957943373848,0.9623363124295906,1.1759605952314818,-0.8534700913863328,0.9623363124295906,1.1759605952314818,-0.8534700913863328,0.9623363124295906,1.1759605952314818,-0.8534700913863328,<=0.5
FULL_2022_202608,2022-06-30 14:39:00,DOWN,1805.05,1817.81,12.759999999999993,9.736720810569484,1.310502811803811,SAME_NEAREST,18.289999999999964,27.920000000000076,MULTI_CHILD_ERA4,SL,2022-06-30 15:42:00,1817.81,-1.0,2022,-12.759999999999991,0.18,0.18,0.18,-12.759999999999991,-12.93999999999999,-13.11999999999999,-13.29999999999999,47,2.0,PRIMARY_CONTINUES,2022-07-01 06:31:00,True,2022-06-30 12:42:00,1812.02,DOWN,6.970000000000027,0.7158467553505177,2,2.3999999999998636,18.420000000000073,1.05,0.24648955707907289,1.8918073505819994,0.24648955707907289,0.4262215257825971,-0.4262215257825971,0.24648955707907289,1.8918073505819994,-1.5693168467368506,0.24648955707907289,1.8918073505819994,-1.5693168467368506,0.24648955707907289,1.8918073505819994,-1.5693168467368506,0.5-1
FULL_2022_202608,2022-07-01 06:31:00,DOWN,1802.65,1825.09,22.439999999999827,9.80846801814488,2.2878190517099743,SAME_NEAREST,15.8900000000001,22.439999999999827,MULTI_CHILD_ERA4,CHALLENGE_OPENS,2022-07-08 17:31:00,1746.45,2.504456327985761,2022,56.200000000000045,0.18,0.18,0.18,56.200000000000045,56.020000000000046,55.840000000000046,55.660000000000046,47,3.0,PRIMARY_CONTINUES,2022-07-01 14:38:00,True,2022-06-30 12:42:00,1812.02,DOWN,9.36999999999989,0.955296992625774,3,70.5300000000002,11.429999999999836,179.0,7.190725388462841,1.165319597194511,0.1916711148491548,0.04587872429897861,0.06117163239867678,1.0552106588769485,0.04587872429897861,0.5515642187946186,1.8535004616794915,0.6157944328132026,-0.42208426355076084,1.8535004616794915,0.6739074835919258,-0.6708489019719954,0.5-1
FULL_2022_202608,2022-07-01 14:38:00,DOWN,1786.76,1825.09,38.32999999999993,9.79171122745,3.9145353768752815,SAME_NEAREST,6.559999999999945,38.32999999999993,MULTI_CHILD_ERA4,CHALLENGE_OPENS,2022-07-08 17:31:00,1746.45,1.0516566657970263,2022,40.309999999999945,0.18,0.18,0.18,40.309999999999945,40.129999999999946,39.949999999999946,39.769999999999946,47,4.0,PRIMARY_CONTINUES,2022-07-05 11:08:00,True,2022-06-30 12:42:00,1812.02,DOWN,25.25999999999999,2.579732940774062,4+,54.6400000000001,27.319999999999936,170.88333333333333,5.580229924144698,2.7901149620723373,0.22774364441513095,0.43404057792121015,-0.07046776441544911,0.2338712761034248,2.239649382073451,-1.9210125342818682,0.2338712761034248,2.2978618831122892,-2.2947980672681423,0.2338712761034248,2.2978618831122892,-2.2947980672681423,2-3
FULL_2022_202608,2022-07-05 11:08:00,DOWN,1803.85,1812.05,8.200000000000045,9.668389495036193,0.8481247062098577,OPPOSITE_NEAREST,19.37999999999988,10.230000000000018,MULTI_CHILD_ERA4,CHALLENGE_OPENS,2022-07-08 17:31:00,1746.45,6.999999999999945,2022,57.399999999999864,0.18,0.18,0.18,57.399999999999864,57.219999999999864,57.039999999999864,56.859999999999864,47,5.0,PRIMARY_CONTINUES,2022-07-05 17:00:00,True,2022-06-30 12:42:00,1812.02,DOWN,8.170000000000073,0.8450218109432391,4+,71.73000000000002,1.4500000000000455,78.38333333333334,7.4190225824918015,0.14997327122003967,0.36407304461691065,0.06412650217685477,0.34235277775055695,0.7860668008774153,0.14997327122003967,0.585412906969225,4.12581640618426,0.14997327122003967,3.7855322252781147,4.245795023160296,0.14997327122003967,3.552815080281509,0.5-1
FULL_2022_202608,2022-07-05 17:00:00,DOWN,1780.2,1812.05,31.84999999999991,9.673912895384404,3.292359600963134,NO_SAME_TARGET,,31.84999999999991,MULTI_CHILD_ERA4,CHALLENGE_OPENS,2022-07-08 17:31:00,1746.45,1.0596546310832056,2022,33.75,0.18,0.18,0.18,33.75,33.57,33.39,33.21,47,6.0,PRIMARY_CONTINUES,2022-07-06 08:39:00,True,2022-06-30 12:42:00,1812.02,DOWN,31.819999999999936,3.289258477320157,4+,48.080000000000155,4.599999999999909,72.51666666666667,4.970067491815021,0.4755056252568338,1.4399550782234471,0.4755056252568338,1.1711910291652408,1.6787415987328562,0.4755056252568338,1.5991460918963865,1.6787415987328562,0.4755056252568338,1.101932601138693,2.5635955448629764,0.4755056252568338,2.4715955434546,3-4
FULL_2022_202608,2022-07-06 08:39:00,DOWN,1763.96,1772.78,8.819999999999936,9.756778618254357,0.903986894147443,NO_SAME_TARGET,,48.08999999999992,MULTI_CHILD_ERA4,CHALLENGE_OPENS,2022-07-08 17:31:00,1746.45,1.98526077097507,2022,17.50999999999999,0.18,0.18,0.18,17.50999999999999,17.32999999999999,17.14999999999999,16.96999999999999,47,7.0,PRIMARY_CONTINUES,2022-07-08 10:39:00,True,2022-06-30 12:42:00,1812.02,DOWN,48.059999999999945,4.925806137497322,4+,31.840000000000146,7.839999999999918,56.86666666666667,3.263372189303279,0.8035439059088356,0.11889170036407204,0.3751238132176342,-0.28595503794459765,0.11889170036407204,0.8035439059088356,-0.08814384682162314,3.263372189303279,0.8035439059088356,2.6586644029688085,3.263372189303279,0.8035439059088356,1.769026507141153,4-6
FULL_2022_202608,2022-07-08 10:39:00,DOWN,1737.91,1746.45,8.539999999999964,9.783923761877324,0.872860440028748,SAME_NEAREST,5.790000000000191,11.099999999999907,MULTI_CHILD_ERA4,AMBIGUOUS,2022-07-08 17:31:00,,,2022,,0.18,0.18,0.18,,,,,47,8.0,CHALLENGE_OPENS,2022-07-08 17:31:00,False,2022-06-30 12:42:00,1812.02,DOWN,74.1099999999999,7.574670633551604,4+,5.259999999999991,8.8599999999999,6.866666666666666,0.5376166176289492,0.9055671544092099,0.4865123764094672,0.5529478899947798,-0.013287102717053223,0.4865123764094672,0.5529478899947798,-0.32604505898027714,0.5376166176289492,0.9055671544092099,-0.8585512524872828,0.5376166176289492,0.9055671544092099,-0.8585512524872828,>6
FULL_2022_202608,2022-07-08 17:45:00,UP,1749.01,1732.12,16.8900000000001,9.806850347355288,1.7222654982753969,OPPOSITE_NEAREST,23.769999999999985,16.8900000000001,MULTI_CHILD_ERA4,AMBIGUOUS,2022-07-11 22:44:00,,,2022,,0.18,0.18,0.18,,,,,48,1.0,CHALLENGE_OPENS,2022-07-11 22:44:00,False,2022-07-08 17:45:00,1749.01,UP,0.0,0.0,1,3.349999999999909,17.710000000000036,76.98333333333333,0.3415979525886553,1.805880519506048,0.3415979525886553,0.5638915456165091,-0.49965073662223497,0.3415979525886553,0.8728592460175969,-0.6209944869447579,0.3415979525886553,0.8728592460175969,-0.7270428065543695,0.3415979525886553,0.8728592460175969,-0.7270428065543695,<=0.5
FULL_2022_202608,2022-07-13 18:06:00,UP,1744.08,1706.82,37.25999999999999,9.701958474534647,3.8404617065511775,NO_OPPOSITE_TARGET,8.279999999999973,,MULTI_CHILD_ERA4,AMBIGUOUS,2022-07-14 16:01:00,,,2022,,0.18,0.18,0.18,,,,,50,1.0,CHALLENGE_OPENS,2022-07-14 16:01:00,False,2022-07-13 18:06:00,1744.08,UP,0.0,0.0,1,1.2699999999999818,37.61999999999989,21.916666666666668,0.13090140545678816,3.877567616759391,0.13090140545678816,0.8018999483888369,-0.6441998300038879,0.13090140545678816,1.069887077670445,-1.0595798803903922,0.13090140545678816,1.9305380505556533,-1.2873689402797706,0.13090140545678816,3.877567616759391,-3.8651989800233277,<=0.5
FULL_2022_202608,2022-07-18 04:21:00,UP,1714.06,1703.52,10.539999999999964,9.79830937887749,1.0756957748977958,SAME_NEAREST,2.5,15.259999999999993,MULTI_CHILD_ERA4,CHALLENGE_OPENS,2022-07-20 19:44:00,1705.14,-0.8462998102466676,2022,-8.919999999999845,0.18,0.18,0.18,-8.919999999999845,-9.099999999999845,-9.279999999999845,-9.459999999999845,51,1.0,PRIMARY_CONTINUES,2022-07-18 06:16:00,True,2022-07-18 04:21:00,1714.06,UP,0.0,0.0,1,9.769999999999982,10.419999999999845,63.38333333333333,0.9971107894451122,1.0634487641778847,0.1061407595724547,0.2051374295583081,-0.030617526799742976,0.3714926585036146,0.2051374295583081,0.055111548239541994,0.9971107894451122,0.2684136516111087,0.20819918223828007,0.9971107894451122,0.9103611301791467,-0.798096865246748,<=0.5
FULL_2022_202608,2022-07-18 06:16:00,UP,1716.56,1703.52,13.039999999999964,9.79830937887749,1.3308418315623594,OPPOSITE_NEAREST,28.789999999999964,17.75999999999999,MULTI_CHILD_ERA4,CHALLENGE_OPENS,2022-07-20 19:44:00,1705.14,-0.8757668711656348,2022,-11.419999999999845,0.18,0.18,0.18,-11.419999999999845,-11.599999999999845,-11.779999999999845,-11.959999999999845,51,2.0,CHALLENGE_OPENS,2022-07-20 19:44:00,False,2022-07-18 04:21:00,1714.06,UP,2.5,0.25514605666456347,2,7.269999999999982,12.919999999999845,61.46666666666667,0.7419647327805488,1.3185948208424483,0.11634660183905116,0.12961419678559638,-0.11328484915905597,0.15716997090536738,0.4806951707560413,0.037761616386367464,0.7419647327805488,0.6562356577412405,-0.5664242457953262,0.7419647327805488,1.1655071868437101,-0.9511844992454861,<=0.5
FULL_2022_202608,2022-07-20 22:42:00,DOWN,1698.8,1714.54,15.740000000000007,9.599574890892706,1.6396559409034703,SAME_NEAREST,1.2200000000000273,19.590000000000146,MULTI_CHILD_ERA4,AMBIGUOUS,2022-07-21 18:03:00,,,2022,,0.18,0.23,0.23,,,,,52,1.0,PRIMARY_CONTINUES,2022-07-20 22:49:00,True,2022-07-20 22:42:00,1698.8,DOWN,0.0,0.0,1,18.019999999999982,16.660000000000082,19.35,1.8771664583913907,1.735493518135447,0.672946466215786,0.044793650227992136,0.2854293061039086,0.672946466215786,0.044793650227992136,0.3906422984998736,1.4886075854835146,0.044793650227992136,0.7521166387117595,1.8771664583913907,1.735493518135447,-1.7250763901754362,<=0.5
FULL_2022_202608,2022-07-20 22:49:00,DOWN,1697.58,1714.54,16.960000000000036,9.599574890892706,1.7667449020154322,NO_SAME_TARGET,,20.810000000000173,MULTI_CHILD_ERA4,AMBIGUOUS,2022-07-21 18:03:00,,,2022,,0.18,0.23,0.23,,,,,52,2.0,CHALLENGE_OPENS,2022-07-21 18:03:00,False,2022-07-20 22:42:00,1698.8,DOWN,1.2200000000000273,0.12708896111196172,2,16.799999999999955,17.88000000000011,19.233333333333334,1.750077497279429,1.8625824792474086,0.5458575051038244,0.048960501411987004,0.14167294025594374,0.5458575051038244,0.048960501411987004,0.30418013643188546,1.361518624371553,0.048960501411987004,0.8677467590677117,1.750077497279429,1.8625824792474086,-1.852165351287398,<=0.5
FULL_2022_202608,2022-07-21 22:57:00,UP,1718.39,1680.78,37.61000000000013,9.737370046029472,3.862439223549489,NO_OPPOSITE_TARGET,5.439999999999827,,MULTI_CHILD_ERA4,CHALLENGE_OPENS,2022-07-25 16:38:00,1719.79,0.0372241425152847,2022,1.3999999999998636,0.33,0.18,0.33,1.3999999999998636,1.0699999999998635,0.7399999999998635,0.4099999999998636,53,1.0,PRIMARY_CONTINUES,2022-07-22 10:30:00,True,2022-07-21 22:57:00,1718.39,UP,0.0,0.0,1,20.819999999999936,5.560000000000173,89.68333333333334,2.1381543375245906,0.5709960670815143,0.17869301379888655,0.0410788537468796,0.0636722233076377,0.17869301379888655,0.2074482114217163,-0.023620340904452267,0.20847518276536375,0.5709960670815143,-0.2721474060730248,2.1381543375245906,0.5709960670815143,0.5751039524561743,<=0.5
FULL_2022_202608,2022-07-22 10:30:00,UP,1720.13,1712.83,7.300000000000182,9.671320670854705,0.7548090119686873,SAME_NEAREST,3.699999999999818,39.350000000000136,MULTI_CHILD_ERA4,CHALLENGE_OPENS,2022-07-25 16:38:00,1719.79,-0.0465753424657722,2022,-0.3400000000001455,0.18,0.18,0.18,-0.3400000000001455,-0.5200000000001455,-0.7000000000001455,-0.8800000000001456,53,2.0,PRIMARY_CONTINUES,2022-07-22 12:31:00,True,2022-07-21 22:57:00,1718.39,UP,1.740000000000009,0.17991338093499865,2,19.079999999999927,5.1400000000001,78.13333333333334,1.9728432805975535,0.5314682632217852,0.029985563489162523,0.5314682632217852,-0.10443247973815342,0.6410706676993982,0.5314682632217852,0.6079831493665317,1.9728432805975535,0.5314682632217852,0.33604510806824284,1.9728432805975535,0.5314682632217852,0.7155175839483656,<=0.5
FULL_2022_202608,2022-07-22 12:31:00,UP,1723.83,1712.83,11.0,9.657868889349956,1.138967625883807,SAME_NEAREST,21.519999999999985,43.04999999999996,MULTI_CHILD_ERA4,CHALLENGE_OPENS,2022-07-25 16:38:00,1719.79,-0.367272727272724,2022,-4.039999999999964,0.18,0.18,0.18,-4.039999999999964,-4.219999999999963,-4.399999999999964,-4.579999999999964,53,3.0,CHALLENGE_OPENS,2022-07-25 16:38:00,False,2022-07-21 22:57:00,1718.39,UP,5.439999999999827,0.5632712622552467,3,15.38000000000011,4.8599999999999,76.11666666666666,1.5924838260084615,0.5032166056177444,0.1905182210569428,0.23918320143559382,-0.2277935251767426,0.6523178220971083,0.2547145781522006,-0.04555870503533439,1.5924838260084615,0.3623987900539386,0.3334068868496263,1.5924838260084615,0.3623987900539386,0.3334068868496263,0.5-1
FULL_2022_202608,2022-07-26 15:22:00,DOWN,1714.65,1727.82,13.169999999999844,9.607872912914765,1.3707508539477995,OPPOSITE_NEAREST,33.87000000000012,21.419999999999845,MULTI_CHILD_ERA4,CHALLENGE_OPENS,2022-07-27 21:02:00,1725.14,-0.7965072133637154,2022,-10.490000000000009,0.18,0.18,0.18,-10.490000000000009,-10.670000000000009,-10.850000000000009,-11.030000000000008,54,1.0,PRIMARY_CONTINUES,2022-07-27 16:56:00,True,2022-07-26 15:22:00,1714.65,DOWN,0.0,0.0,1,3.300000000000182,11.299999999999955,29.666666666666668,0.34346832331268345,1.1761188040706343,0.11657106730612875,0.6557122535969002,-0.501671914656673,0.11657106730612875,0.7493854326821582,-0.3205704350918126,0.11657106730612875,0.7493854326821582,-0.48293727883961196,0.11657106730612875,1.091812942893895,-0.800385274628585,<=0.5
FULL_2022_202608,2022-07-27 16:56:00,DOWN,1713.53,1725.14,11.610000000000127,9.50979999836748,1.2208458644759284,OPPOSITE_NEAREST,32.75,14.63000000000011,MULTI_CHILD_ERA4,AMBIGUOUS,2022-07-27 21:02:00,,,2022,,0.18,0.18,0.18,,,,,54,2.0,CHALLENGE_OPENS,2022-07-27 21:02:00,False,2022-07-26 15:22:00,1714.65,DOWN,1.1200000000001182,0.11777324446280525,2,2.1800000000000637,12.420000000000073,4.1,0.22923720797222844,1.3060211573463352,0.22923720797222844,0.342804265132771,-0.2870722833780594,0.22923720797222844,0.9463921430045852,-0.9337735810978688,0.22923720797222844,1.3060211573463352,-1.2713201121028175,0.22923720797222844,1.3060211573463352,-1.2713201121028175,<=0.5
FULL_2022_202608,2022-07-27 21:35:00,UP,1728.16,1711.35,16.810000000000173,9.51207888726544,1.76722672290965,SAME_NEAREST,7.9099999999998545,47.38000000000011,MULTI_CHILD_ERA4,CHALLENGE_OPENS,2022-08-02 21:00:00,1768.89,2.422962522308126,2022,40.73000000000002,0.18,0.18,0.18,40.73000000000002,40.55000000000002,40.37000000000002,40.19000000000002,55,1.0,PRIMARY_CONTINUES,2022-07-27 21:52:00,True,2022-07-27 21:35:00,1728.16,UP,0.0,0.0,1,59.88999999999987,7.980000000000018,143.41666666666666,6.296205141883261,0.8389333283057046,1.2710155312300595,0.8389333283057046,0.8357794436128049,1.2710155312300595,0.8389333283057046,0.7537784415979647,1.417145522000111,0.8389333283057046,1.3645807771188014,3.013011176596656,0.8389333283057046,2.447414521673776,<=0.5
FULL_2022_202608,2022-07-27 21:52:00,UP,1736.07,1711.35,24.720000000000027,9.51207888726544,2.598800986931954,SAME_NEAREST,3.1400000000001,55.28999999999997,MULTI_CHILD_ERA4,CHALLENGE_OPENS,2022-08-02 21:00:00,1768.89,1.3276699029126264,2022,32.820000000000164,0.19,0.18,0.19,32.820000000000164,32.630000000000166,32.44000000000016,32.25000000000016,55,2.0,PRIMARY_CONTINUES,2022-07-27 22:10:00,True,2022-07-27 21:35:00,1728.16,UP,7.9099999999998545,0.8315742640223039,2,51.98000000000002,3.099999999999909,143.13333333333333,5.464630877860957,0.3259014182641105,0.43944126720775567,0.3259014182641105,-0.22602840298961732,0.43944126720775567,0.3259014182641105,-0.14402740097477706,0.6034432712374361,0.3259014182641105,0.46046716516028435,2.181436912574352,0.3259014182641105,1.6221480270372237,0.5-1
FULL_2022_202608,2022-07-27 22:10:00,UP,1739.21,1711.35,27.860000000000127,9.51207888726544,2.928907584786589,SAME_NEAREST,6.139999999999873,58.430000000000064,MULTI_CHILD_ERA4,CHALLENGE_OPENS,2022-08-02 21:00:00,1768.89,1.0653266331658269,2022,29.680000000000064,0.18,0.18,0.18,29.680000000000064,29.500000000000064,29.320000000000064,29.140000000000065,55,3.0,PRIMARY_CONTINUES,2022-07-28 11:11:00,True,2022-07-27 21:35:00,1728.16,UP,11.049999999999955,1.1616808618769392,3,48.83999999999992,6.130000000000109,142.83333333333334,5.134524280006322,0.6444437722448683,0.10933466935312032,0.6444437722448683,-0.4730827039317872,0.10933466935312032,0.6444437722448683,-0.19659214585611065,0.48149306311278905,0.6444437722448683,0.42892831823147937,1.8513303147197167,0.6444437722448683,1.5779936413369158,1-2
FULL_2022_202608,2022-07-28 11:11:00,UP,1745.35,1735.32,10.029999999999973,9.5484254395079,1.050434971037161,SAME_NEAREST,7.009999999999991,34.0,MULTI_CHILD_ERA4,CHALLENGE_OPENS,2022-08-02 21:00:00,1768.89,2.346959122632129,2022,23.54000000000019,0.18,0.18,0.18,23.54000000000019,23.36000000000019,23.18000000000019,23.000000000000192,55,4.0,PRIMARY_CONTINUES,2022-07-28 16:28:00,True,2022-07-27 21:35:00,1728.16,UP,17.189999999999827,1.8002968247386506,4+,42.700000000000045,9.339999999999918,129.81666666666666,4.471941501823225,0.9781717477055857,0.32885003081324027,0.14243186047960496,-0.03246608584461251,0.32885003081324027,0.7990846290143008,-0.6315177343324098,1.2012451762508771,0.9781717477055857,1.0504349710371848,2.356409456464226,0.9781717477055857,1.906073427006623,1-2
FULL_2022_202608,2022-07-28 16:28:00,UP,1752.36,1735.32,17.039999999999964,9.592164490965205,1.7764499364090167,SAME_NEAREST,20.420000000000076,41.00999999999999,MULTI_CHILD_ERA4,CHALLENGE_OPENS,2022-08-02 21:00:00,1768.89,0.9700704225352252,2022,16.5300000000002,0.18,0.18,0.18,16.5300000000002,16.3500000000002,16.1700000000002,15.990000000000201,55,5.0,PRIMARY_CONTINUES,2022-08-01 12:37:00,True,2022-07-27 21:35:00,1728.16,UP,24.199999999999818,2.5228925153226505,4+,35.690000000000055,4.819999999999936,124.53333333333333,3.720745201316786,0.502493467927897,0.24916169882733194,0.502493467927897,-0.23665148800753777,0.46496283546856193,0.502493467927897,0.01042517568316575,0.4847706692665555,0.502493467927897,0.15950518795223922,1.6148597133201725,0.502493467927897,0.688061595088015,2-3
FULL_2022_202608,2022-08-01 12:37:00,UP,1767.85,1758.32,9.529999999999973,9.5283184438316,1.0001764798456605,SAME_NEAREST,4.930000000000064,15.889999999999873,MULTI_CHILD_ERA4,CHALLENGE_OPENS,2022-08-02 21:00:00,1768.89,0.1091290661070507,2022,1.040000000000191,0.18,0.18,0.18,1.040000000000191,0.8600000000001911,0.680000000000191,0.500000000000191,55,6.0,PRIMARY_CONTINUES,2022-08-01 12:57:00,True,2022-07-27 21:35:00,1728.16,UP,39.68999999999983,4.165477910291103,4+,20.200000000000045,3.6699999999998454,32.38333333333333,2.1199963161471613,0.38516764753761074,0.7409492075247175,0.1259403752166437,0.4964149789790143,0.7682362888216601,0.22249466288275946,0.17736602843013913,0.7682362888216601,0.38516764753761074,0.45128634452639405,1.3297204616626055,0.38516764753761074,0.6590879636338896,4-6
FULL_2022_202608,2022-08-01 12:57:00,UP,1772.78,1758.32,14.460000000000036,9.5283184438316,1.51758152136079,OPPOSITE_NEAREST,39.26999999999998,20.819999999999936,MULTI_CHILD_ERA4,CHALLENGE_OPENS,2022-08-02 21:00:00,1768.89,-0.2690179806362284,2022,-3.8899999999998727,0.18,0.18,0.18,-3.8899999999998727,-4.069999999999872,-4.249999999999873,-4.429999999999873,55,7.0,PRIMARY_CONTINUES,2022-08-02 03:24:00,True,2022-07-27 21:35:00,1728.16,UP,44.61999999999989,4.682882951806233,4+,15.269999999999982,8.599999999999909,32.05,1.6025912746320319,0.9025726890527404,0.22354416600958787,0.18681155657138027,-0.10285130642694318,0.2508312473065305,0.739899704397889,-0.018891056282506098,0.2508312473065305,0.9025726890527404,-0.06611869698873554,0.8123154201474758,0.9025726890527404,0.11229683456818429,4-6
FULL_2022_202608,2022-08-02 03:24:00,UP,1775.17,1766.51,8.660000000000082,9.522259426496348,0.9094480219582164,OPPOSITE_NEAREST,36.87999999999988,16.850000000000136,MULTI_CHILD_ERA4,CHALLENGE_OPENS,2022-08-02 21:00:00,1768.89,-0.7251732101616528,2022,-6.279999999999973,0.18,0.18,0.18,-6.279999999999973,-6.459999999999972,-6.639999999999973,-6.819999999999973,55,8.0,PRIMARY_CONTINUES,2022-08-02 15:16:00,True,2022-07-27 21:35:00,1728.16,UP,47.00999999999999,4.936853523355119,4+,12.879999999999882,7.310000000000173,17.6,1.3526201527507629,0.7676749469416461,0.5618414454360656,0.12812085297794898,0.356007943930509,0.5618414454360656,0.24889050947356348,-0.15332495520311964,1.0449200714184759,0.659507341558605,1.0428197295663804,1.3526201527507629,0.7676749469416461,-0.7004640076745163,4-6
FULL_2022_202608,2022-08-02 15:16:00,UP,1780.52,1768.89,11.629999999999882,9.499550093776085,1.2242685058968872,OPPOSITE_NEAREST,31.529999999999973,22.200000000000045,MULTI_CHILD_ERA4,AMBIGUOUS,2022-08-02 21:00:00,,,2022,,0.18,0.18,0.18,,,,,55,9.0,CHALLENGE_OPENS,2022-08-02 21:00:00,False,2022-07-27 21:35:00,1728.16,UP,52.3599999999999,5.511839980117071,4+,7.529999999999973,12.660000000000082,5.733333333333333,0.792669118607362,1.3326946934354986,0.792669118607362,0.26948644669785005,0.4052823514791876,0.792669118607362,0.6284508151508619,-0.5821328321246622,0.792669118607362,1.3326946934354986,-1.2653230817610241,0.792669118607362,1.3326946934354986,-1.2653230817610241,4-6
FULL_2022_202608,2022-08-03 01:25:00,DOWN,1758.32,1788.05,29.730000000000015,9.591140669630938,3.099735581413802,SAME_NEAREST,6.3599999999999,29.730000000000015,MULTI_CHILD_ERA4,CHALLENGE_OPENS,2022-08-04 08:23:00,1772.76,-0.4857046754120432,2022,-14.440000000000055,0.31,0.18,0.18,-14.440000000000055,-14.620000000000054,-14.800000000000054,-14.980000000000054,56,1.0,PRIMARY_CONTINUES,2022-08-03 17:53:00,True,2022-08-03 01:25:00,1758.32,DOWN,0.0,0.0,1,4.069999999999936,14.6400000000001,30.966666666666665,0.4243499433687847,1.526408641503476,0.24188989400873928,0.17620427623913526,0.020852577069724217,0.3680479852805459,0.920641277628131,-0.7006465895425772,0.3680479852805459,1.2834761186412518,-0.2658703576389186,0.4243499433687847,1.5055560644337518,-0.5932558176335248,<=0.5
FULL_2022_202608,2022-08-03 17:53:00,DOWN,1754.79,1788.05,33.25999999999999,9.60433404226362,3.463019908891156,SAME_NEAREST,2.8299999999999272,33.25999999999999,MULTI_CHILD_ERA4,CHALLENGE_OPENS,2022-08-04 08:23:00,1772.76,-0.5402886349969943,2022,-17.970000000000027,0.18,0.18,0.18,-17.970000000000027,-18.150000000000027,-18.330000000000027,-18.510000000000026,56,2.0,CHALLENGE_OPENS,2022-08-04 08:23:00,False,2022-08-03 01:25:00,1758.32,DOWN,3.5299999999999727,0.3675424016351681,2,0.5399999999999636,18.170000000000073,14.5,0.056224616680730574,1.891854231646199,0.056224616680730574,0.528927875440975,-0.2915350494556549,0.056224616680730574,0.906882243128145,-0.7746502742679013,0.056224616680730574,1.5399297790889985,-1.4243569559119438,0.056224616680730574,1.891854231646199,-1.8731126927526143,<=0.5
FULL_2022_202608,2022-08-04 15:05:00,UP,1788.05,1769.0,19.049999999999955,9.581987196896256,1.9881053489792304,SAME_NEAREST,24.0,33.799999999999955,MULTI_CHILD_ERA4,SL,2022-08-05 15:56:00,1769.0,-1.0,2022,-19.049999999999955,0.18,0.18,0.18,-19.049999999999955,-19.229999999999954,-19.409999999999954,-19.589999999999954,57,1.0,PRIMARY_CONTINUES,2022-08-09 16:05:00,True,2022-08-04 15:05:00,1788.05,UP,0.0,0.0,1,6.870000000000118,20.639999999999873,24.85,0.7169702754586659,2.154041700941269,0.019828872247042693,1.0770208504706344,-0.903779124522829,0.22437934384805974,1.4402023000479456,0.03548324507366034,0.7169702754586659,1.4402023000479456,0.4111881929122466,0.7169702754586659,1.4402023000479456,0.00834899884087382,<=0.5
FULL_2022_202608,2022-08-09 16:05:00,UP,1794.92,1783.5,11.420000000000073,9.475338733780765,1.2052339574189943,OPPOSITE_NEAREST,17.12999999999988,11.720000000000027,MULTI_CHILD_ERA4,CHALLENGE_OPENS,2022-08-11 04:33:00,1787.34,-0.6637478108581529,2022,-7.580000000000155,0.12,0.12,0.12,-7.580000000000155,-7.700000000000155,-7.820000000000155,-7.940000000000155,57,2.0,PRIMARY_CONTINUES,2022-08-10 15:30:00,True,2022-08-04 15:05:00,1788.05,UP,6.870000000000118,0.7250400426855149,2,12.970000000000027,7.670000000000073,36.46666666666667,1.3688164998007257,0.8094697419793094,0.5815095538860424,0.097094154187877,-0.02110742482345465,0.5815095538860424,0.5076335670039872,0.11820157901130765,0.5815095538860424,0.5076335670039872,-0.21740647568155172,1.3688164998007257,0.7999714008087657,0.021107424823430653,0.5-1
FULL_2022_202608,2022-08-10 15:30:00,UP,1800.43,1783.5,16.930000000000064,9.36385564181152,1.8080159122065245,SAME_NEAREST,11.61999999999989,17.230000000000018,MULTI_CHILD_ERA4,CHALLENGE_OPENS,2022-08-11 04:33:00,1787.34,-0.7731836975782691,2022,-13.090000000000146,0.12,0.12,0.12,-13.090000000000146,-13.210000000000145,-13.330000000000146,-13.450000000000145,57,3.0,CHALLENGE_OPENS,2022-08-11 04:33:00,False,2022-08-04 15:05:00,1788.05,UP,12.38000000000011,1.3221049612000522,3,7.460000000000036,13.180000000000064,13.05,0.7966803724194144,1.4075398536847026,0.7966803724194144,1.1843411970685493,-0.6129953535774026,0.7966803724194144,1.1843411970685493,-0.17086978496932512,0.7966803724194144,1.3124935357955128,-1.0508491775612754,0.7966803724194144,1.4075398536847026,-1.3434636843212209,1-2
FULL_2022_202608,2022-08-12 14:44:00,DOWN,1784.99,1794.12,9.129999999999882,9.330826831678667,0.9784770593966048,SAME_NEAREST,1.4800000000000182,14.279999999999973,MULTI_CHILD_ERA4,SL,2022-08-12 15:56:00,1794.12,-1.0,2022,-9.129999999999882,0.12,0.12,0.12,-9.129999999999882,-9.249999999999881,-9.369999999999882,-9.489999999999881,58,1.0,CHALLENGE_OPENS,2022-08-12 20:04:00,False,2022-08-12 14:44:00,1784.99,DOWN,0.0,0.0,1,0.07999999999992724,9.299999999999955,1.2,0.00857373107904252,0.9966962379395946,0.00857373107904252,0.8080741542004886,-0.6162369213067416,0.00857373107904252,0.9966962379395946,-0.9516841497745726,0.00857373107904252,0.9966962379395946,-0.9516841497745726,0.00857373107904252,0.9966962379395946,-0.9516841497745726,<=0.5
FULL_2022_202608,2022-08-15 11:47:00,DOWN,1784.91,1801.73,16.819999999999936,9.26322482169336,1.8157823353924771,SAME_NEAREST,1.400000000000091,22.980000000000015,MULTI_CHILD_ERA4,CHALLENGE_OPENS,2022-08-24 18:15:00,1754.14,1.8293697978596968,2022,30.769999999999982,0.12,0.12,0.12,30.769999999999982,30.64999999999998,30.529999999999983,30.409999999999982,59,1.0,PRIMARY_CONTINUES,2022-08-15 11:51:00,True,2022-08-15 11:47:00,1784.91,DOWN,0.0,0.0,1,57.1400000000001,1.3799999999998818,222.46666666666667,6.1684781595913645,0.14897619636393664,0.5440869780248793,0.07016994756271505,0.532212063821942,1.2911270351542319,0.14897619636393664,0.916527468934733,1.2911270351542319,0.14897619636393664,0.6347681410290135,1.2911270351542319,0.14897619636393664,1.025560772070666,<=0.5
FULL_2022_202608,2022-08-15 11:51:00,DOWN,1783.2,1801.73,18.529999999999973,9.26322482169336,2.000383274365201,SAME_NEAREST,18.299999999999955,24.69000000000005,MULTI_CHILD_ERA4,CHALLENGE_OPENS,2022-08-24 18:15:00,1754.14,1.568267674042093,2022,29.059999999999945,0.12,0.12,0.12,29.059999999999945,28.939999999999944,28.819999999999947,28.699999999999946,59,2.0,PRIMARY_CONTINUES,2022-08-16 15:32:00,True,2022-08-15 11:47:00,1784.91,DOWN,1.7100000000000364,0.1846009389727238,2,55.430000000000064,3.089999999999918,222.4,5.98387722061864,0.33357713533666045,0.3907926310416771,0.13602174450621368,0.29255470445384657,1.1065260961815082,0.33357713533666045,0.7405628312005158,1.1065260961815082,0.33357713533666045,0.45988304094958193,1.1065260961815082,0.33357713533666045,0.867948274468223,<=0.5
FULL_2022_202608,2022-08-16 15:32:00,DOWN,1772.95,1783.11,10.159999999999854,9.219976716561105,1.1019550604450294,SAME_NEAREST,8.049999999999955,29.3599999999999,MULTI_CHILD_ERA4,CHALLENGE_OPENS,2022-08-24 18:15:00,1754.14,1.8513779527559264,2022,18.809999999999945,0.12,0.12,0.12,18.809999999999945,18.689999999999944,18.569999999999947,18.449999999999946,59,3.0,PRIMARY_CONTINUES,2022-08-17 13:28:00,True,2022-08-15 11:47:00,1784.91,DOWN,11.960000000000036,1.2971833191853128,3,45.180000000000064,9.349999999999909,194.71666666666667,4.9002292943806305,1.0141023440119163,0.1691978242415561,0.42190995916644536,-0.2668119536116979,0.1691978242415561,0.6182228193441739,-0.27331956223636744,0.1691978242415561,0.6182228193441739,-0.13015217249351418,0.7863360421482851,1.0141023440119163,0.5780925661586871,1-2
FULL_2022_202608,2022-08-17 13:28:00,DOWN,1771.39,1782.3,10.909999999999854,9.111361707809197,1.1974060903156851,SAME_NEAREST,6.490000000000009,30.919999999999845,MULTI_CHILD_ERA4,CHALLENGE_OPENS,2022-08-24 18:15:00,1754.14,1.5811182401466757,2022,17.25,0.12,0.12,0.12,17.25,17.13,17.01,16.89,59,4.0,PRIMARY_CONTINUES,2022-08-17 15:35:00,True,2022-08-15 11:47:00,1784.91,DOWN,13.519999999999982,1.4838616261290796,4+,43.62000000000012,2.269999999999982,172.78333333333333,4.787429299685703,0.24913948900243996,0.4565728080397264,0.2085308498258175,0.3665752833780583,0.7254678512361995,0.24913948900243996,0.3457221983954691,1.275330776303262,0.24913948900243996,0.8703419153257183,1.275330776303262,0.24913948900243996,0.1854827032661412,1-2
FULL_2022_202608,2022-08-17 15:35:00,DOWN,1764.9,1782.3,17.399999999999864,9.111361707809197,1.9097035720891875,SAME_NEAREST,10.650000000000093,37.409999999999854,MULTI_CHILD_ERA4,CHALLENGE_OPENS,2022-08-24 18:15:00,1754.14,0.6183908045977055,2022,10.759999999999991,0.12,0.12,0.12,10.759999999999991,10.639999999999992,10.51999999999999,10.399999999999991,59,5.0,PRIMARY_CONTINUES,2022-08-18 18:41:00,True,2022-08-15 11:47:00,1784.91,DOWN,20.00999999999999,2.196159107902582,4+,37.13000000000011,8.759999999999991,170.66666666666666,4.075131817912201,0.9614369707759424,0.013170369462697132,0.9614369707759424,-0.5136444090446641,0.5498629250670625,0.9614369707759424,0.4675481159252865,0.5630332945297596,0.9614369707759424,-0.083412339930332,0.5630332945297596,0.9614369707759424,-0.5224246553531372,2-3
FULL_2022_202608,2022-08-18 18:41:00,DOWN,1759.77,1772.42,12.650000000000093,9.070955114949747,1.394560973976352,SAME_NEAREST,5.519999999999982,22.529999999999973,MULTI_CHILD_ERA4,CHALLENGE_OPENS,2022-08-24 18:15:00,1754.14,0.4450592885375368,2022,5.629999999999882,0.12,0.12,0.12,5.629999999999882,5.509999999999882,5.3899999999998816,5.2699999999998814,59,6.0,PRIMARY_CONTINUES,2022-08-19 04:32:00,True,2022-08-15 11:47:00,1784.91,DOWN,25.1400000000001,2.771483232076314,4+,32.0,1.4600000000000364,143.56666666666666,3.5277431752761217,0.16095328237197706,0.36490093469261786,0.09701293732010538,0.21938152871248484,0.48616710634274957,0.16095328237197706,0.03748227123729977,0.6823978204674809,0.16095328237197706,0.5964090805701284,1.55000215763694,0.16095328237197706,1.077064088201489,2-3
FULL_2022_202608,2022-08-19 04:32:00,DOWN,1754.25,1761.23,6.980000000000018,9.05260176406392,0.7710490510814801,SAME_NEAREST,2.289999999999964,18.170000000000076,MULTI_CHILD_ERA4,CHALLENGE_OPENS,2022-08-24 18:15:00,1754.14,0.0157593123209025,2022,0.10999999999989996,0.12,0.12,0.12,0.10999999999989996,-0.01000000000010004,-0.13000000000010004,-0.25000000000010003,59,7.0,PRIMARY_CONTINUES,2022-08-19 07:17:00,True,2022-08-15 11:47:00,1784.91,DOWN,30.660000000000082,3.3868716197934354,4+,26.480000000000018,3.8299999999999272,133.71666666666667,2.9251259129853224,0.4230827887739262,0.07401187166542211,0.30157076066654,-0.18779131616598105,0.2805823194479837,0.3844198707397647,0.09500031288395329,0.4882574220315457,0.4230827887739262,-0.047500156441989204,0.965468296053313,0.4230827887739262,0.7754676702853813,3-4
FULL_2022_202608,2022-08-19 07:17:00,DOWN,1751.96,1761.23,9.269999999999982,9.05260176406392,1.0240150005050557,OPPOSITE_NEAREST,40.61000000000013,20.46000000000004,MULTI_CHILD_ERA4,CHALLENGE_OPENS,2022-08-24 18:15:00,1754.14,-0.2351672060409997,2022,-2.1800000000000637,0.12,0.12,0.12,-2.1800000000000637,-2.3000000000000638,-2.420000000000064,-2.5400000000000635,59,8.0,CHALLENGE_OPENS,2022-08-24 18:15:00,False,2022-08-15 11:47:00,1784.91,DOWN,32.950000000000045,3.639837569217011,4+,24.190000000000055,6.119999999999891,130.96666666666667,2.672159963561747,0.6760487381975017,0.027616370024408237,0.19773320937475897,-0.18116338736010398,0.027616370024408237,0.5965135925272029,-0.047500156441989204,0.690409250610206,0.6760487381975017,0.16901218454937542,0.7125023466297375,0.6760487381975017,0.5225017208618059,3-4
FULL_2022_202608,2022-08-25 04:30:00,UP,1755.86,1747.65,8.209999999999809,8.860700381046502,0.9265633242222504,SAME_NEAREST,2.2200000000000277,13.399999999999864,MULTI_CHILD_ERA4,CHALLENGE_OPENS,2022-08-26 10:47:00,1752.3,-0.4336175395858743,2022,-3.5599999999999454,0.12,0.12,0.12,-3.5599999999999454,-3.6799999999999455,-3.7999999999999456,-3.9199999999999453,60,1.0,PRIMARY_CONTINUES,2022-08-25 08:03:00,True,2022-08-25 04:30:00,1755.86,UP,0.0,0.0,1,9.610000000000127,3.9099999999998545,30.283333333333335,1.0845643782918577,0.4412743724371436,0.08464342182298466,0.18621552801055086,0.04852889517851839,0.3295450556308285,0.18621552801055086,0.10947215889106324,1.0845643782918577,0.18621552801055086,0.36227384540237845,1.0845643782918577,0.401774108919761,-0.14897242240844583,<=0.5
FULL_2022_202608,2022-08-25 08:03:00,UP,1758.08,1749.93,8.149999999999864,8.841252045596244,0.9218151408837296,SAME_NEAREST,14.340000000000146,15.61999999999989,MULTI_CHILD_ERA4,CHALLENGE_OPENS,2022-08-26 10:47:00,1752.3,-0.7092024539877386,2022,-5.779999999999973,0.12,0.12,0.12,-5.779999999999973,-5.899999999999973,-6.019999999999973,-6.139999999999973,60,2.0,CHALLENGE_OPENS,2022-08-26 10:47:00,False,2022-08-25 04:30:00,1755.86,UP,2.2200000000000273,0.25109565800759986,2,7.3900000000001,6.129999999999882,26.733333333333334,0.8358544651694438,0.6933407133272697,0.0791743065789771,0.2386539812594613,-0.14590693640981564,0.8053158040604139,0.2386539812594613,0.6413118832896811,0.8358544651694438,0.653753560037794,-0.027145476541362845,0.8358544651694438,0.653753560037794,-0.23186761212412701,<=0.5
FULL_2022_202608,2022-08-29 04:13:00,DOWN,1730.82,1739.54,8.720000000000027,8.803528231728583,0.9905119595768984,SAME_NEAREST,3.0499999999999545,34.65000000000009,MULTI_CHILD_ERA4,SL,2022-08-29 16:09:00,1739.54,-1.0,2022,-8.720000000000027,0.12,0.12,0.12,-8.720000000000027,-8.840000000000027,-8.960000000000027,-9.080000000000027,61,2.0,PRIMARY_CONTINUES,2022-08-29 04:24:00,True,2022-08-26 17:02:00,1742.46,DOWN,11.6400000000001,1.3221971570499038,2,10.490000000000009,8.930000000000064,11.933333333333334,1.1915677128396378,1.014366031997906,0.8473875250508803,0.05679541052619813,0.6872244673669923,1.0984232395766542,0.05679541052619813,0.9632501625243224,1.1915677128396378,1.014366031997906,-0.9609783461032766,1.1915677128396378,1.014366031997906,-0.9609783461032766,1-2
FULL_2022_202608,2022-08-29 04:24:00,DOWN,1727.77,1739.54,11.769999999999982,8.803528231728583,1.336963963786702,SAME_NEAREST,16.420000000000073,37.700000000000045,MULTI_CHILD_ERA4,SL,2022-08-29 16:09:00,1739.54,-1.0,2022,-11.769999999999982,0.12,0.12,0.12,-11.769999999999982,-11.889999999999981,-12.009999999999982,-12.129999999999981,61,3.0,PRIMARY_CONTINUES,2022-08-31 04:35:00,True,2022-08-26 17:02:00,1742.46,DOWN,14.690000000000055,1.6686491612597074,3,7.440000000000055,11.980000000000018,11.75,0.8451157086298344,1.3608180362077094,0.5009355208410768,0.2374048159994989,0.21014301894692275,0.7519712353668508,0.2374048159994989,0.544100032840974,0.8451157086298344,1.3608180362077094,-1.30743035031308,0.8451157086298344,1.3608180362077094,-1.30743035031308,1-2
FULL_2022_202608,2022-08-31 04:35:00,DOWN,1721.16,1726.23,5.069999999999936,8.727993299245782,0.580889538542388,SAME_NEAREST,0.8300000000001546,24.34999999999991,MULTI_CHILD_ERA4,SL,2022-08-31 08:25:00,1726.23,-1.0,2022,-5.069999999999936,0.12,0.12,0.12,-5.069999999999936,-5.189999999999936,-5.3099999999999365,-5.429999999999937,61,4.0,PRIMARY_CONTINUES,2022-08-31 10:14:00,True,2022-08-26 17:02:00,1742.46,DOWN,21.299999999999955,2.4404235051189334,4+,0.5600000000001728,5.1599999999998545,3.8333333333333335,0.06416136914868673,0.5912011871555573,0.06416136914868673,0.23716791810310084,-0.07332727902703333,0.06416136914868673,0.5912011871555573,-0.5854724934815743,0.06416136914868673,0.5912011871555573,-0.5854724934815743,0.06416136914868673,0.5912011871555573,-0.5854724934815743,2-3
FULL_2022_202608,2022-08-26 17:02:00,DOWN,1742.46,1758.76,16.299999999999955,8.774956573175727,1.8575590504718424,SAME_NEAREST,11.6400000000001,23.00999999999999,MULTI_CHILD_ERA4,CHALLENGE_OPENS,2022-09-02 15:30:00,1708.74,2.0687116564417254,2022,33.72000000000003,0.12,0.12,0.12,33.72000000000003,33.60000000000003,33.480000000000025,33.36000000000003,61,1.0,PRIMARY_CONTINUES,2022-08-29 04:13:00,True,2022-08-26 17:02:00,1742.46,DOWN,0.0,0.0,1,53.700000000000045,13.690000000000055,166.46666666666667,6.1196884055422265,1.560121681040472,0.3282067524760198,1.560121681040472,0.31908989824055756,0.9458736269273773,1.560121681040472,0.38176827110926026,0.9458736269273773,1.560121681040472,0.5276379388763716,0.9458736269273773,1.560121681040472,0.5276379388763716,<=0.5
FULL_2022_202608,2022-08-31 10:14:00,DOWN,1720.33,1737.91,17.580000000000155,8.708671114249972,2.0186776799084827,SAME_NEAREST,8.980000000000018,25.180000000000064,MULTI_CHILD_ERA4,CHALLENGE_OPENS,2022-09-02 15:30:00,1708.74,0.6592718998862239,2022,11.589999999999918,0.12,0.12,0.12,11.589999999999918,11.469999999999919,11.349999999999918,11.229999999999919,61,5.0,PRIMARY_CONTINUES,2022-08-31 12:47:00,True,2022-08-26 17:02:00,1742.46,DOWN,22.13000000000011,2.5411454525810324,4+,31.569999999999936,3.1800000000000637,53.266666666666666,3.6251225457741816,0.3651533004612655,0.09875215043919669,0.2744391157554854,0.05856232177208753,1.2240673531185406,0.2744391157554854,0.8600623334763607,1.2240673531185406,0.3651533004612655,1.1597636272511553,2.0737951592233657,0.3651533004612655,1.6810831191046456,2-3
FULL_2022_202608,2022-08-31 12:47:00,DOWN,1711.35,1726.55,15.200000000000044,8.733178496948582,1.7404888730158217,SAME_NEAREST,30.569999999999936,34.16000000000008,MULTI_CHILD_ERA4,CHALLENGE_OPENS,2022-09-02 15:30:00,1708.74,0.1717105263157823,2022,2.6099999999999,0.12,0.12,0.12,2.6099999999999,2.4899999999999,2.3699999999998997,2.2499999999999,61,6.0,CHALLENGE_OPENS,2022-09-02 15:30:00,False,2022-08-26 17:02:00,1742.46,DOWN,31.110000000000127,3.5622768973369916,4+,22.589999999999918,12.160000000000082,50.71666666666667,2.5866870816728387,1.3923910984126626,0.19236982280699255,0.2576381555451044,0.15916312720340547,0.19236982280699255,0.7912354021407523,-0.6698592044172871,0.20611052443607833,1.3923910984126626,0.04236716335629356,1.236663146616496,1.3923910984126626,0.5645138252610322,3-4
FULL_2022_202608,2022-09-06 03:12:00,UP,1715.78,1708.23,7.549999999999954,8.543835356750565,0.8836780772038905,SAME_NEAREST,2.180000000000064,27.019999999999985,MULTI_CHILD_ERA4,CHALLENGE_OPENS,2022-09-06 15:53:00,1709.24,-0.8662251655629143,2022,-6.539999999999964,0.12,0.12,0.12,-6.539999999999964,-6.659999999999964,-6.779999999999964,-6.899999999999964,62,1.0,PRIMARY_CONTINUES,2022-09-06 03:31:00,True,2022-09-06 03:12:00,1715.78,UP,0.0,0.0,1,10.990000000000009,6.75,12.683333333333334,1.2863075587378574,0.7900433140564631,1.2863075587378574,0.0819304177540089,0.4623216430404541,1.2863075587378574,0.0819304177540089,0.2762225512849413,1.2863075587378574,0.5980920496042145,-0.2621773368128125,1.2863075587378574,0.7900433140564631,-0.7759980995843344,<=0.5
FULL_2022_202608,2022-09-06 03:31:00,UP,1717.96,1708.23,9.730000000000018,8.543835356750565,1.138832806780652,SAME_NEAREST,8.589999999999918,29.200000000000045,MULTI_CHILD_ERA4,CHALLENGE_OPENS,2022-09-06 15:53:00,1709.24,-0.8961973278520052,2022,-8.720000000000027,0.12,0.12,0.12,-8.720000000000027,-8.840000000000027,-8.960000000000027,-9.080000000000027,62,2.0,PRIMARY_CONTINUES,2022-09-06 03:54:00,True,2022-09-06 03:12:00,1715.78,UP,2.1800000000000637,0.25515472957676144,2,8.809999999999945,8.930000000000064,12.366666666666667,1.0311528291610959,1.0451980436332247,1.0311528291610959,0.06671476874253832,0.031601732562256395,1.0311528291610959,0.12991823386707774,-0.1240660611703419,1.0311528291610959,0.8532467791809759,-0.7186468071565574,1.0311528291610959,1.0451980436332247,-1.0311528291610959,<=0.5
FULL_2022_202608,2022-09-06 03:54:00,UP,1726.55,1708.23,18.319999999999936,8.543835356750565,2.1442360760762007,SAME_NEAREST,18.96000000000004,37.78999999999997,MULTI_CHILD_ERA4,CHALLENGE_OPENS,2022-09-06 15:53:00,1709.24,-0.944868995633188,2022,-17.309999999999945,0.12,0.12,0.12,-17.309999999999945,-17.429999999999946,-17.549999999999944,-17.669999999999945,62,3.0,CHALLENGE_OPENS,2022-09-06 15:53:00,False,2022-09-06 03:12:00,1715.78,UP,10.769999999999982,1.2605579988723101,3,0.22000000000002728,17.519999999999982,11.983333333333333,0.025749559865547177,2.0506013129287735,0.025749559865547177,1.1353215031626265,-1.0054032692955486,0.025749559865547177,1.2125701827592412,-1.2032067064445067,0.025749559865547177,2.0506013129287735,-2.0365560984566446,0.025749559865547177,2.0506013129287735,-2.0365560984566446,1-2
FULL_2022_202608,2022-09-08 09:22:00,UP,1719.44,1713.54,5.900000000000091,8.587846345295008,0.6870174154003702,SAME_NEAREST,7.329999999999927,28.059999999999945,MULTI_CHILD_ERA4,AMBIGUOUS,2022-09-08 16:05:00,,,2022,,0.12,0.12,0.12,,,,,63,1.0,PRIMARY_CONTINUES,2022-09-08 14:39:00,True,2022-09-08 09:22:00,1719.44,UP,0.0,0.0,1,8.75,6.509999999999991,6.716666666666667,1.0188817601276519,0.758048029534972,0.3982372136727328,0.14439010086380544,-0.018630980756629452,0.3982372136727328,0.37844179661884214,0.16884326310687334,1.0188817601276519,0.758048029534972,-0.5915336390227005,1.0188817601276519,0.758048029534972,-0.5915336390227005,<=0.5
FULL_2022_202608,2022-09-08 14:39:00,UP,1726.77,1713.54,13.230000000000018,8.58658053226559,1.5407763253702638,SAME_NEAREST,18.74000000000001,35.38999999999987,MULTI_CHILD_ERA4,AMBIGUOUS,2022-09-08 16:05:00,,,2022,,0.12,0.12,0.12,,,,,63,2.0,CHALLENGE_OPENS,2022-09-08 16:05:00,False,2022-09-08 09:22:00,1719.44,UP,7.329999999999927,0.8536576315165462,2,1.4200000000000728,13.839999999999918,1.4333333333333333,0.16537432970717186,1.6118174106669914,0.16537432970717186,1.2519535523605678,-1.024855001002134,0.16537432970717186,1.6118174106669914,-1.4452784730041628,0.16537432970717186,1.6118174106669914,-1.4452784730041628,0.16537432970717186,1.6118174106669914,-1.4452784730041628,0.5-1
FULL_2022_202608,2022-09-09 10:24:00,UP,1728.19,1703.98,24.21000000000004,8.614706077953544,2.8103106224317305,SAME_NEAREST,17.319999999999936,24.21000000000004,MULTI_CHILD_ERA4,CHALLENGE_OPENS,2022-09-13 15:34:00,1711.91,-0.6724494010739342,2022,-16.279999999999973,0.12,0.12,0.12,-16.279999999999973,-16.399999999999974,-16.51999999999997,-16.639999999999972,64,1.0,PRIMARY_CONTINUES,2022-09-12 14:39:00,True,2022-09-09 10:24:00,1728.19,UP,0.0,0.0,1,6.899999999999864,16.830000000000155,101.16666666666667,0.800955939478667,1.9536360089023703,0.14161829654550942,0.3563673527825634,0.0023216114187766795,0.14161829654550942,0.3563673527825634,0.009286445675106718,0.14161829654550942,1.9536360089023703,-1.4544895538649092,0.14161829654550942,1.9536360089023703,-1.3012632002255164,<=0.5
FULL_2022_202608,2022-09-12 14:39:00,UP,1729.41,1711.91,17.5,8.624089219521865,2.029199786150894,SAME_NEAREST,16.09999999999991,18.050000000000185,MULTI_CHILD_ERA4,AMBIGUOUS,2022-09-13 15:34:00,,,2022,,0.12,0.12,0.12,,,,,64,2.0,CHALLENGE_OPENS,2022-09-13 15:34:00,False,2022-09-09 10:24:00,1728.19,UP,1.2200000000000273,0.14146421366309406,2,5.679999999999836,17.550000000000182,24.916666666666668,0.658620273447814,2.034997499825632,0.5206346879895734,0.27713071365147657,-0.26205665809720013,0.5206346879895734,0.6655775298574943,0.23422763245855824,0.658620273447814,0.6655775298574943,-0.4742529785918544,0.658620273447814,1.0934487990516035,0.16465506836194033,<=0.5
FULL_2022_202608,2022-09-16 09:30:00,DOWN,1660.3,1667.72,7.420000000000073,8.688864745049228,0.8539665672926795,NO_SAME_TARGET,,46.77999999999997,MULTI_CHILD_ERA4,SL,2022-09-16 14:43:00,1667.72,-1.0,2022,-7.420000000000073,0.12,0.12,0.12,-7.420000000000073,-7.540000000000073,-7.660000000000073,-7.780000000000073,65,8.0,PRIMARY_CONTINUES,2022-09-21 21:01:00,True,2022-09-13 15:36:00,1711.36,DOWN,51.059999999999945,5.876486917245788,4+,6.210000000000036,7.509999999999991,5.216666666666667,0.7147078683136818,0.8643246523406944,0.08977007041620758,0.2808191946353321,-0.06905390032017779,0.7147078683136818,0.6882372065242842,-0.21867068434719042,0.7147078683136818,0.8643246523406944,-0.8125342271005677,0.7147078683136818,0.8643246523406944,-0.8125342271005677,4-6
FULL_2022_202608,2022-09-21 21:01:00,DOWN,1659.65,1677.49,17.839999999999918,8.662613363851452,2.059424708303978,SAME_NEAREST,5.560000000000173,19.779999999999973,MULTI_CHILD_ERA4,SL,2022-09-21 21:34:00,1677.49,-1.0,2022,-17.839999999999918,0.12,0.12,0.12,-17.839999999999918,-17.95999999999992,-18.079999999999917,-18.199999999999918,65,9.0,PRIMARY_CONTINUES,2022-09-21 21:07:00,True,2022-09-13 15:36:00,1711.36,DOWN,51.70999999999981,5.969330250358676,4+,5.900000000000091,19.319999999999936,0.55,0.6810877678808135,2.2302738432978084,0.6810877678808135,2.2302738432978084,-2.1125264664777395,0.6810877678808135,2.2302738432978084,-2.1125264664777395,0.6810877678808135,2.2302738432978084,-2.1125264664777395,0.6810877678808135,2.2302738432978084,-2.1125264664777395,4-6
FULL_2022_202608,2022-09-21 21:07:00,DOWN,1654.09,1677.49,23.40000000000009,8.662613363851452,2.7012633505781105,NO_SAME_TARGET,,25.340000000000146,MULTI_CHILD_ERA4,SL,2022-09-21 21:34:00,1677.49,-1.0,2022,-23.40000000000009,0.12,0.12,0.12,-23.40000000000009,-23.520000000000092,-23.64000000000009,-23.76000000000009,65,10.0,CHALLENGE_OPENS,2022-09-21 21:35:00,False,2022-09-13 15:36:00,1711.36,DOWN,57.26999999999998,6.61116889263281,4+,0.33999999999991815,24.88000000000011,0.45,0.039249125606680896,2.8721124855719413,0.039249125606680896,2.8721124855719413,-2.7543651087518723,0.039249125606680896,2.8721124855719413,-2.7543651087518723,0.039249125606680896,2.8721124855719413,-2.7543651087518723,0.039249125606680896,2.8721124855719413,-2.7543651087518723,>6
FULL_2022_202608,2022-09-13 15:36:00,DOWN,1711.36,1735.09,23.730000000000015,8.584241236257986,2.764367792900508,SAME_NEAREST,7.379999999999882,23.730000000000015,MULTI_CHILD_ERA4,CHALLENGE_OPENS,2022-09-21 21:35:00,1680.37,1.305941845764854,2022,30.99000000000001,0.12,0.12,0.12,30.99000000000001,30.870000000000008,30.75000000000001,30.63000000000001,65,1.0,PRIMARY_CONTINUES,2022-09-13 15:55:00,True,2022-09-13 15:36:00,1711.36,DOWN,0.0,0.0,1,57.6099999999999,2.3400000000001455,197.98333333333332,6.711134789254019,0.2725925257221907,1.6705029140410041,0.2725925257221907,1.0018357782951581,1.6705029140410041,0.2725925257221907,0.8678693660812586,1.6705029140410041,0.2725925257221907,1.3233551676084903,1.6705029140410041,0.2725925257221907,0.9377648854972165,<=0.5
FULL_2022_202608,2022-09-13 15:55:00,DOWN,1703.98,1735.09,31.1099999999999,8.584241236257986,3.624082681716581,SAME_NEAREST,12.599999999999907,31.1099999999999,MULTI_CHILD_ERA4,CHALLENGE_OPENS,2022-09-21 21:35:00,1680.37,0.7589199614272003,2022,23.610000000000127,0.12,0.12,0.12,23.610000000000127,23.490000000000126,23.37000000000013,23.250000000000128,65,2.0,PRIMARY_CONTINUES,2022-09-14 21:00:00,True,2022-09-13 15:36:00,1711.36,DOWN,7.379999999999882,0.8597148888160728,2,50.23000000000002,5.629999999999882,197.66666666666666,5.851419900437946,0.6558529571862419,0.8107880252249314,0.6558529571862419,-0.28890148025256235,0.8107880252249314,0.6558529571862419,-0.09901865250590723,0.8107880252249314,0.6558529571862419,0.5731432592107328,0.8107880252249314,0.6558529571862419,-0.30404550945933606,0.5-1
FULL_2022_202608,2022-09-14 21:00:00,DOWN,1697.21,1707.08,9.86999999999989,8.649832529105046,1.1410625543083306,SAME_NEAREST,0.1900000000000545,34.59999999999991,MULTI_CHILD_ERA4,CHALLENGE_OPENS,2022-09-21 21:35:00,1680.37,1.7061803444782504,2022,16.840000000000146,0.12,0.12,0.12,16.840000000000146,16.720000000000145,16.600000000000147,16.480000000000146,65,3.0,PRIMARY_CONTINUES,2022-09-14 21:13:00,True,2022-09-13 15:36:00,1711.36,DOWN,14.149999999999864,1.6358698220327152,3,43.460000000000036,1.0299999999999727,168.58333333333334,5.024374732547177,0.11907744994301543,0.29364730374297365,0.09479952325559968,0.19306732175228128,0.4138808454330077,0.09479952325559968,-0.004624366988074186,1.290198389673881,0.11907744994301543,0.9699609757494543,4.267134638249345,0.11907744994301543,3.6347524526296224,1-2
FULL_2022_202608,2022-09-14 21:13:00,DOWN,1697.02,1707.08,10.059999999999944,8.649832529105046,1.1630282975017092,SAME_NEAREST,5.639999999999873,34.789999999999964,MULTI_CHILD_ERA4,CHALLENGE_OPENS,2022-09-21 21:35:00,1680.37,1.655069582504988,2022,16.65000000000009,0.12,0.12,0.12,16.65000000000009,16.53000000000009,16.410000000000093,16.29000000000009,65,4.0,PRIMARY_CONTINUES,2022-09-15 06:03:00,True,2022-09-13 15:36:00,1711.36,DOWN,14.339999999999918,1.657835565226094,4+,43.26999999999998,1.2200000000000273,168.36666666666667,5.002408989353798,0.1410431931363941,0.30983258820125964,0.09017515626752548,0.20925260621054093,0.391915102239629,0.09017515626752548,0.011560917470185466,1.268232646480502,0.1410431931363941,0.9988632694249179,4.245168895055967,0.1410431931363941,3.570011314796505,1-2
FULL_2022_202608,2022-09-15 06:03:00,DOWN,1691.38,1698.24,6.8599999999999,8.61325043410663,0.7964472939084375,SAME_NEAREST,2.6200000000001182,15.699999999999818,MULTI_CHILD_ERA4,CHALLENGE_OPENS,2022-09-21 21:35:00,1680.37,1.6049562682216296,2022,11.010000000000218,0.12,0.12,0.12,11.010000000000218,10.890000000000219,10.770000000000218,10.650000000000219,65,5.0,PRIMARY_CONTINUES,2022-09-15 07:55:00,True,2022-09-13 15:36:00,1711.36,DOWN,19.97999999999979,2.319681768555488,4+,37.63000000000011,1.9199999999998454,159.53333333333333,4.368850097634843,0.22291236214345467,0.08475313768996827,0.19156531121703094,-0.12190519804720631,0.6188140053253872,0.22291236214345467,0.4771717752133859,3.2345512548526956,0.22291236214345467,2.602966228779517,3.608393862197481,0.22291236214345467,3.24848327748665,2-3
FULL_2022_202608,2022-09-15 07:55:00,DOWN,1688.76,1698.24,9.480000000000018,8.61325043410663,1.1006297880833982,SAME_NEAREST,7.980000000000018,18.319999999999936,MULTI_CHILD_ERA4,CHALLENGE_OPENS,2022-09-21 21:35:00,1680.37,0.8850210970464224,2022,8.3900000000001,0.12,0.12,0.12,8.3900000000001,8.2700000000001,8.1500000000001,8.0300000000001,65,6.0,PRIMARY_CONTINUES,2022-09-15 16:39:00,True,2022-09-13 15:36:00,1711.36,DOWN,22.59999999999991,2.6238642627304483,4+,35.00999999999999,3.5399999999999636,157.66666666666666,4.064667603459883,0.4109946677020234,0.31463151115042653,0.10681217352708908,0.02322003772328368,0.3668765960278082,0.14048122822583853,0.13235421502269848,3.3042113680225205,0.4109946677020234,2.834005604126138,3.3042113680225205,0.4109946677020234,2.8641916531663987,2-3
FULL_2022_202608,2022-09-15 16:39:00,DOWN,1680.78,1698.24,17.460000000000036,8.603486243398265,2.0294098817671338,NO_SAME_TARGET,,26.299999999999955,MULTI_CHILD_ERA4,CHALLENGE_OPENS,2022-09-21 21:35:00,1680.37,0.0234822451317343,2022,0.41000000000008185,0.12,0.12,0.12,0.41000000000008185,0.29000000000008186,0.17000000000008186,0.05000000000008187,65,7.0,PRIMARY_CONTINUES,2022-09-16 09:30:00,True,2022-09-13 15:36:00,1711.36,DOWN,30.579999999999927,3.5543730918922494,4+,27.029999999999973,10.160000000000082,148.93333333333334,3.1417496623233365,1.180916632231054,0.04533046127657057,1.180916632231054,-0.2882552409382886,2.3804303767806902,1.180916632231054,1.497067541647216,2.3804303767806902,1.180916632231054,1.9550214324927258,3.102230798646323,1.180916632231054,2.6338160321216106,3-4
FULL_2022_202608,2022-09-28 09:18:00,DOWN,1621.11,1630.51,9.400000000000093,9.227680639538203,1.0186741790481504,NO_SAME_TARGET,,21.320000000000164,MULTI_CHILD_ERA4,SL,2022-09-28 13:22:00,1630.51,-1.0,2022,-9.400000000000091,0.12,0.12,0.12,-9.400000000000091,-9.52000000000009,-9.640000000000091,-9.76000000000009,66,3.0,CHALLENGE_OPENS,2022-09-28 16:27:00,False,2022-09-23 12:51:00,1653.75,DOWN,32.6400000000001,3.537183532354405,3,6.2999999999999545,10.009999999999991,4.066666666666666,0.6827284391492808,1.0847796310927529,0.3576196586020019,0.2947652943628692,0.35003378705588095,0.6827284391492808,0.488746866756075,-0.31969030087149586,0.6827284391492808,1.0847796310927529,-0.9872469969285841,0.6827284391492808,1.0847796310927529,-0.9872469969285841,3-4
FULL_2022_202608,2022-09-23 12:51:00,DOWN,1653.75,1674.12,20.36999999999989,8.96576957364483,2.2719745173775343,NO_SAME_TARGET,,31.16000000000008,MULTI_CHILD_ERA4,CHALLENGE_OPENS,2022-09-28 16:27:00,1642.43,0.5557191948944524,2022,11.319999999999936,0.12,0.12,0.12,11.319999999999936,11.199999999999937,11.079999999999936,10.959999999999937,66,1.0,PRIMARY_CONTINUES,2022-09-26 20:29:00,True,2022-09-23 12:51:00,1653.75,DOWN,0.0,0.0,1,38.940000000000055,8.490000000000009,123.6,4.343185454427186,0.946934887213323,0.8978593453553826,0.946934887213323,0.8755522808744983,1.391960823606864,0.946934887213323,0.8231306793444546,1.5681866330058014,0.946934887213323,1.1175839304920459,1.5681866330058014,0.946934887213323,1.1175839304920459,<=0.5
FULL_2022_202608,2022-09-26 20:29:00,DOWN,1625.57,1648.33,22.75999999999999,9.299898223300342,2.44733861097277,NO_SAME_TARGET,,24.19000000000005,MULTI_CHILD_ERA4,CHALLENGE_OPENS,2022-09-28 16:27:00,1642.43,-0.7407732864674927,2022,-16.860000000000127,0.12,0.12,0.12,-16.860000000000127,-16.98000000000013,-17.100000000000126,-17.220000000000127,66,2.0,PRIMARY_CONTINUES,2022-09-28 09:18:00,True,2022-09-23 12:51:00,1653.75,DOWN,28.180000000000064,3.0301406879267505,2,10.759999999999991,17.910000000000082,43.96666666666667,1.157001909229657,1.9258275273516048,0.4096819028034325,0.2817235132139257,0.2344111674833146,0.47957514081452757,0.6193616168366932,0.3365628230379826,0.47957514081452757,0.8043098774198757,-0.706459344204372,0.47957514081452757,1.8129230659490874,-0.34516506771628663,3-4
FULL_2022_202608,2022-09-28 16:48:00,UP,1649.76,1615.91,33.84999999999991,9.308439671958135,3.636484866735907,NO_OPPOSITE_TARGET,26.15000000000009,,MULTI_CHILD_ERA4,CHALLENGE_OPENS,2022-10-03 12:30:00,1660.08,0.304874446085671,2022,10.319999999999936,0.12,0.12,0.12,10.319999999999936,10.199999999999937,10.079999999999936,9.959999999999937,67,1.0,PRIMARY_CONTINUES,2022-09-29 19:08:00,True,2022-09-28 16:48:00,1649.76,UP,0.0,0.0,1,25.579999999999927,8.259999999999991,115.7,2.7480438077135743,0.8873667651178327,0.4630206728399292,0.3319568164908031,0.1643669673886515,1.386913430710812,0.3319568164908031,1.2075063486591355,1.386913430710812,0.3319568164908031,0.7960517832352567,1.386913430710812,0.8873667651178327,0.4350890313229039,<=0.5
FULL_2022_202608,2022-09-29 19:08:00,UP,1662.67,1641.5,21.170000000000076,9.379005895968833,2.257168855080803,SAME_NEAREST,13.240000000000007,47.86000000000013,MULTI_CHILD_ERA4,CHALLENGE_OPENS,2022-10-03 12:30:00,1660.08,-0.1223429381199875,2022,-2.5900000000001455,0.12,0.12,0.12,-2.5900000000001455,-2.7100000000001456,-2.8300000000001457,-2.9500000000001454,67,2.0,CHALLENGE_OPENS,2022-10-03 12:30:00,False,2022-09-28 16:48:00,1649.76,UP,12.910000000000082,1.3764785034999174,2,12.669999999999845,5.470000000000027,89.36666666666666,1.3508894375943943,0.5832174604294763,0.23350022638765006,0.43608033147287584,-0.35078344512119675,0.23350022638765006,0.5832174604294763,-0.24096370394343775,0.2772148806428844,0.5832174604294763,-0.11834942981294144,1.3508894375943943,0.5832174604294763,0.7666057660855233,1-2
FULL_2022_202608,2022-10-03 17:06:00,UP,1675.34,1659.65,15.689999999999827,9.352161295906065,1.6776870611575283,SAME_NEAREST,0.5700000000001637,33.83999999999992,MULTI_CHILD_ERA4,CHALLENGE_OPENS,2022-10-07 13:28:00,1706.86,2.008922880815827,2022,31.519999999999982,0.12,0.12,0.12,31.519999999999982,31.39999999999998,31.279999999999983,31.159999999999982,68,1.0,PRIMARY_CONTINUES,2022-10-03 17:07:00,True,2022-10-03 17:06:00,1675.34,UP,0.0,0.0,1,54.180000000000064,1.3999999999998636,92.36666666666666,5.793313255163543,0.14969801692927576,1.699072492147456,0.14969801692927576,1.591076065648469,2.3288734347999567,0.14969801692927576,2.291448930567644,2.8987951706807715,0.14969801692927576,2.1620670730787537,4.524087925913071,0.14969801692927576,4.2578393100888325,<=0.5
FULL_2022_202608,2022-10-03 17:07:00,UP,1675.91,1659.65,16.25999999999999,9.352161295906065,1.738635539478757,SAME_NEAREST,9.0,34.41000000000008,MULTI_CHILD_ERA4,CHALLENGE_OPENS,2022-10-07 13:28:00,1706.86,1.9034440344403345,2022,30.949999999999818,0.12,0.12,0.12,30.949999999999818,30.829999999999817,30.70999999999982,30.58999999999982,68,2.0,PRIMARY_CONTINUES,2022-10-03 17:24:00,True,2022-10-03 17:06:00,1675.34,UP,0.5700000000001637,0.06094847832122857,2,53.6099999999999,0.2599999999999909,92.35,5.7323647768423145,0.027801060286867234,1.6381240138262276,0.027801060286867234,1.5707599062080353,2.2679249564787285,0.027801060286867234,2.0679711767231876,2.837846692359543,0.027801060286867234,2.092564422361573,4.463139447591843,0.027801060286867234,4.225761163603965,<=0.5
FULL_2022_202608,2022-10-03 17:24:00,UP,1684.91,1659.65,25.25999999999999,9.352161295906065,2.7009799340241947,SAME_NEAREST,3.1799999999998363,43.41000000000008,MULTI_CHILD_ERA4,CHALLENGE_OPENS,2022-10-07 13:28:00,1706.86,0.8689627870150367,2022,21.949999999999818,0.12,0.12,0.12,21.949999999999818,21.829999999999817,21.70999999999982,21.58999999999982,68,3.0,PRIMARY_CONTINUES,2022-10-03 17:30:00,True,2022-10-03 17:06:00,1675.34,UP,9.570000000000164,1.0232928728666666,3,44.6099999999999,0.75,92.06666666666666,4.7700203822968765,0.08019536621211983,0.9794527393373412,0.08019536621211983,0.7634598863393671,1.3055805619332903,0.08019536621211983,1.244632083612086,1.8755022978141052,0.08019536621211983,1.2125539371272431,3.500795053046405,0.08019536621211983,3.0025145109817584,1-2
FULL_2022_202608,2022-10-03 17:30:00,UP,1688.09,1659.65,28.439999999999827,9.352161295906065,3.041008286763565,SAME_NEAREST,18.99000000000001,46.58999999999992,MULTI_CHILD_ERA4,CHALLENGE_OPENS,2022-10-07 13:28:00,1706.86,0.6599859353023944,2022,18.769999999999982,0.12,0.12,0.12,18.769999999999982,18.64999999999998,18.529999999999983,18.409999999999982,68,4.0,PRIMARY_CONTINUES,2022-10-04 10:06:00,True,2022-10-03 17:06:00,1675.34,UP,12.75,1.363321225606037,4+,41.430000000000064,3.2899999999999636,91.96666666666667,4.429992029557506,0.3517903397838284,0.6394243865979707,0.3517903397838284,0.25448662877980527,1.0115308858222087,0.3517903397838284,0.9997688987777751,1.5354739450747346,0.3517903397838284,0.8874953860808122,3.1607667003070348,0.3517903397838284,2.6592783435939062,1-2
FULL_2022_202608,2022-10-04 10:06:00,UP,1707.08,1695.17,11.909999999999854,9.428545027636227,1.2631853552260903,SAME_NEAREST,24.730000000000015,47.42999999999984,MULTI_CHILD_ERA4,CHALLENGE_OPENS,2022-10-07 13:28:00,1706.86,-0.018471872376157,2022,-0.22000000000002728,0.12,0.12,0.12,-0.22000000000002728,-0.3400000000000273,-0.4600000000000273,-0.5800000000000273,68,5.0,CHALLENGE_OPENS,2022-10-07 13:28:00,False,2022-10-03 17:06:00,1675.34,UP,31.74000000000001,3.366373062542116,4+,22.440000000000055,6.629999999999882,75.36666666666666,2.3800066642547337,0.7031837871661571,0.383940469010802,0.1368185649237305,0.148485264258326,0.5769713125466065,0.4369709205316052,-0.39772838640620456,2.3800066642547337,0.7010625691053259,1.9822782778485293,2.3800066642547337,0.7010625691053259,1.7362169827918974,3-4
FULL_2022_202608,2022-10-07 15:46:00,DOWN,1700.45,1714.83,14.379999999999882,9.439529340148054,1.5233810375310872,OPPOSITE_NEAREST,40.79999999999996,25.049999999999955,MULTI_CHILD_ERA4,CHALLENGE_OPENS,2022-10-11 18:30:00,1673.62,1.865785813630068,2022,26.830000000000155,0.12,0.12,0.12,26.830000000000155,26.710000000000154,26.590000000000156,26.470000000000155,69,1.0,PRIMARY_CONTINUES,2022-10-10 06:05:00,True,2022-10-07 15:46:00,1700.45,DOWN,0.0,0.0,1,39.47000000000003,6.809999999999945,98.73333333333333,4.181352541818675,0.7214342743801604,1.0487811037244803,0.47883743321561495,-0.16420310209827088,1.0487811037244803,0.7214342743801604,-0.0264843713061735,1.0487811037244803,0.7214342743801604,0.5932499172583009,1.0487811037244803,0.7214342743801604,0.5932499172583009,<=0.5
FULL_2022_202608,2022-10-10 06:05:00,DOWN,1690.55,1699.91,9.360000000000127,9.528435356718658,0.9823228735450502,OPPOSITE_NEAREST,30.899999999999864,24.279999999999973,MULTI_CHILD_ERA4,CHALLENGE_OPENS,2022-10-11 18:30:00,1673.62,1.808760683760666,2022,16.930000000000064,0.12,0.12,0.12,16.930000000000064,16.810000000000063,16.690000000000065,16.570000000000064,69,2.0,PRIMARY_CONTINUES,2022-10-11 05:11:00,True,2022-10-07 15:46:00,1700.45,DOWN,9.900000000000091,1.0389953470187985,2,29.569999999999936,1.0,36.416666666666664,3.103342667812679,0.10494902495139281,0.3599751555832841,0.10494902495139281,0.14273067393388372,0.6108033252170996,0.10494902495139281,0.3400348408425137,2.606933779792589,0.10494902495139281,2.577548052806202,3.0718579603272658,0.10494902495139281,2.7045363729973912,1-2
FULL_2022_202608,2022-10-11 05:11:00,DOWN,1665.68,1699.91,34.23000000000002,9.50977780902626,3.599453182545487,SAME_NEAREST,6.029999999999973,49.14999999999986,MULTI_CHILD_ERA4,CHALLENGE_OPENS,2022-10-11 18:30:00,1673.62,-0.2319602687700795,2022,-7.939999999999827,0.12,0.12,0.12,-7.939999999999827,-8.059999999999826,-8.179999999999827,-8.299999999999827,69,3.0,CHALLENGE_OPENS,2022-10-11 18:30:00,False,2022-10-07 15:46:00,1700.45,DOWN,34.76999999999998,3.65623684361982,3,4.7000000000000455,9.329999999999927,13.316666666666666,0.4942281612025691,0.9810954774510403,0.46268168282794214,0.1682478846646932,0.0031546478374603077,0.46268168282794214,0.24501098204296573,-0.01787633774560841,0.4942281612025691,0.759218579549474,0.13144365989429904,0.4942281612025691,0.9810954774510403,-0.9621675904262545,3-4
FULL_2022_202608,2022-10-12 21:10:00,UP,1675.36,1664.68,10.679999999999836,9.581758707706246,1.114617924098873,SAME_NEAREST,8.560000000000173,14.079999999999927,MULTI_CHILD_ERA4,AMBIGUOUS,2022-10-13 15:30:00,,,2022,,0.12,0.12,0.12,,,,,70,1.0,PRIMARY_CONTINUES,2022-10-13 14:37:00,True,2022-10-12 21:10:00,1675.36,UP,0.0,0.0,1,7.080000000000155,23.549999999999955,18.333333333333332,0.7389040170992803,2.457795141622548,0.31100762301635887,0.3851067546745985,-0.2316902426497484,0.31100762301635887,0.3851067546745985,-0.19203155246646691,0.31100762301635887,0.668979484407652,-0.6094914491327179,0.7389040170992803,2.457795141622548,-1.6333118457066926,<=0.5
FULL_2022_202608,2022-10-13 14:37:00,UP,1678.34,1666.98,11.3599999999999,9.512745452423989,1.194187320244673,SAME_NEAREST,5.580000000000155,17.059999999999945,MULTI_CHILD_ERA4,AMBIGUOUS,2022-10-13 15:30:00,,,2022,,0.12,0.12,0.12,,,,,70,2.0,CHALLENGE_OPENS,2022-10-13 15:30:00,False,2022-10-12 21:10:00,1675.36,UP,2.980000000000018,0.3132639273177093,2,4.100000000000136,26.529999999999973,0.8833333333333333,0.43100070537001445,2.788889930113681,0.43100070537001445,2.788889930113681,-1.9584251563519637,0.43100070537001445,2.788889930113681,-1.9584251563519637,0.43100070537001445,2.788889930113681,-1.9584251563519637,0.43100070537001445,2.788889930113681,-1.9584251563519637,<=0.5
FULL_2022_202608,2022-10-14 19:09:00,DOWN,1642.42,1663.98,21.559999999999945,9.76718263904822,2.207391916048054,SAME_NEAREST,0.9200000000000728,40.01999999999998,MULTI_CHILD_ERA4,SL,2022-10-17 15:22:00,1663.98,-1.0,2022,-21.559999999999945,0.12,0.12,0.12,-21.559999999999945,-21.679999999999946,-21.799999999999944,-21.919999999999945,71,1.0,PRIMARY_CONTINUES,2022-10-14 19:16:00,True,2022-10-14 19:09:00,1642.42,DOWN,0.0,0.0,1,2.25,23.289999999999964,68.21666666666667,0.23036325654490422,2.384515664413694,0.11466970992458665,0.37984341412515693,-0.1003359961840046,0.23036325654490422,0.37984341412515693,-0.05426334487501909,0.23036325654490422,0.37984341412515693,-0.17098072819109086,0.23036325654490422,0.37984341412515693,-0.17098072819109086,<=0.5
FULL_2022_202608,2022-10-14 19:16:00,DOWN,1641.5,1663.98,22.480000000000015,9.76718263904822,2.301584892057534,SAME_NEAREST,26.69000000000005,40.940000000000055,MULTI_CHILD_ERA4,SL,2022-10-17 15:22:00,1663.98,-1.0,2022,-22.480000000000018,0.12,0.12,0.12,-22.480000000000018,-22.60000000000002,-22.720000000000017,-22.840000000000018,71,2.0,PRIMARY_CONTINUES,2022-10-18 18:22:00,True,2022-10-14 19:09:00,1642.42,DOWN,0.9200000000000728,0.0941929760094794,2,1.3299999999999272,24.210000000000036,68.1,0.13617028053542482,2.4787086404231733,0.020476733915107254,0.47403639013463633,-0.09828832279249619,0.13617028053542482,0.47403639013463633,-0.22422023637037905,0.13617028053542482,0.47403639013463633,-0.2651737042005703,0.13617028053542482,0.47403639013463633,-0.2651737042005703,<=0.5
FULL_2022_202608,2022-10-18 18:22:00,DOWN,1646.7,1657.37,10.669999999999844,9.784428272819063,1.0905082752398405,SAME_NEAREST,6.529999999999973,21.720000000000027,MULTI_CHILD_ERA4,CHALLENGE_OPENS,2022-10-21 18:24:00,1645.73,0.0909090909090947,2022,0.9700000000000273,0.12,0.12,0.12,0.9700000000000273,0.8500000000000273,0.7300000000000273,0.6100000000000273,71,3.0,PRIMARY_CONTINUES,2022-10-19 07:47:00,True,2022-10-14 19:09:00,1642.42,DOWN,-4.279999999999973,-0.43742974864353834,3,29.529999999999973,7.690000000000055,72.03333333333333,3.018060859215831,0.785942702586181,0.08789476257792081,0.49364151540847473,-0.3658875000336087,0.08789476257792081,0.6193514665373446,-0.3025215084076864,0.08789476257792081,0.785942702586181,-0.37815188550960793,1.6700004889802629,0.785942702586181,1.3715671090645685,<=0.5
FULL_2022_202608,2022-10-19 07:47:00,DOWN,1645.84,1654.39,8.550000000000182,9.72633685799071,0.8790565374029685,SAME_NEAREST,5.669999999999845,15.050000000000182,MULTI_CHILD_ERA4,CHALLENGE_OPENS,2022-10-21 18:24:00,1645.73,0.0128654970760114,2022,0.10999999999989996,0.12,0.12,0.12,0.10999999999989996,-0.01000000000010004,-0.13000000000010004,-0.25000000000010003,71,4.0,PRIMARY_CONTINUES,2022-10-19 09:56:00,True,2022-10-14 19:09:00,1642.42,DOWN,-3.4199999999998454,-0.35162261496116404,4+,28.669999999999845,1.990000000000009,58.61666666666667,2.9476667751277703,0.2045991239101612,0.09047599449292304,0.18814894309327884,-0.16861435337320768,0.8348466764575271,0.2045991239101612,0.5181806957322614,1.8012947994502533,0.2045991239101612,1.7303533946773781,2.4048108081701622,0.2045991239101612,1.6696933529150777,<=0.5
FULL_2022_202608,2022-10-19 09:56:00,DOWN,1640.17,1654.39,14.220000000000027,9.716023875446316,1.463561656732427,OPPOSITE_NEAREST,25.360000000000127,20.720000000000027,MULTI_CHILD_ERA4,CHALLENGE_OPENS,2022-10-21 18:24:00,1645.73,-0.3909985935302345,2022,-5.559999999999945,0.12,0.12,0.12,-5.559999999999945,-5.6799999999999455,-5.799999999999946,-5.919999999999946,71,5.0,PRIMARY_CONTINUES,2022-10-21 06:43:00,True,2022-10-14 19:09:00,1642.42,DOWN,2.25,0.231576211508295,4+,23.0,6.869999999999891,56.46666666666667,2.3672234954181266,0.7070793658053162,0.25216076364237033,0.7070793658053162,-0.5516659971930835,0.77192070502765,0.7070793658053162,0.6278288400891693,1.2659499562453647,0.7070793658053162,1.248453086931397,1.8237913190786637,0.7070793658053162,1.0878935802856515,<=0.5
FULL_2022_202608,2022-10-21 06:43:00,DOWN,1622.45,1645.73,23.279999999999973,9.666117076937416,2.408412790234477,SAME_NEAREST,7.6400000000001,23.279999999999973,MULTI_CHILD_ERA4,AMBIGUOUS,2022-10-21 18:24:00,,,2022,,0.12,0.12,0.12,,,,,71,6.0,CHALLENGE_OPENS,2022-10-21 18:24:00,False,2022-10-14 19:09:00,1642.42,DOWN,19.970000000000027,2.0659795283927247,4+,5.279999999999973,23.62999999999988,11.683333333333334,0.5462379524243123,2.44462174541411,0.2286336884200296,0.026898080990590333,0.12104136445766826,0.5462379524243123,0.49657995674937266,-0.33829509553551146,0.5462379524243123,2.44462174541411,-2.3287530888392665,0.5462379524243123,2.44462174541411,-2.3287530888392665,2-3
FULL_2022_202608,2022-10-26 11:01:00,UP,1671.77,1655.15,16.61999999999989,9.679552357739604,1.717021550765292,SAME_NEAREST,10.670000000000073,33.52999999999997,MULTI_CHILD_ERA4,SL,2022-10-27 15:26:00,1655.15,-1.0,2022,-16.61999999999989,0.12,0.12,0.12,-16.61999999999989,-16.739999999999892,-16.85999999999989,-16.97999999999989,73,4.0,CHALLENGE_OPENS,2022-10-28 10:10:00,False,2022-10-25 16:31:00,1654.9,UP,16.86999999999989,1.7428491914206061,4+,3.160000000000082,16.920000000000073,28.416666666666668,0.3264613778831828,1.7480147195516877,0.28823646971330524,0.2572433009269326,0.27893851907740047,0.3264613778831828,0.5186190243587118,-0.2686074628152606,0.3264613778831828,1.1488134563483743,-0.7335049946109202,0.3264613778831828,1.3089448284113425,-0.954589598620422,1-2
FULL_2022_202608,2022-10-25 16:31:00,UP,1654.9,1638.24,16.660000000000082,9.689594718925337,1.7193701577074658,SAME_NEAREST,15.779999999999973,37.73000000000002,MULTI_CHILD_ERA4,CHALLENGE_OPENS,2022-10-28 10:10:00,1654.85,-0.0030012004802029,2022,-0.0500000000001819,0.12,0.12,0.12,-0.0500000000001819,-0.1700000000001819,-0.2900000000001819,-0.4100000000001819,73,1.0,PRIMARY_CONTINUES,2022-10-26 09:13:00,True,2022-10-25 16:31:00,1654.9,UP,0.0,0.0,1,20.029999999999973,5.210000000000036,65.65,2.0671659219015797,0.5376901873743046,0.7719621116237582,0.15996541083114474,0.11352383994466066,0.7719621116237582,0.2900018093132204,-0.08153075777846455,0.7719621116237582,0.5376901873743046,-0.25078448278686855,2.0671659219015797,0.5376901873743046,0.8586530439451341,<=0.5
FULL_2022_202608,2022-10-26 09:13:00,UP,1662.38,1649.69,12.690000000000056,9.679552357739604,1.311011039663766,SAME_NEAREST,8.299999999999955,24.1400000000001,MULTI_CHILD_ERA4,CHALLENGE_OPENS,2022-10-28 10:10:00,1654.85,-0.5933806146572236,2022,-7.5300000000002,0.12,0.12,0.12,-7.5300000000002,-7.6500000000002,-7.7700000000002,-7.8900000000002,73,2.0,PRIMARY_CONTINUES,2022-10-26 10:45:00,True,2022-10-25 16:31:00,1654.9,UP,7.480000000000018,0.7727630084070095,2,12.549999999999955,7.870000000000118,48.95,1.2965475608967794,0.8130541278293103,0.5723405169217639,0.1652969001940264,0.42047398986851225,1.2965475608967794,0.1652969001940264,0.6994125089459128,1.2965475608967794,0.1787272733347777,0.45973200366457795,1.2965475608967794,0.1787272733347777,0.3595207579219552,0.5-1
FULL_2022_202608,2022-10-26 10:45:00,UP,1670.68,1649.69,20.99000000000001,9.679552357739604,2.1684887094202003,SAME_NEAREST,1.089999999999918,32.440000000000055,MULTI_CHILD_ERA4,CHALLENGE_OPENS,2022-10-28 10:10:00,1654.85,-0.7541686517389303,2022,-15.830000000000155,0.12,0.12,0.12,-15.830000000000155,-15.950000000000154,-16.070000000000153,-16.190000000000154,73,3.0,PRIMARY_CONTINUES,2022-10-26 11:01:00,True,2022-10-25 16:31:00,1654.9,UP,15.779999999999973,1.6302406781634438,3,4.25,16.170000000000073,47.416666666666664,0.4390698911403452,1.6705317975857445,0.28926957533951686,0.19215764647555247,0.14980031580082837,0.4390698911403452,0.40601051110154934,-0.07954913321836656,0.4390698911403452,1.036204943091212,-0.6529227557663656,0.4390698911403452,1.1963363151541802,-0.909132951067063,1-2
FULL_2022_202608,2022-10-31 10:18:00,DOWN,1637.96,1645.63,7.670000000000073,9.611249250045862,0.7980232122232678,SAME_NEAREST,20.789999999999964,29.029999999999973,MULTI_CHILD_ERA4,SL,2022-11-01 08:59:00,1645.63,-1.0,2022,-7.670000000000073,0.12,0.12,0.12,-7.670000000000073,-7.790000000000073,-7.910000000000073,-8.030000000000072,74,3.0,CHALLENGE_OPENS,2022-11-02 14:03:00,False,2022-10-28 11:34:00,1649.69,DOWN,11.730000000000018,1.2204448864900725,3,7.220000000000027,9.409999999999854,22.683333333333334,0.7512030759129024,0.9790610726233068,0.2455456037610164,0.10196385240923202,0.13213682914257183,0.2455456037610164,0.42658346416105536,-0.29340618754492087,0.6461178810829824,0.427623911634618,0.5212641842553489,0.7512030759129024,0.9790610726233068,-0.9572116756784916,1-2
FULL_2022_202608,2022-10-28 18:15:00,DOWN,1638.24,1653.07,14.829999999999927,9.68194393645618,1.5317171941224912,SAME_NEAREST,21.069999999999936,28.75,MULTI_CHILD_ERA4,SL,2022-11-01 13:08:00,1653.07,-1.0,2022,-14.829999999999927,0.12,0.12,0.12,-14.829999999999927,-14.949999999999926,-15.069999999999927,-15.189999999999927,74,2.0,PRIMARY_CONTINUES,2022-10-31 10:18:00,True,2022-10-28 11:34:00,1649.69,DOWN,11.450000000000045,1.1826137473164315,2,7.5,15.519999999999982,90.88333333333334,0.774637825753118,1.6029838740917837,0.02891981216144692,0.37182615636148725,-0.2385884503319547,0.02891981216144692,0.6506957736326144,-0.5618706362796005,0.02891981216144692,0.7715392744501083,-0.6599914275416668,0.02891981216144692,0.7715392744501083,-0.6599914275416668,1-2
FULL_2022_202608,2022-10-28 11:34:00,DOWN,1649.69,1666.99,17.299999999999955,9.620743220910091,1.798197873361745,SAME_NEAREST,11.450000000000044,21.09999999999991,MULTI_CHILD_ERA4,CHALLENGE_OPENS,2022-11-02 14:03:00,1657.01,-0.4231213872832344,2022,-7.319999999999936,0.12,0.12,0.12,-7.319999999999936,-7.439999999999936,-7.5599999999999365,-7.679999999999937,74,1.0,PRIMARY_CONTINUES,2022-10-28 18:15:00,True,2022-10-28 11:34:00,1649.69,DOWN,0.0,0.0,1,18.950000000000045,8.470000000000027,122.48333333333333,1.9697022948095517,0.8803893634320273,0.2910378060932265,0.2411456107629564,0.04053740870585332,1.0051198517577025,0.3513242087839597,-0.02286725619304243,1.2192405233834314,0.3513242087839597,0.5592083559934342,1.2192405233834314,0.3513242087839597,0.525946892439905,<=0.5
FULL_2022_202608,2022-11-02 20:34:00,UP,1666.99,1642.12,24.87000000000012,9.406018049965295,2.64405191100945,SAME_NEAREST,3.7999999999999545,36.25,MULTI_CHILD_ERA4,SL,2022-11-02 21:19:00,1642.12,-1.0,2022,-24.87000000000012,0.12,0.12,0.12,-24.87000000000012,-24.99000000000012,-25.110000000000117,-25.230000000000118,75,1.0,CHALLENGE_OPENS,2022-11-03 09:12:00,False,2022-11-02 20:34:00,1666.99,UP,0.0,0.0,1,2.480000000000018,25.190000000000055,0.75,0.26366098670299365,2.6780726834872484,0.26366098670299365,2.6780726834872484,-2.6631885955281978,0.26366098670299365,2.6780726834872484,-2.6631885955281978,0.26366098670299365,2.6780726834872484,-2.6631885955281978,0.26366098670299365,2.6780726834872484,-2.6631885955281978,<=0.5
FULL_2022_202608,2022-11-03 13:41:00,DOWN,1617.17,1640.98,23.809999999999945,9.551085754928664,2.492910294278661,SAME_NEAREST,2.3600000000001278,52.29999999999996,MULTI_CHILD_ERA4,SL,2022-11-04 06:33:00,1640.98,-1.0,2022,-23.809999999999945,0.12,0.12,0.12,-23.809999999999945,-23.929999999999946,-24.049999999999944,-24.169999999999945,76,1.0,CHALLENGE_OPENS,2022-11-04 16:06:00,False,2022-11-03 13:41:00,1617.17,DOWN,0.0,0.0,1,0.5399999999999636,25.299999999999955,16.866666666666667,0.0565380747127421,2.6489135004304982,0.0565380747127421,0.8334131013212214,-0.4816206364419001,0.0565380747127421,1.5076819923398768,-1.1307614942549136,0.0565380747127421,1.5893481002582845,-1.3129397349959846,0.0565380747127421,2.6489135004304982,-2.594469428484893,<=0.5
FULL_2022_202608,2022-11-07 16:46:00,UP,1681.71,1666.88,14.829999999999927,9.596972571613076,1.545278981401452,SAME_NEAREST,0.7300000000000182,65.07999999999993,MULTI_CHILD_ERA4,AMBIGUOUS,2022-11-08 10:52:00,,,2022,,0.12,0.12,0.12,,,,,77,3.0,CHALLENGE_OPENS,2022-11-08 10:52:00,False,2022-11-04 16:15:00,1670.79,UP,10.920000000000073,1.1378588318883378,3,0.15999999999985448,15.110000000000127,18.1,0.01667192427673693,1.574454848885789,0.01667192427673693,0.8148402990262519,-0.4543099365415078,0.01667192427673693,0.8148402990262519,-0.5428795342617438,0.01667192427673693,1.0003154566051398,-0.8721500387276061,0.01667192427673693,1.574454848885789,-1.5390270097976757,1-2
FULL_2022_202608,2022-11-11 23:42:00,UP,1772.42,1755.56,16.860000000000127,9.80805069864516,1.718996008282165,SAME_NEAREST,9.879999999999882,68.43000000000006,MULTI_CHILD_ERA4,SL,2022-11-14 12:33:00,1755.56,-1.0,2022,-16.860000000000127,0.12,0.12,0.12,-16.860000000000127,-16.98000000000013,-17.100000000000126,-17.220000000000127,78,8.0,PRIMARY_CONTINUES,2022-11-14 17:10:00,True,2022-11-08 17:08:00,1683.92,UP,88.5,9.023199687602043,4+,0.14999999999986358,16.910000000000082,60.85,0.015293558792531926,1.7240938612130088,0.015293558792531926,0.3099494581955919,-0.1478377349946144,0.015293558792531926,0.3099494581955919,-0.1478377349946144,0.015293558792531926,0.3099494581955919,-0.1478377349946144,0.015293558792531926,0.3099494581955919,-0.1478377349946144,>6
FULL_2022_202608,2022-11-08 17:08:00,UP,1683.92,1664.64,19.279999999999973,9.470436220046908,2.035809074896497,SAME_NEAREST,30.90999999999985,67.28999999999996,MULTI_CHILD_ERA4,CHALLENGE_OPENS,2022-11-17 04:10:00,1768.02,4.362033195020748,2022,84.09999999999991,0.12,0.12,0.12,84.09999999999991,83.9799999999999,83.85999999999991,83.73999999999991,78,1.0,PRIMARY_CONTINUES,2022-11-08 18:00:00,True,2022-11-08 17:08:00,1683.92,UP,0.0,0.0,1,102.52999999999997,3.769999999999982,203.03333333333333,10.826322844872307,0.39808092387758126,3.276512219607797,0.39808092387758126,3.1065094908430866,3.4824161457513796,0.39808092387758126,3.0252038379556243,3.4824161457513796,0.39808092387758126,2.950233690487959,3.4824161457513796,0.39808092387758126,3.22477225867941,<=0.5
FULL_2022_202608,2022-11-10 15:30:00,UP,1731.81,1703.99,27.819999999999936,9.581033312248758,2.903653404944724,SAME_NEAREST,3.2799999999999727,29.6099999999999,MULTI_CHILD_ERA4,CHALLENGE_OPENS,2022-11-17 04:10:00,1768.02,1.3015815959741237,2022,36.210000000000036,0.15,0.12,0.15,36.210000000000036,36.06000000000004,35.91000000000004,35.76000000000003,78,4.0,PRIMARY_CONTINUES,2022-11-10 15:40:00,True,2022-11-08 17:08:00,1683.92,UP,47.88999999999987,4.998417022386873,4+,54.6400000000001,20.25999999999999,156.66666666666666,5.702933934082688,2.114594463845443,1.0823467221163625,2.114594463845443,0.9591867286643507,2.2387981860555217,2.114594463845443,1.7503331272797658,2.6489835879761894,2.114594463845443,1.8515748168123491,3.6321760780760783,2.114594463845443,3.0560378036226328,4-6
FULL_2022_202608,2022-11-10 15:40:00,UP,1735.09,1703.99,31.09999999999991,9.581033312248758,3.245996437590973,SAME_NEAREST,10.420000000000073,32.88999999999987,MULTI_CHILD_ERA4,CHALLENGE_OPENS,2022-11-17 04:10:00,1768.02,1.0588424437299089,2022,32.930000000000064,0.12,0.12,0.12,32.930000000000064,32.810000000000066,32.69000000000006,32.570000000000064,78,5.0,PRIMARY_CONTINUES,2022-11-10 17:07:00,True,2022-11-08 17:08:00,1683.92,UP,51.169999999999845,5.340760055033122,4+,51.36000000000013,6.699999999999818,156.5,5.3605909014364395,0.6992982679054338,0.7400036894701137,0.6992982679054338,0.3840921829689718,1.8964551534092728,0.6992982679054338,1.21698773190711,2.3066405553299405,0.6992982679054338,1.3328416240526297,3.28983304542983,0.6992982679054338,2.964189672912675,4-6
FULL_2022_202608,2022-11-11 10:56:00,UP,1765.47,1747.26,18.21000000000004,9.79129515526433,1.859815245198625,SAME_NEAREST,6.9500000000000455,61.48000000000002,MULTI_CHILD_ERA4,CHALLENGE_OPENS,2022-11-17 04:10:00,1768.02,0.140032948929157,2022,2.5499999999999545,0.12,0.12,0.12,2.5499999999999545,2.4299999999999544,2.3099999999999543,2.1899999999999546,78,7.0,PRIMARY_CONTINUES,2022-11-11 23:42:00,True,2022-11-08 17:08:00,1683.92,UP,81.54999999999995,8.328826647223915,4+,20.980000000000018,12.200000000000045,137.23333333333332,2.1427195960607968,1.2460047222088557,0.07047075887903076,0.47082637453958703,-0.16034650933342762,0.11642994945228947,1.0662532213000389,-0.47082637453958703,0.2726911974014527,1.0662532213000389,0.19711386179206244,0.7251338957116992,1.0662532213000389,0.5617234403400558,>6
FULL_2022_202608,2022-11-14 17:10:00,UP,1772.57,1753.27,19.299999999999955,9.800218916771618,1.969343763022566,SAME_NEAREST,9.730000000000018,68.57999999999993,MULTI_CHILD_ERA4,CHALLENGE_OPENS,2022-11-17 04:10:00,1768.02,-0.2357512953367857,2022,-4.5499999999999545,0.12,0.12,0.12,-4.5499999999999545,-4.669999999999955,-4.789999999999955,-4.909999999999955,78,9.0,PRIMARY_CONTINUES,2022-11-15 09:24:00,True,2022-11-08 17:08:00,1683.92,UP,88.64999999999986,9.045716300101068,4+,13.88000000000011,5.990000000000009,59.0,1.4162948927851553,0.6112108362956071,0.253055571621555,0.3581552646740521,-0.25407595699099583,0.253055571621555,0.6112108362956071,0.04795811236376487,0.253055571621555,0.6112108362956071,-0.11836470285522775,1.4162948927851553,0.6112108362956071,-0.27958559122703946,>6
FULL_2022_202608,2022-11-15 09:24:00,UP,1775.05,1767.04,8.009999999999991,9.73560470693277,0.8227532075430334,SAME_NEAREST,7.25,21.779999999999973,MULTI_CHILD_ERA4,CHALLENGE_OPENS,2022-11-17 04:10:00,1768.02,-0.8776529338327067,2022,-7.029999999999973,0.12,0.12,0.12,-7.029999999999973,-7.149999999999973,-7.269999999999973,-7.389999999999973,78,10.0,PRIMARY_CONTINUES,2022-11-15 09:47:00,True,2022-11-08 17:08:00,1683.92,UP,91.12999999999988,9.360486866841027,4+,11.400000000000091,7.039999999999964,42.766666666666666,1.1709596212223055,0.7231189239828879,0.9665552662896405,0.08319976256052596,0.37285819517868973,0.9665552662896405,0.21775740324483683,0.041086302499037275,1.1709596212223055,0.7220917664204132,0.12634038018451277,1.1709596212223055,0.7220917664204132,-0.14893784655898093,>6
FULL_2022_202608,2022-11-15 09:47:00,UP,1782.3,1767.04,15.259999999999993,9.73560470693277,1.5674424403379148,SAME_NEAREST,20.00999999999999,29.029999999999973,MULTI_CHILD_ERA4,CHALLENGE_OPENS,2022-11-17 04:10:00,1768.02,-0.9357798165137602,2022,-14.279999999999973,0.12,0.12,0.12,-14.279999999999973,-14.399999999999972,-14.519999999999973,-14.639999999999972,78,11.0,CHALLENGE_OPENS,2022-11-17 04:10:00,False,2022-11-08 17:08:00,1683.92,UP,98.37999999999988,10.105176099635909,4+,4.150000000000091,14.289999999999964,42.38333333333333,0.42627038842742415,1.4678081567777692,0.22186603349475925,0.8597308797921484,-0.6152673799229442,0.22186603349475925,0.9624466360397181,-0.7046300878583188,0.42627038842742415,1.4667809992152945,-0.6091044345480957,0.42627038842742415,1.4667809992152945,-0.7559879659821037,>6
FULL_2022_202608,2022-11-23 15:30:00,DOWN,1732.53,1745.7,13.170000000000073,9.44502082878754,1.394385490380195,OPPOSITE_NEAREST,28.539999999999964,17.190000000000055,MULTI_CHILD_ERA4,SL,2022-11-23 16:52:00,1745.7,-1.0,2022,-13.170000000000073,0.12,0.12,0.12,-13.170000000000073,-13.290000000000072,-13.410000000000073,-13.530000000000072,79,3.0,CHALLENGE_OPENS,2022-11-23 21:03:00,False,2022-11-18 16:31:00,1754.45,DOWN,21.920000000000073,2.3207995405568576,3,6.899999999999864,15.079999999999927,1.3666666666666667,0.7305436509964393,1.5966084430473142,0.7305436509964393,0.7983042215236571,-0.4086809409922325,0.7305436509964393,1.5966084430473142,-1.5574343632112841,0.7305436509964393,1.5966084430473142,-1.5574343632112841,0.7305436509964393,1.5966084430473142,-1.5574343632112841,2-3
FULL_2022_202608,2022-11-18 16:31:00,DOWN,1754.45,1767.68,13.230000000000018,9.636566009947517,1.3728956960750454,SAME_NEAREST,1.1800000000000637,30.539999999999964,MULTI_CHILD_ERA4,CHALLENGE_OPENS,2022-11-23 21:03:00,1749.72,0.3575207860922155,2022,4.730000000000018,0.12,0.12,0.12,4.730000000000018,4.610000000000018,4.490000000000018,4.370000000000018,79,1.0,PRIMARY_CONTINUES,2022-11-18 16:47:00,True,2022-11-18 16:31:00,1754.45,DOWN,0.0,0.0,1,28.819999999999936,4.139999999999873,124.53333333333333,2.990691909363769,0.42961361917993235,0.47423532358751785,0.282258223229339,-0.16292110679045585,0.47423532358751785,0.42961361917993235,0.2978239340692016,0.7222489829691876,0.42961361917993235,0.3953690553322631,0.7222489829691876,0.42961361917993235,0.3953690553322631,<=0.5
FULL_2022_202608,2022-11-18 16:47:00,DOWN,1753.27,1767.68,14.410000000000082,9.636566009947517,1.4953459546818963,OPPOSITE_NEAREST,49.27999999999997,31.720000000000027,MULTI_CHILD_ERA4,CHALLENGE_OPENS,2022-11-23 21:03:00,1749.72,0.2463566967383715,2022,3.5499999999999545,0.12,0.12,0.12,3.5499999999999545,3.4299999999999544,3.3099999999999543,3.1899999999999546,79,2.0,PRIMARY_CONTINUES,2022-11-23 15:30:00,True,2022-11-18 16:31:00,1754.45,DOWN,1.1800000000000637,0.12245025860685099,2,27.639999999999873,5.319999999999936,124.26666666666667,2.868241650756918,0.5520638777867833,0.35178506498066686,0.35178506498069045,-0.2884845075652746,0.35178506498066686,0.5520638777867833,0.30820107462909424,0.5997987243623366,0.5520638777867833,0.2729187967254121,0.5997987243623366,0.5520638777867833,0.2729187967254121,<=0.5
FULL_2022_202608,2022-11-25 04:21:00,UP,1758.64,1748.82,9.820000000000164,9.30337069321217,1.0555314115522594,SAME_NEAREST,9.039999999999964,33.00999999999999,MULTI_CHILD_ERA4,SL,2022-11-25 15:19:00,1748.82,-1.0,2022,-9.820000000000164,0.14,0.12,0.14,-9.820000000000164,-9.960000000000164,-10.100000000000163,-10.240000000000164,80,1.0,CHALLENGE_OPENS,2022-11-28 03:52:00,False,2022-11-25 04:21:00,1758.64,UP,0.0,0.0,1,2.439999999999827,9.920000000000073,10.966666666666667,0.262270534031292,1.066280203930582,0.07524154664830726,0.15155797253449566,-0.05696859960518324,0.262270534031292,0.43747584979814635,-0.33536232220398365,0.262270534031292,1.066280203930582,-1.0555314115522594,0.262270534031292,1.066280203930582,-1.0555314115522594,<=0.5
FULL_2022_202608,2022-11-28 10:26:00,UP,1756.3,1748.42,7.879999999999882,9.21758789216648,0.8548874274035032,SAME_NEAREST,4.779999999999973,30.669999999999845,MULTI_CHILD_ERA4,AMBIGUOUS,2022-11-28 16:40:00,,,2022,,0.12,0.12,0.12,,,,,81,1.0,PRIMARY_CONTINUES,2022-11-28 11:01:00,True,2022-11-28 10:26:00,1756.3,UP,0.0,0.0,1,7.3900000000001,11.279999999999973,6.233333333333333,0.8017281838213286,1.2237474849126444,0.6899852840465065,0.06292318628096157,0.46866924954100697,0.8017281838213286,0.06292318628096157,0.24518344999136277,0.8017281838213286,1.2237474849126444,-1.133702235579541,0.8017281838213286,1.2237474849126444,-1.133702235579541,<=0.5
FULL_2022_202608,2022-11-28 11:01:00,UP,1761.08,1748.42,12.659999999999854,9.21758789216648,1.3734612729604554,SAME_NEAREST,6.600000000000136,35.44999999999982,MULTI_CHILD_ERA4,AMBIGUOUS,2022-11-28 16:40:00,,,2022,,0.12,0.12,0.12,,,,,81,2.0,CHALLENGE_OPENS,2022-11-28 16:40:00,False,2022-11-28 10:26:00,1756.3,UP,4.779999999999973,0.5185738455569522,2,2.6100000000001273,16.059999999999945,5.65,0.28315433826437636,1.7423213304695966,0.19419397145333284,0.20721256171834915,-0.022782532963803233,0.28315433826437636,0.7550782353716374,-0.6650329860385092,0.28315433826437636,1.7423213304695966,-1.6522760811364932,0.28315433826437636,1.7423213304695966,-1.6522760811364932,0.5-1
FULL_2022_202608,2022-11-30 15:15:00,UP,1763.69,1752.93,10.759999999999993,9.164175282477071,1.1741372975017528,SAME_NEAREST,3.990000000000009,16.779999999999973,MULTI_CHILD_ERA4,SL,2022-11-30 17:02:00,1752.93,-1.0,2022,-10.759999999999991,0.12,0.12,0.12,-10.759999999999991,-10.87999999999999,-10.999999999999991,-11.11999999999999,82,2.0,CHALLENGE_OPENS,2022-11-30 20:29:00,False,2022-11-30 10:51:00,1758.97,UP,4.720000000000027,0.5150490747405493,2,0.9600000000000364,11.110000000000127,1.7833333333333334,0.10475574401503034,1.2123294958405795,0.10475574401503034,1.0421014118161427,-0.4419382950633875,0.10475574401503034,1.2123294958405795,-1.1228506311610598,0.10475574401503034,1.2123294958405795,-1.1228506311610598,0.10475574401503034,1.2123294958405795,-1.1228506311610598,0.5-1
FULL_2022_202608,2022-11-30 10:51:00,UP,1758.97,1747.76,11.210000000000036,9.164198608077504,1.2232384389966542,SAME_NEAREST,4.720000000000027,12.059999999999944,MULTI_CHILD_ERA4,AMBIGUOUS,2022-11-30 20:29:00,,,2022,,0.12,0.12,0.12,,,,,82,1.0,PRIMARY_CONTINUES,2022-11-30 15:15:00,True,2022-11-30 10:51:00,1758.97,UP,0.0,0.0,1,5.680000000000064,14.1400000000001,9.633333333333333,0.6198032411686932,1.5429608855854375,0.3404553014870129,0.06219856469473798,0.22260538943381997,0.4724908511021772,0.06656337625228478,0.27280072234537245,0.6198032411686932,1.5429608855854375,-1.3312675250454227,0.6198032411686932,1.5429608855854375,-1.3312675250454227,<=0.5
FULL_2022_202608,2022-12-05 03:26:00,UP,1804.39,1793.53,10.860000000000127,9.388301224724676,1.156758793742114,SAME_NEAREST,3.5,25.830000000000155,MULTI_CHILD_ERA4,SL,2022-12-05 12:30:00,1793.53,-1.0,2022,-10.860000000000127,0.12,0.12,0.12,-10.860000000000127,-10.980000000000127,-11.100000000000128,-11.220000000000127,83,5.0,PRIMARY_CONTINUES,2022-12-05 03:41:00,True,2022-11-30 21:50:00,1767.68,UP,36.710000000000036,3.910185572584949,4+,5.639999999999873,11.120000000000118,9.066666666666666,0.6007476608384252,1.1844528348445942,0.41328030568316876,0.036215284518644794,0.19279313229034425,0.6007476608384252,0.036215284518644794,0.46547292160707665,0.6007476608384252,1.1844528348445942,-1.0928494681209888,0.6007476608384252,1.1844528348445942,-1.0928494681209888,3-4
FULL_2022_202608,2022-12-05 03:41:00,UP,1807.89,1793.53,14.360000000000127,9.388301224724676,1.529563193198592,SAME_NEAREST,4.159999999999855,29.330000000000155,MULTI_CHILD_ERA4,SL,2022-12-05 12:30:00,1793.53,-1.0,2022,-14.360000000000127,0.12,0.12,0.12,-14.360000000000127,-14.480000000000127,-14.600000000000128,-14.720000000000127,83,6.0,CHALLENGE_OPENS,2022-12-05 17:01:00,False,2022-11-30 21:50:00,1767.68,UP,40.210000000000036,4.282989972041427,4+,2.1399999999998727,14.620000000000118,8.816666666666666,0.2279432613819473,1.5572572343010722,0.040475906226690735,0.23326903851705919,-0.1544475369176886,0.2279432613819473,0.23326903851705919,0.0766911907453113,0.2279432613819473,1.5572572343010722,-1.4656538675774669,0.2279432613819473,1.5572572343010722,-1.4656538675774669,4-6
FULL_2022_202608,2022-11-30 21:50:00,UP,1767.68,1739.49,28.19000000000005,9.198920685982957,3.0644899507564123,SAME_NEAREST,17.309999999999945,28.19000000000005,MULTI_CHILD_ERA4,CHALLENGE_OPENS,2022-12-05 17:01:00,1778.56,0.3859524654132621,2022,10.879999999999882,0.12,0.12,0.12,10.879999999999882,10.759999999999883,10.639999999999882,10.519999999999882,83,1.0,PRIMARY_CONTINUES,2022-12-01 14:49:00,True,2022-11-30 21:50:00,1767.68,UP,0.0,0.0,1,42.34999999999991,1.3600000000001273,115.18333333333334,4.603800972491435,0.1478434314660909,0.220678063144215,0.1478434314660909,0.18697845744239455,0.560935372327159,0.1478434314660909,0.5304970187900284,1.7458569921655807,0.1478434314660909,1.1218707446543426,3.9493763714430656,0.1478434314660909,3.8308842094592332,<=0.5
FULL_2022_202608,2022-12-01 14:49:00,UP,1784.99,1774.63,10.3599999999999,9.308596030494815,1.112949790286387,SAME_NEAREST,1.4600000000000364,40.16000000000008,MULTI_CHILD_ERA4,CHALLENGE_OPENS,2022-12-05 17:01:00,1778.56,-0.6206563706563828,2022,-6.430000000000064,0.12,0.12,0.12,-6.430000000000064,-6.550000000000064,-6.670000000000064,-6.790000000000064,83,2.0,PRIMARY_CONTINUES,2022-12-01 15:06:00,True,2022-11-30 21:50:00,1767.68,UP,17.309999999999945,1.8595715125345063,2,25.039999999999964,8.3900000000001,98.2,2.6899867518119076,0.901317445994497,0.6542339983440224,0.12891310312198148,0.40822482655292097,2.043272684483327,0.12891310312198148,1.8595715125345063,2.0840951671386314,0.12891310312198148,1.6500877199612896,2.0840951671386314,0.12891310312198148,1.4427524791067947,1-2
FULL_2022_202608,2022-12-01 15:06:00,UP,1786.45,1774.63,11.819999999999936,9.308596030494815,1.2697940657514624,SAME_NEAREST,15.8599999999999,41.62000000000012,MULTI_CHILD_ERA4,CHALLENGE_OPENS,2022-12-05 17:01:00,1778.56,-0.667512690355342,2022,-7.8900000000001,0.12,0.12,0.12,-7.8900000000001,-8.0100000000001,-8.1300000000001,-8.2500000000001,83,3.0,PRIMARY_CONTINUES,2022-12-01 16:51:00,True,2022-11-30 21:50:00,1767.68,UP,18.769999999999982,2.016415787999582,3,23.579999999999927,9.850000000000136,97.91666666666667,2.533142476346832,1.0581617214595724,0.8067811703717025,0.2041124132764727,0.767032963575747,1.8864284090182515,0.2041124132764727,1.4706836514498887,1.9272508916735558,0.2041124132764727,1.392261513717351,1.9272508916735558,0.2041124132764727,1.405152824029537,2-3
FULL_2022_202608,2022-12-01 16:51:00,UP,1802.31,1774.63,27.67999999999984,9.344326052547624,2.962225402275341,SAME_NEAREST,5.580000000000155,57.48000000000002,MULTI_CHILD_ERA4,CHALLENGE_OPENS,2022-12-05 17:01:00,1778.56,-0.8580202312138779,2022,-23.75,0.12,0.12,0.12,-23.75,-23.87,-23.99,-24.11,83,4.0,PRIMARY_CONTINUES,2022-12-05 03:26:00,True,2022-11-30 21:50:00,1767.68,UP,34.62999999999988,3.705992257254166,4+,7.720000000000027,25.710000000000036,96.16666666666667,0.8261698015016564,2.7514022793533086,0.18192858323223426,0.8657660225580712,-0.6560130677726734,0.18192858323223426,0.8657660225580712,-0.13591135335584,0.22259497242533252,0.8657660225580712,-0.5564874310632948,0.22259497242533252,2.541649324567911,-1.995863574871208,3-4
FULL_2022_202608,2022-12-07 16:33:00,UP,1780.86,1769.64,11.2199999999998,9.322720410836835,1.2035113685225982,OPPOSITE_NEAREST,29.170000000000076,13.569999999999936,MULTI_CHILD_ERA4,CHALLENGE_OPENS,2022-12-12 16:39:00,1785.35,0.4001782531194375,2022,4.490000000000009,0.12,0.12,0.12,4.490000000000009,4.370000000000009,4.250000000000009,4.130000000000009,84,1.0,PRIMARY_CONTINUES,2022-12-08 15:33:00,True,2022-12-07 16:33:00,1780.86,UP,0.0,0.0,1,25.24000000000001,4.529999999999973,120.1,2.7073642550366253,0.4859096701789158,0.7465632018643028,0.18235020735189258,0.12442720031072527,0.7465632018643028,0.4859096701789158,0.6210633532750622,1.038323533627365,0.4859096701789158,0.2703073661922686,1.1852763477874482,0.4859096701789158,0.846319491768591,<=0.5
FULL_2022_202608,2022-12-08 15:33:00,UP,1790.54,1781.67,8.86999999999989,9.257949712528132,0.958095504450272,SAME_NEAREST,19.49000000000001,23.25,MULTI_CHILD_ERA4,CHALLENGE_OPENS,2022-12-12 16:39:00,1785.35,-0.5851183765501825,2022,-5.190000000000055,0.12,0.12,0.12,-5.190000000000055,-5.310000000000055,-5.430000000000055,-5.550000000000055,84,2.0,CHALLENGE_OPENS,2022-12-12 16:39:00,False,2022-12-07 16:33:00,1780.86,UP,9.680000000000064,1.045587878588366,2,15.559999999999945,6.059999999999945,97.1,1.6807177056647533,0.6545725768848554,0.14798092909774543,0.4147786625804973,-0.19334734531747158,0.46554584263592674,0.6545725768848554,-0.2505954419757156,0.5497977584726137,0.6545725768848554,0.5422366891026389,1.5456986097726615,0.6545725768848554,0.5994847857608828,1-2
FULL_2022_202608,2022-12-12 19:35:00,DOWN,1781.36,1795.48,14.120000000000118,9.203022089951082,1.534278616522931,SAME_NEAREST,14.069999999999936,24.74000000000001,MULTI_CHILD_ERA4,AMBIGUOUS,2022-12-13 15:30:00,,,2022,,0.12,0.23,0.23,,,,,85,1.0,CHALLENGE_OPENS,2022-12-13 15:30:00,False,2022-12-12 19:35:00,1781.36,DOWN,0.0,0.0,1,3.9099999999998545,31.660000000000082,19.916666666666668,0.4248604384280727,3.4401742917220757,0.22166631570160744,0.2303591123958051,0.21080031983386657,0.4248604384280727,0.2303591123958051,0.006519597520629699,0.4248604384280727,0.5096152061963576,-0.2662168987592931,0.4248604384280727,3.4401742917220757,-2.504612047510874,<=0.5
FULL_2022_202608,2022-12-13 16:05:00,UP,1814.08,1782.61,31.470000000000027,9.232718130703118,3.408530354170298,SAME_NEAREST,11.009999999999993,36.62999999999988,MULTI_CHILD_ERA4,SL,2022-12-15 10:14:00,1782.61,-1.0,2022,-31.470000000000027,0.12,0.12,0.12,-31.470000000000027,-31.59000000000003,-31.710000000000026,-31.830000000000027,86,1.0,PRIMARY_CONTINUES,2022-12-14 22:12:00,True,2022-12-13 16:05:00,1814.08,UP,0.0,0.0,1,10.430000000000064,33.50999999999999,42.15,1.1296781567841243,3.6294837041069763,1.1296781567841243,0.2122885126842676,0.6888545615673184,1.1296781567841243,0.9444672605136658,-0.5209733398016819,1.1296781567841243,0.9444672605136658,-0.4072473508636885,1.1296781567841243,1.0581932494516593,-0.5989568750734553,<=0.5
FULL_2022_202608,2022-12-14 22:12:00,UP,1813.2,1782.61,30.590000000000146,9.159807179986371,3.339589949757617,SAME_NEAREST,11.309999999999944,35.75,MULTI_CHILD_ERA4,SL,2022-12-15 10:14:00,1782.61,-1.0,2022,-30.590000000000146,0.12,0.12,0.12,-30.590000000000146,-30.710000000000147,-30.830000000000144,-30.950000000000145,86,2.0,CHALLENGE_OPENS,2022-12-15 10:30:00,False,2022-12-13 16:05:00,1814.08,UP,-0.8799999999998818,-0.09607189133005212,2,0.9600000000000364,32.63000000000011,12.033333333333333,0.10480569963280217,3.5623020614773093,0.10480569963280217,0.9181415978248348,-0.6190086634562223,0.10480569963280217,0.9181415978248348,-0.763116500451313,0.10480569963280217,3.052466001805252,-2.9847789874590815,0.10480569963280217,3.5623020614773093,-3.36142447051443,<=0.5
FULL_2022_202608,2022-12-20 10:40:00,UP,1798.74,1784.58,14.160000000000082,9.13459051529251,1.5501515887651858,OPPOSITE_NEAREST,15.420000000000073,14.950000000000044,MULTI_CHILD_ERA4,CHALLENGE_OPENS,2022-12-22 15:36:00,1811.84,0.9251412429378414,2022,13.099999999999909,0.12,0.12,0.12,13.099999999999909,12.97999999999991,12.859999999999909,12.73999999999991,87,1.0,PRIMARY_CONTINUES,2022-12-20 17:02:00,True,2022-12-20 10:40:00,1798.74,UP,0.0,0.0,1,25.089999999999918,0.5399999999999636,52.93333333333333,2.746702214838853,0.059115950419006996,0.9480446863493333,0.04378959290298105,0.8495181023176382,1.1713716101544818,0.04378959290298105,0.6426122758510889,2.4565961618566847,0.059115950419006996,2.1106583779232038,2.4565961618566847,0.059115950419006996,1.8490155603279654,<=0.5
FULL_2022_202608,2022-12-20 17:02:00,UP,1814.16,1798.2,15.960000000000036,9.20382915742245,1.7340608704290277,SAME_NEAREST,10.349999999999907,30.37000000000012,MULTI_CHILD_ERA4,CHALLENGE_OPENS,2022-12-22 15:36:00,1811.84,-0.1453634085213132,2022,-2.3200000000001637,0.12,0.12,0.12,-2.3200000000001637,-2.440000000000164,-2.560000000000164,-2.6800000000001636,87,2.0,PRIMARY_CONTINUES,2022-12-21 17:35:00,True,2022-12-20 10:40:00,1798.74,UP,15.420000000000073,1.6753896379709068,2,9.669999999999845,4.009999999999991,46.56666666666667,1.0506496627223303,0.43568822621681513,0.7627260219556212,0.0988718917349971,0.1673216629361299,0.7627260219556212,0.0988718917349971,0.16514865432657172,0.7627260219556212,0.0988718917349971,0.24880948579463666,0.7627260219556212,0.2520689987089987,0.5552036997426152,1-2
FULL_2022_202608,2022-12-21 17:35:00,UP,1821.18,1811.84,9.340000000000146,9.153919591147815,1.020327948809194,SAME_NEAREST,3.3299999999999272,37.3900000000001,MULTI_CHILD_ERA4,AMBIGUOUS,2022-12-22 15:36:00,,,2022,,0.12,0.12,0.12,,,,,87,3.0,CHALLENGE_OPENS,2022-12-22 15:36:00,False,2022-12-20 10:40:00,1798.74,UP,22.440000000000055,2.451408904847753,3,2.6499999999998636,11.029999999999973,22.016666666666666,0.28949347583984825,1.2049483164202577,0.28949347583984825,0.7057086241228402,-0.58772637736547,0.28949347583984825,0.7057086241228402,-0.5702475259939975,0.28949347583984825,0.9132699841589784,-0.25016606025406646,0.28949347583984825,1.2049483164202577,-1.1437723366201415,2-3
FULL_2022_202608,2022-12-27 17:26:00,UP,1820.42,1793.61,26.810000000000173,8.95653447321887,2.9933452587231524,SAME_NEAREST,3.4099999999998545,29.25999999999999,MULTI_CHILD_ERA4,CHALLENGE_OPENS,2022-12-28 11:00:00,1802.36,-0.6736292428198455,2022,-18.060000000000173,0.12,0.12,0.12,-18.060000000000173,-18.180000000000174,-18.30000000000017,-18.420000000000172,88,1.0,PRIMARY_CONTINUES,2022-12-27 17:34:00,True,2022-12-27 17:26:00,1820.42,UP,0.0,0.0,1,12.889999999999873,18.100000000000136,17.566666666666666,1.4391727111130477,2.0208709131998925,1.4391727111130477,0.17305800637901533,-0.0848542482890546,1.4391727111130477,1.076309149350664,-0.6933485287829454,1.4391727111130477,1.214755554453861,-0.9166491821751971,1.4391727111130477,2.0208709131998925,-1.997424344593702,<=0.5
FULL_2022_202608,2022-12-27 17:34:00,UP,1825.09,1793.61,31.480000000000015,8.95653447321887,3.514752284394043,SAME_NEAREST,7.880000000000109,33.92999999999984,MULTI_CHILD_ERA4,CHALLENGE_OPENS,2022-12-28 11:00:00,1802.36,-0.722045743329098,2022,-22.730000000000018,0.12,0.12,0.12,-22.730000000000018,-22.85000000000002,-22.970000000000017,-23.090000000000018,88,2.0,PRIMARY_CONTINUES,2022-12-27 17:36:00,True,2022-12-27 17:26:00,1820.42,UP,4.669999999999845,0.5214070256708904,2,8.220000000000027,22.769999999999982,17.433333333333334,0.9177656854421573,2.542277938870783,0.9177656854421573,0.6944650320499056,-0.5537856204127627,0.9177656854421573,1.5977161750215545,-1.1477653584361704,0.9177656854421573,1.7361625801247513,-1.5854346390849663,0.9177656854421573,2.542277938870783,-2.5188313702645924,0.5-1
FULL_2022_202608,2022-12-30 08:52:00,UP,1820.15,1813.22,6.930000000000064,8.896375719980153,0.7789688990356091,SAME_NEAREST,13.159999999999854,15.769999999999982,MULTI_CHILD_ERA4,CHALLENGE_OPENS,2023-01-05 10:05:00,1847.07,3.8845598845598266,2022,26.919999999999845,0.12,0.12,0.12,26.919999999999845,26.799999999999844,26.679999999999847,26.559999999999846,89,1.0,PRIMARY_CONTINUES,2023-01-03 04:39:00,True,2022-12-30 08:52:00,1820.15,UP,0.0,0.0,1,44.9699999999998,6.720000000000027,145.21666666666667,5.054867444391178,0.755363780883011,0.2484157672248963,0.5148163863756389,-0.49795558769520437,0.2484157672248963,0.755363780883011,-0.47435046954260623,0.6676876277447822,0.755363780883011,-0.10453695181863772,0.6676876277447822,0.755363780883011,0.39454268912192725,<=0.5
FULL_2022_202608,2023-01-03 04:39:00,UP,1833.31,1814.29,19.019999999999985,8.889974119573477,2.1394887931251394,SAME_NEAREST,7.6400000000001,19.87999999999988,MULTI_CHILD_ERA4,CHALLENGE_OPENS,2023-01-05 10:05:00,1847.07,0.7234490010515249,2023,13.759999999999991,0.12,0.12,0.12,13.759999999999991,13.639999999999992,13.51999999999999,13.399999999999991,89,2.0,PRIMARY_CONTINUES,2023-01-03 05:09:00,True,2022-12-30 08:52:00,1820.15,UP,13.159999999999854,1.480319270111806,2,31.809999999999945,5.789999999999964,53.43333333333333,3.5781881445484034,0.6512954843425074,1.0978659632440253,0.06299230936645439,0.8942658204702929,1.2227257193097025,0.06299230936645439,0.8233994724330381,1.8762709289867243,0.2778410788127843,1.5241889141348879,1.8762709289867243,0.6512954843425074,1.3138395953576125,1-2
FULL_2022_202608,2023-01-03 05:09:00,UP,1840.95,1814.29,26.66000000000008,8.889974119573477,2.9988838709104337,SAME_NEAREST,5.129999999999882,27.519999999999985,MULTI_CHILD_ERA4,CHALLENGE_OPENS,2023-01-05 10:05:00,1847.07,0.229557389347332,2023,6.119999999999891,0.12,0.12,0.12,6.119999999999891,5.999999999999891,5.879999999999891,5.7599999999998905,89,3.0,PRIMARY_CONTINUES,2023-01-03 09:23:00,True,2022-12-30 08:52:00,1820.15,UP,20.799999999999955,2.3397143478971003,3,24.169999999999845,13.430000000000064,52.93333333333333,2.718793066763109,1.5106905621278015,0.23847088545873113,0.11023654139130797,0.006749176003543204,0.3633306415244083,0.3453328388482675,0.0371204680195132,1.0168758512014302,1.1372361565980784,0.15860563608339318,1.0168758512014302,1.5106905621278015,0.618674466992023,2-3
FULL_2022_202608,2023-01-03 09:23:00,UP,1846.08,1814.29,31.789999999999964,8.922640930020291,3.562846499072071,SAME_NEAREST,1.7699999999999818,32.649999999999864,MULTI_CHILD_ERA4,CHALLENGE_OPENS,2023-01-05 10:05:00,1847.07,0.031141868512111,2023,0.9900000000000091,0.12,0.12,0.12,0.9900000000000091,0.8700000000000091,0.7500000000000091,0.6300000000000091,89,4.0,PRIMARY_CONTINUES,2023-01-03 09:30:00,True,2022-12-30 08:52:00,1820.15,UP,25.929999999999836,2.9060902711839676,4+,19.039999999999964,18.559999999999945,48.7,2.1338973684281908,2.0801016364510074,0.4382110667307992,0.7744343915881573,-0.708310471032881,0.4382110667307992,1.6127512148992358,-1.5376613390144376,0.4382110667307992,2.0801016364510074,-0.9391838207682783,0.6623599499690549,2.0801016364510074,0.5715796522575675,2-3
FULL_2022_202608,2023-01-03 09:30:00,UP,1847.85,1814.29,33.559999999999945,8.922640930020291,3.761218260737925,SAME_NEAREST,5.0900000000001455,34.419999999999845,MULTI_CHILD_ERA4,CHALLENGE_OPENS,2023-01-05 10:05:00,1847.07,-0.0232419547079849,2023,-0.7799999999999727,0.12,0.12,0.12,-0.7799999999999727,-0.8999999999999727,-1.0199999999999727,-1.1399999999999726,89,5.0,PRIMARY_CONTINUES,2023-01-04 09:11:00,True,2022-12-30 08:52:00,1820.15,UP,27.699999999999818,3.104462032849822,4+,17.269999999999982,20.329999999999927,48.583333333333336,1.9355256067623363,2.2784733981168617,0.23983930506494486,1.050137517971216,-1.0277226296473854,0.23983930506494486,1.8111229765650902,-1.6273208923097346,0.23983930506494486,2.2784733981168617,-1.2485092796370703,0.6119264512404423,2.2784733981168617,0.5727003966737577,3-4
FULL_2022_202608,2023-01-04 09:11:00,UP,1849.99,1836.13,13.8599999999999,8.977499741052522,1.5438596936539652,SAME_NEAREST,2.950000000000045,22.470000000000027,MULTI_CHILD_ERA4,CHALLENGE_OPENS,2023-01-05 10:05:00,1847.07,-0.2106782106782174,2023,-2.9200000000000728,0.12,0.12,0.12,-2.9200000000000728,-3.040000000000073,-3.160000000000073,-3.2800000000000726,89,6.0,PRIMARY_CONTINUES,2023-01-04 09:27:00,True,2022-12-30 08:52:00,1820.15,UP,29.839999999999918,3.3238653144757957,4+,15.129999999999882,3.9600000000000364,24.9,1.685324470778101,0.4411027696154259,1.1228070499301566,0.04121414766610056,0.8632693092221009,1.685324470778101,0.04121414766610056,1.139515488173175,1.685324470778101,0.32525759779723834,-0.03230298060314553,1.685324470778101,0.32525759779723834,0.2929546171940675,3-4
FULL_2022_202608,2023-01-04 09:27:00,UP,1852.94,1836.13,16.809999999999945,8.977499741052522,1.8724589790998023,SAME_NEAREST,4.599999999999909,25.420000000000076,MULTI_CHILD_ERA4,CHALLENGE_OPENS,2023-01-05 10:05:00,1847.07,-0.3491969066032205,2023,-5.870000000000118,0.12,0.12,0.12,-5.870000000000118,-5.990000000000118,-6.1100000000001184,-6.2300000000001186,89,7.0,PRIMARY_CONTINUES,2023-01-04 09:38:00,True,2022-12-30 08:52:00,1820.15,UP,32.789999999999964,3.652464599921633,4+,12.179999999999836,6.910000000000082,24.633333333333333,1.3567251853322642,0.7697020550612629,1.286549744711642,0.08354219121504201,1.0515177134266682,1.3567251853322642,0.08354219121504201,0.8721804762850305,1.3567251853322642,0.6538568832430753,-0.16262879889861917,1.3567251853322642,0.6538568832430753,0.13143971417831454,3-4
FULL_2022_202608,2023-01-04 09:38:00,UP,1857.54,1836.13,21.40999999999985,8.977499741052522,2.3848510852187164,SAME_NEAREST,21.24000000000001,30.019999999999985,MULTI_CHILD_ERA4,CHALLENGE_OPENS,2023-01-05 10:05:00,1847.07,-0.4890238206445632,2023,-10.470000000000027,0.12,0.12,0.12,-10.470000000000027,-10.590000000000027,-10.710000000000027,-10.830000000000027,89,8.0,CHALLENGE_OPENS,2023-01-05 10:05:00,False,2022-12-30 08:52:00,1820.15,UP,37.38999999999987,4.164856706040547,4+,7.579999999999927,11.509999999999991,24.45,0.8443330792133499,1.282094161180177,0.8443330792133499,0.3052074719056212,0.37538291252626865,0.8443330792133499,0.3052074719056212,0.21275411362764945,0.8443330792133499,1.1662489893619896,-0.6271233820542356,0.8443330792133499,1.1662489893619896,-0.501253147290252,4-6
FULL_2022_202608,2023-01-05 17:33:00,DOWN,1827.52,1851.28,23.75999999999999,9.106280007250009,2.609188382202541,SAME_NEAREST,14.089999999999918,37.59999999999991,MULTI_CHILD_ERA4,SL,2023-01-06 15:51:00,1851.28,-1.0,2023,-23.75999999999999,0.12,0.12,0.12,-23.75999999999999,-23.879999999999992,-23.99999999999999,-24.11999999999999,90,1.0,CHALLENGE_OPENS,2023-01-06 20:33:00,False,2023-01-05 17:33:00,1827.52,DOWN,0.0,0.0,1,2.5,23.769999999999982,22.3,0.2745358146256883,2.6102865254610426,0.2745358146256883,0.49196817980923546,-0.38654642699296715,0.2745358146256883,1.0882599691762376,-0.6347268034145884,0.2745358146256883,1.460530533808657,-1.3232626264958127,0.2745358146256883,2.6102865254610426,-2.55867379231141,<=0.5
FULL_2022_202608,2023-01-11 07:32:00,UP,1880.7,1871.99,8.710000000000036,9.087970238726994,0.9584098287298196,SAME_NEAREST,0.7699999999999818,10.350000000000136,MULTI_CHILD_ERA4,SL,2023-01-11 16:46:00,1871.99,-1.0,2023,-8.710000000000036,0.15,0.12,0.15,-8.710000000000036,-8.860000000000037,-9.010000000000037,-9.160000000000036,91,2.0,PRIMARY_CONTINUES,2023-01-11 07:35:00,True,2023-01-09 04:41:00,1878.78,UP,1.9200000000000728,0.21126829749268838,2,5.879999999999882,8.789999999999964,9.233333333333333,0.6470091610713207,0.9672126744586733,0.429138729281992,0.0209067586060525,0.3301067148323131,0.6470091610713207,0.04291387292821171,0.5435757237572149,0.6470091610713207,0.9672126744586733,-0.9198973786660598,0.6470091610713207,0.9672126744586733,-0.9198973786660598,<=0.5
FULL_2022_202608,2023-01-11 07:35:00,UP,1881.47,1871.99,9.480000000000018,9.087970238726994,1.0431372188701111,SAME_NEAREST,10.940000000000056,11.120000000000118,MULTI_CHILD_ERA4,SL,2023-01-11 16:46:00,1871.99,-1.0,2023,-9.480000000000018,0.12,0.12,0.12,-9.480000000000018,-9.600000000000017,-9.720000000000018,-9.840000000000018,91,3.0,CHALLENGE_OPENS,2023-01-11 17:37:00,False,2023-01-09 04:41:00,1878.78,UP,2.6900000000000546,0.29599568763298006,3,5.1099999999999,9.559999999999945,9.183333333333334,0.5622817709310289,1.051940064598965,0.3444113391417003,0.026408537186586048,0.21236865320879508,0.5622817709310289,0.1276412630685034,0.39502770208265897,0.5622817709310289,1.051940064598965,-1.0046247688063514,0.5622817709310289,1.051940064598965,-1.0046247688063514,<=0.5
FULL_2022_202608,2023-01-09 04:41:00,UP,1878.78,1865.63,13.149999999999864,9.191203122117404,1.4307158513727265,SAME_NEAREST,13.63000000000011,53.75999999999999,MULTI_CHILD_ERA4,CHALLENGE_OPENS,2023-01-11 17:37:00,1870.35,-0.6410646387832815,2023,-8.430000000000064,0.13,0.12,0.13,-8.430000000000064,-8.560000000000064,-8.690000000000063,-8.820000000000064,91,1.0,PRIMARY_CONTINUES,2023-01-11 07:32:00,True,2023-01-09 04:41:00,1878.78,UP,0.0,0.0,1,7.7999999999999545,11.039999999999964,60.93333333333333,0.8486375392172865,1.2011485170460086,0.07398378547023234,0.2328313248621661,-0.11423966874078428,0.1229436435020041,0.4515186907373902,-0.12838362772775103,0.236095315397639,0.899773390939357,-0.1599355362371079,0.29267115134545646,1.2011485170460086,-0.6745580439932366,<=0.5
FULL_2022_202608,2023-01-11 18:17:00,DOWN,1867.74,1886.58,18.83999999999992,9.097001968623154,2.0710119735031105,OPPOSITE_NEAREST,42.72000000000003,24.670000000000076,MULTI_CHILD_ERA4,AMBIGUOUS,2023-01-12 14:21:00,,,2023,,0.12,0.12,0.12,,,,,92,1.0,CHALLENGE_OPENS,2023-01-12 14:21:00,False,2023-01-11 18:17:00,1867.74,DOWN,0.0,0.0,1,0.6700000000000728,22.420000000000073,20.066666666666666,0.07365063812352658,2.464548218998943,0.07365063812352658,0.8013629133141011,-0.7595909096022677,0.07365063812352658,1.182807262998596,-1.055292725351898,0.07365063812352658,1.891832062844414,-1.742332260086213,0.07365063812352658,2.464548218998943,-2.216114723239016,<=0.5
FULL_2022_202608,2023-01-12 15:33:00,UP,1892.41,1867.07,25.340000000000146,9.03738603562957,2.8039081101657164,SAME_NEAREST,17.319999999999936,25.340000000000146,MULTI_CHILD_ERA4,CHALLENGE_OPENS,2023-01-17 04:32:00,1910.85,0.7277032359905178,2023,18.439999999999827,0.12,0.12,0.12,18.439999999999827,18.319999999999826,18.19999999999983,18.079999999999828,93,1.0,PRIMARY_CONTINUES,2023-01-13 10:07:00,True,2023-01-12 15:33:00,1892.41,UP,0.0,0.0,1,36.48000000000002,12.6400000000001,108.98333333333333,4.036565424579511,1.3986345111481742,1.0157804440142333,0.7800928246514877,0.06417784940394247,1.0157804440142333,1.3986345111481742,0.568748527476375,1.0157804440142333,1.3986345111481742,0.5709615567661644,1.9087377624450803,1.3986345111481742,0.5001446194928538,<=0.5
FULL_2022_202608,2023-01-13 10:07:00,UP,1901.59,1892.26,9.329999999999927,9.179693777762694,1.016373773012052,SAME_NEAREST,8.1400000000001,31.17999999999984,MULTI_CHILD_ERA4,CHALLENGE_OPENS,2023-01-17 04:32:00,1910.85,0.9924973204716038,2023,9.259999999999991,0.12,0.12,0.12,9.259999999999991,9.139999999999992,9.01999999999999,8.899999999999991,93,2.0,PRIMARY_CONTINUES,2023-01-13 16:50:00,True,2023-01-12 15:33:00,1892.41,UP,9.179999999999836,1.000033358654935,2,27.300000000000182,7.970000000000027,90.41666666666667,2.9739554129935075,0.8682206828409589,0.8791142924123785,0.2047998599423958,0.6645101838557026,0.8791142924123785,0.2908593755564891,-0.10893609571404717,2.2179389087380144,0.8682206828409589,1.9554029180671515,2.2179389087380144,0.8682206828409589,2.03056882410985,1-2
FULL_2022_202608,2023-01-13 16:50:00,UP,1909.73,1892.26,17.470000000000027,9.241314454731311,1.8904237146757672,SAME_NEAREST,10.089999999999918,17.470000000000027,MULTI_CHILD_ERA4,CHALLENGE_OPENS,2023-01-17 04:32:00,1910.85,0.0641099026903199,2023,1.1199999999998909,0.12,0.12,0.12,1.1199999999998909,0.9999999999998909,0.8799999999998909,0.7599999999998909,93,3.0,PRIMARY_CONTINUES,2023-01-13 20:39:00,True,2023-01-12 15:33:00,1892.41,UP,17.319999999999936,1.8741922574804875,3,19.160000000000082,3.0399999999999636,83.7,2.073298132409147,0.3289575324907988,0.7390723509579469,0.3289575324907988,0.48477952156539544,1.3223227128413217,0.3289575324907988,1.2617252726456534,1.3223227128413217,0.3289575324907988,1.136202003668891,1.3223227128413217,0.3289575324907988,1.136202003668891,1-2
FULL_2022_202608,2023-01-13 20:39:00,UP,1919.82,1893.62,26.200000000000045,9.294029374427248,2.8190141158892823,OPPOSITE_NEAREST,35.75999999999999,27.559999999999945,MULTI_CHILD_ERA4,CHALLENGE_OPENS,2023-01-17 04:32:00,1910.85,-0.3423664122137409,2023,-8.970000000000027,0.12,0.12,0.12,-8.970000000000027,-9.090000000000027,-9.210000000000027,-9.330000000000027,93,4.0,CHALLENGE_OPENS,2023-01-17 04:32:00,False,2023-01-12 15:33:00,1892.41,UP,27.409999999999854,2.949205225821552,4+,9.070000000000164,10.409999999999854,79.88333333333334,0.9758953446990918,1.1200739292521742,0.22917939186429265,0.09791232234575695,0.13879878662202538,0.22917939186429265,0.1495583824841884,0.04411434303491734,0.22917939186429265,0.1495583824841884,0.04411434303491734,0.22917939186429265,0.1495583824841884,0.04411434303491734,2-3
FULL_2022_202608,2023-01-20 10:09:00,UP,1935.19,1923.16,12.029999999999973,9.301074412648896,1.2933989629886096,SAME_NEAREST,20.389999999999876,34.24000000000001,MULTI_CHILD_ERA4,SL,2023-01-20 16:31:00,1923.16,-1.0,2023,-12.029999999999973,0.12,0.12,0.12,-12.029999999999973,-12.149999999999972,-12.269999999999973,-12.389999999999972,94,5.0,CHALLENGE_OPENS,2023-01-23 09:27:00,False,2023-01-18 13:57:00,1916.64,UP,18.549999999999955,1.994393247168637,4+,2.2899999999999636,12.299999999999955,6.366666666666666,0.24620811514911684,1.3224278673948358,0.24620811514911684,0.897745747377813,-0.8353873601347876,0.24620811514911684,0.9289249409993134,-0.765502960638327,0.24620811514911684,1.3224278673948358,-1.261144624759472,0.24620811514911684,1.3224278673948358,-1.261144624759472,1-2
FULL_2022_202608,2023-01-18 13:57:00,UP,1916.64,1896.54,20.100000000000136,9.214945205425176,2.18123923169576,SAME_NEAREST,2.399999999999864,24.38000000000011,MULTI_CHILD_ERA4,CHALLENGE_OPENS,2023-01-23 09:27:00,1920.67,0.2004975124378082,2023,4.029999999999973,0.12,0.12,0.12,4.029999999999973,3.9099999999999726,3.7899999999999725,3.669999999999973,94,1.0,PRIMARY_CONTINUES,2023-01-18 15:02:00,True,2023-01-18 13:57:00,1916.64,UP,0.0,0.0,1,20.839999999999918,15.690000000000055,115.5,2.261543561618863,1.7026688330998188,0.16060865984623116,0.19099408197932793,0.04774852049481348,1.0038041240390867,0.5751526332332262,-0.5610451158142866,1.0038041240390867,1.6343016333004128,-1.03744512711501,1.0038041240390867,1.7026688330998188,-0.9267553750588099,<=0.5
FULL_2022_202608,2023-01-18 15:02:00,UP,1919.04,1896.54,22.5,9.214945205425176,2.4416857071221023,SAME_NEAREST,9.850000000000136,26.779999999999973,MULTI_CHILD_ERA4,CHALLENGE_OPENS,2023-01-23 09:27:00,1920.67,0.0724444444444493,2023,1.6300000000001091,0.12,0.12,0.12,1.6300000000001091,1.510000000000109,1.3900000000001091,1.2700000000001093,94,2.0,PRIMARY_CONTINUES,2023-01-19 21:24:00,True,2023-01-18 13:57:00,1916.64,UP,2.3999999999998636,0.2604464754263428,2,18.440000000000055,18.089999999999918,114.41666666666667,2.0010970861925204,1.9631153085261617,0.5686414713475485,0.30710980227357215,0.2669576373120205,0.7433576486127439,1.4357111957877984,-1.3141695072554853,0.7433576486127439,1.8947481087267557,-1.5431453669011719,0.7433576486127439,1.9631153085261617,-1.3044027644270058,<=0.5
FULL_2022_202608,2023-01-19 21:24:00,UP,1925.89,1906.65,19.24000000000001,9.288247403434807,2.0714349181617435,SAME_NEAREST,3.0,24.94000000000005,MULTI_CHILD_ERA4,CHALLENGE_OPENS,2023-01-23 09:27:00,1920.67,-0.2713097713097726,2023,-5.220000000000027,0.12,0.12,0.12,-5.220000000000027,-5.340000000000027,-5.4600000000000275,-5.580000000000028,94,3.0,PRIMARY_CONTINUES,2023-01-19 21:26:00,True,2023-01-18 13:57:00,1916.64,UP,9.25,0.9958821721931456,3,11.589999999999918,5.3900000000001,84.05,1.247813446023619,0.580303233310395,1.0012653190698604,0.06998090939736597,0.8386942833929262,1.0012653190698604,0.06998090939736597,0.775173150247618,1.0012653190698604,0.2939198194688979,0.38435668699778014,1.247813446023619,0.5620005339295402,0.48340658952943055,0.5-1
FULL_2022_202608,2023-01-19 21:26:00,UP,1928.89,1906.65,22.24000000000001,9.288247403434807,2.394423730764926,SAME_NEAREST,26.689999999999827,27.94000000000005,MULTI_CHILD_ERA4,CHALLENGE_OPENS,2023-01-23 09:27:00,1920.67,-0.3696043165467637,2023,-8.220000000000027,0.12,0.12,0.12,-8.220000000000027,-8.340000000000027,-8.460000000000027,-8.580000000000027,94,4.0,PRIMARY_CONTINUES,2023-01-20 10:09:00,True,2023-01-18 13:57:00,1916.64,UP,12.25,1.3188709847963278,4+,8.589999999999918,8.3900000000001,84.01666666666667,0.9248246334204366,0.9032920459135774,0.678276506466678,0.24439486820309717,0.4328050088882624,0.678276506466678,0.24439486820309717,0.511398953288372,0.678276506466678,0.6169086320720802,0.03983528688771407,0.9248246334204366,0.8849893465327225,0.19056339943587564,1-2
FULL_2022_202608,2023-01-24 03:59:00,UP,1935.47,1911.43,24.039999999999964,9.321509916817355,2.5789813253996887,SAME_NEAREST,2.009999999999991,34.51999999999998,MULTI_CHILD_ERA4,CHALLENGE_OPENS,2023-01-26 18:24:00,1919.86,-0.6493344425956802,2023,-15.610000000000127,0.12,0.12,0.12,-15.610000000000127,-15.730000000000127,-15.850000000000128,-15.970000000000127,95,1.0,PRIMARY_CONTINUES,2023-01-24 08:32:00,True,2023-01-24 03:59:00,1935.47,UP,0.0,0.0,1,13.670000000000073,18.329999999999927,62.416666666666664,1.4665006122385185,1.9664196212386096,0.17057322410088602,0.15555419807943724,-0.08689579340988395,0.17057322410088602,0.39049467655803405,-0.15126304778759475,0.7488057259272005,0.5449760870644863,-0.32183627188848074,0.7488057259272005,1.9664196212386096,0.20490242643567486,<=0.5
FULL_2022_202608,2023-01-24 08:32:00,UP,1937.48,1911.43,26.049999999999955,9.275733001381017,2.808403389373272,SAME_NEAREST,18.09999999999991,26.049999999999955,MULTI_CHILD_ERA4,CHALLENGE_OPENS,2023-01-26 18:24:00,1919.86,-0.6763915547025009,2023,-17.62000000000012,0.12,0.12,0.12,-17.62000000000012,-17.74000000000012,-17.860000000000117,-17.980000000000118,95,2.0,PRIMARY_CONTINUES,2023-01-25 19:33:00,True,2023-01-24 03:59:00,1935.47,UP,2.009999999999991,0.21669446497659345,2,11.660000000000082,20.339999999999918,57.86666666666667,1.257043513247318,2.19281861573329,0.38703140759500315,0.07438765215615024,0.3579231958817312,0.5358067119073037,0.3482204586439821,-0.0970273723775894,0.5358067119073037,2.19281861573329,-0.26844239691130456,0.5358067119073037,2.19281861573329,-0.7374080300695961,<=0.5
FULL_2022_202608,2023-01-25 19:33:00,UP,1939.62,1919.86,19.75999999999999,9.286323720664814,2.127860345426916,SAME_NEAREST,2.8300000000001546,22.47999999999979,MULTI_CHILD_ERA4,AMBIGUOUS,2023-01-26 18:24:00,,,2023,,0.12,0.12,0.12,,,,,95,3.0,PRIMARY_CONTINUES,2023-01-25 21:55:00,True,2023-01-24 03:59:00,1935.47,UP,4.149999999999864,0.44689374663569903,3,9.52000000000021,21.0,22.85,1.0251634862583345,2.2613900432168648,0.273520509989108,0.2552140191630344,0.09799356853940629,0.9067097220898174,0.2552140191630344,0.6676484889497459,1.0251634862583345,0.2552140191630344,0.659033669737499,1.0251634862583345,2.2613900432168648,-2.2237002091632356,<=0.5
FULL_2022_202608,2023-01-25 21:55:00,UP,1942.45,1919.86,22.590000000000146,9.33895525555001,2.4189001212502035,SAME_NEAREST,13.129999999999882,25.309999999999945,MULTI_CHILD_ERA4,AMBIGUOUS,2023-01-26 18:24:00,,,2023,,0.12,0.12,0.12,,,,,95,4.0,CHALLENGE_OPENS,2023-01-26 18:24:00,False,2023-01-24 03:59:00,1935.47,UP,6.980000000000018,0.7474069431751376,4+,6.690000000000055,23.830000000000155,20.483333333333334,0.7163542191750283,2.551677285940343,0.5985680246918261,0.06317623158645254,0.39940227765662883,0.6799475772438457,0.06317623158645254,0.6563903383472053,0.7163542191750283,0.4732863451051796,-0.06853014951750165,0.7163542191750283,2.551677285940343,-2.5141998604229507,0.5-1
FULL_2022_202608,2023-01-31 06:15:00,DOWN,1920.66,1927.43,6.769999999999982,9.33823716552745,0.7249762326653858,SAME_NEAREST,3.960000000000037,13.769999999999982,MULTI_CHILD_ERA4,SL,2023-01-31 17:01:00,1927.43,-1.0,2023,-6.769999999999982,0.12,0.12,0.12,-6.769999999999982,-6.889999999999982,-7.009999999999982,-7.129999999999982,96,2.0,PRIMARY_CONTINUES,2023-01-31 08:00:00,True,2023-01-27 17:48:00,1917.14,DOWN,-3.519999999999982,-0.3769448063489146,2,19.830000000000155,6.869999999999891,10.766666666666667,2.1235271334940546,0.7356848919366521,0.19382673281011478,0.0845984082430768,0.09530706751436745,1.4306768786424922,0.0845984082430768,1.388913107484505,2.1235271334940546,0.7356848919366521,-0.6532282155478285,2.1235271334940546,0.7356848919366521,-0.6532282155478285,<=0.5
FULL_2022_202608,2023-01-31 08:00:00,DOWN,1916.7,1927.43,10.730000000000018,9.338746959052298,1.148976414828238,SAME_NEAREST,5.269999999999982,17.730000000000018,MULTI_CHILD_ERA4,SL,2023-01-31 17:01:00,1927.43,-1.0,2023,-10.730000000000018,0.12,0.12,0.12,-10.730000000000018,-10.850000000000017,-10.970000000000018,-11.090000000000018,96,3.0,PRIMARY_CONTINUES,2023-01-31 10:08:00,True,2023-01-27 17:48:00,1917.14,DOWN,0.44000000000005457,0.04711552866025038,3,15.870000000000118,10.829999999999927,9.016666666666667,1.699371454177469,1.1596844895237384,0.5043503181585306,0.06853167805125114,0.16704596524995205,1.503413687249617,0.06853167805125114,1.4466608913634165,1.699371454177469,1.1596844895237384,-1.0772323143683122,1.699371454177469,1.1596844895237384,-1.0772323143683122,<=0.5
FULL_2022_202608,2023-01-31 10:08:00,DOWN,1911.43,1927.43,16.0,9.338746959052298,1.7132919512816194,SAME_NEAREST,10.480000000000018,23.0,MULTI_CHILD_ERA4,SL,2023-01-31 17:01:00,1927.43,-1.0,2023,-16.0,0.12,0.12,0.12,-16.0,-16.12,-16.24,-16.36,96,4.0,PRIMARY_CONTINUES,2023-01-31 14:09:00,True,2023-01-27 17:48:00,1917.14,DOWN,5.710000000000036,0.6114310651136318,4+,10.600000000000136,16.09999999999991,6.883333333333334,1.1350559177240875,1.7240000259771198,0.7035205074950325,0.04283229878202587,0.5407577721232563,1.1007900786984375,0.04283229878202587,1.0815155442465367,1.1350559177240875,1.7240000259771198,-1.6415478508216939,1.1350559177240875,1.7240000259771198,-1.6415478508216939,0.5-1
FULL_2022_202608,2023-01-31 14:09:00,DOWN,1900.95,1927.43,26.480000000000015,9.36842058705756,2.826516994399466,SAME_NEAREST,4.410000000000082,33.48000000000002,MULTI_CHILD_ERA4,SL,2023-01-31 17:01:00,1927.43,-1.0,2023,-26.480000000000018,0.12,0.12,0.12,-26.480000000000018,-26.60000000000002,-26.720000000000017,-26.840000000000018,96,5.0,CHALLENGE_OPENS,2023-02-01 14:05:00,False,2023-01-27 17:48:00,1917.14,DOWN,16.190000000000055,1.7281461532978657,4+,0.12000000000011823,26.579999999999927,2.8666666666666667,0.012808989400614422,2.8371911522332915,0.012808989400614422,1.2542135454755932,-0.9350562262439306,0.012808989400614422,2.8371911522332915,-2.755000136912765,0.012808989400614422,2.8371911522332915,-2.755000136912765,0.012808989400614422,2.8371911522332915,-2.755000136912765,1-2
FULL_2022_202608,2023-01-27 17:48:00,DOWN,1917.14,1942.35,25.20999999999981,9.387509315844124,2.685483353657043,SAME_NEAREST,5.710000000000036,32.0,MULTI_CHILD_ERA4,CHALLENGE_OPENS,2023-02-01 14:05:00,1931.11,-0.5541451804839312,2023,-13.9699999999998,0.12,0.12,0.12,-13.9699999999998,-14.0899999999998,-14.2099999999998,-14.3299999999998,96,1.0,PRIMARY_CONTINUES,2023-01-31 06:15:00,True,2023-01-27 17:48:00,1917.14,DOWN,0.0,0.0,1,16.310000000000173,17.289999999999964,116.28333333333333,1.7374150534766823,1.841809091024614,0.04687079236847498,1.5978679216523581,-1.474299469044567,0.04687079236847498,1.5978679216523581,-1.460451280390235,0.04687079236847498,1.5978679216523581,-1.1685740733684031,0.04687079236847498,1.5978679216523581,-1.1685740733684031,<=0.5
FULL_2022_202608,2023-02-01 21:40:00,UP,1934.43,1900.83,33.600000000000136,9.342382333493775,3.596513052087296,SAME_NEAREST,0.5799999999999272,33.600000000000136,MULTI_CHILD_ERA4,CHALLENGE_OPENS,2023-02-02 17:00:00,1920.48,-0.4151785714285711,2023,-13.950000000000045,0.12,0.12,0.12,-13.950000000000045,-14.070000000000045,-14.190000000000046,-14.310000000000045,97,1.0,PRIMARY_CONTINUES,2023-02-01 21:41:00,True,2023-02-01 21:40:00,1934.43,UP,0.0,0.0,1,25.329999999999927,14.400000000000091,19.333333333333332,2.7112998693265054,1.5413627366088447,1.8003973076222575,0.27616082364243283,1.7554408944711586,2.323818403595685,0.27616082364243283,2.0069827299594207,2.7112998693265054,0.27616082364243283,2.2895658983376936,2.7112998693265054,1.5413627366088447,-1.2437940971801975,<=0.5
FULL_2022_202608,2023-02-01 21:41:00,UP,1935.01,1900.83,34.180000000000064,9.342382333493775,3.658595717867366,SAME_NEAREST,14.13000000000011,34.180000000000064,MULTI_CHILD_ERA4,CHALLENGE_OPENS,2023-02-02 17:00:00,1920.48,-0.4251023990637784,2023,-14.529999999999973,0.12,0.12,0.12,-14.529999999999973,-14.649999999999972,-14.769999999999973,-14.889999999999972,97,2.0,PRIMARY_CONTINUES,2023-02-01 22:33:00,True,2023-02-01 21:40:00,1934.43,UP,0.5799999999999272,0.06208266578007029,2,24.75,14.980000000000018,19.316666666666666,2.6492172035464354,1.603445402388915,1.9074363865534265,0.25154183548823766,1.7565112852604936,2.2617357378156147,0.25154183548823766,1.9374073286541509,2.6492172035464354,0.25154183548823766,2.2381871404507545,2.6492172035464354,1.603445402388915,-1.305876762960268,<=0.5
FULL_2022_202608,2023-02-01 22:33:00,UP,1949.14,1920.48,28.66000000000008,9.342382333493775,3.0677400021673145,SAME_NEAREST,6.439999999999827,48.31000000000017,MULTI_CHILD_ERA4,AMBIGUOUS,2023-02-02 17:00:00,,,2023,,0.12,0.12,0.12,,,,,97,3.0,PRIMARY_CONTINUES,2023-02-02 01:13:00,True,2023-02-01 21:40:00,1934.43,UP,14.710000000000036,1.5745448510775013,3,10.61999999999989,29.110000000000127,18.45,1.1367550182490043,3.1159075876863462,0.5747998538603664,0.15199549208226792,0.0567307118335167,0.7492735525181837,0.15199549208226792,0.3521585696835424,1.1367550182490043,0.15199549208226792,0.9098321709149374,1.1367550182490043,3.1159075876863462,-2.818338948257699,1-2
FULL_2022_202608,2023-02-02 01:13:00,UP,1955.58,1920.48,35.09999999999991,9.475702431641034,3.704210875469754,SAME_NEAREST,2.680000000000064,54.75,MULTI_CHILD_ERA4,AMBIGUOUS,2023-02-02 17:00:00,,,2023,,0.12,0.12,0.12,,,,,97,4.0,PRIMARY_CONTINUES,2023-02-02 09:13:00,True,2023-02-01 21:40:00,1934.43,UP,21.149999999999864,2.232024501885612,4+,4.180000000000064,35.549999999999955,15.783333333333333,0.4411282467083717,3.7517007584886017,0.059098521090134117,0.36936575681322426,-0.16041027153031262,0.17940622473785658,0.5033927599997351,-0.3271525274631319,0.4411282467083717,0.5033927599997351,-0.27438599077552844,0.4411282467083717,3.7517007584886017,-3.458318814505529,2-3
FULL_2022_202608,2023-02-03 09:35:00,DOWN,1911.27,1918.63,7.360000000000127,9.536091730414173,0.7718046562541263,SAME_NEAREST,10.440000000000056,48.49000000000001,MULTI_CHILD_ERA4,CHALLENGE_OPENS,2023-02-07 19:45:00,1881.35,4.065217391304287,2023,29.920000000000073,0.12,0.12,0.12,29.920000000000073,29.80000000000007,29.680000000000074,29.560000000000073,98,1.0,PRIMARY_CONTINUES,2023-02-03 15:30:00,True,2023-02-03 09:35:00,1911.27,DOWN,0.0,0.0,1,51.61999999999989,5.829999999999927,106.16666666666667,5.41311907008658,0.6113615687447586,0.12478906806283106,0.3879996233886214,-0.30201051766466436,0.20658358326367168,0.5232751677592433,-0.12688636332438924,5.23170302996163,0.6113615687447586,4.81958451106509,5.23170302996163,0.6113615687447586,4.786027786880111,<=0.5
FULL_2022_202608,2023-02-03 15:30:00,DOWN,1900.83,1918.22,17.3900000000001,9.528335665245208,1.8250826388736985,SAME_NEAREST,4.289999999999964,58.930000000000064,MULTI_CHILD_ERA4,CHALLENGE_OPENS,2023-02-07 19:45:00,1881.35,1.1201840138010295,2023,19.480000000000018,0.12,0.12,0.12,19.480000000000018,19.360000000000017,19.24000000000002,19.12000000000002,98,2.0,PRIMARY_CONTINUES,2023-02-03 15:34:00,True,2023-02-03 09:35:00,1911.27,DOWN,10.440000000000055,1.0956792840621852,2,41.179999999999836,12.759999999999991,100.25,4.321846064911913,1.3391635694093293,2.6919706548079265,1.3391635694093293,2.233338617322141,3.9985996860889785,1.3391635694093293,3.8222834794582763,4.140282352131492,1.3391635694093293,3.6942443294050302,4.140282352131492,1.3391635694093293,3.6942443294050302,1-2
FULL_2022_202608,2023-02-03 15:34:00,DOWN,1896.54,1918.22,21.680000000000064,9.528335665245208,2.275318666519935,SAME_NEAREST,4.279999999999973,63.22000000000003,MULTI_CHILD_ERA4,CHALLENGE_OPENS,2023-02-07 19:45:00,1881.35,0.700645756457565,2023,15.190000000000055,0.12,0.12,0.12,15.190000000000055,15.070000000000055,14.950000000000054,14.830000000000055,98,3.0,PRIMARY_CONTINUES,2023-02-03 15:36:00,True,2023-02-03 09:35:00,1911.27,DOWN,14.730000000000018,1.5459153117084217,3,36.88999999999987,2.6400000000001,100.18333333333334,3.8716100372656763,0.2770683247053892,2.24173462716169,0.2770683247053892,1.463004714542801,3.548363658442742,0.2770683247053892,3.4329185231488437,3.6900463244852557,0.2770683247053892,3.2440083017587935,3.6900463244852557,0.2770683247053892,3.2440083017587935,1-2
FULL_2022_202608,2023-02-03 15:36:00,DOWN,1892.26,1918.22,25.96000000000004,9.528335665245208,2.724505192936228,SAME_NEAREST,21.84999999999991,67.5,MULTI_CHILD_ERA4,CHALLENGE_OPENS,2023-02-07 19:45:00,1881.35,0.4202619414483847,2023,10.910000000000082,0.12,0.12,0.12,10.910000000000082,10.790000000000083,10.670000000000082,10.550000000000082,98,4.0,PRIMARY_CONTINUES,2023-02-03 17:07:00,True,2023-02-03 09:35:00,1911.27,DOWN,19.00999999999999,1.9951018381247145,4+,32.6099999999999,5.349999999999909,100.15,3.4224235108493835,0.5614831580203602,1.792548100745397,0.5614831580203602,0.8018189396776974,3.099177132026449,0.5614831580203602,2.9386034438449258,3.240859798068963,0.5614831580203602,2.7948217753425006,3.240859798068963,0.5614831580203602,2.7948217753425006,1-2
FULL_2022_202608,2023-02-09 15:52:00,UP,1886.4,1876.86,9.540000000000193,9.68153646040056,0.9853807852731556,OPPOSITE_NEAREST,32.23000000000002,17.40000000000009,MULTI_CHILD_ERA4,SL,2023-02-09 17:26:00,1876.86,-1.0,2023,-9.540000000000191,0.12,0.12,0.12,-9.540000000000191,-9.66000000000019,-9.780000000000191,-9.90000000000019,99,2.0,CHALLENGE_OPENS,2023-02-09 18:03:00,False,2023-02-08 09:58:00,1884.42,UP,1.9800000000000182,0.20451299316989802,2,3.7999999999999545,9.610000000000127,1.5666666666666667,0.3924996838614121,0.9926110426074383,0.3924996838614121,0.6651836747546173,-0.3842365326222319,0.3924996838614121,0.9926110426074383,-0.9430321351723101,0.3924996838614121,0.9926110426074383,-0.9430321351723101,0.3924996838614121,0.9926110426074383,-0.9430321351723101,<=0.5
FULL_2022_202608,2023-02-08 09:58:00,UP,1884.42,1867.24,17.180000000000064,9.698949332658222,1.7713258839441206,OPPOSITE_NEAREST,34.21000000000004,19.430000000000064,MULTI_CHILD_ERA4,AMBIGUOUS,2023-02-09 18:03:00,,,2023,,0.12,0.12,0.12,,,,,99,1.0,PRIMARY_CONTINUES,2023-02-09 15:52:00,True,2023-02-08 09:58:00,1884.42,UP,0.0,0.0,1,5.779999999999973,17.25999999999999,32.083333333333336,0.5959408387192626,1.7795742000509542,0.20414582364431771,0.5093335195974401,-0.06804860788144705,0.20414582364431771,0.6021270757994112,-0.4093226868019896,0.20414582364431771,1.5898629295936186,-0.8031797809036428,0.20414582364431771,1.5898629295936186,-0.36705006675444424,<=0.5
FULL_2022_202608,2023-02-13 18:04:00,DOWN,1852.73,1863.05,10.319999999999936,9.74658055175961,1.0588328845378294,OPPOSITE_NEAREST,27.71000000000004,19.559999999999945,MULTI_CHILD_ERA4,SL,2023-02-14 08:47:00,1863.05,-1.0,2023,-10.319999999999936,0.12,0.12,0.12,-10.319999999999936,-10.439999999999936,-10.559999999999937,-10.679999999999936,100,5.0,PRIMARY_CONTINUES,2023-02-14 15:30:00,True,2023-02-09 19:42:00,1864.99,DOWN,12.259999999999991,1.2578770508172343,4+,2.269999999999982,10.329999999999927,14.716666666666667,0.2329021945640376,1.0598588853949387,0.21546017999315495,0.23085019284981886,0.1621081354234209,0.2329021945640376,0.3088262579902012,0.12209410199613202,0.2329021945640376,0.598158499695301,-0.5037664208411686,0.2329021945640376,1.0598588853949387,-1.044468872538298,1-2
FULL_2022_202608,2023-02-09 19:42:00,DOWN,1864.99,1890.2,25.21000000000004,9.683527924509445,2.6033900244344204,SAME_NEAREST,1.990000000000009,53.6400000000001,MULTI_CHILD_ERA4,CHALLENGE_OPENS,2023-02-14 15:32:00,1866.64,-0.0654502181673974,2023,-1.650000000000091,0.12,0.12,0.12,-1.650000000000091,-1.770000000000091,-1.890000000000091,-2.010000000000091,100,1.0,PRIMARY_CONTINUES,2023-02-09 19:46:00,True,2023-02-09 19:42:00,1864.99,DOWN,0.0,0.0,1,16.74000000000001,7.2999999999999545,115.83333333333333,1.7287088063876304,0.7538574842670022,0.20756897854475026,0.4781315276926236,-0.11566032635328292,0.6289030245460288,0.4853602980897214,0.3046410381626992,1.2660675009744515,0.4853602980897214,0.9190865219145794,1.2660675009744515,0.7538574842670022,0.37899410510410547,<=0.5
FULL_2022_202608,2023-02-09 19:46:00,DOWN,1863.0,1890.2,27.200000000000045,9.683527924509445,2.808893640008578,SAME_NEAREST,3.349999999999909,55.63000000000011,MULTI_CHILD_ERA4,CHALLENGE_OPENS,2023-02-14 15:32:00,1866.64,-0.1338235294117681,2023,-3.6400000000001,0.12,0.12,0.12,-3.6400000000001,-3.7600000000001,-3.8800000000001003,-4.0000000000001,100,2.0,PRIMARY_CONTINUES,2023-02-09 22:29:00,True,2023-02-09 19:42:00,1864.99,DOWN,1.990000000000009,0.20550361557415758,2,14.75,9.289999999999964,115.76666666666667,1.5232051908134727,0.9593610998411597,0.0020653629705926608,0.6836351432667812,-0.36143851985404435,0.42339940897187117,0.690863913663879,0.1776212154711332,1.0605638854002941,0.690863913663879,0.7311384915904594,1.0605638854002941,0.9593610998411597,0.2096343415153429,<=0.5
FULL_2022_202608,2023-02-09 22:29:00,DOWN,1859.65,1890.2,30.549999999999955,9.78095276937328,3.1234175974819127,SAME_NEAREST,34.63000000000011,58.98000000000002,MULTI_CHILD_ERA4,CHALLENGE_OPENS,2023-02-14 15:32:00,1866.64,-0.2288052373158762,2023,-6.990000000000009,0.12,0.12,0.12,-6.990000000000009,-7.110000000000009,-7.230000000000009,-7.350000000000009,100,3.0,PRIMARY_CONTINUES,2023-02-13 11:36:00,True,2023-02-09 19:42:00,1864.99,DOWN,5.339999999999918,0.5459590825058326,3,11.400000000000091,12.639999999999873,113.05,1.1655306255742763,1.2923076409875953,0.07667964641935968,0.2320837298292601,-0.1850535466920491,0.07667964641935968,0.3465920018154927,-0.1911879184055923,0.7074975376292993,1.2923076409875953,-1.0827166074413503,0.7074975376292993,1.2923076409875953,-0.44269715866109577,0.5-1
FULL_2022_202608,2023-02-13 11:36:00,DOWN,1856.45,1866.64,10.190000000000056,9.73678255600672,1.0465469410851471,SAME_NEAREST,3.7200000000000273,15.839999999999918,MULTI_CHILD_ERA4,AMBIGUOUS,2023-02-14 15:32:00,,,2023,,0.12,0.12,0.12,,,,,100,4.0,PRIMARY_CONTINUES,2023-02-13 18:04:00,True,2023-02-09 19:42:00,1864.99,DOWN,8.539999999999964,0.8770864452273869,4+,8.200000000000045,11.460000000000036,27.933333333333334,0.8421673127476162,1.1769801712302024,0.26805569344772845,0.2916774595369693,-0.2711367933723887,0.26805569344772845,0.6778419834309951,-0.12837916352859932,0.615192951629049,0.6778419834309951,0.2772989932217792,0.615192951629049,0.8647620455286292,-0.6460039508759081,0.5-1
FULL_2022_202608,2023-02-14 15:30:00,DOWN,1850.46,1864.87,14.409999999999854,9.634778713140994,1.495623348395732,OPPOSITE_NEAREST,25.44000000000005,16.180000000000064,MULTI_CHILD_ERA4,AMBIGUOUS,2023-02-14 15:32:00,,,2023,,0.12,0.12,0.12,,,,,100,6.0,CHALLENGE_OPENS,2023-02-14 15:32:00,False,2023-02-09 19:42:00,1864.99,DOWN,14.529999999999973,1.508078227077735,4+,2.2100000000000364,17.450000000000045,0.03333333333333333,0.22937734906000384,1.8111469416728558,0.22937734906000384,1.8111469416728558,-1.7935025302066945,0.22937734906000384,1.8111469416728558,-1.7935025302066945,0.22937734906000384,1.8111469416728558,-1.7935025302066945,0.22937734906000384,1.8111469416728558,-1.7935025302066945,1-2
FULL_2022_202608,2023-02-15 08:31:00,DOWN,1843.24,1860.07,16.829999999999927,9.78398892157032,1.7201573034179936,SAME_NEAREST,18.220000000000027,27.36999999999989,MULTI_CHILD_ERA4,CHALLENGE_OPENS,2023-02-16 20:06:00,1844.8,-0.0926916221033839,2023,-1.5599999999999454,0.12,0.12,0.12,-1.5599999999999454,-1.6799999999999455,-1.7999999999999454,-1.9199999999999453,101,1.0,PRIMARY_CONTINUES,2023-02-16 15:47:00,True,2023-02-15 08:31:00,1843.24,DOWN,0.0,0.0,1,15.650000000000091,1.8299999999999272,35.583333333333336,1.5995520973554294,0.18704027719874136,0.2064597595308575,0.14309092244713953,0.16046624874427526,1.168235173979077,0.14309092244713953,0.8217507260535156,1.314392330478629,0.14309092244713953,0.8565013786478336,1.314392330478629,0.14309092244713953,0.8922741092596068,<=0.5
FULL_2022_202608,2023-02-16 15:47:00,DOWN,1830.38,1844.8,14.419999999999844,9.74165901736152,1.480240683265614,SAME_NEAREST,5.360000000000127,29.689999999999827,MULTI_CHILD_ERA4,AMBIGUOUS,2023-02-16 20:06:00,,,2023,,0.12,0.12,0.12,,,,,101,2.0,CHALLENGE_OPENS,2023-02-16 20:06:00,False,2023-02-15 08:31:00,1843.24,DOWN,12.8599999999999,1.3201036884047053,2,2.790000000000191,14.689999999999827,4.316666666666666,0.28639885619357763,1.507956701606924,0.28023974100660165,0.6918739393349529,-0.060564632671747595,0.28639885619357763,1.3888804746590797,-1.3293423611851343,0.28639885619357763,1.507956701606924,-1.446365549737351,0.28639885619357763,1.507956701606924,-1.446365549737351,1-2
FULL_2022_202608,2023-02-17 04:01:00,DOWN,1827.59,1845.25,17.660000000000082,9.781957815385002,1.805364563341762,SAME_NEAREST,2.5699999999999363,32.48000000000002,MULTI_CHILD_ERA4,AMBIGUOUS,2023-02-20 08:05:00,,,2023,,0.12,0.12,0.12,,,,,102,1.0,PRIMARY_CONTINUES,2023-02-17 06:51:00,True,2023-02-17 04:01:00,1827.59,DOWN,0.0,0.0,1,8.689999999999827,18.0,76.06666666666666,0.888370218314809,1.8401224314921611,0.1615218578754156,0.3066870719153602,-0.11858566780728098,0.36291303509983824,0.3066870719153602,0.028624126712097495,0.888370218314809,0.3066870719153602,0.05520367294476112,0.888370218314809,1.6387312542677386,-1.5129895547824623,<=0.5
FULL_2022_202608,2023-02-17 06:51:00,DOWN,1825.02,1845.25,20.230000000000015,9.781957815385002,2.0680931549492474,SAME_NEAREST,11.589999999999918,35.049999999999955,MULTI_CHILD_ERA4,AMBIGUOUS,2023-02-20 08:05:00,,,2023,,0.12,0.12,0.12,,,,,102,2.0,CHALLENGE_OPENS,2023-02-20 08:05:00,False,2023-02-17 04:01:00,1827.59,DOWN,2.5699999999999363,0.2627285916074854,2,6.119999999999891,20.569999999999936,73.23333333333333,0.6256416267073237,2.1028510230996464,0.10018444349235286,0.25659485016918376,-0.25148339897059907,0.6256416267073237,0.26375088184720236,0.39869319348997756,0.6256416267073237,1.6274860616308522,-1.5027666523852696,0.6256416267073237,1.9014598458752239,-1.7757181463899476,<=0.5
FULL_2022_202608,2023-02-22 14:32:00,UP,1843.81,1831.78,12.029999999999973,9.458145131685308,1.2719195817474622,SAME_NEAREST,3.680000000000064,13.589999999999918,MULTI_CHILD_ERA4,SL,2023-02-22 17:12:00,1831.78,-1.0,2023,-12.029999999999973,0.12,0.12,0.12,-12.029999999999973,-12.149999999999972,-12.269999999999973,-12.389999999999972,103,1.0,CHALLENGE_OPENS,2023-02-22 20:46:00,False,2023-02-22 14:32:00,1843.81,UP,0.0,0.0,1,2.1800000000000637,12.5,2.6666666666666665,0.23048916776471778,1.3216122004857285,0.23048916776471778,0.8225714335823145,-0.8077693769368638,0.23048916776471778,1.3216122004857285,-1.146102100261215,0.23048916776471778,1.3216122004857285,-1.146102100261215,0.23048916776471778,1.3216122004857285,-1.146102100261215,<=0.5
FULL_2022_202608,2023-02-23 15:30:00,DOWN,1823.17,1833.82,10.649999999999864,9.4258311303934,1.1298738384628126,SAME_NEAREST,4.269999999999982,22.819999999999936,MULTI_CHILD_ERA4,CHALLENGE_OPENS,2023-02-28 17:00:00,1820.18,0.2807511737089246,2023,2.990000000000009,0.12,0.12,0.12,2.990000000000009,2.870000000000009,2.750000000000009,2.630000000000009,104,1.0,PRIMARY_CONTINUES,2023-02-23 15:42:00,True,2023-02-23 15:30:00,1823.17,DOWN,0.0,0.0,1,18.460000000000036,6.919999999999845,121.5,1.9584479866689044,0.7341527664002432,0.6163912677435889,0.7341527664002432,-0.4816551386498774,0.6163912677435889,0.7341527664002432,0.22279202448564236,0.6163912677435889,0.7341527664002432,-0.1771727051861734,1.2370261930963997,0.7341527664002432,1.029086970243143,<=0.5
FULL_2022_202608,2023-02-23 15:42:00,DOWN,1818.9,1833.82,14.919999999999844,9.4258311303934,1.5828842882502543,SAME_NEAREST,5.470000000000027,27.08999999999992,MULTI_CHILD_ERA4,CHALLENGE_OPENS,2023-02-28 17:00:00,1820.18,-0.0857908847184977,2023,-1.2799999999999727,0.12,0.12,0.12,-1.2799999999999727,-1.3999999999999728,-1.5199999999999727,-1.6399999999999726,104,2.0,PRIMARY_CONTINUES,2023-02-24 14:05:00,True,2023-02-23 15:30:00,1823.17,DOWN,4.269999999999982,0.4530104497874415,2,14.190000000000055,11.189999999999827,121.3,1.505437536881463,1.1871632161876846,0.1633808179561474,1.1871632161876846,-0.5803201780649239,0.1633808179561474,1.1871632161876846,-0.2153656236694374,0.1633808179561474,1.1871632161876846,-0.670497902261502,0.7840157433089583,1.1871632161876846,0.5293962867539453,<=0.5
FULL_2022_202608,2023-02-24 14:05:00,DOWN,1817.36,1826.3,8.940000000000055,9.351137783416757,0.9560333947655216,SAME_NEAREST,3.929999999999836,16.460000000000036,MULTI_CHILD_ERA4,CHALLENGE_OPENS,2023-02-28 17:00:00,1820.18,-0.3154362416107546,2023,-2.8200000000001637,0.12,0.12,0.12,-2.8200000000001637,-2.940000000000164,-3.060000000000164,-3.1800000000001636,104,3.0,PRIMARY_CONTINUES,2023-02-24 15:30:00,True,2023-02-23 15:30:00,1823.17,DOWN,5.810000000000173,0.6213147677391286,3,12.649999999999864,5.870000000000118,98.91666666666667,1.3527765597073425,0.6277310992476163,0.24488998590749392,0.1507837904496035,0.19248994525479693,0.8993557997738083,0.1507837904496035,0.7624740609259522,0.8993557997738083,0.1507837904496035,0.712212797442751,0.8993557997738083,0.1507837904496035,0.712212797442751,0.5-1
FULL_2022_202608,2023-02-24 15:30:00,DOWN,1813.43,1826.3,12.86999999999989,9.351137783416757,1.3763031085718214,SAME_NEAREST,9.049999999999956,20.389999999999876,MULTI_CHILD_ERA4,CHALLENGE_OPENS,2023-02-28 17:00:00,1820.18,-0.5244755244755289,2023,-6.75,0.12,0.12,0.12,-6.75,-6.87,-6.99,-7.11,104,4.0,PRIMARY_CONTINUES,2023-02-27 05:40:00,True,2023-02-23 15:30:00,1823.17,DOWN,9.740000000000009,1.0415844815454285,4+,8.720000000000027,9.799999999999955,97.5,0.9325068459010427,1.048000813053916,0.28017980920422414,0.5282779608659375,0.18821239091580522,0.4790860859675086,0.5282779608659375,0.19462872242431709,0.4790860859675086,0.5282779608659375,0.29194308363645133,0.4790860859675086,0.5282779608659375,0.29194308363645133,1-2
FULL_2022_202608,2023-02-27 05:40:00,DOWN,1808.95,1826.3,17.34999999999991,9.298326658431504,1.8659271326273887,SAME_NEAREST,4.569999999999936,18.83999999999992,MULTI_CHILD_ERA4,CHALLENGE_OPENS,2023-02-28 17:00:00,1820.18,-0.6472622478386212,2023,-11.230000000000018,0.12,0.12,0.12,-11.230000000000018,-11.350000000000017,-11.470000000000018,-11.590000000000018,104,5.0,PRIMARY_CONTINUES,2023-02-28 10:17:00,True,2023-02-23 15:30:00,1823.17,DOWN,14.220000000000027,1.5293074251274734,4+,4.240000000000009,14.279999999999973,35.333333333333336,0.4559960254951117,1.535760199073153,0.257035495503151,0.1086216947523721,-0.033339332052702696,0.257035495503151,0.29790306382581333,-0.05592404086260596,0.257035495503151,1.194838642276093,-0.7194842949439424,0.257035495503151,1.2077441901674768,-0.8044458185621313,1-2
FULL_2022_202608,2023-02-28 10:17:00,DOWN,1806.56,1819.42,12.860000000000127,9.181205626643054,1.40068750477405,SAME_NEAREST,2.1799999999998363,13.620000000000118,MULTI_CHILD_ERA4,AMBIGUOUS,2023-02-28 17:00:00,,,2023,,0.12,0.12,0.12,,,,,104,6.0,CHALLENGE_OPENS,2023-02-28 17:00:00,False,2023-02-23 15:30:00,1823.17,DOWN,16.610000000000127,1.8091305952019376,4+,1.849999999999909,16.670000000000073,6.716666666666667,0.201498591277748,1.815665684648778,0.201498591277748,0.7047004786849185,-0.5707311450245693,0.201498591277748,0.7047004786849185,-0.16773396246904856,0.201498591277748,1.815665684648778,-1.7720984216697933,0.201498591277748,1.815665684648778,-1.7720984216697933,1-2
FULL_2022_202608,2023-03-03 11:06:00,UP,1845.99,1837.83,8.160000000000082,8.99559164182351,0.9071109855700338,SAME_NEAREST,1.5,16.059999999999945,MULTI_CHILD_ERA4,SL,2023-03-07 15:10:00,1837.83,-1.0,2023,-8.160000000000082,0.12,0.12,0.12,-8.160000000000082,-8.280000000000081,-8.400000000000082,-8.520000000000081,105,5.0,PRIMARY_CONTINUES,2023-03-03 12:44:00,True,2023-02-28 18:06:00,1827.79,UP,18.200000000000045,2.023213227619423,4+,12.279999999999973,8.279999999999973,100.06666666666666,1.3651131008333184,0.920450853004875,0.15340847550079986,0.13006370748982782,-0.07114595965256208,0.35684145388232996,0.16230172045738592,0.04891284726113485,1.1527868774952277,0.7748239668410658,0.9526888659724331,1.1527868774952277,0.7748239668410658,1.0293931037228456,2-3
FULL_2022_202608,2023-03-03 12:44:00,UP,1847.49,1837.83,9.660000000000082,8.992393910480045,1.0742411971902148,SAME_NEAREST,12.579999999999927,17.559999999999945,MULTI_CHILD_ERA4,SL,2023-03-07 15:10:00,1837.83,-1.0,2023,-9.660000000000082,0.12,0.12,0.12,-9.660000000000082,-9.780000000000081,-9.900000000000082,-10.020000000000081,105,6.0,CHALLENGE_OPENS,2023-03-07 16:48:00,False,2023-02-28 18:06:00,1827.79,UP,19.700000000000045,2.190740329673613,4+,10.779999999999973,9.779999999999973,98.43333333333334,1.1987909012122557,1.0875858083354226,0.18682455603308634,0.1768160976741552,0.07784356501378809,0.19016070881938832,0.5482411078827932,-0.41479499643058876,0.9863891738174957,0.9419071366667777,0.8629515207242223,0.9863891738174957,0.9419071366667777,0.8629515207242223,2-3
FULL_2022_202608,2023-03-03 09:05:00,UP,1844.52,1832.3,12.220000000000027,8.99559164182351,1.358443167115898,SAME_NEAREST,1.4700000000000273,14.589999999999918,MULTI_CHILD_ERA4,SL,2023-03-07 16:03:00,1832.3,-1.0,2023,-12.220000000000027,0.12,0.12,0.12,-12.220000000000027,-12.340000000000027,-12.460000000000027,-12.580000000000027,105,4.0,PRIMARY_CONTINUES,2023-03-03 11:06:00,True,2023-02-28 18:06:00,1827.79,UP,16.730000000000018,1.859799851542467,4+,13.75,12.349999999999909,102.96666666666667,1.5285264769102744,1.3728946901703092,0.033349668587128206,0.2801372161319174,0.02223311239142723,0.3679580100780309,0.2801372161319174,0.2656856930775061,0.6303087362968267,0.6114105907641098,0.5702793328399909,1.3162002535721835,0.6114105907641098,1.1928064797998017,1-2
FULL_2022_202608,2023-02-28 18:06:00,UP,1827.79,1807.27,20.519999999999985,9.185265416150312,2.234012744359023,SAME_NEAREST,6.029999999999973,23.40999999999985,MULTI_CHILD_ERA4,CHALLENGE_OPENS,2023-03-07 16:48:00,1829.93,0.1042884990253461,2023,2.1400000000001,0.12,0.12,0.12,2.1400000000001,2.0200000000001,1.9000000000001,1.7800000000001002,105,1.0,PRIMARY_CONTINUES,2023-03-01 05:32:00,True,2023-02-28 18:06:00,1827.79,UP,0.0,0.0,1,30.480000000000018,4.740000000000009,166.7,3.318358111504051,0.5160438795449219,0.08382991292185227,0.23842533675177324,0.08274121275403698,0.36798065672191754,0.23842533675177324,0.12846661980232904,0.410439963266739,0.5160438795449219,0.3179004490023643,1.8213953807566534,0.5160438795449219,1.2618034944990948,<=0.5
FULL_2022_202608,2023-03-01 05:32:00,UP,1831.17,1823.05,8.120000000000118,9.193267960664976,0.8832550116827852,SAME_NEAREST,2.649999999999864,26.46000000000004,MULTI_CHILD_ERA4,CHALLENGE_OPENS,2023-03-07 16:48:00,1829.93,-0.1527093596059102,2023,-1.240000000000009,0.12,0.12,0.12,-1.240000000000009,-1.3600000000000092,-1.480000000000009,-1.600000000000009,105,2.0,PRIMARY_CONTINUES,2023-03-01 08:30:00,True,2023-02-28 18:06:00,1827.79,UP,3.380000000000109,0.3676603373753531,2,27.09999999999991,1.6000000000001364,155.26666666666668,2.947809213867371,0.1740403963907089,0.04242234662021783,0.1740403963907089,-0.06635290112396597,0.604790377457656,0.1740403963907089,0.2741136243153412,1.4521495573848437,0.1740403963907089,0.7037758529048721,1.4521495573848437,0.1740403963907089,0.3252379907551105,<=0.5
FULL_2022_202608,2023-03-01 08:30:00,UP,1833.82,1823.05,10.769999999999982,9.17236091643906,1.17417970118223,SAME_NEAREST,12.170000000000073,29.1099999999999,MULTI_CHILD_ERA4,CHALLENGE_OPENS,2023-03-07 16:48:00,1829.93,-0.3611884865366647,2023,-3.8899999999998727,0.12,0.12,0.12,-3.8899999999998727,-4.009999999999873,-4.129999999999873,-4.249999999999873,105,3.0,PRIMARY_CONTINUES,2023-03-03 09:05:00,True,2023-02-28 18:06:00,1827.79,UP,6.029999999999973,0.6574098048401883,3,24.450000000000045,3.9199999999998454,152.3,2.6656168703719247,0.4273708847385486,0.3172574680074644,0.02507533252292802,0.015263245883531102,0.4535364491103233,0.37503975599504885,-0.04469950580172185,1.1665480782404771,0.37503975599504885,0.40665647961093293,1.1665480782404771,0.37503975599504885,-0.09703063454522165,0.5-1
FULL_2022_202608,2023-03-09 15:59:00,UP,1824.25,1812.77,11.480000000000018,8.676086749598948,1.3231771801418055,OPPOSITE_NEAREST,27.38000000000011,14.86999999999989,MULTI_CHILD_ERA4,CHALLENGE_OPENS,2023-03-15 10:01:00,1895.39,6.1968641114982566,2023,71.1400000000001,0.12,0.12,0.12,71.1400000000001,71.0200000000001,70.9000000000001,70.7800000000001,106,1.0,PRIMARY_CONTINUES,2023-03-10 10:01:00,True,2023-03-09 15:59:00,1824.25,UP,0.0,0.0,1,90.31999999999994,0.4900000000000091,138.03333333333333,10.410223250035504,0.05647707476215119,0.8828865156695402,0.05647707476215119,0.8206464740949038,1.3185668066918381,0.05647707476215119,0.5855174281463645,1.3185668066918381,0.05647707476215119,0.7803057064076642,2.3904786338101927,0.05647707476215119,2.1023302931869776,<=0.5
FULL_2022_202608,2023-03-10 10:01:00,UP,1835.69,1827.71,7.980000000000018,8.649889324729912,0.9225551565365478,SAME_NEAREST,15.940000000000056,23.809999999999945,MULTI_CHILD_ERA4,CHALLENGE_OPENS,2023-03-15 10:01:00,1895.39,7.481203007518785,2023,59.700000000000045,0.12,0.12,0.12,59.700000000000045,59.58000000000005,59.46000000000004,59.340000000000046,106,2.0,PRIMARY_CONTINUES,2023-03-10 16:32:00,True,2023-03-09 15:59:00,1824.25,UP,11.440000000000055,1.3225602745336007,2,78.87999999999988,4.8400000000001455,120.0,9.119191823007847,0.5595447315334606,0.18612954912578275,0.39075644474857457,-0.03583860883787955,0.18612954912578275,0.5595447315334606,-0.10520365820154538,3.66363069055679,0.5595447315334606,3.2682499091839765,3.9815538334735194,0.5595447315334606,3.6162312401582866,1-2
FULL_2022_202608,2023-03-10 16:32:00,UP,1851.63,1830.85,20.7800000000002,8.672048267088615,2.3962043752526845,SAME_NEAREST,6.639999999999873,23.920000000000076,MULTI_CHILD_ERA4,CHALLENGE_OPENS,2023-03-15 10:01:00,1895.39,2.1058710298363605,2023,43.75999999999999,0.12,0.12,0.12,43.75999999999999,43.63999999999999,43.51999999999999,43.39999999999999,106,3.0,PRIMARY_CONTINUES,2023-03-10 16:40:00,True,2023-03-09 15:59:00,1824.25,UP,27.38000000000011,3.1572702499719987,3,62.93999999999983,1.8100000000001728,113.48333333333333,7.257800932550631,0.20871655049122867,1.6316791101936878,0.20871655049122867,1.613229028382301,1.8161799283074793,0.20871655049122867,1.3618466637023003,2.1332907094405313,0.20871655049122867,1.7689015936658148,2.1332907094405313,0.20871655049122867,1.7689015936658148,3-4
FULL_2022_202608,2023-03-10 16:40:00,UP,1858.27,1830.85,27.420000000000076,8.672048267088615,3.161882770424839,SAME_NEAREST,1.7999999999999543,30.559999999999945,MULTI_CHILD_ERA4,CHALLENGE_OPENS,2023-03-15 10:01:00,1895.39,1.3537563822027725,2023,37.12000000000012,0.12,0.12,0.12,37.12000000000012,37.00000000000012,36.880000000000116,36.76000000000012,106,4.0,PRIMARY_CONTINUES,2023-03-10 16:58:00,True,2023-03-09 15:59:00,1824.25,UP,34.01999999999998,3.922948645144153,4+,56.299999999999955,4.1099999999999,113.35,6.492122537378476,0.47393647652974974,0.9605573843048362,0.32172330158589213,0.8625413246819034,1.050501533135325,0.47393647652974974,0.7195531906437261,1.367612314268377,0.47393647652974974,1.0032231984936604,1.367612314268377,0.47393647652974974,1.0032231984936604,3-4
FULL_2022_202608,2023-03-10 16:58:00,UP,1860.07,1830.85,29.220000000000027,8.672048267088615,3.3694461908028317,SAME_NEAREST,10.539999999999964,32.3599999999999,MULTI_CHILD_ERA4,CHALLENGE_OPENS,2023-03-15 10:01:00,1895.39,1.2087611225188273,2023,35.320000000000164,0.12,0.12,0.12,35.320000000000164,35.200000000000166,35.08000000000016,34.960000000000164,106,5.0,PRIMARY_CONTINUES,2023-03-13 00:00:00,True,2023-03-09 15:59:00,1824.25,UP,35.819999999999936,4.1305120655221454,4+,54.5,5.9099999999998545,113.05,6.284559117000484,0.6814998969077422,0.8429381127573325,0.27675122717064776,0.3055794800009515,0.8429381127573325,0.6814998969077422,0.336713993057649,1.1600488938903846,0.6814998969077422,0.7956597781156681,1.1600488938903846,0.6814998969077422,0.7956597781156681,4-6
FULL_2022_202608,2023-03-13 14:26:00,UP,1894.27,1871.53,22.74000000000001,8.998029545854898,2.52721997456383,SAME_NEAREST,24.360000000000127,66.55999999999995,MULTI_CHILD_ERA4,CHALLENGE_OPENS,2023-03-15 10:01:00,1895.39,0.0492524186455636,2023,1.1200000000001182,0.12,0.12,0.12,1.1200000000001182,1.0000000000001181,0.8800000000001182,0.7600000000001182,106,8.0,CHALLENGE_OPENS,2023-03-15 10:01:00,False,2023-03-09 15:59:00,1824.25,UP,70.01999999999998,7.781703721150365,4+,20.299999999999955,1.740000000000009,43.583333333333336,2.2560494935640114,0.1933756708769167,0.9557648100812973,0.1933756708769167,0.6334720252864531,2.087123620154294,0.1933756708769167,1.1802584050073952,2.2560494935640114,0.1933756708769167,1.932645354338841,2.2560494935640114,0.1933756708769167,1.4869922277776741,>6
FULL_2022_202608,2023-03-20 09:09:00,UP,1998.36,1968.1,30.25999999999999,9.830283609254826,3.0782428262305057,SAME_NEAREST,10.7800000000002,90.86999999999988,MULTI_CHILD_ERA4,SL,2023-03-20 16:12:00,1968.1,-1.0,2023,-30.25999999999999,0.12,0.12,0.12,-30.25999999999999,-30.379999999999992,-30.49999999999999,-30.61999999999999,107,7.0,PRIMARY_CONTINUES,2023-03-20 09:31:00,True,2023-03-15 13:31:00,1914.57,UP,83.78999999999996,8.523660489420159,4+,11.400000000000091,32.6099999999999,7.05,1.1596816992408479,3.3173000186178623,1.1596816992408479,0.4638726796963299,0.21667737012132568,1.1596816992408479,2.490263859422411,-1.6672967588208067,1.1596816992408479,3.3173000186178623,-3.276609432679578,1.1596816992408479,3.3173000186178623,-3.276609432679578,>6
FULL_2022_202608,2023-03-15 13:31:00,UP,1914.57,1885.7,28.86999999999989,9.1820002310667,3.144195085327936,SAME_NEAREST,4.060000000000173,43.03999999999997,MULTI_CHILD_ERA4,CHALLENGE_OPENS,2023-03-21 10:06:00,1965.75,1.772774506408045,2023,51.180000000000064,0.12,0.12,0.12,51.180000000000064,51.060000000000066,50.94000000000006,50.820000000000064,107,1.0,PRIMARY_CONTINUES,2023-03-15 13:33:00,True,2023-03-15 13:31:00,1914.57,UP,0.0,0.0,1,95.19000000000005,7.079999999999927,140.58333333333334,10.36702217431131,0.7710738207177569,1.2230450574379255,0.15029404980090738,1.1054236271589524,1.7164016122192043,0.15029404980090738,1.157699818394057,2.4787627343977854,0.6098888977428549,0.6578087397083716,2.4787627343977854,0.7710738207177569,1.0335438642106773,<=0.5
FULL_2022_202608,2023-03-15 13:33:00,UP,1918.63,1885.7,32.930000000000064,9.1820002310667,3.586364536191532,SAME_NEAREST,41.12999999999988,47.100000000000136,MULTI_CHILD_ERA4,CHALLENGE_OPENS,2023-03-21 10:06:00,1965.75,1.4309140601275372,2023,47.11999999999989,0.12,0.12,0.12,47.11999999999989,46.99999999999989,46.87999999999989,46.75999999999989,107,2.0,PRIMARY_CONTINUES,2023-03-17 08:56:00,True,2023-03-15 13:31:00,1914.57,UP,4.060000000000173,0.4421694508635958,2,91.12999999999988,11.1400000000001,140.55,9.924852723447714,1.2132432715813528,0.7808756065743298,0.4182095298808374,0.35613155278913516,1.2742321613556085,0.4182095298808374,0.6327597314082163,2.0365932835341893,1.0520583486064508,0.2406882971449312,2.0365932835341893,1.2132432715813528,0.8015682656048971,<=0.5
FULL_2022_202608,2023-03-17 08:56:00,UP,1933.45,1918.23,15.220000000000027,9.51231094141057,1.60003180023708,SAME_NEAREST,3.8799999999998818,25.96000000000004,MULTI_CHILD_ERA4,CHALLENGE_OPENS,2023-03-21 10:06:00,1965.75,2.1222076215505847,2023,32.299999999999955,0.12,0.12,0.12,32.299999999999955,32.17999999999996,32.05999999999995,31.939999999999955,107,3.0,PRIMARY_CONTINUES,2023-03-17 14:08:00,True,2023-03-15 13:31:00,1914.57,UP,18.88000000000011,1.9847963461548088,3,76.30999999999995,6.110000000000127,97.16666666666667,8.022235655459347,0.6423255124473551,0.0956655018538441,0.4709686245113098,-0.3111756983378322,0.0956655018538441,0.6423255124473551,-0.22917669674881275,5.7073407644461795,0.6423255124473551,5.396165066108347,5.7073407644461795,0.6423255124473551,5.410882835624337,1-2
FULL_2022_202608,2023-03-17 14:08:00,UP,1937.33,1927.34,9.990000000000007,9.498464769513845,1.0517489133679572,SAME_NEAREST,22.430000000000064,29.83999999999992,MULTI_CHILD_ERA4,CHALLENGE_OPENS,2023-03-21 10:06:00,1965.75,2.8448448448448493,2023,28.420000000000073,0.12,0.12,0.12,28.420000000000073,28.30000000000007,28.180000000000074,28.060000000000073,107,4.0,PRIMARY_CONTINUES,2023-03-17 16:41:00,True,2023-03-15 13:31:00,1914.57,UP,22.75999999999999,2.396176703528996,4+,72.43000000000006,1.2799999999999727,91.96666666666667,7.625442822346459,0.13475861953062615,1.1401842574349477,0.13475861953062615,1.0717521459545405,2.9057327336292023,0.13475861953062615,2.23299243769113,5.307173445733609,0.13475861953062615,5.010283362080199,5.307173445733609,0.13475861953062615,5.010283362080199,2-3
FULL_2022_202608,2023-03-17 16:41:00,UP,1959.76,1927.34,32.42000000000007,9.572917743016546,3.386637268835878,SAME_NEAREST,22.180000000000064,52.26999999999998,MULTI_CHILD_ERA4,CHALLENGE_OPENS,2023-03-21 10:06:00,1965.75,0.1847624922887105,2023,5.990000000000009,0.12,0.12,0.12,5.990000000000009,5.870000000000009,5.750000000000009,5.630000000000009,107,5.0,PRIMARY_CONTINUES,2023-03-17 20:43:00,True,2023-03-15 13:31:00,1914.57,UP,45.190000000000055,4.720608827226809,4+,50.0,4.4500000000000455,89.41666666666667,5.223067965508745,0.46485304893028306,0.5400652276336119,0.4168008236475988,0.22354730892378474,2.1654839784999274,0.46485304893028306,2.1466809338240895,2.9228288334986954,0.46485304893028306,2.628247800244009,2.9228288334986954,0.46485304893028306,2.628247800244009,4-6
FULL_2022_202608,2023-03-22 09:27:00,DOWN,1935.37,1946.24,10.870000000000118,10.03509788783798,1.0831982030961549,SAME_NEAREST,27.87999999999988,49.81000000000017,MULTI_CHILD_ERA4,SL,2023-03-22 16:47:00,1946.24,-1.0,2023,-10.870000000000118,0.12,0.12,0.12,-10.870000000000118,-10.990000000000117,-11.110000000000118,-11.230000000000118,108,1.0,CHALLENGE_OPENS,2023-03-23 17:24:00,False,2023-03-22 09:27:00,1935.37,DOWN,0.0,0.0,1,1.199999999999818,13.730000000000018,7.333333333333333,0.11958029840985968,1.3681979143063536,0.11958029840985968,0.9586353922525321,-0.8719396759053589,0.11958029840985968,1.0273940638382173,-0.6875867158568064,0.11958029840985968,1.3681979143063536,-1.360225894412369,0.11958029840985968,1.3681979143063536,-1.360225894412369,<=0.5
FULL_2022_202608,2023-03-27 09:23:00,DOWN,1966.63,1978.73,12.099999999999907,10.290193066439882,1.1758768685752337,SAME_NEAREST,32.46000000000004,36.27999999999997,MULTI_CHILD_ERA4,CHALLENGE_OPENS,2023-03-30 15:26:00,1971.77,-0.4247933884297447,2023,-5.139999999999873,0.12,0.12,0.12,-5.139999999999873,-5.259999999999873,-5.379999999999873,-5.499999999999873,109,1.0,PRIMARY_CONTINUES,2023-03-30 04:09:00,True,2023-03-27 09:23:00,1966.63,DOWN,0.0,0.0,1,22.660000000000082,8.629999999999882,78.05,2.2020966811500076,0.8386625930416697,0.0009717990649594292,0.4538301633261323,-0.08649011677948894,1.4227138310695593,0.5821076398979708,1.2011436442636485,2.2020966811500076,0.5821076398979708,1.2380720087312893,2.2020966811500076,0.5821076398979708,1.0301070088345232,<=0.5
FULL_2022_202608,2023-03-30 04:09:00,DOWN,1958.64,1971.77,13.129999999999882,10.22130545298775,1.284571727201627,SAME_NEAREST,9.540000000000193,13.129999999999882,MULTI_CHILD_ERA4,AMBIGUOUS,2023-03-30 15:26:00,,,2023,,0.12,0.12,0.12,,,,,109,2.0,CHALLENGE_OPENS,2023-03-30 15:26:00,False,2023-03-27 09:23:00,1966.63,DOWN,7.990000000000009,0.7817005407723613,2,3.3600000000001273,15.740000000000009,11.283333333333333,0.3287251335413305,1.539920714863199,0.3287251335413305,0.15457908065335077,-0.04109064169264962,0.3287251335413305,0.29350458351903397,-0.1692543098292891,0.3287251335413305,1.539920714863199,-1.511548605123007,0.3287251335413305,1.539920714863199,-1.511548605123007,0.5-1
FULL_2022_202608,2023-03-31 09:58:00,UP,1984.31,1977.63,6.679999999999836,10.155049292001616,0.6578008444785374,SAME_NEAREST,18.600000000000136,29.029999999999973,MULTI_CHILD_ERA4,SL,2023-03-31 10:29:00,1977.63,-1.0,2023,-6.679999999999836,0.12,0.12,0.12,-6.679999999999836,-6.799999999999836,-6.9199999999998365,-7.039999999999837,110,2.0,CHALLENGE_OPENS,2023-03-31 20:19:00,False,2023-03-30 15:31:00,1975.26,UP,9.049999999999955,0.8911822818159999,2,0.7300000000000182,6.730000000000018,0.5166666666666667,0.0718854216271491,0.6627245034941134,0.0718854216271491,0.6627245034941134,-0.6469687946443196,0.0718854216271491,0.6627245034941134,-0.6469687946443196,0.0718854216271491,0.6627245034941134,-0.6469687946443196,0.0718854216271491,0.6627245034941134,-0.6469687946443196,0.5-1
FULL_2022_202608,2023-03-30 15:31:00,UP,1975.26,1955.28,19.980000000000015,10.20778975367841,1.9573287148474197,OPPOSITE_NEAREST,27.65000000000009,26.16000000000008,MULTI_CHILD_ERA4,CHALLENGE_OPENS,2023-03-31 20:19:00,1973.14,-0.1061061061061005,2023,-2.119999999999891,0.12,0.12,0.12,-2.119999999999891,-2.239999999999891,-2.359999999999891,-2.4799999999998907,110,1.0,PRIMARY_CONTINUES,2023-03-31 09:58:00,True,2023-03-30 15:31:00,1975.26,UP,0.0,0.0,1,12.319999999999936,11.349999999999909,28.8,1.2069214097557588,1.111895941617518,0.0039185760056969715,0.9512343253838086,-0.8307381132085153,0.5721120968322702,1.111895941617518,0.4633716126740901,0.8865778212897417,1.111895941617518,0.36638685653300096,0.9580918333937783,1.111895941617518,0.6593004129591169,<=0.5
FULL_2022_202608,2023-04-03 05:56:00,DOWN,1955.28,1987.58,32.299999999999955,10.194810929768396,3.16827847250069,SAME_NEAREST,6.180000000000064,32.299999999999955,MULTI_CHILD_ERA4,AMBIGUOUS,2023-04-03 17:27:00,,,2023,,0.12,0.12,0.12,,,,,111,1.0,CHALLENGE_OPENS,2023-04-03 17:27:00,False,2023-04-03 05:56:00,1955.28,DOWN,0.0,0.0,1,5.559999999999945,32.960000000000036,11.516666666666667,0.5453754893840151,3.2330172895858516,0.5453754893840151,0.1373247635139709,0.3609679498081349,0.5453754893840151,0.17852219256814436,0.06375792591718325,0.5453754893840151,3.2330172895858516,-3.1192339141028467,0.5453754893840151,3.2330172895858516,-3.1192339141028467,<=0.5
FULL_2022_202608,2023-04-04 16:42:00,UP,1990.51,1976.88,13.629999999999882,10.20536709162097,1.3355717513768497,SAME_NEAREST,12.400000000000093,40.78999999999997,MULTI_CHILD_ERA4,CHALLENGE_OPENS,2023-04-06 05:30:00,2009.95,1.4262655906089672,2023,19.440000000000055,0.12,0.14,0.12,19.440000000000055,19.320000000000054,19.200000000000056,19.080000000000055,112,1.0,PRIMARY_CONTINUES,2023-04-04 17:04:00,True,2023-04-04 16:42:00,1990.51,UP,0.0,0.0,1,41.63000000000011,0.6400000000001,36.8,4.079226119575853,0.06271209984455793,3.3746948728847515,0.06271209984455793,2.996462520697308,3.377634502564962,0.06271209984455793,2.7583525166000555,3.377634502564962,0.06271209984455793,2.919052272451698,4.079226119575853,0.06271209984455793,3.457984380490783,<=0.5
FULL_2022_202608,2023-04-04 17:04:00,UP,2003.28,1978.5,24.779999999999973,10.20536709162097,2.4281341158560954,SAME_NEAREST,6.480000000000018,53.559999999999945,MULTI_CHILD_ERA4,CHALLENGE_OPENS,2023-04-06 05:30:00,2009.95,0.2691686844229249,2023,6.670000000000073,0.12,0.14,0.12,6.670000000000073,6.550000000000073,6.4300000000000725,6.310000000000072,112,2.0,PRIMARY_CONTINUES,2023-04-04 17:08:00,True,2023-04-04 16:42:00,1990.51,UP,12.769999999999982,1.2513023672107477,2,28.860000000000127,2.1499999999998636,36.43333333333333,2.8279237523651046,0.2106734604152655,2.123392505674004,0.2106734604152655,1.4531569385853815,2.1263321353542146,0.2106734604152655,1.5501647180324178,2.1263321353542146,0.2106734604152655,1.6902870661225864,2.8279237523651046,0.2106734604152655,2.3438647316899934,1-2
FULL_2022_202608,2023-04-04 17:08:00,UP,2009.76,1978.5,31.25999999999999,10.20536709162097,3.063094126782147,SAME_NEAREST,49.430000000000064,60.03999999999997,MULTI_CHILD_ERA4,CHALLENGE_OPENS,2023-04-06 05:30:00,2009.95,0.0060780550223945,2023,0.19000000000005457,0.12,0.14,0.12,0.19000000000005457,0.07000000000005457,-0.04999999999994542,-0.16999999999994542,112,3.0,PRIMARY_CONTINUES,2023-04-05 05:46:00,True,2023-04-04 16:42:00,1990.51,UP,19.25,1.8862623781367993,3,22.38000000000011,2.5499999999999545,36.36666666666667,2.192963741439053,0.249868522818117,1.4884324947479524,0.249868522818117,1.1111800191205792,1.4913721244281628,0.249868522818117,0.8936474227848225,1.4913721244281628,0.249868522818117,1.0259307583944073,2.192963741439053,0.249868522818117,1.36986743097935,1-2
FULL_2022_202608,2023-04-06 16:42:00,DOWN,2007.95,2032.14,24.19000000000005,10.240089486535055,2.3622840436900554,OPPOSITE_NEAREST,31.069999999999936,24.19000000000005,MULTI_CHILD_ERA4,CHALLENGE_OPENS,2023-04-11 10:36:00,2002.95,0.206696982224059,2023,5.0,0.12,0.12,0.12,5.0,4.88,4.76,4.64,113,1.0,PRIMARY_CONTINUES,2023-04-10 16:00:00,True,2023-04-06 16:42:00,2007.95,DOWN,0.0,0.0,1,26.319999999999936,6.9500000000000455,113.9,2.570290038442413,0.6787050063516311,0.6953064237731887,0.3583953055122827,-0.3447235499886653,0.6953064237731887,0.6787050063516311,-0.08984296486955275,0.6953064237731887,0.6787050063516311,0.08300708710776622,0.6953064237731887,0.6787050063516311,0.08300708710776622,<=0.5
FULL_2022_202608,2023-04-10 16:00:00,DOWN,1988.84,2014.9,26.060000000000173,10.298667003294993,2.530424567729245,SAME_NEAREST,11.959999999999807,32.070000000000164,MULTI_CHILD_ERA4,CHALLENGE_OPENS,2023-04-11 10:36:00,2002.95,-0.5414428242517281,2023,-14.110000000000127,0.12,0.12,0.12,-14.110000000000127,-14.230000000000127,-14.350000000000128,-14.470000000000127,113,2.0,CHALLENGE_OPENS,2023-04-11 10:36:00,False,2023-04-06 16:42:00,2007.95,DOWN,19.110000000000127,1.8555799497047536,2,7.209999999999809,14.3900000000001,18.6,0.7000906037347373,1.3972682091183366,0.25440185600346515,0.5398756944196066,0.17186690271990362,0.7000906037347373,0.5398756944196066,-0.15535991206320454,0.7000906037347373,0.6330916416575028,-0.41170376696745786,0.7000906037347373,1.3972682091183366,-1.3419212404458307,1-2
FULL_2022_202608,2023-04-12 04:20:00,UP,2007.47,2002.83,4.6400000000001,10.175900380220398,0.4559793066586215,OPPOSITE_NEAREST,13.440000000000056,11.8900000000001,MULTI_CHILD_ERA4,SL,2023-04-12 16:45:00,2002.83,-1.0,2023,-4.6400000000001,0.12,0.12,0.12,-4.6400000000001,-4.7600000000001,-4.8800000000001,-5.0000000000001,114,1.0,PRIMARY_CONTINUES,2023-04-12 07:52:00,True,2023-04-12 04:20:00,2007.47,UP,0.0,0.0,1,20.769999999999982,6.089999999999918,12.416666666666666,2.041097025711068,0.5984728399894198,0.8579093420538121,0.09630597425117408,0.6898652441257426,1.3463182114704744,0.09630597425117408,1.0986742776817473,2.041097025711068,0.11989111080248248,1.2038246781396538,2.041097025711068,0.5984728399894198,-0.5571988510246468,<=0.5
FULL_2022_202608,2023-04-12 07:52:00,UP,2020.91,2002.83,18.080000000000155,10.175900380220398,1.776746953531847,SAME_NEAREST,11.230000000000018,25.330000000000155,MULTI_CHILD_ERA4,SL,2023-04-12 16:45:00,2002.83,-1.0,2023,-18.080000000000155,0.12,0.12,0.12,-18.080000000000155,-18.200000000000156,-18.320000000000153,-18.440000000000154,114,2.0,PRIMARY_CONTINUES,2023-04-13 11:20:00,True,2023-04-12 04:20:00,2007.47,UP,13.440000000000055,1.3207676468732255,2,7.329999999999927,19.529999999999973,8.883333333333333,0.7203293788378428,1.9192404868626451,0.025550564597248897,0.33117462574128775,-0.22209336919147807,0.025550564597248897,1.1065359898655094,-1.0809854252682605,0.7203293788378428,1.9192404868626451,-1.8779664978978723,0.7203293788378428,1.9192404868626451,-1.8779664978978723,1-2
FULL_2022_202608,2023-04-13 15:30:00,UP,2032.14,2015.23,16.910000000000082,10.325870796619991,1.63763428122065,SAME_NEAREST,27.049999999999955,30.91000000000008,MULTI_CHILD_ERA4,SL,2023-04-14 17:06:00,2015.23,-1.0,2023,-16.910000000000082,0.12,0.12,0.12,-16.910000000000082,-17.030000000000083,-17.15000000000008,-17.27000000000008,114,4.0,CHALLENGE_OPENS,2023-04-14 17:53:00,False,2023-04-12 04:20:00,2007.47,UP,24.670000000000073,2.3891447497169347,4+,16.59999999999968,18.12000000000012,25.6,1.6076126001337752,1.7548156815918527,1.3277330570984442,0.5481377901661129,0.7679739710277602,1.6076126001337752,0.5481377901661129,0.6827511343941722,1.6076126001337752,0.5481377901661129,0.7631317644008555,1.6076126001337752,0.5481377901661129,0.10459166314122853,2-3
FULL_2022_202608,2023-04-13 11:20:00,UP,2028.24,2001.23,27.00999999999999,10.305456666992171,2.6209415917017616,SAME_NEAREST,3.900000000000091,27.00999999999999,MULTI_CHILD_ERA4,AMBIGUOUS,2023-04-14 17:53:00,,,2023,,0.12,0.12,0.12,,,,,114,3.0,PRIMARY_CONTINUES,2023-04-13 15:30:00,True,2023-04-12 04:20:00,2007.47,UP,20.769999999999982,2.0154371291982804,3,20.499999999999773,27.50999999999999,30.55,1.9892374168783982,2.6694595774792838,0.09412489240839618,0.18727942510124282,-0.1300282018837522,0.15040575591031516,0.30760402982949936,0.1407021587548195,1.9892374168783982,0.30760402982949936,1.1440541046339756,1.9892374168783982,0.30760402982949936,0.5414607212771434,2-3
FULL_2022_202608,2023-04-19 09:17:00,DOWN,1991.24,2008.14,16.90000000000009,10.464497106128622,1.6149844401125075,SAME_NEAREST,10.099999999999907,20.569999999999936,MULTI_CHILD_ERA4,SL,2023-04-20 15:31:00,2008.14,-1.0,2023,-16.90000000000009,0.12,0.12,0.12,-16.90000000000009,-17.020000000000092,-17.14000000000009,-17.26000000000009,115,5.0,PRIMARY_CONTINUES,2023-04-19 11:41:00,True,2023-04-14 18:03:00,1995.58,DOWN,4.339999999999918,0.4147356491176399,4+,22.039999999999964,17.220000000000027,30.233333333333334,2.106169056809433,1.6455640271442178,0.4147356491176399,0.4061351402649776,-0.2733050590959518,1.7736160478395204,0.4061351402649776,1.7592818664184167,2.106169056809433,0.5064744102127913,-0.38702289837015075,2.106169056809433,0.7119310105821416,-0.5609442996130292,<=0.5
FULL_2022_202608,2023-04-19 11:41:00,DOWN,1981.14,2008.14,27.0,10.464497106128622,2.580152655801034,SAME_NEAREST,4.259999999999991,30.669999999999845,MULTI_CHILD_ERA4,SL,2023-04-20 15:31:00,2008.14,-1.0,2023,-27.0,0.12,0.12,0.12,-27.0,-27.12,-27.24,-27.36,115,6.0,PRIMARY_CONTINUES,2023-04-19 11:46:00,True,2023-04-14 18:03:00,1995.58,DOWN,14.439999999999827,1.3799038648061661,4+,11.940000000000055,27.319999999999936,27.833333333333332,1.141000841120907,2.610732242832744,0.8084478321509941,0.03822448378963191,0.6001243954974448,1.141000841120907,0.03822448378963191,0.21119027293779183,1.141000841120907,1.4964885403645858,-1.3311676479743697,1.141000841120907,1.9150466378612085,-1.5824936288912956,1-2
FULL_2022_202608,2023-04-19 11:46:00,DOWN,1976.88,2008.14,31.25999999999999,10.464497106128622,2.987243408160752,SAME_NEAREST,27.16000000000008,34.92999999999984,MULTI_CHILD_ERA4,SL,2023-04-20 15:31:00,2008.14,-1.0,2023,-31.25999999999999,0.12,0.12,0.12,-31.25999999999999,-31.379999999999992,-31.49999999999999,-31.61999999999999,115,7.0,CHALLENGE_OPENS,2023-04-20 17:08:00,False,2023-04-14 18:03:00,1995.58,DOWN,18.699999999999818,1.786994617165884,4+,7.680000000000064,31.579999999999927,27.75,0.7339100887611891,3.017822995192462,0.4013570797912763,0.4176024854018606,0.19590047942194774,0.7339100887611891,0.4176024854018606,-0.14238620211640657,0.7339100887611891,1.9035792927243038,-1.7353915640498667,0.7339100887611891,2.3221373902209264,-2.005829786861598,1-2
FULL_2022_202608,2023-04-17 16:46:00,DOWN,1995.35,2015.0,19.65000000000009,10.567897819840336,1.8594048064231727,SAME_NEAREST,2.990000000000009,52.01999999999998,MULTI_CHILD_ERA4,CHALLENGE_OPENS,2023-04-20 17:08:00,2011.81,-0.8376590330788783,2023,-16.460000000000036,0.12,0.12,0.12,-16.460000000000036,-16.580000000000037,-16.700000000000035,-16.820000000000036,115,2.0,PRIMARY_CONTINUES,2023-04-17 16:47:00,True,2023-04-14 18:03:00,1995.58,DOWN,0.2300000000000182,0.02176402572403876,2,26.149999999999864,16.940000000000055,72.36666666666666,2.474475098624198,1.602967807674733,1.3086803294062201,0.2573832607364406,1.2727223738621487,1.3446382849502703,0.2573832607364406,0.08705610289613351,1.3446382849502703,0.34443936363259564,-0.31510524200455087,1.3446382849502703,0.99262882541369,-0.1391005122362393,<=0.5
FULL_2022_202608,2023-04-17 16:47:00,DOWN,1992.36,2015.0,22.6400000000001,10.567897819840336,2.142337140835655,SAME_NEAREST,10.72999999999979,55.00999999999999,MULTI_CHILD_ERA4,CHALLENGE_OPENS,2023-04-20 17:08:00,2011.81,-0.8590989399293268,2023,-19.450000000000045,0.12,0.12,0.12,-19.450000000000045,-19.570000000000046,-19.690000000000044,-19.810000000000045,115,3.0,PRIMARY_CONTINUES,2023-04-17 17:46:00,True,2023-04-14 18:03:00,1995.58,DOWN,3.2200000000000273,0.30469636013652107,3,23.159999999999854,19.930000000000064,72.35,2.191542764211716,1.8859001420872152,1.0617059505377877,0.5403155951489229,0.7106427529892084,1.0617059505377877,0.5403155951489229,-0.17978977772031457,1.0617059505377877,0.6321030079850817,-0.6292642220210795,1.0617059505377877,1.2755611598261725,-0.6888787272651913,<=0.5
FULL_2022_202608,2023-04-17 17:46:00,DOWN,1981.63,2015.0,33.36999999999989,10.567897819840336,3.1576762539613634,SAME_NEAREST,4.75,65.73999999999978,MULTI_CHILD_ERA4,CHALLENGE_OPENS,2023-04-20 17:08:00,2011.81,-0.9044051543302348,2023,-30.179999999999836,0.12,0.12,0.12,-30.179999999999836,-30.299999999999837,-30.419999999999835,-30.539999999999836,115,4.0,PRIMARY_CONTINUES,2023-04-19 09:17:00,True,2023-04-14 18:03:00,1995.58,DOWN,13.949999999999818,1.3200354732622293,4+,12.430000000000064,30.659999999999854,71.36666666666666,1.1762036510860077,2.9012392552129236,0.04636683741207977,0.9897900394496663,-0.7967525938973412,0.04636683741207977,1.4629210334504714,-1.4127691480863886,0.04636683741207977,1.6834000766548614,-1.585935091890698,0.04636683741207977,2.7460522891806716,-2.562477463508354,1-2
FULL_2022_202608,2023-04-21 09:28:00,DOWN,1990.44,2005.54,15.099999999999907,10.472784205184109,1.4418324396033384,SAME_NEAREST,21.24000000000001,21.84999999999991,MULTI_CHILD_ERA4,CHALLENGE_OPENS,2023-04-25 21:08:00,2000.89,-0.6920529801324575,2023,-10.450000000000045,0.12,0.12,0.12,-10.450000000000045,-10.570000000000045,-10.690000000000046,-10.810000000000045,116,1.0,CHALLENGE_OPENS,2023-04-25 21:08:00,False,2023-04-21 09:28:00,1990.44,DOWN,0.0,0.0,1,18.840000000000146,10.589999999999918,107.66666666666667,1.7989485537832623,1.0111924195628692,0.8116275322270495,0.15373180316299628,0.41154290163512225,0.8116275322270495,0.15373180316299628,0.15659637092381676,1.7989485537832623,0.7123225165192728,0.9930501570778104,1.7989485537832623,0.7123225165192728,0.7314196349246195,<=0.5
FULL_2022_202608,2023-04-26 16:22:00,UP,2003.81,1976.07,27.74000000000001,10.466580895289038,2.6503401901270034,SAME_NEAREST,8.480000000000018,27.74000000000001,MULTI_CHILD_ERA4,CHALLENGE_OPENS,2023-04-27 15:44:00,1983.3,-0.7393655371304969,2023,-20.50999999999999,0.12,0.12,0.12,-20.50999999999999,-20.629999999999992,-20.74999999999999,-20.86999999999999,117,1.0,CHALLENGE_OPENS,2023-04-27 15:44:00,False,2023-04-26 16:22:00,2003.81,UP,0.0,0.0,1,5.490000000000009,21.970000000000027,23.366666666666667,0.5245265913409253,2.0990617872058515,0.5245265913409253,0.592361542133653,-0.281849443434563,0.5245265913409253,1.7598870332422125,-1.6614785835006574,0.5245265913409253,1.959570198251795,-1.2401375511120598,0.5245265913409253,2.0990617872058515,-1.896512356669818,<=0.5
FULL_2022_202608,2023-04-27 16:38:00,DOWN,1976.07,2003.28,27.21000000000004,10.52876353150627,2.5843490471200004,SAME_NEAREST,1.9700000000000275,33.23000000000002,MULTI_CHILD_ERA4,CHALLENGE_OPENS,2023-04-28 17:38:00,1991.5,-0.5670709298052202,2023,-15.430000000000064,0.12,0.12,0.12,-15.430000000000064,-15.550000000000063,-15.670000000000064,-15.790000000000063,118,1.0,CHALLENGE_OPENS,2023-04-28 17:38:00,False,2023-04-27 16:38:00,1976.07,DOWN,0.0,0.0,1,1.9299999999998363,16.930000000000064,25.0,0.18330737452926021,1.6079760884873837,0.18330737452926021,0.9868205292016548,-0.4539944301813125,0.18330737452926021,1.4294176096712912,-1.2518089099978582,0.18330737452926021,1.4655092170915736,-1.417070480816999,0.18330737452926021,1.4655092170915736,-1.0191130200513638,<=0.5
FULL_2022_202608,2023-05-03 07:07:00,UP,2019.36,2014.19,5.169999999999845,10.52280187147458,0.4913140115290761,SAME_NEAREST,28.00999999999999,40.919999999999845,MULTI_CHILD_ERA4,SL,2023-05-03 10:30:00,2014.19,-1.0,2023,-5.169999999999845,0.13,0.12,0.13,-5.169999999999845,-5.299999999999845,-5.429999999999845,-5.559999999999845,119,7.0,PRIMARY_CONTINUES,2023-05-03 16:35:00,True,2023-05-01 15:22:00,1994.99,UP,24.36999999999989,2.3159231065694175,4+,0.13000000000010914,5.509999999999991,3.3833333333333333,0.012354124081012654,0.5236247975870959,0.012354124081012654,0.41528863256906634,-0.37442499137805274,0.012354124081012654,0.5236247975870959,-0.5084197217950853,0.012354124081012654,0.5236247975870959,-0.5084197217950853,0.012354124081012654,0.5236247975870959,-0.5084197217950853,2-3
FULL_2022_202608,2023-05-01 15:22:00,UP,1994.99,1977.07,17.920000000000073,10.397451682614747,1.7234992329864385,SAME_NEAREST,8.289999999999964,18.71000000000004,MULTI_CHILD_ERA4,CHALLENGE_OPENS,2023-05-05 15:30:00,2030.29,1.969866071428561,2023,35.299999999999955,0.12,0.25,0.12,35.299999999999955,35.17999999999996,35.05999999999995,34.939999999999955,119,1.0,PRIMARY_CONTINUES,2023-05-01 15:36:00,True,2023-05-01 15:22:00,1994.99,UP,0.0,0.0,1,84.20000000000005,16.549999999999955,96.13333333333334,8.098138137134912,1.5917361777860137,1.0598750863566098,0.2558319173964313,0.851170101112152,1.0598750863566098,1.4455465107023449,-1.2474210408389546,1.0598750863566098,1.5003676358587152,-1.211835398193576,1.0598750863566098,1.5917361777860137,-0.6895920480196898,<=0.5
FULL_2022_202608,2023-05-01 15:36:00,UP,2003.28,1977.07,26.21000000000004,10.397451682614747,2.5208099830677693,SAME_NEAREST,6.019999999999982,27.0,MULTI_CHILD_ERA4,CHALLENGE_OPENS,2023-05-05 15:30:00,2030.29,1.0305227012590596,2023,27.00999999999999,0.12,0.25,0.12,27.00999999999999,26.88999999999999,26.769999999999992,26.64999999999999,119,2.0,PRIMARY_CONTINUES,2023-05-02 17:32:00,True,2023-05-01 15:22:00,1994.99,UP,8.289999999999964,0.7973107500813312,2,75.91000000000008,24.839999999999918,95.9,7.300827387053581,2.3890469278673447,0.2625643362752784,0.41067755161004643,-0.20485788874223748,0.2625643362752784,2.2428572607836763,-1.9062363168410137,0.2625643362752784,2.2976783859400465,-2.012031470651578,0.2625643362752784,2.3890469278673447,-1.577309565902748,0.5-1
FULL_2022_202608,2023-05-02 17:32:00,UP,2006.01,1978.44,27.569999999999936,10.44857372414076,2.6386376483424923,SAME_NEAREST,3.289999999999964,28.94000000000005,MULTI_CHILD_ERA4,CHALLENGE_OPENS,2023-05-05 15:30:00,2030.29,0.8806673920928556,2023,24.279999999999973,0.12,0.25,0.12,24.279999999999973,24.15999999999997,24.039999999999974,23.919999999999973,119,3.0,PRIMARY_CONTINUES,2023-05-02 17:34:00,True,2023-05-01 15:22:00,1994.99,UP,11.019999999999982,1.0546894045968187,3,73.18000000000006,1.150000000000091,69.96666666666667,7.003826735789055,0.11006286890076583,0.6642054871054438,0.11006286890076583,0.4871478284389954,1.277686347673998,0.11006286890076583,0.8489196931736771,1.277686347673998,0.11006286890076583,1.1235983312129474,1.351380616416264,0.11006286890076583,0.8852882933321768,1-2
FULL_2022_202608,2023-05-02 17:34:00,UP,2009.3,1978.44,30.8599999999999,10.44857372414076,2.953513160241177,SAME_NEAREST,2.990000000000009,32.23000000000002,MULTI_CHILD_ERA4,CHALLENGE_OPENS,2023-05-05 15:30:00,2030.29,0.6801685029163991,2023,20.99000000000001,0.12,0.25,0.12,20.99000000000001,20.870000000000008,20.75000000000001,20.63000000000001,119,4.0,PRIMARY_CONTINUES,2023-05-02 17:48:00,True,2023-05-01 15:22:00,1994.99,UP,14.309999999999945,1.369564916495503,4+,69.8900000000001,3.4099999999998545,69.93333333333334,6.688951223890371,0.3263603330013615,0.34932997520675957,0.3263603330013615,0.2603226116609238,0.9628108357753136,0.3263603330013615,0.5455290023776701,0.9628108357753136,0.3263603330013615,0.836477803645755,1.0365051045175797,0.3263603330013615,0.6910034030117125,1-2
FULL_2022_202608,2023-05-02 17:48:00,UP,2012.29,1978.44,33.84999999999991,10.44857372414076,3.239676619383146,SAME_NEAREST,2.7100000000000364,35.22000000000003,MULTI_CHILD_ERA4,CHALLENGE_OPENS,2023-05-05 15:30:00,2030.29,0.5317577548005923,2023,18.0,0.12,0.25,0.12,18.0,17.88,17.76,17.64,119,5.0,PRIMARY_CONTINUES,2023-05-02 18:59:00,True,2023-05-01 15:22:00,1994.99,UP,17.299999999999955,1.6557283756374723,4+,66.90000000000009,6.399999999999864,69.7,6.4027877647484015,0.612523792143331,0.0660377213404595,0.612523792143331,-0.13877492165748073,0.6766473766333442,0.612523792143331,0.19715609559613362,0.6766473766333442,0.612523792143331,0.494804375840802,0.7503416453756103,0.612523792143331,0.7187583873432043,1-2
FULL_2022_202608,2023-05-02 18:59:00,UP,2015.0,1978.44,36.559999999999945,10.44857372414076,3.4990421626188466,SAME_NEAREST,32.36999999999989,37.930000000000064,MULTI_CHILD_ERA4,CHALLENGE_OPENS,2023-05-05 15:30:00,2030.29,0.4182166301969361,2023,15.289999999999964,0.12,0.25,0.12,15.289999999999964,15.169999999999964,15.049999999999963,14.929999999999964,119,6.0,PRIMARY_CONTINUES,2023-05-03 07:07:00,True,2023-05-01 15:22:00,1994.99,UP,20.00999999999999,1.915093918873173,4+,64.19000000000005,8.039999999999964,68.51666666666667,6.143422221512701,0.7694830138800723,0.4172818333976435,0.1368607848070345,0.01052775267745415,0.4172818333976435,0.36464307001032925,0.30721896449689945,0.4172818333976435,0.36464307001032925,0.3311456751274988,1.128383673339063,0.7694830138800723,0.8173364351412711,1-2
FULL_2022_202608,2023-05-03 16:35:00,UP,2019.49,1984.42,35.069999999999936,10.461087596491966,3.3524238924985537,SAME_NEAREST,27.87999999999988,41.04999999999996,MULTI_CHILD_ERA4,CHALLENGE_OPENS,2023-05-05 15:30:00,2030.29,0.3079555175363551,2023,10.799999999999955,0.12,0.25,0.12,10.799999999999955,10.679999999999955,10.559999999999954,10.439999999999955,119,8.0,PRIMARY_CONTINUES,2023-05-04 01:00:00,True,2023-05-01 15:22:00,1994.99,UP,24.5,2.3420126993502914,4+,59.700000000000045,7.6400000000001,46.916666666666664,5.706863598008673,0.7303255927769984,0.0611791072483437,0.7303255927769984,-0.26670267066070313,0.8631989663319619,0.7303255927769984,0.7245900514724505,5.706863598008673,0.7303255927769984,2.6718063243608468,5.706863598008673,0.7303255927769984,1.3411607417095723,2-3
FULL_2022_202608,2023-05-10 15:30:00,UP,2038.19,2022.92,15.269999999999982,10.60408881717967,1.4400105717014624,SAME_NEAREST,14.739999999999782,20.330000000000155,MULTI_CHILD_ERA4,SL,2023-05-10 18:12:00,2022.92,-1.0,2023,-15.269999999999982,0.12,0.12,0.12,-15.269999999999982,-15.389999999999981,-15.509999999999982,-15.629999999999981,121,1.0,CHALLENGE_OPENS,2023-05-11 16:46:00,False,2023-05-10 15:30:00,2038.19,UP,0.0,0.0,1,10.019999999999982,16.680000000000064,2.7,0.9449185283856348,1.5729781490491495,0.9449185283856348,0.9053111649203832,-0.2517896677434849,0.9449185283856348,1.5729781490491495,-1.5578896296338023,0.9449185283856348,1.5729781490491495,-1.5578896296338023,0.9449185283856348,1.5729781490491495,-1.5578896296338023,<=0.5
FULL_2022_202608,2023-05-23 10:16:00,DOWN,1957.11,1978.93,21.820000000000164,10.34297064691553,2.1096453567242115,SAME_NEAREST,5.209999999999809,25.50999999999999,MULTI_CHILD_ERA4,SL,2023-05-24 08:36:00,1978.93,-1.0,2023,-21.820000000000164,0.12,0.13,0.13,-21.820000000000164,-21.950000000000163,-22.080000000000165,-22.210000000000164,122,14.0,CHALLENGE_OPENS,2023-05-24 15:21:00,False,2023-05-11 16:47:00,2017.86,DOWN,60.75,5.873554327268327,4+,2.8899999999998727,22.110000000000127,22.333333333333332,0.2794168231408184,2.1376837230601393,0.2794168231408184,0.1662965175786285,0.06381145441969122,0.2794168231408184,0.4070397319802448,-0.018369964151132553,0.2794168231408184,1.9926576902880817,-1.7615828780712606,0.2794168231408184,2.1376837230601393,-2.1347832024047007,4-6
FULL_2022_202608,2023-05-11 16:47:00,DOWN,2017.86,2048.21,30.350000000000136,10.734522484901303,2.8273265105820102,SAME_NEAREST,18.37999999999988,30.350000000000136,MULTI_CHILD_ERA4,CHALLENGE_OPENS,2023-05-24 15:21:00,1984.18,1.109719934102131,2023,33.679999999999836,0.12,0.12,0.12,33.679999999999836,33.55999999999984,33.439999999999834,33.31999999999984,122,1.0,PRIMARY_CONTINUES,2023-05-12 04:30:00,True,2023-05-11 16:47:00,2017.86,DOWN,0.0,0.0,1,65.95999999999981,4.690000000000055,310.56666666666666,6.144660844744252,0.4369081164622644,0.6250860258980121,0.40150831171693246,-0.20774095942661966,0.6250860258980121,0.40150831171693246,0.2524565022628229,0.6679384211160623,0.40150831171693246,0.5449706783164557,1.582743901640467,0.40150831171693246,-0.28971945462637144,<=0.5
FULL_2022_202608,2023-05-12 04:30:00,DOWN,2011.15,2041.09,29.939999999999827,10.743651230115116,2.7867620940706046,SAME_NEAREST,11.670000000000073,29.939999999999827,MULTI_CHILD_ERA4,CHALLENGE_OPENS,2023-05-24 15:21:00,1984.18,0.9008016032064188,2023,26.970000000000027,0.12,0.12,0.12,26.970000000000027,26.850000000000026,26.73000000000003,26.610000000000028,122,2.0,PRIMARY_CONTINUES,2023-05-16 09:04:00,True,2023-05-11 16:47:00,2017.86,DOWN,6.709999999999809,0.624554898170118,2,59.25,11.399999999999864,298.85,5.5148849056006775,1.061091779305434,0.04281598407724071,0.24293417052518507,-0.034438943714289426,0.2727192029267567,0.24293417052518507,-0.06143162932819653,0.956844165900018,0.8488734234443472,-0.5863928254056374,0.956844165900018,1.061091779305434,0.027923467876476055,0.5-1
FULL_2022_202608,2023-05-16 09:04:00,DOWN,2011.49,2018.31,6.819999999999936,10.52456459394922,0.6480078048949302,SAME_NEAREST,4.279999999999973,10.6400000000001,MULTI_CHILD_ERA4,CHALLENGE_OPENS,2023-05-24 15:21:00,1984.18,4.004398826979502,2023,27.309999999999945,0.12,0.12,0.12,27.309999999999945,27.189999999999944,27.069999999999947,26.949999999999946,122,3.0,PRIMARY_CONTINUES,2023-05-16 09:21:00,True,2023-05-11 16:47:00,2017.86,DOWN,6.369999999999891,0.6052506916687204,3,59.58999999999992,3.4200000000000728,198.28333333333333,5.66199194922129,0.3249540605191685,0.8446905257354909,0.038006322867746835,0.4475244517676207,0.8446905257354909,0.038006322867746835,0.19668272084053912,2.474211618689753,0.3249540605191685,2.252824787985185,2.474211618689753,0.3249540605191685,2.226220361977771,0.5-1
FULL_2022_202608,2023-05-16 09:21:00,DOWN,2007.21,2018.31,11.099999999999907,10.52456459394922,1.0546754595797263,SAME_NEAREST,6.3400000000001455,14.920000000000073,MULTI_CHILD_ERA4,CHALLENGE_OPENS,2023-05-24 15:21:00,1984.18,2.0747747747747893,2023,23.029999999999973,0.12,0.12,0.12,23.029999999999973,22.90999999999997,22.789999999999974,22.669999999999973,122,4.0,PRIMARY_CONTINUES,2023-05-16 18:06:00,True,2023-05-11 16:47:00,2017.86,DOWN,10.649999999999864,1.0119183463535164,4+,55.309999999999945,7.7000000000000455,198.0,5.255324294536494,0.7316217152039646,0.4380228710506948,0.08741454259580476,0.007601264573540725,0.4380228710506948,0.29549916029665496,-0.18433066590853542,2.067543964004957,0.7316217152039646,1.6741785223238788,2.067543964004957,0.7316217152039646,1.9259704113226312,1-2
FULL_2022_202608,2023-05-16 18:06:00,DOWN,2000.87,2014.91,14.040000000000193,10.5679840788496,1.3285409871215992,SAME_NEAREST,1.389999999999873,21.26000000000022,MULTI_CHILD_ERA4,CHALLENGE_OPENS,2023-05-24 15:21:00,1984.18,1.1887464387464102,2023,16.689999999999827,0.12,0.12,0.12,16.689999999999827,16.569999999999826,16.44999999999983,16.329999999999828,122,5.0,PRIMARY_CONTINUES,2023-05-16 18:07:00,True,2023-05-11 16:47:00,2017.86,DOWN,16.99000000000001,1.6076859950994071,4+,48.9699999999998,2.0700000000001637,189.25,4.633807132431877,0.19587463271665886,0.593301423735918,0.19587463271665886,0.49867599730275697,1.4591240755993287,0.19587463271665886,0.9585555697679102,1.4591240755993287,0.19587463271665886,0.7910685649812169,2.447013527561535,0.19587463271665886,1.899132308513536,1-2
FULL_2022_202608,2023-05-16 18:07:00,DOWN,1999.48,2014.91,15.430000000000064,10.5679840788496,1.460070329863681,SAME_NEAREST,21.039999999999964,22.65000000000009,MULTI_CHILD_ERA4,CHALLENGE_OPENS,2023-05-24 15:21:00,1984.18,0.9915748541801614,2023,15.299999999999955,0.12,0.12,0.12,15.299999999999955,15.179999999999955,15.059999999999954,14.939999999999955,122,6.0,PRIMARY_CONTINUES,2023-05-17 12:01:00,True,2023-05-11 16:47:00,2017.86,DOWN,18.37999999999988,1.7392153378414887,4+,47.57999999999993,3.4600000000000364,189.23333333333332,4.502277789689796,0.32740397545874067,0.4617720809938362,0.32740397545874067,0.40215806234093443,1.3275947328572468,0.32740397545874067,0.7957998363028921,1.3275947328572468,0.32740397545874067,0.655754205181812,2.315484184819453,0.32740397545874067,1.7780117626790926,1-2
FULL_2022_202608,2023-05-17 12:01:00,DOWN,1985.45,1993.0,7.549999999999954,10.522183483590412,0.7175316807366412,SAME_NEAREST,7.009999999999991,36.680000000000064,MULTI_CHILD_ERA4,CHALLENGE_OPENS,2023-05-24 15:21:00,1984.18,0.1682119205297999,2023,1.2699999999999818,0.12,0.12,0.12,1.2699999999999818,1.1499999999999817,1.0299999999999818,0.9099999999999818,122,7.0,PRIMARY_CONTINUES,2023-05-17 16:56:00,True,2023-05-11 16:47:00,2017.86,DOWN,32.409999999999854,3.0801591751886854,4+,33.549999999999955,3.480000000000018,171.33333333333334,3.188501707114493,0.3307298342998065,0.16821603641110588,0.06367499683356842,0.1359033514507879,0.3478365498670439,0.3307298342998065,-0.04561790817928515,0.9921895028994197,0.3307298342998065,0.37254625013082154,1.2582939672785687,0.3307298342998065,0.8724424939288015,3-4
FULL_2022_202608,2023-05-17 16:56:00,DOWN,1977.07,1993.0,15.930000000000064,10.503393575348245,1.5166526785579295,SAME_NEAREST,0.7899999999999636,45.06000000000017,MULTI_CHILD_ERA4,CHALLENGE_OPENS,2023-05-24 15:21:00,1984.18,-0.4463276836158254,2023,-7.110000000000127,0.12,0.12,0.12,-7.110000000000127,-7.230000000000127,-7.3500000000001275,-7.470000000000128,122,8.0,PRIMARY_CONTINUES,2023-05-17 17:01:00,True,2023-05-11 16:47:00,2017.86,DOWN,40.789999999999964,3.883506764493261,4+,25.169999999999845,8.940000000000055,166.41666666666666,2.396368356516177,0.851153480621966,0.19612708837597237,0.7864124999929964,-0.5483941888571015,0.19612708837597237,0.7864124999929964,-0.39987076270830807,0.19612708837597237,0.7864124999929964,-0.740712984254903,1.947941858336169,0.851153480621966,1.7946580659646403,3-4
FULL_2022_202608,2023-05-17 17:01:00,DOWN,1976.28,1993.0,16.720000000000027,10.503393575348245,1.5918664648768692,SAME_NEAREST,2.1399999999998727,45.850000000000136,MULTI_CHILD_ERA4,CHALLENGE_OPENS,2023-05-24 15:21:00,1984.18,-0.4724880382775166,2023,-7.900000000000091,0.12,0.12,0.12,-7.900000000000091,-8.02000000000009,-8.140000000000091,-8.26000000000009,122,9.0,PRIMARY_CONTINUES,2023-05-18 10:55:00,True,2023-05-11 16:47:00,2017.86,DOWN,41.57999999999993,3.9587205508122003,4+,24.37999999999988,9.730000000000018,166.33333333333334,2.321154570197238,0.9263672669409054,0.12091330205703298,0.8616262863119359,-0.4474744249354871,0.12091330205703298,0.8616262863119359,-0.5036467463635506,0.12091330205703298,0.9263672669409054,-0.8939967766264315,1.8727280720172295,0.9263672669409054,1.4138287681472081,3-4
FULL_2022_202608,2023-05-18 10:55:00,DOWN,1975.01,1986.01,11.0,10.423463115857826,1.0553114524159497,SAME_NEAREST,0.8699999999998909,47.12000000000012,MULTI_CHILD_ERA4,CHALLENGE_OPENS,2023-05-24 15:21:00,1984.18,-0.8336363636363703,2023,-9.170000000000073,0.12,0.12,0.12,-9.170000000000073,-9.290000000000072,-9.410000000000073,-9.530000000000072,122,10.0,PRIMARY_CONTINUES,2023-05-18 10:56:00,True,2023-05-11 16:47:00,2017.86,DOWN,42.84999999999991,4.11091779418394,4+,23.1099999999999,10.259999999999991,148.43333333333334,2.217113424121135,0.9843177728897846,0.2686247333422373,0.20818416834024428,0.03357809166777148,0.2686247333422373,0.37319650453619535,-0.019187480953021623,2.217113424121135,0.37319650453619535,1.707685804818532,2.217113424121135,0.37319650453619535,0.7838085969307621,4-6
FULL_2022_202608,2023-05-18 10:56:00,DOWN,1974.1,1986.01,11.910000000000082,10.423463115857826,1.1426144907521858,SAME_NEAREST,2.5,48.0300000000002,MULTI_CHILD_ERA4,CHALLENGE_OPENS,2023-05-24 15:21:00,1984.18,-0.8463476070529039,2023,-10.080000000000155,0.12,0.12,0.12,-10.080000000000155,-10.200000000000154,-10.320000000000155,-10.440000000000154,122,11.0,PRIMARY_CONTINUES,2023-05-18 15:30:00,True,2023-05-11 16:47:00,2017.86,DOWN,43.75999999999999,4.1982208325201755,4+,22.199999999999818,11.170000000000073,148.41666666666666,2.1298103857848987,1.071620811226021,0.1813216950060009,0.2043466721496443,-0.06427806119261481,0.1813216950060009,0.4604995428724317,-0.030699969524843326,2.1298103857848987,0.4604995428724317,1.6021546595769238,2.1298103857848987,0.4604995428724317,0.6974649326421757,4-6
FULL_2022_202608,2023-05-18 15:30:00,DOWN,1971.6,1986.01,14.410000000000082,10.41699943188084,1.3833158093393778,SAME_NEAREST,2.399999999999864,50.5300000000002,MULTI_CHILD_ERA4,CHALLENGE_OPENS,2023-05-24 15:21:00,1984.18,-0.873004857737688,2023,-12.580000000000155,0.12,0.12,0.12,-12.580000000000155,-12.700000000000154,-12.820000000000155,-12.940000000000154,122,12.0,PRIMARY_CONTINUES,2023-05-18 15:33:00,True,2023-05-11 16:47:00,2017.86,DOWN,46.25999999999999,4.440818136019378,4+,19.699999999999818,13.670000000000073,143.85,1.891139586674902,1.3122780786724002,1.1673227093384133,0.36190843866824424,1.0550062973379382,1.891139586674902,0.36190843866824424,1.541710749340056,1.891139586674902,0.36190843866824424,1.1932418813385248,1.891139586674902,0.36190843866824424,0.891811510670555,4-6
FULL_2022_202608,2023-05-18 15:33:00,DOWN,1969.2,1986.01,16.809999999999945,10.41699943188084,1.6137084493403702,SAME_NEAREST,19.480000000000015,52.930000000000064,MULTI_CHILD_ERA4,CHALLENGE_OPENS,2023-05-24 15:21:00,1984.18,-0.891136228435459,2023,-14.980000000000018,0.12,0.12,0.12,-14.980000000000018,-15.100000000000017,-15.220000000000018,-15.340000000000018,122,13.0,PRIMARY_CONTINUES,2023-05-23 10:16:00,True,2023-05-11 16:47:00,2017.86,DOWN,48.659999999999854,4.671210776020371,4+,17.299999999999955,16.069999999999936,143.8,1.6607469466739095,1.5426707186733926,1.0425266960045616,0.265911505334492,0.9926082906710122,1.6607469466739095,0.265911505334492,1.374676085339326,1.6607469466739095,0.265911505334492,1.007007830671062,1.6607469466739095,0.265911505334492,0.7574158040033149,4-6
FULL_2022_202608,2023-05-25 04:17:00,DOWN,1956.73,1961.83,5.099999999999909,10.310574655499565,0.4946378034593461,SAME_NEAREST,2.509999999999991,28.539999999999964,MULTI_CHILD_ERA4,SL,2023-05-25 11:07:00,1961.83,-1.0,2023,-5.099999999999909,0.12,0.12,0.12,-5.099999999999909,-5.219999999999909,-5.339999999999909,-5.459999999999909,123,1.0,PRIMARY_CONTINUES,2023-05-25 15:32:00,True,2023-05-25 04:17:00,1956.73,DOWN,0.0,0.0,1,1.7999999999999545,5.099999999999909,6.833333333333333,0.17457804827976792,0.4946378034593461,0.1668190239117851,0.1833069506937486,-0.07856012172589226,0.1668190239117851,0.2085237798897369,-0.08146975586388581,0.17457804827976792,0.4946378034593461,-0.48784865713736114,0.17457804827976792,0.4946378034593461,-0.48784865713736114,<=0.5
FULL_2022_202608,2023-05-30 08:13:00,DOWN,1936.75,1946.66,9.910000000000082,10.08561590463241,0.9825874883306168,SAME_NEAREST,2.5799999999999272,12.960000000000036,MULTI_CHILD_ERA4,SL,2023-05-30 11:45:00,1946.66,-1.0,2023,-9.910000000000082,0.12,0.12,0.12,-9.910000000000082,-10.030000000000081,-10.150000000000082,-10.270000000000081,123,8.0,PRIMARY_CONTINUES,2023-05-30 08:24:00,True,2023-05-25 04:17:00,1956.73,DOWN,19.980000000000018,1.9810391540711987,4+,4.779999999999973,10.220000000000027,3.533333333333333,0.4739423001231365,1.0133243320624468,0.4739423001231365,0.10212564207674069,0.39660443524948885,0.4739423001231365,1.0133243320624468,-0.928054378483794,0.4739423001231365,1.0133243320624468,-0.928054378483794,0.4739423001231365,1.0133243320624468,-0.928054378483794,1-2
FULL_2022_202608,2023-05-30 08:24:00,DOWN,1934.17,1946.66,12.490000000000007,10.08561590463241,1.23839734906653,OPPOSITE_NEAREST,26.680000000000064,15.539999999999964,MULTI_CHILD_ERA4,SL,2023-05-30 11:45:00,1946.66,-1.0,2023,-12.490000000000009,0.12,0.12,0.12,-12.490000000000009,-12.610000000000008,-12.73000000000001,-12.850000000000009,123,9.0,CHALLENGE_OPENS,2023-05-30 12:55:00,False,2023-05-25 04:17:00,1956.73,DOWN,22.559999999999945,2.236849014807112,4+,2.2000000000000455,12.799999999999955,3.35,0.21813243938722338,1.26913419279836,0.21813243938722338,0.2686995048815323,0.009915110881250749,0.21813243938722338,1.26913419279836,-1.1838642392197072,0.21813243938722338,1.26913419279836,-1.1838642392197072,0.21813243938722338,1.26913419279836,-1.1838642392197072,2-3
FULL_2022_202608,2023-05-30 06:53:00,DOWN,1940.23,1949.71,9.480000000000018,10.093245043764435,0.9392420335476472,SAME_NEAREST,1.4500000000000457,9.480000000000018,MULTI_CHILD_ERA4,SL,2023-05-30 12:31:00,1949.71,-1.0,2023,-9.480000000000018,0.12,0.12,0.12,-9.480000000000018,-9.600000000000017,-9.720000000000018,-9.840000000000018,123,6.0,PRIMARY_CONTINUES,2023-05-30 07:02:00,True,2023-05-25 04:17:00,1956.73,DOWN,16.5,1.6347567039595092,4+,8.259999999999991,9.480000000000018,5.633333333333334,0.818369113618517,0.9392420335476471,0.226884415276801,0.06638102979715091,0.14167891434316376,0.818369113618517,0.06638102979715091,0.05548265177074157,0.818369113618517,0.9392420335476471,-0.81143378214718,0.818369113618517,0.9392420335476471,-0.81143378214718,1-2
FULL_2022_202608,2023-05-30 07:02:00,DOWN,1938.78,1949.71,10.930000000000064,10.093245043764435,1.0829024711683355,SAME_NEAREST,2.0299999999999727,10.930000000000064,MULTI_CHILD_ERA4,SL,2023-05-30 12:31:00,1949.71,-1.0,2023,-10.930000000000064,0.12,0.12,0.12,-10.930000000000064,-11.050000000000063,-11.170000000000064,-11.290000000000063,123,7.0,PRIMARY_CONTINUES,2023-05-30 08:13:00,True,2023-05-25 04:17:00,1956.73,DOWN,17.950000000000045,1.778417141580198,4+,6.809999999999945,10.930000000000064,5.483333333333333,0.6747086759978284,1.0829024711683357,0.08322397765611236,0.21004146741783955,0.007926093110099503,0.6747086759978284,0.4656579702187738,-0.43395359777835324,0.6747086759978284,1.0829024711683357,-0.9550942197678686,0.6747086759978284,1.0829024711683357,-0.9550942197678686,1-2
FULL_2022_202608,2023-05-25 15:32:00,DOWN,1954.22,1964.75,10.529999999999973,10.27939390545869,1.024379462140098,SAME_NEAREST,2.3199999999999363,31.049999999999955,MULTI_CHILD_ERA4,CHALLENGE_OPENS,2023-05-30 12:55:00,1949.71,0.4283000949667618,2023,4.509999999999991,0.12,0.12,0.12,4.509999999999991,4.389999999999991,4.269999999999991,4.149999999999991,123,2.0,PRIMARY_CONTINUES,2023-05-25 15:34:00,True,2023-05-25 04:17:00,1956.73,DOWN,2.509999999999991,0.24417782051012754,2,22.25,3.0299999999999727,117.38333333333334,2.164524504522055,0.29476446061580974,1.4582571830465447,0.17413478036379323,0.5262956210995278,1.4582571830465447,0.17413478036379323,1.0156240821218143,1.4923058831176692,0.17413478036379323,1.4465833430221666,1.6995165435505777,0.29476446061580974,0.822032901717369,<=0.5
FULL_2022_202608,2023-05-25 15:34:00,DOWN,1951.9,1964.75,12.849999999999907,10.27939390545869,1.2500737026116049,SAME_NEAREST,2.180000000000064,33.36999999999989,MULTI_CHILD_ERA4,CHALLENGE_OPENS,2023-05-30 12:55:00,1949.71,0.1704280155642077,2023,2.1900000000000546,0.12,0.12,0.12,2.1900000000000546,2.0700000000000545,1.9500000000000546,1.8300000000000547,123,3.0,PRIMARY_CONTINUES,2023-05-25 15:35:00,True,2023-05-25 04:17:00,1956.73,DOWN,4.829999999999927,0.4698720609816345,3,19.930000000000064,5.349999999999909,117.35,1.9388302640505477,0.5204587010873166,1.2325629425750377,0.20818348043491783,0.3346500806991455,1.2325629425750377,0.20818348043491783,0.6955663014531636,1.2666116426461624,0.20818348043491783,1.1839219424734186,1.473822303079071,0.5204587010873166,0.5759094412031784,<=0.5
FULL_2022_202608,2023-05-25 15:35:00,DOWN,1949.1,1964.75,15.650000000000093,10.27939390545869,1.52246330318069,SAME_NEAREST,5.129999999999882,36.17000000000007,MULTI_CHILD_ERA4,CHALLENGE_OPENS,2023-05-30 12:55:00,1949.71,-0.0389776357827555,2023,-0.6100000000001273,0.12,0.12,0.12,-0.6100000000001273,-0.7300000000001273,-0.8500000000001273,-0.9700000000001273,123,4.0,PRIMARY_CONTINUES,2023-05-25 15:38:00,True,2023-05-25 04:17:00,1956.73,DOWN,7.630000000000109,0.7422616615507197,4+,17.12999999999988,8.150000000000091,117.33333333333333,1.6664406634814626,0.792848301656402,0.9601733420059525,0.4805730810040031,0.09825482020526992,0.9601733420059525,0.4805730810040031,0.5204587010873166,0.9942220420770771,0.4805730810040031,0.8862390218514922,1.2014327025099856,0.792848301656402,0.38037262079464806,0.5-1
FULL_2022_202608,2023-05-25 15:38:00,DOWN,1943.97,1964.75,20.779999999999973,10.27939390545869,2.0215199642232915,SAME_NEAREST,9.799999999999956,41.29999999999996,MULTI_CHILD_ERA4,CHALLENGE_OPENS,2023-05-30 12:55:00,1949.71,-0.2762271414821952,2023,-5.740000000000009,0.12,0.12,0.12,-5.740000000000009,-5.860000000000009,-5.980000000000009,-6.100000000000009,123,5.0,PRIMARY_CONTINUES,2023-05-30 06:53:00,True,2023-05-25 04:17:00,1956.73,DOWN,12.759999999999991,1.2413183225933213,4+,12.0,13.279999999999973,117.28333333333333,1.1673840024388609,1.2919049626990036,0.46111668096335096,0.9796297420466047,-0.3852367208048277,0.46111668096335096,0.9796297420466047,-0.0077825600162519945,0.49516538103447555,0.9796297420466047,0.35605212074386056,0.702376041467384,1.2919049626990036,-0.08074406016868081,1-2
FULL_2022_202608,2023-05-30 14:33:00,UP,1957.25,1931.97,25.279999999999973,10.112918038495565,2.499773053016923,SAME_NEAREST,7.5,49.75999999999999,MULTI_CHILD_ERA4,CHALLENGE_OPENS,2023-06-01 11:39:00,1953.64,-0.1428006329113886,2023,-3.6099999999999,0.12,0.12,0.12,-3.6099999999999,-3.7299999999999,-3.8499999999999,-3.9699999999999,124,1.0,PRIMARY_CONTINUES,2023-05-31 08:53:00,True,2023-05-30 14:33:00,1957.25,UP,0.0,0.0,1,17.569999999999936,6.690000000000055,45.1,1.7373818252178492,0.6615301315143739,0.4973836414823999,0.1156936104442241,0.17799016991417535,0.4973836414823999,0.6615301315143739,0.42025456785292464,0.6190102575904246,0.6615301315143739,0.17007949569577455,0.7960115932272999,0.6615301315143739,0.2165547067289242,<=0.5
FULL_2022_202608,2023-05-31 08:53:00,UP,1963.51,1953.64,9.86999999999989,10.083594164675349,0.9788176555712924,SAME_NEAREST,1.240000000000009,31.539999999999964,MULTI_CHILD_ERA4,AMBIGUOUS,2023-06-01 11:39:00,,,2023,,0.12,0.12,0.12,,,,,124,2.0,PRIMARY_CONTINUES,2023-05-31 08:58:00,True,2023-05-30 14:33:00,1957.25,UP,6.259999999999991,0.620810387424149,2,11.309999999999945,10.059999999999945,26.766666666666666,1.1216238788765338,0.9976601433685166,0.17751606924747695,0.34313161988619506,-0.0862787599135691,0.17751606924747695,0.852870500295149,-0.5265979484380514,1.1216238788765338,0.852870500295149,0.3649492373356088,1.1216238788765338,0.852870500295149,-0.0019834197681264706,0.5-1
FULL_2022_202608,2023-05-31 08:58:00,UP,1964.75,1953.64,11.1099999999999,10.083594164675349,1.1017896811952466,SAME_NEAREST,20.519999999999985,32.77999999999997,MULTI_CHILD_ERA4,AMBIGUOUS,2023-06-01 11:39:00,,,2023,,0.12,0.12,0.12,,,,,124,3.0,CHALLENGE_OPENS,2023-06-01 11:39:00,False,2023-05-30 14:33:00,1957.25,UP,7.5,0.7437824130481029,3,10.069999999999936,11.299999999999955,26.683333333333334,0.9986518532525798,1.1206321689924705,0.05454404362352303,0.466103645510149,-0.3927171140894019,0.05454404362352303,0.9758425259191028,-0.5811419920615745,0.9986518532525798,0.9758425259191028,0.16561555063871813,0.9986518532525798,0.9758425259191028,-0.18148290878372988,0.5-1
FULL_2022_202608,2023-06-02 06:21:00,UP,1983.09,1958.68,24.40999999999985,10.011156323598556,2.4382797761792983,SAME_NEAREST,2.180000000000064,29.730000000000015,MULTI_CHILD_ERA4,SL,2023-06-02 19:07:00,1958.68,-1.0,2023,-24.409999999999854,0.12,0.12,0.12,-24.409999999999854,-24.529999999999855,-24.649999999999853,-24.769999999999854,125,2.0,CHALLENGE_OPENS,2023-06-02 19:48:00,False,2023-06-01 17:00:00,1974.82,UP,8.269999999999982,0.8260784002049518,2,0.3300000000001546,24.949999999999818,12.766666666666667,0.032963225159342496,2.4922195991672846,0.032963225159342496,0.2207537200063833,-0.2067693214539542,0.032963225159342496,0.6083213370312092,-0.5473893147670086,0.032963225159342496,2.2075372000640145,-2.0317333325476046,0.032963225159342496,2.4922195991672846,-2.4922195991672846,0.5-1
FULL_2022_202608,2023-06-01 17:00:00,UP,1974.82,1953.36,21.46000000000004,10.055579070256664,2.134138655771346,SAME_NEAREST,10.450000000000044,42.84999999999991,MULTI_CHILD_ERA4,AMBIGUOUS,2023-06-02 19:48:00,,,2023,,0.12,0.12,0.12,,,,,125,1.0,PRIMARY_CONTINUES,2023-06-02 06:21:00,True,2023-06-01 17:00:00,1974.82,UP,0.0,0.0,1,8.600000000000136,21.799999999999955,26.8,0.8552466188086595,2.167950731398656,0.2565739856426092,0.49226404222126,0.22972321970326975,0.8224290159938938,0.49226404222126,0.34010970189832923,0.8224290159938938,0.49226404222126,0.2277342740781126,0.8552466188086595,1.2838644010255227,-1.087953256949586,<=0.5
FULL_2022_202608,2023-06-07 04:13:00,UP,1966.36,1962.32,4.039999999999964,9.841795394435454,0.4104942074170915,OPPOSITE_NEAREST,17.060000000000173,12.029999999999973,MULTI_CHILD_ERA4,SL,2023-06-07 09:16:00,1962.32,-1.0,2023,-4.039999999999964,0.12,0.12,0.12,-4.039999999999964,-4.159999999999964,-4.279999999999964,-4.399999999999964,126,1.0,PRIMARY_CONTINUES,2023-06-07 16:52:00,True,2023-06-07 04:13:00,1966.36,UP,0.0,0.0,1,0.38000000000010914,4.099999999999909,5.05,0.038610841291718066,0.41659065604209233,0.038610841291718066,0.33022430052117807,-0.31803140327115337,0.038610841291718066,0.3627386931878722,-0.3159992537294864,0.038610841291718066,0.41659065604209233,-0.411510282187925,0.038610841291718066,0.41659065604209233,-0.411510282187925,<=0.5
FULL_2022_202608,2023-06-07 16:52:00,UP,1966.74,1954.94,11.799999999999956,9.806571707086084,1.2032747378447708,OPPOSITE_NEAREST,16.680000000000064,12.410000000000082,MULTI_CHILD_ERA4,SL,2023-06-07 18:23:00,1954.94,-1.0,2023,-11.799999999999955,0.12,0.12,0.12,-11.799999999999955,-11.919999999999954,-12.039999999999955,-12.159999999999954,126,2.0,CHALLENGE_OPENS,2023-06-07 18:26:00,False,2023-06-07 04:13:00,1966.36,UP,0.38000000000010914,0.038749525456029325,2,3.4500000000000455,11.920000000000073,1.5166666666666666,0.35180490216648563,1.2155114300940517,0.35180490216648563,1.0390991168337567,-0.9106138482164341,0.35180490216648563,1.2155114300940517,-1.168604109805184,0.35180490216648563,1.2155114300940517,-1.168604109805184,0.35180490216648563,1.2155114300940517,-1.168604109805184,<=0.5
FULL_2022_202608,2023-06-09 15:31:00,UP,1970.5,1960.61,9.8900000000001,9.745671920416031,1.0148094539568602,SAME_NEAREST,12.920000000000073,30.99000000000001,MULTI_CHILD_ERA4,SL,2023-06-09 16:38:00,1960.61,-1.0,2023,-9.8900000000001,0.12,0.12,0.12,-9.8900000000001,-10.0100000000001,-10.1300000000001,-10.2500000000001,127,2.0,CHALLENGE_OPENS,2023-06-12 04:29:00,False,2023-06-08 17:32:00,1970.19,UP,0.30999999999994543,0.03180899198448617,2,2.5399999999999636,10.1099999999999,1.1166666666666667,0.26062851496970296,1.0373835773006728,0.26062851496970296,0.8680776522219403,-0.8496079149406159,0.26062851496970296,1.0373835773006728,-0.9871048480348623,0.26062851496970296,1.0373835773006728,-0.9871048480348623,0.26062851496970296,1.0373835773006728,-0.9871048480348623,<=0.5
FULL_2022_202608,2023-06-08 17:32:00,UP,1970.19,1944.95,25.24000000000001,9.85077728740974,2.562234356090783,SAME_NEAREST,13.230000000000018,30.680000000000064,MULTI_CHILD_ERA4,CHALLENGE_OPENS,2023-06-12 04:29:00,1956.56,-0.5400158478605429,2023,-13.63000000000011,0.12,0.12,0.12,-13.63000000000011,-13.750000000000108,-13.87000000000011,-13.990000000000109,127,1.0,PRIMARY_CONTINUES,2023-06-09 15:31:00,True,2023-06-08 17:32:00,1970.19,UP,0.0,0.0,1,2.849999999999909,14.170000000000073,82.95,0.2893172707947107,1.438465167424983,0.03146959787591136,0.5167104941561987,-0.30555964389196644,0.03146959787591136,0.8557700325612306,-0.6882705599958572,0.03146959787591136,0.8557700325612306,-0.6446191822970213,0.2893172707947107,1.3836471582217769,-0.4872711929174184,<=0.5
FULL_2022_202608,2023-06-12 16:49:00,DOWN,1954.23,1966.99,12.759999999999993,9.639355156765651,1.323740000496198,SAME_NEAREST,14.720000000000027,18.809999999999945,MULTI_CHILD_ERA4,SL,2023-06-13 15:30:00,1966.99,-1.0,2023,-12.759999999999991,0.12,0.12,0.12,-12.759999999999991,-12.87999999999999,-12.999999999999991,-13.11999999999999,128,1.0,PRIMARY_CONTINUES,2023-06-14 23:54:00,True,2023-06-12 16:49:00,1954.23,DOWN,0.0,0.0,1,6.7999999999999545,16.579999999999927,22.683333333333334,0.705441379574772,1.7200320696102571,0.5238939657136163,0.098554310381775,0.1473127586759168,0.5238939657136163,0.46372396569106933,-0.15042500005639095,0.5238939657136163,0.6971420692268411,-0.3164112070151525,0.705441379574772,1.7200320696102571,-1.3476005177465231,<=0.5
FULL_2022_202608,2023-06-14 23:54:00,DOWN,1940.01,1960.23,20.220000000000027,9.641507961984216,2.0971823162648477,SAME_NEAREST,0.5,30.799999999999955,MULTI_CHILD_ERA4,AMBIGUOUS,2023-06-15 20:55:00,,,2023,,0.12,0.12,0.12,,,,,128,2.0,PRIMARY_CONTINUES,2023-06-15 03:48:00,True,2023-06-12 16:49:00,1954.23,DOWN,14.220000000000027,1.4748730236046563,2,15.36999999999989,20.25,21.016666666666666,1.594148971364512,2.1002938627281456,0.03837573971403381,0.2136595238133267,-0.18254405918032185,0.4304305940899751,0.5497065418498309,0.14520550162072074,1.1481606449580464,0.5497065418498309,0.8463406380178686,1.594148971364512,2.1002938627281456,-2.091996405492684,1-2
FULL_2022_202608,2023-06-15 03:48:00,DOWN,1939.51,1960.23,20.720000000000027,9.67772180663986,2.140999753246068,SAME_NEAREST,1.410000000000082,20.720000000000027,MULTI_CHILD_ERA4,AMBIGUOUS,2023-06-15 20:55:00,,,2023,,0.12,0.12,0.12,,,,,128,3.0,PRIMARY_CONTINUES,2023-06-15 03:51:00,True,2023-06-12 16:49:00,1954.23,DOWN,14.720000000000027,1.5210191297192148,3,14.86999999999989,20.75,17.116666666666667,1.536518645307372,2.1440996563636987,0.5548826580565218,0.0878305883329614,0.4980511008998984,0.736743640957731,0.0878305883329614,0.4763517790764548,1.536518645307372,0.0878305883329614,0.6416799453502963,1.536518645307372,2.1440996563636987,-2.135833248050015,1-2
FULL_2022_202608,2023-06-15 03:51:00,DOWN,1938.1,1960.23,22.13000000000011,9.67772180663986,2.2866951997748868,SAME_NEAREST,6.129999999999882,22.13000000000011,MULTI_CHILD_ERA4,AMBIGUOUS,2023-06-15 20:55:00,,,2023,,0.12,0.12,0.12,,,,,128,4.0,PRIMARY_CONTINUES,2023-06-15 08:11:00,True,2023-06-12 16:49:00,1954.23,DOWN,16.13000000000011,1.6667145762480335,4+,13.459999999999809,22.160000000000082,17.066666666666666,1.390823198778553,2.289795102892518,0.40918721152770304,0.137429038215135,0.34718914917502713,0.5910481944289122,0.137429038215135,0.3564888585279215,1.390823198778553,0.17876107978357775,0.7481099523890699,1.390823198778553,2.289795102892518,-2.281528694578834,1-2
FULL_2022_202608,2023-06-15 08:11:00,DOWN,1931.97,1960.23,28.25999999999999,9.661309703905792,2.9250692572845765,SAME_NEAREST,24.480000000000015,28.25999999999999,MULTI_CHILD_ERA4,AMBIGUOUS,2023-06-15 20:55:00,,,2023,,0.12,0.12,0.12,,,,,128,5.0,CHALLENGE_OPENS,2023-06-15 20:55:00,False,2023-06-12 16:49:00,1954.23,DOWN,22.25999999999999,2.3040354446976177,4+,7.329999999999927,28.289999999999964,12.733333333333333,0.7586963077103943,2.928174426347509,0.12938204428894984,0.8135542944889063,-0.3829708510952962,0.31362207535641157,0.8135542944889063,0.019666070731926024,0.7586963077103943,2.920929031867334,-2.8236337345620384,0.7586963077103943,2.928174426347509,-2.9198939755130238,2-3
FULL_2022_202608,2023-06-19 09:52:00,DOWN,1953.25,1958.68,5.430000000000064,9.584366405257752,0.5665476224929482,OPPOSITE_NEAREST,28.6099999999999,14.6400000000001,MULTI_CHILD_ERA4,SL,2023-06-19 11:25:00,1958.68,-1.0,2023,-5.430000000000064,0.12,0.12,0.12,-5.430000000000064,-5.550000000000064,-5.670000000000064,-5.790000000000064,129,1.0,PRIMARY_CONTINUES,2023-06-20 04:43:00,True,2023-06-19 09:52:00,1953.25,DOWN,0.0,0.0,1,0.5599999999999454,5.460000000000036,1.55,0.05842848408766415,0.5696777198547848,0.05842848408766415,0.15233140494285732,-0.04173463149120223,0.05842848408766415,0.5696777198547848,-0.5081191384052604,0.05842848408766415,0.5696777198547848,-0.5081191384052604,0.05842848408766415,0.5696777198547848,-0.5081191384052604,<=0.5
FULL_2022_202608,2023-06-20 04:43:00,DOWN,1947.73,1954.13,6.400000000000091,9.449716078002462,0.6772690255634602,OPPOSITE_NEAREST,23.08999999999992,10.980000000000018,MULTI_CHILD_ERA4,SL,2023-06-20 10:33:00,1954.13,-1.0,2023,-6.400000000000091,0.12,0.12,0.12,-6.400000000000091,-6.520000000000091,-6.640000000000091,-6.760000000000091,129,2.0,PRIMARY_CONTINUES,2023-06-21 15:21:00,True,2023-06-19 09:52:00,1953.25,DOWN,5.519999999999982,0.5841445345484743,2,2.630000000000109,6.430000000000064,5.833333333333333,0.27831524019249204,0.680443724120786,0.27831524019249204,0.28466463730714364,-0.1566184621615499,0.27831524019249204,0.37673089546966365,-0.13333733940780337,0.27831524019249204,0.680443724120786,-0.6698613955963427,0.27831524019249204,0.680443724120786,-0.6698613955963427,0.5-1
FULL_2022_202608,2023-06-21 15:21:00,DOWN,1929.77,1937.39,7.620000000000118,9.359652002780214,0.814132832901977,SAME_NEAREST,5.129999999999882,26.980000000000015,MULTI_CHILD_ERA4,SL,2023-06-21 21:32:00,1937.39,-1.0,2023,-7.620000000000118,0.12,0.12,0.12,-7.620000000000118,-7.740000000000118,-7.8600000000001184,-7.9800000000001186,129,3.0,PRIMARY_CONTINUES,2023-06-21 16:37:00,True,2023-06-19 09:52:00,1953.25,DOWN,23.480000000000018,2.5086402777609105,3,10.660000000000082,7.720000000000027,6.183333333333334,1.138931233429791,0.8248169908140666,0.44232413756089617,0.4059980006597674,0.10363633174736583,1.138931233429791,0.522455321901665,-0.1068415791209927,1.138931233429791,0.8248169908140666,-0.805585506572281,1.138931233429791,0.8248169908140666,-0.805585506572281,2-3
FULL_2022_202608,2023-06-21 16:37:00,DOWN,1924.64,1937.39,12.75,9.362320602764768,1.3618418489359172,OPPOSITE_NEAREST,17.15000000000009,14.8599999999999,MULTI_CHILD_ERA4,SL,2023-06-21 21:32:00,1937.39,-1.0,2023,-12.75,0.12,0.12,0.12,-12.75,-12.87,-12.99,-13.11,129,4.0,PRIMARY_CONTINUES,2023-06-22 16:11:00,True,2023-06-19 09:52:00,1953.25,DOWN,28.6099999999999,3.05586629788678,4+,5.5300000000002,12.849999999999909,4.916666666666667,0.5906655234992857,1.372522961476581,0.5906655234992857,0.91323512222761,-0.7519503228634358,0.5906655234992857,1.1482195981224397,-1.0371360276994113,0.5906655234992857,1.372522961476581,-1.3532969589033612,0.5906655234992857,1.372522961476581,-1.3532969589033612,3-4
FULL_2022_202608,2023-06-22 16:11:00,DOWN,1919.11,1934.26,15.150000000000093,9.287789210268366,1.6311739701468029,SAME_NEAREST,11.61999999999989,18.480000000000015,MULTI_CHILD_ERA4,SL,2023-06-23 16:26:00,1934.26,-1.0,2023,-15.150000000000091,0.12,0.12,0.12,-15.150000000000091,-15.27000000000009,-15.390000000000091,-15.51000000000009,129,5.0,PRIMARY_CONTINUES,2023-06-27 14:21:00,True,2023-06-19 09:52:00,1953.25,DOWN,34.1400000000001,3.6757940158951605,4+,9.069999999999936,15.190000000000055,24.25,0.9765510171109776,1.635480700100982,0.019380284793805658,0.890416418027348,-0.10551488387748428,0.6826166977379892,0.890416418027348,0.5824852263032286,0.727837362256918,0.890416418027348,0.45759005763193866,0.9765510171109776,1.3372396507738145,-1.2586418291099737,3-4
FULL_2022_202608,2023-06-27 14:21:00,DOWN,1921.02,1929.73,8.710000000000036,9.12358162646223,0.9546689399629382,SAME_NEAREST,10.980000000000018,12.319999999999936,MULTI_CHILD_ERA4,SL,2023-06-27 15:37:00,1929.73,-1.0,2023,-8.710000000000036,0.12,0.12,0.12,-8.710000000000036,-8.830000000000036,-8.950000000000037,-9.070000000000036,129,6.0,PRIMARY_CONTINUES,2023-06-28 09:43:00,True,2023-06-19 09:52:00,1953.25,DOWN,32.23000000000002,3.5326038960970596,4+,1.4400000000000546,8.759999999999991,1.2666666666666666,0.15783275241638087,0.9601492438662796,0.15783275241638087,0.779299215055865,-0.7584740602231429,0.15783275241638087,0.9601492438662796,-0.9469965144982603,0.15783275241638087,0.9601492438662796,-0.9469965144982603,0.15783275241638087,0.9601492438662796,-0.9469965144982603,3-4
FULL_2022_202608,2023-06-28 09:43:00,DOWN,1910.04,1917.2,7.160000000000082,9.10425679838731,0.7864453033957011,SAME_NEAREST,2.5499999999999545,20.63000000000011,MULTI_CHILD_ERA4,CHALLENGE_OPENS,2023-06-30 15:43:00,1913.4,-0.4692737430167722,2023,-3.3600000000001273,0.12,0.12,0.12,-3.3600000000001273,-3.4800000000001274,-3.6000000000001275,-3.720000000000127,129,7.0,PRIMARY_CONTINUES,2023-06-28 12:49:00,True,2023-06-19 09:52:00,1953.25,DOWN,43.210000000000036,4.746131502755291,4+,17.09999999999991,3.8099999999999454,54.0,1.87824227486959,0.4184855594884838,0.0944613073910917,0.21638229716334287,0.005491936476221905,0.43496136891717446,0.21638229716334287,0.2361532684777417,0.7952324017576561,0.36905813120246167,-0.2691048873351231,0.8226920841387907,0.36905813120246167,0.6469501168995149,4-6
FULL_2022_202608,2023-06-28 12:49:00,DOWN,1907.49,1917.2,9.710000000000036,9.101288705062936,1.066881879551682,SAME_NEAREST,21.789999999999964,23.180000000000064,MULTI_CHILD_ERA4,CHALLENGE_OPENS,2023-06-30 15:43:00,1913.4,-0.608650875386206,2023,-5.910000000000082,0.12,0.12,0.12,-5.910000000000082,-6.030000000000082,-6.150000000000082,-6.270000000000082,129,8.0,PRIMARY_CONTINUES,2023-06-29 06:20:00,True,2023-06-19 09:52:00,1953.25,DOWN,45.75999999999999,5.027859403530871,4+,14.549999999999955,6.3599999999999,50.9,1.5986747010789766,0.6988021373788428,0.15492311536230205,0.1681080613505703,-0.004394981996089423,0.5153116390419594,0.43620196311227494,-0.025271146477539162,0.5153116390419594,0.6493585899228118,0.012086200489245913,0.5504714950106998,0.6493585899228118,0.272488883757794,4-6
FULL_2022_202608,2023-06-29 06:20:00,DOWN,1902.8,1913.4,10.600000000000136,9.049116535267911,1.1713850693255887,SAME_NEAREST,17.09999999999991,27.87000000000012,MULTI_CHILD_ERA4,AMBIGUOUS,2023-06-30 15:43:00,,,2023,,0.12,0.12,0.12,,,,,129,9.0,CHALLENGE_OPENS,2023-06-30 15:43:00,False,2023-06-19 09:52:00,1953.25,DOWN,50.450000000000045,5.575129881837289,4+,9.8599999999999,11.049999999999955,33.38333333333333,1.0896091305235889,1.2211136807592018,0.0022101605081594504,0.32047327368342177,-0.25306337818448316,0.03536256813057633,0.3547307615599184,-0.30168690936404136,1.0896091305235889,1.1371275814490673,-0.9592096605420808,1.0896091305235889,1.1371275814490673,-0.5646960098352671,4-6
FULL_2022_202608,2023-07-05 16:12:00,UP,1930.96,1920.84,10.120000000000118,8.727607582585621,1.1595388431753928,SAME_NEAREST,2.3799999999998818,20.96000000000004,MULTI_CHILD_ERA4,SL,2023-07-05 17:37:00,1920.84,-1.0,2023,-10.120000000000118,0.12,0.12,0.12,-10.120000000000118,-10.240000000000117,-10.360000000000118,-10.480000000000118,130,3.0,PRIMARY_CONTINUES,2023-07-05 16:18:00,True,2023-07-03 16:16:00,1922.74,UP,8.220000000000027,0.9418388627373171,3,4.069999999999936,10.799999999999955,1.4166666666666667,0.46633627388574306,1.2374525203847868,0.46633627388574306,0.9922535950492964,-0.9487135989616708,0.46633627388574306,1.2374525203847868,-1.2168283117117258,0.46633627388574306,1.2374525203847868,-1.2168283117117258,0.46633627388574306,1.2374525203847868,-1.2168283117117258,0.5-1
FULL_2022_202608,2023-07-05 16:18:00,UP,1933.34,1920.84,12.5,8.727607582585621,1.4322367134083245,SAME_NEAREST,3.960000000000037,23.33999999999992,MULTI_CHILD_ERA4,SL,2023-07-05 17:37:00,1920.84,-1.0,2023,-12.5,0.12,0.12,0.12,-12.5,-12.62,-12.74,-12.86,130,4.0,CHALLENGE_OPENS,2023-07-06 15:20:00,False,2023-07-03 16:16:00,1922.74,UP,10.599999999999909,1.2145367329702486,4+,1.6900000000000546,13.179999999999836,1.3166666666666667,0.19363840365281168,1.5101503906177183,0.19363840365281168,1.2649514652822278,-0.8914241304253379,0.19363840365281168,1.5101503906177183,-1.4895261819446572,0.19363840365281168,1.5101503906177183,-1.4895261819446572,0.19363840365281168,1.5101503906177183,-1.4895261819446572,1-2
FULL_2022_202608,2023-07-03 16:16:00,UP,1922.74,1910.0,12.740000000000007,9.011676623692914,1.4137213897028695,SAME_NEAREST,7.930000000000064,22.21000000000004,MULTI_CHILD_ERA4,CHALLENGE_OPENS,2023-07-06 15:20:00,1914.66,-0.6342229199371995,2023,-8.079999999999927,0.12,0.12,0.12,-8.079999999999927,-8.199999999999926,-8.319999999999927,-8.439999999999927,130,1.0,PRIMARY_CONTINUES,2023-07-03 17:01:00,True,2023-07-03 16:16:00,1922.74,UP,0.0,0.0,1,12.289999999999964,11.870000000000118,71.06666666666666,1.3637861757808636,1.3171799761203467,0.9121499076418852,0.11207681346937867,0.23857935540512526,0.9121499076418852,0.19419249858555887,-0.10652845636693918,0.9121499076418852,0.32402405478276913,-0.09210272790057127,0.9121499076418852,0.32402405478276913,0.4638426537643705,<=0.5
FULL_2022_202608,2023-07-03 17:01:00,UP,1930.67,1910.0,20.670000000000076,9.011676623692914,2.2936908261505806,SAME_NEAREST,2.6699999999998454,30.1400000000001,MULTI_CHILD_ERA4,CHALLENGE_OPENS,2023-07-06 15:20:00,1914.66,-0.7745524915336205,2023,-16.00999999999999,0.12,0.12,0.12,-16.00999999999999,-16.129999999999992,-16.24999999999999,-16.36999999999999,130,2.0,PRIMARY_CONTINUES,2023-07-05 16:12:00,True,2023-07-03 16:16:00,1922.74,UP,7.930000000000064,0.879969436447711,2,4.3599999999999,19.800000000000182,70.31666666666666,0.48381673933315267,2.1971494125680575,0.03218047119417429,0.7179574090563263,-0.0687996280703254,0.03218047119417429,1.120768134693812,-1.1052327348069562,0.03218047119417429,1.2039934912304802,-1.0286654067932155,0.03218047119417429,1.2039934912304802,-0.3118176691574023,0.5-1
FULL_2022_202608,2023-07-06 15:21:00,DOWN,1910.0,1935.03,25.029999999999973,8.677410907158134,2.8845009493963607,SAME_NEAREST,9.470000000000027,25.029999999999973,MULTI_CHILD_ERA4,CHALLENGE_OPENS,2023-07-07 15:30:00,1927.6,-0.7031562125449432,2023,-17.59999999999991,0.12,0.16,0.16,-17.59999999999991,-17.75999999999991,-17.91999999999991,-18.07999999999991,131,1.0,CHALLENGE_OPENS,2023-07-07 15:30:00,False,2023-07-06 15:21:00,1910.0,DOWN,0.0,0.0,1,7.410000000000082,18.960000000000036,24.15,0.8539413517789569,2.1849835397744775,0.8539413517789569,0.2523794278537033,-0.06799263124824685,0.8539413517789569,0.5739039044344365,-0.011524174787829567,0.8539413517789569,0.5739039044344365,-0.24431250550219644,0.8539413517789569,0.9922314492330165,-0.6568779629068879,<=0.5
FULL_2022_202608,2023-07-14 05:03:00,UP,1963.54,1954.69,8.849999999999909,8.518092800649821,1.0389649663507736,SAME_NEAREST,4.350000000000136,11.180000000000064,MULTI_CHILD_ERA4,SL,2023-07-14 10:39:00,1954.69,-1.0,2023,-8.849999999999909,0.12,0.12,0.12,-8.849999999999909,-8.969999999999908,-9.08999999999991,-9.209999999999908,132,6.0,CHALLENGE_OPENS,2023-07-14 17:01:00,False,2023-07-11 09:40:00,1937.59,UP,25.950000000000045,3.046456596248915,4+,0.2300000000000182,9.009999999999991,5.6,0.027001349407988623,1.0577485137650346,0.027001349407988623,0.2946669000610688,-0.22305462554422018,0.027001349407988623,0.663294018065739,-0.5752461395614352,0.027001349407988623,1.0577485137650346,-1.0577485137650346,0.027001349407988623,1.0577485137650346,-1.0577485137650346,3-4
FULL_2022_202608,2023-07-11 09:40:00,UP,1937.59,1924.35,13.240000000000007,8.635272010893269,1.533246431994029,SAME_NEAREST,1.9100000000000816,24.949999999999815,MULTI_CHILD_ERA4,CHALLENGE_OPENS,2023-07-14 17:01:00,1952.36,1.115558912386705,2023,14.769999999999982,0.12,0.12,0.12,14.769999999999982,14.649999999999983,14.529999999999982,14.409999999999982,132,1.0,PRIMARY_CONTINUES,2023-07-12 04:42:00,True,2023-07-11 09:40:00,1937.59,UP,0.0,0.0,1,26.180000000000064,8.269999999999982,79.35,3.0317516306347243,0.9576999994403764,0.08337896004801677,0.8905336149572365,-0.7747295037794397,0.10306565894825062,0.8905336149572365,-0.01273845222954605,0.10306565894825062,0.9576999994403764,-0.7538847637674553,0.3948920191162961,0.9576999994403764,-0.29414244239159937,<=0.5
FULL_2022_202608,2023-07-12 04:42:00,UP,1938.48,1929.32,9.160000000000082,8.570258498223106,1.068812568710646,SAME_NEAREST,1.0199999999999818,25.83999999999992,MULTI_CHILD_ERA4,CHALLENGE_OPENS,2023-07-14 17:01:00,1952.36,1.5152838427947333,2023,13.879999999999882,0.12,0.12,0.12,13.879999999999882,13.759999999999883,13.639999999999882,13.519999999999882,132,2.0,PRIMARY_CONTINUES,2023-07-12 05:22:00,True,2023-07-11 09:40:00,1937.59,UP,0.8900000000001,0.10384750940530277,2,25.289999999999964,5.630000000000109,60.31666666666667,2.950902823437987,0.656923008934607,0.2940401389902603,0.208861844758952,0.27420409786789285,0.2940401389902603,0.208861844758952,-0.05134034172846489,1.8984258180045892,0.656923008934607,1.6837298435037722,2.500508007365612,0.656923008934607,2.467836880811142,<=0.5
FULL_2022_202608,2023-07-12 05:22:00,UP,1939.5,1929.32,10.180000000000064,8.570258498223106,1.1878288154447978,SAME_NEAREST,17.25,26.8599999999999,MULTI_CHILD_ERA4,CHALLENGE_OPENS,2023-07-14 17:01:00,1952.36,1.2632612966601002,2023,12.8599999999999,0.12,0.12,0.12,12.8599999999999,12.7399999999999,12.6199999999999,12.4999999999999,132,3.0,PRIMARY_CONTINUES,2023-07-12 16:54:00,True,2023-07-11 09:40:00,1937.59,UP,1.9100000000000819,0.2228637561394545,3,24.269999999999982,6.650000000000091,59.65,2.831886576703835,0.7759392556687588,0.1750238922561086,0.207695018810579,-0.03500477845121641,0.1750238922561086,0.24269979726179544,-0.20536136691383303,2.0827843178476817,0.7759392556687588,1.8657546914501186,2.4059951055472935,0.7759392556687588,2.3978273239086825,<=0.5
FULL_2022_202608,2023-07-12 16:54:00,UP,1956.75,1929.32,27.430000000000064,8.589345952493211,3.1934911169852245,SAME_NEAREST,1.9600000000000364,44.1099999999999,MULTI_CHILD_ERA4,CHALLENGE_OPENS,2023-07-14 17:01:00,1952.36,-0.1600437477214761,2023,-4.3900000000001,0.12,0.12,0.12,-4.3900000000001,-4.5100000000001,-4.6300000000001,-4.7500000000001,132,4.0,PRIMARY_CONTINUES,2023-07-12 19:33:00,True,2023-07-11 09:40:00,1937.59,UP,19.160000000000082,2.230670426592673,4+,7.019999999999982,4.589999999999918,48.11666666666667,0.8172915654843663,0.5343829466628467,0.12922986291845687,0.48897785969150775,0.06403281495959622,0.33995603578552924,0.48897785969150775,0.026777358983108204,0.36789762776790186,0.48897785969150775,0.23051813385456757,0.790514206501258,0.5110982866775583,0.3283137057928585,2-3
FULL_2022_202608,2023-07-12 19:33:00,UP,1958.71,1932.85,25.860000000000127,8.589345952493211,3.0107065361005514,SAME_NEAREST,9.180000000000064,46.069999999999936,MULTI_CHILD_ERA4,CHALLENGE_OPENS,2023-07-14 17:01:00,1952.36,-0.2455529775715431,2023,-6.350000000000136,0.12,0.12,0.12,-6.350000000000136,-6.4700000000001365,-6.590000000000137,-6.710000000000137,132,5.0,PRIMARY_CONTINUES,2023-07-14 05:03:00,True,2023-07-11 09:40:00,1937.59,UP,21.12000000000012,2.458860094448712,4+,5.059999999999945,6.5499999999999545,45.46666666666667,0.5891018976283275,0.7625726145188855,0.11176636792949052,0.34694143378111575,-0.3108502108038922,0.11176636792949052,0.35043413277890906,-0.09779557193831744,0.35043413277890906,0.35043413277890906,0.26660935683179116,0.5623245386452194,0.739287954533597,-0.03841968897575244,2-3
FULL_2022_202608,2023-07-17 10:22:00,DOWN,1950.87,1961.07,10.200000000000044,8.449155394993141,1.2072212574104664,OPPOSITE_NEAREST,18.019999999999985,12.900000000000093,MULTI_CHILD_ERA4,CHALLENGE_OPENS,2023-07-18 06:04:00,1959.84,-0.8794117647058811,2023,-8.970000000000027,0.12,0.12,0.12,-8.970000000000027,-9.090000000000027,-9.210000000000027,-9.330000000000027,133,1.0,CHALLENGE_OPENS,2023-07-18 06:04:00,False,2023-07-17 10:22:00,1950.87,DOWN,0.0,0.0,1,5.129999999999882,9.230000000000018,19.7,0.607161279462306,1.092416882931233,0.030772306561442045,0.5953257769387118,-0.566920570881994,0.030772306561442045,1.061644576369791,-0.7456366589888357,0.607161279462306,1.061644576369791,-0.5444331160870868,0.607161279462306,1.092416882931233,-1.092416882931233,<=0.5
FULL_2022_202608,2023-07-20 04:15:00,UP,1980.96,1975.4,5.559999999999945,8.338715002993666,0.6667694000818903,SAME_NEAREST,3.3899999999998727,11.240000000000007,MULTI_CHILD_ERA4,SL,2023-07-20 15:30:00,1975.4,-1.0,2023,-5.559999999999945,0.12,0.12,0.12,-5.559999999999945,-5.6799999999999455,-5.799999999999946,-5.919999999999946,134,5.0,PRIMARY_CONTINUES,2023-07-20 04:36:00,True,2023-07-18 10:32:00,1963.77,UP,17.190000000000055,2.061468702771195,4+,6.460000000000036,6.480000000000018,11.25,0.774699698656309,0.7770981497357381,0.6307926338904265,0.17988383095734628,0.3777560450104108,0.774699698656309,0.17988383095734628,0.36456456407355076,0.774699698656309,0.7770981497357381,-0.6439841148273139,0.774699698656309,0.7770981497357381,-0.6439841148273139,2-3
FULL_2022_202608,2023-07-20 04:36:00,UP,1984.35,1975.4,8.949999999999818,8.338715002993666,1.0733068580454777,SAME_NEAREST,0.9200000000000728,14.629999999999882,MULTI_CHILD_ERA4,SL,2023-07-20 15:30:00,1975.4,-1.0,2023,-8.949999999999818,0.12,0.12,0.12,-8.949999999999818,-9.069999999999817,-9.189999999999818,-9.309999999999818,134,6.0,PRIMARY_CONTINUES,2023-07-20 05:02:00,True,2023-07-18 10:32:00,1963.77,UP,20.579999999999927,2.4680061607347823,4+,3.0700000000001637,9.86999999999989,10.9,0.3681622406927217,1.1836356076993255,0.22425517592683922,0.13311403490842424,0.11272720073327688,0.3681622406927217,0.18587995865591905,-0.1511024180041698,0.3681622406927217,1.1836356076993255,-1.0505215727909012,0.3681622406927217,1.1836356076993255,-1.0505215727909012,2-3
FULL_2022_202608,2023-07-20 05:02:00,UP,1986.01,1975.4,10.6099999999999,8.338715002993666,1.272378297638284,OPPOSITE_NEAREST,36.12000000000012,16.289999999999964,MULTI_CHILD_ERA4,SL,2023-07-20 15:30:00,1975.4,-1.0,2023,-10.6099999999999,0.12,0.12,0.12,-10.6099999999999,-10.7299999999999,-10.8499999999999,-10.9699999999999,134,7.0,CHALLENGE_OPENS,2023-07-20 17:37:00,False,2023-07-18 10:32:00,1963.77,UP,22.24000000000001,2.667077600327589,4+,1.4100000000000819,11.529999999999973,10.466666666666667,0.16909080109991534,1.382707047292132,0.0671566302240694,0.2830172273728795,-0.05276592374749479,0.16909080109991534,0.7015469407336397,-0.531256914094037,0.16909080109991534,1.382707047292132,-1.2495930123837076,0.16909080109991534,1.382707047292132,-1.2495930123837076,2-3
FULL_2022_202608,2023-07-18 10:32:00,UP,1963.77,1954.15,9.61999999999989,8.396224047299082,1.1457531320992411,SAME_NEAREST,4.120000000000118,18.029999999999973,MULTI_CHILD_ERA4,CHALLENGE_OPENS,2023-07-20 17:37:00,1969.72,0.6185031185031302,2023,5.9500000000000455,0.12,0.12,0.12,5.9500000000000455,5.830000000000045,5.710000000000045,5.590000000000045,134,1.0,PRIMARY_CONTINUES,2023-07-18 14:16:00,True,2023-07-18 10:32:00,1963.77,UP,0.0,0.0,1,23.65000000000009,3.2899999999999636,55.083333333333336,2.8167423673749963,0.3918428071316533,0.03930338187033997,0.3525394252613133,-0.27869670780791694,1.0016407319079856,0.3918428071316533,0.10004497203360496,2.4511018148235517,0.3918428071316533,1.575708309529434,2.4511018148235517,0.3918428071316533,1.8413038900472465,<=0.5
FULL_2022_202608,2023-07-18 14:16:00,UP,1970.81,1957.76,13.049999999999956,8.384800580369642,1.5563876415322746,SAME_NEAREST,2.230000000000018,25.069999999999936,MULTI_CHILD_ERA4,CHALLENGE_OPENS,2023-07-20 17:37:00,1969.72,-0.0835249042145534,2023,-1.0899999999999181,0.12,0.12,0.12,-1.0899999999999181,-1.2099999999999183,-1.3299999999999181,-1.449999999999918,134,2.0,PRIMARY_CONTINUES,2023-07-18 17:00:00,True,2023-07-18 10:32:00,1963.77,UP,7.039999999999964,0.8396144824817774,2,16.610000000000127,10.11999999999989,51.35,1.980965419605469,1.2069458185675481,0.16339088650570174,1.1699741581173626,-0.850348190354404,1.6148267177277404,1.2069458185675481,1.2940081157567396,1.6148267177277404,1.2069458185675481,0.9159430717983149,1.6148267177277404,1.2069458185675481,0.2421047442383514,0.5-1
FULL_2022_202608,2023-07-18 17:00:00,UP,1973.04,1957.76,15.279999999999973,8.402051688256478,1.8186034277028769,SAME_NEAREST,10.38000000000011,27.299999999999955,MULTI_CHILD_ERA4,CHALLENGE_OPENS,2023-07-20 17:37:00,1969.72,-0.217277486910991,2023,-3.3199999999999363,0.12,0.12,0.12,-3.3199999999999363,-3.4399999999999364,-3.5599999999999365,-3.679999999999936,134,3.0,PRIMARY_CONTINUES,2023-07-18 17:42:00,True,2023-07-18 10:32:00,1963.77,UP,9.269999999999982,1.103301948612936,3,14.38000000000011,3.619999999999891,48.61666666666667,1.711486733662802,0.4308471471390201,1.2627868041837558,0.24279783982420217,1.1282958438889616,1.3460997884371384,0.24279783982420217,0.3463439773963043,1.3460997884371384,0.24279783982420217,0.41061399382035463,1.3460997884371384,0.24279783982420217,0.3320617515242781,1-2
FULL_2022_202608,2023-07-18 17:42:00,UP,1983.42,1957.76,25.66000000000008,8.402051688256478,3.0540159656319403,SAME_NEAREST,1.849999999999909,37.680000000000064,MULTI_CHILD_ERA4,CHALLENGE_OPENS,2023-07-20 17:37:00,1969.72,-0.533904910366329,2023,-13.700000000000045,0.12,0.12,0.12,-13.700000000000045,-13.820000000000045,-13.940000000000046,-14.060000000000045,134,4.0,PRIMARY_CONTINUES,2023-07-20 04:15:00,True,2023-07-18 10:32:00,1963.77,UP,19.65000000000009,2.338714486542,4+,4.0,14.0,47.916666666666664,0.4760741957337382,1.6662596850680838,0.11068725050807465,0.6058044140711992,-0.5700988493911472,0.11068725050807465,0.9997558110408611,-0.8128966892153764,0.11068725050807465,1.0747374968689107,-0.9938048835941947,0.11068725050807465,1.5270079828159837,-1.4758300067745993,2-3
FULL_2022_202608,2023-07-25 14:26:00,DOWN,1953.15,1964.06,10.909999999999854,8.190337829970833,1.3320573859697198,SAME_NEAREST,7.410000000000082,14.730000000000018,MULTI_CHILD_ERA4,SL,2023-07-25 18:08:00,1964.06,-1.0,2023,-10.909999999999854,0.12,0.12,0.12,-10.909999999999854,-11.029999999999854,-11.149999999999855,-11.269999999999854,135,3.0,CHALLENGE_OPENS,2023-07-26 09:15:00,False,2023-07-21 10:50:00,1965.33,DOWN,12.179999999999836,1.487118144923115,3,1.8900000000001,12.230000000000018,3.7,0.2307597121432573,1.493222899212641,0.006104754289526047,1.2636841379272834,-0.6873953329981177,0.2307597121432573,1.493222899212641,-1.410198240875381,0.2307597121432573,1.493222899212641,-1.410198240875381,0.2307597121432573,1.493222899212641,-1.410198240875381,1-2
FULL_2022_202608,2023-07-21 10:50:00,DOWN,1965.33,1973.73,8.400000000000091,8.309874249519957,1.0108456214587531,SAME_NEAREST,19.58999999999992,22.090000000000146,MULTI_CHILD_ERA4,CHALLENGE_OPENS,2023-07-26 09:15:00,1967.88,-0.3035714285714469,2023,-2.550000000000182,0.12,0.12,0.12,-2.550000000000182,-2.670000000000182,-2.790000000000182,-2.9100000000001818,135,1.0,PRIMARY_CONTINUES,2023-07-24 21:12:00,True,2023-07-21 10:50:00,1965.33,DOWN,0.0,0.0,1,14.069999999999936,3.060000000000173,118.41666666666667,1.6931664159433855,0.36823661924570544,0.45367714201183806,0.018050814668917056,0.23225381540657225,0.5138465242415251,0.10589811272426232,-0.10108456214589173,1.0288964361276427,0.33093160226327867,0.34777902928757576,1.0288964361276427,0.33093160226327867,0.43081277676455043,<=0.5
FULL_2022_202608,2023-07-24 21:12:00,DOWN,1956.78,1967.88,11.100000000000136,8.247048049073866,1.3459361378701624,SAME_NEAREST,11.039999999999964,16.950000000000045,MULTI_CHILD_ERA4,AMBIGUOUS,2023-07-26 09:15:00,,,2023,,0.12,0.12,0.12,,,,,135,2.0,PRIMARY_CONTINUES,2023-07-25 14:26:00,True,2023-07-21 10:50:00,1965.33,DOWN,8.549999999999955,1.0367345926837555,2,5.519999999999982,11.610000000000127,36.05,0.6693304036975838,1.407776446907438,0.37831718469862236,0.008487885554128334,0.3722544093028164,0.40256828628187374,0.008487885554128334,0.18915859234931118,0.4401574937358982,0.8196872335137093,-0.5468623407021933,0.6693304036975838,1.0791740204544522,-0.7529967041597887,1-2
FULL_2022_202608,2023-07-26 14:38:00,UP,1973.73,1962.4,11.329999999999927,8.1657743331977,1.3874985442517274,SAME_NEAREST,13.690000000000056,22.470000000000027,MULTI_CHILD_ERA4,SL,2023-07-27 15:49:00,1962.4,-1.0,2023,-11.329999999999927,0.12,0.12,0.12,-11.329999999999927,-11.449999999999926,-11.569999999999927,-11.689999999999927,136,1.0,CHALLENGE_OPENS,2023-07-27 16:36:00,False,2023-07-26 14:38:00,1973.73,UP,0.0,0.0,1,8.400000000000091,12.420000000000073,25.183333333333334,1.0286838280418986,1.5209825171762281,0.05143419140210328,0.308605148412564,-0.06368042745020985,0.1604256922303353,1.2050296271347722,-0.06735429826464182,0.5621022346085928,1.2050296271347722,-0.17022268106884839,1.0286838280418986,1.2050296271347722,0.40290116598306813,<=0.5
FULL_2022_202608,2023-08-04 15:30:00,DOWN,1929.45,1937.45,8.0,8.090522409641917,0.9888113022795616,OPPOSITE_NEAREST,16.809999999999945,9.240000000000007,MULTI_CHILD_ERA4,SL,2023-08-04 15:31:00,1937.45,-1.0,2023,-8.0,0.12,0.12,0.12,-8.0,-8.12,-8.24,-8.36,138,6.0,CHALLENGE_OPENS,2023-08-04 15:40:00,False,2023-08-01 15:21:00,1950.93,DOWN,21.480000000000018,2.654958346620625,4+,4.210000000000036,8.799999999999955,0.016666666666666666,0.5203619478246237,1.0876924325075121,0.5203619478246237,1.0876924325075121,-0.7922850559514807,0.5203619478246237,1.0876924325075121,-0.7922850559514807,0.5203619478246237,1.0876924325075121,-0.7922850559514807,0.5203619478246237,1.0876924325075121,-0.7922850559514807,2-3
FULL_2022_202608,2023-08-01 15:21:00,DOWN,1950.93,1957.69,6.759999999999991,8.203313023259186,0.8240573023159166,SAME_NEAREST,8.38000000000011,21.419999999999845,MULTI_CHILD_ERA4,CHALLENGE_OPENS,2023-08-04 15:40:00,1938.69,1.810650887573968,2023,12.240000000000009,0.12,0.12,0.12,12.240000000000009,12.12000000000001,12.000000000000009,11.88000000000001,138,1.0,PRIMARY_CONTINUES,2023-08-01 18:15:00,True,2023-08-01 15:21:00,1950.93,DOWN,0.0,0.0,1,25.690000000000055,3.7999999999999545,72.31666666666666,3.1316615527360905,0.46322747763320266,0.7887057316544394,0.1950431484771292,0.6899651377378937,1.1629447727949445,0.34863962790287606,0.9800918210976255,1.1800110482867066,0.34863962790287606,0.19748118783311894,1.1800110482867066,0.46322747763320266,0.49736002861672657,<=0.5
FULL_2022_202608,2023-08-01 18:15:00,DOWN,1942.55,1957.69,15.1400000000001,8.223072395352192,1.8411609763471692,SAME_NEAREST,9.700000000000044,29.799999999999955,MULTI_CHILD_ERA4,CHALLENGE_OPENS,2023-08-04 15:40:00,1938.69,0.2549537648612863,2023,3.8599999999999,0.12,0.12,0.12,3.8599999999999,3.7399999999999,3.6199999999998997,3.4999999999999,138,2.0,PRIMARY_CONTINUES,2023-08-02 17:12:00,True,2023-08-01 15:21:00,1950.93,DOWN,8.38000000000011,1.019083816498638,2,17.309999999999945,12.180000000000064,69.41666666666667,2.1050526090204222,1.4811981962951448,0.14106649488523346,0.3088869801797697,0.03648271419445598,0.15809176150932766,0.35266623721313894,-0.29915825639458876,0.15809176150932766,1.257437549235791,-0.5277832653465608,1.0458378069078855,1.4811981962951448,0.9728723785189736,1-2
FULL_2022_202608,2023-08-02 17:12:00,DOWN,1941.25,1954.73,13.480000000000018,8.207840262670105,1.6423321566463842,SAME_NEAREST,8.400000000000091,31.09999999999991,MULTI_CHILD_ERA4,CHALLENGE_OPENS,2023-08-04 15:40:00,1938.69,0.1899109792284823,2023,2.5599999999999454,0.12,0.12,0.12,2.5599999999999454,2.4399999999999453,2.319999999999945,2.1999999999999456,138,3.0,PRIMARY_CONTINUES,2023-08-03 08:08:00,True,2023-08-01 15:21:00,1950.93,DOWN,9.680000000000064,1.1793601837045313,3,16.00999999999999,0.5099999999999909,46.46666666666667,1.9505740228418813,0.062135712157985155,0.8893935269672488,0.062135712157985155,0.8053275634593784,1.0100099093915762,0.062135712157985155,0.6311038999575938,1.0100099093915762,0.062135712157985155,0.4849022242917381,1.4376498107141864,0.062135712157985155,0.7249166418431786,1-2
FULL_2022_202608,2023-08-03 08:08:00,DOWN,1932.96,1938.86,5.899999999999864,8.17689549626859,0.7215452371492633,SAME_NEAREST,0.1100000000001273,21.769999999999985,MULTI_CHILD_ERA4,AMBIGUOUS,2023-08-04 15:40:00,,,2023,,0.12,0.12,0.12,,,,,138,4.0,PRIMARY_CONTINUES,2023-08-03 09:55:00,True,2023-08-01 15:21:00,1950.93,DOWN,17.970000000000027,2.197655578232641,4+,7.720000000000027,6.009999999999991,31.533333333333335,0.9441235984394002,0.7349977754690112,0.009783664232523713,0.3827858630978239,-0.2507063959586426,0.25682118610399773,0.6628432517540933,-0.5319867426439495,0.4292582682023672,0.7007549506551505,-0.2666048503365214,0.4292582682023672,0.7007549506551505,-0.21034878099945445,2-3
FULL_2022_202608,2023-08-03 09:55:00,DOWN,1932.85,1938.86,6.009999999999991,8.17689549626859,0.7349977754690112,SAME_NEAREST,20.20999999999981,21.88000000000011,MULTI_CHILD_ERA4,AMBIGUOUS,2023-08-04 15:40:00,,,2023,,0.14,0.12,0.12,,,,,138,5.0,PRIMARY_CONTINUES,2023-08-04 15:30:00,True,2023-08-01 15:21:00,1950.93,DOWN,18.080000000000155,2.211108116552389,4+,7.6099999999999,6.120000000000118,29.75,0.9306710601196523,0.7484503137887591,0.2433686477842498,0.5601147773125108,-0.5381015327893047,0.2433686477842498,0.6762957900738412,-0.07582339780214219,0.41580572988261927,0.7142074889748984,-0.06726269159868395,0.41580572988261927,0.7142074889748984,-0.033019866784795335,2-3
FULL_2022_202608,2023-08-15 13:28:00,DOWN,1902.66,1908.22,5.559999999999945,7.732806847446385,0.7190144677978129,SAME_NEAREST,0.0700000000001637,13.549999999999956,MULTI_CHILD_ERA4,SL,2023-08-15 17:34:00,1908.22,-1.0,2023,-5.559999999999945,0.13,0.13,0.13,-5.559999999999945,-5.689999999999945,-5.819999999999945,-5.949999999999945,139,7.0,PRIMARY_CONTINUES,2023-08-15 14:03:00,True,2023-08-08 05:00:00,1931.42,DOWN,28.75999999999999,3.7192187219182182,4+,6.350000000000136,6.259999999999991,4.1,0.8211765954165925,0.8095378720169687,0.08923021273031204,0.1681148935498441,-0.049141276576094704,0.8211765954165925,0.6220251061344378,-0.5146902125603122,0.8211765954165925,0.8095378720169687,-0.7565170209743132,0.8211765954165925,0.8095378720169687,-0.7565170209743132,3-4
FULL_2022_202608,2023-08-15 14:03:00,DOWN,1902.59,1908.22,5.630000000000109,7.732806847446385,0.728066808219749,SAME_NEAREST,2.059999999999945,13.620000000000118,MULTI_CHILD_ERA4,SL,2023-08-15 17:34:00,1908.22,-1.0,2023,-5.630000000000109,0.13,0.13,0.13,-5.630000000000109,-5.760000000000109,-5.890000000000109,-6.020000000000109,139,8.0,PRIMARY_CONTINUES,2023-08-15 15:30:00,True,2023-08-08 05:00:00,1931.42,DOWN,28.830000000000155,3.7282710623401543,4+,6.279999999999973,6.330000000000155,3.5166666666666666,0.8121242549946563,0.8185902124389048,0.08017787230837588,0.2612246807466876,-0.20820382970406143,0.8121242549946563,0.8185902124389048,-0.7655693613962493,0.8121242549946563,0.8185902124389048,-0.7655693613962493,0.8121242549946563,0.8185902124389048,-0.7655693613962493,3-4
FULL_2022_202608,2023-08-15 15:30:00,DOWN,1900.53,1908.22,7.690000000000055,7.732806847446385,0.994464254921812,SAME_NEAREST,7.589999999999918,15.680000000000064,MULTI_CHILD_ERA4,SL,2023-08-15 17:34:00,1908.22,-1.0,2023,-7.690000000000055,0.13,0.13,0.13,-7.690000000000055,-7.8200000000000545,-7.950000000000054,-8.080000000000055,139,9.0,PRIMARY_CONTINUES,2023-08-16 21:03:00,True,2023-08-08 05:00:00,1931.42,DOWN,30.8900000000001,3.994668509042217,4+,4.220000000000027,8.3900000000001,2.066666666666667,0.5457268082925935,1.0849876591409677,0.5457268082925935,0.8974748932584369,-0.36080042538775026,0.5457268082925935,1.0849876591409677,-1.0319668080983122,0.5457268082925935,1.0849876591409677,-1.0319668080983122,0.5457268082925935,1.0849876591409677,-1.0319668080983122,3-4
FULL_2022_202608,2023-08-08 05:00:00,DOWN,1931.42,1938.04,6.619999999999891,8.018607107470807,0.8255797935070474,SAME_NEAREST,6.180000000000064,10.220000000000027,MULTI_CHILD_ERA4,CHALLENGE_OPENS,2023-08-21 15:43:00,1896.82,5.22658610271914,2023,34.600000000000136,0.12,0.13,0.13,34.600000000000136,34.470000000000134,34.34000000000014,34.210000000000136,139,1.0,PRIMARY_CONTINUES,2023-08-08 15:09:00,True,2023-08-08 05:00:00,1931.42,DOWN,0.0,0.0,1,46.700000000000045,4.189999999999827,322.71666666666664,5.823954132444076,0.5225346427181937,0.0411542797367761,0.4651680709639505,-0.3791182133325431,0.0411542797367761,0.49011005868317437,-0.3940834059640774,1.0837293664012697,0.5225346427181937,0.6272909911390474,1.0837293664012697,0.5225346427181937,0.4751448660516684,<=0.5
FULL_2022_202608,2023-08-08 15:09:00,DOWN,1925.24,1935.61,10.36999999999989,7.982450318841733,1.2990998485167642,SAME_NEAREST,12.599999999999907,16.40000000000009,MULTI_CHILD_ERA4,CHALLENGE_OPENS,2023-08-21 15:43:00,1896.82,2.7405978784956964,2023,28.420000000000073,0.12,0.13,0.13,28.420000000000073,28.290000000000074,28.16000000000007,28.030000000000072,139,2.0,PRIMARY_CONTINUES,2023-08-09 15:05:00,True,2023-08-08 05:00:00,1931.42,DOWN,6.180000000000064,0.7741983668113568,2,40.51999999999998,7.039999999999964,312.56666666666666,5.076135570096414,0.8819347091184252,0.197934210285093,0.5825278973580651,-0.2994068117603885,0.3144397897567117,0.8418467677948681,-0.0075164889981615985,0.3144397897567117,0.8418467677948681,-0.08017588264714251,0.3482639902484674,0.8819347091184252,0.3194507824221528,0.5-1
FULL_2022_202608,2023-08-09 15:05:00,DOWN,1922.73,1932.28,9.549999999999956,7.926485510874363,1.2048214794436056,SAME_NEAREST,10.089999999999918,18.91000000000008,MULTI_CHILD_ERA4,CHALLENGE_OPENS,2023-08-21 15:43:00,1896.82,2.713089005235624,2023,25.910000000000082,0.12,0.13,0.13,25.910000000000082,25.780000000000083,25.65000000000008,25.52000000000008,139,3.0,PRIMARY_CONTINUES,2023-08-10 17:53:00,True,2023-08-08 05:00:00,1931.42,DOWN,8.690000000000055,1.0963244666350838,3,38.00999999999999,7.289999999999964,288.6333333333333,4.795315647502791,0.9197014225281553,0.08074196302031747,0.4617431010223787,-0.29268961594859705,0.9121318634950086,0.6017799431357073,0.6989226173945092,1.1064172120126126,0.6017799431357073,0.7834493599314001,1.1064172120126126,0.6017799431357073,0.11228179232512406,1-2
FULL_2022_202608,2023-08-10 17:53:00,DOWN,1913.96,1932.28,18.319999999999936,7.872846986232102,2.326985400838812,SAME_NEAREST,1.3199999999999363,18.319999999999936,MULTI_CHILD_ERA4,CHALLENGE_OPENS,2023-08-21 15:43:00,1896.82,0.9355895196506636,2023,17.1400000000001,0.13,0.13,0.13,17.1400000000001,17.0100000000001,16.8800000000001,16.7500000000001,139,4.0,PRIMARY_CONTINUES,2023-08-10 23:45:00,True,2023-08-08 05:00:00,1931.42,DOWN,17.460000000000036,2.2177491866073074,4+,29.24000000000001,7.730000000000018,261.8333333333333,3.7140312838715666,0.9818557395460762,0.14099092767092716,0.7951380245224339,-0.7837063276842623,0.14099092767092716,0.9818557395460762,-0.08256225494240803,0.4115410861745522,0.9818557395460762,-0.12320828814485363,0.4115410861745522,0.9818557395460762,-0.6198520063369631,2-3
FULL_2022_202608,2023-08-10 23:45:00,DOWN,1912.64,1930.02,17.37999999999988,7.908608947419703,2.1976051813347475,SAME_NEAREST,10.050000000000182,19.639999999999876,MULTI_CHILD_ERA4,CHALLENGE_OPENS,2023-08-21 15:43:00,1896.82,0.9102416570771156,2023,15.820000000000164,0.18,0.13,0.13,15.820000000000164,15.690000000000163,15.560000000000164,15.430000000000163,139,5.0,PRIMARY_CONTINUES,2023-08-14 03:41:00,True,2023-08-08 05:00:00,1931.42,DOWN,18.779999999999973,2.3746274629152344,4+,27.920000000000073,8.240000000000009,255.96666666666667,3.530330072662067,1.0419025715879437,0.07207335750064293,0.04172668065824578,0.04425557039513617,0.24277341473894729,0.20989784815968848,-0.20989784815968848,0.24277341473894729,0.8041869363227198,-0.7915424876384115,0.24277341473894729,1.0419025715879437,-0.08092447157962993,2-3
FULL_2022_202608,2023-08-14 03:41:00,DOWN,1910.72,1920.88,10.160000000000082,7.836412467439782,1.2965116425679204,SAME_NEAREST,8.13000000000011,10.160000000000082,MULTI_CHILD_ERA4,CHALLENGE_OPENS,2023-08-21 15:43:00,1896.82,1.3681102362204705,2023,13.900000000000091,0.13,0.13,0.13,13.900000000000091,13.77000000000009,13.640000000000091,13.51000000000009,139,6.0,PRIMARY_CONTINUES,2023-08-15 13:28:00,True,2023-08-08 05:00:00,1931.42,DOWN,20.700000000000045,2.6415148623184836,4+,26.0,5.490000000000009,180.03333333333333,3.3178447546029193,0.7005756808757714,0.08932658954700747,0.1926902145942453,-0.006380470681922888,0.08932658954700747,0.3675151112790775,-0.22076428559473502,0.6099729971923793,0.7005756808757714,0.18248146150316868,1.028531873926898,0.7005756808757714,0.6839864571027718,2-3
FULL_2022_202608,2023-08-16 21:03:00,DOWN,1896.31,1907.18,10.870000000000118,7.67223801566791,1.416796504201496,SAME_NEAREST,3.369999999999891,15.340000000000146,MULTI_CHILD_ERA4,CHALLENGE_OPENS,2023-08-21 15:43:00,1896.82,-0.0469181232750676,2023,-0.5099999999999909,0.13,0.13,0.13,-0.5099999999999909,-0.6399999999999909,-0.7699999999999909,-0.8999999999999909,139,10.0,PRIMARY_CONTINUES,2023-08-16 22:29:00,True,2023-08-08 05:00:00,1931.42,DOWN,35.11000000000013,4.576239674564321,4+,11.589999999999918,7.110000000000127,114.66666666666667,1.5106413508459104,0.9267178606138646,0.23070191466758005,0.43403241573055656,0.12512646219259183,0.6464867213283713,0.43403241573055656,0.2606801295678897,0.8784920366437896,0.43403241573055656,0.371469184634231,1.4715393314107328,0.9267178606138646,1.3842114880054803,4-6
FULL_2022_202608,2023-08-16 22:29:00,DOWN,1892.94,1907.18,14.240000000000007,7.67223801566791,1.856042522523376,SAME_NEAREST,7.240000000000009,18.71000000000004,MULTI_CHILD_ERA4,CHALLENGE_OPENS,2023-08-21 15:43:00,1896.82,-0.272471910112351,2023,-3.8799999999998818,0.13,0.13,0.13,-3.8799999999998818,-4.009999999999882,-4.1399999999998816,-4.2699999999998814,139,11.0,PRIMARY_CONTINUES,2023-08-17 18:57:00,True,2023-08-08 05:00:00,1931.42,DOWN,38.48000000000002,5.015485692886201,4+,8.220000000000027,10.480000000000018,113.23333333333333,1.0713953325240304,1.3659638789357447,0.14598087255803366,0.14728427320584228,-0.0808108401660316,0.2072407030064913,0.26459033151140454,0.026068012956794902,0.4392460183219096,0.6034744999496493,-0.38710999240831984,1.0453273195672355,1.3659638789357447,0.5643724805145014,4-6
FULL_2022_202608,2023-08-17 18:57:00,DOWN,1889.57,1907.18,17.610000000000127,7.629427076552521,2.308168073867676,SAME_NEAREST,3.869999999999891,17.610000000000127,MULTI_CHILD_ERA4,CHALLENGE_OPENS,2023-08-21 15:43:00,1896.82,-0.4116978989210646,2023,-7.25,0.13,0.13,0.13,-7.25,-7.38,-7.51,-7.64,139,12.0,PRIMARY_CONTINUES,2023-08-17 20:29:00,True,2023-08-08 05:00:00,1931.42,DOWN,41.850000000000136,5.485339800758765,4+,4.849999999999909,7.8900000000001,92.76666666666667,0.6356964882599624,1.0341536685301569,0.23461787917223317,0.213646448631717,0.21233573422290494,0.6094822000842873,0.213646448631717,0.08781786538847103,0.6094822000842873,0.7248250680572454,-0.42598218285462197,0.6094822000842873,0.9502679463680028,-0.17694644518578392,4-6
FULL_2022_202608,2023-08-17 20:29:00,DOWN,1885.7,1903.42,17.720000000000027,7.673930259460564,2.3091166326608823,SAME_NEAREST,14.170000000000073,21.480000000000015,MULTI_CHILD_ERA4,CHALLENGE_OPENS,2023-08-21 15:43:00,1896.82,-0.6275395033859974,2023,-11.11999999999989,0.13,0.13,0.13,-11.11999999999989,-11.249999999999892,-11.37999999999989,-11.509999999999891,139,13.0,PRIMARY_CONTINUES,2023-08-21 04:58:00,True,2023-08-08 05:00:00,1931.42,DOWN,45.72000000000003,5.957833659438794,4+,0.9800000000000182,11.759999999999991,91.23333333333333,0.12770509593722928,1.5324611512467219,0.10164283146023828,0.1746171719957894,-0.09773349178869407,0.10164283146023828,0.5759760449413502,-0.46260519446647935,0.10164283146023828,1.2249264304182814,-0.8483267087258634,0.10164283146023828,1.4490619049203566,-0.21110434226356498,4-6
FULL_2022_202608,2023-08-21 04:58:00,DOWN,1884.92,1896.82,11.899999999999864,7.5450311660759315,1.577196931074957,OPPOSITE_NEAREST,13.3900000000001,11.899999999999864,MULTI_CHILD_ERA4,AMBIGUOUS,2023-08-21 15:43:00,,,2023,,0.13,0.13,0.13,,,,,139,14.0,CHALLENGE_OPENS,2023-08-21 15:43:00,False,2023-08-08 05:00:00,1931.42,DOWN,46.5,6.16299641134339,4+,0.20000000000004547,12.539999999999964,10.75,0.026507511446644264,1.6620209677042126,0.026507511446644264,1.0775303403058287,-1.053673580003846,0.026507511446644264,1.2127186486836812,-0.42279480757385696,0.026507511446644264,1.6620209677042126,-1.5652685509239808,0.026507511446644264,1.6620209677042126,-1.5652685509239808,>6
FULL_2022_202608,2023-08-22 12:55:00,UP,1903.42,1893.83,9.590000000000146,7.526347011349684,1.2741905183933833,SAME_NEAREST,3.759999999999991,18.19000000000005,MULTI_CHILD_ERA4,SL,2023-08-22 16:32:00,1893.83,-1.0,2023,-9.590000000000146,0.13,0.13,0.13,-9.590000000000146,-9.720000000000146,-9.850000000000145,-9.980000000000146,140,2.0,PRIMARY_CONTINUES,2023-08-23 09:43:00,True,2023-08-22 09:20:00,1898.75,UP,4.670000000000073,0.6204869364856207,2,1.0,9.710000000000036,3.6166666666666667,0.1328665816885677,1.290134508195997,0.1328665816885677,0.20992919906795748,-0.12489458678726087,0.1328665816885677,1.290134508195997,-1.2662185234920462,0.1328665816885677,1.290134508195997,-1.2662185234920462,0.1328665816885677,1.290134508195997,-1.2662185234920462,0.5-1
FULL_2022_202608,2023-08-22 09:20:00,UP,1898.75,1893.63,5.119999999999891,7.521298670630968,0.6807335041742691,SAME_NEAREST,4.670000000000073,13.519999999999982,MULTI_CHILD_ERA4,SL,2023-08-22 16:33:00,1893.63,-1.0,2023,-5.119999999999891,0.16,0.13,0.16,-5.119999999999891,-5.279999999999891,-5.439999999999891,-5.599999999999891,140,1.0,PRIMARY_CONTINUES,2023-08-22 12:55:00,True,2023-08-22 09:20:00,1898.75,UP,0.0,0.0,1,5.670000000000073,5.569999999999936,7.216666666666667,0.7538591735680151,0.740563597314593,0.1941154132997029,0.15024001166347944,0.16087647266619295,0.7126428871824398,0.15024001166347944,0.7006768685543872,0.7538591735680151,0.740563597314593,-0.7325862515625579,0.7538591735680151,0.740563597314593,-0.7325862515625579,<=0.5
FULL_2022_202608,2023-08-24 05:33:00,UP,1920.35,1914.42,5.929999999999836,7.476243744940502,0.7931790618802288,SAME_NEAREST,0.5300000000002001,31.279999999999973,MULTI_CHILD_ERA4,SL,2023-08-24 15:12:00,1914.42,-1.0,2023,-5.929999999999836,0.13,0.13,0.13,-5.929999999999836,-6.059999999999836,-6.189999999999836,-6.319999999999836,140,7.0,PRIMARY_CONTINUES,2023-08-24 06:17:00,True,2023-08-22 09:20:00,1898.75,UP,21.59999999999991,2.8891513889735823,4+,2.519999999999982,6.039999999999964,9.65,0.3370676620469169,0.8078923328426114,0.16184598058602567,0.1310818685738044,0.08560448559923099,0.3116538303846723,0.1310818685738044,0.06420336419941565,0.3370676620469169,0.8078923328426114,-0.799866912317692,0.3370676620469169,0.8078923328426114,-0.799866912317692,2-3
FULL_2022_202608,2023-08-24 06:17:00,UP,1920.88,1914.42,6.460000000000036,7.476243744940502,0.8640702765171077,SAME_NEAREST,9.139999999999873,31.810000000000173,MULTI_CHILD_ERA4,SL,2023-08-24 15:12:00,1914.42,-1.0,2023,-6.460000000000036,0.14,0.13,0.14,-6.460000000000036,-6.600000000000036,-6.740000000000037,-6.880000000000036,140,8.0,CHALLENGE_OPENS,2023-08-25 17:02:00,False,2023-08-22 09:20:00,1898.75,UP,22.13000000000011,2.9600426036104612,4+,1.9899999999997817,6.570000000000164,8.916666666666666,0.2661764474100381,0.8787835474794902,0.09764261638657962,0.06019065393695597,0.04413981288708685,0.2661764474100381,0.12171887796139849,-0.05885308384946941,0.2661764474100381,0.8787835474794902,-0.8707581269545709,0.2661764474100381,0.8787835474794902,-0.8707581269545709,2-3
FULL_2022_202608,2023-08-23 09:43:00,UP,1904.42,1896.36,8.060000000000173,7.472504524582624,1.078620959476818,SAME_NEAREST,2.759999999999991,15.350000000000136,MULTI_CHILD_ERA4,CHALLENGE_OPENS,2023-08-25 17:02:00,1911.72,0.9057071960297516,2023,7.2999999999999545,0.14,0.13,0.14,7.2999999999999545,7.159999999999955,7.019999999999954,6.879999999999955,140,3.0,PRIMARY_CONTINUES,2023-08-23 15:30:00,True,2023-08-22 09:20:00,1898.75,UP,5.670000000000073,0.7587817419644547,3,18.909999999999854,3.1900000000000546,55.31666666666667,2.530610712618614,0.42689836981774615,0.03613246390306637,0.3666775966459587,-0.32786865393526005,0.13650041918936862,0.42689836981774615,-0.37069231485740717,2.131815370281038,0.42689836981774615,1.6339903120610053,2.443625151370504,0.42689836981774615,2.337904238468937,0.5-1
FULL_2022_202608,2023-08-23 15:30:00,UP,1907.18,1896.36,10.820000000000164,7.451879499446054,1.4519826844763772,SAME_NEAREST,4.470000000000027,18.110000000000127,MULTI_CHILD_ERA4,CHALLENGE_OPENS,2023-08-25 17:02:00,1911.72,0.4195933456561825,2023,4.539999999999964,0.13,0.13,0.13,4.539999999999964,4.409999999999964,4.279999999999964,4.149999999999964,140,4.0,PRIMARY_CONTINUES,2023-08-23 16:33:00,True,2023-08-22 09:20:00,1898.75,UP,8.430000000000064,1.1312582282935089,4+,16.149999999999864,4.190000000000055,49.53333333333333,2.1672384800640425,0.562274255818485,0.558248425824531,0.562274255818485,0.31804056952022214,1.6734033341423464,0.562274255818485,1.6626677874918536,1.7673393673339532,0.562274255818485,1.5257895676983364,2.105509086823823,0.562274255818485,0.9957219518312691,1-2
FULL_2022_202608,2023-08-23 16:33:00,UP,1911.65,1901.23,10.420000000000073,7.451369057782464,1.3984007394073537,SAME_NEAREST,4.559999999999945,22.580000000000155,MULTI_CHILD_ERA4,CHALLENGE_OPENS,2023-08-25 17:02:00,1911.72,0.0067178502879017,2023,0.06999999999993634,0.13,0.13,0.13,0.06999999999993634,-0.06000000000006367,-0.19000000000006367,-0.3200000000000637,140,5.0,PRIMARY_CONTINUES,2023-08-23 16:47:00,True,2023-08-22 09:20:00,1898.75,UP,12.900000000000091,1.731225483527338,4+,11.679999999999836,3.4200000000000728,48.483333333333334,1.5674971819844095,0.45897605842353334,0.971633527188981,0.45897605842353334,0.6643074529813913,1.1675706749370092,0.45897605842353334,0.9434507867594615,1.1675706749370092,0.45897605842353334,0.9179521168470361,1.505763560091182,0.45897605842353334,0.3006158979148237,1-2
FULL_2022_202608,2023-08-23 16:47:00,UP,1916.21,1901.23,14.980000000000018,7.451369057782464,2.0103688173053778,SAME_NEAREST,4.670000000000073,27.1400000000001,MULTI_CHILD_ERA4,CHALLENGE_OPENS,2023-08-25 17:02:00,1911.72,-0.299732977303071,2023,-4.490000000000009,0.13,0.13,0.13,-4.490000000000009,-4.620000000000009,-4.750000000000009,-4.880000000000009,140,6.0,PRIMARY_CONTINUES,2023-08-24 05:33:00,True,2023-08-22 09:20:00,1898.75,UP,17.460000000000036,2.343193561425362,4+,7.119999999999891,4.940000000000055,48.25,0.9555291040863854,0.6629654177228748,0.35966544929095684,0.468370305233363,-0.042945128273537525,0.5556025970389852,0.468370305233363,0.33550881463707866,0.5556025970389852,0.468370305233363,0.26035484015838034,0.893795482193158,0.6025738310881945,-0.2509605933485507,2-3
FULL_2022_202608,2023-08-28 18:34:00,UP,1922.37,1903.73,18.639999999999876,7.324887435297094,2.5447490032649003,SAME_NEAREST,0.9600000000000364,18.639999999999876,MULTI_CHILD_ERA4,CHALLENGE_OPENS,2023-08-31 16:36:00,1941.64,1.0337982832618209,2023,19.27000000000021,0.13,0.13,0.13,19.27000000000021,19.14000000000021,19.010000000000208,18.88000000000021,141,1.0,PRIMARY_CONTINUES,2023-08-28 18:37:00,True,2023-08-28 18:34:00,1922.37,UP,0.0,0.0,1,26.65000000000009,7.979999999999791,70.03333333333333,3.6382811661486207,1.089436536805446,0.4983011728496342,0.13379045188836305,-0.04505188686036683,0.4983011728496342,0.7563256157772292,-0.324919668871792,0.4983011728496342,0.7563256157772292,0.3918148948160201,1.9385963436889457,1.089436536805446,1.9085617524486909,<=0.5
FULL_2022_202608,2023-08-28 18:37:00,UP,1923.33,1903.73,19.59999999999991,7.324887435297094,2.67580903776782,SAME_NEAREST,6.690000000000055,19.59999999999991,MULTI_CHILD_ERA4,CHALLENGE_OPENS,2023-08-31 16:36:00,1941.64,0.9341836734694008,2023,18.310000000000173,0.13,0.13,0.13,18.310000000000173,18.180000000000174,18.05000000000017,17.920000000000172,141,2.0,PRIMARY_CONTINUES,2023-08-29 17:00:00,True,2023-08-28 18:34:00,1922.37,UP,0.9600000000000364,0.1310600345029192,2,25.690000000000055,8.939999999999827,69.98333333333333,3.507221131645702,1.220496571308365,0.367241138346715,0.2648504863912822,-0.13788607796660643,0.367241138346715,0.8873856502801484,-0.45051886860376145,0.367241138346715,0.8873856502801484,0.30853716455894264,1.8075363091860266,1.220496571308365,1.6955891963814627,<=0.5
FULL_2022_202608,2023-08-29 17:00:00,UP,1926.02,1912.73,13.289999999999964,7.294380621257008,1.8219504424091535,SAME_NEAREST,4.0,13.289999999999964,MULTI_CHILD_ERA4,CHALLENGE_OPENS,2023-08-31 16:36:00,1941.64,1.1753197893152867,2023,15.620000000000118,0.13,0.13,0.13,15.620000000000118,15.490000000000117,15.360000000000118,15.230000000000118,141,3.0,PRIMARY_CONTINUES,2023-08-29 17:04:00,True,2023-08-28 18:34:00,1922.37,UP,3.650000000000091,0.5003851854622721,3,23.0,5.220000000000027,47.6,3.153112127570403,0.7156193611268516,1.2214882198544585,0.7156193611268516,1.1968116901604207,1.6588111627652864,0.7156193611268516,1.5025264747031186,1.6588111627652864,0.7156193611268516,1.3997076009779967,3.1023881498660244,0.7156193611268516,2.913201422211785,0.5-1
FULL_2022_202608,2023-08-29 17:04:00,UP,1930.02,1912.73,17.289999999999964,7.294380621257008,2.3703177689431367,SAME_NEAREST,2.259999999999991,17.289999999999964,MULTI_CHILD_ERA4,CHALLENGE_OPENS,2023-08-31 16:36:00,1941.64,0.6720647773279435,2023,11.620000000000118,0.13,0.13,0.13,11.620000000000118,11.490000000000117,11.360000000000118,11.230000000000118,141,4.0,PRIMARY_CONTINUES,2023-08-29 17:09:00,True,2023-08-28 18:34:00,1922.37,UP,7.650000000000091,1.048752511996255,4+,19.0,1.4100000000000819,47.53333333333333,2.6047448010364196,0.19329948260324026,0.6731208933204754,0.19329948260324026,0.36603519046144367,1.1104438362313032,0.19329948260324026,0.9075479254137582,1.1104438362313032,0.19329948260324026,0.89383874225039,2.554020823332041,0.19329948260324026,2.120810635370183,1-2
FULL_2022_202608,2023-08-29 17:09:00,UP,1932.28,1912.73,19.549999999999955,7.294380621257008,2.680145308434836,SAME_NEAREST,9.360000000000127,19.549999999999955,MULTI_CHILD_ERA4,CHALLENGE_OPENS,2023-08-31 16:36:00,1941.64,0.4787723785166317,2023,9.360000000000127,0.13,0.13,0.13,9.360000000000127,9.230000000000127,9.100000000000128,8.970000000000127,141,5.0,PRIMARY_CONTINUES,2023-08-30 12:27:00,True,2023-08-28 18:34:00,1922.37,UP,9.910000000000082,1.3585800514879542,4+,16.74000000000001,3.2000000000000455,47.45,2.2949172615447204,0.43869386122719267,0.36329335382877626,0.43869386122719267,0.22894335882794792,0.8006162967396041,0.43869386122719267,0.5689311012790199,0.8006162967396041,0.43869386122719267,0.5552219181156516,2.244193283840342,0.43869386122719267,1.8274341156744887,1-2
FULL_2022_202608,2023-08-30 12:27:00,UP,1938.12,1914.39,23.72999999999979,7.25714245788456,3.269882069659279,SAME_NEAREST,3.520000000000209,23.72999999999979,MULTI_CHILD_ERA4,CHALLENGE_OPENS,2023-08-31 16:36:00,1941.64,0.1483354403708487,2023,3.520000000000209,0.13,0.13,0.13,3.520000000000209,3.3900000000002093,3.2600000000002094,3.130000000000209,141,6.0,PRIMARY_CONTINUES,2023-08-30 15:15:00,True,2023-08-28 18:34:00,1922.37,UP,15.75,2.170275709950868,4+,10.900000000000091,1.509999999999991,28.15,1.5019685865691847,0.2080708775889391,0.09094488689319051,0.2080708775889391,-0.13090551901288444,1.0748032087375978,0.2080708775889391,1.0196850954689918,1.5019685865691847,0.2080708775889391,0.5649606610031019,1.5019685865691847,0.2080708775889391,0.773031538592041,2-3
FULL_2022_202608,2023-08-30 15:15:00,UP,1941.64,1934.93,6.710000000000036,7.25714245788456,0.9246063500806604,SAME_NEAREST,5.089999999999918,27.25,MULTI_CHILD_ERA4,CHALLENGE_OPENS,2023-08-31 16:36:00,1941.64,0.0,2023,0.0,0.13,0.13,0.13,0.0,-0.13,-0.26,-0.39,141,7.0,PRIMARY_CONTINUES,2023-08-30 16:31:00,True,2023-08-28 18:34:00,1922.37,UP,19.27000000000021,2.6553151067145193,4+,7.379999999999882,2.7800000000002,25.35,1.0169291898055333,0.3830708872167522,0.5718504251616385,0.3830708872167522,0.3527559249189907,1.0169291898055333,0.3830708872167522,0.31417324563097904,1.0169291898055333,0.3830708872167522,0.4616141986244578,1.0169291898055333,0.3830708872167522,0.744094529125993,2-3
FULL_2022_202608,2023-08-30 16:31:00,UP,1946.73,1934.93,11.799999999999956,7.271602777562978,1.622750906637757,SAME_NEAREST,8.0,32.33999999999992,MULTI_CHILD_ERA4,CHALLENGE_OPENS,2023-08-31 16:36:00,1941.64,-0.4313559322033845,2023,-5.089999999999918,0.13,0.13,0.13,-5.089999999999918,-5.219999999999918,-5.349999999999918,-5.479999999999918,141,8.0,CHALLENGE_OPENS,2023-08-31 16:36:00,False,2023-08-28 18:34:00,1922.37,UP,24.360000000000127,3.350017973364078,4+,2.2899999999999636,5.589999999999918,24.083333333333332,0.31492369289834055,0.7687438617038105,0.31492369289834055,0.4455688930090142,0.10726658535401788,0.31492369289834055,0.49507654778777965,-0.26679125075231774,0.31492369289834055,0.6999832300666171,0.03713074108408191,0.31492369289834055,0.6999832300666171,-0.519830375177178,3-4
FULL_2022_202608,2023-09-01 15:30:00,UP,1949.02,1938.19,10.829999999999927,7.0970956164729095,1.5259763409221452,SAME_NEAREST,5.710000000000036,14.089999999999918,MULTI_CHILD_ERA4,AMBIGUOUS,2023-09-01 17:01:00,,,2023,,0.13,0.13,0.13,,,,,142,1.0,CHALLENGE_OPENS,2023-09-01 17:01:00,False,2023-09-01 15:30:00,1949.02,UP,0.0,0.0,1,3.849999999999909,11.490000000000009,1.5166666666666666,0.5424754305217138,1.6189721290115957,0.5424754305217138,0.5382483492449249,-0.128221465396056,0.5424754305217138,1.6189721290115957,-1.230080651546671,0.5424754305217138,1.6189721290115957,-1.230080651546671,0.5424754305217138,1.6189721290115957,-1.230080651546671,<=0.5
FULL_2022_202608,2023-09-01 17:34:00,DOWN,1934.93,1954.73,19.799999999999955,7.11322286304806,2.7835483832311043,OPPOSITE_NEAREST,20.539999999999964,19.799999999999955,MULTI_CHILD_ERA4,CHALLENGE_OPENS,2023-09-08 03:36:00,1923.56,0.5742424242424315,2023,11.370000000000118,0.13,0.13,0.13,11.370000000000118,11.240000000000117,11.110000000000118,10.980000000000118,143,1.0,PRIMARY_CONTINUES,2023-09-05 04:48:00,True,2023-09-01 17:34:00,1934.93,DOWN,0.0,0.0,1,19.680000000000064,11.329999999999927,154.03333333333333,2.766678393029719,1.5928082415155698,0.07872662093989409,0.784454544365121,-0.30506565614197373,0.07872662093989409,0.926443628560242,-0.7760195492644283,0.07872662093989409,0.926443628560242,-0.6663646129553278,0.07872662093989409,0.926443628560242,-0.6663646129553278,<=0.5
FULL_2022_202608,2023-09-05 04:48:00,DOWN,1936.77,1946.26,9.490000000000007,6.999124520321934,1.3558838641098363,SAME_NEAREST,2.400000000000091,9.490000000000007,MULTI_CHILD_ERA4,CHALLENGE_OPENS,2023-09-08 03:36:00,1923.56,1.3919915700737644,2023,13.210000000000036,0.13,0.13,0.13,13.210000000000036,13.080000000000036,12.950000000000037,12.820000000000036,143,2.0,PRIMARY_CONTINUES,2023-09-05 11:08:00,True,2023-09-01 17:34:00,1934.93,DOWN,-1.8399999999999181,-0.26289002212455065,2,21.519999999999982,2.150000000000091,70.8,3.074670258761183,0.3071812758520831,0.2671762724852733,0.007143750601204436,-0.005715000480963549,0.2671762724852733,0.3071812758520831,-0.07715250649307288,1.267301356654804,0.3071812758520831,0.8658225728667572,1.7959389011444196,0.3071812758520831,1.670208890563124,<=0.5
FULL_2022_202608,2023-09-05 11:08:00,DOWN,1934.37,1938.92,4.550000000000182,6.9824071618757015,0.65163773674549,OPPOSITE_NEAREST,19.97999999999979,11.8900000000001,MULTI_CHILD_ERA4,CHALLENGE_OPENS,2023-09-08 03:36:00,1923.56,2.375824175824069,2023,10.809999999999945,0.13,0.13,0.13,10.809999999999945,10.679999999999945,10.549999999999946,10.419999999999945,143,3.0,CHALLENGE_OPENS,2023-09-08 03:36:00,False,2023-09-01 17:34:00,1934.93,DOWN,0.5600000000001728,0.08020156759946645,3,19.11999999999989,1.0,64.46666666666667,2.7383106651809226,0.14321708499900304,0.3064845618978483,0.14321708499900304,0.2320116776983693,0.6416125407955037,0.14321708499900304,0.5026919683464994,1.2989789609409486,0.14321708499900304,1.1600583884919118,1.6985546280881618,0.14321708499900304,1.4980507090895445,<=0.5
FULL_2022_202608,2023-09-08 17:04:00,UP,1929.13,1916.18,12.950000000000044,6.7993302400950775,1.9045993565123496,SAME_NEAREST,9.789999999999964,12.950000000000044,MULTI_CHILD_ERA4,AMBIGUOUS,2023-09-12 13:35:00,,,2023,,0.13,0.13,0.13,,,,,144,1.0,PRIMARY_CONTINUES,2023-09-11 10:12:00,True,2023-09-08 17:04:00,1929.13,UP,0.0,0.0,1,1.5399999999999636,14.02000000000021,92.51666666666667,0.22649289645011114,2.06196779755239,0.08236105325457979,0.8780276570176634,-0.801549536138406,0.08236105325457979,1.7384065169093597,-1.2515938628510004,0.08236105325457979,1.7384065169093597,-1.5001477557085703,0.08236105325457979,1.7384065169093597,-1.5001477557085703,<=0.5
FULL_2022_202608,2023-09-11 10:12:00,UP,1929.69,1916.62,13.070000000000164,6.795791889480933,1.923249006525781,SAME_NEAREST,9.230000000000018,13.509999999999993,MULTI_CHILD_ERA4,AMBIGUOUS,2023-09-12 13:35:00,,,2023,,0.13,0.13,0.13,,,,,144,2.0,CHALLENGE_OPENS,2023-09-12 13:35:00,False,2023-09-08 17:04:00,1929.13,UP,0.5599999999999454,0.08240393601027689,2,0.9800000000000182,14.580000000000155,27.383333333333333,0.14420688801800127,2.1454453339820834,0.14420688801800127,0.6386305040797295,-0.5135531012069555,0.14420688801800127,0.7357494286632582,-0.6121435246478428,0.14420688801800127,1.2287015458676611,-1.1874995778625228,0.14420688801800127,1.602462255628591,-1.5009288344730534,<=0.5
FULL_2022_202608,2023-09-13 15:30:00,DOWN,1907.53,1913.82,6.289999999999964,6.660811536797947,0.9443293756700036,SAME_NEAREST,3.7999999999999545,16.960000000000036,MULTI_CHILD_ERA4,SL,2023-09-13 15:51:00,1913.82,-1.0,2023,-6.289999999999964,0.13,0.13,0.13,-6.289999999999964,-6.4199999999999635,-6.549999999999963,-6.679999999999963,145,3.0,PRIMARY_CONTINUES,2023-09-14 15:30:00,True,2023-09-12 14:04:00,1914.39,DOWN,6.860000000000127,1.0299045337196158,3,2.509999999999991,6.529999999999973,0.35,0.37683095913063824,0.9803610211645682,0.37683095913063824,0.9803610211645682,-0.7851896080690247,0.37683095913063824,0.9803610211645682,-0.7851896080690247,0.37683095913063824,0.9803610211645682,-0.7851896080690247,0.37683095913063824,0.9803610211645682,-0.7851896080690247,1-2
FULL_2022_202608,2023-09-14 15:30:00,DOWN,1903.73,1911.0,7.269999999999982,6.63127048271003,1.0963208360985028,OPPOSITE_NEAREST,14.660000000000082,11.970000000000027,MULTI_CHILD_ERA4,SL,2023-09-14 18:10:00,1911.0,-1.0,2023,-7.269999999999982,0.13,0.13,0.13,-7.269999999999982,-7.399999999999982,-7.529999999999982,-7.6599999999999815,145,4.0,CHALLENGE_OPENS,2023-09-15 04:30:00,False,2023-09-12 14:04:00,1914.39,DOWN,10.660000000000082,1.6075350911705857,4+,2.7999999999999545,7.629999999999882,2.6666666666666665,0.4222418625963914,1.1506090755751675,0.39358973620594756,0.6167747207211551,0.1749287716470916,0.4222418625963914,1.1506090755751675,-1.1008448560548887,0.4222418625963914,1.1506090755751675,-1.1008448560548887,0.4222418625963914,1.1506090755751675,-1.1008448560548887,1-2
FULL_2022_202608,2023-09-12 14:04:00,DOWN,1914.39,1921.32,6.929999999999836,6.704933960054513,1.0335672269534917,SAME_NEAREST,1.660000000000082,16.279999999999973,MULTI_CHILD_ERA4,CHALLENGE_OPENS,2023-09-15 04:30:00,1912.04,0.3391053391053668,2023,2.3500000000001364,0.13,0.13,0.13,2.3500000000001364,2.2200000000001365,2.0900000000001366,1.9600000000001363,145,1.0,PRIMARY_CONTINUES,2023-09-12 14:30:00,True,2023-09-12 14:04:00,1914.39,DOWN,0.0,0.0,1,13.460000000000036,1.3099999999999454,62.43333333333333,2.0074768939097205,0.19537850899120485,0.5264779669763519,0.13273807099401122,0.30723643398620804,1.0231271539540046,0.13273807099401122,0.19239563099137563,1.0231271539540046,0.13273807099401122,0.13721238799383983,1.0231271539540046,0.13273807099401122,0.2595103859883301,<=0.5
FULL_2022_202608,2023-09-12 14:30:00,DOWN,1912.73,1921.32,8.589999999999918,6.704933960054513,1.2811461009423692,SAME_NEAREST,9.0,17.940000000000055,MULTI_CHILD_ERA4,CHALLENGE_OPENS,2023-09-15 04:30:00,1912.04,0.080325960419099,2023,0.6900000000000546,0.13,0.13,0.13,0.6900000000000546,0.5600000000000546,0.43000000000005456,0.30000000000005456,145,2.0,PRIMARY_CONTINUES,2023-09-13 15:30:00,True,2023-09-12 14:04:00,1914.39,DOWN,1.6600000000000819,0.24757887398887754,2,11.799999999999955,2.9700000000000273,62.0,1.7598980199208432,0.4429573829800824,0.6174557459722453,0.10440072999531144,0.5041063819773445,0.7755482799651271,0.2953049219867216,0.13124663199411357,0.7755482799651271,0.34303096998456567,-0.04772604799784406,0.7755482799651271,0.34303096998456567,0.07457194999664618,<=0.5
FULL_2022_202608,2023-09-15 04:34:00,UP,1912.86,1900.93,11.929999999999836,6.624225112061218,1.80096536548524,SAME_NEAREST,2.840000000000145,11.929999999999836,MULTI_CHILD_ERA4,CHALLENGE_OPENS,2023-09-19 21:18:00,1929.77,1.4174350377200595,2023,16.910000000000082,0.13,0.13,0.13,16.910000000000082,16.780000000000083,16.65000000000008,16.52000000000008,146,1.0,PRIMARY_CONTINUES,2023-09-15 05:00:00,True,2023-09-15 04:34:00,1912.86,UP,0.0,0.0,1,24.450000000000045,0.5599999999999454,112.73333333333333,3.6909977523985584,0.08453818982997904,0.45439277033618025,0.08453818982997904,0.3321143171892426,0.5917673288099219,0.08453818982997904,0.41363328595386767,2.0213685032563182,0.08453818982997904,1.9866474610047133,2.643328042719779,0.08453818982997904,1.6303793752926392,<=0.5
FULL_2022_202608,2023-09-15 05:00:00,UP,1915.7,1900.93,14.769999999999982,6.624225112061218,2.229694756765912,SAME_NEAREST,8.789999999999964,14.769999999999982,MULTI_CHILD_ERA4,CHALLENGE_OPENS,2023-09-19 21:18:00,1929.77,0.9526066350710868,2023,14.069999999999936,0.15,0.13,0.15,14.069999999999936,13.919999999999936,13.769999999999936,13.619999999999937,146,2.0,PRIMARY_CONTINUES,2023-09-15 16:24:00,True,2023-09-15 04:34:00,1912.86,UP,2.8400000000001455,0.4287293912806717,2,21.6099999999999,1.150000000000091,112.3,3.262268361117887,0.1736052112580233,0.0483075370456974,0.1736052112580233,-0.05585558970911658,0.1630379375292502,0.1736052112580233,0.0709516950358863,1.7707731548317005,0.1736052112580233,1.6635908070115326,2.2145986514391076,0.1736052112580233,1.2016499840119674,<=0.5
FULL_2022_202608,2023-09-15 16:24:00,UP,1924.49,1900.93,23.559999999999945,6.600286829558312,3.5695418408924766,SAME_NEAREST,6.180000000000064,23.559999999999945,MULTI_CHILD_ERA4,CHALLENGE_OPENS,2023-09-19 21:18:00,1929.77,0.2241086587436326,2023,5.279999999999973,0.13,0.13,0.13,5.279999999999973,5.149999999999973,5.019999999999973,4.889999999999973,146,3.0,PRIMARY_CONTINUES,2023-09-18 08:55:00,True,2023-09-15 04:34:00,1912.86,UP,11.63000000000011,1.7620446353811539,3,12.819999999999936,2.1800000000000637,100.9,1.9423398302309605,0.33028867627953495,0.8378423760668652,0.24695896437415704,0.6954243229921991,0.8908703745520963,0.24695896437415704,0.19241588021788586,0.8908703745520963,0.33028867627953495,-0.12575211069356973,0.8908703745520963,0.33028867627953495,-0.12575211069356973,1-2
FULL_2022_202608,2023-09-18 08:55:00,UP,1930.37,1922.31,8.059999999999945,6.594300198436434,1.2222676792771796,SAME_NEAREST,0.3000000000001819,29.439999999999827,MULTI_CHILD_ERA4,CHALLENGE_OPENS,2023-09-19 21:18:00,1929.77,-0.0744416873449023,2023,-0.599999999999909,0.18,0.13,0.18,-0.599999999999909,-0.779999999999909,-0.959999999999909,-1.139999999999909,146,4.0,PRIMARY_CONTINUES,2023-09-18 19:47:00,True,2023-09-15 04:34:00,1912.86,UP,17.50999999999999,2.6553234570897706,4+,6.940000000000055,7.629999999999882,36.38333333333333,1.0524240315364455,1.157059850233846,0.02426337824869108,0.34423667890312587,-0.2138210208164587,0.02426337824869108,0.803724404487474,-0.6065844562169667,0.4670700312870878,1.157059850233846,0.370016518292358,0.638430140168363,1.157059850233846,0.10008643527581192,2-3
FULL_2022_202608,2023-09-18 19:47:00,UP,1930.67,1922.31,8.360000000000127,6.577231872163637,1.2710514335645633,SAME_NEAREST,8.25,29.74000000000001,MULTI_CHILD_ERA4,CHALLENGE_OPENS,2023-09-19 21:18:00,1929.77,-0.1076555023923537,2023,-0.900000000000091,0.14,0.13,0.14,-0.900000000000091,-1.040000000000091,-1.180000000000091,-1.3200000000000909,146,5.0,CHALLENGE_OPENS,2023-09-19 21:18:00,False,2023-09-15 04:34:00,1912.86,UP,17.810000000000173,2.707826080357027,4+,6.639999999999873,0.9300000000000637,25.516666666666666,1.009543243883781,0.14139687000180703,0.33904840871399,0.034969118387544046,0.3223240477460161,0.5336591545229112,0.034969118387544046,0.4333129887151716,0.5944750125881797,0.034969118387544046,0.1626824203246389,1.009543243883781,0.1368356806469145,0.060815858065268444,2-3
FULL_2022_202608,2023-09-20 19:53:00,UP,1946.26,1930.86,15.400000000000093,6.409790494388472,2.4025746260321936,SAME_NEAREST,6.6099999999999,23.519999999999985,MULTI_CHILD_ERA4,SL,2023-09-20 23:11:00,1930.86,-1.0,2023,-15.400000000000091,0.13,0.22,0.13,-15.400000000000091,-15.530000000000092,-15.66000000000009,-15.790000000000092,147,2.0,CHALLENGE_OPENS,2023-09-21 03:25:00,False,2023-09-20 16:43:00,1938.92,UP,7.339999999999918,1.1451232308490908,2,1.1300000000001091,15.660000000000082,3.3,0.176292813468612,2.443137574263904,0.176292813468612,0.16069167953331684,0.05460396877344443,0.176292813468612,2.443137574263904,-2.430656667115661,0.176292813468612,2.443137574263904,-2.430656667115661,0.176292813468612,2.443137574263904,-2.430656667115661,1-2
FULL_2022_202608,2023-09-20 16:43:00,UP,1938.92,1927.89,11.029999999999973,6.409790494388472,1.720805073060706,SAME_NEAREST,7.339999999999918,16.180000000000064,MULTI_CHILD_ERA4,AMBIGUOUS,2023-09-21 03:25:00,,,2023,,0.13,0.13,0.13,,,,,147,1.0,PRIMARY_CONTINUES,2023-09-20 19:53:00,True,2023-09-20 16:43:00,1938.92,UP,0.0,0.0,1,8.470000000000027,11.610000000000127,10.7,1.321416044317703,1.8112916498853187,0.7878572637313245,0.28082041083495846,0.6412066047397413,1.321416044317703,0.28082041083495846,1.2496508282154373,1.321416044317703,1.8112916498853187,-1.775409041834186,1.321416044317703,1.8112916498853187,-1.775409041834186,<=0.5
FULL_2022_202608,2023-09-21 12:12:00,DOWN,1922.74,1930.46,7.720000000000027,6.51936721810293,1.184164005758594,SAME_NEAREST,21.809999999999945,24.65000000000009,MULTI_CHILD_ERA4,CHALLENGE_OPENS,2023-09-29 16:17:00,1879.6,5.588082901554397,2023,43.1400000000001,0.16,0.15,0.15,43.1400000000001,42.9900000000001,42.8400000000001,42.6900000000001,148,1.0,PRIMARY_CONTINUES,2023-09-26 05:31:00,True,2023-09-21 12:12:00,1922.74,DOWN,0.0,0.0,1,65.13000000000011,6.329999999999927,196.08333333333334,9.99023338018874,0.9709531290740657,0.04294895357673223,0.3052443486346638,-0.2929732190413217,1.3636292760613966,0.5092518781241506,1.2025707001486072,1.3636292760613966,0.5092518781241506,0.4248878621698539,1.3636292760613966,0.9065296987089848,-0.645768194850221,<=0.5
FULL_2022_202608,2023-09-26 05:31:00,DOWN,1913.85,1916.77,2.9200000000000728,6.390294231209626,0.4569429660592237,SAME_NEAREST,12.919999999999844,13.2800000000002,MULTI_CHILD_ERA4,CHALLENGE_OPENS,2023-09-29 16:17:00,1879.6,11.729452054794228,2023,34.25,0.18,0.15,0.15,34.25,34.1,33.95,33.8,148,2.0,PRIMARY_CONTINUES,2023-09-26 18:08:00,True,2023-09-21 12:12:00,1922.74,DOWN,8.8900000000001,1.3911722494063161,2,56.24000000000001,1.7699999999999818,82.76666666666667,8.800846716154146,0.2769825513441087,0.10484650248616492,0.10797624882906898,0.0,0.30984488794426324,0.19247940008658884,0.23003635620101048,1.447507683577984,0.2769825513441087,1.0187324346046123,2.3113176742104646,0.2769825513441087,2.0859759375237212,1-2
FULL_2022_202608,2023-09-26 18:08:00,DOWN,1900.93,1915.62,14.689999999999827,6.380027310653563,2.3024979807641293,SAME_NEAREST,11.860000000000127,26.200000000000045,MULTI_CHILD_ERA4,CHALLENGE_OPENS,2023-09-29 16:17:00,1879.6,1.4520081688223556,2023,21.330000000000155,0.13,0.15,0.15,21.330000000000155,21.180000000000156,21.030000000000154,20.880000000000155,148,3.0,PRIMARY_CONTINUES,2023-09-27 16:26:00,True,2023-09-21 12:12:00,1922.74,DOWN,21.809999999999945,3.41848066442928,3,43.320000000000164,4.0499999999999545,70.15,6.789939586569341,0.634793520905019,0.032915219602488534,0.634793520905019,0.0031347828192812284,0.28996741078379873,0.634793520905019,0.16927827224136452,0.28996741078379873,0.634793520905019,0.09090870175926254,2.7601762723796517,0.634793520905019,2.64575669947578,3-4
FULL_2022_202608,2023-09-27 16:26:00,DOWN,1889.07,1899.02,9.950000000000044,6.356787298708529,1.5652560849442814,SAME_NEAREST,3.839999999999918,14.799999999999956,MULTI_CHILD_ERA4,CHALLENGE_OPENS,2023-09-29 16:17:00,1879.6,0.9517587939698476,2023,9.470000000000027,0.13,0.15,0.15,9.470000000000027,9.320000000000027,9.170000000000027,9.020000000000028,148,4.0,PRIMARY_CONTINUES,2023-09-27 16:50:00,True,2023-09-21 12:12:00,1922.74,DOWN,33.67000000000007,5.296700741715962,4+,31.460000000000036,0.7899999999999636,47.85,4.949040847472053,0.12427661377948941,0.7299284657428374,0.12427661377948941,0.3161974603756761,2.461935450188711,0.12427661377948941,2.4194611644666084,2.609808889369385,0.12427661377948941,2.2527102649650157,2.723073651295005,0.12427661377948941,2.350243809956501,4-6
FULL_2022_202608,2023-09-27 16:50:00,DOWN,1885.23,1899.02,13.789999999999964,6.356787298708529,2.16933481521422,SAME_NEAREST,0.5099999999999909,18.639999999999876,MULTI_CHILD_ERA4,CHALLENGE_OPENS,2023-09-29 16:17:00,1879.6,0.4082668600435188,2023,5.630000000000109,0.13,0.15,0.15,5.630000000000109,5.480000000000109,5.330000000000109,5.180000000000109,148,5.0,PRIMARY_CONTINUES,2023-09-27 16:51:00,True,2023-09-21 12:12:00,1922.74,DOWN,37.50999999999999,5.9007794719859,4+,27.62000000000012,3.769999999999982,47.45,4.3449621172021144,0.5930668784160689,0.12584973547289932,0.5930668784160689,0.02831619048141397,1.9962914289389875,0.5930668784160689,1.669082116709442,2.0057301590994467,0.5930668784160689,1.6564971431621272,2.2007972490824534,0.5930668784160689,2.04191195804791,4-6
FULL_2022_202608,2023-09-27 16:51:00,DOWN,1884.72,1899.02,14.299999999999956,6.356787298708529,2.249564021578196,SAME_NEAREST,13.190000000000056,19.149999999999864,MULTI_CHILD_ERA4,CHALLENGE_OPENS,2023-09-29 16:17:00,1879.6,0.3580419580419674,2023,5.120000000000118,0.13,0.15,0.15,5.120000000000118,4.970000000000118,4.820000000000118,4.670000000000118,148,6.0,PRIMARY_CONTINUES,2023-09-28 15:45:00,True,2023-09-21 12:12:00,1922.74,DOWN,38.01999999999998,5.981008678349877,4+,27.110000000000127,4.279999999999973,47.43333333333333,4.264732910838138,0.6732960847800453,0.04562052910892287,0.6732960847800453,-0.011011851853869301,1.916062222575011,0.6732960847800453,1.5668292066376912,1.9255009527354703,0.6732960847800453,1.5385130161562772,2.1205680427184768,0.6732960847800453,1.901904127334286,4-6
FULL_2022_202608,2023-10-02 17:43:00,DOWN,1827.71,1846.21,18.5,6.570436976561163,2.8156422572799005,SAME_NEAREST,15.829999999999927,52.08999999999992,MULTI_CHILD_ERA4,CHALLENGE_OPENS,2023-10-06 17:26:00,1829.12,-0.0762162162162083,2023,-1.4099999999998545,0.15,0.15,0.15,-1.4099999999998545,-1.5599999999998544,-1.7099999999998545,-1.8599999999998544,149,2.0,PRIMARY_CONTINUES,2023-10-04 21:40:00,True,2023-09-29 18:04:00,1857.61,DOWN,29.899999999999864,4.550686675279386,2,17.319999999999936,6.879999999999882,95.71666666666667,2.6360499403290647,1.0471145259505612,0.08675222089996563,1.0471145259505612,-0.8873078032400874,0.08675222089996563,1.0471145259505612,-0.48246410570689136,1.913114766162604,1.0471145259505612,1.5889354143785035,1.913114766162604,1.0471145259505612,-0.45659063631565955,4-6
FULL_2022_202608,2023-10-04 21:40:00,DOWN,1816.66,1830.52,13.8599999999999,6.682544279291699,2.07406033102544,SAME_NEAREST,1.5199999999999818,16.659999999999854,MULTI_CHILD_ERA4,CHALLENGE_OPENS,2023-10-06 17:26:00,1829.12,-0.8989898989898917,2023,-12.459999999999809,0.15,0.15,0.15,-12.459999999999809,-12.60999999999981,-12.75999999999981,-12.909999999999808,149,3.0,PRIMARY_CONTINUES,2023-10-05 15:38:00,True,2023-09-29 18:04:00,1857.61,DOWN,40.94999999999982,6.12790552348427,3,6.269999999999982,12.829999999999927,43.766666666666666,0.9382653878448458,1.919927420422542,0.017957232303268383,0.8604507145307623,-0.8589542785054927,0.017957232303268383,1.0415194735885114,-0.7961039654441044,0.017957232303268383,1.8645592874875014,-1.043015909613815,0.5461991492238888,1.8645592874875014,-0.5222561728195423,>6
FULL_2022_202608,2023-10-05 15:38:00,DOWN,1815.14,1829.12,13.97999999999979,6.66584237888707,2.097259311783171,SAME_NEAREST,3.259999999999991,15.379999999999882,MULTI_CHILD_ERA4,AMBIGUOUS,2023-10-06 17:26:00,,,2023,,0.15,0.15,0.15,,,,,149,4.0,PRIMARY_CONTINUES,2023-10-06 15:30:00,True,2023-09-29 18:04:00,1857.61,DOWN,42.4699999999998,6.371287766196866,4+,4.75,14.349999999999909,25.8,0.7125881066502296,2.1527661748275224,0.3195395088768562,0.9166133329753331,-0.6405792032413616,0.3195395088768562,1.0081246477240844,-0.3945487832610568,0.3195395088768562,1.2016485756354385,-0.853605542492565,0.6510805016551791,1.4881840037831933,0.40054952521182424,>6
FULL_2022_202608,2023-10-06 15:30:00,DOWN,1811.88,1829.12,17.23999999999978,6.643179484124227,2.595142889214371,SAME_NEAREST,2.5,17.23999999999978,MULTI_CHILD_ERA4,AMBIGUOUS,2023-10-06 17:26:00,,,2023,,0.15,0.15,0.15,,,,,149,5.0,CHALLENGE_OPENS,2023-10-06 17:26:00,False,2023-09-29 18:04:00,1857.61,DOWN,45.72999999999979,6.883751990938176,4+,1.490000000000009,17.6099999999999,1.9333333333333333,0.22429019170124626,2.6508391113146983,0.22429019170124626,1.8906609448104856,-1.810879869910047,0.22429019170124626,2.6508391113146983,-2.601164102414433,0.22429019170124626,2.6508391113146983,-2.601164102414433,0.22429019170124626,2.6508391113146983,-2.601164102414433,>6
FULL_2022_202608,2023-10-12 08:28:00,UP,1879.8,1874.43,5.369999999999891,6.82466694970462,0.7868515840516308,OPPOSITE_NEAREST,24.069999999999936,21.230000000000015,MULTI_CHILD_ERA4,SL,2023-10-12 16:43:00,1874.43,-1.0,2023,-5.369999999999891,0.19,0.15,0.19,-5.369999999999891,-5.559999999999891,-5.749999999999891,-5.939999999999891,150,7.0,PRIMARY_CONTINUES,2023-10-13 12:26:00,True,2023-10-06 17:31:00,1830.52,UP,49.27999999999997,7.220865188466504,4+,5.130000000000109,6.139999999999873,8.25,0.7516850328091309,0.8996776026214172,0.05568037280069117,0.18902021292860252,0.016118002652845683,0.40734588522598814,0.18902021292860252,0.0644720106113161,0.7516850328091309,0.8996776026214172,-0.7765946732725683,0.7516850328091309,0.8996776026214172,-0.7765946732725683,>6
FULL_2022_202608,2023-10-20 16:58:00,UP,1987.42,1971.93,15.490000000000007,7.473419160794846,2.0726791401263447,SAME_NEAREST,34.71000000000004,42.26999999999998,MULTI_CHILD_ERA4,SL,2023-10-23 01:00:00,1971.93,-1.0,2023,-15.490000000000009,0.15,0.26,0.15,-15.490000000000009,-15.64000000000001,-15.79000000000001,-15.940000000000008,150,21.0,CHALLENGE_OPENS,2023-10-24 11:46:00,False,2023-10-06 17:31:00,1830.52,UP,156.9000000000001,20.994406525876272,4+,9.669999999999845,25.200000000000045,56.03333333333333,1.2939191275029969,3.3719505701216237,0.5138210392566165,0.44290303123425145,0.4308603506266548,1.2939191275029969,1.7609075199524111,-0.7586888782773736,1.2939191275029969,1.7609075199524111,-0.8978487430760387,1.2939191275029969,1.7609075199524111,-0.8978487430760387,>6
FULL_2022_202608,2023-10-06 17:31:00,UP,1830.52,1809.38,21.139999999999876,6.687772931434648,3.1609924883417,SAME_NEAREST,2.7999999999999545,21.139999999999876,MULTI_CHILD_ERA4,CHALLENGE_OPENS,2023-10-24 11:46:00,1970.03,6.59933774834441,2023,139.51,0.15,0.15,0.15,139.51,139.35999999999999,139.20999999999998,139.06,150,1.0,PRIMARY_CONTINUES,2023-10-06 18:28:00,True,2023-10-06 17:31:00,1830.52,UP,0.0,0.0,1,166.56999999999994,7.8599999999999,426.25,24.906647056910117,1.1752791371033866,0.631002284806156,1.1752791371033866,0.40970290530067827,0.6414691473503245,1.1752791371033866,0.4635324840992924,0.6414691473503245,1.1752791371033866,0.19737512226163045,0.6414691473503245,1.1752791371033866,0.19737512226163045,<=0.5
FULL_2022_202608,2023-10-06 18:28:00,UP,1833.32,1810.39,22.92999999999984,6.687772931434648,3.4286451162571003,OPPOSITE_NEAREST,46.48000000000002,23.939999999999827,MULTI_CHILD_ERA4,CHALLENGE_OPENS,2023-10-24 11:46:00,1970.03,5.962058438726603,2023,136.71000000000004,0.15,0.15,0.15,136.71000000000004,136.56000000000003,136.41000000000003,136.26000000000005,150,2.0,PRIMARY_CONTINUES,2023-10-09 20:44:00,True,2023-10-06 17:31:00,1830.52,UP,2.7999999999999545,0.41867450176710824,2,163.76999999999998,4.569999999999936,425.3,24.48797255514301,0.6833365975270319,0.22279464558321616,0.37830231766813915,-0.12859288268559896,0.22279464558321616,0.6833365975270319,-0.3708259872794475,0.22279464558321616,0.6833365975270319,-0.22129937950547782,0.22279464558321616,0.6833365975270319,-0.22129937950547782,<=0.5
FULL_2022_202608,2023-10-09 20:44:00,UP,1855.28,1844.14,11.139999999999873,6.858163962851531,1.6243414506188056,SAME_NEAREST,24.519999999999985,44.88999999999987,MULTI_CHILD_ERA4,CHALLENGE_OPENS,2023-10-24 11:46:00,1970.03,10.300718132854696,2023,114.75,0.15,0.15,0.15,114.75,114.6,114.45,114.3,150,3.0,PRIMARY_CONTINUES,2023-10-11 09:42:00,True,2023-10-06 17:31:00,1830.52,UP,24.75999999999999,3.610295719687798,3,141.80999999999995,2.3299999999999272,351.03333333333336,20.67754588081287,0.3397410753987201,0.023329859254860398,0.19538757125934395,-0.021871743051400543,1.1912809382007101,0.19538757125934395,0.8748697220568173,1.4683230168520158,0.19538757125934395,0.892367116497971,1.4683230168520158,0.3397410753987201,0.4797202309278162,3-4
FULL_2022_202608,2023-10-11 09:42:00,UP,1862.76,1858.07,4.690000000000055,6.825936572595495,0.6870852007077365,SAME_NEAREST,2.589999999999918,9.809999999999944,MULTI_CHILD_ERA4,CHALLENGE_OPENS,2023-10-24 11:46:00,1970.03,22.87206823027692,2023,107.26999999999998,0.15,0.15,0.15,107.26999999999998,107.11999999999998,106.96999999999998,106.81999999999998,150,4.0,PRIMARY_CONTINUES,2023-10-11 10:40:00,True,2023-10-06 17:31:00,1830.52,UP,32.24000000000001,4.723161379705154,4+,134.32999999999993,0.8199999999999363,314.06666666666666,19.67935074862881,0.12013003509174704,0.6519251904369772,0.12013003509174704,0.6050451767426426,1.7111204998435634,0.12013003509174704,1.6627754857212487,2.111065616673438,0.12013003509174704,1.4005404091185174,2.8538208336431907,0.12013003509174704,2.8538208336431907,4-6
FULL_2022_202608,2023-10-11 10:40:00,UP,1865.35,1858.07,7.279999999999973,6.825936572595495,1.0665203115463209,OPPOSITE_NEAREST,14.450000000000044,12.399999999999864,MULTI_CHILD_ERA4,CHALLENGE_OPENS,2023-10-24 11:46:00,1970.03,14.379120879120942,2023,104.68000000000006,0.15,0.15,0.15,104.68000000000006,104.53000000000006,104.38000000000007,104.23000000000006,150,5.0,PRIMARY_CONTINUES,2023-10-12 04:34:00,True,2023-10-06 17:31:00,1830.52,UP,34.82999999999993,5.102596490543738,4+,131.74,0.6299999999998818,313.1,19.299915637790225,0.09229502696072232,0.6021151758867488,0.09229502696072232,0.43364012667268687,1.374170401415473,0.09229502696072232,0.8540952494938514,1.7316305058348536,0.09229502696072232,1.2804103740267705,2.5241957373548347,0.09229502696072232,2.2399856543328998,4-6
FULL_2022_202608,2023-10-12 04:34:00,UP,1877.17,1866.33,10.840000000000146,6.836927658920846,1.5855074882730515,SAME_NEAREST,2.6299999999998818,18.600000000000136,MULTI_CHILD_ERA4,CHALLENGE_OPENS,2023-10-24 11:46:00,1970.03,8.566420664206518,2023,92.8599999999999,0.2,0.15,0.2,92.8599999999999,92.6599999999999,92.4599999999999,92.2599999999999,150,6.0,PRIMARY_CONTINUES,2023-10-12 08:28:00,True,2023-10-06 17:31:00,1830.52,UP,46.65000000000009,6.823240251654705,4+,119.91999999999985,9.310000000000173,295.2,17.54004225034147,1.3617227597621944,0.22085943794209054,0.2384111813547244,0.0511925849534517,0.4153912607652469,0.2384111813547244,0.28082789460184254,1.135012740682537,0.29545434744570964,-0.16235362656672192,1.135012740682537,1.3617227597621944,-0.6698915402482217,>6
FULL_2022_202608,2023-10-13 12:26:00,UP,1884.93,1867.86,17.070000000000164,6.815892196075023,2.504441019450108,OPPOSITE_NEAREST,18.939999999999827,17.070000000000164,MULTI_CHILD_ERA4,CHALLENGE_OPENS,2023-10-24 11:46:00,1970.03,4.985354422964211,2023,85.09999999999991,0.15,0.15,0.15,85.09999999999991,84.9499999999999,84.79999999999991,84.6499999999999,150,8.0,PRIMARY_CONTINUES,2023-10-13 15:26:00,True,2023-10-06 17:31:00,1830.52,UP,54.41000000000008,7.982814052037449,4+,112.15999999999985,0.2300000000000182,263.3333333333333,16.455659328735855,0.03374466517126917,0.6015353356616939,0.03374466517126917,0.30810346460720256,5.011816357610691,0.03374466517126917,3.2497579719284717,6.99541580593905,0.03374466517126917,6.935262272372901,6.99541580593905,0.03374466517126917,6.935262272372901,>6
FULL_2022_202608,2023-10-17 13:13:00,UP,1924.51,1914.17,10.339999999999918,7.116385893714862,1.4529847248913423,SAME_NEAREST,8.099999999999909,16.40000000000009,MULTI_CHILD_ERA4,CHALLENGE_OPENS,2023-10-24 11:46:00,1970.03,4.40232108317218,2023,45.51999999999998,0.15,0.15,0.15,45.51999999999998,45.36999999999998,45.219999999999985,45.06999999999998,150,12.0,PRIMARY_CONTINUES,2023-10-18 04:27:00,True,2023-10-06 17:31:00,1830.52,UP,93.99000000000001,13.20754683680255,4+,72.57999999999993,5.559999999999945,166.55,10.198997227525567,0.7812954613535636,0.28666236351821167,0.33303421644026593,-0.17986658103103415,0.9864557803420965,0.7812954613535636,0.874039167197704,0.9864557803420965,0.7812954613535636,-0.10539057482287383,3.0338433472344497,0.7812954613535636,2.6979987154655762,>6
FULL_2022_202608,2023-10-18 04:27:00,UP,1931.53,1919.12,12.410000000000082,7.136771753175788,1.738881447970893,SAME_NEAREST,1.0799999999999272,19.200000000000045,MULTI_CHILD_ERA4,CHALLENGE_OPENS,2023-10-24 11:46:00,1970.03,3.102336825140995,2023,38.5,0.15,0.15,0.15,38.5,38.35,38.2,38.05,150,13.0,PRIMARY_CONTINUES,2023-10-18 04:28:00,True,2023-10-06 17:31:00,1830.52,UP,101.00999999999999,14.153458103105457,4+,65.55999999999995,0.9300000000000637,151.31666666666666,9.186226247298219,0.13031101906631995,1.5693370038093433,0.13031101906631995,1.2890982531291046,1.5693370038093433,0.13031101906631995,1.0494941212974953,2.6552621626952684,0.13031101906631995,2.6104239625864394,4.3493054105573,0.13031101906631995,2.7379325941459274,>6
FULL_2022_202608,2023-10-18 04:28:00,UP,1932.61,1919.12,13.490000000000007,7.136771753175788,1.890210373338212,SAME_NEAREST,14.7800000000002,20.279999999999973,MULTI_CHILD_ERA4,CHALLENGE_OPENS,2023-10-24 11:46:00,1970.03,2.773906597479618,2023,37.42000000000007,0.15,0.15,0.15,37.42000000000007,37.270000000000074,37.120000000000076,36.97000000000007,150,14.0,PRIMARY_CONTINUES,2023-10-18 14:33:00,True,2023-10-06 17:31:00,1830.52,UP,102.08999999999992,14.304787028472775,4+,64.48000000000002,0.35999999999989996,151.3,9.0348973219309,0.05044297512242896,1.4180080784420246,0.05044297512242896,1.280691090608705,1.4180080784420246,0.05044297512242896,0.9247878772448069,2.513741593601749,0.05044297512242896,2.4983284623143502,4.197976485189981,0.05044297512242896,2.4801129435201195,>6
FULL_2022_202608,2023-10-18 14:33:00,UP,1947.39,1935.06,12.330000000000156,7.172982831589674,1.7189501619464471,SAME_NEAREST,5.479999999999791,35.06000000000017,MULTI_CHILD_ERA4,CHALLENGE_OPENS,2023-10-24 11:46:00,1970.03,1.836171938361686,2023,22.639999999999873,0.18,0.15,0.18,22.639999999999873,22.459999999999873,22.279999999999873,22.099999999999874,150,15.0,PRIMARY_CONTINUES,2023-10-18 16:32:00,True,2023-10-06 17:31:00,1830.52,UP,116.87000000000012,16.293082354150766,4+,49.69999999999982,9.240000000000009,141.21666666666667,6.928777214009492,1.288167031336982,0.3652594829115529,0.4516949330662153,-0.033458883930831934,2.116274408625017,1.288167031336982,-0.3638653627478013,2.116274408625017,1.288167031336982,0.4224184096267334,2.116274408625017,1.288167031336982,0.49351853797974726,>6
FULL_2022_202608,2023-10-18 16:32:00,UP,1952.87,1935.06,17.809999999999945,7.198410704747508,2.4741572453283145,SAME_NEAREST,1.8600000000001276,40.53999999999997,MULTI_CHILD_ERA4,CHALLENGE_OPENS,2023-10-24 11:46:00,1970.03,0.963503649635044,2023,17.160000000000082,0.15,0.15,0.15,17.160000000000082,17.010000000000083,16.86000000000008,16.710000000000083,150,16.0,PRIMARY_CONTINUES,2023-10-18 16:38:00,True,2023-10-06 17:31:00,1830.52,UP,122.34999999999991,16.99680735350477,4+,44.22000000000003,14.7199999999998,139.23333333333332,6.143022649546236,2.0448958254481977,1.3475196675847747,0.1430871399600283,0.037508279407027764,1.3475196675847747,2.0448958254481977,0.2736715201177351,1.3475196675847747,2.0448958254481977,-0.3667476208684141,1.3475196675847747,2.0448958254481977,-0.35563405659968383,>6
FULL_2022_202608,2023-10-18 16:38:00,UP,1954.73,1935.06,19.670000000000076,7.198410704747508,2.732547614576545,SAME_NEAREST,17.61999999999989,42.40000000000009,MULTI_CHILD_ERA4,CHALLENGE_OPENS,2023-10-24 11:46:00,1970.03,0.7778342653787442,2023,15.299999999999955,0.15,0.15,0.15,15.299999999999955,15.149999999999954,14.999999999999954,14.849999999999955,150,17.0,PRIMARY_CONTINUES,2023-10-19 20:06:00,True,2023-10-06 17:31:00,1830.52,UP,124.21000000000004,17.255197722753003,4+,42.3599999999999,16.579999999999927,139.13333333333333,5.884632280298005,2.3032861946964287,1.0891292983365437,0.6070784481799584,-0.5237267161643868,1.0891292983365437,2.3032861946964287,-0.0639029945452621,1.0891292983365437,2.3032861946964287,-0.9682692869140074,1.0891292983365437,2.3032861946964287,-0.05278943027653186,>6
FULL_2022_202608,2023-10-19 20:06:00,UP,1962.57,1949.7,12.86999999999989,7.343007923432612,1.7526877451581986,SAME_NEAREST,9.779999999999973,17.419999999999845,MULTI_CHILD_ERA4,CHALLENGE_OPENS,2023-10-24 11:46:00,1970.03,0.5796425796425874,2023,7.460000000000036,0.15,0.15,0.15,7.460000000000036,7.310000000000036,7.160000000000037,7.010000000000036,150,18.0,PRIMARY_CONTINUES,2023-10-19 20:51:00,True,2023-10-06 17:31:00,1830.52,UP,132.04999999999995,17.9830937644244,4+,34.51999999999998,0.9500000000000455,111.66666666666667,4.70107078188512,0.129374775283635,1.6968523158252837,0.129374775283635,1.4816816369325216,2.0550161673999763,0.129374775283635,1.5947143353382085,2.673291409281734,0.129374775283635,1.9201940331570355,4.70107078188512,0.129374775283635,3.0273697416369165,>6
FULL_2022_202608,2023-10-19 20:51:00,UP,1972.35,1949.7,22.649999999999864,7.343007923432612,3.084567010709658,SAME_NEAREST,9.7800000000002,27.199999999999815,MULTI_CHILD_ERA4,CHALLENGE_OPENS,2023-10-24 11:46:00,1970.03,-0.1024282560706379,2023,-2.3199999999999363,0.15,0.15,0.15,-2.3199999999999363,-2.4699999999999362,-2.619999999999936,-2.7699999999999365,150,19.0,PRIMARY_CONTINUES,2023-10-20 02:32:00,True,2023-10-06 17:31:00,1830.52,UP,141.82999999999993,19.314973029975857,4+,24.74000000000001,10.129999999999882,110.91666666666667,3.369191516333661,1.3795436564454153,0.36497305027382465,0.2315127557706794,0.1824865251369278,0.7231369018485172,0.2315127557706794,0.2628350697867493,1.341412143730275,0.2315127557706794,0.7367552992467815,3.369191516333661,0.2315127557706794,1.3877146948844048,>6
FULL_2022_202608,2023-10-24 13:47:00,DOWN,1962.22,1979.14,16.920000000000073,7.653592565798039,2.210726512358556,SAME_NEAREST,17.069999999999936,20.539999999999964,MULTI_CHILD_ERA4,CHALLENGE_OPENS,2023-10-25 16:13:00,1977.54,-0.9054373522458552,2023,-15.319999999999936,0.16,0.15,0.15,-15.319999999999936,-15.469999999999937,-15.619999999999937,-15.769999999999936,151,1.0,CHALLENGE_OPENS,2023-10-25 16:13:00,False,2023-10-24 13:47:00,1962.22,DOWN,0.0,0.0,1,8.680000000000064,16.34999999999991,26.433333333333334,1.1341079271437544,2.1362516830414915,1.1341079271437544,0.20905215246888142,-0.11105895599908769,1.1341079271437544,0.5957986345363387,-0.054876190023094,1.1341079271437544,2.001674359889645,-1.1262684714261484,1.1341079271437544,2.001674359889645,-1.2830575857778244,<=0.5
FULL_2022_202608,2023-10-25 16:48:00,UP,1982.76,1968.21,14.549999999999956,7.737994420963742,1.8803321905455448,SAME_NEAREST,14.329999999999927,29.220000000000027,MULTI_CHILD_ERA4,SL,2023-10-25 18:03:00,1968.21,-1.0,2023,-14.549999999999955,0.15,0.15,0.15,-14.549999999999955,-14.699999999999955,-14.849999999999955,-14.999999999999954,152,1.0,PRIMARY_CONTINUES,2023-10-26 06:44:00,True,2023-10-25 16:48:00,1982.76,UP,0.0,0.0,1,4.3900000000001,16.410000000000082,1.25,0.5673304684876395,2.120704553048291,0.5673304684876395,1.0338596236676565,-0.7818563403986594,0.5673304684876395,2.120704553048291,-2.120704553048291,0.5673304684876395,2.120704553048291,-2.120704553048291,0.5673304684876395,2.120704553048291,-2.120704553048291,<=0.5
FULL_2022_202608,2023-10-26 06:44:00,UP,1987.15,1977.61,9.540000000000193,7.827479078246872,1.2187832001381564,SAME_NEAREST,9.939999999999827,25.0,MULTI_CHILD_ERA4,SL,2023-10-26 15:46:00,1977.61,-1.0,2023,-9.540000000000191,0.18,0.15,0.18,-9.540000000000191,-9.72000000000019,-9.90000000000019,-10.08000000000019,152,2.0,PRIMARY_CONTINUES,2023-10-27 20:32:00,True,2023-10-25 16:48:00,1982.76,UP,4.3900000000001,0.5608446801474342,2,6.240000000000009,9.740000000000009,9.033333333333333,0.7971915271343769,1.2443342106232094,0.2056856344048502,0.10986934508584369,0.1596938155317259,0.3027794742481384,0.41903657195527433,0.19035502811381844,0.7971915271343769,1.2443342106232094,-1.1830117854590243,0.7971915271343769,1.2443342106232094,-1.1830117854590243,0.5-1
FULL_2022_202608,2023-10-27 20:32:00,UP,1989.87,1976.77,13.099999999999907,7.885213333909904,1.6613374230046656,SAME_NEAREST,3.520000000000209,18.139999999999876,MULTI_CHILD_ERA4,CHALLENGE_OPENS,2023-10-31 06:44:00,1990.89,0.0778625954198638,2023,1.0200000000002092,0.15,0.15,0.15,1.0200000000002092,0.8700000000002092,0.7200000000002091,0.5700000000002092,152,3.0,PRIMARY_CONTINUES,2023-10-27 20:39:00,True,2023-10-25 16:48:00,1982.76,UP,7.1099999999999,0.9016877158445106,3,19.5300000000002,1.1599999999998545,82.2,2.476787776433716,0.14711079470879265,2.3702592699204206,0.14711079470879265,2.1572022568938873,2.476787776433716,0.14711079470879265,2.0379917853194986,2.476787776433716,0.14711079470879265,2.0379917853194986,2.476787776433716,0.14711079470879265,2.0379917853194986,0.5-1
FULL_2022_202608,2023-10-27 20:39:00,UP,1993.39,1976.77,16.62000000000012,7.885213333909904,2.107742593155568,SAME_NEAREST,3.699999999999818,21.66000000000008,MULTI_CHILD_ERA4,CHALLENGE_OPENS,2023-10-31 06:44:00,1990.89,-0.1504211793020446,2023,-2.5,0.15,0.15,0.15,-2.5,-2.65,-2.8,-2.95,152,4.0,PRIMARY_CONTINUES,2023-10-27 21:02:00,True,2023-10-25 16:48:00,1982.76,UP,10.63000000000011,1.3480928859954122,4+,16.00999999999999,2.6900000000000546,82.08333333333333,2.030382606282814,0.3411448601437154,1.9238540997695188,0.1927658689288135,1.4178436938314518,2.030382606282814,0.1927658689288135,1.5915866151685971,2.030382606282814,0.1927658689288135,1.5915866151685971,2.030382606282814,0.1927658689288135,1.5915866151685971,1-2
FULL_2022_202608,2023-10-27 21:02:00,UP,1997.09,1976.77,20.319999999999936,7.885213333909904,2.5769753004164078,SAME_NEAREST,25.04000000000019,25.3599999999999,MULTI_CHILD_ERA4,CHALLENGE_OPENS,2023-10-31 06:44:00,1990.89,-0.3051181102362125,2023,-6.199999999999818,0.15,0.15,0.15,-6.199999999999818,-6.3499999999998185,-6.499999999999818,-6.649999999999818,152,5.0,CHALLENGE_OPENS,2023-10-31 06:44:00,False,2023-10-25 16:48:00,1982.76,UP,14.329999999999927,1.8173255932562522,4+,12.310000000000173,6.389999999999873,81.7,1.5611498990219743,0.8103775674045555,1.4546213925086788,0.01775475108553002,1.2047866808049186,1.5611498990219743,0.01775475108553002,1.1223539079077574,1.5611498990219743,0.01775475108553002,1.1223539079077574,1.5611498990219743,0.01775475108553002,1.1223539079077574,1-2
FULL_2022_202608,2023-10-31 18:08:00,DOWN,1990.54,2009.4,18.860000000000127,7.971195824318334,2.366018903018602,SAME_NEAREST,13.769999999999982,18.860000000000127,MULTI_CHILD_ERA4,CHALLENGE_OPENS,2023-11-03 14:30:00,1992.0,-0.0774125132555687,2023,-1.4600000000000364,0.15,0.15,0.15,-1.4600000000000364,-1.6100000000000363,-1.7600000000000364,-1.9100000000000363,153,1.0,PRIMARY_CONTINUES,2023-11-01 06:13:00,True,2023-10-31 18:08:00,1990.54,DOWN,0.0,0.0,1,20.75,7.1400000000001,68.36666666666666,2.6031226000867265,0.8957250778129874,0.4829890125462005,0.22204949407968474,0.0790345656893653,1.4815844774469444,0.22204949407968474,0.6937478543845556,1.7224517252622074,0.22204949407968474,1.6647439471397982,1.933210567100534,0.22204949407968474,1.3862411918534077,<=0.5
FULL_2022_202608,2023-11-01 06:13:00,DOWN,1976.77,2007.92,31.15000000000009,8.063928243801454,3.8628815954487616,SAME_NEAREST,5.039999999999964,31.15000000000009,MULTI_CHILD_ERA4,CHALLENGE_OPENS,2023-11-03 14:30:00,1992.0,-0.4889245585874791,2023,-15.230000000000018,0.2,0.15,0.15,-15.230000000000018,-15.380000000000019,-15.530000000000019,-15.680000000000017,153,2.0,PRIMARY_CONTINUES,2023-11-01 18:37:00,True,2023-10-31 18:08:00,1990.54,DOWN,13.769999999999982,1.7076044805563153,2,6.980000000000018,20.910000000000082,56.28333333333333,0.8655830990764798,2.5930290260299738,0.20337482557096176,0.18725365037327696,0.042163073593973,0.20337482557096176,0.5295186007244331,-0.18477346957363316,0.20337482557096176,1.8886576789304828,-0.23189690476692199,0.8655830990764798,1.8886576789304828,-1.004473223856646,1-2
FULL_2022_202608,2023-11-01 20:42:00,DOWN,1971.73,1992.0,20.269999999999985,8.096172789235446,2.5036520992919864,SAME_NEAREST,9.579999999999927,36.190000000000055,MULTI_CHILD_ERA4,AMBIGUOUS,2023-11-03 14:30:00,,,2023,,0.15,0.15,0.15,,,,,153,4.0,CHALLENGE_OPENS,2023-11-03 14:30:00,False,2023-10-31 18:08:00,1990.54,DOWN,18.809999999999945,2.323319979658716,4+,1.9400000000000546,25.950000000000045,41.8,0.23961939184146988,3.2052181537556597,0.23961939184146988,1.3006145340673199,-0.9498315068354972,0.23961939184146988,1.4500678660921544,-1.4043672604316546,0.23961939184146988,2.0268836186177475,-1.6872169549249516,0.23961939184146988,2.37766664584957,-1.7032739244813238,2-3
FULL_2022_202608,2023-11-09 10:12:00,DOWN,1947.37,1954.56,7.190000000000055,7.928013720194133,0.9069106403897588,SAME_NEAREST,2.2199999999998,23.550000000000185,MULTI_CHILD_ERA4,SL,2023-11-09 16:40:00,1954.56,-1.0,2023,-7.190000000000055,0.15,0.15,0.15,-7.190000000000055,-7.340000000000055,-7.490000000000054,-7.640000000000055,154,7.0,PRIMARY_CONTINUES,2023-11-09 10:19:00,True,2023-11-06 17:57:00,1981.93,DOWN,34.56000000000017,4.359225553806674,4+,2.9899999999997817,7.560000000000173,6.466666666666667,0.3771436460034993,0.9535805898952269,0.3771436460034993,0.29137184691244555,-0.17280494816885497,0.3771436460034993,0.29137184691244555,0.12487364867672551,0.3771436460034993,0.9535805898952269,-0.9434897900021364,0.3771436460034993,0.9535805898952269,-0.9434897900021364,4-6
FULL_2022_202608,2023-11-09 10:19:00,DOWN,1945.15,1954.56,9.409999999999854,7.928013720194133,1.1869303374224525,OPPOSITE_NEAREST,32.820000000000164,25.769999999999985,MULTI_CHILD_ERA4,SL,2023-11-09 16:40:00,1954.56,-1.0,2023,-9.409999999999854,0.15,0.15,0.15,-9.409999999999854,-9.559999999999855,-9.709999999999855,-9.859999999999854,154,8.0,PRIMARY_CONTINUES,2023-11-10 14:43:00,True,2023-11-06 17:57:00,1981.93,DOWN,36.77999999999997,4.639245250839367,4+,0.7699999999999818,9.779999999999973,6.35,0.09712394897080562,1.2336002869279206,0.09712394897080562,0.5713915439451392,-0.3884957958832225,0.09712394897080562,0.5713915439451392,-0.27119024712626466,0.09712394897080562,1.2336002869279206,-1.22350948703483,0.09712394897080562,1.2336002869279206,-1.22350948703483,4-6
FULL_2022_202608,2023-11-13 16:48:00,DOWN,1932.94,1941.18,8.240000000000009,7.878964613833562,1.0458226942068702,SAME_NEAREST,20.610000000000127,32.59999999999991,MULTI_CHILD_ERA4,SL,2023-11-13 18:18:00,1941.18,-1.0,2023,-8.240000000000009,0.15,0.15,0.15,-8.240000000000009,-8.39000000000001,-8.54000000000001,-8.690000000000008,154,10.0,CHALLENGE_OPENS,2023-11-14 15:30:00,False,2023-11-06 17:57:00,1981.93,DOWN,48.99000000000001,6.217822061795453,4+,1.3800000000001091,8.740000000000009,1.5,0.17514991723368856,1.1092828091466076,0.17514991723368856,0.5394109769877663,-0.4937196942311393,0.17514991723368856,1.1092828091466076,-1.1092828091466076,0.17514991723368856,1.1092828091466076,-1.1092828091466076,0.17514991723368856,1.1092828091466076,-1.1092828091466076,>6
FULL_2022_202608,2023-11-06 17:57:00,DOWN,1981.93,1993.05,11.11999999999989,8.017995698982398,1.3868802650282268,SAME_NEAREST,3.1700000000000728,22.1099999999999,MULTI_CHILD_ERA4,CHALLENGE_OPENS,2023-11-14 15:30:00,1949.15,2.947841726618732,2023,32.77999999999997,0.15,0.15,0.15,32.77999999999997,32.629999999999974,32.479999999999976,32.32999999999997,154,1.0,PRIMARY_CONTINUES,2023-11-06 22:41:00,True,2023-11-06 17:57:00,1981.93,DOWN,0.0,0.0,1,50.37000000000012,2.490000000000009,189.55,6.282118610564086,0.31055142625182836,0.2581692579684069,0.2693940083148199,-0.24195572969015708,0.34173128832530497,0.31055142625182836,0.2057870896849571,1.2110258429338367,0.31055142625182836,1.1848347587921118,3.155402041835829,0.31055142625182836,2.388377434828321,<=0.5
FULL_2022_202608,2023-11-06 22:41:00,DOWN,1978.76,1989.04,10.279999999999973,8.019451278432497,1.2818832165795424,SAME_NEAREST,8.970000000000027,25.279999999999973,MULTI_CHILD_ERA4,CHALLENGE_OPENS,2023-11-14 15:30:00,1949.15,2.880350194552527,2023,29.6099999999999,0.15,0.15,0.15,29.6099999999999,29.4599999999999,29.3099999999999,29.1599999999999,154,2.0,PRIMARY_CONTINUES,2023-11-07 09:06:00,True,2023-11-06 17:57:00,1981.93,DOWN,3.1700000000000728,0.3952888907156861,2,47.200000000000045,0.22000000000002728,184.81666666666666,5.885689476902201,0.027433298409293295,0.17582250344136816,0.027433298409293295,0.133425587717902,0.41898128479641494,0.027433298409293295,0.2743329840929046,1.4402481664877136,0.027433298409293295,1.31804529175542,2.7595404263526455,0.027433298409293295,1.3529603988217855,<=0.5
FULL_2022_202608,2023-11-07 09:06:00,DOWN,1969.79,1989.04,19.25,7.96947891903185,2.415465326601119,SAME_NEAREST,7.639999999999873,34.25,MULTI_CHILD_ERA4,CHALLENGE_OPENS,2023-11-14 15:30:00,1949.15,1.0722077922077855,2023,20.639999999999873,0.15,0.15,0.15,20.639999999999873,20.489999999999874,20.339999999999872,20.189999999999873,154,3.0,PRIMARY_CONTINUES,2023-11-07 14:09:00,True,2023-11-06 17:57:00,1981.93,DOWN,12.1400000000001,1.5233116397370299,3,38.23000000000002,1.1300000000001091,174.4,4.797051399270692,0.141790951639456,0.3237350931236733,0.07152286941103812,0.09661861306404247,0.7076999710145456,0.07152286941103812,0.5659090193751182,1.6512999323672921,0.07152286941103812,0.11669520798645165,1.6512999323672921,0.141790951639456,0.2747983930003419,1-2
FULL_2022_202608,2023-11-07 14:09:00,DOWN,1962.15,1974.17,12.019999999999982,7.979259591703895,1.5064054329673997,SAME_NEAREST,8.610000000000127,41.88999999999987,MULTI_CHILD_ERA4,CHALLENGE_OPENS,2023-11-14 15:30:00,1949.15,1.0815307820299518,2023,13.0,0.15,0.15,0.15,13.0,12.85,12.7,12.55,154,4.0,PRIMARY_CONTINUES,2023-11-08 17:23:00,True,2023-11-06 17:57:00,1981.93,DOWN,19.779999999999973,2.4789267441010954,4+,30.590000000000146,8.769999999999982,169.35,3.8336890344819503,1.0990994714745497,0.6266245561428461,0.13535090412684564,0.4449034348614435,0.6917935099816998,0.6341440508165533,-0.35466949877684173,0.6917935099816998,0.9612420691231065,-0.9111121046316959,0.6917935099816998,1.0990994714745497,-0.0914871851968578,2-3
FULL_2022_202608,2023-11-08 17:23:00,DOWN,1956.63,1969.09,12.459999999999807,7.915384189869095,1.574149744487118,SAME_NEAREST,3.090000000000145,14.289999999999964,MULTI_CHILD_ERA4,CHALLENGE_OPENS,2023-11-14 15:30:00,1949.15,0.6003210272873301,2023,7.480000000000018,0.15,0.15,0.15,7.480000000000018,7.330000000000018,7.180000000000018,7.030000000000018,154,5.0,PRIMARY_CONTINUES,2023-11-08 17:40:00,True,2023-11-06 17:57:00,1981.93,DOWN,25.299999999999955,3.196307266093469,4+,25.070000000000164,8.909999999999854,142.11666666666667,3.167249927310827,1.1256560371894226,0.7226433818993977,0.19834792125559492,0.12507289302105015,0.7403304576801648,0.19834792125559492,0.7163265691205626,1.1698737266413546,0.19834792125559492,0.8477162749204479,1.5476191308160105,0.5482993492033762,-0.27541303715744075,3-4
FULL_2022_202608,2023-11-08 17:40:00,DOWN,1953.54,1969.09,15.549999999999956,7.915384189869095,1.9645287742195012,SAME_NEAREST,8.389999999999873,17.38000000000011,MULTI_CHILD_ERA4,CHALLENGE_OPENS,2023-11-14 15:30:00,1949.15,0.2823151125401855,2023,4.389999999999873,0.15,0.15,0.15,4.389999999999873,4.239999999999872,4.089999999999873,3.9399999999998725,154,6.0,PRIMARY_CONTINUES,2023-11-09 10:12:00,True,2023-11-06 17:57:00,1981.93,DOWN,28.3900000000001,3.5866862958258525,4+,21.980000000000018,12.0,141.83333333333334,2.7768708975784437,1.5160350669218061,0.3322643521670142,0.552089436870706,-0.4219630936265878,0.6152575646590859,0.552089436870706,0.5533527994264443,0.7794946969089712,0.552089436870706,0.5963071263225805,1.157240101083627,1.18882416497786,-1.1812439896432578,3-4
FULL_2022_202608,2023-11-10 14:43:00,DOWN,1944.38,1960.78,16.399999999999864,7.897514580106351,2.0766026872949457,OPPOSITE_NEAREST,32.05000000000018,21.15999999999985,MULTI_CHILD_ERA4,CHALLENGE_OPENS,2023-11-14 15:30:00,1949.15,-0.2908536585365867,2023,-4.769999999999982,0.15,0.15,0.15,-4.769999999999982,-4.919999999999982,-5.069999999999982,-5.219999999999982,154,9.0,PRIMARY_CONTINUES,2023-11-13 16:48:00,True,2023-11-06 17:57:00,1981.93,DOWN,37.549999999999955,4.754660421214986,4+,12.820000000000164,11.799999999999955,96.78333333333333,1.6232955153123028,1.494140957931736,0.16840741305503792,0.5356115467839793,-0.031655528769740295,0.914211670870103,0.5356115467839793,0.7192136136485074,1.4485569965033227,0.5356115467839793,0.7787260077356227,1.4485569965033227,0.5356115467839793,0.7787260077356227,4-6
FULL_2022_202608,2023-11-15 09:38:00,UP,1970.75,1961.51,9.240000000000007,7.848269157948208,1.177329652442201,SAME_NEAREST,0.1700000000000727,27.079999999999927,MULTI_CHILD_ERA4,SL,2023-11-15 16:41:00,1961.51,-1.0,2023,-9.240000000000009,0.18,0.15,0.18,-9.240000000000009,-9.420000000000009,-9.600000000000009,-9.780000000000008,155,2.0,PRIMARY_CONTINUES,2023-11-15 09:39:00,True,2023-11-14 16:38:00,1965.54,UP,5.210000000000036,0.6638406373618944,2,4.420000000000073,9.670000000000073,7.05,0.5631815004106719,1.2321188029346493,0.23189826487497064,0.14907745599106706,-0.0012741662905207025,0.4128298781290842,0.14907745599106706,0.31471907375890323,0.5631815004106719,1.2321188029346493,-1.190071315347408,0.5631815004106719,1.2321188029346493,-1.190071315347408,0.5-1
FULL_2022_202608,2023-11-15 09:39:00,UP,1970.92,1961.51,9.410000000000082,7.848269157948208,1.1989904793810815,OPPOSITE_NEAREST,33.11999999999989,27.25,MULTI_CHILD_ERA4,SL,2023-11-15 16:41:00,1961.51,-1.0,2023,-9.410000000000082,0.17,0.15,0.17,-9.410000000000082,-9.580000000000082,-9.750000000000082,-9.920000000000082,155,3.0,PRIMARY_CONTINUES,2023-11-16 16:42:00,True,2023-11-14 16:38:00,1965.54,UP,5.380000000000109,0.6855014643007753,3,4.25,9.840000000000146,7.033333333333333,0.5415206734717911,1.2537796298735302,0.21023743793608973,0.17073828292994797,-0.002548332581041405,0.39116905119020334,0.17073828292994797,0.32363823779254813,0.5415206734717911,1.2537796298735302,-1.211732142286289,0.5415206734717911,1.2537796298735302,-1.211732142286289,0.5-1
FULL_2022_202608,2023-11-17 10:33:00,UP,1987.91,1980.41,7.5,7.831063663556498,0.9577243044138216,SAME_NEAREST,16.12999999999988,31.50999999999999,MULTI_CHILD_ERA4,SL,2023-11-17 16:54:00,1980.41,-1.0,2023,-7.5,0.15,0.15,0.15,-7.5,-7.65,-7.8,-7.95,155,5.0,CHALLENGE_OPENS,2023-11-20 13:42:00,False,2023-11-14 16:38:00,1965.54,UP,22.37000000000012,2.8565723586316403,4+,5.4099999999998545,8.410000000000082,6.35,0.6908384649171514,1.073928186682709,0.4724773235107954,0.22091507288479048,0.4316144198558138,0.6908384649171514,0.22091507288479048,0.25411618210446846,0.6908384649171514,1.073928186682709,-1.0611585292905363,0.6908384649171514,1.073928186682709,-1.0611585292905363,2-3
FULL_2022_202608,2023-11-14 16:38:00,UP,1965.54,1943.67,21.86999999999989,7.869294472468694,2.7791563877185808,SAME_NEAREST,5.380000000000109,21.86999999999989,MULTI_CHILD_ERA4,CHALLENGE_OPENS,2023-11-20 13:42:00,1973.27,0.3534522176497511,2023,7.730000000000018,0.15,0.15,0.15,7.730000000000018,7.580000000000018,7.430000000000018,7.280000000000018,155,1.0,PRIMARY_CONTINUES,2023-11-15 09:38:00,True,2023-11-14 16:38:00,1965.54,UP,0.0,0.0,1,27.779999999999973,10.180000000000064,141.06666666666666,3.5301767009978273,1.2936356665283708,0.6620669766810232,0.190614292710466,0.18426048295345626,0.6620669766810232,0.4955971610471943,-0.3291273454133943,0.6620669766810232,0.5121170664154485,-0.33166886931619816,1.2237437592012057,0.5121170664154485,-0.10928552782065447,<=0.5
FULL_2022_202608,2023-11-16 16:42:00,UP,1975.17,1956.4,18.769999999999985,7.831367093256135,2.3967718249555032,OPPOSITE_NEAREST,28.86999999999989,18.769999999999985,MULTI_CHILD_ERA4,CHALLENGE_OPENS,2023-11-20 13:42:00,1973.27,-0.1012253596164141,2023,-1.900000000000091,0.15,0.15,0.15,-1.900000000000091,-2.050000000000091,-2.2000000000000908,-2.350000000000091,155,4.0,PRIMARY_CONTINUES,2023-11-17 10:33:00,True,2023-11-14 16:38:00,1965.54,UP,9.63000000000011,1.2296703609121886,4+,18.149999999999864,3.009999999999991,93.0,2.3176030166724617,0.38435179505146777,1.4416384605086614,0.10726096606089364,1.0585635817198218,1.6267913185899396,0.10726096606089364,1.2552086861647547,1.6267913185899396,0.10726096606089364,1.1045325671744697,2.3176030166724617,0.10726096606089364,0.988333187275207,1-2
FULL_2022_202608,2023-11-21 02:48:00,UP,1985.09,1965.36,19.730000000000015,7.856056985271748,2.511437994529458,SAME_NEAREST,8.230000000000018,28.689999999999827,MULTI_CHILD_ERA4,CHALLENGE_OPENS,2023-11-22 17:09:00,1995.43,0.5240750126710662,2023,10.340000000000146,0.15,0.15,0.15,10.340000000000146,10.190000000000145,10.040000000000145,9.890000000000146,156,1.0,PRIMARY_CONTINUES,2023-11-21 05:52:00,True,2023-11-21 02:48:00,1985.09,UP,0.0,0.0,1,22.40000000000009,1.199999999999818,38.35,2.8513031463487093,0.15274838284008566,0.6631825621641436,0.15274838284008566,0.6084477249797633,1.160887709584842,0.15274838284008566,0.9508586831796808,1.1659793223461743,0.15274838284008566,0.3793251507196058,2.8513031463487093,0.15274838284008566,1.5949476974887993,<=0.5
FULL_2022_202608,2023-11-21 05:52:00,UP,1993.32,1965.36,27.96000000000004,7.88491222424246,3.546012841339687,SAME_NEAREST,10.720000000000027,27.96000000000004,MULTI_CHILD_ERA4,CHALLENGE_OPENS,2023-11-22 17:09:00,1995.43,0.0754649499284737,2023,2.1100000000001273,0.18,0.15,0.18,2.1100000000001273,1.9300000000001274,1.7500000000001275,1.5700000000001273,156,2.0,PRIMARY_CONTINUES,2023-11-21 16:30:00,True,2023-11-21 02:48:00,1985.09,UP,8.230000000000018,1.043765582411504,2,14.170000000000073,9.019999999999982,35.28333333333333,1.797103074455778,1.1439569323635146,0.11287379931304263,0.2726726612617966,-0.21686988407335428,0.11287379931304263,0.46798238142141685,-0.1141420442491141,1.797103074455778,1.1439569323635146,1.3557538366924677,1.797103074455778,1.1439569323635146,0.3715957662777359,1-2
FULL_2022_202608,2023-11-21 16:30:00,UP,2004.04,1984.3,19.74000000000001,7.922693664484658,2.491576834339716,SAME_NEAREST,3.880000000000109,38.680000000000064,MULTI_CHILD_ERA4,CHALLENGE_OPENS,2023-11-22 17:09:00,1995.43,-0.4361702127659522,2023,-8.6099999999999,0.15,0.15,0.15,-8.6099999999999,-8.7599999999999,-8.9099999999999,-9.0599999999999,156,3.0,CHALLENGE_OPENS,2023-11-22 17:09:00,False,2023-11-21 02:48:00,1985.09,UP,18.950000000000045,2.391863273087017,3,3.4500000000000455,9.36999999999989,24.65,0.4354579573694088,1.1826785682757273,0.4354579573694088,0.33826879007247185,0.05301227307106695,0.4354579573694088,0.7181900804150514,-0.5061409881308123,0.4354579573694088,1.084227204000909,-1.0791784160893845,0.4354579573694088,1.0867515979566715,-0.5503178823566822,2-3
FULL_2022_202608,2023-11-24 12:05:00,UP,1994.89,1992.0,2.8900000000001,7.707373944901649,0.3749655875866521,SAME_NEAREST,3.6099999999999,5.130000000000109,MULTI_CHILD_ERA4,CHALLENGE_OPENS,2023-11-30 15:54:00,2035.31,13.986159169549635,2023,40.419999999999845,0.15,0.15,0.15,40.419999999999845,40.26999999999985,40.11999999999985,39.96999999999984,157,1.0,PRIMARY_CONTINUES,2023-11-24 15:35:00,True,2023-11-24 12:05:00,1994.89,UP,0.0,0.0,1,57.019999999999754,0.5300000000002001,147.81666666666666,7.398109966847777,0.06876531537058608,0.17515693537783003,0.03892376341732179,0.07784752683458457,0.9198982754288032,0.06876531537058608,0.7265769171228876,1.1197069276375957,0.06876531537058608,0.887461805914388,1.1197069276375957,0.06876531537058608,0.887461805914388,<=0.5
FULL_2022_202608,2023-11-24 15:35:00,UP,1998.5,1992.0,6.5,7.707373944901649,0.843348207374794,SAME_NEAREST,7.880000000000109,8.740000000000009,MULTI_CHILD_ERA4,CHALLENGE_OPENS,2023-11-30 15:54:00,2035.31,5.663076923076915,2023,36.809999999999945,0.15,0.15,0.15,36.809999999999945,36.65999999999995,36.50999999999995,36.35999999999994,157,2.0,PRIMARY_CONTINUES,2023-11-27 01:00:00,True,2023-11-24 12:05:00,1994.89,UP,3.6099999999999,0.46838261978814183,2,53.409999999999854,1.3900000000001,144.31666666666666,6.929727347059635,0.18034677050016124,0.5436352290616051,0.07265769171228287,0.4605978671046893,0.6513243078494539,0.18034677050016124,0.4138893510039445,0.6513243078494539,0.18034677050016124,0.4190791861262462,0.6513243078494539,0.18034677050016124,0.4190791861262462,<=0.5
FULL_2022_202608,2023-11-27 01:00:00,UP,2006.38,1997.11,9.27000000000021,7.67129338885087,1.2084011821882383,SAME_NEAREST,1.1099999999999,14.990000000000007,MULTI_CHILD_ERA4,CHALLENGE_OPENS,2023-11-30 15:54:00,2035.31,3.120819848975101,2023,28.929999999999836,0.15,0.15,0.15,28.929999999999836,28.779999999999838,28.629999999999836,28.479999999999837,157,3.0,PRIMARY_CONTINUES,2023-11-27 03:16:00,True,2023-11-24 12:05:00,1994.89,UP,11.490000000000009,1.4977917565633827,3,45.529999999999745,5.940000000000055,86.9,5.935113896982626,0.7743153206254628,0.024767661770825383,0.7743153206254628,-0.533156508646166,1.5134344903133776,0.7743153206254628,0.5879060767711781,1.5134344903133776,0.7743153206254628,1.0193848160422583,1.5134344903133776,0.7743153206254628,0.9229212912505337,1-2
FULL_2022_202608,2023-11-27 03:16:00,UP,2007.49,1997.11,10.38000000000011,7.67129338885087,1.3530964693758103,SAME_NEAREST,0.4300000000000636,16.09999999999991,MULTI_CHILD_ERA4,CHALLENGE_OPENS,2023-11-30 15:54:00,2035.31,2.680154142581854,2023,27.819999999999936,0.15,0.15,0.15,27.819999999999936,27.669999999999938,27.519999999999936,27.369999999999937,157,4.0,PRIMARY_CONTINUES,2023-11-27 03:17:00,True,2023-11-24 12:05:00,1994.89,UP,12.599999999999909,1.6424870437509547,4+,44.419999999999845,1.8299999999999272,84.63333333333334,5.790418609795054,0.2385516896876309,1.3687392031258054,0.1499095317709334,0.2724442794793163,1.3687392031258054,0.1499095317709334,0.771708198333797,1.3687392031258054,0.1499095317709334,0.6283164722920281,1.376560570000803,0.2385516896876309,1.1262768300006758,1-2
FULL_2022_202608,2023-11-27 03:17:00,UP,2007.92,1997.11,10.810000000000173,7.67129338885087,1.409149598646685,SAME_NEAREST,1.4800000000000182,16.529999999999973,MULTI_CHILD_ERA4,CHALLENGE_OPENS,2023-11-30 15:54:00,2035.31,2.533765032377376,2023,27.389999999999873,0.15,0.15,0.15,27.389999999999873,27.239999999999874,27.089999999999872,26.939999999999873,157,5.0,PRIMARY_CONTINUES,2023-11-27 03:24:00,True,2023-11-24 12:05:00,1994.89,UP,13.029999999999973,1.6985401730218295,4+,43.98999999999978,2.259999999999991,84.61666666666666,5.73436548052418,0.29460481895850554,1.3126860738549309,0.07430298531256507,0.11732050312505125,1.3126860738549309,0.07430298531256507,0.7130479467712565,1.3126860738549309,0.07430298531256507,0.630923594583694,1.3205074407299284,0.29460481895850554,0.9737601759380766,1-2
FULL_2022_202608,2023-11-27 03:24:00,UP,2009.4,1997.11,12.290000000000193,7.67129338885087,1.6020766482301343,SAME_NEAREST,12.730000000000018,18.00999999999999,MULTI_CHILD_ERA4,CHALLENGE_OPENS,2023-11-30 15:54:00,2035.31,2.108218063466188,2023,25.909999999999854,0.15,0.15,0.15,25.909999999999854,25.759999999999856,25.609999999999854,25.459999999999855,157,6.0,PRIMARY_CONTINUES,2023-11-28 02:00:00,True,2023-11-24 12:05:00,1994.89,UP,14.509999999999991,1.8914672226052787,4+,42.50999999999976,3.740000000000009,84.5,5.5414384309407305,0.4875318685419548,1.1197590242714817,0.2659264737501814,-0.13165967572924298,1.1197590242714817,0.2659264737501814,0.4679784513544314,1.1197590242714817,0.2659264737501814,0.6361378391670256,1.1275803911464792,0.4875318685419548,0.696101651875399,1-2
FULL_2022_202608,2023-11-28 02:00:00,UP,2016.24,2005.66,10.579999999999927,7.7005184231006,1.373933470279253,SAME_NEAREST,1.75,24.84999999999991,MULTI_CHILD_ERA4,CHALLENGE_OPENS,2023-11-30 15:54:00,2035.31,1.802457466918721,2023,19.069999999999936,0.17,0.15,0.17,19.069999999999936,18.899999999999935,18.729999999999936,18.559999999999935,157,7.0,PRIMARY_CONTINUES,2023-11-28 02:52:00,True,2023-11-24 12:05:00,1994.89,UP,21.34999999999991,2.7725406040134337,4+,35.669999999999845,4.650000000000091,61.9,4.632155660194809,0.6038554477125421,0.23504910975476276,0.1350558420690343,0.09479881222153937,0.23504910975476276,0.31036871398559307,-0.16492396098815107,0.23504910975476276,0.5493136653384976,-0.1545350500597729,3.791952488861486,0.6038554477125421,3.751695459013991,2-3
FULL_2022_202608,2023-11-28 02:52:00,UP,2017.99,2005.66,12.329999999999927,7.7005184231006,1.601190896837732,SAME_NEAREST,4.1400000000001,26.59999999999991,MULTI_CHILD_ERA4,CHALLENGE_OPENS,2023-11-30 15:54:00,2035.31,1.4047039740470428,2023,17.319999999999936,0.15,0.15,0.15,17.319999999999936,17.169999999999938,17.019999999999936,16.869999999999937,157,8.0,PRIMARY_CONTINUES,2023-11-28 15:42:00,True,2023-11-24 12:05:00,1994.89,UP,23.09999999999991,2.9997980305719127,4+,33.919999999999845,6.400000000000091,61.03333333333333,4.404898233636329,0.8311128742710212,0.007791683196283626,0.5376261405440722,-0.3233548526460658,0.007791683196283626,0.5376261405440722,-0.2895908921288072,0.007791683196283626,0.7765710918969767,-0.364910496359608,4.069855856195838,0.8311128742710212,4.034793281812533,2-3
FULL_2022_202608,2023-11-28 15:42:00,UP,2018.05,2005.66,12.389999999999873,7.647683464030755,1.620098433502588,SAME_NEAREST,4.080000000000155,12.389999999999873,MULTI_CHILD_ERA4,CHALLENGE_OPENS,2023-11-30 15:54:00,2035.31,1.393058918482661,2023,17.25999999999999,0.15,0.15,0.15,17.25999999999999,17.109999999999992,16.95999999999999,16.80999999999999,157,9.0,PRIMARY_CONTINUES,2023-11-28 16:00:00,True,2023-11-24 12:05:00,1994.89,UP,23.159999999999854,3.0283680161356004,4+,33.8599999999999,0.7999999999999545,48.2,4.427484500274256,0.10460683993559404,1.2905868877054802,0.10460683993559404,0.672098946586243,3.2545803074963677,0.10460683993559404,3.0335983581324055,4.427484500274256,0.10460683993559404,4.145046032448155,4.427484500274256,0.10460683993559404,2.7067019833336556,3-4
FULL_2022_202608,2023-11-28 16:00:00,UP,2022.55,2005.66,16.889999999999873,7.660085222563917,2.204936304135086,OPPOSITE_NEAREST,18.539999999999964,16.889999999999873,MULTI_CHILD_ERA4,CHALLENGE_OPENS,2023-11-30 15:54:00,2035.31,0.7554766133807038,2023,12.759999999999991,0.15,0.15,0.15,12.759999999999991,12.60999999999999,12.45999999999999,12.309999999999992,157,10.0,PRIMARY_CONTINUES,2023-11-28 19:13:00,True,2023-11-24 12:05:00,1994.89,UP,27.659999999999854,3.6109258835036484,4+,29.3599999999999,1.990000000000009,47.9,3.832855529272137,0.25978823239957816,0.7610881381354642,0.25978823239957816,0.373363992292876,2.6618502807172866,0.25978823239957816,2.413811264858382,3.832855529272137,0.25978823239957816,3.4124946708165664,3.832855529272137,0.25978823239957816,2.0900550757372987,3-4
FULL_2022_202608,2023-11-28 19:13:00,UP,2041.09,2011.59,29.5,7.660085222563917,3.851132088335437,SAME_NEAREST,7.120000000000118,35.42999999999984,MULTI_CHILD_ERA4,CHALLENGE_OPENS,2023-11-30 15:54:00,2035.31,-0.1959322033898295,2023,-5.779999999999973,0.15,0.15,0.15,-5.779999999999973,-5.929999999999973,-6.0799999999999725,-6.229999999999973,157,11.0,PRIMARY_CONTINUES,2023-11-29 02:48:00,True,2023-11-24 12:05:00,1994.89,UP,46.19999999999982,6.031264490884627,4+,10.819999999999936,7.099999999999909,44.68333333333333,1.4125169218911588,0.926882638209534,0.24151167333630794,0.2819811969764062,-0.21931870875942047,0.24151167333630794,0.38380774032900067,-0.07702264176669806,1.4125169218911588,0.38380774032900067,0.8433326539202395,1.4125169218911588,0.7545607956128381,0.36814211827479876,>6
FULL_2022_202608,2023-12-01 11:38:00,UP,2049.54,2038.67,10.86999999999989,7.711882165609674,1.4095132376987696,SAME_NEAREST,2.369999999999891,18.220000000000027,MULTI_CHILD_ERA4,SL,2023-12-01 13:38:00,2038.67,-1.0,2023,-10.86999999999989,0.15,0.16,0.15,-10.86999999999989,-11.019999999999891,-11.169999999999892,-11.31999999999989,158,1.0,PRIMARY_CONTINUES,2023-12-01 17:22:00,True,2023-12-01 11:38:00,2049.54,UP,0.0,0.0,1,0.2600000000002183,10.960000000000036,2.0,0.03371420807746012,1.4211835404948228,0.03371420807746012,0.7365257764608263,-0.6587237578205813,0.03371420807746012,1.4211835404948228,-1.4211835404948228,0.03371420807746012,1.4211835404948228,-1.4211835404948228,0.03371420807746012,1.4211835404948228,-1.4211835404948228,<=0.5
FULL_2022_202608,2023-12-01 17:22:00,UP,2052.93,2033.88,19.049999999999727,7.758661619391963,2.455320380564896,SAME_NEAREST,6.620000000000346,21.6099999999999,MULTI_CHILD_ERA4,AMBIGUOUS,2023-12-04 17:25:00,,,2023,,0.15,0.15,0.15,,,,,158,2.0,PRIMARY_CONTINUES,2023-12-01 18:48:00,True,2023-12-01 11:38:00,2049.54,UP,3.3899999999998727,0.43693102835248315,2,91.70000000000027,19.639999999999873,72.05,11.819048761039626,2.5313644238475033,0.5890191149176975,1.0852387193887845,0.3157761119362074,2.881940352201164,1.0852387193887845,2.2594103029555765,2.881940352201164,1.0852387193887845,2.4076317432521592,2.881940352201164,1.0852387193887845,2.4076317432521592,<=0.5
FULL_2022_202608,2023-12-01 18:48:00,UP,2059.55,2033.88,25.670000000000076,7.758661619391963,3.3085603238373733,SAME_NEAREST,19.639999999999876,28.23000000000025,MULTI_CHILD_ERA4,AMBIGUOUS,2023-12-04 17:25:00,,,2023,,0.15,0.15,0.15,,,,,158,3.0,PRIMARY_CONTINUES,2023-12-04 01:16:00,True,2023-12-01 11:38:00,2049.54,UP,10.010000000000218,1.2901709716249605,3,85.07999999999993,26.26000000000022,70.61666666666666,10.965808817767149,3.3846043671199806,0.783640310437512,0.2912873522350279,0.7475516119304951,2.0287004089286866,0.2912873522350279,1.4293702372947155,2.0287004089286866,0.2912873522350279,1.5543917999796817,2.0287004089286866,0.2912873522350279,1.5543917999796817,1-2
FULL_2022_202608,2023-12-05 16:45:00,DOWN,2019.98,2039.49,19.50999999999999,8.644556153124611,2.256911708873337,SAME_NEAREST,8.3900000000001,124.65000000000008,MULTI_CHILD_ERA4,CHALLENGE_OPENS,2023-12-07 15:38:00,2035.8,-0.8108662224500227,2023,-15.819999999999936,0.15,0.15,0.15,-15.819999999999936,-15.969999999999937,-16.119999999999937,-16.269999999999936,159,2.0,PRIMARY_CONTINUES,2023-12-05 17:40:00,True,2023-12-04 17:26:00,2031.32,DOWN,11.339999999999918,1.3118082408315466,2,10.200000000000045,16.5,46.88333333333333,1.1799333383141033,1.9087156943316292,1.0492152331871367,0.7843086307617209,0.9994729453954828,1.1799333383141033,0.7843086307617209,0.3609207858372672,1.1799333383141033,0.7843086307617209,-0.04858549040117716,1.1799333383141033,1.8300534717773487,-0.7866222255427268,1-2
FULL_2022_202608,2023-12-05 17:40:00,DOWN,2011.59,2039.49,27.90000000000009,8.644556153124611,3.22746471950622,SAME_NEAREST,5.929999999999836,133.0400000000002,MULTI_CHILD_ERA4,CHALLENGE_OPENS,2023-12-07 15:38:00,2035.8,-0.8677419354838695,2023,-24.210000000000036,0.16,0.15,0.15,-24.210000000000036,-24.360000000000035,-24.510000000000037,-24.660000000000036,159,3.0,CHALLENGE_OPENS,2023-12-07 15:38:00,False,2023-12-04 17:26:00,2031.32,DOWN,19.730000000000018,2.282361251464429,3,1.8099999999999454,24.8900000000001,45.96666666666667,0.2093803276812209,2.879268704964512,0.2093803276812209,0.9069291541551667,-0.20706673290024127,0.2093803276812209,1.0318632723295922,-0.722998369065011,0.2093803276812209,1.3233762147366026,-1.2157940574197215,0.2093803276812209,2.800606482410231,-2.0510017733636254,2-3
FULL_2022_202608,2023-12-13 08:12:00,DOWN,1977.16,1982.75,5.589999999999918,8.716011663915635,0.6413483845073965,SAME_NEAREST,1.400000000000091,19.539999999999964,MULTI_CHILD_ERA4,SL,2023-12-13 12:12:00,1982.75,-1.0,2023,-5.589999999999918,0.23,0.16,0.16,-5.589999999999918,-5.749999999999918,-5.909999999999918,-6.069999999999919,160,7.0,PRIMARY_CONTINUES,2023-12-13 08:21:00,True,2023-12-08 15:30:00,2020.17,DOWN,43.00999999999999,4.934596425342312,4+,4.180000000000064,5.649999999999864,4.0,0.47957714619695846,0.6482322669886863,0.47957714619695846,0.04245060863464583,0.13767764962592421,0.47957714619695846,0.6482322669886863,-0.6379064432667517,0.47957714619695846,0.6482322669886863,-0.6379064432667517,0.47957714619695846,0.6482322669886863,-0.6379064432667517,4-6
FULL_2022_202608,2023-12-13 08:21:00,DOWN,1975.76,1982.75,6.990000000000009,8.716011663915635,0.8019723090709792,SAME_NEAREST,10.400000000000093,20.94000000000005,MULTI_CHILD_ERA4,SL,2023-12-13 12:12:00,1982.75,-1.0,2023,-6.990000000000009,0.23,0.16,0.16,-6.990000000000009,-7.150000000000009,-7.310000000000009,-7.4700000000000095,160,8.0,CHALLENGE_OPENS,2023-12-13 21:03:00,False,2023-12-08 15:30:00,2020.17,DOWN,44.41000000000008,5.095220349905895,4+,2.7799999999999727,7.0499999999999545,3.85,0.31895322163337586,0.8088561915522688,0.31895322163337586,0.15029810084162196,-0.09981629597880483,0.31895322163337586,0.8088561915522688,-0.7985303678303343,0.31895322163337586,0.8088561915522688,-0.7985303678303343,0.31895322163337586,0.8088561915522688,-0.7985303678303343,4-6
FULL_2022_202608,2023-12-08 15:30:00,DOWN,2020.17,2032.28,12.1099999999999,8.636721739484031,1.402152386667417,SAME_NEAREST,10.3900000000001,19.699999999999815,MULTI_CHILD_ERA4,CHALLENGE_OPENS,2023-12-13 21:03:00,1996.7,1.938067712634205,2023,23.470000000000027,0.17,0.15,0.15,23.470000000000027,23.32000000000003,23.170000000000027,23.020000000000028,160,1.0,PRIMARY_CONTINUES,2023-12-08 16:14:00,True,2023-12-08 15:30:00,2020.17,DOWN,0.0,0.0,1,47.190000000000055,7.389999999999873,125.55,5.463878705766807,0.8556487314180115,2.0412837800947083,0.8556487314180115,1.69624545538216,2.9629297749644676,0.8556487314180115,2.7440967435192505,2.9629297749644676,0.8556487314180115,1.8398184495578516,2.9629297749644676,0.8556487314180115,1.8398184495578516,<=0.5
FULL_2022_202608,2023-12-08 16:14:00,DOWN,2009.78,2032.28,22.5,8.688239952042453,2.589707480939295,SAME_NEAREST,4.119999999999891,24.230000000000015,MULTI_CHILD_ERA4,CHALLENGE_OPENS,2023-12-13 21:03:00,1996.7,0.5813333333333301,2023,13.079999999999927,0.15,0.15,0.15,13.079999999999927,12.929999999999927,12.779999999999927,12.629999999999928,160,2.0,PRIMARY_CONTINUES,2023-12-08 16:23:00,True,2023-12-08 15:30:00,2020.17,DOWN,10.3900000000001,1.1958693656426458,2,36.799999999999955,5.029999999999973,124.81666666666666,4.235610457714041,0.5789434946277592,0.8333103183111341,0.39133357489750387,-0.1461746000352381,1.7494912760123287,0.5789434946277592,1.4675009058656003,1.7494912760123287,0.5789434946277592,0.6330396064518276,1.7494912760123287,0.5789434946277592,0.6330396064518276,1-2
FULL_2022_202608,2023-12-08 16:23:00,DOWN,2005.66,2032.28,26.61999999999989,8.688239952042453,3.063911695226833,SAME_NEAREST,14.269999999999982,28.34999999999991,MULTI_CHILD_ERA4,CHALLENGE_OPENS,2023-12-13 21:03:00,1996.7,0.3365890308039095,2023,8.960000000000036,0.15,0.15,0.15,8.960000000000036,8.810000000000036,8.660000000000036,8.510000000000037,160,3.0,PRIMARY_CONTINUES,2023-12-11 09:56:00,True,2023-12-08 15:30:00,2020.17,DOWN,14.509999999999991,1.670073579930184,3,32.680000000000064,9.149999999999864,124.66666666666667,3.761406243426503,1.0531477089152974,0.35910610402359583,0.963371182909405,-0.8805005435193445,1.2752870617247904,1.0531477089152974,0.8206495261821091,1.2752870617247904,1.0531477089152974,0.1588353921642893,1.2752870617247904,1.0531477089152974,0.1588353921642893,1-2
FULL_2022_202608,2023-12-11 09:56:00,DOWN,1991.39,2007.67,16.279999999999973,8.757110114813855,1.859060784500142,SAME_NEAREST,1.6300000000001091,42.61999999999989,MULTI_CHILD_ERA4,CHALLENGE_OPENS,2023-12-13 21:03:00,1996.7,-0.3261670761670733,2023,-5.309999999999945,0.15,0.15,0.15,-5.309999999999945,-5.459999999999946,-5.609999999999945,-5.759999999999946,160,4.0,PRIMARY_CONTINUES,2023-12-11 16:30:00,True,2023-12-08 15:30:00,2020.17,DOWN,28.779999999999973,3.286472320510695,4+,18.410000000000082,6.429999999999836,59.11666666666667,2.1022917102363525,0.73426049412381,0.013703150745714815,0.73426049412381,-0.5572614636585066,0.02512244303378886,0.73426049412381,-0.4716167714978734,1.7848353846276086,0.73426049412381,1.1522065918677353,1.7848353846276086,0.73426049412381,0.35970770707466987,3-4
FULL_2022_202608,2023-12-11 16:30:00,DOWN,1989.76,2000.47,10.710000000000036,8.747350777430578,1.2243707006278262,SAME_NEAREST,2.8900000000001,44.25,MULTI_CHILD_ERA4,CHALLENGE_OPENS,2023-12-13 21:03:00,1996.7,-0.6479925303454744,2023,-6.940000000000055,0.15,0.15,0.15,-6.940000000000055,-7.090000000000055,-7.240000000000054,-7.390000000000055,160,5.0,PRIMARY_CONTINUES,2023-12-11 16:54:00,True,2023-12-08 15:30:00,2020.17,DOWN,30.410000000000082,3.4764811396911455,4+,16.779999999999973,7.460000000000036,52.55,1.918295084643774,0.8528296383458074,0.8859825331340448,0.12460915627303695,0.7990990847234816,1.6004845759840811,0.12460915627303695,1.2460915627304736,1.6004845759840811,0.12460915627303695,0.8482568252715713,1.6004845759840811,0.7933830683806864,0.7968126781863635,3-4
FULL_2022_202608,2023-12-11 16:54:00,DOWN,1986.87,2000.47,13.600000000000136,8.747350777430578,1.5547564452416944,SAME_NEAREST,21.50999999999999,47.1400000000001,MULTI_CHILD_ERA4,CHALLENGE_OPENS,2023-12-13 21:03:00,1996.7,-0.7227941176470629,2023,-9.830000000000155,0.17,0.15,0.15,-9.830000000000155,-9.980000000000155,-10.130000000000155,-10.280000000000154,160,6.0,PRIMARY_CONTINUES,2023-12-13 08:12:00,True,2023-12-08 15:30:00,2020.17,DOWN,33.30000000000018,3.8068668843050135,4+,13.889999999999873,10.350000000000136,52.15,1.5879093400299058,1.1832153829596754,0.7179316526557132,0.14175720530144822,0.4664269335724953,1.2700988313702128,0.14175720530144822,0.5441647558345866,1.2700988313702128,0.3006624596313077,0.5407351460288835,1.2700988313702128,1.1237688129945547,0.6642010990333874,3-4
FULL_2022_202608,2023-12-27 11:25:00,UP,2068.99,2064.03,4.959999999999582,8.80142633401215,0.5635450223371413,SAME_NEAREST,1.550000000000182,14.529999999999744,MULTI_CHILD_ERA4,SL,2023-12-27 12:29:00,2064.03,-1.0,2023,-4.959999999999582,0.15,0.15,0.15,-4.959999999999582,-5.109999999999582,-5.2599999999995815,-5.409999999999582,162,7.0,PRIMARY_CONTINUES,2023-12-27 16:34:00,True,2023-12-19 16:37:00,2033.64,UP,35.34999999999968,4.016394463632953,4+,0.25,5.379999999999654,1.0666666666666667,0.02840448701296315,0.6112645605189277,0.02840448701296315,0.3976628181814841,-0.38970956181783584,0.02840448701296315,0.6112645605189277,-0.5999027657137528,0.02840448701296315,0.6112645605189277,-0.5999027657137528,0.02840448701296315,0.6112645605189277,-0.5999027657137528,4-6
FULL_2022_202608,2023-12-19 16:37:00,UP,2033.64,2021.67,11.970000000000027,8.94748497952244,1.3378061016470029,SAME_NEAREST,11.199999999999818,11.970000000000027,MULTI_CHILD_ERA4,CHALLENGE_OPENS,2023-12-29 12:01:00,2064.57,2.583959899749373,2023,30.930000000000064,0.15,0.15,0.15,30.930000000000064,30.780000000000065,30.630000000000063,30.480000000000064,162,1.0,PRIMARY_CONTINUES,2023-12-19 17:22:00,True,2023-12-19 16:37:00,2033.64,UP,0.0,0.0,1,54.74999999999977,6.240000000000009,235.4,6.119037933598407,0.6974026795553292,1.3132181866626773,0.10841035243087939,1.033810061840831,1.4853335915529304,0.10841035243087939,0.4828172396921432,1.4853335915529304,0.10841035243087939,0.5990510196180271,1.4853335915529304,0.4571116922085567,0.3341721172869291,<=0.5
FULL_2022_202608,2023-12-19 17:22:00,UP,2044.84,2021.67,23.169999999999845,8.94748497952244,2.5895545008488536,SAME_NEAREST,3.009999999999991,23.169999999999845,MULTI_CHILD_ERA4,CHALLENGE_OPENS,2023-12-29 12:01:00,2064.57,0.8515321536469735,2023,19.730000000000246,0.15,0.15,0.15,19.730000000000246,19.580000000000247,19.430000000000245,19.280000000000246,162,2.0,PRIMARY_CONTINUES,2023-12-21 15:40:00,True,2023-12-19 16:37:00,2033.64,UP,11.199999999999818,1.2517483992018508,2,43.549999999999955,17.439999999999827,234.65,4.867289534396556,1.94915107875718,0.136351164913064,0.65381501208311,0.013411589991461833,0.23358519235107972,0.9131057519177762,-0.6862263545624401,0.23358519235107972,0.9131057519177762,-0.6146978746080617,0.23358519235107972,1.7088600914104075,-1.336688469147691,1-2
FULL_2022_202608,2023-12-21 15:40:00,UP,2043.44,2027.4,16.039999999999964,8.824387523519873,1.8176898914795083,SAME_NEAREST,3.490000000000009,16.039999999999964,MULTI_CHILD_ERA4,CHALLENGE_OPENS,2023-12-29 12:01:00,2064.57,1.3173316708229523,2023,21.13000000000011,0.15,0.15,0.15,21.13000000000011,20.98000000000011,20.83000000000011,20.68000000000011,162,3.0,PRIMARY_CONTINUES,2023-12-22 01:00:00,True,2023-12-19 16:37:00,2033.64,UP,9.799999999999955,1.1105586618765049,3,44.94999999999982,6.7999999999999545,188.35,5.093837944015196,0.7705917245673691,0.2844390042153092,0.730928915214647,0.028330578109094645,0.28670545046403473,0.7705917245673691,-0.2107795011316786,1.3032065930183536,0.7705917245673691,0.6153401565295171,2.55881781481342,0.7705917245673691,2.063599309466458,1-2
FULL_2022_202608,2023-12-22 01:00:00,UP,2047.85,2037.49,10.3599999999999,8.853371549169571,1.170175671772371,OPPOSITE_NEAREST,96.7800000000002,15.8599999999999,MULTI_CHILD_ERA4,CHALLENGE_OPENS,2023-12-29 12:01:00,2064.57,1.613899613899654,2023,16.720000000000255,0.3,0.15,0.3,16.720000000000255,16.420000000000254,16.120000000000253,15.820000000000254,162,4.0,PRIMARY_CONTINUES,2023-12-22 12:18:00,True,2023-12-19 16:37:00,2033.64,UP,14.209999999999809,1.6050382524985838,4+,40.539999999999964,2.4299999999998363,179.01666666666668,4.5790464993872915,0.27447170679601324,0.8008248564542819,0.27447170679601324,0.6325273901472234,0.8008248564542819,0.27447170679601324,0.2473633900754422,1.0504472729231051,0.27447170679601324,0.9069990969432881,2.562865443292994,0.27447170679601324,0.5839583226895079,1-2
FULL_2022_202608,2023-12-22 12:18:00,UP,2054.94,2047.01,7.930000000000064,8.823310227613627,0.8987556592062421,OPPOSITE_NEAREST,89.69000000000005,22.950000000000045,MULTI_CHILD_ERA4,CHALLENGE_OPENS,2023-12-29 12:01:00,2064.57,1.214375788146284,2023,9.63000000000011,0.15,0.15,0.15,9.63000000000011,9.480000000000109,9.330000000000108,9.18000000000011,162,5.0,PRIMARY_CONTINUES,2023-12-26 22:35:00,True,2023-12-19 16:37:00,2033.64,UP,21.299999999999955,2.4140599673509158,4+,33.44999999999982,3.869999999999891,167.71666666666667,3.7910941740792428,0.43861089547642257,0.3456752535408287,0.017000422305298486,0.2686066724235408,1.650174325099966,0.017000422305298486,1.2568978891043223,1.76804391974996,0.43861089547642257,-0.21760540550769691,1.76804391974996,0.43861089547642257,-0.21760540550769691,2-3
FULL_2022_202608,2023-12-26 22:35:00,UP,2065.07,2054.46,10.610000000000127,8.841323393431303,1.2000465912018183,SAME_NEAREST,5.4699999999998,33.080000000000155,MULTI_CHILD_ERA4,CHALLENGE_OPENS,2023-12-29 12:01:00,2064.57,-0.0471253534401502,2023,-0.5,0.15,0.15,0.15,-0.5,-0.65,-0.8,-0.95,162,6.0,PRIMARY_CONTINUES,2023-12-27 11:25:00,True,2023-12-19 16:37:00,2033.64,UP,31.430000000000064,3.5548976778013923,4+,23.31999999999971,3.6400000000003274,61.43333333333333,2.6376141853747144,0.41170307181667853,0.44337253887941686,0.014703681136320968,0.1538231257336532,0.44337253887941686,0.13007102543658658,0.03393157185298904,0.44337253887941686,0.13007102543658658,0.22847258381033195,2.187455332124648,0.41170307181667853,1.391194445973785,3-4
FULL_2022_202608,2023-12-27 16:34:00,UP,2070.54,2061.43,9.110000000000127,8.779975344693929,1.0375883350863444,OPPOSITE_NEAREST,74.09000000000015,16.079999999999927,MULTI_CHILD_ERA4,CHALLENGE_OPENS,2023-12-29 12:01:00,2064.57,-0.655323819978015,2023,-5.9699999999998,0.15,0.15,0.15,-5.9699999999998,-6.1199999999998,-6.2699999999998,-6.4199999999998,162,8.0,CHALLENGE_OPENS,2023-12-29 12:01:00,False,2023-12-19 16:37:00,2033.64,UP,36.899999999999864,4.202745287012672,4+,17.84999999999991,6.0099999999997635,43.45,2.0330353217662895,0.684512172762744,0.8610502539245443,0.4555821449336246,0.8143530840688643,1.579731087557331,0.4555821449336246,0.9305265310269365,1.956725312489899,0.4555821449336246,1.809800070748809,2.0330353217662895,0.4555821449336246,0.33599183188852744,4-6
FULL_2022_202608,2023-12-29 15:54:00,DOWN,2061.43,2074.72,13.289999999999964,8.807170717663782,1.5089976595259311,SAME_NEAREST,6.9699999999998,26.96000000000004,MULTI_CHILD_ERA4,AMBIGUOUS,2024-01-02 07:47:00,,,2023,,0.15,0.15,0.15,,,,,163,1.0,CHALLENGE_OPENS,2024-01-02 07:47:00,False,2023-12-29 15:54:00,2061.43,DOWN,0.0,0.0,1,3.269999999999982,13.490000000000236,87.88333333333334,0.37128836317906555,1.5317064279161192,0.37128836317906555,0.43600835309103175,-0.22481680706255677,0.37128836317906555,0.7584728642312782,-0.5472813182028033,0.37128836317906555,0.7584728642312782,-0.15441962505308235,0.37128836317906555,0.7584728642312782,-0.15441962505308235,<=0.5
FULL_2022_202608,2024-01-05 15:30:00,DOWN,2030.61,2046.95,16.340000000000146,8.831771008825994,1.850138549071396,SAME_NEAREST,3.209999999999809,17.580000000000155,MULTI_CHILD_ERA4,SL,2024-01-05 16:28:00,2046.95,-1.0,2024,-16.340000000000146,0.15,0.15,0.15,-16.340000000000146,-16.490000000000144,-16.640000000000146,-16.790000000000145,164,4.0,PRIMARY_CONTINUES,2024-01-05 15:31:00,True,2024-01-02 17:37:00,2058.16,DOWN,27.549999999999955,3.119419646690112,4+,6.189999999999827,17.460000000000264,0.9666666666666667,0.7008786792381592,1.9769534312599006,0.7008786792381592,1.9769534312599006,-1.9690275011231015,0.7008786792381592,1.9769534312599006,-1.9690275011231015,0.7008786792381592,1.9769534312599006,-1.9690275011231015,0.7008786792381592,1.9769534312599006,-1.9690275011231015,3-4
FULL_2022_202608,2024-01-05 15:31:00,DOWN,2027.4,2046.95,19.549999999999955,8.831771008825994,2.213599059629461,SAME_NEAREST,5.730000000000018,20.789999999999964,MULTI_CHILD_ERA4,SL,2024-01-05 16:28:00,2046.95,-1.0,2024,-19.549999999999955,0.15,0.15,0.15,-19.549999999999955,-19.699999999999953,-19.849999999999955,-19.999999999999954,164,5.0,CHALLENGE_OPENS,2024-01-05 16:29:00,False,2024-01-02 17:37:00,2058.16,DOWN,30.759999999999764,3.4828801572481765,4+,2.980000000000018,20.670000000000073,0.95,0.33741816868009455,2.3404139418179652,0.33741816868009455,2.3404139418179652,-2.332488011681166,0.33741816868009455,2.3404139418179652,-2.332488011681166,0.33741816868009455,2.3404139418179652,-2.332488011681166,0.33741816868009455,2.3404139418179652,-2.332488011681166,3-4
FULL_2022_202608,2024-01-02 17:37:00,DOWN,2058.16,2078.9,20.74000000000024,8.8289345950009,2.3490943076805206,SAME_NEAREST,3.699999999999818,30.230000000000015,MULTI_CHILD_ERA4,CHALLENGE_OPENS,2024-01-05 16:29:00,2048.19,0.4807135969141604,2024,9.9699999999998,0.15,0.15,0.15,9.9699999999998,9.8199999999998,9.6699999999998,9.5199999999998,164,1.0,PRIMARY_CONTINUES,2024-01-03 11:44:00,True,2024-01-02 17:37:00,2058.16,DOWN,0.0,0.0,1,33.73999999999978,9.420000000000073,70.86666666666666,3.821525648078078,1.0669464020419683,0.26730292025675967,1.0669464020419683,-0.7588684600511065,0.26730292025675967,1.0669464020419683,-0.42020925175962953,0.26730292025675967,1.0669464020419683,-0.6863795325238025,2.9935661789775825,1.0669464020419683,2.7330590956764724,<=0.5
FULL_2022_202608,2024-01-03 11:44:00,DOWN,2054.46,2065.95,11.489999999999782,8.801049757275239,1.3055260811929583,SAME_NEAREST,22.470000000000027,24.44000000000005,MULTI_CHILD_ERA4,CHALLENGE_OPENS,2024-01-05 16:29:00,2048.19,0.5456919060052308,2024,6.269999999999982,0.15,0.15,0.15,6.269999999999982,6.1199999999999815,5.969999999999982,5.819999999999982,164,2.0,PRIMARY_CONTINUES,2024-01-03 16:37:00,True,2024-01-02 17:37:00,2058.16,DOWN,3.699999999999818,0.4204043951622107,2,30.039999999999964,3.0900000000001455,52.75,3.413229197479301,0.35109448136523136,0.20565728520097726,0.35109448136523136,-0.031814386660896685,1.4895950325883531,0.35109448136523136,1.4248300311714504,2.709904006653858,0.35109448136523136,1.5168645068691475,2.709904006653858,0.35109448136523136,0.5249373799052602,<=0.5
FULL_2022_202608,2024-01-03 16:37:00,DOWN,2031.99,2065.95,33.95999999999981,8.868130101014073,3.829443142260224,SAME_NEAREST,4.589999999999918,33.95999999999981,MULTI_CHILD_ERA4,CHALLENGE_OPENS,2024-01-05 16:29:00,2048.19,-0.4770318021201453,2024,-16.200000000000045,0.15,0.15,0.15,-16.200000000000045,-16.350000000000044,-16.500000000000046,-16.650000000000045,164,3.0,PRIMARY_CONTINUES,2024-01-05 15:30:00,True,2024-01-02 17:37:00,2058.16,DOWN,26.169999999999845,2.9510166970833343,3,7.569999999999936,18.87999999999988,47.86666666666667,0.8536185096263197,2.1289719236122786,0.029318469287032658,1.8865307352771823,-0.23003722055979864,0.15223051360574155,1.8865307352771823,-0.3619703323514584,0.15561341390811417,1.8865307352771823,-1.324969285087099,0.15561341390811417,2.1289719236122786,-0.8998514804251128,2-3
FULL_2022_202608,2024-01-05 17:00:00,UP,2050.87,2021.67,29.199999999999815,8.879816725443627,3.2883561567585184,SAME_NEAREST,15.079999999999927,29.199999999999815,MULTI_CHILD_ERA4,AMBIGUOUS,2024-01-08 13:18:00,,,2024,,0.15,0.15,0.15,,,,,165,1.0,CHALLENGE_OPENS,2024-01-08 13:18:00,False,2024-01-05 17:00:00,2050.87,UP,0.0,0.0,1,13.090000000000146,34.11999999999989,68.3,1.4741295236975944,3.8424216461849654,1.4741295236975944,0.4493335981323922,0.42117986391362033,1.4741295236975944,1.1779522397155373,-0.275906595344446,1.4741295236975944,1.1779522397155373,-0.6069945097578119,1.4741295236975944,1.1779522397155373,-0.6069945097578119,<=0.5
FULL_2022_202608,2024-01-09 09:25:00,UP,2036.84,2026.06,10.779999999999973,8.996952455663616,1.1981835019272469,OPPOSITE_NEAREST,27.12000000000012,20.08999999999992,MULTI_CHILD_ERA4,SL,2024-01-09 18:09:00,2026.06,-1.0,2024,-10.779999999999973,0.15,0.16,0.15,-10.779999999999973,-10.929999999999973,-11.079999999999973,-11.229999999999972,166,1.0,CHALLENGE_OPENS,2024-01-10 07:48:00,False,2024-01-09 09:25:00,2036.84,UP,0.0,0.0,1,5.040000000000191,10.86999999999989,8.733333333333333,0.5601896892127614,1.208186889234608,0.14893932213197486,0.5957572885278236,-0.5123957276330706,0.1833954339684667,0.624655962971337,-0.1689460967466974,0.5601896892127614,1.208186889234608,-1.1726192899195205,0.5601896892127614,1.208186889234608,-1.1726192899195205,<=0.5
FULL_2022_202608,2024-01-11 15:30:00,UP,2041.88,2020.39,21.49000000000001,8.93317056916888,2.405640845386812,OPPOSITE_NEAREST,22.079999999999927,21.49000000000001,MULTI_CHILD_ERA4,AMBIGUOUS,2024-01-11 18:24:00,,,2024,,0.15,0.15,0.15,,,,,167,1.0,CHALLENGE_OPENS,2024-01-11 18:24:00,False,2024-01-11 15:30:00,2041.88,UP,0.0,0.0,1,2.0299999999999727,24.330000000000155,2.9,0.22724294630689437,2.7235570855403197,0.22724294630689437,1.8963032071127364,-1.1955441707180685,0.22724294630689437,2.7235570855403197,-2.5433299212279388,0.22724294630689437,2.7235570855403197,-2.5433299212279388,0.22724294630689437,2.7235570855403197,-2.5433299212279388,<=0.5
FULL_2022_202608,2024-01-11 18:26:00,DOWN,2016.75,2043.91,27.16000000000008,8.988264066006831,3.021718075987315,SAME_NEAREST,1.1800000000000637,47.21000000000004,MULTI_CHILD_ERA4,AMBIGUOUS,2024-01-12 12:50:00,,,2024,,0.15,0.15,0.15,,,,,168,1.0,PRIMARY_CONTINUES,2024-01-11 18:36:00,True,2024-01-11 18:26:00,2016.75,DOWN,0.0,0.0,1,3.5,27.170000000000073,18.4,0.3893966592767147,3.0228306378709617,0.35601980276728706,0.3905092211603614,-0.014463304487432972,0.3893966592767147,1.187103529852164,-1.0090936284685077,0.3893966592767147,2.089391217490483,-1.8846798308993051,0.3893966592767147,3.0228306378709617,-2.9471764297829073,<=0.5
FULL_2022_202608,2024-01-11 18:36:00,DOWN,2015.57,2043.91,28.340000000000146,8.988264066006831,3.153000378257757,SAME_NEAREST,42.58999999999992,48.3900000000001,MULTI_CHILD_ERA4,AMBIGUOUS,2024-01-12 12:50:00,,,2024,,0.15,0.15,0.15,,,,,168,2.0,CHALLENGE_OPENS,2024-01-12 12:50:00,False,2024-01-11 18:26:00,2016.75,DOWN,1.1800000000000637,0.13128230227044232,2,2.3199999999999363,28.350000000000136,18.233333333333334,0.25811435700627233,3.154112940141404,0.22473750049684474,0.5217915234308037,0.062303465484268274,0.25811435700627233,1.3183858321226063,-1.1426010545062435,0.25811435700627233,2.2206735197609255,-1.9647842865219465,0.25811435700627233,3.154112940141404,-3.0784587320533494,<=0.5
FULL_2022_202608,2024-01-16 05:38:00,DOWN,2049.2,2055.49,6.289999999999964,8.999862968137357,0.6988995301671537,OPPOSITE_NEAREST,35.94999999999982,9.370000000000346,MULTI_CHILD_ERA4,CHALLENGE_OPENS,2024-01-19 14:04:00,2032.92,2.588235294117621,2024,16.279999999999745,0.16,0.16,0.16,16.279999999999745,16.119999999999745,15.959999999999745,15.799999999999745,169,1.0,PRIMARY_CONTINUES,2024-01-17 16:55:00,True,2024-01-16 05:38:00,2049.2,DOWN,0.0,0.0,1,47.419999999999845,1.6200000000003456,80.43333333333334,5.2689691129612894,0.1800027406790202,0.09777926654163072,0.09000137033953536,-0.046667377213077434,0.20444755731438996,0.1800027406790202,-0.02666707269320876,1.9878080436709638,0.1800027406790202,1.0577938834962113,2.7755978161487205,0.1800027406790202,2.642262452682803,<=0.5
FULL_2022_202608,2024-01-17 16:55:00,DOWN,2013.25,2032.92,19.670000000000076,9.055553382877244,2.172147760422155,OPPOSITE_NEAREST,40.26999999999998,19.670000000000076,MULTI_CHILD_ERA4,AMBIGUOUS,2024-01-19 14:04:00,,,2024,,0.16,0.16,0.16,,,,,169,2.0,CHALLENGE_OPENS,2024-01-19 14:04:00,False,2024-01-16 05:38:00,2049.2,DOWN,35.94999999999982,3.9699396028050726,2,11.470000000000027,20.440000000000055,45.15,1.2666260707698058,2.2571784556699948,0.7906750363305921,0.4748467396957362,0.5941105719914278,1.2666260707698058,0.4748467396957362,1.019264048230628,1.2666260707698058,0.4748467396957362,0.6393866564740289,1.2666260707698058,0.4748467396957362,0.05300614768696847,3-4
FULL_2022_202608,2024-01-23 07:33:00,UP,2030.11,2019.53,10.579999999999927,8.914666319668308,1.1868083022532672,SAME_NEAREST,9.190000000000056,13.699999999999818,MULTI_CHILD_ERA4,CHALLENGE_OPENS,2024-01-24 16:45:00,2022.74,-0.6965973534971589,2024,-7.369999999999891,0.16,0.16,0.16,-7.369999999999891,-7.529999999999891,-7.689999999999891,-7.849999999999891,170,1.0,PRIMARY_CONTINUES,2024-01-24 09:44:00,True,2024-01-23 07:33:00,2030.11,UP,0.0,0.0,1,7.7000000000000455,8.779999999999973,33.2,0.8637451727174172,0.9848938462933579,0.17050554058839573,0.1144181917106162,-0.03365240932664732,0.8637451727174172,0.28155849136632427,-0.02580018048374339,0.8637451727174172,0.9848938462933579,-0.6921178851514674,0.8637451727174172,0.9848938462933579,-0.6943613791065756,<=0.5
FULL_2022_202608,2024-01-24 09:44:00,UP,2030.63,2022.59,8.040000000000191,8.854167692455713,0.9080469536228412,SAME_NEAREST,7.179999999999836,9.300000000000182,MULTI_CHILD_ERA4,AMBIGUOUS,2024-01-24 16:45:00,,,2024,,0.16,0.16,0.16,,,,,170,2.0,CHALLENGE_OPENS,2024-01-24 16:45:00,False,2024-01-23 07:33:00,2030.11,UP,0.5200000000002092,0.0587294049607035,2,5.949999999999818,8.740000000000009,7.016666666666667,0.6719999221462203,0.9871057679929666,0.17167056834660066,0.2823529084648071,-0.005647058169316686,0.382870543878264,0.2823529084648071,0.2518587943505843,0.6719999221462203,0.9871057679929666,-0.6403763963981907,0.6719999221462203,0.9871057679929666,-0.6403763963981907,<=0.5
FULL_2022_202608,2024-01-25 15:30:00,DOWN,2011.13,2019.78,8.649999999999864,8.848659378566811,0.977549211686446,SAME_NEAREST,9.350000000000136,25.449999999999815,MULTI_CHILD_ERA4,SL,2024-01-25 15:33:00,2019.78,-1.0,2024,-8.649999999999864,0.16,0.16,0.16,-8.649999999999864,-8.809999999999864,-8.969999999999864,-9.129999999999864,171,3.0,CHALLENGE_OPENS,2024-01-26 15:30:00,False,2024-01-24 17:03:00,2021.33,DOWN,10.199999999999818,1.15271698950309,3,2.020000000000209,9.149999999999864,0.05,0.22828316850946317,1.0340549464660103,0.22828316850946317,1.0340549464660103,-0.7481359284814183,0.22828316850946317,1.0340549464660103,-0.7481359284814183,0.22828316850946317,1.0340549464660103,-0.7481359284814183,0.22828316850946317,1.0340549464660103,-0.7481359284814183,1-2
FULL_2022_202608,2024-01-24 17:03:00,DOWN,2021.33,2037.81,16.480000000000018,8.85396318006091,1.861313364970041,SAME_NEAREST,4.919999999999845,16.480000000000018,MULTI_CHILD_ERA4,CHALLENGE_OPENS,2024-01-26 15:30:00,2025.31,-0.2415048543689328,2024,-3.980000000000018,0.16,0.18,0.18,-3.980000000000018,-4.160000000000018,-4.3400000000000185,-4.520000000000018,171,1.0,PRIMARY_CONTINUES,2024-01-24 17:35:00,True,2024-01-24 17:03:00,2021.33,DOWN,0.0,0.0,1,12.220000000000027,5.370000000000118,46.45,1.3801728956270587,0.6065080564253233,0.7330050812291001,0.34786681821043736,0.6934747609779006,1.0752247108322048,0.34786681821043736,0.8109362840099863,1.1520264758916299,0.34786681821043736,0.6189318713613985,1.3801728956270587,0.44951621314203816,-0.12423814936087965,<=0.5
FULL_2022_202608,2024-01-24 17:35:00,DOWN,2016.41,2037.81,21.399999999999864,8.85396318006091,2.4169967239295254,SAME_NEAREST,14.63000000000011,21.399999999999864,MULTI_CHILD_ERA4,CHALLENGE_OPENS,2024-01-26 15:30:00,2025.31,-0.415887850467286,2024,-8.899999999999864,0.16,0.18,0.18,-8.899999999999864,-9.079999999999863,-9.259999999999863,-9.439999999999863,171,2.0,PRIMARY_CONTINUES,2024-01-25 15:30:00,True,2024-01-24 17:03:00,2021.33,DOWN,4.919999999999845,0.5556833589594845,2,7.300000000000182,10.289999999999964,45.916666666666664,0.8244895366675742,1.1621914153848079,0.5195413518727204,0.31059537340216065,0.3512551313748215,0.5952136792106839,0.3806205121328172,0.4077270174479416,0.5963431169321454,0.3806205121328172,0.02258875442925318,0.8244895366675742,1.0051995721015226,-0.13327365113254497,0.5-1
FULL_2022_202608,2024-01-30 09:35:00,UP,2039.3,2029.74,9.559999999999944,8.804944821020724,1.0857535389860276,OPPOSITE_NEAREST,19.27000000000021,18.799999999999955,MULTI_CHILD_ERA4,SL,2024-01-30 17:26:00,2029.74,-1.0,2024,-9.559999999999945,0.16,0.16,0.16,-9.559999999999945,-9.719999999999946,-9.879999999999946,-10.039999999999946,172,3.0,PRIMARY_CONTINUES,2024-01-31 16:42:00,True,2024-01-29 01:28:00,2026.7,UP,12.599999999999909,1.4310140785799086,3,9.250000000000227,10.279999999999973,7.85,1.0505460497511567,1.16752577204774,0.11130109500066242,0.26008113015460016,-0.16013728974583152,0.11130109500066242,0.9188018964850339,-0.7189142156675223,1.0505460497511567,1.16752577204774,-1.1141466754657878,1.0505460497511567,1.16752577204774,-1.1141466754657878,1-2
FULL_2022_202608,2024-01-31 16:42:00,UP,2048.55,2032.75,15.800000000000182,8.750261856175763,1.8056602487671671,SAME_NEAREST,10.019999999999982,19.5300000000002,MULTI_CHILD_ERA4,SL,2024-01-31 22:04:00,2032.75,-1.0,2024,-15.800000000000182,0.16,0.16,0.16,-15.800000000000182,-15.960000000000182,-16.120000000000182,-16.280000000000182,172,4.0,CHALLENGE_OPENS,2024-02-01 13:09:00,False,2024-01-29 01:28:00,2026.7,UP,21.850000000000136,2.497068128833063,4+,7.4099999999998545,16.440000000000282,5.366666666666666,0.8468318002129298,1.8788009170716706,0.8468318002129298,0.13828157601321034,0.48684257340174786,0.8468318002129298,0.18628013958801554,-0.14513851366675024,0.8468318002129298,1.8788009170716706,-1.5519535555859574,0.8468318002129298,1.8788009170716706,-1.5519535555859574,2-3
FULL_2022_202608,2024-01-29 01:28:00,UP,2026.7,2015.9,10.799999999999956,8.794366928979883,1.2280588343898813,SAME_NEAREST,9.879999999999882,17.590000000000146,MULTI_CHILD_ERA4,CHALLENGE_OPENS,2024-02-01 13:09:00,2030.77,0.3768518518518475,2024,4.069999999999936,0.23,0.18,0.23,4.069999999999936,3.8399999999999364,3.6099999999999364,3.3799999999999364,172,1.0,PRIMARY_CONTINUES,2024-01-29 15:48:00,True,2024-01-29 01:28:00,2026.7,UP,0.0,0.0,1,29.25999999999999,7.4500000000000455,83.68333333333334,3.327129767985932,0.847133177426362,0.19899101483169454,0.8448589943997161,-0.7948269678134553,0.19899101483169454,0.847133177426362,-0.2365150347714031,0.8016495168933928,0.847133177426362,-0.04093529447967736,1.2280588343898813,0.847133177426362,0.41276421933658725,<=0.5
FULL_2022_202608,2024-01-29 15:48:00,UP,2036.58,2015.9,20.67999999999984,8.787188903993238,2.353426132742184,SAME_NEAREST,1.2300000000000182,20.67999999999984,MULTI_CHILD_ERA4,CHALLENGE_OPENS,2024-02-01 13:09:00,2030.77,-0.2809477756286263,2024,-5.809999999999945,0.16,0.18,0.16,-5.809999999999945,-5.969999999999946,-6.129999999999946,-6.289999999999946,172,2.0,PRIMARY_CONTINUES,2024-01-30 09:35:00,True,2024-01-29 01:28:00,2026.7,UP,9.879999999999882,1.1243641291824316,2,19.38000000000011,16.079999999999927,69.35,2.2054834841655775,1.829936760855631,0.10469787437732096,1.6205410121010149,-1.5124290766026975,0.10469787437732096,1.829936760855631,-0.8000283226875058,0.10469787437732096,1.829936760855631,-0.6293252666375395,0.4210675382565888,1.829936760855631,0.0,1-2
FULL_2022_202608,2024-02-01 18:09:00,UP,2055.96,2029.98,25.980000000000015,8.823460225960023,2.9444230873918067,SAME_NEAREST,2.6100000000001278,26.94000000000005,MULTI_CHILD_ERA4,AMBIGUOUS,2024-02-02 15:57:00,,,2024,,0.16,0.16,0.16,,,,,173,1.0,PRIMARY_CONTINUES,2024-02-01 18:12:00,True,2024-02-01 18:09:00,2055.96,UP,0.0,0.0,1,9.389999999999873,26.3900000000001,21.8,1.0642083445191943,2.9908901184091614,1.0642083445191943,0.07593392873567065,0.5655377677476698,1.0642083445191943,0.5349375278094715,-0.17113467521024894,1.0642083445191943,0.5349375278094715,-0.10880085311378905,1.0642083445191943,2.9908901184091614,-2.7948219143603596,<=0.5
FULL_2022_202608,2024-02-01 18:12:00,UP,2058.57,2029.98,28.590000000000146,8.823460225960023,3.240225406794924,SAME_NEAREST,3.5799999999999272,29.550000000000185,MULTI_CHILD_ERA4,AMBIGUOUS,2024-02-02 15:57:00,,,2024,,0.16,0.16,0.16,,,,,173,2.0,PRIMARY_CONTINUES,2024-02-01 18:43:00,True,2024-02-01 18:09:00,2055.96,UP,2.6100000000001273,0.2958023194031172,2,6.779999999999745,29.000000000000227,21.75,0.7684060251160771,3.286692437812279,0.7684060251160771,0.24026855062631422,0.3366026393207494,0.7684060251160771,0.8307398472125886,-0.5168040522904722,0.7684060251160771,0.8307398472125886,-0.36720287925905093,0.7684060251160771,3.286692437812279,-3.0906242337634766,<=0.5
FULL_2022_202608,2024-02-01 18:43:00,UP,2062.15,2029.98,32.17000000000007,8.823460225960023,3.645961921531738,SAME_NEAREST,1.8099999999999452,33.13000000000011,MULTI_CHILD_ERA4,AMBIGUOUS,2024-02-02 15:57:00,,,2024,,0.16,0.16,0.16,,,,,173,3.0,PRIMARY_CONTINUES,2024-02-01 18:44:00,True,2024-02-01 18:09:00,2055.96,UP,6.190000000000055,0.7015388341399319,3,3.199999999999818,32.580000000000155,21.233333333333334,0.3626695103792625,3.6924289525490934,0.3626695103792625,0.9112071448279446,-0.8647401138106154,0.3626695103792625,1.2364763619494032,-0.7854061584151679,0.3626695103792625,1.2364763619494032,-0.8477399805115763,0.3626695103792625,3.6924289525490934,-3.496360748500291,0.5-1
FULL_2022_202608,2024-02-01 18:44:00,UP,2063.96,2029.98,33.98000000000002,8.823460225960023,3.851096863340014,SAME_NEAREST,1.9899999999997815,34.940000000000055,MULTI_CHILD_ERA4,AMBIGUOUS,2024-02-02 15:57:00,,,2024,,0.16,0.16,0.16,,,,,173,4.0,CHALLENGE_OPENS,2024-02-02 15:57:00,False,2024-02-01 18:09:00,2055.96,UP,8.0,0.9066737759482077,4+,1.3899999999998727,34.3900000000001,21.216666666666665,0.15753456857098666,3.8975638943573694,0.15753456857098666,1.2716099707673902,-1.2455430997088772,0.15753456857098666,1.4416113037576792,-0.9905411002234437,0.15753456857098666,1.4416113037576792,-1.0868751889179304,0.15753456857098666,3.8975638943573694,-3.701495690308567,0.5-1
FULL_2022_202608,2024-02-05 08:36:00,DOWN,2027.82,2042.09,14.269999999999982,8.919487632037333,1.5998676817202468,SAME_NEAREST,7.319999999999936,29.79000000000019,MULTI_CHILD_ERA4,CHALLENGE_OPENS,2024-02-07 16:43:00,2038.84,-0.7722494744218638,2024,-11.019999999999982,0.16,0.16,0.16,-11.019999999999982,-11.179999999999982,-11.339999999999982,-11.499999999999982,174,2.0,PRIMARY_CONTINUES,2024-02-05 15:21:00,True,2024-02-02 16:03:00,2029.02,DOWN,1.2000000000000455,0.1345368758279167,2,12.980000000000018,13.990000000000009,56.11666666666667,1.455240540205246,1.5684757440270705,0.12781003203650176,0.40697404937944487,-0.14911170404261936,0.808342395599373,0.40697404937944487,0.3587650022077694,1.455240540205246,0.40697404937944487,0.13229459456409473,1.455240540205246,0.40697404937944487,0.13005231330029823,<=0.5
FULL_2022_202608,2024-02-05 15:21:00,DOWN,2020.5,2042.09,21.58999999999992,8.930157145192682,2.4176506246166487,SAME_NEAREST,4.599999999999909,21.58999999999992,MULTI_CHILD_ERA4,CHALLENGE_OPENS,2024-02-07 16:43:00,2038.84,-0.8494673459935149,2024,-18.339999999999918,0.16,0.16,0.16,-18.339999999999918,-18.49999999999992,-18.65999999999992,-18.81999999999992,174,3.0,PRIMARY_CONTINUES,2024-02-05 15:51:00,True,2024-02-02 16:03:00,2029.02,DOWN,8.519999999999982,0.9540705568195407,3,5.660000000000082,21.309999999999945,49.36666666666667,0.633807435633649,2.3862961931718782,0.633807435633649,0.1175791179178963,0.49047289188611515,0.633807435633649,0.3516175526306877,-0.16237116283901176,0.633807435633649,0.8947210972990792,-0.7301103322140142,0.633807435633649,1.1645931679487478,-0.6539638558481281,0.5-1
FULL_2022_202608,2024-02-05 15:51:00,DOWN,2015.9,2042.09,26.189999999999827,8.930157145192682,2.932759141209349,SAME_NEAREST,6.790000000000191,26.189999999999827,MULTI_CHILD_ERA4,CHALLENGE_OPENS,2024-02-07 16:43:00,2038.84,-0.8759068346697204,2024,-22.939999999999827,0.16,0.16,0.16,-22.939999999999827,-23.099999999999827,-23.259999999999827,-23.419999999999828,174,4.0,CHALLENGE_OPENS,2024-02-07 16:43:00,False,2024-02-02 16:03:00,2029.02,DOWN,13.11999999999989,1.4691790734122414,4+,1.0600000000001728,25.909999999999854,48.86666666666667,0.11869891904094837,2.901404709764579,0.11869891904094837,0.8656062681003618,-0.5912549929585867,0.11869891904094837,1.1769109803020406,-1.0257378286932948,0.11869891904094837,1.4098296138917799,-1.2776930813745122,0.11869891904094837,1.6797016845414483,-1.4109494150148065,1-2
FULL_2022_202608,2024-02-07 16:45:00,UP,2042.09,2022.82,19.269999999999985,8.765925553877963,2.198284696985034,SAME_NEAREST,15.52000000000021,19.269999999999985,MULTI_CHILD_ERA4,CHALLENGE_OPENS,2024-02-08 10:29:00,2030.53,-0.5998962117280725,2024,-11.559999999999945,0.16,0.16,0.16,-11.559999999999945,-11.719999999999946,-11.879999999999946,-12.039999999999946,175,1.0,CHALLENGE_OPENS,2024-02-08 10:29:00,False,2024-02-07 16:45:00,2042.09,UP,0.0,0.0,1,2.3900000000001,11.720000000000027,17.733333333333334,0.2726466230303298,1.3369951556131126,0.2726466230303298,0.7711678542614853,-0.2213114848028329,0.2726466230303298,0.9263140497933705,-0.9263140497933705,0.2726466230303298,0.9616782561278407,-0.614880877880076,0.2726466230303298,1.3369951556131126,-1.3347135939140902,<=0.5
FULL_2022_202608,2024-02-08 15:31:00,DOWN,2022.82,2038.43,15.610000000000127,8.708786410853925,1.7924426278895862,SAME_NEAREST,7.980000000000018,21.66000000000008,MULTI_CHILD_ERA4,CHALLENGE_OPENS,2024-02-13 12:45:00,2027.54,-0.3023702754644451,2024,-4.720000000000027,0.16,0.16,0.16,-4.720000000000027,-4.880000000000027,-5.040000000000028,-5.200000000000028,176,1.0,PRIMARY_CONTINUES,2024-02-12 12:02:00,True,2024-02-08 15:31:00,2022.82,DOWN,0.0,0.0,1,10.970000000000027,14.299999999999955,117.23333333333333,1.2596473816751217,1.6420198320833308,0.31117998216404896,0.9094263685384714,-0.8129720567237952,0.31117998216404896,1.2895022877129996,-1.027697727073142,0.31117998216404896,1.4330354898181863,-1.2872057564793187,0.31117998216404896,1.4330354898181863,-0.9610983212963438,<=0.5
FULL_2022_202608,2024-02-12 12:02:00,DOWN,2020.25,2037.12,16.86999999999989,8.59851396410835,1.961966924798648,SAME_NEAREST,0.1400000000001,16.86999999999989,MULTI_CHILD_ERA4,CHALLENGE_OPENS,2024-02-13 12:45:00,2027.54,-0.4321280379371672,2024,-7.289999999999964,0.16,0.16,0.16,-7.289999999999964,-7.449999999999964,-7.609999999999964,-7.769999999999964,176,2.0,PRIMARY_CONTINUES,2024-02-12 12:19:00,True,2024-02-08 15:31:00,2022.82,DOWN,2.5699999999999363,0.2988888557636297,2,8.400000000000091,7.710000000000036,24.716666666666665,0.9769129916010035,0.8966665672909155,0.03256376638669659,0.1244401072634524,-0.10234326578678338,0.20119755660353994,0.8478209177108574,0.0628015494600596,0.9769129916010035,0.8478209177108574,0.03954171632669733,0.9769129916010035,0.8478209177108574,-0.7559445768341017,<=0.5
FULL_2022_202608,2024-02-12 12:19:00,DOWN,2020.11,2037.12,17.00999999999999,8.59851396410835,1.9782488079920093,SAME_NEAREST,5.269999999999982,17.00999999999999,MULTI_CHILD_ERA4,CHALLENGE_OPENS,2024-02-13 12:45:00,2027.54,-0.4368018812463297,2024,-7.430000000000064,0.17,0.16,0.16,-7.430000000000064,-7.590000000000064,-7.750000000000064,-7.910000000000064,176,3.0,PRIMARY_CONTINUES,2024-02-12 16:22:00,True,2024-02-08 15:31:00,2022.82,DOWN,2.7100000000000364,0.3151707389569912,3,8.259999999999991,7.850000000000136,24.433333333333334,0.960631108407642,0.9129484504842771,0.016281883193335074,0.1407219904568139,-0.06861650774342,0.4454258045037776,0.864102800904219,0.35471245528368855,0.960631108407642,0.864102800904219,0.02325983313333582,0.960631108407642,0.864102800904219,-0.7919973181908251,<=0.5
FULL_2022_202608,2024-02-12 16:22:00,DOWN,2014.84,2037.12,22.279999999999973,8.600855553196636,2.5904399698608214,SAME_NEAREST,5.730000000000018,22.279999999999973,MULTI_CHILD_ERA4,CHALLENGE_OPENS,2024-02-13 12:45:00,2027.54,-0.5700179533213672,2024,-12.700000000000045,0.16,0.16,0.16,-12.700000000000045,-12.860000000000046,-13.020000000000046,-13.180000000000046,176,4.0,CHALLENGE_OPENS,2024-02-13 12:45:00,False,2024-02-08 15:31:00,2022.82,DOWN,7.980000000000018,0.9278146750219671,4+,2.990000000000009,13.120000000000118,20.383333333333333,0.34763983437539897,1.5254296411388835,0.19532940526776307,0.42902708657031347,-0.08836330238304323,0.34763983437539897,0.618543116681329,-0.551107964862672,0.34763983437539897,0.7778295959770672,-0.5150650388906471,0.34763983437539897,1.5254296411388835,-1.5161282408880452,0.5-1
FULL_2022_202608,2024-02-13 15:42:00,DOWN,2011.85,2037.12,25.269999999999985,8.508363713377921,2.970018778142653,SAME_NEAREST,2.740000000000009,25.269999999999985,MULTI_CHILD_ERA4,CHALLENGE_OPENS,2024-02-15 11:48:00,1996.12,0.622477245745945,2024,15.730000000000018,0.16,0.16,0.16,15.730000000000018,15.570000000000018,15.410000000000018,15.250000000000018,177,1.0,PRIMARY_CONTINUES,2024-02-13 15:47:00,True,2024-02-13 15:42:00,2011.85,DOWN,0.0,0.0,1,27.689999999999827,0.7300000000000182,44.1,3.2544447948860156,0.08579793067052602,1.9051841865331174,0.08579793067052602,1.6325113109774874,2.556308208334102,0.08579793067052602,2.128493869100245,2.7043977872996625,0.08579793067052602,2.3341738398857474,3.0452388817441935,0.08579793067052602,2.4528805658819506,<=0.5
FULL_2022_202608,2024-02-13 15:47:00,DOWN,2009.11,2037.12,28.00999999999999,8.508363713377921,3.2920548466868125,SAME_NEAREST,7.329999999999927,28.00999999999999,MULTI_CHILD_ERA4,CHALLENGE_OPENS,2024-02-15 11:48:00,1996.12,0.4637629418064981,2024,12.990000000000009,0.16,0.16,0.16,12.990000000000009,12.830000000000009,12.670000000000009,12.510000000000009,177,2.0,PRIMARY_CONTINUES,2024-02-13 16:08:00,True,2024-02-13 15:42:00,2011.85,DOWN,2.740000000000009,0.32203606854415917,2,24.949999999999818,2.480000000000018,44.016666666666666,2.9324087263418566,0.2914779014560285,1.5831481179889582,0.2914779014560285,1.5690443485636794,2.2342721397899425,0.2914779014560285,1.8640481923760277,2.3823617187555035,0.2914779014560285,2.1096888431998466,2.723202813200034,0.2914779014560285,2.2225189986021836,<=0.5
FULL_2022_202608,2024-02-16 17:36:00,UP,2008.29,1990.22,18.069999999999936,8.397799161755453,2.151754245599585,OPPOSITE_NEAREST,24.62000000000012,24.12999999999988,MULTI_CHILD_ERA4,CHALLENGE_OPENS,2024-02-21 19:11:00,2022.85,0.805755395683453,2024,14.559999999999945,0.16,0.16,0.16,14.559999999999945,14.399999999999945,14.239999999999945,14.079999999999945,178,1.0,PRIMARY_CONTINUES,2024-02-20 10:59:00,True,2024-02-16 17:36:00,2008.29,UP,0.0,0.0,1,23.90000000000009,2.0799999999999272,121.58333333333333,2.845983755939705,0.24768394193951285,0.3167496565188209,0.24768394193951285,0.08930911368011593,0.8109267522154462,0.24768394193951285,0.5787230566471664,0.8109267522154462,0.24768394193951285,0.6049203966599765,0.8109267522154462,0.24768394193951285,0.6049203966599765,<=0.5
FULL_2022_202608,2024-02-20 10:59:00,UP,2022.92,2014.94,7.980000000000018,8.265611042191619,0.9654458647117912,OPPOSITE_NEAREST,9.990000000000007,9.710000000000036,MULTI_CHILD_ERA4,CHALLENGE_OPENS,2024-02-21 19:11:00,2022.85,-0.0087719298245818,2024,-0.07000000000016371,0.16,0.16,0.16,-0.07000000000016371,-0.2300000000001637,-0.3900000000001637,-0.5500000000001637,178,2.0,PRIMARY_CONTINUES,2024-02-21 06:07:00,True,2024-02-16 17:36:00,2008.29,UP,14.63000000000011,1.76998408530496,2,9.269999999999982,0.6100000000001273,32.2,1.121514181187753,0.07379974655066596,0.2649531884359212,0.048393276426667096,0.12461268679863614,0.6133847787078583,0.048393276426667096,0.4464279750358816,0.964236032801126,0.048393276426667096,0.16453713985061863,1.121514181187753,0.048393276426667096,0.43674931975055914,1-2
FULL_2022_202608,2024-02-21 06:07:00,UP,2030.89,2022.85,8.040000000000191,8.196079109702936,0.9809568566123318,SAME_NEAREST,2.019999999999982,17.680000000000064,MULTI_CHILD_ERA4,AMBIGUOUS,2024-02-21 19:11:00,,,2024,,0.16,0.16,0.16,,,,,178,3.0,CHALLENGE_OPENS,2024-02-21 19:11:00,False,2024-02-16 17:36:00,2008.29,UP,22.600000000000136,2.7574160397311327,3,1.2999999999999545,8.580000000000155,13.066666666666666,0.1586124270641737,1.0468420186236018,0.06710525760407028,0.1012679342025333,0.039043058969636356,0.1586124270641737,0.3538277219124109,-0.28184208193713955,0.1586124270641737,0.9394736064570672,-0.8455262458113633,0.1586124270641737,1.0468420186236018,-0.9968180993187353,2-3
FULL_2022_202608,2024-02-22 10:05:00,UP,2032.19,2025.5,6.690000000000055,8.101739469976142,0.8257485969268962,SAME_NEAREST,0.7200000000000273,12.190000000000056,MULTI_CHILD_ERA4,SL,2024-02-22 15:20:00,2025.5,-1.0,2024,-6.690000000000055,0.16,0.16,0.16,-6.690000000000055,-6.850000000000055,-7.010000000000055,-7.170000000000055,179,1.0,PRIMARY_CONTINUES,2024-02-22 10:07:00,True,2024-02-22 10:05:00,2032.19,UP,0.0,0.0,1,2.6799999999998363,6.900000000000091,5.25,0.33079315990492203,0.8516689564716909,0.33079315990492203,0.10861864952103929,0.004937211341860319,0.33079315990492203,0.6122142063912409,-0.3962112101846555,0.33079315990492203,0.8516689564716909,-0.764033455153586,0.33079315990492203,0.8516689564716909,-0.764033455153586,<=0.5
FULL_2022_202608,2024-02-22 10:07:00,UP,2032.91,2025.5,7.410000000000082,8.101739469976142,0.914618401080466,SAME_NEAREST,4.209999999999809,12.910000000000082,MULTI_CHILD_ERA4,SL,2024-02-22 15:20:00,2025.5,-1.0,2024,-7.410000000000082,0.16,0.16,0.16,-7.410000000000082,-7.570000000000082,-7.730000000000082,-7.890000000000082,179,2.0,CHALLENGE_OPENS,2024-02-22 18:47:00,False,2024-02-22 10:05:00,2032.19,UP,0.7200000000000273,0.08886980415356995,2,1.959999999999809,7.620000000000118,5.216666666666667,0.2419233557513521,0.9405387606252609,0.2419233557513521,0.19748845367460924,-0.11849307220475992,0.2419233557513521,0.7010840105448108,-0.49001822568008574,0.2419233557513521,0.9405387606252609,-0.852903259307156,0.2419233557513521,0.9405387606252609,-0.852903259307156,<=0.5
FULL_2022_202608,2024-02-23 08:26:00,DOWN,2019.55,2027.36,7.809999999999945,8.038800990983635,0.9715379207371456,SAME_NEAREST,6.339999999999918,15.319999999999936,MULTI_CHILD_ERA4,SL,2024-02-23 14:35:00,2027.36,-1.0,2024,-7.809999999999945,0.16,0.16,0.16,-7.809999999999945,-7.969999999999946,-8.129999999999946,-8.289999999999946,180,1.0,CHALLENGE_OPENS,2024-02-23 18:33:00,False,2024-02-23 08:26:00,2019.55,DOWN,0.0,0.0,1,3.519999999999982,8.840000000000146,6.15,0.4378762459660382,1.0996664813465515,0.17291135849225583,0.3022838857095188,-0.13434839364869075,0.4378762459660382,0.3806537820045625,-0.034831065020022554,0.4378762459660382,1.0996664813465515,-0.9578542880507191,0.4378762459660382,1.0996664813465515,-0.9578542880507191,<=0.5
FULL_2022_202608,2024-02-23 18:34:00,UP,2037.12,2016.03,21.08999999999992,8.056137115805761,2.6178799711120027,SAME_NEAREST,1.5200000000002092,23.90999999999985,MULTI_CHILD_ERA4,CHALLENGE_OPENS,2024-02-28 08:52:00,2028.75,-0.396870554765288,2024,-8.36999999999989,0.2,0.2,0.2,-8.36999999999989,-8.56999999999989,-8.769999999999891,-8.96999999999989,181,1.0,PRIMARY_CONTINUES,2024-02-23 19:00:00,True,2024-02-23 18:34:00,2037.12,UP,0.0,0.0,1,4.180000000000064,12.079999999999927,110.3,0.51885909337356,1.4994779540556151,0.3314243491166081,0.1613676606185632,0.07944254061223092,0.51885909337356,0.18371087516572931,-0.17253926789214624,0.51885909337356,0.2581882569897011,-0.21598440728944196,0.51885909337356,0.2581882569897011,-0.21598440728944196,<=0.5
FULL_2022_202608,2024-02-23 19:00:00,UP,2038.64,2016.03,22.610000000000127,8.056137115805761,2.806556005066048,SAME_NEAREST,5.839999999999918,25.430000000000064,MULTI_CHILD_ERA4,CHALLENGE_OPENS,2024-02-28 08:52:00,2028.75,-0.4374170720919966,2024,-9.8900000000001,0.16,0.2,0.16,-9.8900000000001,-10.0500000000001,-10.2100000000001,-10.3700000000001,181,2.0,PRIMARY_CONTINUES,2024-02-27 10:23:00,True,2024-02-23 18:34:00,2037.12,UP,1.5200000000002092,0.18867603395404492,2,2.6599999999998545,13.600000000000136,109.86666666666666,0.3301830594195151,1.68815398800966,0.14274831516256317,0.2817727612339885,-0.05213416727677742,0.3301830594195151,0.37238690911977423,-0.2854966303251828,0.3301830594195151,0.446864290943746,-0.4046604412434869,0.3301830594195151,0.446864290943746,-0.4046604412434869,<=0.5
FULL_2022_202608,2024-02-27 10:23:00,UP,2036.93,2025.04,11.8900000000001,7.941844686252936,1.497133281966756,SAME_NEAREST,4.369999999999891,11.8900000000001,MULTI_CHILD_ERA4,CHALLENGE_OPENS,2024-02-28 08:52:00,2028.75,-0.6879730866274175,2024,-8.180000000000064,0.16,0.2,0.16,-8.180000000000064,-8.340000000000064,-8.500000000000064,-8.660000000000064,181,3.0,CHALLENGE_OPENS,2024-02-28 08:52:00,False,2024-02-23 18:34:00,2037.12,UP,-0.1899999999998272,-0.023923912832079272,3,2.480000000000018,8.299999999999955,22.483333333333334,0.31227002012426835,1.0450972447707234,0.31227002012426835,0.0868815781797422,-0.04281121243640964,0.31227002012426835,0.3009376403617045,0.06169851204068275,0.31227002012426835,1.003545185641294,-0.9179227607685034,0.31227002012426835,1.0450972447707234,-1.041319784849869,<=0.5
FULL_2022_202608,2024-02-28 11:38:00,DOWN,2025.04,2032.03,6.990000000000009,7.866822857173012,0.8885416802828462,SAME_NEAREST,9.009999999999993,14.370000000000118,MULTI_CHILD_ERA4,SL,2024-02-28 15:14:00,2032.03,-1.0,2024,-6.990000000000009,0.19,0.18,0.18,-6.990000000000009,-7.170000000000009,-7.350000000000009,-7.530000000000009,182,1.0,CHALLENGE_OPENS,2024-02-29 15:31:00,False,2024-02-28 11:38:00,2025.04,DOWN,0.0,0.0,1,0.6199999999998909,7.460000000000036,3.6,0.07881199453151173,0.9482862567825546,0.07881199453151173,0.20084346993516888,-0.13728540982909987,0.07881199453151173,0.9482862567825546,-0.9152360655273999,0.07881199453151173,0.9482862567825546,-0.9152360655273999,0.07881199453151173,0.9482862567825546,-0.9152360655273999,<=0.5
FULL_2022_202608,2024-02-29 15:36:00,UP,2041.3,2024.42,16.87999999999988,7.784644397332835,2.168371365271776,SAME_NEAREST,3.180000000000064,16.87999999999988,MULTI_CHILD_ERA4,CHALLENGE_OPENS,2024-03-12 07:44:00,2174.77,7.906990521327071,2024,133.47000000000003,0.16,0.17,0.16,133.47000000000003,133.31000000000003,133.15000000000003,132.99000000000004,183,1.0,PRIMARY_CONTINUES,2024-02-29 15:45:00,True,2024-02-29 15:36:00,2041.3,UP,0.0,0.0,1,153.7900000000002,2.2899999999999636,280.1333333333333,19.755558783480403,0.29416886412750726,1.1522684328488166,0.28646138297133494,0.6911041436707627,1.2010824801713,0.28646138297133494,0.3699590954966229,1.2010824801713,0.28646138297133494,0.39821985973595075,2.073312431012259,0.29416886412750726,1.348809202331416,<=0.5
FULL_2022_202608,2024-02-29 15:45:00,UP,2044.48,2024.42,20.059999999999945,7.784644397332835,2.5768678665492897,SAME_NEAREST,13.13000000000011,20.059999999999945,MULTI_CHILD_ERA4,CHALLENGE_OPENS,2024-03-12 07:44:00,2174.77,6.495014955134612,2024,130.28999999999996,0.18,0.17,0.18,130.28999999999996,130.10999999999996,129.92999999999995,129.74999999999997,183,2.0,PRIMARY_CONTINUES,2024-03-01 12:25:00,True,2024-02-29 15:36:00,2041.3,UP,3.1800000000000637,0.40849650127751386,2,150.61000000000013,5.470000000000027,279.98333333333335,19.347062282202888,0.7026653654050211,0.7437719315713028,0.056521528478655596,0.6114601717235316,0.7925859788937861,0.15928794389437445,-0.014130382119678504,0.7925859788937861,0.21837863275842084,-0.03211450481741397,1.664815929734745,0.7026653654050211,0.8002934600499585,<=0.5
FULL_2022_202608,2024-03-01 12:25:00,UP,2050.65,2028.03,22.62000000000012,7.786085912126246,2.905182431235592,SAME_NEAREST,6.960000000000036,22.62000000000012,MULTI_CHILD_ERA4,CHALLENGE_OPENS,2024-03-12 07:44:00,2174.77,5.4871794871794535,2024,124.11999999999989,0.17,0.17,0.17,124.11999999999989,123.94999999999989,123.77999999999989,123.60999999999989,183,3.0,PRIMARY_CONTINUES,2024-03-01 17:15:00,True,2024-02-29 15:36:00,2041.3,UP,9.350000000000136,1.2008601119386844,3,144.44000000000005,5.070000000000164,259.31666666666666,18.551041130312417,0.6511615794148917,0.6691423725348126,0.1207281823767286,0.5111682615525044,0.8720684663169523,0.1207281823767286,0.6973979045804026,4.827842952703114,0.6511615794148917,4.145857156511215,4.827842952703114,0.6511615794148917,4.145857156511215,1-2
FULL_2022_202608,2024-03-01 17:15:00,UP,2057.61,2039.01,18.600000000000136,7.80694099039221,2.382495272205932,SAME_NEAREST,7.739999999999782,29.580000000000155,MULTI_CHILD_ERA4,CHALLENGE_OPENS,2024-03-12 07:44:00,2174.77,6.298924731182741,2024,117.15999999999985,0.17,0.17,0.17,117.15999999999985,116.98999999999985,116.81999999999985,116.64999999999985,183,4.0,PRIMARY_CONTINUES,2024-03-01 17:42:00,True,2024-02-29 15:36:00,2041.3,UP,16.310000000000173,2.0891665532085417,4+,137.48000000000002,2.230000000000018,254.48333333333332,17.60997043133705,0.2856432503773781,2.231347722678882,0.2856432503773781,2.208291316818787,3.9234317305196957,0.2856432503773781,3.575023819745523,3.9234317305196957,0.2856432503773781,3.243267757648014,3.9234317305196957,0.2856432503773781,3.243267757648014,2-3
FULL_2022_202608,2024-03-01 17:42:00,UP,2065.35,2039.01,26.33999999999992,7.80694099039221,3.3739207241883653,SAME_NEAREST,0.599999999999909,37.319999999999936,MULTI_CHILD_ERA4,CHALLENGE_OPENS,2024-03-12 07:44:00,2174.77,4.154138192862583,2024,109.42000000000007,0.18,0.17,0.18,109.42000000000007,109.24000000000007,109.06000000000007,108.88000000000007,183,5.0,PRIMARY_CONTINUES,2024-03-01 17:45:00,True,2024-02-29 15:36:00,2041.3,UP,24.049999999999955,3.080592005190975,4+,129.74000000000024,0.4600000000000364,254.03333333333333,16.61854497935462,0.0589219260868176,1.8842207233413488,0.0589219260868176,1.776624162661063,2.9320062785372625,0.0589219260868176,2.63099209091986,2.9320062785372625,0.0589219260868176,2.2518423056655807,2.9320062785372625,0.0589219260868176,2.2518423056655807,3-4
FULL_2022_202608,2024-03-01 17:45:00,UP,2065.95,2039.01,26.939999999999827,7.80694099039221,3.450775410388544,SAME_NEAREST,12.950000000000273,37.919999999999845,MULTI_CHILD_ERA4,CHALLENGE_OPENS,2024-03-12 07:44:00,2174.77,4.039346696362318,2024,108.82000000000016,0.17,0.17,0.17,108.82000000000016,108.65000000000016,108.48000000000016,108.31000000000016,183,6.0,PRIMARY_CONTINUES,2024-03-01 18:39:00,True,2024-02-29 15:36:00,2041.3,UP,24.649999999999864,3.1574466913911543,4+,129.14000000000033,0.75,253.98333333333332,16.54169029315444,0.09606835775023849,1.8073660371411697,0.09606835775023849,1.4474299234369499,2.855151592337083,0.09606835775023849,2.487530010012851,2.855151592337083,0.09606835775023849,2.174987619465402,2.855151592337083,0.09606835775023849,2.174987619465402,3-4
FULL_2022_202608,2024-03-04 15:55:00,UP,2088.39,2079.42,8.9699999999998,7.940214078222802,1.129692463154279,OPPOSITE_NEAREST,56.24000000000024,49.37999999999988,MULTI_CHILD_ERA4,CHALLENGE_OPENS,2024-03-12 07:44:00,2174.77,9.62987736900803,2024,86.38000000000011,0.17,0.17,0.17,86.38000000000011,86.21000000000011,86.0400000000001,85.8700000000001,183,8.0,PRIMARY_CONTINUES,2024-03-05 10:27:00,True,2024-02-29 15:36:00,2041.3,UP,47.08999999999992,5.930570578588193,4+,106.70000000000027,0.9299999999998363,183.81666666666666,13.437924840419685,0.11712530554440558,1.4936624986633436,0.11712530554440558,1.4420266112728084,3.9633692101969054,0.11712530554440558,3.6359221194275535,3.9633692101969054,0.11712530554440558,3.025107353953887,6.71392477265952,0.11712530554440558,4.522548088279979,4-6
FULL_2022_202608,2024-03-05 10:27:00,UP,2119.86,2110.41,9.450000000000273,8.059215306093124,1.1725707331401922,SAME_NEAREST,24.769999999999985,80.85000000000014,MULTI_CHILD_ERA4,CHALLENGE_OPENS,2024-03-12 07:44:00,2174.77,5.810582010581827,2024,54.909999999999854,0.17,0.17,0.17,54.909999999999854,54.73999999999985,54.56999999999985,54.39999999999986,183,9.0,PRIMARY_CONTINUES,2024-03-06 16:32:00,True,2024-02-29 15:36:00,2041.3,UP,78.56000000000017,9.747847279946141,4+,75.23000000000002,0.900000000000091,165.28333333333333,9.334655688268162,0.11167340315621684,0.6551506318497077,0.11167340315621684,0.6290935044465885,0.919444352652741,0.11167340315621684,0.33750184064984085,2.709941249923883,0.11167340315621684,1.3028563701557314,2.709941249923883,0.11167340315621684,0.8735341757996478,>6
FULL_2022_202608,2024-03-06 16:32:00,UP,2141.7,2124.29,17.409999999999854,8.171427008932644,2.130594812995088,SAME_NEAREST,2.930000000000291,18.12999999999965,MULTI_CHILD_ERA4,CHALLENGE_OPENS,2024-03-12 07:44:00,2174.77,1.8994830557151317,2024,33.070000000000164,0.17,0.17,0.17,33.070000000000164,32.90000000000016,32.73000000000016,32.560000000000166,183,10.0,PRIMARY_CONTINUES,2024-03-06 16:34:00,True,2024-02-29 15:36:00,2041.3,UP,100.39999999999986,12.286715636111905,4+,53.39000000000033,9.829999999999927,135.2,6.533742508087844,1.202972257997802,0.911713461046187,1.202972257997802,-0.2533217267604393,1.2800701748379597,1.202972257997802,1.2274477871534366,1.2800701748379597,1.202972257997802,0.8958043670950327,2.8159096293519723,1.202972257997802,1.370629632713714,>6
FULL_2022_202608,2024-03-06 16:34:00,UP,2144.63,2124.29,20.340000000000146,8.171427008932644,2.4891613151246843,NO_SAME_TARGET,,21.059999999999945,MULTI_CHILD_ERA4,CHALLENGE_OPENS,2024-03-12 07:44:00,2174.77,1.4818092428711729,2024,30.139999999999873,0.17,0.17,0.17,30.139999999999873,29.96999999999987,29.799999999999873,29.62999999999987,183,11.0,PRIMARY_CONTINUES,2024-03-08 10:28:00,True,2024-02-29 15:36:00,2041.3,UP,103.33000000000015,12.645282138241502,4+,50.460000000000036,12.760000000000218,135.16666666666666,6.175176005958248,1.5615387601273985,0.5531469589165903,1.5615387601273985,-0.5090910064365478,0.921503672708363,1.5615387601273985,0.48094414790754825,0.921503672708363,1.5615387601273985,0.7550700744503133,2.4573431272223756,1.5615387601273985,1.1111890236642965,>6
FULL_2022_202608,2024-03-08 10:28:00,UP,2164.71,2153.97,10.740000000000236,8.27490794664064,1.297899634564557,NO_SAME_TARGET,,16.800000000000182,MULTI_CHILD_ERA4,CHALLENGE_OPENS,2024-03-12 07:44:00,2174.77,0.9366852886405702,2024,10.059999999999945,0.17,0.17,0.17,10.059999999999945,9.889999999999946,9.719999999999946,9.549999999999946,183,12.0,CHALLENGE_OPENS,2024-03-12 07:44:00,False,2024-02-29 15:36:00,2041.3,UP,123.41000000000008,14.913761070913274,4+,30.38000000000011,8.809999999999945,93.26666666666667,3.6713399346434374,1.0646644115934287,0.47372128188948287,0.19335562526099884,0.31782830902279813,0.7613377744652482,0.19335562526099884,0.3649587426801539,3.6713399346434374,1.0646644115934287,1.4924637324834087,3.6713399346434374,1.0646644115934287,1.6701092131919921,>6
FULL_2022_202608,2024-03-12 16:09:00,DOWN,2153.97,2184.73,30.76000000000022,8.656367767110057,3.553453460800626,SAME_NEAREST,6.059999999999945,31.66000000000031,MULTI_CHILD_ERA4,CHALLENGE_OPENS,2024-03-20 16:01:00,2160.14,-0.2005851755526667,2024,-6.170000000000073,0.17,0.18,0.18,-6.170000000000073,-6.3500000000000725,-6.530000000000073,-6.710000000000073,184,1.0,PRIMARY_CONTINUES,2024-03-18 00:00:00,True,2024-03-12 16:09:00,2153.97,DOWN,0.0,0.0,1,7.9099999999998545,25.830000000000382,191.86666666666667,0.9137781818898646,2.9839305231625772,0.16173065166188388,1.432471486148497,-0.844465045463388,0.16173065166188388,1.4509549891956102,-0.10628014252070257,0.395084877631232,1.4509549891956102,-0.48172629816445917,0.395084877631232,2.029719678357189,-1.203738135940914,<=0.5
FULL_2022_202608,2024-03-18 00:00:00,DOWN,2152.7,2172.66,19.96000000000004,8.626469044245603,2.313808801448677,SAME_NEAREST,2.149999999999636,19.96000000000004,MULTI_CHILD_ERA4,CHALLENGE_OPENS,2024-03-20 16:01:00,2160.14,-0.3727454909819659,2024,-7.440000000000055,0.18,0.18,0.18,-7.440000000000055,-7.620000000000054,-7.800000000000055,-7.980000000000055,184,2.0,PRIMARY_CONTINUES,2024-03-18 03:22:00,True,2024-03-12 16:09:00,2153.97,DOWN,1.2699999999999818,0.1472213014949786,2,6.639999999999873,10.8100000000004,64.01666666666667,0.7697239700209868,1.253119896977008,0.16692808988402622,0.38138431647124504,-0.22257078651210527,0.2979202715291792,0.5575861891267057,0.045209691010254904,0.7697239700209868,0.5575861891267057,-0.25039213482614475,0.7697239700209868,1.253119896977008,-0.8752132490449851,<=0.5
FULL_2022_202608,2024-03-18 03:22:00,DOWN,2150.55,2172.66,22.109999999999676,8.626469044245603,2.563041713428327,SAME_NEAREST,2.6400000000003274,22.109999999999676,MULTI_CHILD_ERA4,CHALLENGE_OPENS,2024-03-20 16:01:00,2160.14,-0.433740388964262,2024,-9.58999999999969,0.18,0.18,0.18,-9.58999999999969,-9.76999999999969,-9.94999999999969,-10.12999999999969,184,3.0,PRIMARY_CONTINUES,2024-03-18 04:46:00,True,2024-03-12 16:09:00,2153.97,DOWN,3.419999999999618,0.39645421347462817,3,4.4900000000002365,12.960000000000036,60.65,0.5204910580413372,1.5023528089566578,0.048687359549529616,0.3361746254609374,-0.256188249058199,0.5204910580413372,0.3361746254609374,0.512376498116398,0.5204910580413372,1.5023528089566578,-0.7859530898708124,0.5204910580413372,1.5023528089566578,-1.248483005591291,<=0.5
FULL_2022_202608,2024-03-18 04:46:00,DOWN,2147.91,2172.66,24.75,8.619544216222017,2.871381523099609,SAME_NEAREST,24.33999999999969,24.75,MULTI_CHILD_ERA4,CHALLENGE_OPENS,2024-03-20 16:01:00,2160.14,-0.4941414141414149,2024,-12.230000000000018,0.18,0.18,0.18,-12.230000000000018,-12.410000000000018,-12.590000000000018,-12.770000000000017,184,4.0,CHALLENGE_OPENS,2024-03-20 16:01:00,False,2024-03-12 16:09:00,2153.97,DOWN,6.059999999999945,0.7030534153528676,4+,1.849999999999909,15.600000000000364,59.25,0.21462851788824303,1.809840475165856,0.21462851788824303,0.13341772733595197,0.14385911469264195,0.21462851788824303,0.13341772733595197,0.06380847829107077,0.21462851788824303,1.809840475165856,-1.3330171192086944,0.21462851788824303,1.809840475165856,-1.5499659453984298,0.5-1
FULL_2022_202608,2024-03-20 16:02:00,UP,2163.51,2148.36,15.150000000000093,8.4564540909047,1.7915310409234768,SAME_NEAREST,9.149999999999636,16.43000000000029,MULTI_CHILD_ERA4,CHALLENGE_OPENS,2024-03-22 09:18:00,2166.3,0.1841584158415806,2024,2.7899999999999636,0.18,0.18,0.18,2.7899999999999636,2.6099999999999635,2.4299999999999637,2.2499999999999636,185,1.0,PRIMARY_CONTINUES,2024-03-20 20:05:00,True,2024-03-20 16:02:00,2163.51,UP,0.0,0.0,1,59.16999999999962,8.920000000000073,41.266666666666666,6.997022553890482,1.0548156359760692,0.1537287361848196,0.9389278194674864,-0.6314703470977934,0.4966620707510384,1.0548156359760692,0.4836542546123051,6.997022553890482,1.0548156359760692,4.9287797878343085,6.997022553890482,1.0548156359760692,2.8558069068185516,<=0.5
FULL_2022_202608,2024-03-20 20:05:00,UP,2172.66,2149.56,23.09999999999991,8.466251568177452,2.728480226931492,SAME_NEAREST,7.140000000000327,25.579999999999927,MULTI_CHILD_ERA4,CHALLENGE_OPENS,2024-03-22 09:18:00,2166.3,-0.2753246753246622,2024,-6.359999999999673,0.18,0.18,0.18,-6.359999999999673,-6.539999999999672,-6.719999999999673,-6.899999999999673,185,2.0,PRIMARY_CONTINUES,2024-03-20 20:54:00,True,2024-03-20 16:02:00,2163.51,UP,9.149999999999636,1.0807616483299676,2,50.01999999999998,10.420000000000073,37.21666666666667,5.90816367753739,1.2307690027976819,1.2992762985388107,1.2307690027976819,0.9555586595617425,1.9040303574950979,1.2307690027976819,1.822530298768566,5.90816367753739,1.2307690027976819,4.0324811665559475,5.90816367753739,1.2307690027976819,1.1728921494991607,1-2
FULL_2022_202608,2024-03-20 20:54:00,UP,2179.8,2149.56,30.24000000000024,8.466251568177452,3.571828660710358,SAME_NEAREST,5.829999999999927,32.720000000000255,MULTI_CHILD_ERA4,CHALLENGE_OPENS,2024-03-22 09:18:00,2166.3,-0.4464285714285679,2024,-13.5,0.18,0.18,0.18,-13.5,-13.68,-13.86,-14.04,185,3.0,PRIMARY_CONTINUES,2024-03-20 21:23:00,True,2024-03-20 16:02:00,2163.51,UP,16.289999999999964,1.9241100821088344,3,42.879999999999654,14.180000000000291,36.4,5.064815243758523,1.6748852648437011,1.0606819237162313,0.16772475853865507,0.3756089663048368,5.064815243758523,0.16772475853865507,2.4946104931945037,5.064815243758523,0.16772475853865507,3.304886439374177,5.064815243758523,1.5945663663885403,0.2893842664927136,1-2
FULL_2022_202608,2024-04-04 21:56:00,UP,2304.84,2282.75,22.090000000000146,9.969340706709309,2.215793466175121,NO_SAME_TARGET,,39.48000000000002,MULTI_CHILD_ERA4,SL,2024-04-04 22:46:00,2282.75,-1.0,2024,-22.090000000000146,0.19,0.19,0.19,-22.090000000000146,-22.280000000000147,-22.470000000000145,-22.660000000000146,186,9.0,PRIMARY_CONTINUES,2024-04-05 17:24:00,True,2024-03-25 15:42:00,2180.05,UP,124.78999999999996,12.51737739447675,4+,0.6799999999998363,22.68000000000029,0.8333333333333334,0.0682091243548533,2.274974912306566,0.0682091243548533,2.274974912306566,-2.274974912306566,0.0682091243548533,2.274974912306566,-2.274974912306566,0.0682091243548533,2.274974912306566,-2.274974912306566,0.0682091243548533,2.274974912306566,-2.274974912306566,>6
FULL_2022_202608,2024-03-25 15:42:00,UP,2180.05,2163.41,16.640000000000327,9.040460544983906,1.840614194067029,OPPOSITE_NEAREST,31.65999999999985,22.980000000000015,MULTI_CHILD_ERA4,CHALLENGE_OPENS,2024-04-10 15:30:00,2338.19,9.503605769230576,2024,158.13999999999987,0.18,0.19,0.18,158.13999999999987,157.95999999999987,157.77999999999986,157.59999999999988,186,1.0,PRIMARY_CONTINUES,2024-03-26 11:13:00,True,2024-03-25 15:42:00,2180.05,UP,0.0,0.0,1,185.2199999999998,12.550000000000182,383.8,20.48789429237308,1.3882036139147294,0.13163046219585245,0.5265218487836111,-0.41480187666774176,0.13163046219585245,0.6205436074949557,-0.45683513350341837,0.13163046219585245,1.1957355431409213,-1.1857802981008794,2.206745983872366,1.3882036139147294,-0.03871484182236281,<=0.5
FULL_2022_202608,2024-03-26 11:13:00,UP,2181.24,2167.5,13.739999999999782,8.984007772125235,1.52938425127269,OPPOSITE_NEAREST,30.47000000000025,17.829999999999927,MULTI_CHILD_ERA4,CHALLENGE_OPENS,2024-04-10 15:30:00,2338.19,11.422852983988555,2024,156.95000000000027,0.18,0.19,0.18,156.95000000000027,156.77000000000027,156.59000000000026,156.41000000000028,186,2.0,PRIMARY_CONTINUES,2024-03-28 07:43:00,True,2024-03-25 15:42:00,2180.05,UP,1.1899999999995998,0.13245758799227936,2,184.0300000000002,9.61999999999989,364.28333333333336,20.484176401871757,1.070791593685833,1.5460805858936322,0.06901151643296333,1.275599965035325,2.088154916584895,0.06901151643296333,1.1642910675627838,2.088154916584895,1.070791593685833,-0.29496857830219336,2.088154916584895,1.070791593685833,-0.07123769438241212,<=0.5
FULL_2022_202608,2024-03-28 07:43:00,UP,2197.54,2187.3,10.239999999999782,9.158316911682984,1.1181093751993805,SAME_NEAREST,2.4600000000000364,30.039999999999964,MULTI_CHILD_ERA4,CHALLENGE_OPENS,2024-04-10 15:30:00,2338.19,13.735351562500302,2024,140.6500000000001,0.18,0.19,0.18,140.6500000000001,140.47000000000008,140.29000000000008,140.1100000000001,186,3.0,PRIMARY_CONTINUES,2024-03-28 07:50:00,True,2024-03-25 15:42:00,2180.05,UP,17.48999999999978,1.9097395480700525,3,167.73000000000002,6.7199999999998,319.78333333333336,18.314500537323838,0.7337592774745872,0.33412252813575355,0.25878117375219395,0.04695185852886336,0.33412252813575355,0.7337592774745872,-0.175796493561639,3.0518708043772604,0.7337592774745872,2.4469561619353994,4.215840134418862,0.7337592774745872,3.8435009772479325,1-2
FULL_2022_202608,2024-03-28 07:50:00,UP,2200.0,2187.3,12.699999999999818,9.158316911682984,1.386717682132054,SAME_NEAREST,11.710000000000036,32.5,MULTI_CHILD_ERA4,CHALLENGE_OPENS,2024-04-10 15:30:00,2338.19,10.881102362204883,2024,138.19000000000005,0.18,0.19,0.18,138.19000000000005,138.01000000000005,137.83000000000004,137.65000000000006,186,4.0,PRIMARY_CONTINUES,2024-03-28 12:41:00,True,2024-03-25 15:42:00,2180.05,UP,19.949999999999818,2.178347855002726,4+,165.26999999999998,9.179999999999836,319.6666666666667,18.045892230391164,1.0023675844072606,0.06551422120308016,0.5273894806848674,-0.14522319033350845,0.06551422120308016,1.0023675844072606,-0.31992778020840545,2.783262497444587,1.0023675844072606,2.258056824133154,3.9472318274861884,1.0023675844072606,3.574892670315259,2-3
FULL_2022_202608,2024-03-28 12:41:00,UP,2211.71,2187.3,24.40999999999985,9.16542846195168,2.663268836948841,SAME_NEAREST,10.9699999999998,24.40999999999985,MULTI_CHILD_ERA4,CHALLENGE_OPENS,2024-04-10 15:30:00,2338.19,5.181482998771027,2024,126.48000000000002,0.18,0.19,0.18,126.48000000000002,126.30000000000001,126.12000000000002,125.94000000000001,186,5.0,PRIMARY_CONTINUES,2024-03-28 18:38:00,True,2024-03-25 15:42:00,2180.05,UP,31.659999999999854,3.4542847758214017,4+,153.55999999999995,9.5300000000002,314.81666666666666,16.754263113554536,1.0397768134421603,0.22257551935172348,0.49752174913914954,-0.4604258292472287,0.5869883794668226,1.0397768134421603,0.03273169402233271,2.6665420063510936,1.0397768134421603,2.2944917509641036,2.6665420063510936,1.0397768134421603,2.2944917509641036,3-4
FULL_2022_202608,2024-03-28 18:38:00,UP,2222.68,2202.18,20.5,9.225564970496396,2.2220861340806284,NO_SAME_TARGET,,35.379999999999654,MULTI_CHILD_ERA4,CHALLENGE_OPENS,2024-04-10 15:30:00,2338.19,5.634634146341474,2024,115.51000000000022,0.18,0.19,0.18,115.51000000000022,115.33000000000021,115.15000000000022,114.97000000000021,186,6.0,PRIMARY_CONTINUES,2024-04-02 12:31:00,True,2024-03-25 15:42:00,2180.05,UP,42.629999999999654,4.620855214432019,4+,142.59000000000015,6.039999999999964,308.8666666666667,15.455963993100344,0.6547024512120445,0.30458839203738747,0.6547024512120445,-0.44441722681611573,0.30458839203738747,0.6547024512120445,-0.07262427852844741,1.4600731817593475,0.6547024512120445,1.0904481223829754,1.4600731817593475,0.6547024512120445,1.0904481223829754,4-6
FULL_2022_202608,2024-04-02 12:31:00,UP,2265.6,2246.62,18.980000000000015,9.640596994529178,1.9687577450619236,NO_SAME_TARGET,,37.15000000000009,MULTI_CHILD_ERA4,CHALLENGE_OPENS,2024-04-10 15:30:00,2338.19,3.8245521601686026,2024,72.59000000000015,0.19,0.19,0.19,72.59000000000015,72.40000000000015,72.21000000000015,72.02000000000015,186,7.0,PRIMARY_CONTINUES,2024-04-03 19:22:00,True,2024-03-25 15:42:00,2180.05,UP,85.54999999999973,8.873931775028812,4+,99.67000000000007,14.940000000000055,194.98333333333332,10.338571361976914,1.5496965601277772,0.12343633912664878,1.0932932894074068,-0.4595151112025284,0.12343633912664878,1.2758545976955267,-0.5912496916149944,1.5963741673605225,1.5496965601277772,1.533100077556143,2.355663245013504,1.5496965601277772,0.5663549677575428,>6
FULL_2022_202608,2024-04-03 19:22:00,UP,2288.31,2265.36,22.949999999999815,9.87754380521792,2.3234521104200248,NO_SAME_TARGET,,37.65000000000009,MULTI_CHILD_ERA4,CHALLENGE_OPENS,2024-04-10 15:30:00,2338.19,2.1734204793028544,2024,49.88000000000011,0.19,0.19,0.19,49.88000000000011,49.69000000000011,49.50000000000011,49.31000000000011,186,8.0,PRIMARY_CONTINUES,2024-04-04 21:56:00,True,2024-03-25 15:42:00,2180.05,UP,108.25999999999976,10.960214617606681,4+,76.96000000000004,20.610000000000127,164.13333333333333,7.791410650018588,2.086551110926248,0.6914674472404674,0.09111576903608933,0.3280167685299124,1.0954140233004466,0.09111576903608933,1.0103726388667569,1.6734929579626918,0.09111576903608933,1.163244651360647,1.6734929579626918,0.5628929731562228,0.14679762789149003,>6
FULL_2022_202608,2024-04-05 17:24:00,UP,2305.52,2267.7,37.82000000000016,10.154970944947722,3.724284412533576,NO_SAME_TARGET,,37.82000000000016,MULTI_CHILD_ERA4,CHALLENGE_OPENS,2024-04-10 15:30:00,2338.19,0.8638286620835519,2024,32.67000000000007,0.19,0.19,0.19,32.67000000000007,32.480000000000075,32.29000000000007,32.10000000000007,186,10.0,PRIMARY_CONTINUES,2024-04-09 10:14:00,True,2024-03-25 15:42:00,2180.05,UP,125.4699999999998,12.355525257551164,4+,59.75,2.650000000000091,118.1,5.883817917738768,0.26095594112147735,2.062044304559835,0.13983299486509587,1.9625856251135179,2.4490468889399586,0.13983299486509587,2.077800134967154,2.4490468889399586,0.13983299486509587,2.3426950336904615,2.4490468889399586,0.13983299486509587,2.3426950336904615,>6
FULL_2022_202608,2024-04-09 10:14:00,UP,2353.9,2336.71,17.190000000000055,10.729098778588687,1.6021848949983513,NO_SAME_TARGET,,35.25,MULTI_CHILD_ERA4,AMBIGUOUS,2024-04-10 15:30:00,,,2024,,0.19,0.19,0.19,,,,,186,11.0,CHALLENGE_OPENS,2024-04-10 15:30:00,False,2024-03-25 15:42:00,2180.05,UP,173.8499999999999,16.203597672801763,4+,11.36999999999989,21.240000000000236,29.266666666666666,1.0597348607406063,1.9796630116210152,0.2768172855232558,0.38866265341147294,-0.07456357859214476,1.0597348607406063,0.38866265341147294,-0.004660223662024942,1.0597348607406063,1.4642422746029131,-0.6757324309911582,1.0597348607406063,1.4642422746029131,0.13794262039543814,>6
FULL_2022_202608,2024-04-11 16:47:00,UP,2346.81,2325.7,21.110000000000127,11.165814418324423,1.890592052591893,SAME_NEAREST,13.220000000000256,27.48999999999978,MULTI_CHILD_ERA4,CHALLENGE_OPENS,2024-04-15 17:06:00,2333.83,-0.6148744670772117,2024,-12.980000000000018,0.19,0.19,0.19,-12.980000000000018,-13.170000000000018,-13.360000000000019,-13.550000000000018,187,1.0,PRIMARY_CONTINUES,2024-04-11 21:06:00,True,2024-04-11 16:47:00,2346.81,UP,0.0,0.0,1,84.67000000000007,14.480000000000018,96.31666666666666,7.582966797392457,1.2968153918299612,0.05373544441283549,1.2968153918299612,-1.0335117142070227,0.925145234641118,1.2968153918299612,0.669006282939926,3.819694507012976,1.2968153918299612,3.688042668201487,5.148751165490655,1.2968153918299612,5.075312724793087,<=0.5
FULL_2022_202608,2024-04-11 21:06:00,UP,2360.03,2325.7,34.33000000000038,11.2062821160004,3.063460266718057,SAME_NEAREST,5.239999999999782,34.33000000000038,MULTI_CHILD_ERA4,CHALLENGE_OPENS,2024-04-15 17:06:00,2333.83,-0.7631808913486741,2024,-26.200000000000273,0.19,0.19,0.19,-26.200000000000273,-26.390000000000274,-26.580000000000272,-26.770000000000273,187,2.0,PRIMARY_CONTINUES,2024-04-11 22:40:00,True,2024-04-11 16:47:00,2346.81,UP,13.220000000000255,1.1796954478885244,2,71.44999999999982,26.79000000000042,92.0,6.375888029624299,2.39062337737772,0.4461783085811278,0.07763502569314708,0.31143245938960773,1.5750094292913486,0.07763502569314708,1.307302444142672,3.1526959284342424,0.07763502569314708,2.4040087266350807,6.375888029624299,1.2225285655123144,-0.40512990419170136,1-2
FULL_2022_202608,2024-04-11 22:40:00,UP,2365.27,2325.7,39.57000000000016,11.2062821160004,3.53105513411106,NO_SAME_TARGET,,39.57000000000016,MULTI_CHILD_ERA4,CHALLENGE_OPENS,2024-04-15 17:06:00,2333.83,-0.794541319181196,2024,-31.440000000000055,0.19,0.19,0.19,-31.440000000000055,-31.630000000000056,-31.820000000000054,-32.010000000000055,187,3.0,CHALLENGE_OPENS,2024-04-15 17:06:00,False,2024-04-11 16:47:00,2346.81,UP,18.460000000000036,1.647290315281527,3,66.21000000000004,32.0300000000002,90.43333333333334,5.908293162231297,2.8582182447707223,1.0726126538290295,0.0348019080693166,0.994977628135923,1.263576969901741,0.0348019080693166,0.994977628135923,2.9983182336651706,0.0348019080693166,2.657438005909215,5.908293162231297,2.8055692043581364,-1.994417039357633,1-2
FULL_2022_202608,2024-04-15 17:10:00,DOWN,2325.7,2361.19,35.49000000000024,11.998920134325347,2.957766165846365,SAME_NEAREST,6.379999999999654,105.7800000000002,MULTI_CHILD_ERA4,SL,2024-04-15 20:26:00,2361.19,-1.0,2024,-35.49000000000024,0.19,0.19,0.19,-35.49000000000024,-35.680000000000234,-35.87000000000024,-36.06000000000024,188,1.0,CHALLENGE_OPENS,2024-04-16 18:07:00,False,2024-04-15 17:10:00,2325.7,DOWN,0.0,0.0,1,1.4899999999997817,36.0600000000004,3.2666666666666666,0.12417784128234459,3.005270440699363,0.12417784128234459,2.229367284767251,-1.8943371358040995,0.12417784128234459,3.005270440699363,-2.928596874269979,0.12417784128234459,3.005270440699363,-2.928596874269979,0.12417784128234459,3.005270440699363,-2.928596874269979,<=0.5
FULL_2022_202608,2024-04-17 19:45:00,DOWN,2362.97,2398.3,35.33000000000038,12.469047610626578,2.833416079820793,OPPOSITE_NEAREST,38.75999999999976,35.33000000000038,MULTI_CHILD_ERA4,CHALLENGE_OPENS,2024-04-19 04:21:00,2392.78,-0.8437588451740752,2024,-29.8100000000004,0.19,0.19,0.19,-29.8100000000004,-30.0000000000004,-30.1900000000004,-30.3800000000004,189,1.0,CHALLENGE_OPENS,2024-04-19 04:21:00,False,2024-04-17 19:45:00,2362.97,DOWN,0.0,0.0,1,8.539999999999964,31.470000000000255,32.6,0.6848959332484915,2.5238495338794253,0.15478327297066535,1.0449875890196745,-0.7322130995970526,0.15478327297066535,1.291197251206207,-0.6624403288797088,0.6848959332484915,1.291197251206207,-0.9639870161179028,0.6848959332484915,2.3907198794072473,-1.8132900527808602,<=0.5
FULL_2022_202608,2024-04-19 04:27:00,UP,2395.55,2369.57,25.980000000000015,12.624609459103208,2.057885440667368,SAME_NEAREST,2.75,25.980000000000015,MULTI_CHILD_ERA4,CHALLENGE_OPENS,2024-04-22 05:59:00,2372.78,-0.8764434180138555,2024,-22.769999999999982,0.19,0.19,0.19,-22.769999999999982,-22.959999999999983,-23.14999999999998,-23.339999999999982,190,1.0,PRIMARY_CONTINUES,2024-04-19 04:31:00,True,2024-04-19 04:27:00,2395.55,UP,0.0,0.0,1,22.230000000000018,22.91000000000031,73.53333333333333,1.760846549116073,1.814709601450731,1.760846549116073,0.09822086013964666,0.9164639933995697,1.760846549116073,1.2911290486096396,-1.0020111941663727,1.760846549116073,1.8036201494994566,-1.0685479058738743,1.760846549116073,1.8036201494994566,-0.3437730104887093,<=0.5
FULL_2022_202608,2024-04-19 04:31:00,UP,2398.3,2369.57,28.730000000000015,12.624609459103208,2.2757139611383166,OPPOSITE_NEAREST,33.17999999999984,28.730000000000015,MULTI_CHILD_ERA4,CHALLENGE_OPENS,2024-04-22 05:59:00,2372.78,-0.888270100939783,2024,-25.519999999999982,0.19,0.19,0.19,-25.519999999999982,-25.709999999999983,-25.89999999999998,-26.089999999999982,190,2.0,CHALLENGE_OPENS,2024-04-22 05:59:00,False,2024-04-19 04:27:00,2395.55,UP,2.75,0.21782852047094903,2,19.480000000000018,25.66000000000031,73.46666666666667,1.543018028645124,2.03253812192168,1.543018028645124,0.08317088963437677,0.8356694148976193,1.543018028645124,1.5089575690805885,-1.2293449591669545,1.543018028645124,2.0214486699704057,-1.1382530324245865,1.543018028645124,2.0214486699704057,-0.5616015309596583,<=0.5
FULL_2022_202608,2024-04-22 06:01:00,DOWN,2369.57,2401.88,32.309999999999945,12.866682220677411,2.511136860757789,SAME_NEAREST,15.140000000000327,48.21000000000004,MULTI_CHILD_ERA4,CHALLENGE_OPENS,2024-04-24 18:00:00,2332.09,1.1600123800680928,2024,37.48000000000002,0.19,0.19,0.19,37.48000000000002,37.29000000000002,37.100000000000016,36.91000000000002,191,1.0,PRIMARY_CONTINUES,2024-04-22 09:47:00,True,2024-04-22 06:01:00,2369.57,DOWN,0.0,0.0,1,78.26999999999998,3.319999999999709,59.983333333333334,6.083153268075287,0.25803077615955267,0.5875640565561371,0.22072512177503434,-0.027202039655369843,1.4075112518825124,0.25803077615955267,1.0173562831111078,2.991447160958468,0.25803077615955267,2.305955761642957,5.761391999008838,0.25803077615955267,5.0945534268856045,<=0.5
FULL_2022_202608,2024-04-22 09:47:00,DOWN,2354.43,2401.88,47.45000000000027,12.918811763895873,3.672938414708426,SAME_NEAREST,30.2199999999998,47.45000000000027,MULTI_CHILD_ERA4,CHALLENGE_OPENS,2024-04-24 18:00:00,2332.09,0.4708113804004122,2024,22.33999999999969,0.19,0.19,0.19,22.33999999999969,22.14999999999969,21.95999999999969,21.76999999999969,191,2.0,PRIMARY_CONTINUES,2024-04-23 04:36:00,True,2024-04-22 06:01:00,2369.57,DOWN,15.140000000000327,1.1719344067162583,2,63.129999999999654,9.200000000000273,56.21666666666667,4.886672331307489,0.7121397980046013,0.2298973043558109,0.4404429837658804,-0.41799509882878233,0.2298973043558109,0.7121397980046013,-0.17571275450765042,2.303617433545232,0.7121397980046013,2.035016879297868,4.5662094222054375,0.7121397980046013,3.998045713797424,1-2
FULL_2022_202608,2024-04-23 04:36:00,DOWN,2324.21,2363.63,39.42000000000007,13.011490600413554,3.029629825713217,SAME_NEAREST,4.889999999999873,77.67000000000007,MULTI_CHILD_ERA4,CHALLENGE_OPENS,2024-04-24 18:00:00,2332.09,-0.1998985286656543,2024,-7.880000000000109,0.19,0.19,0.19,-7.880000000000109,-8.070000000000109,-8.26000000000011,-8.45000000000011,191,3.0,PRIMARY_CONTINUES,2024-04-23 04:37:00,True,2024-04-22 06:01:00,2369.57,DOWN,45.36000000000013,3.486149388491924,3,32.909999999999854,9.949999999999818,37.4,2.5293028301426013,0.7647086952269381,2.2111225288119996,0.21135164943458473,1.0775091363901361,2.2111225288119996,0.21135164943458473,1.26580424225006,2.5293028301426013,0.21135164943458473,0.919187537177324,2.5293028301426013,0.6056185445616549,0.35583932250260014,3-4
FULL_2022_202608,2024-04-23 04:37:00,DOWN,2319.32,2363.63,44.309999999999945,13.011490600413554,3.405451485980523,SAME_NEAREST,0.6700000000000728,82.55999999999995,MULTI_CHILD_ERA4,CHALLENGE_OPENS,2024-04-24 18:00:00,2332.09,-0.2881967953058,2024,-12.769999999999982,0.19,0.19,0.19,-12.769999999999982,-12.959999999999981,-13.149999999999983,-13.339999999999982,191,4.0,PRIMARY_CONTINUES,2024-04-23 04:38:00,True,2024-04-22 06:01:00,2369.57,DOWN,50.25,3.8619710487592305,4+,28.019999999999982,14.83999999999969,37.38333333333333,2.153481169875295,1.1405303554942445,1.8353008685446934,0.1829152456924504,0.7793111728242759,1.8353008685446934,0.1829152456924504,0.8684631413130349,2.153481169875295,0.1829152456924504,0.4918729295932224,2.153481169875295,0.9814402048289612,-0.04765019005433435,3-4
FULL_2022_202608,2024-04-23 04:38:00,DOWN,2318.65,2363.63,44.98000000000002,13.011490600413554,3.4569444332973185,SAME_NEAREST,15.7800000000002,83.23000000000002,MULTI_CHILD_ERA4,CHALLENGE_OPENS,2024-04-24 18:00:00,2332.09,-0.2987994664295253,2024,-13.440000000000055,0.19,0.19,0.19,-13.440000000000055,-13.630000000000054,-13.820000000000055,-14.010000000000055,191,5.0,PRIMARY_CONTINUES,2024-04-23 04:52:00,True,2024-04-22 06:01:00,2369.57,DOWN,50.92000000000007,3.913463996076026,4+,27.34999999999991,15.509999999999764,37.36666666666667,2.1019882225584996,1.1920233028110399,1.783807921227898,0.0937632772036913,0.741652151652277,1.783807921227898,0.0937632772036913,0.7255125711499969,2.1019882225584996,0.0937632772036913,0.30280927228082744,2.1019882225584996,1.0329331521457565,-0.08069790251136594,3-4
FULL_2022_202608,2024-04-25 06:11:00,DOWN,2311.72,2337.27,25.550000000000185,13.226207301733542,1.9317707198382847,SAME_NEAREST,20.419999999999614,25.550000000000185,MULTI_CHILD_ERA4,AMBIGUOUS,2024-04-25 17:35:00,,,2024,,0.19,0.19,0.19,,,,,192,1.0,CHALLENGE_OPENS,2024-04-25 17:35:00,False,2024-04-25 06:11:00,2311.72,DOWN,0.0,0.0,1,6.789999999999964,31.54000000000042,11.4,0.5133746844501679,2.3846594326301322,0.5133746844501679,0.3198195751434803,-0.20867660222129353,0.5133746844501679,0.8914120073148346,-0.6713942854075952,0.5133746844501679,2.3846594326301322,-2.1616174121399783,0.5133746844501679,2.3846594326301322,-2.1616174121399783,<=0.5
FULL_2022_202608,2024-04-26 10:20:00,UP,2344.82,2326.18,18.640000000000327,13.276871245781829,1.4039452258695668,OPPOSITE_NEAREST,57.059999999999945,32.14000000000033,MULTI_CHILD_ERA4,AMBIGUOUS,2024-04-29 04:00:00,,,2024,,0.19,0.19,0.19,,,,,193,1.0,CHALLENGE_OPENS,2024-04-29 04:00:00,False,2024-04-26 10:20:00,2344.82,UP,0.0,0.0,1,7.669999999999618,20.91000000000031,65.66666666666667,0.577696345623329,1.574919242110116,0.4067223293827799,0.3314033794971091,0.08736998186740691,0.577696345623329,0.3314033794971091,0.18377823772112445,0.577696345623329,1.2186606091507297,-0.544556007673649,0.577696345623329,1.2186606091507297,-0.5430496286759362,<=0.5
FULL_2022_202608,2024-04-30 07:30:00,DOWN,2325.52,2336.17,10.650000000000093,13.2890963373644,0.8014088941515104,SAME_NEAREST,5.829999999999927,21.19000000000005,MULTI_CHILD_ERA4,CHALLENGE_OPENS,2024-05-03 15:30:00,2309.44,1.5098591549295577,2024,16.079999999999927,0.19,0.19,0.19,16.079999999999927,15.889999999999928,15.699999999999926,15.509999999999927,194,1.0,PRIMARY_CONTINUES,2024-04-30 09:07:00,True,2024-04-30 07:30:00,2325.52,DOWN,0.0,0.0,1,43.909999999999854,2.75,80.0,3.3042126330697092,0.20693656891236006,0.27541376080698465,0.09857705646370196,0.224243991039577,1.0625252192881824,0.09857705646370196,0.8706385826603782,2.4426040097800783,0.09857705646370196,2.0482957839252363,3.3042126330697092,0.09857705646370196,3.0829786284870364,<=0.5
FULL_2022_202608,2024-04-30 09:07:00,DOWN,2319.69,2336.17,16.480000000000018,13.277434691045707,1.2412036197861411,SAME_NEAREST,7.010000000000218,27.019999999999985,MULTI_CHILD_ERA4,CHALLENGE_OPENS,2024-05-03 15:30:00,2309.44,0.6219660194174751,2024,10.25,0.19,0.19,0.19,10.25,10.06,9.87,9.68,194,2.0,PRIMARY_CONTINUES,2024-04-30 11:28:00,True,2024-04-30 07:30:00,2325.52,DOWN,5.829999999999927,0.43909084365006706,2,38.07999999999993,8.579999999999927,78.38333333333334,2.868023898146609,0.6462091661265164,0.07079680841013587,0.2583330349433408,-0.09640416464356451,0.680854412795307,0.2583330349433408,0.2854467062493583,2.1216447796951243,0.2583330349433408,1.7473254841649748,2.868023898146609,0.2583330349433408,2.4251672668151727,<=0.5
FULL_2022_202608,2024-04-30 11:28:00,DOWN,2312.68,2336.17,23.49000000000024,13.277434691045707,1.7691670527170338,SAME_NEAREST,7.75,34.0300000000002,MULTI_CHILD_ERA4,CHALLENGE_OPENS,2024-05-03 15:30:00,2309.44,0.1379310344827479,2024,3.2399999999997817,0.19,0.19,0.19,3.2399999999997817,3.0499999999997818,2.859999999999782,2.6699999999997814,194,3.0,PRIMARY_CONTINUES,2024-04-30 15:30:00,True,2024-04-30 07:30:00,2325.52,DOWN,12.840000000000146,0.9670542765809598,3,31.06999999999971,15.590000000000146,76.03333333333333,2.3400604652157164,1.174172599057409,0.15289097986441433,0.3321424734986202,-0.19205517175090306,0.3487119392966868,0.3954077065459487,0.18000465117043182,1.7616354773542267,0.3954077065459487,1.6351050112595353,2.3400604652157164,0.3954077065459487,2.025240615051526,0.5-1
FULL_2022_202608,2024-04-30 15:30:00,DOWN,2304.93,2336.17,31.24000000000024,13.29356005387323,2.3500100705452565,SAME_NEAREST,13.629999999999654,41.7800000000002,MULTI_CHILD_ERA4,CHALLENGE_OPENS,2024-05-03 15:30:00,2309.44,-0.1443661971831044,2024,-4.510000000000218,0.19,0.19,0.19,-4.510000000000218,-4.700000000000219,-4.890000000000218,-5.080000000000219,194,4.0,PRIMARY_CONTINUES,2024-04-30 21:55:00,True,2024-04-30 07:30:00,2325.52,DOWN,20.590000000000146,1.5488702737684639,4+,23.31999999999971,23.340000000000146,72.0,1.754232869561917,1.7557373574432207,0.1594757154147135,0.3889101173085485,0.043630148556852356,0.8929135575343063,0.6258669586087315,0.4987377326412971,1.4962131979239597,0.6258669586087315,1.1283659109532196,1.754232869561917,0.6258669586087315,0.7499872088135583,1-2
FULL_2022_202608,2024-04-30 21:55:00,DOWN,2291.3,2336.17,44.86999999999989,13.332240669325683,3.365525804168469,SAME_NEAREST,23.600000000000364,55.409999999999854,MULTI_CHILD_ERA4,CHALLENGE_OPENS,2024-05-03 15:30:00,2309.44,-0.4042790283039874,2024,-18.139999999999873,0.19,0.19,0.19,-18.139999999999873,-18.329999999999874,-18.51999999999987,-18.709999999999873,194,5.0,CHALLENGE_OPENS,2024-05-03 15:30:00,False,2024-04-30 07:30:00,2325.52,DOWN,34.2199999999998,2.566710341400593,4+,9.690000000000055,36.9699999999998,65.58333333333333,0.7268095618986568,2.7729772449322025,0.12150995771682854,0.2640216365204586,-0.09000737608650682,0.4695384785846981,0.2640216365204586,-0.020251659619465737,0.7268095618986568,0.2640216365204586,0.2557709603792188,0.7268095618986568,2.7729772449322025,-2.6199647055851205,2-3
FULL_2022_202608,2024-05-03 16:33:00,DOWN,2285.45,2326.41,40.96000000000004,13.328504609433894,3.073112941042809,SAME_NEAREST,3.8399999999996903,42.82000000000016,MULTI_CHILD_ERA4,CHALLENGE_OPENS,2024-05-06 10:39:00,2320.61,-0.8583984375000068,2024,-35.16000000000031,0.19,0.19,0.19,-35.16000000000031,-35.35000000000031,-35.54000000000031,-35.73000000000031,195,1.0,PRIMARY_CONTINUES,2024-05-03 16:34:00,True,2024-05-03 16:33:00,2285.45,DOWN,0.0,0.0,1,8.1899999999996,37.42000000000007,66.1,0.614472533865707,2.8075167542437023,0.614472533865707,1.2792132725776468,0.023258423137771055,0.614472533865707,1.2792132725776468,-1.120155669183838,0.614472533865707,1.3452371834203716,-1.2184412637337867,0.614472533865707,1.3452371834203716,-1.2184412637337867,<=0.5
FULL_2022_202608,2024-05-03 16:34:00,DOWN,2281.61,2326.41,44.79999999999973,13.328504609433894,3.3612172792655493,SAME_NEAREST,13.91000000000031,46.659999999999854,MULTI_CHILD_ERA4,CHALLENGE_OPENS,2024-05-06 10:39:00,2320.61,-0.8705357142857196,2024,-39.0,0.19,0.19,0.19,-39.0,-39.19,-39.38,-39.57,195,2.0,CHALLENGE_OPENS,2024-05-06 10:39:00,False,2024-05-03 16:33:00,2285.45,DOWN,3.8399999999996908,0.28810433822273995,2,4.349999999999909,41.25999999999976,66.08333333333333,0.32636819564296704,3.0956210924664425,0.32636819564296704,1.5673176108003868,-0.20707499309759325,0.32636819564296704,1.5673176108003868,-1.424015713403138,0.32636819564296704,1.6333415216431115,-1.5065456019565266,0.32636819564296704,1.6333415216431115,-1.5065456019565266,<=0.5
FULL_2022_202608,2024-05-06 15:46:00,UP,2328.27,2291.74,36.5300000000002,13.447271141087258,2.716536285818256,SAME_NEAREST,18.44000000000005,51.00999999999976,MULTI_CHILD_ERA4,CHALLENGE_OPENS,2024-05-08 04:33:00,2309.94,-0.5017793594306003,2024,-18.329999999999927,0.19,0.19,0.19,-18.329999999999927,-18.51999999999993,-18.709999999999926,-18.899999999999928,196,1.0,CHALLENGE_OPENS,2024-05-08 04:33:00,False,2024-05-06 15:46:00,2328.27,UP,0.0,0.0,1,3.800000000000182,19.320000000000164,36.78333333333333,0.2825852145116291,1.4367227222011734,0.2825852145116291,0.5012169331074282,-0.11303408580464487,0.2825852145116291,0.7994186989473334,-0.5406301340788,0.2825852145116291,0.7994186989473334,-0.10113576098311398,0.2825852145116291,1.3631018373678665,-0.8566793871510016,<=0.5
FULL_2022_202608,2024-05-15 15:30:00,UP,2378.31,2355.65,22.65999999999985,12.986297622252112,1.744916115365459,SAME_NEAREST,23.570000000000164,46.25999999999976,MULTI_CHILD_ERA4,SL,2024-05-15 16:52:00,2355.65,-1.0,2024,-22.659999999999854,0.19,0.19,0.19,-22.659999999999854,-22.849999999999856,-23.039999999999853,-23.229999999999855,197,7.0,PRIMARY_CONTINUES,2024-05-17 16:02:00,True,2024-05-09 15:31:00,2321.34,UP,56.9699999999998,4.38693164573568,4+,0.42000000000007276,24.2199999999998,1.3666666666666667,0.03234178148515554,1.8650427323102976,0.03234178148515554,1.3922366886940678,-0.920200687494133,0.03234178148515554,1.8650427323102976,-1.77494776960166,0.03234178148515554,1.8650427323102976,-1.77494776960166,0.03234178148515554,1.8650427323102976,-1.77494776960166,4-6
FULL_2022_202608,2024-05-09 15:31:00,UP,2321.34,2306.6,14.740000000000236,13.141875711982554,1.1216054939981317,SAME_NEAREST,2.319999999999709,17.730000000000018,MULTI_CHILD_ERA4,CHALLENGE_OPENS,2024-05-21 06:27:00,2407.31,5.832428765264479,2024,85.9699999999998,0.19,0.19,0.19,85.9699999999998,85.7799999999998,85.5899999999998,85.3999999999998,197,1.0,PRIMARY_CONTINUES,2024-05-09 15:34:00,True,2024-05-09 15:31:00,2321.34,UP,0.0,0.0,1,128.65999999999985,9.210000000000036,278.93333333333334,9.790078891302382,0.7008132021521483,0.6034146246543322,0.7008132021521483,-0.17120843700785313,1.3255337656341395,0.7008132021521483,0.9306129709360208,2.1032005328431285,0.7008132021521483,2.078089962081982,4.334997625038826,0.7008132021521483,3.4606932067187395,<=0.5
FULL_2022_202608,2024-05-09 15:34:00,UP,2323.66,2306.6,17.059999999999945,13.141875711982554,1.2981404157128733,SAME_NEAREST,6.25,20.049999999999727,MULTI_CHILD_ERA4,CHALLENGE_OPENS,2024-05-21 06:27:00,2407.31,4.903282532239177,2024,83.65000000000009,0.19,0.19,0.19,83.65000000000009,83.4600000000001,83.2700000000001,83.0800000000001,197,2.0,PRIMARY_CONTINUES,2024-05-09 17:08:00,True,2024-05-09 15:31:00,2321.34,UP,2.319999999999709,0.17653492171474197,2,126.34000000000015,11.529999999999745,278.8833333333333,9.61354396958764,0.8773481238668902,0.42687970293959016,0.8773481238668902,-0.30817518661411486,1.1489988439193977,0.8773481238668902,0.7571217547680824,1.9266656111283864,0.8773481238668902,1.824701475310365,4.158462703324084,0.8773481238668902,3.2362199226417903,<=0.5
FULL_2022_202608,2024-05-09 17:08:00,UP,2329.91,2306.6,23.309999999999945,13.194809735804872,1.766603722730986,SAME_NEAREST,2.160000000000309,26.299999999999727,MULTI_CHILD_ERA4,CHALLENGE_OPENS,2024-05-21 06:27:00,2407.31,3.320463320463332,2024,77.40000000000009,0.19,0.19,0.19,77.40000000000009,77.2100000000001,77.0200000000001,76.8300000000001,197,3.0,PRIMARY_CONTINUES,2024-05-09 17:09:00,True,2024-05-09 15:31:00,2321.34,UP,8.569999999999709,0.6494978079710026,3,120.09000000000015,1.7599999999997635,277.31666666666666,9.101305922898536,0.13338578086684363,0.670718273108962,0.11747043201340852,0.4532085054453605,0.670718273108962,0.13338578086684363,0.3433168109811986,1.965166646521454,0.13338578086684363,1.631702194354293,3.6681089738386996,0.13338578086684363,3.003453690769169,0.5-1
FULL_2022_202608,2024-05-09 17:09:00,UP,2332.07,2306.6,25.47000000000025,13.194809735804872,1.930304453794885,SAME_NEAREST,14.639999999999873,28.46000000000004,MULTI_CHILD_ERA4,CHALLENGE_OPENS,2024-05-21 06:27:00,2407.31,2.9540636042402446,2024,75.23999999999978,0.19,0.19,0.19,75.23999999999978,75.04999999999978,74.85999999999979,74.66999999999979,197,4.0,PRIMARY_CONTINUES,2024-05-09 23:18:00,True,2024-05-09 15:31:00,2321.34,UP,10.730000000000018,0.8131985390349016,4+,117.92999999999984,3.9200000000000728,277.3,8.937605191834637,0.2970865119307426,0.5070175420450631,0.27738179430270143,0.3448325584910134,0.5070175420450631,0.2970865119307426,0.1879526912214881,1.8014659154575547,0.2970865119307426,1.4702750845551509,3.5044082427748005,0.2970865119307426,2.7821545543309614,0.5-1
FULL_2022_202608,2024-05-09 23:18:00,UP,2346.71,2306.6,40.11000000000013,13.269449681717068,3.022732740398763,SAME_NEAREST,5.779999999999745,43.09999999999991,MULTI_CHILD_ERA4,CHALLENGE_OPENS,2024-05-21 06:27:00,2407.31,1.5108451757666346,2024,60.59999999999991,0.19,0.19,0.19,60.59999999999991,60.40999999999991,60.21999999999991,60.02999999999991,197,5.0,PRIMARY_CONTINUES,2024-05-10 04:03:00,True,2024-05-09 15:31:00,2321.34,UP,25.36999999999989,1.911910486759313,4+,103.28999999999996,14.659999999999854,271.15,7.784045493786764,1.1047933675952453,0.03768053777610014,0.27054626123241,-0.05802802817519285,0.11831688861696678,0.27054626123241,0.06707135724144865,1.780782215298501,0.27054626123241,1.6609581051704916,2.3814099874495223,0.27054626123241,1.241950525100262,1-2
FULL_2022_202608,2024-05-10 04:03:00,UP,2352.49,2306.6,45.88999999999987,13.243088495428909,3.4652037563472926,OPPOSITE_NEAREST,49.39000000000033,45.88999999999987,MULTI_CHILD_ERA4,CHALLENGE_OPENS,2024-05-21 06:27:00,2407.31,1.194595772499462,2024,54.820000000000164,0.19,0.19,0.19,54.820000000000164,54.630000000000166,54.44000000000016,54.25000000000016,197,6.0,PRIMARY_CONTINUES,2024-05-15 15:30:00,True,2024-05-09 15:31:00,2321.34,UP,31.149999999999636,2.3521703423451124,4+,97.51000000000022,20.4399999999996,266.4,7.363086037947836,1.5434466066623986,0.2529621395459735,0.3314936694348271,-0.13667506644123836,0.2529621395459735,0.40322920154485775,0.16385905755663321,1.9496962516645875,0.40322920154485775,0.6486402324476755,1.9496962516645875,0.40322920154485775,0.5980478045384808,2-3
FULL_2022_202608,2024-05-17 16:02:00,UP,2397.28,2373.88,23.40000000000009,12.895796389666751,1.814544778231008,SAME_NEAREST,4.599999999999909,23.40000000000009,MULTI_CHILD_ERA4,CHALLENGE_OPENS,2024-05-21 06:27:00,2407.31,0.428632478632466,2024,10.029999999999745,0.19,0.19,0.19,10.029999999999745,9.839999999999746,9.649999999999745,9.459999999999745,197,8.0,PRIMARY_CONTINUES,2024-05-17 16:13:00,True,2024-05-09 15:31:00,2321.34,UP,75.94000000000005,5.888740617900099,4+,52.7199999999998,2.269999999999982,86.41666666666667,4.088153876424702,0.17602635241813416,0.6095009383288493,0.17602635241813416,0.4629415523948168,1.695126019321756,0.17602635241813416,0.725817911292375,1.9657568430835775,0.17602635241813416,1.2833639350308792,1.9657568430835775,0.17602635241813416,1.2833639350308792,4-6
FULL_2022_202608,2024-05-17 16:13:00,UP,2401.88,2373.88,28.0,12.895796389666751,2.1712501619858133,SAME_NEAREST,15.900000000000093,28.0,MULTI_CHILD_ERA4,CHALLENGE_OPENS,2024-05-21 06:27:00,2407.31,0.1939285714285656,2024,5.429999999999836,0.19,0.19,0.19,5.429999999999836,5.239999999999836,5.049999999999836,4.859999999999836,197,9.0,PRIMARY_CONTINUES,2024-05-17 18:03:00,True,2024-05-09 15:31:00,2321.34,UP,80.53999999999996,6.245446001654905,4+,48.11999999999989,6.039999999999964,86.23333333333333,3.7314484926698963,0.46836967779979405,0.25279555457404423,0.46836967779979405,-0.09770625728937853,1.3384206355669508,0.46836967779979405,0.6443960302179282,1.6090514593287724,0.46836967779979405,0.9266585512760741,1.6090514593287724,0.46836967779979405,0.9266585512760741,>6
FULL_2022_202608,2024-05-17 18:03:00,UP,2417.78,2373.88,43.90000000000009,12.895796389666751,3.404210075399193,SAME_NEAREST,13.699999999999818,43.90000000000009,MULTI_CHILD_ERA4,CHALLENGE_OPENS,2024-05-21 06:27:00,2407.31,-0.2384965831435132,2024,-10.470000000000255,0.19,0.19,0.19,-10.470000000000255,-10.660000000000254,-10.850000000000255,-11.040000000000255,197,10.0,PRIMARY_CONTINUES,2024-05-20 04:00:00,True,2024-05-09 15:31:00,2321.34,UP,96.44000000000005,7.478405915068284,4+,32.2199999999998,14.260000000000218,84.4,2.498488579256517,1.1057866896399347,0.10546072215357126,1.1057866896399347,-0.5893393296818918,0.10778706161285728,1.1057866896399347,-0.41253753077731725,0.37609154591539273,1.1057866896399347,-0.3063013621373055,0.37609154591539273,1.1057866896399347,-0.3063013621373055,>6
FULL_2022_202608,2024-05-22 14:43:00,DOWN,2406.03,2426.49,20.45999999999958,13.175438964773464,1.5528894372857327,OPPOSITE_NEAREST,32.15000000000009,27.87999999999965,MULTI_CHILD_ERA4,CHALLENGE_OPENS,2024-05-27 06:29:00,2347.38,2.866568914956075,2024,58.65000000000009,0.19,0.19,0.19,58.65000000000009,58.46000000000009,58.27000000000009,58.08000000000009,198,1.0,PRIMARY_CONTINUES,2024-05-23 04:26:00,True,2024-05-22 14:43:00,2406.03,DOWN,0.0,0.0,1,80.67000000000007,9.019999999999982,111.76666666666667,6.122756153755754,0.6846071712765184,0.09942742731402604,0.6846071712765184,-0.38860185331881447,1.81322231948961,0.6846071712765184,1.2750998312024011,2.3650065916825462,0.6846071712765184,1.8284020793848628,3.880705617224893,0.6846071712765184,2.9266577078074145,<=0.5
FULL_2022_202608,2024-05-23 04:26:00,DOWN,2373.88,2419.3,45.42000000000007,13.277442971064334,3.4208393964850266,SAME_NEAREST,2.9700000000002547,52.60999999999967,MULTI_CHILD_ERA4,CHALLENGE_OPENS,2024-05-27 06:29:00,2347.38,0.5834434169969167,2024,26.5,0.19,0.19,0.19,26.5,26.31,26.12,25.93,198,2.0,PRIMARY_CONTINUES,2024-05-23 04:27:00,True,2024-05-22 14:43:00,2406.03,DOWN,32.15000000000009,2.4213999691103862,2,48.51999999999998,1.7399999999997817,98.05,3.6543180871301884,0.13104932958791699,0.5407667738168966,0.13104932958791699,0.22067502051303628,0.5407667738168966,0.13104932958791699,0.21690923518003596,1.4294921124017121,0.13104932958791699,0.5859561978127289,3.553395040206171,0.13104932958791699,3.152715480776385,2-3
FULL_2022_202608,2024-05-23 04:27:00,DOWN,2370.91,2419.3,48.39000000000033,13.277442971064334,3.644527045264449,SAME_NEAREST,19.08999999999969,55.57999999999993,MULTI_CHILD_ERA4,CHALLENGE_OPENS,2024-05-27 06:29:00,2347.38,0.4862574912171851,2024,23.529999999999745,0.19,0.19,0.19,23.529999999999745,23.339999999999744,23.149999999999746,22.959999999999745,198,3.0,PRIMARY_CONTINUES,2024-05-23 16:50:00,True,2024-05-22 14:43:00,2406.03,DOWN,35.120000000000346,2.645087617889809,3,45.54999999999973,4.710000000000036,98.03333333333333,3.4306304383507658,0.3547369783673398,0.3170791250374739,0.3547369783673398,-0.07531570665973186,0.3170791250374739,0.3547369783673398,-0.05196783759521909,1.2058044636222893,0.3547369783673398,0.5053683916868035,3.3297073914267483,0.3547369783673398,2.882332093867937,2-3
FULL_2022_202608,2024-05-23 16:50:00,DOWN,2351.82,2383.72,31.89999999999964,13.30093721917372,2.3983272362202253,SAME_NEAREST,19.769999999999985,74.66999999999962,MULTI_CHILD_ERA4,CHALLENGE_OPENS,2024-05-27 06:29:00,2347.38,0.1391849529780597,2024,4.440000000000055,0.19,0.19,0.19,4.440000000000055,4.250000000000054,4.060000000000055,3.8700000000000543,198,4.0,PRIMARY_CONTINUES,2024-05-23 20:57:00,True,2024-05-22 14:43:00,2406.03,DOWN,54.210000000000036,4.075652648134795,4+,26.460000000000036,12.11999999999989,85.65,1.9893335006391213,0.9112139844197241,0.7270164380642639,0.9112139844197241,0.4638770861278725,1.4006531790214285,0.9112139844197241,1.160820455399399,1.8885887201834977,0.9112139844197241,1.3991495255817932,1.9893335006391213,0.9112139844197241,0.9254986920962752,4-6
FULL_2022_202608,2024-05-23 20:57:00,DOWN,2332.05,2369.87,37.81999999999971,13.393265345733868,2.823807266093361,SAME_NEAREST,25.450000000000276,94.4399999999996,MULTI_CHILD_ERA4,CHALLENGE_OPENS,2024-05-27 06:29:00,2347.38,-0.4053410893707045,2024,-15.329999999999927,0.19,0.19,0.19,-15.329999999999927,-15.519999999999927,-15.709999999999928,-15.899999999999928,198,5.0,CHALLENGE_OPENS,2024-05-27 06:29:00,False,2024-05-22 14:43:00,2406.03,DOWN,73.98000000000002,5.523671643193774,4+,6.690000000000055,15.489999999999782,81.53333333333333,0.49950477551996,1.1565514159647245,0.020906029468712645,0.3210568811264087,-0.25684550490111335,0.38228168171335525,0.3210568811264087,0.26132536835872133,0.49950477551996,0.5405701905477387,-0.47337223868406064,0.49950477551996,1.1446051134111939,-0.0097063708247267,4-6
FULL_2022_202608,2024-05-28 16:15:00,UP,2358.43,2340.23,18.199999999999815,13.042915351052129,1.3953935535226554,OPPOSITE_NEAREST,68.05999999999995,26.61999999999989,MULTI_CHILD_ERA4,AMBIGUOUS,2024-05-29 14:53:00,,,2024,,0.19,0.19,0.19,,,,,199,1.0,CHALLENGE_OPENS,2024-05-29 14:53:00,False,2024-05-28 16:15:00,2358.43,UP,0.0,0.0,1,5.539999999999964,20.049999999999727,22.633333333333333,0.4247516640942602,1.5372330081389634,0.4247516640942602,0.7943009458513404,-0.5612242204277764,0.4247516640942602,0.8088682411903174,-0.3074466016277787,0.4247516640942602,0.8088682411903174,-0.04906878429968849,0.4247516640942602,1.5372330081389634,-1.4720635289909336,<=0.5
FULL_2022_202608,2024-05-30 08:34:00,DOWN,2325.36,2339.88,14.519999999999982,12.888529715859232,1.1265831184866058,SAME_NEAREST,18.76000000000022,38.60999999999967,MULTI_CHILD_ERA4,SL,2024-05-30 13:59:00,2339.88,-1.0,2024,-14.519999999999982,0.19,0.19,0.19,-14.519999999999982,-14.709999999999981,-14.899999999999983,-15.089999999999982,200,3.0,CHALLENGE_OPENS,2024-05-31 15:44:00,False,2024-05-30 03:37:00,2334.38,DOWN,9.019999999999982,0.6998470887568304,3,2.7600000000002183,15.5,5.416666666666667,0.21414389855532245,1.202619720147549,0.21414389855532245,0.3607859160442718,-0.3041464066437729,0.21414389855532245,0.9799411009976213,-0.7138129951843376,0.21414389855532245,1.202619720147549,-1.1839985115775042,0.21414389855532245,1.202619720147549,-1.1839985115775042,0.5-1
FULL_2022_202608,2024-05-30 03:37:00,DOWN,2334.38,2344.25,9.86999999999989,12.93725984812706,0.7629127122640874,SAME_NEAREST,2.570000000000164,29.58999999999969,MULTI_CHILD_ERA4,SL,2024-05-30 15:35:00,2344.25,-1.0,2024,-9.86999999999989,0.19,0.19,0.19,-9.86999999999989,-10.05999999999989,-10.249999999999892,-10.439999999999891,200,1.0,PRIMARY_CONTINUES,2024-05-30 05:39:00,True,2024-05-30 03:37:00,2334.38,DOWN,0.0,0.0,1,11.7800000000002,9.980000000000018,11.966666666666667,0.9105483029859374,0.7714152855517418,0.031691409526698605,0.42512866438222163,-0.12521971569075502,0.4931492506833855,0.42512866438222163,-0.026280681070877072,0.9105483029859374,0.7714152855517418,-0.7567290226003517,0.9105483029859374,0.7714152855517418,-0.7567290226003517,<=0.5
FULL_2022_202608,2024-05-30 05:39:00,DOWN,2331.81,2344.25,12.440000000000056,12.89416396008191,0.9647775566149254,SAME_NEAREST,6.449999999999818,32.159999999999854,MULTI_CHILD_ERA4,SL,2024-05-30 15:35:00,2344.25,-1.0,2024,-12.440000000000055,0.19,0.19,0.19,-12.440000000000055,-12.630000000000054,-12.820000000000055,-13.010000000000055,200,2.0,PRIMARY_CONTINUES,2024-05-30 08:34:00,True,2024-05-30 03:37:00,2334.38,DOWN,2.5700000000001637,0.19931497753219496,2,9.210000000000036,12.550000000000182,9.933333333333334,0.7142766315452941,0.9733085478711765,0.2954825153298068,0.23033676391853386,-0.17604863774243193,0.7142766315452941,0.407936490980281,0.20629487946909564,0.7142766315452941,0.9733085478711765,-0.9585731993376646,0.7142766315452941,0.9733085478711765,-0.9585731993376646,<=0.5
FULL_2022_202608,2024-05-31 17:41:00,DOWN,2336.97,2361.31,24.340000000000146,12.816805559904063,1.8990691468508425,SAME_NEAREST,14.36999999999989,27.0,MULTI_CHILD_ERA4,CHALLENGE_OPENS,2024-06-05 18:37:00,2354.72,-0.7292522596548847,2024,-17.75,0.19,0.19,0.19,-17.75,-17.94,-18.13,-18.32,201,1.0,PRIMARY_CONTINUES,2024-05-31 21:52:00,True,2024-05-31 17:41:00,2336.97,DOWN,0.0,0.0,1,22.259999999999764,18.75,120.93333333333334,1.7367822189358693,1.46292302807942,0.7248295963124138,0.17321008652462322,0.5204104851887559,1.0197548787732051,0.17321008652462322,0.9846447260993132,1.2826909110200044,0.17321008652462322,0.7724233588259054,1.2826909110200044,0.17321008652462322,0.7724233588259054,<=0.5
FULL_2022_202608,2024-05-31 21:52:00,DOWN,2322.6,2359.69,37.09000000000015,12.9234344179046,2.869980130716205,SAME_NEAREST,16.0,41.36999999999989,MULTI_CHILD_ERA4,CHALLENGE_OPENS,2024-06-05 18:37:00,2354.72,-0.8660016176867017,2024,-32.11999999999989,0.19,0.19,0.19,-32.11999999999989,-32.30999999999989,-32.49999999999989,-32.68999999999989,201,2.0,CHALLENGE_OPENS,2024-06-05 18:37:00,False,2024-05-31 17:41:00,2336.97,DOWN,14.36999999999989,1.111933525974424,2,7.889999999999873,33.11999999999989,116.75,0.6105188253262444,2.5627862477573475,0.16017414048481224,0.3837989066689788,-0.37064450865814136,0.16017414048481224,0.6112926134445454,-0.34588328887306863,0.16017414048481224,0.6112926134445454,-0.34588328887306863,0.16017414048481224,0.6112926134445454,-0.34588328887306863,1-2
FULL_2022_202608,2024-06-06 04:04:00,UP,2359.69,2329.41,30.2800000000002,12.782027015580296,2.368951337928737,SAME_NEAREST,4.279999999999745,44.07999999999993,MULTI_CHILD_ERA4,CHALLENGE_OPENS,2024-06-07 11:07:00,2353.37,-0.2087186261558825,2024,-6.320000000000164,0.19,0.19,0.19,-6.320000000000164,-6.510000000000164,-6.700000000000164,-6.890000000000164,202,1.0,PRIMARY_CONTINUES,2024-06-06 04:17:00,True,2024-06-06 04:04:00,2359.69,UP,0.0,0.0,1,27.980000000000018,7.110000000000127,31.05,2.1890111768575187,0.5562498022679494,1.0592999047409115,0.15881675085851316,0.5140029818425391,1.191516805701931,0.15881675085851316,0.8120777703996164,1.191516805701931,0.4115153248845968,-0.3035512282418658,1.585820463005784,0.4944442686826257,1.416050832777729,<=0.5
FULL_2022_202608,2024-06-06 04:17:00,UP,2363.97,2329.41,34.559999999999945,12.782027015580296,2.703796507226436,OPPOSITE_NEAREST,62.51999999999998,48.35999999999967,MULTI_CHILD_ERA4,CHALLENGE_OPENS,2024-06-07 11:07:00,2353.37,-0.3067129629629608,2024,-10.599999999999909,0.19,0.19,0.19,-10.599999999999909,-10.789999999999909,-10.97999999999991,-11.16999999999991,202,2.0,PRIMARY_CONTINUES,2024-06-06 18:30:00,True,2024-06-06 04:04:00,2359.69,UP,4.279999999999745,0.3348451692976989,2,23.700000000000273,11.389999999999873,30.833333333333332,1.8541660075598196,0.8910949715656483,0.7244547354432125,0.10483470253711208,0.3293687296129459,0.8566716364042319,0.10483470253711208,0.3489274427728594,0.8566716364042319,0.8292894379803246,-0.6337023063811897,1.250975293708085,0.8292894379803246,0.8324188320859435,<=0.5
FULL_2022_202608,2024-06-06 18:30:00,UP,2374.92,2329.41,45.51000000000022,12.796122332220726,3.5565461800412552,SAME_NEAREST,51.56999999999971,59.309999999999945,MULTI_CHILD_ERA4,CHALLENGE_OPENS,2024-06-07 11:07:00,2353.37,-0.4735223027905972,2024,-21.550000000000182,0.19,0.19,0.19,-21.550000000000182,-21.740000000000183,-21.93000000000018,-22.120000000000182,202,3.0,CHALLENGE_OPENS,2024-06-07 11:07:00,False,2024-06-06 04:04:00,2359.69,UP,15.230000000000018,1.1902043138217562,3,12.75,22.340000000000146,16.616666666666667,0.9963956008685076,1.7458413900707928,0.2766463080058416,0.35948390305843486,0.014066761424013197,0.2766463080058416,0.46576610048441897,-0.0898709757646176,0.3938693198727249,0.46576610048441897,0.20943844786881863,0.9963956008685076,1.7458413900707928,-1.6012663421016438,1-2
FULL_2022_202608,2024-06-12 15:30:00,UP,2319.92,2310.77,9.150000000000093,12.978173422591563,0.7050298760896786,OPPOSITE_NEAREST,67.75,22.269999999999985,MULTI_CHILD_ERA4,SL,2024-06-13 04:25:00,2310.77,-1.0,2024,-9.150000000000091,0.56,0.19,0.56,-9.150000000000091,-9.710000000000091,-10.270000000000092,-10.83000000000009,204,1.0,CHALLENGE_OPENS,2024-06-13 19:00:00,False,2024-06-12 15:30:00,2319.92,UP,0.0,0.0,1,21.7199999999998,9.559999999999945,12.916666666666666,1.673579115701369,0.7366213787341227,1.673579115701369,0.42224740119906157,1.2829232171467866,1.673579115701369,0.42224740119906157,1.2282159808600441,1.673579115701369,0.42224740119906157,0.14794069531062523,1.673579115701369,0.7366213787341227,-0.7289161341867016,<=0.5
FULL_2022_202608,2024-06-14 13:21:00,UP,2326.61,2303.5,23.110000000000127,13.13578197199926,1.7593166550162218,SAME_NEAREST,15.029999999999744,31.13000000000011,MULTI_CHILD_ERA4,CHALLENGE_OPENS,2024-06-18 13:25:00,2309.94,-0.7213327563825176,2024,-16.670000000000073,0.19,0.19,0.19,-16.670000000000073,-16.860000000000074,-17.05000000000007,-17.240000000000073,205,1.0,CHALLENGE_OPENS,2024-06-18 13:25:00,False,2024-06-14 13:21:00,2326.61,UP,0.0,0.0,1,9.949999999999818,18.670000000000073,96.06666666666666,0.7574729864738637,1.4213086087906883,0.4575289094178719,0.04491548362007015,0.1339851714767684,0.7574729864738637,0.1857521695473671,0.4864575259867318,0.7574729864738637,0.19641008091482906,0.4598127475680596,0.7574729864738637,0.19641008091482906,0.4598127475680596,<=0.5
FULL_2022_202608,2024-06-19 11:00:00,UP,2333.07,2326.78,6.289999999999964,12.842243621042186,0.4897898050846594,SAME_NEAREST,3.4899999999997817,26.539999999999964,MULTI_CHILD_ERA4,SL,2024-06-19 14:04:00,2326.78,-1.0,2024,-6.289999999999964,0.19,0.19,0.19,-6.289999999999964,-6.479999999999964,-6.6699999999999635,-6.859999999999964,206,3.0,PRIMARY_CONTINUES,2024-06-20 04:33:00,True,2024-06-18 16:53:00,2325.6,UP,7.470000000000255,0.5816740610465106,3,1.8899999999998727,6.320000000000164,3.066666666666667,0.1471705455659697,0.4921258454904842,0.1471705455659697,0.09889237717925473,-0.028032484869720316,0.1471705455659697,0.4921258454904842,-0.4921258454904842,0.1471705455659697,0.4921258454904842,-0.4921258454904842,0.1471705455659697,0.4921258454904842,-0.4921258454904842,0.5-1
FULL_2022_202608,2024-06-21 08:51:00,UP,2365.42,2357.05,8.36999999999989,12.629676993452993,0.6627247873669893,SAME_NEAREST,22.25,41.76000000000022,MULTI_CHILD_ERA4,SL,2024-06-21 10:04:00,2357.05,-1.0,2024,-8.36999999999989,0.19,0.19,0.19,-8.36999999999989,-8.55999999999989,-8.749999999999892,-8.939999999999891,206,7.0,CHALLENGE_OPENS,2024-06-21 18:20:00,False,2024-06-18 16:53:00,2325.6,UP,39.820000000000164,3.1528914017866145,4+,0.15999999999985448,8.61999999999989,1.2166666666666666,0.012668574190994411,0.6825194345404361,0.012668574190994411,0.5938394152034031,-0.5273294007006105,0.012668574190994411,0.6825194345404361,-0.6627247873669893,0.012668574190994411,0.6825194345404361,-0.6627247873669893,0.012668574190994411,0.6825194345404361,-0.6627247873669893,3-4
FULL_2022_202608,2024-06-20 08:04:00,UP,2341.64,2327.72,13.920000000000073,12.640255324584588,1.1012435779621044,OPPOSITE_NEAREST,46.0300000000002,17.980000000000018,MULTI_CHILD_ERA4,SL,2024-06-21 18:15:00,2327.72,-1.0,2024,-13.920000000000073,0.19,0.19,0.19,-13.920000000000073,-14.110000000000072,-14.300000000000074,-14.490000000000073,206,6.0,PRIMARY_CONTINUES,2024-06-21 08:51:00,True,2024-06-18 16:53:00,2325.6,UP,16.039999999999964,1.2689617090885073,4+,27.070000000000164,14.11999999999989,34.18333333333333,2.1415706649018813,1.1170660431626949,0.25632393624981753,0.15822465200604865,-0.007120109340247725,0.31486705749203825,0.7143843038072895,-0.6147027730434975,1.8812911123519342,0.7950788763303729,1.1843115202652943,1.8812911123519342,0.7950788763303729,1.6874659136445032,1-2
FULL_2022_202608,2024-06-18 16:53:00,UP,2325.6,2306.53,19.06999999999971,12.958889265215298,1.4715767385394725,SAME_NEAREST,1.9400000000000543,30.11999999999989,MULTI_CHILD_ERA4,CHALLENGE_OPENS,2024-06-21 18:20:00,2323.66,-0.10173046670163,2024,-1.9400000000000546,0.19,0.19,0.19,-1.9400000000000546,-2.1300000000000545,-2.3200000000000545,-2.510000000000055,206,1.0,PRIMARY_CONTINUES,2024-06-18 16:59:00,True,2024-06-18 16:53:00,2325.6,UP,0.0,0.0,1,43.11000000000013,6.920000000000073,73.45,3.3266740009668494,0.533996383360955,0.16282259666064614,0.2669981916804775,-0.05710365949233902,0.5764382924431254,0.533996383360955,0.29400667927820634,0.5764382924431254,0.533996383360955,0.3873788792589532,0.7222841254708894,0.533996383360955,0.25542312556715513,<=0.5
FULL_2022_202608,2024-06-18 16:59:00,UP,2327.54,2306.53,21.009999999999764,12.958889265215298,1.6212809269383557,SAME_NEAREST,9.019999999999982,32.059999999999945,MULTI_CHILD_ERA4,CHALLENGE_OPENS,2024-06-21 18:20:00,2323.66,-0.184673964778684,2024,-3.880000000000109,0.19,0.19,0.19,-3.880000000000109,-4.0700000000001095,-4.260000000000109,-4.450000000000109,206,2.0,PRIMARY_CONTINUES,2024-06-19 11:00:00,True,2024-06-18 16:53:00,2325.6,UP,1.9400000000000546,0.14970418839888308,2,41.17000000000007,8.860000000000127,73.35,3.176969812567966,0.6837005717598381,0.013118408261763042,0.4167023800793606,-0.30558174539152877,0.42673410404424233,0.6837005717598381,0.16513760988328954,0.42673410404424233,0.6837005717598381,0.1952327817779348,0.5725799370720063,0.6837005717598381,0.042441909082170416,<=0.5
FULL_2022_202608,2024-06-20 04:33:00,UP,2334.96,2323.66,11.300000000000182,12.648301443716347,0.893400592188922,SAME_NEAREST,1.599999999999909,11.300000000000182,MULTI_CHILD_ERA4,AMBIGUOUS,2024-06-21 18:20:00,,,2024,,0.19,0.19,0.19,,,,,206,4.0,PRIMARY_CONTINUES,2024-06-20 04:34:00,True,2024-06-18 16:53:00,2325.6,UP,9.360000000000127,0.7400203135299371,4+,33.75,11.579999999999927,37.78333333333333,2.66834247667041,0.9155379519953527,0.318619857214254,0.07431827935023202,-0.07431827935023202,0.6261710345253286,0.20793305818202873,0.5605495750990694,0.8428009126312943,0.2664389376704886,0.3510352769308671,2.4082284989446157,0.2664389376704886,1.8255415640391157,0.5-1
FULL_2022_202608,2024-06-20 04:34:00,UP,2336.56,2323.66,12.900000000000093,12.648301443716347,1.0198997910829195,SAME_NEAREST,5.079999999999927,12.900000000000093,MULTI_CHILD_ERA4,AMBIGUOUS,2024-06-21 18:20:00,,,2024,,0.19,0.19,0.19,,,,,206,5.0,PRIMARY_CONTINUES,2024-06-20 08:04:00,True,2024-06-18 16:53:00,2325.6,UP,10.960000000000036,0.8665195124239345,4+,32.15000000000009,13.179999999999836,37.766666666666666,2.5418432777764126,1.0420371508893502,0.19212065832025657,0.23481413794698025,-0.2142580181267232,0.4996718356313312,0.33443225707602614,0.45776897599767635,0.7163017137372969,0.392938136564486,0.21030491816127117,2.2817293000506185,0.392938136564486,1.6302584257464758,0.5-1
FULL_2022_202608,2024-06-25 13:08:00,UP,2334.68,2322.66,12.019999999999982,12.486227813533493,0.9626606353419102,OPPOSITE_NEAREST,34.0300000000002,18.009999999999764,MULTI_CHILD_ERA4,AMBIGUOUS,2024-06-25 16:01:00,,,2024,,0.19,0.19,0.19,,,,,207,1.0,CHALLENGE_OPENS,2024-06-25 16:01:00,False,2024-06-25 13:08:00,2334.68,UP,0.0,0.0,1,2.3900000000003274,13.049999999999727,2.8833333333333333,0.19141089171942463,1.0451515217314213,0.19141089171942463,0.12814118274101258,-0.11292441729051209,0.19141089171942463,1.0451515217314213,-0.9650632825182839,0.19141089171942463,1.0451515217314213,-0.9650632825182839,0.19141089171942463,1.0451515217314213,-0.9650632825182839,<=0.5
FULL_2022_202608,2024-06-26 16:32:00,DOWN,2295.48,2318.4,22.920000000000076,12.38835638919332,1.8501243651654853,SAME_NEAREST,7.769999999999982,41.59000000000015,MULTI_CHILD_ERA4,SL,2024-06-27 15:02:00,2318.4,-1.0,2024,-22.920000000000073,0.19,0.19,0.19,-22.920000000000073,-23.110000000000074,-23.30000000000007,-23.490000000000073,208,4.0,CHALLENGE_OPENS,2024-06-28 11:26:00,False,2024-06-25 18:31:00,2316.67,DOWN,21.190000000000055,1.7104771072363267,4+,1.9099999999998545,23.2800000000002,22.5,0.15417703043044487,1.8791839101680947,0.15417703043044487,0.4657599296249905,-0.22601868335356365,0.15417703043044487,0.6958146608955598,-0.5287222771306381,0.15417703043044487,0.6958146608955598,-0.29866754586003214,0.15417703043044487,1.8791839101680947,-1.829944125580347,1-2
FULL_2022_202608,2024-06-26 14:01:00,DOWN,2306.53,2323.77,17.23999999999978,12.379185195836856,1.3926603186934814,SAME_NEAREST,11.050000000000182,30.539999999999964,MULTI_CHILD_ERA4,SL,2024-06-27 15:39:00,2323.77,-1.0,2024,-17.23999999999978,0.19,0.19,0.19,-17.23999999999978,-17.429999999999783,-17.61999999999978,-17.809999999999782,208,3.0,PRIMARY_CONTINUES,2024-06-26 16:32:00,True,2024-06-25 18:31:00,2316.67,DOWN,10.139999999999873,0.819116915983289,3,12.960000000000036,17.45999999999958,25.633333333333333,1.04691866184848,1.4104320861013868,0.17448644364143784,0.5953542081653674,-0.5468857515983157,1.04691866184848,0.9128225986795916,0.8328496453439984,1.04691866184848,0.9128225986795916,0.6858286604239058,1.04691866184848,0.9128225986795916,-0.6640178549686939,0.5-1
FULL_2022_202608,2024-06-25 18:31:00,DOWN,2316.67,2337.07,20.40000000000009,12.489304325680529,1.633397623120895,SAME_NEAREST,10.139999999999873,52.03999999999997,MULTI_CHILD_ERA4,CHALLENGE_OPENS,2024-06-28 11:26:00,2330.86,-0.6955882352941172,2024,-14.190000000000055,0.19,0.19,0.19,-14.190000000000055,-14.380000000000054,-14.570000000000055,-14.760000000000055,208,1.0,PRIMARY_CONTINUES,2024-06-26 04:38:00,True,2024-06-25 18:31:00,2316.67,DOWN,0.0,0.0,1,23.09999999999991,15.210000000000036,64.91666666666667,1.8495826026515865,1.217842051356312,0.08647399181227648,0.6653693258889456,-0.11930208129655719,0.09928495356226899,0.6653693258889456,-0.2474116987962638,0.4916206571550022,0.6653693258889456,-0.31787198842105874,1.8495826026515865,0.6653693258889456,1.1297666893252911,<=0.5
FULL_2022_202608,2024-06-26 04:38:00,DOWN,2315.43,2337.07,21.640000000000327,12.407563445120756,1.744097468912013,SAME_NEAREST,8.899999999999636,21.640000000000327,MULTI_CHILD_ERA4,CHALLENGE_OPENS,2024-06-28 11:26:00,2330.86,-0.713031423290206,2024,-15.430000000000291,0.19,0.19,0.19,-15.430000000000291,-15.62000000000029,-15.810000000000292,-16.00000000000029,208,2.0,PRIMARY_CONTINUES,2024-06-26 14:01:00,True,2024-06-25 18:31:00,2316.67,DOWN,1.2400000000002365,0.0999390416567133,2,21.859999999999673,16.450000000000273,54.8,1.76182858920589,1.3258042219779416,0.39492040654658506,0.49163560814989615,-0.45375548752193506,0.39492040654658506,0.502919048336932,0.036268200601205024,1.6659193476159935,0.502919048336932,1.419295583527704,1.76182858920589,0.502919048336932,1.3781916228463407,<=0.5
FULL_2022_202608,2024-06-28 14:03:00,UP,2337.07,2319.72,17.350000000000364,12.210115178749856,1.4209530169048543,SAME_NEAREST,31.639999999999876,40.58000000000038,MULTI_CHILD_ERA4,AMBIGUOUS,2024-07-01 08:30:00,,,2024,,0.19,0.19,0.19,,,,,209,1.0,CHALLENGE_OPENS,2024-07-01 08:30:00,False,2024-06-28 14:03:00,2337.07,UP,0.0,0.0,1,2.5799999999999272,18.170000000000073,66.45,0.21130021807575472,1.4881104505568166,0.004913958559896942,0.3112173754604376,-0.2743626862611919,0.21130021807575472,1.1670651579765852,-0.9393850780345072,0.21130021807575472,1.169522137256552,-0.8689516720092433,0.21130021807575472,1.169522137256552,-0.8689516720092433,<=0.5
FULL_2022_202608,2024-07-02 16:49:00,UP,2334.33,2318.43,15.900000000000093,12.050866966469783,1.31940714674223,SAME_NEAREST,4.130000000000109,15.900000000000093,MULTI_CHILD_ERA4,CHALLENGE_OPENS,2024-07-05 15:30:00,2354.14,1.245911949685524,2024,19.809999999999945,0.19,0.24,0.19,19.809999999999945,19.619999999999944,19.429999999999946,19.239999999999945,210,1.0,PRIMARY_CONTINUES,2024-07-03 09:43:00,True,2024-07-02 16:49:00,2334.33,UP,0.0,0.0,1,34.17000000000007,13.400000000000091,70.68333333333334,2.8354806417724427,1.1119531928519435,0.204134690628045,0.9418409506618934,-0.9111377654861401,0.204134690628045,1.1119531928519435,-0.8381139737167502,0.204134690628045,1.1119531928519435,-0.41905698685835624,1.9658336670643601,1.1119531928519435,1.9110658232373365,<=0.5
FULL_2022_202608,2024-07-03 09:43:00,UP,2336.79,2326.82,9.9699999999998,11.985672800290017,0.8318264786736509,SAME_NEAREST,1.6700000000000728,17.759999999999764,MULTI_CHILD_ERA4,CHALLENGE_OPENS,2024-07-05 15:30:00,2354.14,1.7402206619859837,2024,17.34999999999991,0.19,0.24,0.19,17.34999999999991,17.159999999999908,16.96999999999991,16.77999999999991,210,2.0,PRIMARY_CONTINUES,2024-07-03 09:55:00,True,2024-07-02 16:49:00,2334.33,UP,2.4600000000000364,0.2052450489004265,2,31.710000000000036,0.9099999999998545,53.78333333333333,2.645658740094486,0.07592398150380304,0.6274157592403173,0.07592398150380304,0.3003586081469536,1.0429118338436152,0.07592398150380304,0.9653191934056639,2.3436314730133843,0.07592398150380304,1.5443438435556436,2.3436314730133843,0.07592398150380304,1.5501841498251436,<=0.5
FULL_2022_202608,2024-07-03 09:55:00,UP,2338.46,2326.82,11.639999999999873,11.985672800290017,0.971159499675164,SAME_NEAREST,1.1900000000000546,19.42999999999984,MULTI_CHILD_ERA4,CHALLENGE_OPENS,2024-07-05 15:30:00,2354.14,1.347079037800688,2024,15.679999999999836,0.19,0.24,0.19,15.679999999999836,15.489999999999837,15.299999999999836,15.109999999999836,210,3.0,PRIMARY_CONTINUES,2024-07-03 09:57:00,True,2024-07-02 16:49:00,2334.33,UP,4.130000000000109,0.34457806990193957,3,30.039999999999964,0.6199999999998909,53.583333333333336,2.506325719092973,0.05172842695863421,0.4880827382388043,0.05172842695863421,0.45554388902289417,0.9202654021835848,0.05172842695863421,0.8101339125297233,2.204298452011871,0.05172842695863421,1.489278098728675,2.204298452011871,0.05172842695863421,1.526822924747068,<=0.5
FULL_2022_202608,2024-07-03 09:57:00,UP,2339.65,2326.82,12.829999999999927,11.985672800290017,1.0704447062570808,OPPOSITE_NEAREST,29.059999999999945,20.61999999999989,MULTI_CHILD_ERA4,CHALLENGE_OPENS,2024-07-05 15:30:00,2354.14,1.1293842556508078,2024,14.489999999999782,0.19,0.24,0.19,14.489999999999782,14.299999999999782,14.109999999999781,13.919999999999781,210,4.0,PRIMARY_CONTINUES,2024-07-05 05:28:00,True,2024-07-02 16:49:00,2334.33,UP,5.320000000000164,0.4438632764838563,4+,28.84999999999991,0.8099999999999454,53.55,2.407040512511056,0.06758068683306172,0.6240784413720208,0.06758068683306172,0.580693309084128,0.8209801956016681,0.06758068683306172,0.6607889379233207,2.1050132454299546,0.06758068683306172,1.3799809385418687,2.1050132454299546,0.06758068683306172,1.350779407194255,<=0.5
FULL_2022_202608,2024-07-05 05:28:00,UP,2361.83,2354.14,7.690000000000055,11.757223203105964,0.654066004119795,SAME_NEAREST,0.6700000000000728,11.349999999999907,MULTI_CHILD_ERA4,AMBIGUOUS,2024-07-05 15:30:00,,,2024,,0.19,0.24,0.19,,,,,210,5.0,PRIMARY_CONTINUES,2024-07-05 05:40:00,True,2024-07-02 16:49:00,2334.33,UP,27.5,2.3389876610265583,4+,6.670000000000073,10.299999999999727,10.033333333333333,0.5673108254199024,0.8760571966753787,0.10886924385870773,0.17351035739978524,-0.11227140772925005,0.3793412715701286,0.19732550449385217,0.22369227449091286,0.5673108254199024,0.8760571966753787,0.06123894967053519,0.5673108254199024,0.8760571966753787,0.06123894967053519,2-3
FULL_2022_202608,2024-07-05 05:40:00,UP,2362.5,2354.14,8.360000000000127,11.757223203105964,0.7110522489520846,SAME_NEAREST,2.380000000000109,12.019999999999982,MULTI_CHILD_ERA4,AMBIGUOUS,2024-07-05 15:30:00,,,2024,,0.19,0.24,0.19,,,,,210,6.0,PRIMARY_CONTINUES,2024-07-05 08:51:00,True,2024-07-02 16:49:00,2334.33,UP,28.170000000000073,2.395973905858848,4+,6.0,10.9699999999998,9.833333333333334,0.5103245805876128,0.9330434415076683,0.051882999026418124,0.2543117493261418,-0.14799412837038914,0.32235502673783895,0.2543117493261418,0.1556489970792157,0.5103245805876128,0.9330434415076683,0.0042527048382455775,0.5103245805876128,0.9330434415076683,0.0042527048382455775,2-3
FULL_2022_202608,2024-07-05 08:51:00,UP,2364.88,2354.14,10.740000000000236,11.735349740866486,0.915183632116212,SAME_NEAREST,3.8299999999999272,14.400000000000093,MULTI_CHILD_ERA4,AMBIGUOUS,2024-07-05 15:30:00,,,2024,,0.19,0.24,0.19,,,,,210,7.0,CHALLENGE_OPENS,2024-07-05 15:30:00,False,2024-07-02 16:49:00,2334.33,UP,30.550000000000182,2.6032458064385313,4+,3.619999999999891,13.349999999999909,6.65,0.3084697158529343,1.1375885929935825,0.12014980645099602,0.11333279615590953,-0.003408505147543238,0.2556378860659754,0.22836984488562945,-0.07839561839357197,0.3084697158529343,1.1375885929935825,-0.198545424844568,0.3084697158529343,1.1375885929935825,-0.198545424844568,2-3
FULL_2022_202608,2024-07-05 15:31:00,UP,2368.71,2350.48,18.230000000000015,11.701708908972783,1.5578921114694102,OPPOSITE_NEAREST,18.96000000000004,18.230000000000015,MULTI_CHILD_ERA4,CHALLENGE_OPENS,2024-07-08 18:53:00,2351.53,-0.9424026330224804,2024,-17.179999999999836,0.19,0.19,0.19,-17.179999999999836,-17.369999999999838,-17.559999999999835,-17.749999999999837,211,1.0,PRIMARY_CONTINUES,2024-07-05 18:33:00,True,2024-07-05 15:31:00,2368.71,UP,0.0,0.0,1,24.190000000000055,17.699999999999818,75.36666666666666,2.067219428219697,1.5125995816241498,0.9665254953767926,0.5648747590133291,0.6810970997482653,1.676678180308811,0.5648747590133291,1.434833162455914,2.067219428219697,0.5648747590133291,1.9270689585098986,2.067219428219697,0.5648747590133291,1.9270689585098986,<=0.5
FULL_2022_202608,2024-07-05 18:33:00,UP,2387.67,2351.53,36.13999999999987,11.772977192811824,3.069741783078092,OPPOSITE_NEAREST,38.81999999999971,37.190000000000055,MULTI_CHILD_ERA4,AMBIGUOUS,2024-07-08 18:53:00,,,2024,,0.19,0.19,0.19,,,,,211,2.0,CHALLENGE_OPENS,2024-07-08 18:53:00,False,2024-07-05 15:31:00,2368.71,UP,18.960000000000036,1.6104677423121452,2,5.230000000000018,36.659999999999854,72.33333333333333,0.4442376736441209,3.1139107295971993,0.05606058596654955,0.4399906595557682,-0.10787415784474637,0.4442376736441209,0.4399906595557682,0.21404951005414394,0.4442376736441209,0.4399906595557682,0.30493561154540216,0.4442376736441209,0.4399906595557682,0.30493561154540216,1-2
FULL_2022_202608,2024-07-09 17:00:00,UP,2368.71,2351.01,17.699999999999818,11.730871040934506,1.5088393639514257,OPPOSITE_NEAREST,24.19000000000005,17.699999999999818,MULTI_CHILD_ERA4,AMBIGUOUS,2024-07-09 18:21:00,,,2024,,0.19,0.19,0.19,,,,,212,1.0,CHALLENGE_OPENS,2024-07-09 18:21:00,False,2024-07-09 17:00:00,2368.71,UP,0.0,0.0,1,2.8200000000001637,19.360000000000127,1.35,0.24039135629058253,1.6503463325480279,0.24039135629058253,1.357955427556283,-1.3230049112161772,0.24039135629058253,1.6503463325480279,-1.603461493555171,0.24039135629058253,1.6503463325480279,-1.603461493555171,0.24039135629058253,1.6503463325480279,-1.603461493555171,<=0.5
FULL_2022_202608,2024-07-17 16:59:00,UP,2482.33,2466.63,15.699999999999818,11.902950822677695,1.3190006607511071,NO_SAME_TARGET,,81.03999999999996,MULTI_CHILD_ERA4,SL,2024-07-17 17:12:00,2466.63,-1.0,2024,-15.699999999999818,0.19,0.19,0.19,-15.699999999999818,-15.889999999999818,-16.079999999999817,-16.26999999999982,213,9.0,CHALLENGE_OPENS,2024-07-18 21:31:00,False,2024-07-10 09:50:00,2371.53,UP,110.79999999999973,9.308616128103441,4+,1.2800000000002,18.329999999999927,0.21666666666666667,0.10753635960265612,1.5399542746221646,0.10753635960265612,1.5399542746221646,-1.3853707576933583,0.10753635960265612,1.5399542746221646,-1.3853707576933583,0.10753635960265612,1.5399542746221646,-1.3853707576933583,0.10753635960265612,1.5399542746221646,-1.3853707576933583,>6
FULL_2022_202608,2024-07-10 09:50:00,UP,2371.53,2363.24,8.290000000000418,11.695812457649906,0.7088006951221384,SAME_NEAREST,21.36999999999989,22.18000000000029,MULTI_CHILD_ERA4,CHALLENGE_OPENS,2024-07-18 21:31:00,2451.46,9.641737032568855,2024,79.92999999999984,0.19,0.19,0.19,79.92999999999984,79.73999999999984,79.54999999999984,79.35999999999984,213,1.0,PRIMARY_CONTINUES,2024-07-11 15:30:00,True,2024-07-10 09:50:00,2371.53,UP,0.0,0.0,1,112.07999999999993,1.6900000000000546,203.68333333333334,9.582916997501231,0.1444961610080087,0.289847328885867,0.06669053584986512,0.09148573507604867,0.3197725693313038,0.06669053584986512,0.07609561141840543,1.2884953528938334,0.1444961610080087,0.10003580377473936,1.2884953528938334,0.1444961610080087,0.7147857432111635,<=0.5
FULL_2022_202608,2024-07-11 15:30:00,UP,2392.9,2370.45,22.450000000000276,11.566347652168306,1.9409757232908045,OPPOSITE_NEAREST,33.58999999999969,23.059999999999945,MULTI_CHILD_ERA4,CHALLENGE_OPENS,2024-07-18 21:31:00,2451.46,2.6084632516703445,2024,58.559999999999945,0.19,0.19,0.19,58.559999999999945,58.36999999999995,58.17999999999994,57.989999999999945,213,2.0,PRIMARY_CONTINUES,2024-07-15 14:10:00,True,2024-07-10 09:50:00,2371.53,UP,21.36999999999989,1.847601390054511,2,90.71000000000004,14.91000000000031,174.01666666666668,7.842579414686271,1.2890845449561754,1.735206359307145,1.2890845449561754,1.3383654430530656,2.7294700928413977,1.2890845449561754,1.7464458623818895,2.7294700928413977,1.2890845449561754,1.6876546155294434,2.7294700928413977,1.2890845449561754,0.3000082743794486,1-2
FULL_2022_202608,2024-07-15 14:10:00,UP,2418.2,2401.29,16.909999999999854,11.709326414813594,1.444147972389499,SAME_NEAREST,6.269999999999982,26.84999999999991,MULTI_CHILD_ERA4,CHALLENGE_OPENS,2024-07-18 21:31:00,2451.46,1.9668835008870789,2024,33.26000000000022,0.19,0.19,0.19,33.26000000000022,33.07000000000022,32.880000000000216,32.69000000000022,213,3.0,PRIMARY_CONTINUES,2024-07-15 17:45:00,True,2024-07-10 09:50:00,2371.53,UP,46.66999999999962,3.9857117605806,3,65.41000000000031,6.739999999999782,79.35,5.5861454094617615,0.5756095407395028,0.17592813856433895,0.14859949568051065,0.04440904468613363,1.51332359968909,0.5756095407395028,1.3732643049097515,1.831019073212963,0.5756095407395028,0.265600248026704,2.143590426196172,0.5756095407395028,1.8378512339339008,3-4
FULL_2022_202608,2024-07-15 17:45:00,UP,2424.47,2401.29,23.17999999999984,11.716996823620184,1.97832263240624,SAME_NEAREST,2.019999999999982,33.11999999999989,MULTI_CHILD_ERA4,CHALLENGE_OPENS,2024-07-18 21:31:00,2451.46,1.1643658326143411,2024,26.990000000000236,0.19,0.19,0.19,26.990000000000236,26.800000000000235,26.610000000000237,26.420000000000236,213,4.0,PRIMARY_CONTINUES,2024-07-15 17:51:00,True,2024-07-10 09:50:00,2371.53,UP,52.9399999999996,4.518222612579219,4+,59.14000000000033,4.769999999999982,75.76666666666667,5.047368441781989,0.40710090408014654,1.1035250921921242,0.07510456930616134,0.8884529164516703,1.294700359516955,0.40710090408014654,0.006827688118777223,1.294700359516955,0.40710090408014654,0.2987113551950772,2.123411004929587,0.40710090408014654,1.9100457512188171,4-6
FULL_2022_202608,2024-07-15 17:51:00,UP,2426.49,2401.29,25.199999999999815,11.716996823620184,2.1507217574045403,SAME_NEAREST,7.420000000000073,35.13999999999987,MULTI_CHILD_ERA4,CHALLENGE_OPENS,2024-07-18 21:31:00,2451.46,0.9908730158730332,2024,24.970000000000255,0.19,0.19,0.19,24.970000000000255,24.780000000000253,24.590000000000256,24.400000000000254,213,5.0,PRIMARY_CONTINUES,2024-07-15 18:03:00,True,2024-07-10 09:50:00,2371.53,UP,54.95999999999958,4.690621737577519,4+,57.120000000000346,6.789999999999964,75.66666666666667,4.874969316783689,0.5795000290784467,0.9311259671938242,0.16727835890920753,0.6127850086573546,1.122301234518655,0.5795000290784467,-0.2611590705419771,1.122301234518655,0.5795000290784467,0.23982254517093898,1.9979522357476713,0.5795000290784467,1.9877107035695638,4-6
FULL_2022_202608,2024-07-15 18:03:00,UP,2433.91,2401.29,32.61999999999989,11.716996823620184,2.7839898304181103,SAME_NEAREST,16.090000000000146,42.559999999999945,MULTI_CHILD_ERA4,CHALLENGE_OPENS,2024-07-18 21:31:00,2451.46,0.5380134886572728,2024,17.550000000000182,0.19,0.19,0.19,17.550000000000182,17.36000000000018,17.170000000000183,16.98000000000018,213,6.0,PRIMARY_CONTINUES,2024-07-16 12:23:00,True,2024-07-10 09:50:00,2371.53,UP,62.379999999999654,5.32388981059109,4+,49.70000000000027,14.210000000000036,75.46666666666667,4.24170124377012,1.2127681020920165,0.2978578941802543,0.22189986385919244,-0.03157805754918456,0.4890331615050851,1.2127681020920165,-1.021592834767147,0.4890331615050851,1.2127681020920165,-0.2654263756161692,1.7120427957752093,1.2127681020920165,1.6190155451573403,4-6
FULL_2022_202608,2024-07-16 12:23:00,UP,2439.64,2425.02,14.61999999999989,11.740155784560066,1.245298637282754,SAME_NEAREST,10.360000000000127,38.34999999999991,MULTI_CHILD_ERA4,CHALLENGE_OPENS,2024-07-18 21:31:00,2451.46,0.8084815321477601,2024,11.820000000000164,0.19,0.19,0.19,11.820000000000164,11.630000000000164,11.440000000000163,11.250000000000163,213,7.0,PRIMARY_CONTINUES,2024-07-16 17:54:00,True,2024-07-10 09:50:00,2371.53,UP,68.10999999999967,5.80145623702658,4+,43.970000000000255,10.329999999999927,57.13333333333333,3.7452654638388108,0.8798861096532731,0.31175054804755803,0.10050973953443616,0.03236754323991696,0.36796785999054316,0.8798861096532731,-0.19250170453206225,2.55448058359168,0.8798861096532731,2.469302838223502,3.636237949767526,0.8798861096532731,2.72824318414276,4-6
FULL_2022_202608,2024-07-16 17:54:00,UP,2450.0,2425.02,24.980000000000015,11.756321585756956,2.1248142812173363,NO_SAME_TARGET,,48.71000000000004,MULTI_CHILD_ERA4,CHALLENGE_OPENS,2024-07-18 21:31:00,2451.46,0.0584467574059261,2024,1.4600000000000364,0.19,0.19,0.19,1.4600000000000364,1.2700000000000364,1.0800000000000365,0.8900000000000363,213,8.0,PRIMARY_CONTINUES,2024-07-17 16:59:00,True,2024-07-10 09:50:00,2371.53,UP,78.4699999999998,6.674706831350033,4+,33.61000000000013,0.40000000000009095,51.61666666666667,2.858887429612285,0.034024247897803325,1.2920708139187922,0.034024247897803325,1.1210989682323507,1.403500225784068,0.034024247897803325,1.2971744511034569,2.750009836339322,0.034024247897803325,2.122262462624984,2.858887429612285,0.034024247897803325,1.4324208364972066,>6
FULL_2022_202608,2024-07-22 15:15:00,DOWN,2393.78,2412.11,18.329999999999927,11.9920361721138,1.5285144021350088,SAME_NEAREST,2.430000000000291,81.06999999999971,MULTI_CHILD_ERA4,AMBIGUOUS,2024-07-24 04:14:00,,,2024,,0.19,0.19,0.19,,,,,214,2.0,PRIMARY_CONTINUES,2024-07-22 15:33:00,True,2024-07-19 16:05:00,2401.29,DOWN,7.5099999999997635,0.6262489449009058,2,9.91000000000031,18.379999999999654,36.983333333333334,0.8263817635111006,1.532683835856031,0.4186111455928941,0.5303519693168683,-0.3702457144287428,0.8263817635111006,0.5303519693168683,0.5095048007116824,0.8263817635111006,0.5303519693168683,-0.21347500651748802,0.8263817635111006,1.5185077612044728,-1.1540992539851684,0.5-1
FULL_2022_202608,2024-07-22 15:33:00,DOWN,2391.35,2412.11,20.76000000000022,11.9920361721138,1.7311488809778093,SAME_NEAREST,21.509999999999764,83.5,MULTI_CHILD_ERA4,AMBIGUOUS,2024-07-24 04:14:00,,,2024,,0.19,0.19,0.19,,,,,214,3.0,CHALLENGE_OPENS,2024-07-24 04:14:00,False,2024-07-19 16:05:00,2401.29,DOWN,9.940000000000055,0.8288834237437062,3,7.480000000000018,20.809999999999945,36.68333333333333,0.6237472846683001,1.7353183146988316,0.21597666675009367,0.7329864481596687,-0.503667593502206,0.6237472846683001,0.7329864481596687,0.03418935651255504,0.6237472846683001,0.7329864481596687,-0.5762157402484139,0.6237472846683001,1.7211422400472733,-1.0473617507264434,0.5-1
FULL_2022_202608,2024-07-25 04:26:00,DOWN,2388.22,2431.96,43.74000000000024,11.965703426940278,3.655447443358947,SAME_NEAREST,4.349999999999909,43.74000000000024,MULTI_CHILD_ERA4,CHALLENGE_OPENS,2024-07-26 16:01:00,2379.31,0.2037037037036992,2024,8.909999999999854,0.19,0.19,0.19,8.909999999999854,8.719999999999855,8.529999999999854,8.339999999999854,215,1.0,PRIMARY_CONTINUES,2024-07-25 04:38:00,True,2024-07-25 04:26:00,2388.22,DOWN,0.0,0.0,1,35.159999999999854,3.6200000000003456,35.583333333333336,2.938398082041595,0.3025313156140965,1.4808991471495077,0.3025313156140965,0.8215145946094649,1.7951305688923145,0.3025313156140965,1.2460613027087581,2.1285835935608404,0.3025313156140965,1.5243566841990408,2.938398082041595,0.3025313156140965,2.100169050105363,<=0.5
FULL_2022_202608,2024-07-25 06:18:00,DOWN,2369.84,2401.12,31.279999999999745,11.965703426940278,2.614137997902751,SAME_NEAREST,20.49000000000024,62.11999999999989,MULTI_CHILD_ERA4,CHALLENGE_OPENS,2024-07-26 16:01:00,2379.31,-0.3027493606138068,2024,-9.4699999999998,0.19,0.19,0.19,-9.4699999999998,-9.6599999999998,-9.8499999999998,-10.0399999999998,215,3.0,CHALLENGE_OPENS,2024-07-26 16:01:00,False,2024-07-25 04:26:00,2388.22,DOWN,18.379999999999654,1.5360567903277509,3,16.7800000000002,12.699999999999818,33.71666666666667,1.402341291713844,1.0613667702482332,0.2590737785645635,0.49809023233697625,-0.42621815183196615,0.3393030777329,0.7371066861093891,-0.015042993594055979,0.9936732990749623,1.0613667702482332,0.2156162415149924,1.402341291713844,1.0613667702482332,-0.5281762195250882,1-2
FULL_2022_202608,2024-07-30 16:33:00,UP,2396.67,2376.41,20.26000000000022,12.1156897231885,1.6722118561045791,SAME_NEAREST,6.400000000000091,20.26000000000022,MULTI_CHILD_ERA4,CHALLENGE_OPENS,2024-08-02 17:43:00,2434.84,1.8840078973346328,2024,38.17000000000007,0.17,0.17,0.17,38.17000000000007,38.00000000000007,37.83000000000007,37.660000000000075,216,1.0,PRIMARY_CONTINUES,2024-07-30 20:01:00,True,2024-07-30 16:33:00,2396.67,UP,0.0,0.0,1,80.92999999999984,13.300000000000182,73.16666666666667,6.67976828798331,1.0977501325859313,0.08748986019105348,0.7535683240984613,-0.22862916295210287,1.1703832240652716,1.0977501325859313,0.8938822508199544,1.3263792955379967,1.0977501325859313,0.8509626967639652,2.3770829938702325,1.0977501325859313,2.1063596529016966,<=0.5
FULL_2022_202608,2024-07-30 20:01:00,UP,2403.07,2376.41,26.66000000000031,12.142213669170786,2.195645763316646,OPPOSITE_NEAREST,28.889999999999876,26.66000000000031,MULTI_CHILD_ERA4,CHALLENGE_OPENS,2024-08-02 17:43:00,2434.84,1.191672918229543,2024,31.769999999999982,0.17,0.17,0.17,31.769999999999982,31.59999999999998,31.429999999999982,31.25999999999998,216,2.0,PRIMARY_CONTINUES,2024-07-31 21:44:00,True,2024-07-30 16:33:00,2396.67,UP,6.400000000000091,0.5270867548847177,2,74.52999999999975,2.1700000000000728,69.7,6.138089975243331,0.17871535282810305,0.6407398364067048,0.17871535282810305,0.15483173424735516,0.7963951437085853,0.17871535282810305,0.628386240589087,1.5129037011300108,0.17871535282810305,1.4519592950964466,2.134701357283045,0.17871535282810305,1.9444559816918492,0.5-1
FULL_2022_202608,2024-07-31 21:44:00,UP,2431.96,2417.32,14.639999999999873,12.074910592045628,1.212431337557398,SAME_NEAREST,42.88999999999987,48.59000000000015,MULTI_CHILD_ERA4,CHALLENGE_OPENS,2024-08-02 17:43:00,2434.84,0.196721311475419,2024,2.880000000000109,0.17,0.17,0.17,2.880000000000109,2.710000000000109,2.5400000000001093,2.3700000000001094,216,3.0,PRIMARY_CONTINUES,2024-08-01 17:00:00,True,2024-07-30 16:33:00,2396.67,UP,35.289999999999964,2.9225889277596244,3,45.63999999999987,1.8800000000001091,43.983333333333334,3.779738131565572,0.15569473460437572,1.5602599999714313,0.15569473460437572,1.2795125795943811,1.5652289808630555,0.15569473460437572,1.2803407430763374,2.1822107749069404,0.15569473460437572,1.1213333545442123,2.507679023308608,0.15569473460437572,0.3445160084862461,2-3
FULL_2022_202608,2024-08-01 17:00:00,UP,2458.31,2430.14,28.170000000000076,12.27073376206503,2.2957062345438235,SAME_NEAREST,16.539999999999964,74.94000000000005,MULTI_CHILD_ERA4,CHALLENGE_OPENS,2024-08-02 17:43:00,2434.84,-0.8331558395456067,2024,-23.4699999999998,0.17,0.17,0.17,-23.4699999999998,-23.6399999999998,-23.8099999999998,-23.9799999999998,216,4.0,PRIMARY_CONTINUES,2024-08-02 08:48:00,True,2024-07-30 16:33:00,2396.67,UP,61.63999999999987,5.0233344798466675,4+,19.289999999999964,24.269999999999982,24.716666666666665,1.5720331297248902,1.9778768304003695,0.32027424571376734,1.2346449930187804,-0.7521962564728248,0.32027424571376734,1.8393358080814461,-1.500317776995078,0.32027424571376734,1.9126810551914426,-0.8173920316817147,1.5720331297248902,1.9126810551914426,0.8671038102785206,4-6
FULL_2022_202608,2024-08-02 08:48:00,UP,2462.24,2434.84,27.39999999999964,12.369189929745565,2.215181443217055,SAME_NEAREST,12.610000000000127,32.09999999999991,MULTI_CHILD_ERA4,AMBIGUOUS,2024-08-02 17:43:00,,,2024,,0.17,0.17,0.17,,,,,216,5.0,PRIMARY_CONTINUES,2024-08-02 15:35:00,True,2024-07-30 16:33:00,2396.67,UP,65.56999999999971,5.3010747164869905,4+,15.360000000000127,28.199999999999818,8.916666666666666,1.2417951448107551,2.2798582736759623,0.4980115945335008,0.11075907216084536,0.10752523063794042,0.4980115945335008,0.16815975919311582,0.04931608322491617,1.2417951448107551,2.2798582736759623,-2.1100815937213753,1.2417951448107551,2.2798582736759623,-2.1100815937213753,4-6
FULL_2022_202608,2024-08-02 15:35:00,UP,2474.85,2434.84,40.00999999999976,12.360361096802531,3.236960448538177,SAME_NEAREST,8.760000000000218,44.71000000000004,MULTI_CHILD_ERA4,AMBIGUOUS,2024-08-02 17:43:00,,,2024,,0.17,0.17,0.17,,,,,216,6.0,CHALLENGE_OPENS,2024-08-02 17:43:00,False,2024-07-30 16:33:00,2396.67,UP,78.17999999999984,6.325057932184846,4+,2.75,40.809999999999945,2.1333333333333333,0.22248540948462986,3.301683476751903,0.22248540948462986,1.54607133645502,-0.4530611974959662,0.22248540948462986,3.301683476751903,-3.13178552769092,0.22248540948462986,3.301683476751903,-3.13178552769092,0.22248540948462986,3.301683476751903,-3.13178552769092,>6
FULL_2022_202608,2024-08-05 13:56:00,DOWN,2410.71,2458.7,47.98999999999978,13.090808524611122,3.665930940000926,SAME_NEAREST,27.340000000000146,66.88999999999987,MULTI_CHILD_ERA4,CHALLENGE_OPENS,2024-08-08 14:05:00,2406.99,0.0775161491977552,2024,3.7200000000002547,0.17,0.17,0.17,3.7200000000002547,3.5500000000002547,3.380000000000255,3.210000000000255,217,2.0,PRIMARY_CONTINUES,2024-08-05 14:46:00,True,2024-08-02 17:51:00,2430.14,DOWN,19.429999999999836,1.4842475133198105,2,46.48000000000002,7.550000000000182,72.15,3.5505828316575094,0.5767405417171866,2.1022383719280238,0.24597411183167955,1.8478614177666806,3.5505828316575094,0.24597411183167955,1.2061898216839915,3.5505828316575094,0.24597411183167955,0.12909821397378188,3.5505828316575094,0.5767405417171866,-0.16423737280688394,1-2
FULL_2022_202608,2024-08-08 17:10:00,UP,2418.26,2380.18,38.08000000000038,13.59317338599071,2.801406185199263,OPPOSITE_NEAREST,40.4399999999996,38.08000000000038,MULTI_CHILD_ERA4,CHALLENGE_OPENS,2024-08-14 05:31:00,2458.45,1.055409663865525,2024,40.1899999999996,0.17,0.17,0.17,40.1899999999996,40.0199999999996,39.849999999999596,39.6799999999996,218,1.0,PRIMARY_CONTINUES,2024-08-12 09:53:00,True,2024-08-08 17:10:00,2418.26,UP,0.0,0.0,1,58.66999999999962,6.420000000000073,132.35,4.316137103089234,0.472295895718994,0.44434068693811124,0.472295895718994,-0.167731252685263,0.4884804902763278,0.472295895718994,0.43404139949250176,0.7820101824754963,0.472295895718994,0.5370342739483627,1.093931459398958,0.472295895718994,0.7275710916917036,<=0.5
FULL_2022_202608,2024-08-12 09:53:00,UP,2436.96,2423.75,13.210000000000036,13.451138512451289,0.9820730035433032,OPPOSITE_NEAREST,21.73999999999978,20.110000000000127,MULTI_CHILD_ERA4,CHALLENGE_OPENS,2024-08-14 05:31:00,2458.45,1.6267978803936205,2024,21.48999999999978,0.17,0.17,0.17,21.48999999999978,21.31999999999978,21.149999999999782,20.97999999999978,218,2.0,PRIMARY_CONTINUES,2024-08-12 18:14:00,True,2024-08-08 17:10:00,2418.26,UP,18.699999999999818,1.3902168937365285,2,39.9699999999998,1.4299999999998363,43.63333333333333,2.9714956814250963,0.10631070363866456,0.286221125181046,0.10631070363866456,0.24012837255449496,0.6029229416151621,0.10631070363866456,0.49289508050660025,2.52543678503904,0.10631070363866456,2.516515607111327,2.9714956814250963,0.10631070363866456,2.025107389592679,1-2
FULL_2022_202608,2024-08-12 18:14:00,UP,2458.7,2439.6,19.09999999999991,13.415421267822582,1.4237346422964752,SAME_NEAREST,18.90000000000009,34.94999999999982,MULTI_CHILD_ERA4,CHALLENGE_OPENS,2024-08-14 05:31:00,2458.45,-0.0130890052356021,2024,-0.25,0.17,0.17,0.17,-0.25,-0.42000000000000004,-0.5900000000000001,-0.76,218,3.0,CHALLENGE_OPENS,2024-08-14 05:31:00,False,2024-08-08 17:10:00,2418.26,UP,40.4399999999996,3.0144413054695893,3,18.230000000000018,4.079999999999927,35.28333333333333,1.3588839020452823,0.30412760945390277,0.5493677651165216,0.30412760945390277,0.43606532237879253,0.940708439046183,0.30412760945390277,0.8542407853778918,1.3588839020452823,0.30412760945390277,0.3048730202614041,1.3588839020452823,0.30412760945390277,0.9183461148216173,3-4
FULL_2022_202608,2024-08-14 11:42:00,UP,2475.56,2455.22,20.340000000000146,13.366832406421675,1.5216768925918778,SAME_NEAREST,1.3699999999998909,51.809999999999945,MULTI_CHILD_ERA4,AMBIGUOUS,2024-08-14 16:20:00,,,2024,,0.17,0.17,0.17,,,,,219,1.0,PRIMARY_CONTINUES,2024-08-14 11:44:00,True,2024-08-14 11:42:00,2475.56,UP,0.0,0.0,1,4.170000000000073,22.059999999999945,4.633333333333334,0.31196620659332325,1.6503536013066125,0.22293987905230042,0.33815042057596906,-0.17057145108697486,0.31196620659332325,0.9979926129388261,-0.31944741058836007,0.31196620659332325,1.6503536013066125,-1.604718256936837,0.31196620659332325,1.6503536013066125,-1.604718256936837,<=0.5
FULL_2022_202608,2024-08-14 11:44:00,UP,2477.6,2455.22,22.38000000000011,13.366832406421675,1.674293454090764,SAME_NEAREST,6.010000000000218,53.84999999999991,MULTI_CHILD_ERA4,AMBIGUOUS,2024-08-14 16:20:00,,,2024,,0.17,0.17,0.17,,,,,219,2.0,CHALLENGE_OPENS,2024-08-14 16:20:00,False,2024-08-14 11:42:00,2475.56,UP,2.0399999999999636,0.15261656149888658,2,2.130000000000109,24.09999999999991,4.6,0.1593496450944367,1.802970162805499,0.07032331755341385,0.4907669820748556,-0.30448500259825245,0.1593496450944367,1.1506091744377127,-0.536402326444631,0.1593496450944367,1.802970162805499,-1.7573348184357236,0.1593496450944367,1.802970162805499,-1.7573348184357236,<=0.5
FULL_2022_202608,2024-08-15 16:00:00,DOWN,2438.03,2479.73,41.69999999999982,13.487357926359191,3.091784189882207,SAME_NEAREST,14.2800000000002,41.69999999999982,MULTI_CHILD_ERA4,CHALLENGE_OPENS,2024-08-16 14:18:00,2470.06,-0.7681055155875273,2024,-32.029999999999745,0.17,0.17,0.17,-32.029999999999745,-32.19999999999975,-32.36999999999975,-32.53999999999974,220,1.0,CHALLENGE_OPENS,2024-08-16 14:18:00,False,2024-08-15 16:00:00,2438.03,DOWN,0.0,0.0,1,5.920000000000073,32.75999999999976,22.3,0.4389295540552271,2.4289412484542163,0.4389295540552271,0.9927815420269195,-0.6850859931537421,0.4389295540552271,1.622259905866233,-1.32791018802854,0.4389295540552271,1.7468209955305742,-1.4554370179229479,0.4389295540552271,2.4289412484542163,-2.409663936958565,<=0.5
FULL_2022_202608,2024-08-20 04:06:00,UP,2507.42,2502.0,5.420000000000073,13.539061556279686,0.4003231669691441,SAME_NEAREST,2.6399999999998727,21.820000000000164,MULTI_CHILD_ERA4,SL,2024-08-20 04:13:00,2502.0,-1.0,2024,-5.420000000000073,0.17,0.17,0.17,-5.420000000000073,-5.590000000000073,-5.760000000000073,-5.9300000000000725,221,3.0,PRIMARY_CONTINUES,2024-08-20 10:43:00,True,2024-08-16 15:51:00,2479.73,UP,27.690000000000055,2.0451934489622645,3,0.8099999999999454,5.550000000000182,0.11666666666666667,0.059826893956638476,0.40992501414737875,0.059826893956638476,0.40992501414737875,-0.3995845633400336,0.059826893956638476,0.40992501414737875,-0.3995845633400336,0.059826893956638476,0.40992501414737875,-0.3995845633400336,0.059826893956638476,0.40992501414737875,-0.3995845633400336,2-3
FULL_2022_202608,2024-08-16 15:51:00,UP,2479.73,2451.1,28.63000000000011,13.468016979607116,2.1257769457337954,SAME_NEAREST,3.880000000000109,47.61999999999989,MULTI_CHILD_ERA4,CHALLENGE_OPENS,2024-08-21 17:00:00,2497.29,0.6133426475724721,2024,17.559999999999945,0.17,0.17,0.17,17.559999999999945,17.389999999999944,17.219999999999946,17.049999999999944,221,1.0,PRIMARY_CONTINUES,2024-08-16 15:53:00,True,2024-08-16 15:51:00,2479.73,UP,0.0,0.0,1,51.929999999999836,2.2899999999999636,121.15,3.8558014946543913,0.17003245566644412,1.5117296058379384,0.10023747386449247,1.4567846201640473,1.5117296058379384,0.17003245566644412,1.2644771703055124,2.2215594207598697,0.17003245566644412,2.062664462189488,2.2215594207598697,0.17003245566644412,2.062664462189488,<=0.5
FULL_2022_202608,2024-08-16 15:53:00,UP,2483.61,2451.1,32.51000000000022,13.468016979607116,2.4138668706184383,NO_SAME_TARGET,,51.5,MULTI_CHILD_ERA4,CHALLENGE_OPENS,2024-08-21 17:00:00,2497.29,0.4207936019686172,2024,13.679999999999836,0.17,0.17,0.17,13.679999999999836,13.509999999999836,13.339999999999836,13.169999999999837,221,2.0,PRIMARY_CONTINUES,2024-08-20 04:06:00,True,2024-08-16 15:51:00,2479.73,UP,3.880000000000109,0.2880899248846429,2,48.04999999999973,6.170000000000073,121.11666666666666,3.5677115697697483,0.458122380551087,1.2236396809532954,0.1730024548920562,0.9689622473568056,1.2236396809532954,0.458122380551087,0.9385197552942647,1.9334694958752268,0.458122380551087,1.7745745373048447,1.9334694958752268,0.458122380551087,1.7745745373048447,<=0.5
FULL_2022_202608,2024-08-20 10:43:00,UP,2510.06,2485.6,24.46000000000004,13.5169556587448,1.8095790662874325,NO_SAME_TARGET,,24.46000000000004,MULTI_CHILD_ERA4,CHALLENGE_OPENS,2024-08-21 17:00:00,2497.29,-0.522076860179884,2024,-12.769999999999982,0.17,0.17,0.17,-12.769999999999982,-12.939999999999982,-13.109999999999982,-13.279999999999982,221,4.0,CHALLENGE_OPENS,2024-08-21 17:00:00,False,2024-08-16 15:51:00,2479.73,UP,30.329999999999927,2.2438484497341618,4+,21.59999999999991,16.65000000000009,30.283333333333335,1.5979929612350086,1.2317862409519977,0.8433851739851537,0.042169258699269456,0.6991219205403394,1.191836416921125,0.042169258699269456,1.0231593821240808,1.5979929612350086,0.6895043703106761,0.3018431148999419,1.5979929612350086,0.6895043703106761,-0.014056419566423154,2-3
FULL_2022_202608,2024-08-22 16:21:00,DOWN,2493.41,2509.09,15.680000000000293,13.49030589965359,1.1623161191921474,SAME_NEAREST,7.809999999999945,25.69000000000005,MULTI_CHILD_ERA4,SL,2024-08-23 17:02:00,2509.09,-1.0,2024,-15.680000000000291,0.17,0.17,0.17,-15.680000000000291,-15.850000000000291,-16.02000000000029,-16.190000000000293,222,1.0,PRIMARY_CONTINUES,2024-08-22 16:32:00,True,2024-08-22 16:21:00,2493.41,DOWN,0.0,0.0,1,22.639999999999873,16.480000000000018,24.683333333333334,1.678242151690662,1.2216179620080518,1.5344351828620404,0.1838357127293682,1.5307288176860316,1.678242151690662,0.1838357127293682,0.903611829907658,1.678242151690662,0.1838357127293682,0.28094248034044095,1.678242151690662,0.7724065026774257,-0.5767104213848834,<=0.5
FULL_2022_202608,2024-08-22 16:32:00,DOWN,2485.6,2509.09,23.49000000000024,13.49030589965359,1.741250359682609,OPPOSITE_NEAREST,34.88999999999987,33.5,MULTI_CHILD_ERA4,SL,2024-08-23 17:02:00,2509.09,-1.0,2024,-23.490000000000236,0.17,0.17,0.17,-23.490000000000236,-23.660000000000238,-23.830000000000236,-24.000000000000238,222,2.0,CHALLENGE_OPENS,2024-08-26 10:23:00,False,2024-08-22 16:21:00,2493.41,DOWN,7.809999999999945,0.5789342404904617,2,14.829999999999927,24.289999999999964,24.5,1.0993079112002002,1.8005522024985137,1.0993079112002002,0.34024432315637926,0.6871601036295271,1.0993079112002002,0.34024432315637926,0.2527741050028686,1.0993079112002002,0.4914640223369848,-0.2461026476861,1.0993079112002002,1.3513407431678874,-0.9443818468436197,0.5-1
FULL_2022_202608,2024-08-26 10:31:00,UP,2519.1,2507.86,11.239999999999782,13.357339741393544,0.841484922717638,SAME_NEAREST,0.7699999999999818,48.32999999999993,MULTI_CHILD_ERA4,CHALLENGE_OPENS,2024-08-27 04:48:00,2508.65,-0.9297153024911052,2024,-10.449999999999818,0.17,0.17,0.17,-10.449999999999818,-10.619999999999818,-10.789999999999818,-10.959999999999818,223,1.0,PRIMARY_CONTINUES,2024-08-26 10:36:00,True,2024-08-26 10:31:00,2519.1,UP,0.0,0.0,1,7.7400000000002365,10.599999999999909,18.283333333333335,0.5794566994514986,0.7935711904632616,0.4469452836854636,0.08759229177755488,0.30619869518819653,0.5599917457231379,0.08759229177755488,0.1482331091620081,0.5794566994514986,0.6363542565035643,0.09433016037583881,0.5794566994514986,0.7935711904632616,-0.7928225383967704,<=0.5
FULL_2022_202608,2024-08-26 10:36:00,UP,2519.87,2507.86,12.009999999999764,13.357339741393544,0.8991311318361948,SAME_NEAREST,11.789999999999964,49.09999999999991,MULTI_CHILD_ERA4,CHALLENGE_OPENS,2024-08-27 04:48:00,2508.65,-0.9342214820982532,2024,-11.2199999999998,0.17,0.17,0.17,-11.2199999999998,-11.3899999999998,-11.5599999999998,-11.7299999999998,223,2.0,CHALLENGE_OPENS,2024-08-27 04:48:00,False,2024-08-26 10:31:00,2519.1,UP,0.7699999999999818,0.057646209118556814,2,6.970000000000255,11.36999999999989,18.2,0.5218104903329418,0.8512173995818184,0.3892990745669068,0.05914351325150501,0.2642741794656129,0.5023455366045811,0.05914351325150501,0.16919536702331697,0.5218104903329418,0.6940004656221211,0.028448778526049868,0.5218104903329418,0.8512173995818184,-0.8504687475153273,<=0.5
FULL_2022_202608,2024-08-28 02:04:00,UP,2526.84,2503.45,23.390000000000327,13.231589523610491,1.767739239360708,SAME_NEAREST,4.819999999999709,56.07000000000016,MULTI_CHILD_ERA4,AMBIGUOUS,2024-08-28 09:03:00,,,2024,,0.17,0.17,0.17,,,,,224,1.0,CHALLENGE_OPENS,2024-08-28 09:03:00,False,2024-08-28 02:04:00,2526.84,UP,0.0,0.0,1,2.1599999999998545,23.51000000000022,6.983333333333333,0.16324569290375457,1.7768084445220205,0.16324569290375457,0.20178981483938238,-0.1715591309683078,0.16324569290375457,1.0165067451646719,-0.8963397767771668,0.16324569290375457,1.7768084445220205,-1.6551299419409633,0.16324569290375457,1.7768084445220205,-1.6551299419409633,<=0.5
FULL_2022_202608,2024-09-03 04:27:00,DOWN,2489.96,2503.16,13.199999999999818,12.891316372525274,1.0239450819880915,OPPOSITE_NEAREST,19.19000000000005,17.269999999999982,MULTI_CHILD_ERA4,SL,2024-09-03 11:14:00,2503.16,-1.0,2024,-13.199999999999818,0.17,0.17,0.17,-13.199999999999818,-13.369999999999818,-13.539999999999818,-13.709999999999818,225,4.0,PRIMARY_CONTINUES,2024-09-04 11:54:00,True,2024-08-30 17:05:00,2512.12,DOWN,22.159999999999854,1.7189865921860812,4+,0.3200000000001637,13.329999999999927,6.783333333333333,0.024822911078512228,1.0340293896137405,0.024822911078512228,0.4274195001328954,-0.30020208085559524,0.024822911078512228,0.5430011798421772,-0.37079223423506696,0.024822911078512228,1.0340293896137405,-0.9960193070248049,0.024822911078512228,1.0340293896137405,-0.9960193070248049,1-2
FULL_2022_202608,2024-08-30 17:05:00,DOWN,2512.12,2526.87,14.75,13.064554235460694,1.1290090525985614,SAME_NEAREST,8.579999999999927,16.51000000000022,MULTI_CHILD_ERA4,CHALLENGE_OPENS,2024-09-04 17:01:00,2496.87,1.0338983050847457,2024,15.25,0.17,0.17,0.17,15.25,15.08,14.91,14.74,225,1.0,PRIMARY_CONTINUES,2024-08-30 18:06:00,True,2024-08-30 17:05:00,2512.12,DOWN,0.0,0.0,1,40.26999999999998,6.300000000000182,119.93333333333334,3.082386071060613,0.48222081568617914,0.5748378294925376,0.48222081568617914,0.539628055648783,1.3793046188356648,0.48222081568617914,0.9208121290007054,1.3793046188356648,0.48222081568617914,0.6819980107561368,1.3793046188356648,0.48222081568617914,0.6819980107561368,<=0.5
FULL_2022_202608,2024-08-30 18:06:00,DOWN,2503.54,2526.87,23.329999999999927,13.064554235460694,1.7857478777711426,SAME_NEAREST,9.949999999999818,25.090000000000146,MULTI_CHILD_ERA4,CHALLENGE_OPENS,2024-09-04 17:01:00,2496.87,0.2858979854264935,2024,6.670000000000073,0.17,0.17,0.17,6.670000000000073,6.500000000000073,6.330000000000073,6.160000000000073,225,2.0,PRIMARY_CONTINUES,2024-09-02 05:07:00,True,2024-08-30 17:05:00,2512.12,DOWN,8.579999999999927,0.6567388251725813,2,31.690000000000055,3.7600000000002183,118.91666666666667,2.425647245888032,0.2878016296793788,0.2541227155679599,0.2878016296793788,-0.00918515839401384,0.7225657936630835,0.2878016296793788,0.29775221793954304,0.7225657936630835,0.2878016296793788,0.025259185583555464,0.7225657936630835,0.2878016296793788,0.025259185583555464,0.5-1
FULL_2022_202608,2024-09-02 05:07:00,DOWN,2493.59,2526.87,33.279999999999745,13.0561480940077,2.5489906946807737,SAME_NEAREST,22.820000000000164,33.279999999999745,MULTI_CHILD_ERA4,CHALLENGE_OPENS,2024-09-04 17:01:00,2496.87,-0.0985576923076854,2024,-3.2799999999997453,0.17,0.17,0.17,-3.2799999999997453,-3.4499999999997453,-3.619999999999745,-3.789999999999745,225,3.0,PRIMARY_CONTINUES,2024-09-03 04:27:00,True,2024-08-30 17:05:00,2512.12,DOWN,18.529999999999745,1.4192547347486313,3,21.740000000000236,13.639999999999873,59.9,1.665115916537291,1.0447185419304597,0.2780299345460204,0.16084376378694212,0.13633423787657217,0.2780299345460204,0.4457670024952366,-0.32934675442087485,0.2780299345460204,1.0447185419304597,-0.40747086826024875,0.30253946045642516,1.0447185419304597,0.02297768054100666,1-2
FULL_2022_202608,2024-09-04 11:54:00,DOWN,2473.13,2496.87,23.73999999999978,12.850714170894172,1.8473681450147696,SAME_NEAREST,2.3600000000001278,33.06999999999971,MULTI_CHILD_ERA4,AMBIGUOUS,2024-09-04 17:01:00,,,2024,,0.17,0.17,0.17,,,,,225,5.0,CHALLENGE_OPENS,2024-09-04 17:01:00,False,2024-08-30 17:05:00,2512.12,DOWN,38.98999999999978,3.034072618960663,4+,1.2800000000002,25.029999999999745,5.116666666666666,0.09960535912465446,1.947751671007567,0.09960535912465446,0.7867267037109894,-0.7089100168948653,0.09960535912465446,1.410816531976339,-1.0489689382813547,0.09960535912465446,1.947751671007567,-1.7290867810542625,0.09960535912465446,1.947751671007567,-1.7290867810542625,3-4
FULL_2022_202608,2024-09-06 15:30:00,UP,2523.45,2503.91,19.539999999999964,12.74109031531718,1.5336207119189178,SAME_NEAREST,3.4200000000000728,51.59999999999991,MULTI_CHILD_ERA4,SL,2024-09-06 16:36:00,2503.91,-1.0,2024,-19.539999999999964,0.17,0.17,0.17,-19.539999999999964,-19.709999999999965,-19.879999999999963,-20.049999999999965,226,4.0,PRIMARY_CONTINUES,2024-09-06 15:31:00,True,2024-09-05 08:51:00,2500.2,UP,23.25,1.8248045830150925,4+,5.680000000000291,21.179999999999836,1.1,0.4458017217860755,1.6623381104627681,0.4458017217860755,1.3209230594470482,-1.116074028837602,0.4458017217860755,1.6623381104627681,-1.4739711857644289,0.4458017217860755,1.6623381104627681,-1.4739711857644289,0.4458017217860755,1.6623381104627681,-1.4739711857644289,1-2
FULL_2022_202608,2024-09-06 15:31:00,UP,2526.87,2503.91,22.96000000000004,12.74109031531718,1.8020435796140468,SAME_NEAREST,1.7600000000002185,55.01999999999998,MULTI_CHILD_ERA4,SL,2024-09-06 16:36:00,2503.91,-1.0,2024,-22.960000000000036,0.17,0.17,0.17,-22.960000000000036,-23.130000000000038,-23.300000000000036,-23.470000000000038,226,5.0,PRIMARY_CONTINUES,2024-09-06 15:36:00,True,2024-09-05 08:51:00,2500.2,UP,26.670000000000073,2.0932274507102213,4+,2.2600000000002183,24.59999999999991,1.0833333333333333,0.17737885409094656,1.9307609781578972,0.17737885409094656,1.5893459271421773,-1.3444689250343542,0.17737885409094656,1.9307609781578972,-1.742394053459558,0.17737885409094656,1.9307609781578972,-1.742394053459558,0.17737885409094656,1.9307609781578972,-1.742394053459558,2-3
FULL_2022_202608,2024-09-06 15:36:00,UP,2529.0,2503.91,25.090000000000146,12.74109031531718,1.9692192252838248,SAME_NEAREST,2.6599999999998545,57.15000000000009,MULTI_CHILD_ERA4,SL,2024-09-06 16:36:00,2503.91,-1.0,2024,-25.090000000000146,0.17,0.17,0.17,-25.090000000000146,-25.260000000000147,-25.430000000000145,-25.600000000000147,226,6.0,PRIMARY_CONTINUES,2024-09-12 15:41:00,True,2024-09-05 08:51:00,2500.2,UP,28.800000000000182,2.2604030963799997,4+,0.13000000000010914,26.730000000000018,1.0,0.010203208421168222,2.0979366238276755,0.010203208421168222,2.0979366238276755,-1.9095696991293363,0.010203208421168222,2.0979366238276755,-1.9095696991293363,0.010203208421168222,2.0979366238276755,-1.9095696991293363,0.010203208421168222,2.0979366238276755,-1.9095696991293363,2-3
FULL_2022_202608,2024-09-05 10:46:00,UP,2507.23,2493.77,13.460000000000036,12.839434174530354,1.0483328016666578,SAME_NEAREST,19.639999999999876,35.38000000000011,MULTI_CHILD_ERA4,SL,2024-09-06 19:15:00,2493.77,-1.0,2024,-13.460000000000036,0.17,0.17,0.17,-13.460000000000036,-13.630000000000036,-13.800000000000036,-13.970000000000036,226,3.0,PRIMARY_CONTINUES,2024-09-06 15:30:00,True,2024-09-05 08:51:00,2500.2,UP,7.0300000000002,0.547531916472273,3,21.90000000000009,13.929999999999836,32.483333333333334,1.7056826416418898,1.0849387761676323,0.7305617889772167,0.2492321668152381,0.6355420253788819,0.8614086765552115,0.2492321668152381,0.5716762826324963,1.2632955455447945,0.258578373070837,0.5989360508779074,1.2632955455447945,0.258578373070837,0.9213801666951301,0.5-1
FULL_2022_202608,2024-09-05 08:51:00,UP,2500.2,2491.44,8.759999999999764,12.839434174530354,0.6822730566567347,SAME_NEAREST,6.0,28.34999999999991,MULTI_CHILD_ERA4,SL,2024-09-06 19:22:00,2491.44,-1.0,2024,-8.759999999999764,0.17,0.17,0.17,-8.759999999999764,-8.929999999999763,-9.099999999999763,-9.269999999999763,226,1.0,PRIMARY_CONTINUES,2024-09-05 09:29:00,True,2024-09-05 08:51:00,2500.2,UP,0.0,0.0,1,28.93000000000029,10.009999999999764,34.516666666666666,2.2532145581141627,0.7796293718189427,0.5202721482268619,0.02803861876669038,0.31387676008297394,1.3256035872486216,0.02803861876669038,1.277314854928175,1.8108274620170672,0.02803861876669038,1.0195153323786528,1.8108274620170672,0.02803861876669038,1.6122205790861843,<=0.5
FULL_2022_202608,2024-09-05 09:29:00,UP,2506.2,2491.44,14.759999999999764,12.839434174530354,1.1495833694353328,SAME_NEAREST,1.0300000000002,34.34999999999991,MULTI_CHILD_ERA4,SL,2024-09-06 19:22:00,2491.44,-1.0,2024,-14.759999999999764,0.17,0.17,0.17,-14.759999999999764,-14.929999999999763,-15.099999999999763,-15.269999999999763,226,2.0,PRIMARY_CONTINUES,2024-09-05 10:46:00,True,2024-09-05 08:51:00,2500.2,UP,6.0,0.467310312778598,2,22.93000000000029,16.009999999999764,33.88333333333333,1.7859042453355647,1.2469396845975407,0.05296183544826378,0.2982997496569994,-0.000778850521279246,0.8582932744700236,0.2982997496569994,0.8131199442347649,1.3435171492384692,0.2982997496569994,0.7367925931475924,1.3435171492384692,0.2982997496569994,1.078707971997292,<=0.5
FULL_2022_202608,2024-09-12 15:41:00,UP,2529.13,2510.98,18.15000000000009,12.513734534192055,1.4504063475541786,SAME_NEAREST,2.5299999999997453,28.26000000000022,MULTI_CHILD_ERA4,CHALLENGE_OPENS,2024-09-17 07:39:00,2575.12,2.5338842975206366,2024,45.98999999999978,0.17,0.17,0.17,45.98999999999978,45.81999999999978,45.64999999999978,45.479999999999784,226,7.0,PRIMARY_CONTINUES,2024-09-12 15:45:00,True,2024-09-05 08:51:00,2500.2,UP,28.93000000000029,2.311859814586369,4+,60.460000000000036,7.200000000000273,111.96666666666667,4.831491337362273,0.5753678072942385,1.2977740542302716,0.5753678072942385,1.2386390295917167,2.0793153258049317,0.5753678072942385,1.516733469783923,2.4692868396376877,0.5753678072942385,2.4365228395000753,3.498555917130648,0.5753678072942385,3.2516272331669045,2-3
FULL_2022_202608,2024-09-12 15:45:00,UP,2531.66,2510.98,20.67999999999984,12.513734534192055,1.6525842020617096,NO_SAME_TARGET,,30.789999999999964,MULTI_CHILD_ERA4,CHALLENGE_OPENS,2024-09-17 07:39:00,2575.12,2.1015473887814498,2024,43.460000000000036,0.17,0.17,0.17,43.460000000000036,43.290000000000035,43.12000000000003,42.95000000000004,226,8.0,CHALLENGE_OPENS,2024-09-17 07:39:00,False,2024-09-05 08:51:00,2500.2,UP,31.460000000000036,2.5140376690939,4+,57.93000000000029,9.730000000000018,111.9,4.629313482854743,0.7775456618017694,1.5846588359228162,0.7775456618017694,1.5846588359228162,1.8771374712974012,0.7775456618017694,1.3153547372309484,2.475679815274284,0.7775456618017694,2.2439344484474395,3.2963780626231167,0.7775456618017694,3.1661211840273706,2-3
FULL_2022_202608,2024-09-18 21:00:00,UP,2586.91,2565.71,21.199999999999815,12.3424489317529,1.7176493998253028,SAME_NEAREST,2.680000000000291,21.199999999999815,MULTI_CHILD_ERA4,AMBIGUOUS,2024-09-18 22:01:00,,,2024,,0.17,0.17,0.17,,,,,227,1.0,PRIMARY_CONTINUES,2024-09-18 21:07:00,True,2024-09-18 21:00:00,2586.91,UP,0.0,0.0,1,13.180000000000291,22.730000000000018,1.0166666666666666,1.0678593910234992,1.8416118329259197,1.0678593910234992,1.6633651970949686,-1.0403121836677616,1.0678593910234992,1.8416118329259197,-1.7322332154841837,1.0678593910234992,1.8416118329259197,-1.7322332154841837,1.0678593910234992,1.8416118329259197,-1.7322332154841837,<=0.5
FULL_2022_202608,2024-09-18 21:07:00,UP,2589.59,2565.71,23.88000000000011,12.3424489317529,1.93478621074664,NO_SAME_TARGET,,23.88000000000011,MULTI_CHILD_ERA4,AMBIGUOUS,2024-09-18 22:01:00,,,2024,,0.17,0.17,0.17,,,,,227,2.0,CHALLENGE_OPENS,2024-09-18 22:01:00,False,2024-09-18 21:00:00,2586.91,UP,2.680000000000291,0.2171368109213373,2,10.5,25.41000000000031,0.9,0.850722580102162,2.058748643847257,0.850722580102162,2.058748643847257,-1.9493700264055212,0.850722580102162,2.058748643847257,-1.9493700264055212,0.850722580102162,2.058748643847257,-1.9493700264055212,0.850722580102162,2.058748643847257,-1.9493700264055212,<=0.5
FULL_2022_202608,2024-09-24 06:42:00,UP,2634.83,2623.76,11.069999999999707,12.58213124448037,0.8798191486721285,NO_SAME_TARGET,,21.06999999999971,MULTI_CHILD_ERA4,SL,2024-09-24 10:39:00,2623.76,-1.0,2024,-11.069999999999709,0.17,0.17,0.17,-11.069999999999709,-11.239999999999709,-11.409999999999709,-11.579999999999709,229,3.0,PRIMARY_CONTINUES,2024-09-26 11:07:00,True,2024-09-20 09:34:00,2600.09,UP,34.73999999999978,2.7610584665646214,3,5.200000000000273,11.599999999999909,3.95,0.41328451428142987,0.9219423780123649,0.11762713098778685,0.22571692703062682,0.11047412977905861,0.41328451428142987,0.9219423780123649,-0.8480280321889723,0.41328451428142987,0.9219423780123649,-0.8480280321889723,0.41328451428142987,0.9219423780123649,-0.8480280321889723,2-3
FULL_2022_202608,2024-09-26 13:20:00,UP,2670.5,2657.95,12.550000000000182,12.541540304873555,1.0006745339823482,NO_SAME_TARGET,,20.769999999999985,MULTI_CHILD_ERA4,SL,2024-09-26 16:51:00,2657.95,-1.0,2024,-12.550000000000182,0.17,0.17,0.17,-12.550000000000182,-12.720000000000182,-12.890000000000182,-13.060000000000182,229,5.0,CHALLENGE_OPENS,2024-09-27 17:48:00,False,2024-09-20 09:34:00,2600.09,UP,70.40999999999985,5.614142943242706,4+,15.010000000000218,12.579999999999927,3.5166666666666666,1.1968226896474141,1.0030665846611702,0.763064166550685,0.05820656651849576,0.6163517249150166,1.1968226896474141,1.0030665846611702,-0.9281156633907758,1.1968226896474141,1.0030665846611702,-0.9281156633907758,1.1968226896474141,1.0030665846611702,-0.9281156633907758,4-6
FULL_2022_202608,2024-09-26 11:07:00,UP,2667.42,2655.34,12.079999999999927,12.54182823953765,0.9631769602710848,SAME_NEAREST,3.0799999999999272,17.690000000000055,MULTI_CHILD_ERA4,SL,2024-09-26 16:52:00,2655.34,-1.0,2024,-12.079999999999927,0.17,0.17,0.17,-12.079999999999927,-12.249999999999927,-12.419999999999927,-12.589999999999927,229,4.0,PRIMARY_CONTINUES,2024-09-26 13:20:00,True,2024-09-20 09:34:00,2600.09,UP,67.32999999999993,5.368435822438118,4+,18.090000000000146,12.680000000000291,5.75,1.442373444644385,1.0110168755163669,0.24079424006777123,0.20571163555458147,0.0621918898188084,1.442373444644385,0.20571163555458147,1.035734165059707,1.442373444644385,1.0110168755163669,-0.9312836834409454,1.442373444644385,1.0110168755163669,-0.9312836834409454,4-6
FULL_2022_202608,2024-09-20 09:34:00,UP,2600.09,2584.78,15.309999999999944,12.60895058741596,1.2142168290578994,NO_SAME_TARGET,,53.35000000000037,MULTI_CHILD_ERA4,CHALLENGE_OPENS,2024-09-27 17:48:00,2654.74,3.5695623775310144,2024,54.649999999999636,0.17,0.17,0.17,54.649999999999636,54.479999999999634,54.30999999999963,54.13999999999964,229,1.0,PRIMARY_CONTINUES,2024-09-23 05:36:00,True,2024-09-20 09:34:00,2600.09,UP,0.0,0.0,1,85.42000000000007,2.680000000000291,176.23333333333332,6.774552680478526,0.21254742664111925,0.7629500911519858,0.21254742664111925,0.5091621190432286,0.9977039653526023,0.21254742664111925,0.7169510212072767,2.029510689457308,0.21254742664111925,1.5306587067810067,2.029510689457308,0.21254742664111925,1.7471715704863038,<=0.5
FULL_2022_202608,2024-09-23 05:36:00,UP,2625.68,2602.54,23.139999999999876,12.656601758938685,1.82829486466676,NO_SAME_TARGET,,40.89999999999964,MULTI_CHILD_ERA4,CHALLENGE_OPENS,2024-09-27 17:48:00,2654.74,1.255834053586867,2024,29.059999999999945,0.17,0.17,0.17,29.059999999999945,28.889999999999944,28.719999999999946,28.549999999999944,229,2.0,PRIMARY_CONTINUES,2024-09-24 06:42:00,True,2024-09-20 09:34:00,2600.09,UP,25.58999999999969,2.0218697314962,2,59.83000000000038,11.919999999999618,108.2,4.727177258125044,0.9418009847375625,0.4274449100193513,0.27021471206394354,0.29075735099283684,0.4432469399645985,0.27021471206394354,0.17145202490609435,0.7229428699957263,0.9418009847375625,0.6976596220833308,0.7229428699957263,0.9418009847375625,0.16671141592252017,2-3
FULL_2022_202608,2024-09-30 13:32:00,DOWN,2643.06,2660.55,17.490000000000236,12.65032320050878,1.3825733716666473,SAME_NEAREST,20.509999999999764,31.22000000000025,MULTI_CHILD_ERA4,SL,2024-10-01 16:33:00,2660.55,-1.0,2024,-17.490000000000236,0.17,0.17,0.17,-17.490000000000236,-17.660000000000238,-17.830000000000236,-18.000000000000238,230,2.0,PRIMARY_CONTINUES,2024-10-03 12:10:00,True,2024-09-27 17:59:00,2649.73,DOWN,6.670000000000073,0.527259256090138,2,18.409999999999854,19.079999999999927,27.016666666666666,1.4552987862997389,1.5082618599999527,0.6845674899161123,0.15177477836478145,0.23635759755762822,1.1359393568238596,0.15177477836478145,0.9857455657337096,1.4552987862997389,0.15177477836478145,0.6995868690251308,1.4552987862997389,0.5912892407127734,-0.49168704241090805,0.5-1
FULL_2022_202608,2024-10-03 12:10:00,DOWN,2641.08,2657.45,16.36999999999989,12.61039167974717,1.2981357293041749,SAME_NEAREST,16.429999999999836,22.2800000000002,MULTI_CHILD_ERA4,SL,2024-10-03 19:37:00,2657.45,-1.0,2024,-16.36999999999989,0.17,0.17,0.17,-16.36999999999989,-16.539999999999893,-16.70999999999989,-16.879999999999892,230,3.0,CHALLENGE_OPENS,2024-10-04 05:44:00,False,2024-09-27 17:59:00,2649.73,DOWN,8.650000000000091,0.6859422149347162,3,3.7899999999999636,16.75,7.45,0.3005457797228349,1.3282696069544944,0.009515961363247425,0.5130689168355771,-0.2759628795344277,0.009515961363247425,1.018207865868412,-0.30847574752554113,0.3005457797228349,1.3282696069544944,-1.3235116262728706,0.3005457797228349,1.3282696069544944,-1.3235116262728706,0.5-1
FULL_2022_202608,2024-09-27 17:59:00,DOWN,2649.73,2677.81,28.079999999999927,12.56170146013198,2.235365972445655,SAME_NEAREST,27.17999999999984,35.7800000000002,MULTI_CHILD_ERA4,CHALLENGE_OPENS,2024-10-04 05:44:00,2663.36,-0.4853988603988655,2024,-13.63000000000011,0.17,0.17,0.17,-13.63000000000011,-13.800000000000109,-13.970000000000109,-14.140000000000109,230,1.0,PRIMARY_CONTINUES,2024-09-30 13:32:00,True,2024-09-27 17:59:00,2649.73,DOWN,0.0,0.0,1,25.079999999999927,23.309999999999945,155.75,1.9965448215433408,1.8556403425109769,0.39883132200688204,0.3900745464737871,-0.0007960705029888894,0.530979025506151,0.5174458269550141,0.14488483154741696,0.530979025506151,0.8111958425648649,-0.663922799508445,0.530979025506151,0.8111958425648649,-0.663922799508445,<=0.5
FULL_2022_202608,2024-10-04 15:53:00,DOWN,2637.29,2667.79,30.5,12.552206197795746,2.4298517343792527,SAME_NEAREST,12.639999999999873,35.75,MULTI_CHILD_ERA4,SL,2024-10-04 18:08:00,2667.79,-1.0,2024,-30.5,0.17,0.17,0.17,-30.5,-30.67,-30.84,-31.01,231,1.0,PRIMARY_CONTINUES,2024-10-08 05:30:00,True,2024-10-04 15:53:00,2637.29,DOWN,0.0,0.0,1,5.289999999999964,30.559999999999945,2.25,0.4214398581923331,2.434631770578027,0.4214398581923331,1.3408001537574639,-1.2770663377737674,0.4214398581923331,2.434631770578027,-2.2609571220224085,0.4214398581923331,2.434631770578027,-2.2609571220224085,0.4214398581923331,2.434631770578027,-2.2609571220224085,<=0.5
FULL_2022_202608,2024-10-08 10:03:00,DOWN,2632.0,2648.18,16.179999999999836,12.732859394762071,1.2707279251552732,SAME_NEAREST,7.349999999999909,27.519999999999985,MULTI_CHILD_ERA4,SL,2024-10-08 14:08:00,2648.18,-1.0,2024,-16.179999999999836,0.17,0.17,0.17,-16.179999999999836,-16.349999999999838,-16.519999999999836,-16.689999999999838,231,3.0,PRIMARY_CONTINUES,2024-10-08 17:32:00,True,2024-10-04 15:53:00,2637.29,DOWN,5.289999999999964,0.41546048974483424,3,3.480000000000018,16.210000000000036,4.083333333333333,0.27330860194934603,1.2730840337927833,0.06832715048732758,0.5049926179696095,-0.2418938201160809,0.27330860194934603,1.2267472305887164,-1.145854167368097,0.27330860194934603,1.2730840337927833,-1.262874229696966,0.27330860194934603,1.2730840337927833,-1.262874229696966,<=0.5
FULL_2022_202608,2024-10-08 05:30:00,DOWN,2637.71,2649.03,11.320000000000164,12.72304296679985,0.8897242608972666,SAME_NEAREST,5.710000000000036,21.809999999999945,MULTI_CHILD_ERA4,SL,2024-10-08 14:20:00,2649.03,-1.0,2024,-11.320000000000164,0.17,0.17,0.17,-11.320000000000164,-11.490000000000164,-11.660000000000164,-11.830000000000163,231,2.0,PRIMARY_CONTINUES,2024-10-08 10:03:00,True,2024-10-04 15:53:00,2637.29,DOWN,-0.42000000000007276,-0.03301097081068121,2,9.190000000000055,11.489999999999782,8.833333333333334,0.7223114803574038,0.9030858443206052,0.31596214918789256,0.4550798118900236,-0.3442572670256244,0.31596214918789256,0.6837986810782638,-0.3324676345932332,0.7223114803574038,0.9030858443206052,-0.8787206039603491,0.7223114803574038,0.9030858443206052,-0.8787206039603491,<=0.5
FULL_2022_202608,2024-10-10 15:30:00,DOWN,2604.71,2622.41,17.699999999999818,12.77352952926693,1.3856780899472831,OPPOSITE_NEAREST,19.92999999999984,19.570000000000164,MULTI_CHILD_ERA4,SL,2024-10-10 15:31:00,2622.41,-1.0,2024,-17.699999999999818,0.17,0.17,0.17,-17.699999999999818,-17.86999999999982,-18.039999999999818,-18.20999999999982,231,7.0,CHALLENGE_OPENS,2024-10-10 15:36:00,False,2024-10-04 15:53:00,2637.29,DOWN,32.57999999999993,2.550587128275867,4+,3.0700000000001637,18.980000000000018,0.016666666666666666,0.24034077605301862,1.485885319050832,0.24034077605301862,1.485885319050832,-1.2807736469795459,0.24034077605301862,1.485885319050832,-1.2807736469795459,0.24034077605301862,1.485885319050832,-1.2807736469795459,0.24034077605301862,1.485885319050832,-1.2807736469795459,2-3
FULL_2022_202608,2024-10-08 17:32:00,DOWN,2624.65,2659.52,34.86999999999989,12.786390674925046,2.727118299957959,SAME_NEAREST,2.099999999999909,34.86999999999989,MULTI_CHILD_ERA4,CHALLENGE_OPENS,2024-10-10 15:36:00,2624.28,0.010610840263834,2024,0.36999999999989086,0.17,0.17,0.17,0.36999999999989086,0.19999999999989085,0.029999999999890836,-0.14000000000010915,231,4.0,PRIMARY_CONTINUES,2024-10-08 17:35:00,True,2024-10-04 15:53:00,2637.29,DOWN,12.639999999999873,0.988551055677326,4+,23.01000000000022,2.0399999999999636,46.06666666666667,1.7995696037290916,0.15954463240361785,1.2865241191370607,0.15954463240361785,1.2755749776975709,1.5594705735922574,0.15954463240361785,0.6866675845606969,1.5594705735922574,0.15954463240361785,0.5318154413454166,1.5594705735922574,0.15954463240361785,1.3475264785854841,0.5-1
FULL_2022_202608,2024-10-08 17:35:00,DOWN,2622.55,2659.52,36.9699999999998,12.786390674925046,2.8913554215499144,SAME_NEAREST,8.789999999999964,36.9699999999998,MULTI_CHILD_ERA4,CHALLENGE_OPENS,2024-10-10 15:36:00,2624.28,-0.0467946984041121,2024,-1.7300000000000182,0.17,0.17,0.17,-1.7300000000000182,-1.9000000000000181,-2.070000000000018,-2.240000000000018,231,5.0,PRIMARY_CONTINUES,2024-10-08 18:07:00,True,2024-10-04 15:53:00,2637.29,DOWN,14.739999999999782,1.1527881772692814,4+,20.91000000000031,4.0099999999997635,46.016666666666666,1.6353324821371362,0.3136146940874908,1.395233452000302,0.3136146940874908,1.2122263736549612,1.395233452000302,0.3136146940874908,0.4856726309933776,1.395233452000302,0.3136146940874908,0.4027719886660103,1.395233452000302,0.3136146940874908,1.2724466515720125,1-2
FULL_2022_202608,2024-10-08 18:07:00,DOWN,2613.76,2652.97,39.20999999999958,12.786390674925046,3.066541684581324,SAME_NEAREST,28.980000000000015,45.75999999999976,MULTI_CHILD_ERA4,CHALLENGE_OPENS,2024-10-10 15:36:00,2624.28,-0.2682989033409868,2024,-10.519999999999982,0.17,0.17,0.17,-10.519999999999982,-10.689999999999982,-10.859999999999982,-11.029999999999982,231,6.0,PRIMARY_CONTINUES,2024-10-10 15:30:00,True,2024-10-04 15:53:00,2637.29,DOWN,23.529999999999745,1.8402378433613502,4+,12.120000000000346,10.709999999999582,45.483333333333334,0.9478828160450676,0.8376093201189759,0.7077837859082334,0.21194409500673791,0.014077467565048117,0.7077837859082334,0.3378592215605858,-0.1963024643789462,0.7077837859082334,0.8164931187714393,-0.22523948104037866,0.7077837859082334,0.8227497710225915,-0.11496598511435809,1-2
FULL_2022_202608,2024-10-11 16:40:00,UP,2652.97,2636.18,16.789999999999964,12.825017477178497,1.3091600093237272,SAME_NEAREST,6.550000000000182,51.32999999999993,MULTI_CHILD_ERA4,CHALLENGE_OPENS,2024-10-15 07:02:00,2643.92,-0.5390113162596633,2024,-9.049999999999727,0.17,0.17,0.17,-9.049999999999727,-9.219999999999727,-9.389999999999727,-9.559999999999727,232,1.0,PRIMARY_CONTINUES,2024-10-11 19:06:00,True,2024-10-11 16:40:00,2652.97,UP,0.0,0.0,1,13.7800000000002,9.859999999999673,86.36666666666666,1.0744624734056736,0.7688098684890737,0.10214411031653425,0.510720551582494,0.042884931812286455,0.6565293197442467,0.510720551582494,0.40701698920013124,0.6565293197442467,0.510720551582494,0.3072120569824638,0.6565293197442467,0.510720551582494,0.3072120569824638,<=0.5
FULL_2022_202608,2024-10-11 19:06:00,UP,2659.52,2636.18,23.340000000000146,12.825017477178497,1.8198805609062567,SAME_NEAREST,10.61999999999989,57.88000000000011,MULTI_CHILD_ERA4,CHALLENGE_OPENS,2024-10-15 07:02:00,2643.92,-0.6683804627249277,2024,-15.599999999999909,0.17,0.17,0.17,-15.599999999999909,-15.769999999999909,-15.939999999999909,-16.10999999999991,232,2.0,PRIMARY_CONTINUES,2024-10-14 09:22:00,True,2024-10-11 16:40:00,2652.97,UP,6.550000000000182,0.5107205515825294,2,7.230000000000018,16.409999999999854,83.93333333333334,0.5637419218231442,1.2795304200716031,0.14580876816171723,0.12943452146975587,0.03664712354865343,0.14580876816171723,0.3360619202016203,-0.2947364404552687,0.14580876816171723,0.3797265780468387,-0.20350849460006562,0.14580876816171723,0.3797265780468387,-0.20350849460006562,0.5-1
FULL_2022_202608,2024-10-14 09:22:00,UP,2661.39,2643.11,18.279999999999745,12.842271549635411,1.4234241916897254,SAME_NEAREST,8.75,59.75,MULTI_CHILD_ERA4,CHALLENGE_OPENS,2024-10-15 07:02:00,2643.92,-0.955689277899346,2024,-17.4699999999998,0.17,0.17,0.17,-17.4699999999998,-17.6399999999998,-17.8099999999998,-17.9799999999998,232,3.0,CHALLENGE_OPENS,2024-10-15 07:02:00,False,2024-10-11 16:40:00,2652.97,UP,8.420000000000073,0.6556472480321532,3,5.360000000000127,17.679999999999836,21.666666666666668,0.4173716448280753,1.3767034851791284,0.4173716448280753,0.04594202806873685,0.11135101718362966,0.4173716448280753,0.3558560479224137,-0.14950626083393953,0.4173716448280753,1.3603512379004141,-0.9351928086539117,0.4173716448280753,1.3767034851791284,-1.3330974924359018,0.5-1
FULL_2022_202608,2024-10-15 07:34:00,DOWN,2643.11,2653.29,10.179999999999836,12.774079059894737,0.7969263343578934,OPPOSITE_NEAREST,41.470000000000255,23.639999999999876,MULTI_CHILD_ERA4,SL,2024-10-15 10:32:00,2653.29,-1.0,2024,-10.179999999999836,0.17,0.17,0.17,-10.179999999999836,-10.349999999999836,-10.519999999999836,-10.689999999999836,233,1.0,CHALLENGE_OPENS,2024-10-15 19:08:00,False,2024-10-15 07:34:00,2643.11,DOWN,0.0,0.0,1,5.039999999999964,10.769999999999982,2.966666666666667,0.39454899068406857,0.8431136169975083,0.39454899068406857,0.17300660107377225,0.3679325905188975,0.39454899068406857,0.8431136169975083,-0.7930121578629974,0.39454899068406857,0.8431136169975083,-0.7930121578629974,0.39454899068406857,0.8431136169975083,-0.7930121578629974,<=0.5
FULL_2022_202608,2024-10-17 09:40:00,UP,2685.38,2674.47,10.91000000000031,12.659281097224268,0.8618182909606522,SAME_NEAREST,0.1300000000001091,47.309999999999945,MULTI_CHILD_ERA4,SL,2024-10-17 15:30:00,2674.47,-1.0,2024,-10.91000000000031,0.17,0.17,0.17,-10.91000000000031,-11.08000000000031,-11.250000000000309,-11.420000000000309,234,5.0,PRIMARY_CONTINUES,2024-10-17 09:41:00,True,2024-10-16 05:01:00,2668.88,UP,16.5,1.3033915491155232,4+,3.369999999999891,10.940000000000055,5.833333333333333,0.26620784972843464,0.8641880937772058,0.023698028165715233,0.5134572769242971,-0.4123456900838402,0.19748356804780656,0.6651246571850182,0.030807436615447766,0.26620784972843464,0.8641880937772058,-0.7780852581083507,0.26620784972843464,0.8641880937772058,-0.7780852581083507,1-2
FULL_2022_202608,2024-10-17 09:41:00,UP,2685.51,2674.47,11.040000000000418,12.659281097224268,0.8720874364991468,NO_SAME_TARGET,,47.440000000000055,MULTI_CHILD_ERA4,SL,2024-10-17 15:30:00,2674.47,-1.0,2024,-11.040000000000418,0.18,0.17,0.18,-11.040000000000418,-11.220000000000418,-11.400000000000418,-11.580000000000418,234,6.0,PRIMARY_CONTINUES,2024-10-18 04:06:00,True,2024-10-16 05:01:00,2668.88,UP,16.63000000000011,1.313660694654018,4+,3.2399999999997817,11.070000000000164,5.816666666666666,0.2559387041899401,0.8744572393157004,0.01342888262722067,0.5237264224627917,-0.38785772764591653,0.187214422509312,0.6753938027235128,0.09321224411855177,0.2559387041899401,0.8744572393157004,-0.7883544036468453,0.2559387041899401,0.8744572393157004,-0.7883544036468453,1-2
FULL_2022_202608,2024-10-16 05:01:00,UP,2668.88,2645.57,23.309999999999945,12.757807674684532,1.8271164289656328,SAME_NEAREST,1.2599999999997635,30.809999999999945,MULTI_CHILD_ERA4,CHALLENGE_OPENS,2024-10-23 16:14:00,2737.87,2.959673959673957,2024,68.98999999999978,0.17,0.17,0.17,68.98999999999978,68.81999999999978,68.64999999999978,68.47999999999978,234,1.0,PRIMARY_CONTINUES,2024-10-16 08:53:00,True,2024-10-16 05:01:00,2668.88,UP,0.0,0.0,1,89.53999999999996,3.6100000000001273,179.21666666666667,7.018447235074349,0.28296397720146643,0.09170854662762455,0.2649358013686852,-0.07446420452672045,0.13011639948874695,0.28296397720146643,0.006270669854874218,1.2933256575689838,0.28296397720146643,0.5510351134975531,1.2933256575689838,0.28296397720146643,1.0997187257995462,<=0.5
FULL_2022_202608,2024-10-16 08:53:00,UP,2670.14,2658.68,11.460000000000036,12.74193096538073,0.8993927240020649,SAME_NEAREST,2.900000000000091,32.06999999999971,MULTI_CHILD_ERA4,CHALLENGE_OPENS,2024-10-23 16:14:00,2737.87,5.910122164048849,2024,67.73000000000002,0.17,0.17,0.17,67.73000000000002,67.56000000000002,67.39000000000001,67.22000000000001,234,2.0,PRIMARY_CONTINUES,2024-10-16 09:13:00,True,2024-10-16 05:01:00,2668.88,UP,1.2599999999997635,0.09888611101591498,2,88.2800000000002,3.4600000000000364,175.35,6.92830625435447,0.27154440009137587,0.5925318556907271,0.24721527753984096,0.5470128522072079,0.9872914893495529,0.24721527753984096,0.8530889101136759,1.1960510570498812,0.27154440009137587,0.4151647041859403,1.1960510570498812,0.27154440009137587,1.0124054223059933,<=0.5
FULL_2022_202608,2024-10-16 09:13:00,UP,2673.04,2658.68,14.360000000000127,12.74193096538073,1.126987741419697,SAME_NEAREST,1.2400000000002365,34.9699999999998,MULTI_CHILD_ERA4,CHALLENGE_OPENS,2024-10-23 16:14:00,2737.87,4.51462395543171,2024,64.82999999999993,0.17,0.17,0.17,64.82999999999993,64.65999999999993,64.48999999999992,64.31999999999992,234,3.0,PRIMARY_CONTINUES,2024-10-16 09:14:00,True,2024-10-16 05:01:00,2668.88,UP,4.1599999999998545,0.32648112843354693,3,85.38000000000011,6.360000000000127,175.01666666666668,6.700711236936838,0.4991394175090078,0.3649368382730952,0.10045573182569027,0.2079747572954229,0.7596964719319209,0.10045573182569027,0.34924063017530654,0.9684560396322494,0.4991394175090078,0.22524058620295115,0.9684560396322494,0.4991394175090078,0.7102534164239813,<=0.5
FULL_2022_202608,2024-10-16 09:14:00,UP,2674.28,2658.68,15.600000000000364,12.74193096538073,1.2243042316258723,SAME_NEAREST,11.230000000000018,36.21000000000004,MULTI_CHILD_ERA4,CHALLENGE_OPENS,2024-10-23 16:14:00,2737.87,4.076282051281936,2024,63.58999999999969,0.17,0.17,0.17,63.58999999999969,63.41999999999969,63.24999999999969,63.07999999999969,234,4.0,PRIMARY_CONTINUES,2024-10-17 09:40:00,True,2024-10-16 05:01:00,2668.88,UP,5.400000000000091,0.42379761863972226,4+,84.13999999999987,7.600000000000364,175.0,6.603394746730663,0.5964559077151832,0.2676203480669198,0.19149373879276446,0.1263544751870005,0.6623799817257456,0.19149373879276446,0.23151906944205233,0.871139549426074,0.5964559077151832,0.11850637113812401,0.871139549426074,0.5964559077151832,0.5697723539489318,<=0.5
FULL_2022_202608,2024-10-18 04:06:00,UP,2696.68,2688.83,7.849999999999909,12.592798713577832,0.6233721493170432,NO_SAME_TARGET,,23.62999999999965,MULTI_CHILD_ERA4,CHALLENGE_OPENS,2024-10-23 16:14:00,2737.87,5.247133757961851,2024,41.190000000000055,0.21,0.17,0.21,41.190000000000055,40.980000000000054,40.77000000000005,40.56000000000005,234,7.0,PRIMARY_CONTINUES,2024-10-22 16:35:00,True,2024-10-16 05:01:00,2668.88,UP,27.799999999999727,2.2076109236960293,4+,61.74000000000024,0.7699999999999818,132.13333333333333,4.9028021017624,0.0611460579584863,0.8179277882758894,0.0611460579584863,0.7186647071744483,1.2102154847887892,0.0611460579584863,1.1752748802410775,1.6128265417362113,0.0611460579584863,0.7583699396150247,2.0456135753385163,0.0611460579584863,1.9638207965109131,2-3
FULL_2022_202608,2024-10-22 16:35:00,UP,2740.51,2714.13,26.38000000000011,12.537430210811404,2.104099449124099,NO_SAME_TARGET,,26.38000000000011,MULTI_CHILD_ERA4,CHALLENGE_OPENS,2024-10-23 16:14:00,2737.87,-0.1000758150113842,2024,-2.6400000000003274,0.17,0.17,0.17,-2.6400000000003274,-2.8100000000003273,-2.9800000000003273,-3.150000000000327,234,8.0,CHALLENGE_OPENS,2024-10-23 16:14:00,False,2024-10-16 05:01:00,2668.88,UP,71.63000000000011,5.713292022015118,4+,17.909999999999854,6.770000000000437,23.65,1.4285224084083452,0.5399830656016303,0.12123696598440405,0.5399830656016303,-0.24566437844211528,0.5647090257694619,0.5399830656016303,0.38046074193790264,0.6747794290973814,0.5399830656016303,0.06460654108379067,1.4285224084083452,0.5399830656016303,-0.1850458954498951,4-6
FULL_2022_202608,2024-10-25 11:20:00,DOWN,2722.39,2737.7,15.309999999999944,12.429278011921136,1.2317690524997396,SAME_NEAREST,13.699999999999818,20.800000000000185,MULTI_CHILD_ERA4,SL,2024-10-25 17:13:00,2737.7,-1.0,2024,-15.309999999999945,0.17,0.18,0.18,-15.309999999999945,-15.489999999999945,-15.669999999999945,-15.849999999999945,235,2.0,CHALLENGE_OPENS,2024-10-25 20:51:00,False,2024-10-23 18:12:00,2714.13,DOWN,-8.259999999999764,-0.6645599198986019,2,5.400000000000091,16.070000000000164,5.883333333333334,0.43445805901363355,1.2929150015461195,0.38216218153976383,0.0868916118027194,0.2429746922631747,0.43445805901363355,0.559968164950899,-0.3371072717161329,0.43445805901363355,1.2929150015461195,-1.2929150015461195,0.43445805901363355,1.2929150015461195,-1.2929150015461195,<=0.5
FULL_2022_202608,2024-10-23 18:12:00,DOWN,2714.13,2758.42,44.28999999999997,12.462369841135146,3.5538987018191213,NO_OPPOSITE_TARGET,41.07999999999993,,MULTI_CHILD_ERA4,CHALLENGE_OPENS,2024-10-25 20:51:00,2743.19,-0.6561300519304577,2024,-29.059999999999945,0.17,0.17,0.17,-29.059999999999945,-29.229999999999947,-29.399999999999945,-29.569999999999947,235,1.0,PRIMARY_CONTINUES,2024-10-25 11:20:00,True,2024-10-23 18:12:00,2714.13,DOWN,0.0,0.0,1,5.440000000000055,29.06999999999971,50.65,0.43651408755692545,2.332622155382274,0.43651408755692545,0.6716218589800335,-0.44694549038454473,0.43651408755692545,0.7293957823331393,-0.017653143246771193,0.43651408755692545,1.0078339962711222,-0.6932870802374527,0.43651408755692545,2.331819739780166,-1.5751418269747075,<=0.5
FULL_2022_202608,2024-10-29 03:05:00,UP,2747.66,2739.66,8.0,12.452432643299613,0.6424447518938903,SAME_NEAREST,10.760000000000218,19.84999999999991,MULTI_CHILD_ERA4,CHALLENGE_OPENS,2024-10-31 15:00:00,2770.85,2.898750000000007,2024,23.190000000000055,0.17,0.17,0.17,23.190000000000055,23.020000000000053,22.850000000000055,22.680000000000053,236,1.0,PRIMARY_CONTINUES,2024-10-29 15:37:00,True,2024-10-29 03:05:00,2747.66,UP,0.0,0.0,1,42.350000000000364,1.6599999999998545,59.916666666666664,3.400941905338311,0.13330728601797054,0.6488691994128234,0.06585058706910038,0.6336111365553756,0.8038589958072477,0.06585058706910038,0.6665364300899258,0.8038589958072477,0.13330728601797054,0.3926943545951667,2.5786126229141124,0.13330728601797054,2.412380043361555,<=0.5
FULL_2022_202608,2024-10-29 15:37:00,UP,2758.42,2739.66,18.76000000000022,12.4227605716717,1.5101313344780765,NO_SAME_TARGET,,30.610000000000127,MULTI_CHILD_ERA4,CHALLENGE_OPENS,2024-10-31 15:00:00,2770.85,0.6625799573560603,2024,12.429999999999836,0.17,0.17,0.17,12.429999999999836,12.259999999999836,12.089999999999836,11.919999999999837,236,2.0,PRIMARY_CONTINUES,2024-10-30 20:07:00,True,2024-10-29 03:05:00,2747.66,UP,10.760000000000218,0.8661520873658979,2,31.590000000000146,2.7800000000002,47.38333333333333,2.542913052034227,0.2237827883714982,1.072225446441754,0.2237827883714982,0.8403929174813976,1.1350134230352076,0.2237827883714982,0.8452227618347345,1.784627488559631,0.2237827883714982,1.753233500262886,2.522788700561972,0.2237827883714982,1.0464662765572903,0.5-1
FULL_2022_202608,2024-10-30 20:07:00,UP,2789.76,2770.85,18.91000000000031,12.422579561215985,1.5222281255527983,NO_SAME_TARGET,,43.76000000000022,MULTI_CHILD_ERA4,AMBIGUOUS,2024-10-31 15:00:00,,,2024,,0.17,0.17,0.17,,,,,236,3.0,CHALLENGE_OPENS,2024-10-31 15:00:00,False,2024-10-29 03:05:00,2747.66,UP,42.100000000000364,3.3889901684702437,3,0.25,18.93000000000029,18.883333333333333,0.020124644705880133,1.523838097129267,0.015294729976436687,0.271280210635292,-0.22056610597646528,0.015294729976436687,0.42986241091761135,-0.23022593543527897,0.020124644705880133,0.621449028517599,-0.4306673967058641,0.020124644705880133,1.523838097129267,-1.5198131681880764,3-4
FULL_2022_202608,2024-11-05 04:33:00,DOWN,2731.73,2739.61,7.880000000000109,12.326031416765096,0.6392974132194914,SAME_NEAREST,1.820000000000164,16.420000000000073,MULTI_CHILD_ERA4,SL,2024-11-05 09:05:00,2739.61,-1.0,2024,-7.880000000000109,0.17,0.17,0.17,-7.880000000000109,-8.050000000000109,-8.220000000000109,-8.390000000000109,237,3.0,PRIMARY_CONTINUES,2024-11-05 04:35:00,True,2024-10-31 16:34:00,2746.0,DOWN,14.269999999999982,1.1577124475434017,3,7.079999999999927,8.11999999999989,4.533333333333333,0.5743941225372957,0.658768400424128,0.5743941225372957,0.10465655622501387,0.12412754342968735,0.5743941225372957,0.4413423766388351,-0.34074227608143537,0.5743941225372957,0.658768400424128,-0.6417312866200526,0.5743941225372957,0.658768400424128,-0.6417312866200526,1-2
FULL_2022_202608,2024-11-05 04:35:00,DOWN,2727.81,2739.61,11.800000000000182,12.326031416765096,0.957323537562184,SAME_NEAREST,3.2399999999997817,20.340000000000146,MULTI_CHILD_ERA4,SL,2024-11-05 09:05:00,2739.61,-1.0,2024,-11.800000000000182,0.17,0.17,0.17,-11.800000000000182,-11.970000000000182,-12.140000000000182,-12.310000000000182,237,4.0,CHALLENGE_OPENS,2024-11-05 16:30:00,False,2024-10-31 16:34:00,2746.0,DOWN,18.190000000000055,1.4757385718860943,4+,3.1599999999998545,12.039999999999964,4.5,0.25636799819460304,0.9767945247668207,0.25636799819460304,0.23121797305526234,-0.21823731491883797,0.25636799819460304,0.7593685009815277,-0.7277281467739748,0.25636799819460304,0.9767945247668207,-0.9597574109627452,0.25636799819460304,0.9767945247668207,-0.9597574109627452,1-2
FULL_2022_202608,2024-10-31 16:34:00,DOWN,2746.0,2782.59,36.59000000000015,12.390892720399195,2.952975288032462,SAME_NEAREST,18.19000000000005,44.01000000000022,MULTI_CHILD_ERA4,CHALLENGE_OPENS,2024-11-05 16:30:00,2748.15,-0.0587592238316502,2024,-2.150000000000091,0.17,0.17,0.17,-2.150000000000091,-2.320000000000091,-2.490000000000091,-2.6600000000000907,237,1.0,PRIMARY_CONTINUES,2024-11-04 01:03:00,True,2024-10-31 16:34:00,2746.0,DOWN,0.0,0.0,1,21.34999999999991,16.2199999999998,119.93333333333334,1.7230396938915697,1.3090259407457159,1.1677931789513243,0.24049921722702253,0.7174624299154988,1.1677931789513243,0.24049921722702253,0.012105665296669474,1.1677931789513243,0.40029399914296415,-0.0451944837742009,1.1677931789513243,1.3090259407457159,-0.30829094288834225,<=0.5
FULL_2022_202608,2024-11-04 01:03:00,DOWN,2731.53,2762.22,30.6899999999996,12.438466384737376,2.467345977447652,SAME_NEAREST,3.720000000000255,30.6899999999996,MULTI_CHILD_ERA4,CHALLENGE_OPENS,2024-11-05 16:30:00,2748.15,-0.5415444770283515,2024,-16.61999999999989,0.38,0.17,0.17,-16.61999999999989,-16.789999999999893,-16.95999999999989,-17.129999999999892,237,2.0,PRIMARY_CONTINUES,2024-11-05 04:33:00,True,2024-10-31 16:34:00,2746.0,DOWN,14.4699999999998,1.1633266957858421,2,6.880000000000109,17.23999999999978,39.45,0.5531228519009558,1.3860229602866578,0.13024113663949496,0.7010510564790913,-0.6439700644951243,0.13024113663949496,0.783858692737534,-0.7291895736542774,0.13024113663949496,1.0990100850996707,-0.5241803770921751,0.13024113663949496,1.3361775870048953,-0.47031521564251305,1-2
FULL_2022_202608,2024-11-06 08:26:00,DOWN,2724.57,2749.63,25.059999999999945,12.371371228949856,2.025644492936873,SAME_NEAREST,7.580000000000382,25.359999999999676,MULTI_CHILD_ERA4,CHALLENGE_OPENS,2024-11-13 15:30:00,2617.01,4.292098962490031,2024,107.55999999999995,0.17,0.16,0.16,107.55999999999995,107.39999999999995,107.23999999999995,107.07999999999994,238,1.0,PRIMARY_CONTINUES,2024-11-06 08:29:00,True,2024-11-06 08:26:00,2724.57,DOWN,0.0,0.0,1,134.9300000000003,9.149999999999636,175.06666666666666,10.906632539184892,0.7396108184505861,1.8712557865717832,0.6935367018913909,-0.01050813184681141,1.8712557865717832,0.7396108184505861,-0.08002346560283584,5.841712989008302,0.7396108184505861,4.5799288495532355,6.566774086440238,0.7396108184505861,5.5208108087625325,<=0.5
FULL_2022_202608,2024-11-06 08:29:00,DOWN,2716.99,2749.63,32.64000000000033,12.371371228949856,2.638349411391075,SAME_NEAREST,8.299999999999727,32.940000000000055,MULTI_CHILD_ERA4,CHALLENGE_OPENS,2024-11-13 15:30:00,2617.01,3.063112745097995,2024,99.97999999999956,0.17,0.16,0.16,99.97999999999956,99.81999999999957,99.65999999999957,99.49999999999956,238,2.0,PRIMARY_CONTINUES,2024-11-06 08:35:00,True,2024-11-06 08:26:00,2724.57,DOWN,7.580000000000382,0.6127049184542019,2,127.34999999999991,16.730000000000018,175.01666666666668,10.29392762073069,1.352315736904788,1.2585508681175812,1.3062416203455929,-0.6983866088976568,1.2585508681175812,1.352315736904788,-0.6806036165414466,5.229008070554101,1.352315736904788,3.9567157992521853,5.954069167986036,1.352315736904788,4.920230657823922,0.5-1
FULL_2022_202608,2024-11-06 08:35:00,DOWN,2708.69,2749.63,40.940000000000055,12.371371228949856,3.3092532139200266,SAME_NEAREST,35.63999999999987,41.23999999999978,MULTI_CHILD_ERA4,CHALLENGE_OPENS,2024-11-13 15:30:00,2617.01,2.2393746946751274,2024,91.67999999999984,0.17,0.16,0.16,91.67999999999984,91.51999999999984,91.35999999999984,91.19999999999983,238,3.0,PRIMARY_CONTINUES,2024-11-06 15:30:00,True,2024-11-06 08:26:00,2724.57,DOWN,15.88000000000011,1.2836087209831535,3,119.05000000000018,25.029999999999745,174.91666666666666,9.62302381820174,2.0232195394337396,0.5876470655886297,1.9771454228745444,-1.5665199630134437,0.5876470655886297,2.0232195394337396,-1.4129395744827074,4.558104268025149,2.0232195394337396,3.4596003311132764,5.2831653654570845,2.0232195394337396,4.195977878226376,1-2
FULL_2022_202608,2024-11-11 01:00:00,DOWN,2680.3,2704.07,23.769999999999985,13.094250528412744,1.8153005357902927,OPPOSITE_NEAREST,36.970000000000255,29.98999999999978,MULTI_CHILD_ERA4,CHALLENGE_OPENS,2024-11-13 15:30:00,2617.01,2.6625999158603286,2024,63.289999999999964,0.37,0.16,0.16,63.289999999999964,63.12999999999997,62.96999999999996,62.80999999999997,238,5.0,PRIMARY_CONTINUES,2024-11-11 15:34:00,True,2024-11-06 08:26:00,2724.57,DOWN,44.26999999999998,3.3808731476414096,4+,90.66000000000031,5.799999999999727,62.5,6.9236494141669604,0.44294249506029504,0.09317066275408589,0.44294249506029504,-0.38031959058627257,1.0538976606607655,0.44294249506029504,0.6949615008705233,1.480802582624081,0.44294249506029504,1.4128338204510076,5.326001656121816,0.44294249506029504,4.602019784885298,3-4
FULL_2022_202608,2024-11-11 15:34:00,DOWN,2643.33,2675.31,31.980000000000015,13.060796953253808,2.448548899003664,SAME_NEAREST,5.259999999999764,60.74000000000024,MULTI_CHILD_ERA4,CHALLENGE_OPENS,2024-11-13 15:30:00,2617.01,0.8230143839899842,2024,26.31999999999971,0.17,0.16,0.16,26.31999999999971,26.15999999999971,25.99999999999971,25.83999999999971,238,6.0,PRIMARY_CONTINUES,2024-11-11 15:41:00,True,2024-11-06 08:26:00,2724.57,DOWN,81.24000000000024,6.220141105536526,4+,53.690000000000055,2.9600000000000364,47.93333333333333,4.110775184099649,0.22663241841935364,1.6048025304289197,0.22663241841935364,1.6002086300555587,2.437829798132488,0.22663241841935364,2.185930927659596,2.5090352539196363,0.22663241841935364,1.653038484349263,4.110775184099649,0.22663241841935364,2.5442551567821057,>6
FULL_2022_202608,2024-11-11 15:41:00,DOWN,2638.07,2675.31,37.23999999999978,13.060796953253808,2.85128083173533,SAME_NEAREST,36.43000000000029,66.0,MULTI_CHILD_ERA4,CHALLENGE_OPENS,2024-11-13 15:30:00,2617.01,0.5655209452201951,2024,21.059999999999945,0.17,0.16,0.16,21.059999999999945,20.899999999999945,20.739999999999945,20.579999999999945,238,7.0,PRIMARY_CONTINUES,2024-11-12 09:24:00,True,2024-11-06 08:26:00,2724.57,DOWN,86.5,6.622873038268192,4+,48.43000000000029,2.7199999999998,47.81666666666667,3.7080432513679824,0.20825681692587467,1.287057754604485,0.20825681692587467,1.1859919463904725,2.0350978654008216,0.20825681692587467,1.7839646449901745,2.10630332118797,0.20825681692587467,1.202836247759463,3.7080432513679824,0.20825681692587467,2.4569710496881765,>6
FULL_2022_202608,2024-11-12 09:24:00,DOWN,2601.64,2627.11,25.47000000000025,13.299428429058748,1.9151198967580645,SAME_NEAREST,16.859999999999673,73.67000000000007,MULTI_CHILD_ERA4,CHALLENGE_OPENS,2024-11-13 15:30:00,2617.01,-0.6034550451511658,2024,-15.370000000000346,0.17,0.16,0.16,-15.370000000000346,-15.530000000000346,-15.690000000000346,-15.850000000000346,238,8.0,CHALLENGE_OPENS,2024-11-13 15:30:00,False,2024-11-06 08:26:00,2724.57,DOWN,122.93000000000029,9.243254374105499,4+,12.0,17.059999999999945,30.1,0.9022944154337079,1.282761893941584,0.4804717762184399,0.3624215901992183,-0.011278680192928188,0.9022944154337079,0.3624215901992183,0.4383647034982043,0.9022944154337079,1.1556887637680335,0.07218355323469937,0.9022944154337079,1.1556887637680335,-0.3436237898776828,>6
FULL_2022_202608,2024-11-14 11:30:00,DOWN,2546.74,2565.23,18.49000000000024,13.546678242218182,1.3649102510146147,SAME_NEAREST,45.86999999999989,71.96000000000004,MULTI_CHILD_ERA4,SL,2024-11-14 16:35:00,2565.23,-1.0,2024,-18.490000000000236,0.16,0.16,0.16,-18.490000000000236,-18.650000000000237,-18.810000000000237,-18.970000000000237,239,3.0,CHALLENGE_OPENS,2024-11-18 03:00:00,False,2024-11-13 18:34:00,2589.64,DOWN,42.90000000000009,3.166828002624464,3,9.9699999999998,19.170000000000073,5.083333333333333,0.7359737805632915,1.4151070585154097,0.7359737805632915,0.4008362716608794,0.012549201875173615,0.7359737805632915,0.7566430542401092,-0.4842515547136995,0.7359737805632915,1.4151070585154097,-1.399605103257805,0.7359737805632915,1.4151070585154097,-1.399605103257805,3-4
FULL_2022_202608,2024-11-13 18:34:00,DOWN,2589.64,2618.7,29.059999999999945,13.395065216287882,2.1694556563012557,SAME_NEAREST,4.859999999999673,85.67000000000007,MULTI_CHILD_ERA4,CHALLENGE_OPENS,2024-11-18 03:00:00,2577.42,0.4205092911218108,2024,12.2199999999998,0.16,0.16,0.16,12.2199999999998,12.0599999999998,11.8999999999998,11.7399999999998,239,1.0,PRIMARY_CONTINUES,2024-11-13 18:57:00,True,2024-11-13 18:34:00,2589.64,DOWN,0.0,0.0,1,52.86999999999989,3.2100000000000364,104.43333333333334,3.946975930786213,0.23964049059625334,0.8995850192164344,0.23964049059625334,0.6674099644643282,1.184764668461829,0.23964049059625334,1.099658699838871,2.297861152820104,0.23964049059625334,2.024626200925324,3.946975930786213,0.23964049059625334,0.9421380035279304,<=0.5
FULL_2022_202608,2024-11-13 18:57:00,DOWN,2584.78,2618.7,33.91999999999962,13.395065216287882,2.532275838325461,SAME_NEAREST,38.04000000000042,90.52999999999976,MULTI_CHILD_ERA4,CHALLENGE_OPENS,2024-11-18 03:00:00,2577.42,0.2169811320754779,2024,7.360000000000127,0.16,0.16,0.16,7.360000000000127,7.200000000000127,7.040000000000127,6.880000000000127,239,2.0,PRIMARY_CONTINUES,2024-11-14 11:30:00,True,2024-11-13 18:34:00,2589.64,DOWN,4.859999999999673,0.36282018202420546,2,48.01000000000022,2.0099999999997635,104.05,3.5841557487620075,0.1500552604667935,0.536764837192229,0.1500552604667935,0.0671889225970864,0.8801748860217742,0.1500552604667935,0.8465804247232139,1.9350409707958982,0.1500552604667935,1.4632254254475388,3.5841557487620075,0.1500552604667935,0.9212347831644135,<=0.5
FULL_2022_202608,2024-11-20 03:01:00,UP,2639.4,2620.88,18.519999999999985,13.639940123159224,1.3577772213644044,SAME_NEAREST,35.909999999999854,79.99000000000024,MULTI_CHILD_ERA4,SL,2024-11-20 10:00:00,2620.88,-1.0,2024,-18.519999999999982,0.16,0.16,0.16,-18.519999999999982,-18.679999999999982,-18.839999999999982,-18.999999999999982,240,3.0,PRIMARY_CONTINUES,2024-11-20 16:35:00,True,2024-11-18 15:04:00,2597.27,UP,42.13000000000011,3.088723236289555,3,2.380000000000109,18.570000000000164,6.983333333333333,0.1744875694842027,1.3614429266056822,0.14956077384359276,0.270529046805331,-0.035190770316141436,0.1744875694842027,0.270529046805331,-0.2639307773710441,0.1744875694842027,1.3614429266056822,-1.3335835667720632,0.1744875694842027,1.3614429266056822,-1.3335835667720632,3-4
FULL_2022_202608,2024-11-18 15:04:00,UP,2597.27,2580.38,16.889999999999873,13.759106094596945,1.2275506769027966,SAME_NEAREST,21.42999999999984,37.86000000000013,MULTI_CHILD_ERA4,CHALLENGE_OPENS,2024-11-25 05:26:00,2684.42,5.159857904085301,2024,87.15000000000009,0.16,0.16,0.16,87.15000000000009,86.9900000000001,86.8300000000001,86.67000000000009,240,1.0,PRIMARY_CONTINUES,2024-11-19 04:11:00,True,2024-11-18 15:04:00,2597.27,UP,0.0,0.0,1,124.09000000000015,4.4099999999998545,158.36666666666667,9.01875449951861,0.3205150080012549,0.5887010351043586,0.3205150080012549,0.47895553349850023,1.2900547374200593,0.3205150080012549,0.9957042198678636,1.3038637740459682,0.3205150080012549,1.2617098727668954,3.06197217394407,0.3205150080012549,2.959494586351806,<=0.5
FULL_2022_202608,2024-11-19 04:11:00,UP,2618.7,2580.38,38.31999999999971,13.676668688725838,2.8018518889463366,SAME_NEAREST,56.61000000000013,59.28999999999997,MULTI_CHILD_ERA4,CHALLENGE_OPENS,2024-11-25 05:26:00,2684.42,1.715031315240103,2024,65.72000000000025,0.16,0.16,0.16,65.72000000000025,65.56000000000026,65.40000000000026,65.24000000000025,240,2.0,PRIMARY_CONTINUES,2024-11-20 03:01:00,True,2024-11-18 15:04:00,2597.27,UP,21.429999999999836,1.5669020349718161,2,102.66000000000031,1.4800000000000182,145.25,7.506213854886064,0.10821348631630118,0.4518644225910571,0.10821348631630118,0.45040207818137873,0.49865944370079907,0.10821348631630118,0.20399704515031933,1.513526464018538,0.10821348631630118,0.8708260959643004,1.6626855938058676,0.10821348631630118,1.5508162464653537,1-2
FULL_2022_202608,2024-11-20 16:35:00,UP,2641.78,2618.79,22.99000000000024,13.63913364293511,1.6855909328162313,SAME_NEAREST,33.529999999999745,82.37000000000035,MULTI_CHILD_ERA4,CHALLENGE_OPENS,2024-11-25 05:26:00,2684.42,1.854719443236165,2024,42.63999999999987,0.16,0.16,0.16,42.63999999999987,42.479999999999876,42.31999999999987,42.159999999999876,240,4.0,PRIMARY_CONTINUES,2024-11-22 02:23:00,True,2024-11-18 15:04:00,2597.27,UP,44.51000000000022,3.2634037590104414,4+,79.57999999999993,1.2200000000002547,108.85,5.8346814455639056,0.08944849665229275,0.5124958947535871,0.08944849665229275,0.3445966674308786,0.9949312291568305,0.08944849665229275,0.4846348875995921,1.365922534944127,0.08944849665229275,1.1005097825824695,2.3234613597627294,0.08944849665229275,2.0690463733829154,3-4
FULL_2022_202608,2024-11-22 02:23:00,UP,2673.47,2661.28,12.1899999999996,13.558046262716038,0.8990970943594949,SAME_NEAREST,1.8400000000001453,54.67999999999984,MULTI_CHILD_ERA4,CHALLENGE_OPENS,2024-11-25 05:26:00,2684.42,0.8982772764561634,2024,10.950000000000273,0.16,0.16,0.16,10.950000000000273,10.790000000000273,10.630000000000273,10.470000000000272,240,5.0,PRIMARY_CONTINUES,2024-11-22 03:00:00,True,2024-11-18 15:04:00,2597.27,UP,76.19999999999982,5.620278801492666,4+,47.89000000000033,2.099999999999909,75.05,3.5322198399407645,0.15488957326947658,0.35919629610592246,0.15488957326947658,0.21905811076685944,1.2538679740862932,0.15488957326947658,0.8408291120343446,2.7017166994577098,0.15488957326947658,1.88080196112944,3.1073798675444517,0.15488957326947658,3.093366049010542,4-6
FULL_2022_202608,2024-11-22 03:00:00,UP,2675.31,2661.28,14.029999999999744,13.558046262716038,1.0348098633194338,SAME_NEAREST,28.76000000000022,56.51999999999998,MULTI_CHILD_ERA4,CHALLENGE_OPENS,2024-11-25 05:26:00,2684.42,0.6493228795438555,2024,9.110000000000127,0.16,0.16,0.16,9.110000000000127,8.950000000000127,8.790000000000127,8.630000000000127,240,6.0,PRIMARY_CONTINUES,2024-11-22 11:38:00,True,2024-11-18 15:04:00,2597.27,UP,78.03999999999996,5.755991570452605,4+,46.05000000000018,2.25,74.43333333333334,3.396507070980826,0.16595311421730352,0.3024034525737464,0.16595311421730352,0.20283158404337098,1.2509176965002107,0.16595311421730352,0.8806578594464948,2.5660039304977706,0.16595311421730352,2.0578186162945706,2.9716670985845126,0.16595311421730352,2.957653280050603,4-6
FULL_2022_202608,2024-11-22 11:38:00,UP,2704.07,2661.28,42.78999999999997,13.553582416780383,3.1570988897387475,SAME_NEAREST,6.2199999999998,85.2800000000002,MULTI_CHILD_ERA4,CHALLENGE_OPENS,2024-11-25 05:26:00,2684.42,-0.4592194437952818,2024,-19.65000000000009,0.16,0.16,0.16,-19.65000000000009,-19.81000000000009,-19.97000000000009,-20.13000000000009,240,7.0,PRIMARY_CONTINUES,2024-11-22 20:21:00,True,2024-11-18 15:04:00,2597.27,UP,106.80000000000018,7.879835508859527,4+,17.289999999999964,24.820000000000164,65.8,1.2756774901515047,1.8312501622649289,0.3253752302815478,0.10329372389891418,0.23609994034034654,0.444900825078847,1.0130163065228581,-0.7429769997585822,0.5408164258421316,1.4498011961525294,0.5009745609096986,0.8506975975388407,1.4498011961525294,0.8366791635811277,>6
FULL_2022_202608,2024-11-22 20:21:00,UP,2710.29,2684.42,25.86999999999989,13.689083366713788,1.889827047361336,SAME_NEAREST,39.63999999999987,91.5,MULTI_CHILD_ERA4,AMBIGUOUS,2024-11-25 05:26:00,,,2024,,0.16,0.16,0.16,,,,,240,8.0,CHALLENGE_OPENS,2024-11-25 05:26:00,False,2024-11-18 15:04:00,2597.27,UP,113.01999999999998,8.25621387293309,4+,11.070000000000164,31.039999999999964,57.083333333333336,0.8086735761225505,2.2675002531927344,0.08035600124071535,0.12856960198513792,0.03360341870066822,0.3879003332620267,0.385708805955447,0.3740206603204435,0.3879003332620267,0.385708805955447,0.3740206603204435,0.3879003332620267,0.385708805955447,0.3740206603204435,>6
FULL_2022_202608,2024-11-25 16:15:00,DOWN,2658.17,2688.68,30.509999999999764,13.982890851763296,2.1819522388785817,SAME_NEAREST,39.38000000000011,63.190000000000055,MULTI_CHILD_ERA4,CHALLENGE_OPENS,2024-11-27 07:31:00,2641.86,0.5345788266142272,2024,16.309999999999945,0.16,0.16,0.16,16.309999999999945,16.149999999999945,15.989999999999945,15.829999999999945,241,1.0,PRIMARY_CONTINUES,2024-11-25 20:21:00,True,2024-11-25 16:15:00,2658.17,DOWN,0.0,0.0,1,52.970000000000255,2.4699999999998,39.266666666666666,3.78820092079318,0.17664444542870214,1.9645436906586582,0.17664444542870214,1.7271106708921127,2.5137863387932793,0.17664444542870214,2.509495380604731,3.78820092079318,0.17664444542870214,2.0989937138999237,3.78820092079318,0.17664444542870214,1.8465423404734769,<=0.5
FULL_2022_202608,2024-11-29 04:08:00,UP,2649.63,2620.92,28.71000000000004,14.158425072773085,2.0277679086786216,SAME_NEAREST,8.559999999999945,28.71000000000004,MULTI_CHILD_ERA4,CHALLENGE_OPENS,2024-12-02 02:43:00,2633.99,-0.5447579240682796,2024,-15.640000000000327,0.16,0.16,0.16,-15.640000000000327,-15.800000000000328,-15.960000000000328,-16.120000000000328,242,1.0,PRIMARY_CONTINUES,2024-11-29 04:22:00,True,2024-11-29 04:08:00,2649.63,UP,0.0,0.0,1,16.679999999999836,18.860000000000127,70.58333333333333,1.1780971339867303,1.33206906157015,0.9273630317293795,0.06851044484217264,0.5276010546091563,1.0940482377370728,0.06851044484217264,1.0820412525585459,1.1780971339867303,0.06851044484217264,0.8426078422339112,1.1780971339867303,0.06992303133376218,-0.02966431632341231,<=0.5
FULL_2022_202608,2024-11-29 04:22:00,UP,2658.19,2620.92,37.26999999999998,14.158425072773085,2.632354927079488,OPPOSITE_NEAREST,63.17000000000007,37.26999999999998,MULTI_CHILD_ERA4,CHALLENGE_OPENS,2024-12-02 02:43:00,2633.99,-0.6493158035953926,2024,-24.200000000000273,0.16,0.16,0.16,-24.200000000000273,-24.360000000000273,-24.520000000000273,-24.680000000000273,242,2.0,CHALLENGE_OPENS,2024-12-02 02:43:00,False,2024-11-29 04:08:00,2649.63,UP,8.559999999999945,0.6045870184008661,2,8.11999999999989,27.420000000000073,70.35,0.5735101155858643,1.9366560799710162,0.3227760133285134,0.24084599681622415,0.12218873152260702,0.5735101155858643,0.24084599681622415,0.32772006604906073,0.5735101155858643,0.26344738068168877,0.13984606266749225,0.5735101155858643,0.6745100497346284,-0.6342513347242784,0.5-1
FULL_2022_202608,2024-12-03 15:54:00,UP,2651.71,2634.07,17.639999999999873,14.15148912349493,1.246511928607793,SAME_NEAREST,14.599999999999907,29.88000000000011,MULTI_CHILD_ERA4,CHALLENGE_OPENS,2024-12-04 15:03:00,2635.2,-0.9359410430839192,2024,-16.51000000000022,0.16,0.16,0.16,-16.51000000000022,-16.67000000000022,-16.83000000000022,-16.99000000000022,243,1.0,CHALLENGE_OPENS,2024-12-04 15:03:00,False,2024-12-03 15:54:00,2651.71,UP,0.0,0.0,1,3.8400000000001455,16.679999999999836,23.15,0.2713495354792597,1.1786745447379783,0.2713495354792597,0.3837052025136146,-0.2925487179385568,0.2713495354792597,1.1666616746777259,-0.3328271646112695,0.2713495354792597,1.1666616746777259,-0.6967464634962068,0.2713495354792597,1.1786745447379783,-1.1497023287102561,<=0.5
FULL_2022_202608,2024-12-04 17:26:00,UP,2655.55,2621.83,33.720000000000255,14.112546957332093,2.389363174623927,SAME_NEAREST,10.759999999999764,33.720000000000255,MULTI_CHILD_ERA4,CHALLENGE_OPENS,2024-12-05 17:41:00,2632.38,-0.687129300118621,2024,-23.170000000000073,0.16,0.16,0.16,-23.170000000000073,-23.330000000000073,-23.490000000000073,-23.650000000000073,244,1.0,CHALLENGE_OPENS,2024-12-05 17:41:00,False,2024-12-04 17:26:00,2655.55,UP,0.0,0.0,1,1.6099999999996726,23.38000000000011,24.25,0.11408287992715634,1.6566818215512236,0.11408287992715634,0.29973328080246675,-0.10770557608031728,0.11408287992715634,0.6143469372476117,-0.33020262140415646,0.11408287992715634,0.7759053013681038,-0.5767917034827819,0.11408287992715634,1.4554424557169339,-1.4022982569930924,<=0.5
FULL_2022_202608,2024-12-06 03:08:00,DOWN,2620.92,2654.51,33.590000000000146,14.015198410067942,2.396683872550136,SAME_NEAREST,15.720000000000256,34.529999999999745,MULTI_CHILD_ERA4,CHALLENGE_OPENS,2024-12-09 01:00:00,2645.58,-0.7341470675796293,2024,-24.659999999999854,0.16,0.16,0.16,-24.659999999999854,-24.819999999999855,-24.979999999999855,-25.139999999999855,245,1.0,CHALLENGE_OPENS,2024-12-09 01:00:00,False,2024-12-06 03:08:00,2620.92,DOWN,0.0,0.0,1,7.550000000000182,27.190000000000055,69.86666666666666,0.5387009002010683,1.9400367518498973,0.5387009002010683,0.2789828503027878,0.04495120094393691,0.5387009002010683,1.683172746456023,-1.5140706095716936,0.5387009002010683,1.7595184369480723,-1.1351962016157235,0.5387009002010683,1.7595184369480723,-0.8447971732954402,<=0.5
FULL_2022_202608,2024-12-12 02:26:00,UP,2721.36,2713.19,8.170000000000073,14.065030519741407,0.580873250757104,SAME_NEAREST,28.56999999999971,46.26000000000022,MULTI_CHILD_ERA4,SL,2024-12-12 03:30:00,2713.19,-1.0,2024,-8.170000000000073,0.19,0.16,0.19,-8.170000000000073,-8.360000000000072,-8.550000000000074,-8.740000000000073,246,6.0,CHALLENGE_OPENS,2024-12-13 10:57:00,False,2024-12-09 11:48:00,2655.45,UP,65.91000000000031,4.686090080465186,4+,4.670000000000073,22.370000000000346,1.0666666666666667,0.3320291408856419,1.5904693536641987,0.3320291408856419,0.4706708592426188,-0.39957254213648674,0.3320291408856419,1.5904693536641987,-1.3793073518589685,0.3320291408856419,1.5904693536641987,-1.3793073518589685,0.3320291408856419,1.5904693536641987,-1.3793073518589685,4-6
FULL_2022_202608,2024-12-11 16:03:00,UP,2704.27,2686.65,17.61999999999989,14.04661835896575,1.2543944421151945,SAME_NEAREST,17.090000000000146,29.170000000000076,MULTI_CHILD_ERA4,SL,2024-12-12 16:20:00,2686.65,-1.0,2024,-17.61999999999989,0.16,0.16,0.16,-17.61999999999989,-17.77999999999989,-17.93999999999989,-18.09999999999989,246,5.0,PRIMARY_CONTINUES,2024-12-12 02:26:00,True,2024-12-09 11:48:00,2655.45,UP,48.820000000000164,3.475569617710805,4+,21.76000000000022,18.269999999999982,24.283333333333335,1.5491273019538636,1.300668924940109,0.4399635443968073,0.5567176241396757,0.3944009766922914,1.1169948238812482,0.5567176241396757,1.0543462932875185,1.5491273019538636,0.5567176241396757,0.3744673533215799,1.5491273019538636,0.6051278523257219,-0.38585799524770076,3-4
FULL_2022_202608,2024-12-09 11:48:00,UP,2655.45,2634.57,20.87999999999965,14.124525504556065,1.4782797477525542,SAME_NEAREST,1.7100000000000364,31.42999999999984,MULTI_CHILD_ERA4,CHALLENGE_OPENS,2024-12-13 10:57:00,2675.1,0.9410919540230084,2024,19.65000000000009,0.16,0.16,0.16,19.65000000000009,19.49000000000009,19.33000000000009,19.17000000000009,246,1.0,PRIMARY_CONTINUES,2024-12-09 11:50:00,True,2024-12-09 11:48:00,2655.45,UP,0.0,0.0,1,70.58000000000038,2.169999999999618,95.15,4.996982020899308,0.1536334795317304,0.205316631632309,0.13947371183296378,-0.006371895464428876,0.624445755516187,0.1536334795317304,0.5833824291897316,1.4832356664471706,0.1536334795317304,0.24142403926421216,1.4832356664471706,0.1536334795317304,0.6534732792986746,<=0.5
FULL_2022_202608,2024-12-09 11:50:00,UP,2657.16,2634.57,22.58999999999969,14.124525504556065,1.5993457615771214,SAME_NEAREST,9.150000000000093,33.13999999999987,MULTI_CHILD_ERA4,CHALLENGE_OPENS,2024-12-13 10:57:00,2675.1,0.7941567065073174,2024,17.940000000000055,0.16,0.16,0.16,17.940000000000055,17.780000000000054,17.620000000000054,17.460000000000054,246,2.0,PRIMARY_CONTINUES,2024-12-09 16:00:00,True,2024-12-09 11:48:00,2655.45,UP,1.7100000000000364,0.12106601382456719,2,68.87000000000035,3.8799999999996544,95.11666666666666,4.875916007074741,0.27469949335629756,0.0842506178077418,0.260539725657531,-0.03893936117162427,0.5458590447879518,0.27469949335629756,0.46514836890491773,1.3621696526226035,0.27469949335629756,0.2031926664775101,1.3621696526226035,0.27469949335629756,0.6796688495414411,<=0.5
FULL_2022_202608,2024-12-09 16:00:00,UP,2666.31,2634.57,31.73999999999978,14.147091101588916,2.2435707646241805,OPPOSITE_NEAREST,55.05000000000018,42.28999999999997,MULTI_CHILD_ERA4,CHALLENGE_OPENS,2024-12-13 10:57:00,2675.1,0.2769376181474487,2024,8.789999999999964,0.16,0.16,0.16,8.789999999999964,8.629999999999963,8.469999999999963,8.309999999999963,246,3.0,PRIMARY_CONTINUES,2024-12-10 12:52:00,True,2024-12-09 11:48:00,2655.45,UP,10.860000000000127,0.7676489761757735,3,59.720000000000255,9.61999999999989,90.95,4.221362509872638,0.679998448509279,0.6312251710174449,0.2565898511526804,0.40997827456902153,0.7132208259312685,0.2565898511526804,-0.1767147735211244,0.7132208259312685,0.679998448509279,0.07987507763155595,1.10340704586591,0.679998448509279,1.078666977572959,0.5-1
FULL_2022_202608,2024-12-10 12:52:00,UP,2676.4,2656.69,19.71000000000004,14.035353519040228,1.4043109048348257,SAME_NEAREST,44.96000000000004,52.38000000000011,MULTI_CHILD_ERA4,CHALLENGE_OPENS,2024-12-13 10:57:00,2675.1,-0.0659563673262394,2024,-1.300000000000182,0.16,0.16,0.16,-1.300000000000182,-1.4600000000001818,-1.620000000000182,-1.7800000000001819,246,4.0,PRIMARY_CONTINUES,2024-12-11 16:03:00,True,2024-12-09 11:48:00,2655.45,UP,20.950000000000273,1.492659231673766,4+,49.63000000000011,6.660000000000309,70.08333333333333,3.536070533077241,0.47451601350585265,0.022087081709726966,0.47451601350585265,-0.27359481859796675,0.9932061904311268,0.47451601350585265,0.9404821889304621,1.3636991739491797,0.47451601350585265,1.2475638733463936,1.9856998943554725,0.47451601350585265,1.2746383606034908,1-2
FULL_2022_202608,2024-12-17 08:23:00,DOWN,2648.52,2658.59,10.070000000000164,13.887572540077526,0.7251087237124847,SAME_NEAREST,5.039999999999964,15.820000000000164,MULTI_CHILD_ERA4,CHALLENGE_OPENS,2024-12-20 17:30:00,2626.43,2.193644488579919,2024,22.090000000000146,0.18,0.18,0.18,22.090000000000146,21.910000000000146,21.730000000000146,21.550000000000146,247,1.0,PRIMARY_CONTINUES,2024-12-17 10:57:00,True,2024-12-17 08:23:00,2648.52,DOWN,0.0,0.0,1,66.38999999999987,8.519999999999982,81.11666666666666,4.78053308513118,0.613498145583938,0.15049426341203315,0.4478824490061009,-0.42844060636435766,0.7531913853061065,0.613498145583938,0.4903664755195532,1.113225508301376,0.613498145583938,0.20665958659927686,1.113225508301376,0.613498145583938,0.18937794869551963,<=0.5
FULL_2022_202608,2024-12-17 10:57:00,DOWN,2643.48,2658.59,15.110000000000127,13.887572540077526,1.0880231196917138,SAME_NEAREST,19.46000000000004,20.860000000000127,MULTI_CHILD_ERA4,CHALLENGE_OPENS,2024-12-20 17:30:00,2626.43,1.1283917935142316,2024,17.050000000000182,0.16,0.18,0.18,17.050000000000182,16.870000000000182,16.690000000000182,16.510000000000183,247,2.0,PRIMARY_CONTINUES,2024-12-18 18:49:00,True,2024-12-17 08:23:00,2648.52,DOWN,5.039999999999964,0.3629143959792291,2,61.34999999999991,8.199999999999818,78.55,4.417618689151951,0.5904559617122289,0.39027698932687743,0.18433747097357409,0.22754156573299988,0.5299702290490459,0.18433747097357409,0.06840648336908811,0.750311112322147,0.39675760354077,-0.01512143316580394,0.750311112322147,0.5904559617122289,-0.3996378765247623,<=0.5
FULL_2022_202608,2024-12-18 18:49:00,DOWN,2633.06,2649.42,16.360000000000127,13.727841149896856,1.191738731630286,SAME_NEAREST,9.039999999999964,18.61999999999989,MULTI_CHILD_ERA4,CHALLENGE_OPENS,2024-12-20 17:30:00,2626.43,0.4052567237163849,2024,6.630000000000109,0.16,0.18,0.18,6.630000000000109,6.450000000000109,6.270000000000109,6.090000000000109,247,3.0,PRIMARY_CONTINUES,2024-12-18 21:05:00,True,2024-12-17 08:23:00,2648.52,DOWN,15.460000000000036,1.1261785324574647,3,50.929999999999836,6.929999999999836,46.68333333333333,3.7099788265238267,0.5048135336306616,0.0029137866299002273,0.5048135336306616,-0.33217167580892404,3.3384710312112165,0.5048135336306616,2.996101102197642,3.7099788265238267,0.5048135336306616,1.8589958698780344,3.7099788265238267,0.5048135336306616,2.9829890623630573,1-2
FULL_2022_202608,2024-12-18 21:05:00,DOWN,2624.02,2649.42,25.40000000000009,13.71735314350854,1.8516691765728963,SAME_NEAREST,10.650000000000093,27.65999999999985,MULTI_CHILD_ERA4,CHALLENGE_OPENS,2024-12-20 17:30:00,2626.43,-0.0948818897637734,2024,-2.4099999999998545,0.16,0.18,0.18,-2.4099999999998545,-2.5899999999998546,-2.7699999999998544,-2.9499999999998545,247,4.0,PRIMARY_CONTINUES,2024-12-18 21:47:00,True,2024-12-17 08:23:00,2648.52,DOWN,24.5,1.7860588514187323,4+,41.88999999999987,2.4299999999998363,44.416666666666664,3.053796134119611,0.17714787791621336,1.4908123882250104,0.14871673701608773,1.391667896880974,3.053796134119611,0.14871673701608773,2.6397220820356067,3.053796134119611,0.14871673701608773,0.8288771077808487,3.053796134119611,0.17568987069056674,1.8341730898651039,1-2
FULL_2022_202608,2024-12-18 21:47:00,DOWN,2613.37,2649.42,36.05000000000018,13.71735314350854,2.628058024230434,SAME_NEAREST,8.170000000000073,38.309999999999945,MULTI_CHILD_ERA4,CHALLENGE_OPENS,2024-12-20 17:30:00,2626.43,-0.3622746185852948,2024,-13.059999999999945,0.16,0.18,0.18,-13.059999999999945,-13.239999999999945,-13.419999999999945,-13.599999999999945,247,5.0,PRIMARY_CONTINUES,2024-12-18 21:57:00,True,2024-12-17 08:23:00,2648.52,DOWN,35.15000000000009,2.5624476990762695,4+,31.23999999999978,13.079999999999927,43.71666666666667,2.277407286462074,0.9535367255737506,1.9056154439218547,0.2106820441061519,1.7233645407158615,2.277407286462074,0.2106820441061519,1.931859573983527,2.277407286462074,0.6779733599263076,-0.3805398858941322,2.277407286462074,0.952078718348104,1.0694483000127728,2-3
FULL_2022_202608,2024-12-18 21:57:00,DOWN,2605.2,2649.42,44.220000000000255,13.71735314350854,3.2236539759076246,SAME_NEAREST,45.78999999999997,46.48000000000002,MULTI_CHILD_ERA4,CHALLENGE_OPENS,2024-12-20 17:30:00,2626.43,-0.4800995024875598,2024,-21.230000000000018,0.16,0.18,0.18,-21.230000000000018,-21.410000000000018,-21.590000000000018,-21.770000000000017,247,6.0,CHALLENGE_OPENS,2024-12-20 17:30:00,False,2024-12-17 08:23:00,2648.52,DOWN,43.320000000000164,3.15804365075346,4+,23.06999999999971,21.25,43.55,1.681811334784883,1.5491326772509413,1.3100194922446637,0.29597546680656195,0.882094371517,1.681811334784883,0.29597546680656195,1.189004892515895,1.681811334784883,1.2735693116034983,-0.7785758584960237,1.681811334784883,1.5476746700252948,0.5722678360668118,3-4
FULL_2022_202608,2024-12-23 08:42:00,UP,2631.77,2617.29,14.480000000000018,14.037334354564186,1.0315348793620422,SAME_NEAREST,19.90999999999985,44.80000000000018,MULTI_CHILD_ERA4,SL,2024-12-23 13:07:00,2617.29,-1.0,2024,-14.480000000000018,0.18,0.16,0.18,-14.480000000000018,-14.660000000000018,-14.840000000000018,-15.020000000000017,248,1.0,PRIMARY_CONTINUES,2024-12-26 08:00:00,True,2024-12-23 08:42:00,2631.77,UP,0.0,0.0,1,1.4400000000000546,14.75,4.416666666666667,0.10258357916307978,1.0507693004551177,0.10258357916307978,0.13107901781949624,-0.03348214042126746,0.10258357916307978,0.8064209139764138,-0.782199791118455,0.10258357916307978,1.0507693004551177,-1.0379463530597448,0.10258357916307978,1.0507693004551177,-1.0379463530597448,<=0.5
FULL_2022_202608,2024-12-26 08:00:00,UP,2621.36,2610.02,11.340000000000146,13.684129974343625,0.8286971858102424,SAME_NEAREST,11.849999999999907,13.25,MULTI_CHILD_ERA4,CHALLENGE_OPENS,2024-12-30 10:50:00,2611.55,-0.8650793650793491,2024,-9.809999999999945,0.24,0.16,0.24,-9.809999999999945,-10.049999999999946,-10.289999999999946,-10.529999999999946,248,2.0,PRIMARY_CONTINUES,2024-12-26 17:09:00,True,2024-12-23 08:42:00,2631.77,UP,-10.409999999999854,-0.7607352472913925,2,17.670000000000073,10.090000000000146,98.83333333333333,1.2912768318577472,0.7373504942526771,0.4348102518139972,-0.230193662725071,0.34200201319151224,0.602157390747454,-0.15784708301146208,0.43188715768415775,1.2912768318577472,-0.024846300103635144,0.6028881642799304,1.2912768318577472,-0.024846300103635144,0.747581323707115,<=0.5
FULL_2022_202608,2024-12-26 17:09:00,UP,2633.21,2610.02,23.19000000000005,13.651689151479754,1.698690890386001,SAME_NEAREST,18.4699999999998,23.19000000000005,MULTI_CHILD_ERA4,CHALLENGE_OPENS,2024-12-30 10:50:00,2611.55,-0.934023285899086,2024,-21.659999999999854,0.21,0.16,0.21,-21.659999999999854,-21.869999999999855,-22.079999999999856,-22.289999999999853,248,3.0,CHALLENGE_OPENS,2024-12-30 10:50:00,False,2024-12-23 08:42:00,2631.77,UP,1.4400000000000546,0.10548145244311895,3,5.820000000000164,21.940000000000055,89.68333333333334,0.4263208702909349,1.607127129584686,0.4263208702909349,0.0329629538884601,0.16041970892390797,0.4263208702909349,0.3882303457975892,0.0014650201728197087,0.4263208702909349,0.46221386452503443,-0.06226335734488758,0.4263208702909349,1.5866168471651767,-1.2423371065522455,<=0.5
FULL_2022_202608,2024-12-30 10:52:00,DOWN,2610.02,2628.06,18.039999999999964,13.448437643356987,1.3414197603028657,SAME_NEAREST,1.9099999999998545,28.19000000000005,MULTI_CHILD_ERA4,AMBIGUOUS,2025-01-02 08:00:00,,,2024,,0.16,0.16,0.16,,,,,249,1.0,PRIMARY_CONTINUES,2024-12-30 15:58:00,True,2024-12-30 10:52:00,2610.02,DOWN,0.0,0.0,1,13.989999999999782,24.059999999999945,69.13333333333334,1.0402695369532613,1.7890554009360828,0.05502497908114355,0.5584291795939487,-0.3048681273415542,0.07361449904099483,0.845451367774028,-0.8372719789917178,1.0402695369532613,0.9309631595893506,0.07287091824261836,1.0402695369532613,0.9309631595893506,-0.498942715722411,<=0.5
FULL_2022_202608,2024-12-30 15:58:00,DOWN,2608.11,2628.06,19.949999999999815,13.459168545338336,1.4822609534011386,SAME_NEAREST,21.140000000000327,30.09999999999991,MULTI_CHILD_ERA4,AMBIGUOUS,2025-01-02 08:00:00,,,2024,,0.16,0.16,0.16,,,,,249,2.0,CHALLENGE_OPENS,2025-01-02 08:00:00,False,2024-12-30 10:52:00,2610.02,DOWN,1.9099999999998545,0.14191069779428495,2,12.079999999999927,25.9699999999998,64.03333333333333,0.8975294394529227,1.9295396972344674,0.2035786973593738,0.41755922597064227,-0.26970462460379296,0.8975294394529227,0.41755922597064227,0.23478419111519294,0.8975294394529227,0.41755922597064227,-0.04680824063369492,0.8975294394529227,0.7088105010249092,-0.38338178042855786,<=0.5
FULL_2022_202608,2025-01-03 05:08:00,UP,2664.34,2636.0,28.340000000000146,13.310076365393863,2.1292139295071224,SAME_NEAREST,61.690000000000055,61.7800000000002,MULTI_CHILD_ERA4,SL,2025-01-06 06:22:00,2636.0,-1.0,2025,-28.340000000000146,0.16,0.18,0.16,-28.340000000000146,-28.500000000000146,-28.660000000000146,-28.820000000000146,250,4.0,PRIMARY_CONTINUES,2025-01-07 14:07:00,True,2025-01-02 11:01:00,2638.21,UP,26.13000000000011,1.9631743111510604,4+,0.8599999999996726,29.26000000000022,73.23333333333333,0.06461270216568168,2.1983344946146275,0.06461270216568168,0.19534072747774398,-0.1637856868851843,0.06461270216568168,0.6588992999921429,-0.6348573643025996,0.06461270216568168,1.5792546506083078,-1.3125394265522152,0.06461270216568168,2.081130058128002,-1.811409592110682,1-2
FULL_2022_202608,2025-01-02 17:34:00,UP,2651.68,2631.09,20.58999999999969,13.35074558678694,1.5422359647372317,SAME_NEAREST,12.66000000000031,49.11999999999989,MULTI_CHILD_ERA4,SL,2025-01-06 08:23:00,2631.09,-1.0,2025,-20.58999999999969,0.16,0.16,0.16,-20.58999999999969,-20.74999999999969,-20.90999999999969,-21.06999999999969,250,3.0,PRIMARY_CONTINUES,2025-01-03 05:08:00,True,2025-01-02 11:01:00,2638.21,UP,13.4699999999998,1.0089324159791409,3,13.519999999999982,20.98999999999978,86.81666666666666,1.0126775251698714,1.572196838262974,0.471134736192194,0.12808273432252362,0.3220793904016743,0.659139217566203,0.12808273432252362,0.3056009099625346,1.0126775251698714,0.12808273432252362,0.8801006598184915,1.0126775251698714,0.8059474978422775,-0.5370486579487871,1-2
FULL_2022_202608,2025-01-10 08:57:00,UP,2678.29,2668.34,9.949999999999818,12.987720023843902,0.7661082916580283,OPPOSITE_NEAREST,47.74000000000024,33.059999999999945,MULTI_CHILD_ERA4,SL,2025-01-10 15:30:00,2668.34,-1.0,2025,-9.949999999999818,0.2,0.24,0.2,-9.949999999999818,-10.149999999999817,-10.349999999999818,-10.549999999999818,250,9.0,CHALLENGE_OPENS,2025-01-13 12:04:00,False,2025-01-02 11:01:00,2638.21,UP,40.07999999999993,3.085991992930078,4+,4.720000000000255,13.590000000000146,6.55,0.36342021473629693,1.0463730335309454,0.028488449036521812,0.3726597117211092,-0.1601512810702183,0.33570172378182533,0.3726597117211092,0.21250843065089084,0.36342021473629693,1.0463730335309454,-0.6783330703022422,0.36342021473629693,1.0463730335309454,-0.6783330703022422,3-4
FULL_2022_202608,2025-01-02 11:01:00,UP,2638.21,2605.34,32.86999999999989,13.326415748943443,2.466529682041919,SAME_NEAREST,0.8200000000001637,35.65000000000009,MULTI_CHILD_ERA4,CHALLENGE_OPENS,2025-01-13 12:04:00,2679.2,1.2470337693945823,2025,40.98999999999978,0.18,0.17,0.18,40.98999999999978,40.80999999999978,40.62999999999978,40.44999999999978,250,1.0,PRIMARY_CONTINUES,2025-01-02 11:02:00,True,2025-01-02 11:01:00,2638.21,UP,0.0,0.0,1,59.779999999999745,23.5300000000002,265.05,4.485827331684386,1.7656660607985104,0.1245646264736611,0.2551323674762025,-0.2543819781600797,0.6183207964717049,0.4134645131746747,0.24687808499902192,1.6711170069690804,0.4134645131746747,1.6305959838993342,2.0253007641713134,0.4134645131746747,1.192368623293152,<=0.5
FULL_2022_202608,2025-01-02 11:02:00,UP,2639.03,2605.34,33.690000000000055,13.326415748943443,2.5280616059626606,SAME_NEAREST,12.649999999999636,36.470000000000255,MULTI_CHILD_ERA4,CHALLENGE_OPENS,2025-01-13 12:04:00,2679.2,1.192341941228838,2025,40.16999999999962,0.16,0.17,0.16,40.16999999999962,40.00999999999962,39.84999999999962,39.68999999999962,250,2.0,PRIMARY_CONTINUES,2025-01-02 17:34:00,True,2025-01-02 11:01:00,2638.21,UP,0.8200000000001637,0.06153192392074183,2,58.95999999999958,24.350000000000364,265.03333333333336,4.424295407763644,1.8271979847192523,0.06303270255291926,0.3654395969438709,-0.3624380396794478,0.5567888725509631,0.4749964370954165,0.19960355808430688,1.6095850830483385,0.4749964370954165,1.5608097775014118,1.9637688402505715,0.4749964370954165,1.1908678446609404,<=0.5
FULL_2022_202608,2025-01-07 14:07:00,UP,2649.37,2637.02,12.349999999999907,13.24556473932912,0.9323875759959048,SAME_NEAREST,15.829999999999927,34.690000000000055,MULTI_CHILD_ERA4,CHALLENGE_OPENS,2025-01-13 12:04:00,2679.2,2.4153846153846272,2025,29.829999999999927,0.16,0.17,0.16,29.829999999999927,29.669999999999927,29.509999999999927,29.349999999999927,250,5.0,PRIMARY_CONTINUES,2025-01-08 16:13:00,True,2025-01-02 11:01:00,2638.21,UP,11.159999999999854,0.8425461820335417,4+,48.61999999999989,7.400000000000091,141.95,3.6706626676049496,0.5586775759003912,0.39484915161608386,0.1525038788268603,0.19100733338217354,1.1218849699837545,0.5586775759003912,-0.06643733335032423,1.1218849699837545,0.5586775759003912,-0.04680812122407802,1.1218849699837545,0.5586775759003912,0.047563090921257184,0.5-1
FULL_2022_202608,2025-01-08 16:13:00,UP,2664.23,2645.23,19.0,13.174453697154922,1.4421850375551533,SAME_NEAREST,0.9699999999998,19.0,MULTI_CHILD_ERA4,CHALLENGE_OPENS,2025-01-13 12:04:00,2679.2,0.7878947368420948,2025,14.9699999999998,0.16,0.17,0.16,14.9699999999998,14.8099999999998,14.6499999999998,14.4899999999998,250,6.0,PRIMARY_CONTINUES,2025-01-08 16:32:00,True,2025-01-02 11:01:00,2638.21,UP,26.019999999999982,1.9750344566939508,4+,33.75999999999976,14.829999999999927,115.85,2.562535098308507,1.125663374049622,0.2527619039504503,0.37117288598129033,-0.004554268539643711,0.43948691407601503,1.125663374049622,-0.6004044024768975,0.43948691407601503,1.125663374049622,-0.4918610022819695,1.0672169277908092,1.125663374049622,0.6171033871222923,1-2
FULL_2022_202608,2025-01-08 16:32:00,UP,2665.2,2645.23,19.9699999999998,13.174453697154922,1.5158123789461118,OPPOSITE_NEAREST,60.83000000000038,19.9699999999998,MULTI_CHILD_ERA4,CHALLENGE_OPENS,2025-01-13 12:04:00,2679.2,0.7010515773660561,2025,14.0,0.16,0.17,0.16,14.0,13.84,13.68,13.52,250,7.0,PRIMARY_CONTINUES,2025-01-09 13:27:00,True,2025-01-02 11:01:00,2638.21,UP,26.98999999999978,2.0486617980849093,4+,32.789999999999964,15.799999999999727,115.53333333333333,2.488907756917549,1.1992907154405805,0.17913456255949187,0.4448002273722488,0.004554268539678228,0.3658595726850566,1.1992907154405805,-0.5852235073447518,0.3658595726850566,1.1992907154405805,-0.588259686371181,0.993589586399851,1.1992907154405805,0.4766801071498238,2-3
FULL_2022_202608,2025-01-09 13:27:00,UP,2670.02,2655.45,14.570000000000164,13.110399468984504,1.1113315070580925,OPPOSITE_NEAREST,56.01000000000022,24.789999999999964,MULTI_CHILD_ERA4,CHALLENGE_OPENS,2025-01-13 12:04:00,2679.2,0.6300617707618211,2025,9.179999999999836,0.16,0.17,0.16,9.179999999999836,9.019999999999836,8.859999999999836,8.699999999999836,250,8.0,PRIMARY_CONTINUES,2025-01-10 08:57:00,True,2025-01-02 11:01:00,2638.21,UP,31.809999999999945,2.4263181358625574,4+,27.9699999999998,7.300000000000182,94.61666666666666,2.1334208821149123,0.5568098834265055,0.23721626540499452,0.14263486054896968,0.21204540766106278,0.6307969501283666,0.21128265439607832,0.11288748321523531,0.6307969501283666,0.5568098834265055,0.06254576772737183,0.9633573736543357,0.5568098834265055,0.89852334613208,2-3
FULL_2022_202608,2025-01-13 17:55:00,DOWN,2663.69,2691.25,27.559999999999945,13.022806549534163,2.1162872914660467,SAME_NEAREST,18.46000000000004,34.29999999999973,MULTI_CHILD_ERA4,CHALLENGE_OPENS,2025-01-14 21:36:00,2675.22,-0.4183599419448392,2025,-11.529999999999745,0.19,0.16,0.16,-11.529999999999745,-11.689999999999745,-11.849999999999746,-12.009999999999746,251,1.0,CHALLENGE_OPENS,2025-01-14 21:36:00,False,2025-01-13 17:55:00,2663.69,DOWN,0.0,0.0,1,6.940000000000055,12.539999999999964,27.683333333333334,0.532911241029554,0.9629260752897024,0.22806143888442343,0.32788631112336714,0.04837666885427587,0.532911241029554,0.32788631112336714,0.38854911809935055,0.532911241029554,0.6511653204510939,-0.47224843405357053,0.532911241029554,0.8853698283963363,-0.6557726222467343,<=0.5
FULL_2022_202608,2025-01-16 02:23:00,UP,2697.99,2676.7,21.289999999999964,12.879111998840193,1.653064279735839,SAME_NEAREST,28.04000000000042,38.17999999999984,MULTI_CHILD_ERA4,CHALLENGE_OPENS,2025-01-20 03:05:00,2689.92,-0.3790511977454073,2025,-8.069999999999709,0.18,0.19,0.18,-8.069999999999709,-8.249999999999709,-8.429999999999708,-8.609999999999708,252,1.0,CHALLENGE_OPENS,2025-01-20 03:05:00,False,2025-01-16 02:23:00,2697.99,UP,0.0,0.0,1,26.66000000000031,8.579999999999927,96.7,2.0700184921445772,0.6661949985971537,0.15839601365250394,0.40064874041506354,0.0838567131101616,0.3276623419673872,0.40064874041506354,-0.0791980068262343,1.0179273230313337,0.6265959951840189,0.38046101318486497,2.0700184921445772,0.6265959951840189,1.2625094029358923,<=0.5
FULL_2022_202608,2025-01-22 11:32:00,UP,2762.22,2745.54,16.679999999999836,12.700070786342048,1.3133785063574526,SAME_NEAREST,27.79000000000042,45.75,MULTI_CHILD_ERA4,SL,2025-01-23 11:25:00,2745.54,-1.0,2025,-16.679999999999836,0.16,0.16,0.16,-16.679999999999836,-16.839999999999836,-16.999999999999837,-17.159999999999837,253,6.0,PRIMARY_CONTINUES,2025-01-24 04:00:00,True,2025-01-21 03:41:00,2713.72,UP,48.5,3.8188763524182896,4+,1.1400000000003274,18.059999999999945,23.883333333333333,0.08976327921150723,1.4220393180345177,0.014173149349204198,0.3314942153335959,-0.031495887442596425,0.08976327921150723,0.8338536200434744,-0.6448782953877168,0.08976327921150723,0.9275538851852883,-0.5267687174778728,0.08976327921150723,1.4220393180345177,-1.4102283602435262,3-4
FULL_2022_202608,2025-01-24 04:00:00,UP,2763.36,2751.27,12.090000000000146,12.606976440852302,0.9589928288295264,SAME_NEAREST,26.65000000000009,27.570000000000164,MULTI_CHILD_ERA4,SL,2025-01-27 08:22:00,2751.27,-1.0,2025,-12.090000000000146,0.17,0.19,0.17,-12.090000000000146,-12.260000000000145,-12.430000000000145,-12.600000000000145,253,7.0,CHALLENGE_OPENS,2025-01-27 18:51:00,False,2025-01-21 03:41:00,2713.72,UP,49.64000000000033,3.9375024005870505,4+,22.559999999999945,12.400000000000091,76.36666666666666,1.7894853778654927,0.9835823885430995,0.9542335592075121,0.0840804299883568,0.9502675011892149,1.1049437639036384,0.0840804299883568,0.8757056104448148,1.6871610809928674,0.0840804299883568,1.5546947431810096,1.7894853778654927,0.0840804299883568,0.6020476071807876,3-4
FULL_2022_202608,2025-01-21 03:41:00,UP,2713.72,2701.81,11.909999999999854,12.690002302825809,0.938534108646122,SAME_NEAREST,3.6200000000003456,24.40999999999985,MULTI_CHILD_ERA4,CHALLENGE_OPENS,2025-01-27 18:51:00,2735.79,1.8530646515533529,2025,22.070000000000164,0.19,0.16,0.19,22.070000000000164,21.880000000000162,21.690000000000165,21.500000000000163,253,1.0,PRIMARY_CONTINUES,2025-01-21 03:55:00,True,2025-01-21 03:41:00,2713.72,UP,0.0,0.0,1,72.20000000000027,0.5199999999999818,159.16666666666666,5.689518274076497,0.04097713992409507,0.9322299332732256,0.04097713992409507,0.9204096044489598,1.2127657373689589,0.04097713992409507,0.947990371705556,1.5027578045240904,0.04097713992409507,1.1087468437154702,2.8565794658624966,0.04097713992409507,2.6382973935745224,<=0.5
FULL_2022_202608,2025-01-21 03:55:00,UP,2717.34,2701.81,15.5300000000002,12.690002302825809,1.2237980442715903,SAME_NEAREST,7.309999999999945,28.0300000000002,MULTI_CHILD_ERA4,CHALLENGE_OPENS,2025-01-27 18:51:00,2735.79,1.188023180940089,2025,18.449999999999818,0.2,0.16,0.2,18.449999999999818,18.24999999999982,18.04999999999982,17.849999999999817,253,2.0,PRIMARY_CONTINUES,2025-01-21 04:39:00,True,2025-01-21 03:41:00,2713.72,UP,3.6200000000003456,0.28526393562546826,2,68.57999999999993,0.9100000000003092,158.93333333333334,5.404254338451029,0.07170999486719325,0.6587863264719872,0.07170999486719325,0.49724183254047444,0.9275018017434905,0.07170999486719325,0.6973994006312506,1.217493868898622,0.07170999486719325,0.7825057681659069,2.5713155302370283,0.07170999486719325,2.3869184005786184,<=0.5
FULL_2022_202608,2025-01-21 04:39:00,UP,2724.65,2701.81,22.840000000000146,12.710724512254554,1.7969077984484552,SAME_NEAREST,1.3800000000001091,35.340000000000146,MULTI_CHILD_ERA4,CHALLENGE_OPENS,2025-01-27 18:51:00,2735.79,0.4877408056041944,2025,11.139999999999873,0.16,0.16,0.16,11.139999999999873,10.979999999999873,10.819999999999872,10.659999999999872,253,3.0,PRIMARY_CONTINUES,2025-01-21 05:00:00,True,2025-01-21 03:41:00,2713.72,UP,10.930000000000291,0.8599037757023649,3,61.26999999999998,8.180000000000291,158.2,4.820338914664453,0.643551041650998,0.17701587331475474,0.26906412743843294,-0.11407689613619675,0.3729134397830662,0.26906412743843294,-0.03776338630714911,0.640404092792036,0.643551041650998,0.622309136853193,1.992018627702017,0.643551041650998,1.8330977103261055,0.5-1
FULL_2022_202608,2025-01-21 05:00:00,UP,2726.03,2702.74,23.29000000000042,12.710724512254554,1.8323109731114275,SAME_NEAREST,23.89999999999964,36.720000000000255,MULTI_CHILD_ERA4,CHALLENGE_OPENS,2025-01-27 18:51:00,2735.79,0.4190639759553279,2025,9.759999999999764,0.17,0.16,0.17,9.759999999999764,9.589999999999764,9.419999999999764,9.249999999999764,253,4.0,PRIMARY_CONTINUES,2025-01-22 03:16:00,True,2025-01-21 03:41:00,2713.72,UP,12.3100000000004,0.968473511335423,4+,59.88999999999987,9.5600000000004,157.85,4.711769179031395,0.7521207772840561,0.06844613768169658,0.3776338630714911,-0.0896880424795015,0.264343704150008,0.3776338630714911,-0.13059837764557672,1.0078103720719993,0.7521207772840561,0.9818480439858411,1.883448892068959,0.7521207772840561,1.8464722429765594,0.5-1
FULL_2022_202608,2025-01-22 03:16:00,UP,2749.93,2716.47,33.46000000000004,12.727571345385048,2.628938317610175,SAME_NEAREST,12.289999999999964,33.46000000000004,MULTI_CHILD_ERA4,CHALLENGE_OPENS,2025-01-27 18:51:00,2735.79,-0.4225941422594099,2025,-14.139999999999873,0.18,0.16,0.18,-14.139999999999873,-14.319999999999872,-14.499999999999872,-14.679999999999872,253,5.0,PRIMARY_CONTINUES,2025-01-22 11:32:00,True,2025-01-21 03:41:00,2713.72,UP,36.210000000000036,2.8450046766486676,4+,35.99000000000024,15.989999999999782,135.58333333333334,2.827719367925604,1.256327665827438,0.003142783404193402,0.25063697648465605,-0.07542680170071311,0.23099458020842945,0.2812791146755596,0.1846385249965589,1.0551895279589174,0.3449204786105296,0.7464110584966118,1.0551895279589174,0.3449204786105296,0.252994064037819,2-3
FULL_2022_202608,2025-01-30 08:58:00,UP,2766.25,2744.66,21.590000000000146,12.359659897246406,1.7468118200250928,SAME_NEAREST,5.690000000000055,21.590000000000146,MULTI_CHILD_ERA4,CHALLENGE_OPENS,2025-02-03 01:24:00,2790.94,1.143584993052334,2025,24.690000000000055,0.17,0.2,0.17,24.690000000000055,24.520000000000053,24.350000000000055,24.180000000000053,254,1.0,PRIMARY_CONTINUES,2025-01-30 10:12:00,True,2025-01-30 08:58:00,2766.25,UP,0.0,0.0,1,50.92000000000007,1.3299999999999272,88.43333333333334,4.119854463903532,0.1076081389825489,0.2605249680630112,0.1076081389825489,0.24110695802106408,1.052617961024858,0.1076081389825489,0.9765640883604916,2.605249680630259,0.1076081389825489,2.3382520425532656,2.6926307258191313,0.1076081389825489,2.1473082771406014,<=0.5
FULL_2022_202608,2025-01-30 10:12:00,UP,2771.94,2758.77,13.170000000000073,12.359659897246406,1.0655633010528227,SAME_NEAREST,13.980000000000018,27.2800000000002,MULTI_CHILD_ERA4,CHALLENGE_OPENS,2025-02-03 01:24:00,2790.94,1.4426727410782,2025,19.0,0.17,0.2,0.17,19.0,18.83,18.66,18.49,254,2.0,PRIMARY_CONTINUES,2025-01-30 15:58:00,True,2025-01-30 08:58:00,2766.25,UP,5.690000000000055,0.4603686547449192,2,45.23000000000002,1.9200000000000728,87.2,3.6594858091586127,0.15534408033572408,0.37460577705957926,0.15534408033572408,0.12783523277626221,0.6140945675771478,0.15534408033572408,0.5145772661120768,2.14488102588534,0.15534408033572408,1.7678479975705355,2.339061126304995,0.15534408033572408,2.0785361582419837,<=0.5
FULL_2022_202608,2025-01-30 15:58:00,UP,2785.92,2758.77,27.15000000000009,12.381828453372815,2.1927294585158315,SAME_NEAREST,4.0900000000001455,41.26000000000022,MULTI_CHILD_ERA4,CHALLENGE_OPENS,2025-02-03 01:24:00,2790.94,0.1848987108655604,2025,5.019999999999982,0.17,0.2,0.17,5.019999999999982,4.849999999999982,4.679999999999982,4.509999999999982,254,3.0,PRIMARY_CONTINUES,2025-01-30 17:15:00,True,2025-01-30 08:58:00,2766.25,UP,19.670000000000073,1.5886183590794263,3,31.25,5.900000000000091,81.43333333333334,2.5238598739823024,0.47650474420786604,0.24552108854099544,0.47650474420786604,0.19787061412019782,1.0119668550719234,0.47650474420786604,0.7454472523794143,1.0991914523167827,0.47650474420786604,0.8447863770193592,1.8187943795866048,0.47650474420786604,1.6508062663743488,1-2
FULL_2022_202608,2025-01-30 17:15:00,UP,2790.01,2758.77,31.24000000000024,12.380484961965193,2.5233260325402807,NO_SAME_TARGET,,45.35000000000037,MULTI_CHILD_ERA4,CHALLENGE_OPENS,2025-02-03 01:24:00,2790.94,0.029769526248394,2025,0.9299999999998363,0.16,0.2,0.16,0.9299999999998363,0.7699999999998363,0.6099999999998362,0.4499999999998363,254,4.0,CHALLENGE_OPENS,2025-02-03 01:24:00,False,2025-01-30 08:58:00,2766.25,UP,23.76000000000022,1.919149376861625,4+,27.159999999999854,2.6400000000003274,80.15,2.193775129442802,0.21323881965131614,0.6817180446427272,0.21323881965131614,0.2980497138307476,0.6817180446427272,0.21323881965131614,0.32228139788204524,0.7689521072273765,0.21323881965131614,0.5855990312393372,2.193775129442802,0.21323881965131614,1.9999216570325313,1-2
FULL_2022_202608,2025-02-03 16:36:00,UP,2817.17,2772.09,45.07999999999993,12.50168833312609,3.6059129614157897,NO_SAME_TARGET,,45.07999999999993,MULTI_CHILD_ERA4,CHALLENGE_OPENS,2025-02-12 12:43:00,2881.65,1.430346051464067,2025,64.48000000000002,0.16,0.17,0.16,64.48000000000002,64.32000000000002,64.16000000000003,64.00000000000001,255,1.0,PRIMARY_CONTINUES,2025-02-04 15:21:00,True,2025-02-03 16:36:00,2817.17,UP,0.0,0.0,1,125.38000000000011,9.980000000000018,212.11666666666667,10.029045410432849,0.7982921773498161,1.0830537155627715,0.2991595935158813,-0.10238617104287799,1.0830537155627715,0.3423537594245858,0.14718012087412574,1.0830537155627715,0.45673830988652003,0.05679232925034042,1.8837455687963842,0.7982921773498161,1.6173815456926943,<=0.5
FULL_2022_202608,2025-02-04 15:21:00,UP,2830.71,2807.19,23.519999999999985,12.540180299815004,1.8755711192084656,NO_SAME_TARGET,,58.61999999999989,MULTI_CHILD_ERA4,CHALLENGE_OPENS,2025-02-12 12:43:00,2881.65,2.1658163265306163,2025,50.940000000000055,0.16,0.17,0.16,50.940000000000055,50.78000000000006,50.620000000000054,50.46000000000006,255,2.0,PRIMARY_CONTINUES,2025-02-07 17:19:00,True,2025-02-03 16:36:00,2817.17,UP,13.539999999999964,1.0797292922654158,2,111.84000000000015,2.849999999999909,189.36666666666667,8.918532056644356,0.22726945959795752,0.49919537441515993,0.22726945959795752,0.14433604276221187,1.1682447660035806,0.22726945959795752,0.9098752750921912,1.4545245414269572,0.22726945959795752,1.0111497360358443,3.691334485891151,0.22726945959795752,2.816546425614089,1-2
FULL_2022_202608,2025-02-07 17:19:00,UP,2882.36,2834.13,48.23000000000002,12.75910212804051,3.780046551552055,NO_SAME_TARGET,,48.23000000000002,MULTI_CHILD_ERA4,CHALLENGE_OPENS,2025-02-12 12:43:00,2881.65,-0.0147211279286758,2025,-0.7100000000000364,0.16,0.17,0.16,-0.7100000000000364,-0.8700000000000364,-1.0300000000000364,-1.1900000000000364,255,3.0,PRIMARY_CONTINUES,2025-02-10 08:46:00,True,2025-02-03 16:36:00,2817.17,UP,65.19000000000005,5.109293690559373,3,60.190000000000055,29.039999999999964,115.4,4.717416585899198,2.276022223866297,0.3432843436822867,1.3182745800768434,-0.9248299669980287,0.3432843436822867,2.276022223866297,-1.6584239069218873,0.3432843436822867,2.276022223866297,-1.6717477284803033,0.3432843436822867,2.276022223866297,-1.6717477284803033,4-6
FULL_2022_202608,2025-02-10 08:46:00,UP,2886.74,2853.84,32.89999999999964,12.867492793903498,2.556830652789436,NO_SAME_TARGET,,34.38999999999987,MULTI_CHILD_ERA4,CHALLENGE_OPENS,2025-02-12 12:43:00,2881.65,-0.1547112462006002,2025,-5.089999999999691,0.18,0.17,0.18,-5.089999999999691,-5.2699999999996905,-5.449999999999691,-5.629999999999691,255,4.0,CHALLENGE_OPENS,2025-02-12 12:43:00,False,2025-02-03 16:36:00,2817.17,UP,69.56999999999971,5.406647675214658,4+,55.8100000000004,7.349999999999909,51.95,4.337286283652918,0.5712068479635966,0.6908882827750508,0.08160097828049359,0.4600740870672891,1.5154467394952749,0.08160097828049359,1.1284249567934386,1.9553148700359786,0.08160097828049359,1.4765891307902677,4.337286283652918,0.08160097828049359,2.437149217978052,4-6
FULL_2022_202608,2025-02-13 20:56:00,UP,2922.71,2905.84,16.86999999999989,13.442518872563936,1.2549731311466792,SAME_NEAREST,19.840000000000146,58.99000000000024,MULTI_CHILD_ERA4,SL,2025-02-14 17:22:00,2905.84,-1.0,2025,-16.86999999999989,0.18,0.16,0.18,-16.86999999999989,-17.04999999999989,-17.22999999999989,-17.40999999999989,256,2.0,PRIMARY_CONTINUES,2025-02-18 05:02:00,True,2025-02-13 05:15:00,2909.12,UP,13.590000000000146,1.0109712419848051,2,17.230000000000018,18.050000000000182,20.433333333333334,1.281753826298604,1.3427542985890892,0.3451734041802294,0.07513472806511133,0.31764880082965813,0.5103210242837247,0.07513472806511133,0.4091495092653693,1.0444471109246856,0.07513472806511133,0.8510309792719722,1.281753826298604,1.3427542985890892,-1.2839855508946116,1-2
FULL_2022_202608,2025-02-13 05:15:00,UP,2909.12,2893.48,15.639999999999873,13.41735112893861,1.165654818876093,SAME_NEAREST,33.43000000000029,45.40000000000009,MULTI_CHILD_ERA4,SL,2025-02-14 17:33:00,2893.48,-1.0,2025,-15.639999999999873,0.17,0.16,0.17,-15.639999999999873,-15.809999999999873,-15.979999999999873,-16.149999999999874,256,1.0,PRIMARY_CONTINUES,2025-02-13 20:56:00,True,2025-02-13 05:15:00,2909.12,UP,0.0,0.0,1,30.820000000000164,16.179999999999836,36.3,2.297025672491155,1.205901212878206,0.7005853770738789,0.04769942992842436,0.6364892681075365,1.0128675823865985,0.04769942992842436,0.5164953896938445,1.0128675823865985,0.2444595783832045,0.7177273597044113,1.840154570207866,0.2444595783832045,1.521909936154098,<=0.5
FULL_2022_202608,2025-02-18 05:02:00,UP,2906.39,2888.27,18.11999999999989,13.454385300132133,1.3467727878896063,OPPOSITE_NEAREST,33.55000000000018,29.449999999999815,MULTI_CHILD_ERA4,CHALLENGE_OPENS,2025-02-19 18:00:00,2924.11,0.977924944812382,2025,17.720000000000255,0.17,0.16,0.17,17.720000000000255,17.550000000000253,17.380000000000255,17.210000000000253,256,3.0,PRIMARY_CONTINUES,2025-02-19 10:37:00,True,2025-02-13 05:15:00,2909.12,UP,-2.730000000000018,-0.20290782069197968,3,40.55000000000018,2.0,36.96666666666667,3.0138872267618164,0.1486504180893614,0.3240579114348174,0.1486504180893614,0.11966358656194541,0.6845351753015121,0.1486504180893614,0.5559525636542131,1.6567089096059304,0.1486504180893614,1.52069377705417,2.465367184012065,0.1486504180893614,1.5370453230440186,<=0.5
FULL_2022_202608,2025-02-19 10:37:00,UP,2939.94,2924.11,15.829999999999927,13.448346003943223,1.177096424746833,SAME_NEAREST,2.6100000000001278,47.92000000000007,MULTI_CHILD_ERA4,AMBIGUOUS,2025-02-19 18:00:00,,,2025,,0.17,0.16,0.17,,,,,256,4.0,PRIMARY_CONTINUES,2025-02-19 11:15:00,True,2025-02-13 05:15:00,2909.12,UP,30.820000000000164,2.291731636809713,4+,7.0,16.950000000000273,7.383333333333334,0.5205101056998023,1.260378041658827,0.4937410145495172,0.2624858104457723,0.3100753058240304,0.5205101056998023,0.6469197027983459,-0.3160239927463085,0.5205101056998023,1.260378041658827,-1.047712484187184,0.5205101056998023,1.260378041658827,-1.047712484187184,2-3
FULL_2022_202608,2025-02-19 11:15:00,UP,2942.55,2924.11,18.44000000000005,13.448346003943223,1.37117233558634,NO_SAME_TARGET,,50.5300000000002,MULTI_CHILD_ERA4,AMBIGUOUS,2025-02-19 18:00:00,,,2025,,0.17,0.16,0.17,,,,,256,5.0,CHALLENGE_OPENS,2025-02-19 18:00:00,False,2025-02-13 05:15:00,2909.12,UP,33.43000000000029,2.48580754764922,4+,4.389999999999873,19.5600000000004,6.75,0.32643419486029507,1.4544539524983342,0.32643419486029507,0.2401782344871958,0.04312798018654963,0.32643419486029507,0.840995613637853,-0.22753727477737187,0.32643419486029507,1.4544539524983342,-1.2417883950266912,0.32643419486029507,1.4544539524983342,-1.2417883950266912,2-3
FULL_2022_202608,2025-02-20 08:00:00,UP,2946.94,2933.96,12.980000000000018,13.511488406084602,0.9606639631319048,NO_SAME_TARGET,,28.420000000000076,MULTI_CHILD_ERA4,SL,2025-02-20 15:51:00,2933.96,-1.0,2025,-12.980000000000018,0.16,0.16,0.16,-12.980000000000018,-13.140000000000018,-13.300000000000018,-13.460000000000019,257,1.0,CHALLENGE_OPENS,2025-02-21 10:12:00,False,2025-02-20 08:00:00,2946.94,UP,0.0,0.0,1,7.9099999999998545,13.0300000000002,7.85,0.5854277309994774,0.9643645176894372,0.14802218230075553,0.22573382800866568,-0.007401109115031046,0.5854277309994774,0.22573382800866568,0.3552532375217931,0.5854277309994774,0.9643645176894372,-0.9369804139637719,0.5854277309994774,0.9643645176894372,-0.9369804139637719,<=0.5
FULL_2022_202608,2025-02-21 10:21:00,DOWN,2918.52,2949.68,31.15999999999985,13.6343920273444,2.285397100032553,SAME_NEAREST,26.5,36.32999999999993,MULTI_CHILD_ERA4,AMBIGUOUS,2025-02-24 14:02:00,,,2025,,0.16,0.16,0.16,,,,,258,1.0,CHALLENGE_OPENS,2025-02-24 14:02:00,False,2025-02-21 10:21:00,2918.52,DOWN,0.0,0.0,1,1.75,32.590000000000146,75.68333333333334,0.12835189104804193,2.39027893100326,0.12835189104804193,0.6190228345402747,-0.43492955080849577,0.12835189104804193,1.286452667990086,-1.1250960049582754,0.12835189104804193,1.7837245658790861,-1.0502851884617037,0.12835189104804193,1.7837245658790861,-1.2651829260449847,<=0.5
FULL_2022_202608,2025-02-24 16:00:00,UP,2954.85,2934.92,19.92999999999984,13.739614739002862,1.4505501339440203,NO_SAME_TARGET,,33.75,MULTI_CHILD_ERA4,SL,2025-02-24 16:40:00,2934.92,-1.0,2025,-19.929999999999836,0.16,0.16,0.16,-19.929999999999836,-20.089999999999836,-20.249999999999837,-20.409999999999837,259,1.0,CHALLENGE_OPENS,2025-02-25 09:52:00,False,2025-02-24 16:00:00,2954.85,UP,0.0,0.0,1,1.349999999999909,20.210000000000036,0.6666666666666666,0.09825603014672912,1.4709291624189134,0.09825603014672912,1.4709291624189134,-1.2220138860471774,0.09825603014672912,1.4709291624189134,-1.2220138860471774,0.09825603014672912,1.4709291624189134,-1.2220138860471774,0.09825603014672912,1.4709291624189134,-1.2220138860471774,<=0.5
FULL_2022_202608,2025-02-25 17:17:00,DOWN,2921.1,2953.62,32.51999999999998,13.788922387104757,2.3584148990795915,SAME_NEAREST,4.329999999999927,35.09999999999991,MULTI_CHILD_ERA4,CHALLENGE_OPENS,2025-03-03 14:31:00,2876.9,1.3591635916359115,2025,44.19999999999982,0.16,0.17,0.17,44.19999999999982,44.029999999999816,43.859999999999815,43.68999999999982,260,1.0,PRIMARY_CONTINUES,2025-02-25 17:21:00,True,2025-02-25 17:17:00,2921.1,DOWN,0.0,0.0,1,88.46000000000004,9.050000000000182,141.23333333333332,6.415294648603347,0.65632394946712,2.385973252758881,0.2973401318027711,1.53383994820214,2.385973252758881,0.2973401318027711,0.9703441374441946,2.385973252758881,0.65632394946712,0.06889588419819138,2.385973252758881,0.65632394946712,0.9638171589411962,<=0.5
FULL_2022_202608,2025-02-25 17:21:00,DOWN,2916.77,2953.62,36.84999999999991,13.788922387104757,2.672435087056666,SAME_NEAREST,24.75,39.42999999999984,MULTI_CHILD_ERA4,CHALLENGE_OPENS,2025-03-03 14:31:00,2876.9,1.0819538670284936,2025,39.86999999999989,0.16,0.17,0.17,39.86999999999989,39.69999999999989,39.52999999999989,39.35999999999989,260,2.0,PRIMARY_CONTINUES,2025-02-25 18:08:00,True,2025-02-25 17:17:00,2921.1,DOWN,4.329999999999927,0.31402018797707454,2,84.13000000000011,13.38000000000011,141.16666666666666,6.101274460626272,0.9703441374441946,2.0719530647818063,0.2980653516364522,1.3866203219680675,2.0719530647818063,0.2980653516364522,0.766557364184246,2.0719530647818063,0.9703441374441946,-0.24947562278087107,2.0719530647818063,0.9703441374441946,0.7418998898396149,<=0.5
FULL_2022_202608,2025-02-27 07:36:00,DOWN,2890.81,2920.74,29.92999999999984,13.991480771481603,2.1391588559379087,SAME_NEAREST,2.6100000000001278,54.0300000000002,MULTI_CHILD_ERA4,CHALLENGE_OPENS,2025-03-03 14:31:00,2876.9,0.4647510858670207,2025,13.909999999999854,0.17,0.17,0.17,13.909999999999854,13.739999999999855,13.569999999999855,13.399999999999855,260,4.0,PRIMARY_CONTINUES,2025-02-27 09:44:00,True,2025-02-25 17:17:00,2921.1,DOWN,30.289999999999964,2.1648887987423833,4+,58.17000000000007,7.559999999999945,102.91666666666667,4.15752992482155,0.5403287988937708,0.16581518696212247,0.5060222084878157,-0.4131085261383765,0.978452547203149,0.5403287988937708,0.19297457103347798,1.6510046632865276,0.5403287988937708,0.8862535854871503,2.4221882267870316,0.5403287988937708,1.954046211872471,2-3
FULL_2022_202608,2025-02-27 09:44:00,DOWN,2888.2,2920.74,32.539999999999964,14.05986143386226,2.314389807685408,SAME_NEAREST,11.259999999999764,56.64000000000033,MULTI_CHILD_ERA4,CHALLENGE_OPENS,2025-03-03 14:31:00,2876.9,0.3472649047326288,2025,11.299999999999727,0.17,0.17,0.17,11.299999999999727,11.129999999999727,10.959999999999727,10.789999999999727,260,5.0,PRIMARY_CONTINUES,2025-02-27 16:46:00,True,2025-02-25 17:17:00,2921.1,DOWN,32.90000000000009,2.3399946119499146,4+,55.559999999999945,6.769999999999982,100.78333333333333,3.95167479148744,0.48151256908513185,0.5391233786802473,0.4125218464835834,0.2930327599159078,0.788058975696195,0.48151256908513185,-0.04836463027740483,1.4573401093876326,0.48151256908513185,0.569706894885052,2.2247729927596516,0.48151256908513185,2.0377156727162316,2-3
FULL_2022_202608,2025-02-27 16:46:00,DOWN,2876.94,2894.97,18.029999999999745,14.098585500073478,1.278851697562552,SAME_NEAREST,13.220000000000256,43.79999999999973,MULTI_CHILD_ERA4,CHALLENGE_OPENS,2025-03-03 14:31:00,2876.9,0.002218524681085,2025,0.03999999999996362,0.16,0.17,0.17,0.03999999999996362,-0.1300000000000364,-0.3000000000000364,-0.4700000000000364,260,6.0,PRIMARY_CONTINUES,2025-02-28 05:41:00,True,2025-02-25 17:17:00,2921.1,DOWN,44.159999999999854,3.1322291161598947,4+,44.30000000000018,10.730000000000018,93.75,3.1421591903506423,0.7610692576176593,0.6546756055741844,0.397202967628967,0.025534476490443037,0.6546756055741844,0.7114188866640183,-0.6156645998248972,0.6546756055741844,0.7610692576176593,0.06170831818520778,2.887523716459915,0.7610692576176593,2.6640970471686107,3-4
FULL_2022_202608,2025-02-28 05:41:00,DOWN,2867.71,2887.67,19.96000000000004,14.153162610323372,1.4102854994007583,SAME_NEAREST,3.990000000000237,53.02999999999975,MULTI_CHILD_ERA4,CHALLENGE_OPENS,2025-03-03 14:31:00,2876.9,-0.4604208416833686,2025,-9.190000000000055,0.16,0.17,0.17,-9.190000000000055,-9.360000000000054,-9.530000000000054,-9.700000000000054,260,7.0,PRIMARY_CONTINUES,2025-02-28 05:44:00,True,2025-02-25 17:17:00,2921.1,DOWN,53.38999999999987,3.7723017441385855,4+,35.070000000000164,9.38000000000011,80.83333333333333,2.4778914060112593,0.6627493980149921,0.7623737744756565,0.0727752537265741,0.41404173479401846,0.7623737744756565,0.0727752537265741,0.4790448740449602,2.4778914060112593,0.0727752537265741,1.881558258970054,2.4778914060112593,0.0727752537265741,0.6959575235018695,3-4
FULL_2022_202608,2025-02-28 05:44:00,DOWN,2863.72,2887.67,23.950000000000276,14.153162610323372,1.6922012881086417,SAME_NEAREST,11.36999999999989,57.01999999999998,MULTI_CHILD_ERA4,CHALLENGE_OPENS,2025-03-03 14:31:00,2876.9,-0.550313152400841,2025,-13.180000000000291,0.17,0.17,0.17,-13.180000000000291,-13.350000000000291,-13.520000000000291,-13.69000000000029,260,8.0,PRIMARY_CONTINUES,2025-02-28 10:44:00,True,2025-02-25 17:17:00,2921.1,DOWN,57.38000000000011,4.054217532846469,4+,31.079999999999927,13.370000000000346,80.78333333333333,2.1959756173033758,0.9446651867228752,0.48045798576777327,0.2253913197940124,0.05157857788389666,0.48045798576777327,0.2296306549625479,0.29463379421345753,2.1959756173033758,0.2296306549625479,1.556542562715345,2.1959756173033758,0.2296306549625479,0.4140417347939863,4-6
FULL_2022_202608,2025-02-28 10:44:00,DOWN,2852.35,2884.98,32.63000000000011,14.190756151377132,2.299384166137867,SAME_NEAREST,18.2199999999998,68.38999999999987,MULTI_CHILD_ERA4,CHALLENGE_OPENS,2025-03-03 14:31:00,2876.9,-0.7523751149249188,2025,-24.550000000000182,0.16,0.17,0.17,-24.550000000000182,-24.720000000000184,-24.89000000000018,-25.060000000000183,260,9.0,PRIMARY_CONTINUES,2025-02-28 16:55:00,True,2025-02-25 17:17:00,2921.1,DOWN,68.75,4.844703077596623,4+,19.710000000000036,24.740000000000236,75.78333333333333,1.3889323295917035,1.7433884238507869,0.09090424683781044,0.8343459554726506,-0.6130751530922465,0.09090424683781044,0.8850832095216483,-0.2776455291015412,1.3889323295917035,0.8850832095216483,0.15996328707118904,1.3889323295917035,0.8850832095216483,-0.3882809302917593,4-6
FULL_2022_202608,2025-02-28 16:55:00,DOWN,2834.13,2884.98,50.84999999999991,14.211651476736872,3.5780500305145075,SAME_NEAREST,26.94000000000005,86.60999999999967,MULTI_CHILD_ERA4,CHALLENGE_OPENS,2025-03-03 14:31:00,2876.9,-0.841101278269421,2025,-42.76999999999998,0.16,0.17,0.17,-42.76999999999998,-42.93999999999998,-43.109999999999985,-43.27999999999998,260,10.0,CHALLENGE_OPENS,2025-03-03 14:31:00,False,2025-02-25 17:17:00,2921.1,DOWN,86.9699999999998,6.119626571363748,4+,1.4900000000002365,42.960000000000036,69.6,0.10484355054999944,3.0228717661927953,0.10484355054999944,1.1314659683514872,-1.0815069610424324,0.10484355054999944,1.3911120767605087,-0.8063805968475213,0.10484355054999944,1.7781184714080964,-1.6697566809067743,0.10484355054999944,1.7781184714080964,-1.6697566809067743,>6
FULL_2022_202608,2025-03-04 09:27:00,UP,2895.13,2881.77,13.360000000000127,14.30797910498807,0.9337447239731111,SAME_NEAREST,25.609999999999676,62.49000000000024,MULTI_CHILD_ERA4,CHALLENGE_OPENS,2025-03-06 11:54:00,2894.3,-0.0621257485029879,2025,-0.8299999999999272,0.17,0.17,0.17,-0.8299999999999272,-0.9999999999999273,-1.1699999999999273,-1.3399999999999272,261,1.0,PRIMARY_CONTINUES,2025-03-04 11:31:00,True,2025-03-04 09:27:00,2895.13,UP,0.0,0.0,1,34.73999999999978,1.150000000000091,50.45,2.428015846618665,0.08037473297673298,1.0511617251912744,0.03494553607683766,1.0511617251912744,1.827651536818616,0.03494553607683766,1.5648611055207815,2.283341327260578,0.03494553607683766,1.2447599950569537,2.283341327260578,0.03494553607683766,1.469110336670254,<=0.5
FULL_2022_202608,2025-03-04 11:31:00,UP,2920.74,2884.28,36.45999999999958,14.30797910498807,2.548228490722973,SAME_NEAREST,24.100000000000364,88.09999999999991,MULTI_CHILD_ERA4,CHALLENGE_OPENS,2025-03-06 11:54:00,2894.3,-0.7251782775644515,2025,-26.4399999999996,0.18,0.17,0.18,-26.4399999999996,-26.6199999999996,-26.7999999999996,-26.9799999999996,261,2.0,PRIMARY_CONTINUES,2025-03-05 18:20:00,True,2025-03-04 09:27:00,2895.13,UP,25.609999999999673,1.7899103578556022,2,9.13000000000011,26.759999999999764,48.38333333333333,0.6381054887630633,1.870285090832335,0.03774117896301391,0.6059555955723384,-0.5863860953693271,0.4934309694049757,0.6059555955723384,0.2606936991332102,0.4934309694049757,1.4495408364672109,-0.39278782550364766,0.4934309694049757,1.4495408364672109,-0.41095950426358674,1-2
FULL_2022_202608,2025-03-05 18:20:00,UP,2927.8,2894.3,33.5,14.522233478860633,2.306807699295322,SAME_NEAREST,17.039999999999964,95.16000000000032,MULTI_CHILD_ERA4,AMBIGUOUS,2025-03-06 11:54:00,,,2025,,0.17,0.17,0.17,,,,,261,3.0,CHALLENGE_OPENS,2025-03-06 11:54:00,False,2025-03-04 09:27:00,2895.13,UP,32.67000000000007,2.2496539562978612,3,2.069999999999709,33.820000000000164,17.566666666666666,0.1425400578370342,2.328842877318453,0.1425400578370342,0.631445570225023,-0.5736032279143557,0.1425400578370342,1.126548476431993,-0.5033660979656636,0.1425400578370342,1.126548476431993,-0.6438403578630478,0.1425400578370342,2.328842877318453,-2.325399880752328,2-3
FULL_2022_202608,2025-03-07 16:55:00,UP,2926.54,2896.23,30.309999999999945,14.690894206579689,2.0631827834159235,SAME_NEAREST,3.3299999999999272,30.309999999999945,MULTI_CHILD_ERA4,CHALLENGE_OPENS,2025-03-10 10:33:00,2902.02,-0.8089739359947221,2025,-24.519999999999982,0.16,0.16,0.16,-24.519999999999982,-24.679999999999982,-24.839999999999982,-24.999999999999982,262,1.0,PRIMARY_CONTINUES,2025-03-07 17:01:00,True,2025-03-07 16:55:00,2926.54,UP,0.0,0.0,1,3.7600000000002183,24.860000000000127,65.63333333333334,0.255940853369988,1.6922046847812673,0.255940853369988,1.2272908474097208,-0.7671418663509555,0.255940853369988,1.6690610969765258,-1.3559419678536924,0.255940853369988,1.6690610969765258,-1.0489490825615024,0.255940853369988,1.6690610969765258,-1.0489490825615024,<=0.5
FULL_2022_202608,2025-03-07 17:01:00,UP,2929.87,2896.23,33.63999999999987,14.690894206579689,2.2898538051504955,SAME_NEAREST,14.970000000000256,33.63999999999987,MULTI_CHILD_ERA4,CHALLENGE_OPENS,2025-03-10 10:33:00,2902.02,-0.8278834720570754,2025,-27.84999999999991,0.16,0.16,0.16,-27.84999999999991,-28.00999999999991,-28.16999999999991,-28.32999999999991,262,2.0,CHALLENGE_OPENS,2025-03-10 10:33:00,False,2025-03-07 16:55:00,2926.54,UP,3.3299999999999272,0.22667102173457232,2,0.43000000000029104,28.190000000000055,65.53333333333333,0.029269831635415675,1.9188757065158395,0.029269831635415675,1.4539618691442933,-0.9318697560199325,0.029269831635415675,1.895732118711098,-1.585335764624113,0.029269831635415675,1.895732118711098,-1.2756201042960746,0.029269831635415675,1.895732118711098,-1.2756201042960746,<=0.5
FULL_2022_202608,2025-03-10 13:40:00,DOWN,2896.23,2915.5,19.269999999999985,14.684928067890544,1.3122297849136195,SAME_NEAREST,5.019999999999982,34.070000000000164,MULTI_CHILD_ERA4,SL,2025-03-11 14:42:00,2915.5,-1.0,2025,-19.269999999999982,0.16,0.16,0.16,-19.269999999999982,-19.429999999999982,-19.589999999999982,-19.749999999999982,263,1.0,PRIMARY_CONTINUES,2025-03-10 19:10:00,True,2025-03-10 13:40:00,2896.23,DOWN,0.0,0.0,1,16.449999999999818,19.320000000000164,25.033333333333335,1.1201961578530784,1.3156346364572582,0.04494404037585878,0.7660915973159436,-0.6891419524299791,0.04494404037585878,0.9744685117858766,-0.668031872859499,1.0888715236517439,0.9744685117858766,0.8859423716516083,1.1201961578530784,1.3013342599740247,-1.1773976637860122,<=0.5
FULL_2022_202608,2025-03-10 19:10:00,DOWN,2891.21,2915.5,24.289999999999964,14.690511800846709,1.653448179974232,OPPOSITE_NEAREST,58.57000000000016,39.09000000000015,MULTI_CHILD_ERA4,SL,2025-03-11 14:42:00,2915.5,-1.0,2025,-24.289999999999964,0.16,0.16,0.16,-24.289999999999964,-24.449999999999964,-24.609999999999964,-24.769999999999964,263,2.0,CHALLENGE_OPENS,2025-03-12 11:00:00,False,2025-03-10 13:40:00,2896.23,DOWN,5.019999999999982,0.3417171619378602,2,11.429999999999836,24.340000000000146,19.533333333333335,0.7780532193126894,1.6568517373640634,0.74674049132638,0.31585012577522587,0.5295935298559026,0.74674049132638,0.31585012577522587,0.13478087263684702,0.7780532193126894,0.6276159826826723,-0.3920898113071716,0.7780532193126894,1.6568517373640634,-1.6561710258860847,<=0.5
FULL_2022_202608,2025-03-19 05:55:00,UP,3038.22,3024.62,13.599999999999907,14.43548560370585,0.942122791941862,NO_SAME_TARGET,,59.75,MULTI_CHILD_ERA4,SL,2025-03-19 11:00:00,3024.62,-1.0,2025,-13.599999999999909,0.17,0.17,0.17,-13.599999999999909,-13.769999999999909,-13.939999999999909,-14.109999999999909,264,5.0,PRIMARY_CONTINUES,2025-03-19 20:36:00,True,2025-03-12 18:08:00,2930.3,UP,107.91999999999962,7.476021448997504,4+,7.0900000000001455,13.730000000000018,5.083333333333333,0.4911507790344105,0.9511283774530785,0.04987708898517537,0.2743239894183385,-0.18288265961223618,0.4911507790344105,0.2743239894183385,-0.10044691531731893,0.4911507790344105,0.9511283774530785,-0.7800222527400892,0.4911507790344105,0.9511283774530785,-0.7800222527400892,>6
FULL_2022_202608,2025-03-19 20:36:00,UP,3045.31,3025.91,19.40000000000009,14.471906844745671,1.3405282529885594,NO_SAME_TARGET,,22.789999999999964,MULTI_CHILD_ERA4,SL,2025-03-20 12:36:00,3025.91,-1.0,2025,-19.40000000000009,0.17,0.17,0.17,-19.40000000000009,-19.570000000000093,-19.74000000000009,-19.910000000000093,264,6.0,CHALLENGE_OPENS,2025-03-21 07:42:00,False,2025-03-12 18:08:00,2930.3,UP,115.00999999999976,7.947121359598618,4+,12.13000000000011,19.659999999999854,16.0,0.838175655090273,1.3584940955543692,0.45329202781468225,0.3095652872880795,0.03247671540747223,0.45329202781468225,0.3095652872880795,0.31440224490196705,0.838175655090273,0.3095652872880795,0.050442557973281864,0.838175655090273,1.3584940955543692,-1.3128884951949749,>6
FULL_2022_202608,2025-03-12 18:08:00,UP,2930.3,2906.05,24.25,14.601510052008996,1.6607871318530842,SAME_NEAREST,14.539999999999964,50.51999999999998,MULTI_CHILD_ERA4,CHALLENGE_OPENS,2025-03-21 07:42:00,3022.52,3.802886597938136,2025,92.2199999999998,0.16,0.16,0.16,92.2199999999998,92.0599999999998,91.8999999999998,91.7399999999998,264,1.0,PRIMARY_CONTINUES,2025-03-13 04:55:00,True,2025-03-12 18:08:00,2930.3,UP,0.0,0.0,1,127.13999999999987,0.9700000000002547,205.56666666666666,8.707318595620658,0.06643148527414082,0.6033622528505395,0.06643148527414082,0.4910451024901435,0.6992427470606207,0.06643148527414082,0.1780637749615616,1.149196209175024,0.06643148527414082,0.9882539510366901,3.3291077311083663,0.06643148527414082,3.301028443518283,<=0.5
FULL_2022_202608,2025-03-13 04:55:00,UP,2944.84,2930.73,14.110000000000127,14.590518184187111,0.9670664072296102,SAME_NEAREST,11.359999999999673,38.78999999999997,MULTI_CHILD_ERA4,CHALLENGE_OPENS,2025-03-21 07:42:00,3022.52,5.505315379163652,2025,77.67999999999984,0.16,0.16,0.16,77.67999999999984,77.51999999999984,77.35999999999984,77.19999999999983,264,2.0,PRIMARY_CONTINUES,2025-03-13 16:36:00,True,2025-03-12 18:08:00,2930.3,UP,14.539999999999964,0.9965376017801822,2,112.59999999999991,11.920000000000073,194.78333333333333,7.717340712548054,0.8169689280068689,0.15352436230999975,0.119940908054699,0.09046971350409587,0.15352436230999975,0.6490516567303029,-0.4653707232522296,1.8045966337601234,0.8169689280068689,1.575680843530002,3.099273064133408,0.8169689280068689,2.813471014654492,0.5-1
FULL_2022_202608,2025-03-13 16:36:00,UP,2956.2,2932.92,23.279999999999745,14.563330041491346,1.5985354952249489,NO_SAME_TARGET,,50.14999999999964,MULTI_CHILD_ERA4,CHALLENGE_OPENS,2025-03-21 07:42:00,3022.52,2.848797250859145,2025,66.32000000000016,0.17,0.16,0.17,66.32000000000016,66.15000000000016,65.98000000000016,65.81000000000016,264,3.0,PRIMARY_CONTINUES,2025-03-18 03:28:00,True,2025-03-12 18:08:00,2930.3,UP,25.899999999999636,1.7784394040518063,3,101.24000000000024,0.8799999999996544,183.1,6.95170676703505,0.0604257403693049,1.285420295129372,0.0604257403693049,1.1625088459690356,1.9926761199067224,0.0604257403693049,1.772946154927358,2.3250176919380396,0.0604257403693049,2.053788516416634,3.3447020606704543,0.0604257403693049,1.985809558501123,1-2
FULL_2022_202608,2025-03-18 03:28:00,UP,3004.91,2984.77,20.139999999999876,14.524748423612513,1.386598887128316,NO_SAME_TARGET,,26.44000000000005,MULTI_CHILD_ERA4,CHALLENGE_OPENS,2025-03-21 07:42:00,3022.52,0.8743793445878967,2025,17.610000000000127,0.16,0.16,0.16,17.610000000000127,17.450000000000127,17.290000000000127,17.130000000000127,264,4.0,PRIMARY_CONTINUES,2025-03-19 05:55:00,True,2025-03-12 18:08:00,2930.3,UP,74.60999999999967,5.136749899138225,4+,52.5300000000002,3.0399999999999636,76.23333333333333,3.6165858759111806,0.20929794522691444,0.24647586970800903,0.20929794522691444,0.1624812995840627,0.841322661405585,0.20929794522691444,0.11222225352628207,2.245133550608483,0.20929794522691444,2.172154661812259,2.2933271564173,0.20929794522691444,1.7019227651346842,4-6
FULL_2022_202608,2025-03-25 16:03:00,UP,3033.24,3010.52,22.7199999999998,14.385860127712268,1.5793285766926806,SAME_NEAREST,4.860000000000127,30.789999999999964,MULTI_CHILD_ERA4,CHALLENGE_OPENS,2025-03-26 17:02:00,3013.28,-0.8785211267605527,2025,-19.95999999999958,0.17,0.18,0.17,-19.95999999999958,-20.129999999999583,-20.29999999999958,-20.469999999999583,265,1.0,CHALLENGE_OPENS,2025-03-26 17:02:00,False,2025-03-25 16:03:00,3033.24,UP,0.0,0.0,1,2.7600000000002183,20.95999999999958,24.983333333333334,0.19185505597148686,1.4569862221601326,0.19185505597148686,0.6068458835619073,-0.4427959081660339,0.19185505597148686,1.057983315900638,-0.7861886532743965,0.19185505597148686,1.1726792732748936,-0.621443550864087,0.19185505597148686,1.3874735207211937,-1.2623506581311223,<=0.5
FULL_2022_202608,2025-03-27 04:43:00,UP,3032.06,3012.28,19.779999999999745,14.230471129908963,1.3899750626264953,SAME_NEAREST,3.940000000000055,19.779999999999745,MULTI_CHILD_ERA4,CHALLENGE_OPENS,2025-04-03 13:28:00,3104.76,3.675429726997028,2025,72.70000000000027,0.16,0.18,0.16,72.70000000000027,72.54000000000028,72.38000000000028,72.22000000000027,266,1.0,PRIMARY_CONTINUES,2025-03-27 06:27:00,True,2025-03-27 04:43:00,3032.06,UP,0.0,0.0,1,135.72000000000025,5.5099999999997635,176.75,9.53728086449296,0.387197300054184,0.10048859148410952,0.18340924739410397,0.02670326207271116,0.4553608900818924,0.3267636016791412,-0.29303316537677765,1.819335408058658,0.387197300054184,1.607114746322963,3.19525612222588,0.387197300054184,2.743408819258798,<=0.5
FULL_2022_202608,2025-03-27 06:27:00,UP,3036.0,3012.28,23.7199999999998,14.230471129908963,1.6668457272750563,SAME_NEAREST,2.099999999999909,23.7199999999998,MULTI_CHILD_ERA4,CHALLENGE_OPENS,2025-04-03 13:28:00,3104.76,2.898819561551467,2025,68.76000000000022,0.17,0.18,0.17,68.76000000000022,68.59000000000022,68.42000000000021,68.25000000000021,266,2.0,PRIMARY_CONTINUES,2025-03-27 06:36:00,True,2025-03-27 04:43:00,3032.06,UP,3.9400000000000546,0.2768706646485611,2,131.7800000000002,9.449999999999818,175.01666666666668,9.260410199844397,0.6640679647027451,0.1784902254333313,0.30006033960643,-0.22838316246391144,0.1784902254333313,0.6640679647027451,-0.009135326498564127,1.666143009852107,0.6640679647027451,1.1925114667730865,2.9183854575773194,0.6640679647027451,2.664704467886627,<=0.5
FULL_2022_202608,2025-03-27 06:36:00,UP,3038.1,3012.28,25.81999999999971,14.230471129908963,1.8144163860978848,SAME_NEAREST,9.349999999999907,25.81999999999971,MULTI_CHILD_ERA4,CHALLENGE_OPENS,2025-04-03 13:28:00,3104.76,2.581719597211505,2025,66.66000000000031,0.17,0.18,0.17,66.66000000000031,66.49000000000031,66.3200000000003,66.1500000000003,266,3.0,PRIMARY_CONTINUES,2025-03-27 12:16:00,True,2025-03-27 04:43:00,3032.06,UP,6.039999999999964,0.42444132347138974,3,129.6800000000003,11.549999999999727,174.86666666666667,9.11283954102157,0.8116386235255737,0.030919566610502613,0.4588744771967026,-0.38790001747716524,0.030919566610502613,0.8116386235255737,-0.2789788169174408,1.5185723510292786,0.8116386235255737,0.9563984126565734,2.7708147987544907,0.8116386235255737,2.522052831024539,<=0.5
FULL_2022_202608,2025-03-27 12:16:00,UP,3047.45,3026.55,20.89999999999964,14.23748936646337,1.46795544228675,SAME_NEAREST,9.990000000000236,35.16999999999962,MULTI_CHILD_ERA4,CHALLENGE_OPENS,2025-04-03 13:28:00,3104.76,2.7421052631579617,2025,57.3100000000004,0.17,0.18,0.17,57.3100000000004,57.1400000000004,56.9700000000004,56.8000000000004,266,4.0,PRIMARY_CONTINUES,2025-03-27 16:39:00,True,2025-03-27 04:43:00,3032.06,UP,15.389999999999873,1.0809490075020711,4+,120.33000000000038,14.049999999999727,169.2,8.451630544036759,0.9868312901497032,0.5843726928146513,0.03301143817581296,0.5520636256638394,0.5949082581899217,0.9868312901497032,-0.052677826876319694,0.861106876671588,0.9868312901497032,0.5085166221127561,2.7013189622176768,0.9868312901497032,1.735558802818482,1-2
FULL_2022_202608,2025-03-27 16:39:00,UP,3057.44,3026.55,30.889999999999876,14.283503314427463,2.162634706626808,NO_SAME_TARGET,,45.159999999999854,MULTI_CHILD_ERA4,CHALLENGE_OPENS,2025-04-03 13:28:00,3104.76,1.5318873421819474,2025,47.320000000000164,0.17,0.18,0.17,47.320000000000164,47.15000000000016,46.98000000000016,46.810000000000166,266,5.0,PRIMARY_CONTINUES,2025-04-01 03:56:00,True,2025-03-27 04:43:00,3032.06,UP,25.38000000000011,1.7768750033728988,4+,110.34000000000015,9.610000000000127,164.81666666666666,7.7249955820396,0.6728041285426993,0.1589245964403637,0.305947350856554,0.0007001083543462859,0.1589245964403637,0.6728041285426993,-0.08541321923228447,1.4065176839149582,0.6728041285426993,1.0319597143308128,2.0541179117005863,0.6728041285426993,0.9451462783898357,1-2
FULL_2022_202608,2025-04-01 03:56:00,UP,3127.78,3099.64,28.140000000000327,14.584275472591331,1.929475348493292,NO_SAME_TARGET,,115.5,MULTI_CHILD_ERA4,CHALLENGE_OPENS,2025-04-03 13:28:00,3104.76,-0.818052594171987,2025,-23.019999999999982,0.18,0.18,0.18,-23.019999999999982,-23.19999999999998,-23.37999999999998,-23.55999999999998,266,6.0,PRIMARY_CONTINUES,2025-04-02 23:28:00,True,2025-03-27 04:43:00,3032.06,UP,95.72000000000025,6.563233132827869,4+,40.0,27.0,57.53333333333333,2.7426799552143133,1.8513089697696614,0.7103541084004847,0.0870800885780532,0.47379796226326265,1.3768253375175803,0.0870800885780532,1.1574109411004165,1.4488206863419373,0.2626116057117967,0.39151756360681456,1.4488206863419373,1.8513089697696614,-0.33254994456976045,>6
FULL_2022_202608,2025-04-02 23:28:00,UP,3135.7,3100.78,34.91999999999962,14.886782323019164,2.345705018202856,SAME_NEAREST,13.210000000000036,34.91999999999962,MULTI_CHILD_ERA4,CHALLENGE_OPENS,2025-04-03 13:28:00,3104.76,-0.8860252004581883,2025,-30.9399999999996,0.16,0.18,0.16,-30.9399999999996,-31.0999999999996,-31.2599999999996,-31.4199999999996,266,7.0,PRIMARY_CONTINUES,2025-04-03 02:01:00,True,2025-03-27 04:43:00,3032.06,UP,103.63999999999987,6.961880529397089,4+,32.08000000000038,31.019999999999982,14.0,2.154931757845055,2.083727653626957,0.481635308720356,0.7792147254053039,-0.23846657544729635,2.154931757845055,0.849075355958881,0.7651082519281669,2.154931757845055,1.2984672967314297,-0.5024591505199769,2.154931757845055,2.083727653626957,-1.9372890241973189,>6
FULL_2022_202608,2025-04-03 02:01:00,UP,3148.91,3100.78,48.12999999999965,15.015800199002388,3.2052903849371472,NO_SAME_TARGET,,48.12999999999965,MULTI_CHILD_ERA4,CHALLENGE_OPENS,2025-04-03 13:28:00,3104.76,-0.9173072927488044,2025,-44.149999999999636,0.16,0.18,0.16,-44.149999999999636,-44.30999999999963,-44.46999999999964,-44.62999999999963,266,8.0,CHALLENGE_OPENS,2025-04-03 13:28:00,False,2025-03-27 04:43:00,3032.06,UP,116.84999999999991,7.781803064199211,4+,18.870000000000346,44.23000000000002,11.45,1.256676284308446,2.9455639668766067,1.256676284308446,0.13585689560090816,0.8397820850625,1.256676284308446,0.5474233734507147,-0.04461966669246078,1.256676284308446,2.9455639668766067,-2.8003835588324772,1.256676284308446,2.9455639668766067,-2.8003835588324772,>6
FULL_2022_202608,2025-04-09 14:19:00,UP,3055.54,2999.66,55.88000000000011,18.32466639572989,3.049441599276348,SAME_NEAREST,81.11000000000013,85.52999999999975,MULTI_CHILD_ERA4,CHALLENGE_OPENS,2025-04-14 13:23:00,3209.18,2.7494631352898997,2025,153.63999999999987,0.17,0.16,0.17,153.63999999999987,153.46999999999989,153.29999999999987,153.12999999999988,268,1.0,PRIMARY_CONTINUES,2025-04-10 17:05:00,True,2025-04-09 14:19:00,3055.54,UP,0.0,0.0,1,190.09000000000015,12.949999999999818,119.06666666666666,10.373449420301366,0.7066977220942748,0.951722646588754,0.1604394828538406,0.2985047521124261,1.5874777402102584,0.7066977220942748,1.4783352348675118,2.409866517967839,0.7066977220942748,1.363189891730907,4.20034931811562,0.7066977220942748,3.4341689306095153,<=0.5
FULL_2022_202608,2025-04-10 17:05:00,UP,3136.65,3103.32,33.32999999999993,19.13689989895556,1.7416614068101486,SAME_NEAREST,31.13000000000011,166.63999999999987,MULTI_CHILD_ERA4,CHALLENGE_OPENS,2025-04-14 13:23:00,3209.18,2.1761176117611734,2025,72.52999999999975,0.18,0.16,0.18,72.52999999999975,72.34999999999974,72.16999999999975,71.98999999999974,268,2.0,PRIMARY_CONTINUES,2025-04-10 18:28:00,True,2025-04-09 14:19:00,3055.54,UP,81.11000000000013,4.238408542045355,2,108.98000000000002,1.7899999999999636,92.3,5.694757279153028,0.09353657120282356,1.2055244120945006,0.09353657120282356,1.1355026213616755,2.0039818467197477,0.09353657120282356,1.3173502569962197,4.327764707831272,0.09353657120282356,3.9886293183864026,5.615329576232194,0.09353657120282356,4.734309134623452,4-6
FULL_2022_202608,2025-04-10 18:28:00,UP,3167.78,3103.32,64.46000000000004,19.13689989895556,3.36836166465594,NO_SAME_TARGET,,197.77,MULTI_CHILD_ERA4,CHALLENGE_OPENS,2025-04-14 13:23:00,3209.18,0.6422587651256533,2025,41.399999999999636,0.16,0.16,0.16,41.399999999999636,41.23999999999964,41.079999999999636,40.91999999999964,268,3.0,PRIMARY_CONTINUES,2025-04-14 05:10:00,True,2025-04-09 14:19:00,3055.54,UP,112.24000000000024,5.865108799891146,3,77.84999999999991,16.26000000000022,90.91666666666667,4.0680570213072365,0.8496674009821019,0.3772815888739559,0.7164169783188494,-0.3772815888739797,0.41490523762591996,0.8496674009821019,0.20849772016718054,2.724579230455479,0.8496674009821019,2.6838202776408298,3.9886293183864026,0.8496674009821019,3.766022729937209,4-6
FULL_2022_202608,2025-04-14 05:10:00,UP,3245.31,3209.18,36.13000000000011,19.73397660194286,1.8308524799022523,NO_SAME_TARGET,,275.2999999999997,MULTI_CHILD_ERA4,AMBIGUOUS,2025-04-14 13:23:00,,,2025,,0.19,0.16,0.19,,,,,268,4.0,CHALLENGE_OPENS,2025-04-14 13:23:00,False,2025-04-09 14:19:00,3055.54,UP,189.76999999999998,9.616409496569315,4+,0.3200000000001637,38.25,8.216666666666667,0.016215687616081338,1.9382814103587307,0.016215687616081338,0.9308818172101875,-0.6121422075067536,0.016215687616081338,1.2146563504914611,-0.6917004248731203,0.016215687616081338,1.9382814103587307,-1.9382814103587307,0.016215687616081338,1.9382814103587307,-1.9382814103587307,>6
FULL_2022_202608,2025-04-21 03:33:00,UP,3357.5,3310.95,46.55000000000018,20.29049993804877,2.294177084947501,NO_SAME_TARGET,,145.90999999999983,MULTI_CHILD_ERA4,SL,2025-04-23 09:03:00,3310.95,-1.0,2025,-46.55000000000018,0.16,0.18,0.16,-46.55000000000018,-46.71000000000018,-46.87000000000018,-47.03000000000018,269,3.0,CHALLENGE_OPENS,2025-04-23 16:40:00,False,2025-04-15 23:02:00,3232.62,UP,124.88000000000011,6.1546043902952325,3,142.48999999999978,49.63999999999987,53.5,7.022498234890819,2.4464651019719272,0.9368916516617041,0.05076267234149035,0.7900248909067402,1.366156579908572,0.05076267234149035,0.8161454892960331,2.4780069566307272,0.05076267234149035,2.177866495893229,4.280821086971846,0.05076267234149035,3.291195397052502,>6
FULL_2022_202608,2025-04-15 23:02:00,UP,3232.62,3211.59,21.029999999999745,19.711186829802088,1.0669068372992991,SAME_NEAREST,13.010000000000218,38.9699999999998,MULTI_CHILD_ERA4,CHALLENGE_OPENS,2025-04-23 16:40:00,3283.92,2.439372325249681,2025,51.30000000000018,0.18,0.16,0.18,51.30000000000018,51.12000000000018,50.94000000000018,50.76000000000018,269,1.0,PRIMARY_CONTINUES,2025-04-16 02:37:00,True,2025-04-15 23:02:00,3232.62,UP,0.0,0.0,1,267.3699999999999,6.170000000000073,185.63333333333333,13.56437855866462,0.3130202180759312,0.050732612329972046,0.3130202180759312,-0.16589564231900766,1.4266010587188083,0.3130202180759312,1.414932557882937,3.5548341459611494,0.3130202180759312,3.519321317330155,5.572470138324137,0.3130202180759312,5.420779627457509,<=0.5
FULL_2022_202608,2025-04-16 02:37:00,UP,3245.63,3211.59,34.039999999999964,19.67490245852541,1.7301229356412875,NO_SAME_TARGET,,51.98000000000002,MULTI_CHILD_ERA4,CHALLENGE_OPENS,2025-04-23 16:40:00,3283.92,1.124853113983549,2025,38.289999999999964,0.16,0.16,0.16,38.289999999999964,38.12999999999997,37.96999999999996,37.80999999999997,269,2.0,PRIMARY_CONTINUES,2025-04-21 03:33:00,True,2025-04-15 23:02:00,3232.62,UP,13.010000000000218,0.6612485132988705,2,254.35999999999967,4.940000000000055,182.05,12.928145414504048,0.25108129559541903,1.069890945806365,0.25108129559541903,0.9931434242782236,1.596958361863967,0.25108129559541903,1.5446074034705806,3.6650753492682964,0.25108129559541903,2.690737609073148,5.685923995599026,0.25108129559541903,5.373851292166673,0.5-1
FULL_2022_202608,2025-04-25 01:30:00,UP,3367.29,3306.66,60.63000000000011,22.819148535211188,2.6569790676652425,OPPOSITE_NEAREST,132.69999999999982,107.17000000000009,MULTI_CHILD_ERA4,AMBIGUOUS,2025-04-25 08:44:00,,,2025,,0.16,0.16,0.16,,,,,270,1.0,CHALLENGE_OPENS,2025-04-25 08:44:00,False,2025-04-25 01:30:00,3367.29,UP,0.0,0.0,1,3.519999999999982,60.67000000000007,7.233333333333333,0.1542564129668743,2.6587319814489554,0.1542564129668743,0.6586573542307084,-0.6380606172720719,0.1542564129668743,1.0732214640791868,-0.8650629522630912,0.1542564129668743,2.6587319814489554,-2.5421632148319286,0.1542564129668743,2.6587319814489554,-2.5421632148319286,<=0.5
FULL_2022_202608,2025-04-28 19:13:00,UP,3336.58,3273.1,63.48000000000002,23.39459340747884,2.7134474574671,SAME_NEAREST,34.23000000000002,68.61999999999989,MULTI_CHILD_ERA4,CHALLENGE_OPENS,2025-04-30 11:10:00,3299.64,-0.5819155639571526,2025,-36.940000000000055,0.16,0.16,0.16,-36.940000000000055,-37.10000000000005,-37.260000000000055,-37.42000000000005,271,1.0,CHALLENGE_OPENS,2025-04-30 11:10:00,False,2025-04-28 19:13:00,3336.58,UP,0.0,0.0,1,16.309999999999945,37.40000000000009,39.95,0.6971696287222467,1.598659970215339,0.11412893370254175,0.2218461295566224,0.08036044770066857,0.6971696287222467,0.2218461295566224,0.6103974431731365,0.6971696287222467,1.2195125387765535,-0.9442352604828071,0.6971696287222467,1.5789973074800687,-0.8766982884790414,<=0.5
FULL_2022_202608,2025-04-30 15:04:00,DOWN,3267.96,3314.62,46.659999999999854,23.519000772271667,1.9839278229460693,SAME_NEAREST,2.809999999999945,62.0,MULTI_CHILD_ERA4,SL,2025-04-30 16:36:00,3314.62,-1.0,2025,-46.659999999999854,0.16,0.16,0.16,-46.659999999999854,-46.81999999999985,-46.979999999999855,-47.13999999999985,272,1.0,PRIMARY_CONTINUES,2025-05-01 03:20:00,True,2025-04-30 15:04:00,3267.96,DOWN,0.0,0.0,1,1.099999999999909,47.48999999999978,1.5333333333333334,0.046770694497224666,2.0192184378848843,0.046770694497224666,1.5642671368663963,-1.2402737804401451,0.046770694497224666,2.0192184378848843,-2.0043368532721337,0.046770694497224666,2.0192184378848843,-2.0043368532721337,0.046770694497224666,2.0192184378848843,-2.0043368532721337,<=0.5
FULL_2022_202608,2025-05-01 14:47:00,DOWN,3211.59,3243.18,31.58999999999969,23.807539432128458,1.3268905881709363,SAME_NEAREST,17.940000000000055,108.14999999999964,MULTI_CHILD_ERA4,SL,2025-05-02 01:06:00,3243.18,-1.0,2025,-31.58999999999969,0.16,0.43,0.43,-31.58999999999969,-32.01999999999969,-32.44999999999969,-32.87999999999969,272,4.0,CHALLENGE_OPENS,2025-05-05 04:31:00,False,2025-04-30 15:04:00,3267.96,DOWN,56.36999999999989,2.3677373363468273,4+,9.720000000000255,31.690000000000055,10.316666666666666,0.4082740271295336,1.3310909382443008,0.4082740271295336,0.7711842734668628,-0.7338011578140621,0.4082740271295336,0.9097958258873875,0.18481540322735987,0.4082740271295336,1.3310909382443008,-1.3252104481415983,0.4082740271295336,1.3310909382443008,-1.3252104481415983,2-3
FULL_2022_202608,2025-05-01 03:20:00,DOWN,3265.15,3319.74,54.58999999999969,23.654586773017805,2.307797659871579,SAME_NEAREST,5.0300000000002,64.80999999999995,MULTI_CHILD_ERA4,CHALLENGE_OPENS,2025-05-05 04:31:00,3269.26,-0.0752885143799258,2025,-4.110000000000127,0.16,0.17,0.17,-4.110000000000127,-4.280000000000127,-4.450000000000127,-4.620000000000127,272,2.0,PRIMARY_CONTINUES,2025-05-01 03:24:00,True,2025-04-30 15:04:00,3267.96,DOWN,2.8099999999999454,0.11879302847113112,2,63.2800000000002,5.089999999999691,97.18333333333334,2.675168271051013,0.2151802544192286,1.2640254630914234,0.14415808793115575,0.9114511365970214,1.7531483596789796,0.14415808793115575,1.6491516158928614,2.675168271051013,0.14415808793115575,2.295960632123576,2.675168271051013,0.14415808793115575,1.0657552483121986,<=0.5
FULL_2022_202608,2025-05-01 03:24:00,DOWN,3260.12,3319.74,59.61999999999989,23.654586773017805,2.5204414083448263,SAME_NEAREST,48.52999999999975,69.84000000000015,MULTI_CHILD_ERA4,CHALLENGE_OPENS,2025-05-05 04:31:00,3269.26,-0.1533042603153362,2025,-9.140000000000327,0.16,0.17,0.17,-9.140000000000327,-9.310000000000327,-9.480000000000327,-9.650000000000327,272,3.0,PRIMARY_CONTINUES,2025-05-01 14:47:00,True,2025-04-30 15:04:00,3267.96,DOWN,7.8400000000001455,0.3314367769443784,3,58.25,10.11999999999989,97.11666666666666,2.4625245225777657,0.42782400289247585,1.0513817146181763,0.24942308469028399,0.5969243992926658,1.5405046112057326,0.24942308469028399,1.4424263812936153,2.4625245225777657,0.24942308469028399,1.9087207243671476,2.4625245225777657,0.24942308469028399,0.706416905961795,<=0.5
FULL_2022_202608,2025-05-05 22:24:00,UP,3329.96,3305.59,24.36999999999989,23.97983332928142,1.0162706164534532,SAME_NEAREST,22.92999999999984,107.21000000000004,MULTI_CHILD_ERA4,CHALLENGE_OPENS,2025-05-08 08:53:00,3363.66,1.382847763643823,2025,33.69999999999982,0.16,0.18,0.16,33.69999999999982,33.53999999999982,33.37999999999982,33.21999999999982,273,2.0,PRIMARY_CONTINUES,2025-05-06 04:08:00,True,2025-05-05 15:19:00,3319.74,UP,10.220000000000255,0.4261914526120064,2,107.84999999999991,7.230000000000018,58.483333333333334,4.497529174579619,0.301503346612988,0.31818402968978227,0.1146796961529343,0.02251892215366558,0.3281924395358474,0.1146796961529343,0.14053475492195494,2.3794994409041546,0.301503346612988,1.8494707361391365,3.6634950207400974,0.301503346612988,3.604695612894417,<=0.5
FULL_2022_202608,2025-05-06 04:08:00,UP,3352.89,3305.59,47.29999999999973,23.95547344763907,1.9744965635259184,SAME_NEAREST,17.920000000000073,130.13999999999987,MULTI_CHILD_ERA4,CHALLENGE_OPENS,2025-05-08 08:53:00,3363.66,0.2276955602537007,2025,10.769999999999982,0.16,0.18,0.16,10.769999999999982,10.609999999999982,10.449999999999982,10.289999999999981,273,3.0,PRIMARY_CONTINUES,2025-05-06 04:40:00,True,2025-05-05 15:19:00,3319.74,UP,33.15000000000009,1.383817359003906,3,84.92000000000007,2.699999999999818,52.75,3.5449101094000444,0.11270910616320616,1.2919803095375912,0.07346963957304799,1.2627594301619318,1.424726590129814,0.07346963957304799,0.36192146312410056,1.741146969654685,0.11270910616320616,1.5837716621601245,3.5449101094000444,0.11270910616320616,0.707980163158559,1-2
FULL_2022_202608,2025-05-06 04:40:00,UP,3370.81,3305.59,65.2199999999998,23.95547344763907,2.72255107554251,SAME_NEAREST,129.17999999999984,148.05999999999997,MULTI_CHILD_ERA4,CHALLENGE_OPENS,2025-05-08 08:53:00,3363.66,-0.109628948175408,2025,-7.150000000000091,0.2,0.18,0.2,-7.150000000000091,-7.350000000000091,-7.550000000000091,-7.750000000000091,273,4.0,PRIMARY_CONTINUES,2025-05-08 04:51:00,True,2025-05-05 15:19:00,3319.74,UP,51.070000000000164,2.1318718710204982,4+,67.0,20.61999999999989,52.21666666666667,2.7968555973834524,0.8607636181797983,0.6766720781132218,0.26048326757719603,-0.017115086491444904,0.6766720781132218,0.7693440098474115,-0.6340930824515641,1.114567827614014,0.8607636181797983,0.8607636181797983,2.7968555973834524,0.8607636181797983,0.018367409893266743,2-3
FULL_2022_202608,2025-05-08 04:51:00,UP,3398.09,3363.66,34.43000000000029,24.58800969367188,1.4002760056199834,OPPOSITE_NEAREST,39.7199999999998,37.90000000000009,MULTI_CHILD_ERA4,AMBIGUOUS,2025-05-08 08:53:00,,,2025,,0.16,0.18,0.16,,,,,273,5.0,CHALLENGE_OPENS,2025-05-08 08:53:00,False,2025-05-05 15:19:00,3319.74,UP,78.35000000000036,3.186512490279561,4+,16.639999999999873,36.23000000000002,4.033333333333333,0.6767526207817645,1.4734824189256925,0.6767526207817645,0.06385226049444045,0.24890180523944447,0.6767526207817645,1.2050589034713886,-1.1220916350582406,0.6767526207817645,1.4734824189256925,-1.446233365084116,0.6767526207817645,1.4734824189256925,-1.446233365084116,3-4
FULL_2022_202608,2025-05-08 08:54:00,DOWN,3360.19,3414.73,54.53999999999997,24.64940963981815,2.2126290567177387,OPPOSITE_NEAREST,137.44000000000003,77.61999999999989,MULTI_CHILD_ERA4,CHALLENGE_OPENS,2025-05-15 16:09:00,3192.64,3.072057205720577,2025,167.55000000000018,0.16,0.17,0.17,167.55000000000018,167.3800000000002,167.21000000000018,167.0400000000002,274,1.0,PRIMARY_CONTINUES,2025-05-12 01:00:00,True,2025-05-08 08:54:00,3360.19,DOWN,0.0,0.0,1,239.5,9.400000000000091,175.25,9.716257042242368,0.38134787556191707,1.620322781908813,0.23245992840103943,1.204897011083929,1.620322781908813,0.23245992840103943,0.9322738489800826,2.52866096635894,0.38134787556191707,2.2434614381461575,3.468642910696127,0.38134787556191707,1.7209337107804674,<=0.5
FULL_2022_202608,2025-05-12 01:00:00,DOWN,3274.69,3347.48,72.78999999999996,25.10043511209827,2.899949728955718,SAME_NEAREST,51.940000000000055,140.03999999999996,MULTI_CHILD_ERA4,CHALLENGE_OPENS,2025-05-15 16:09:00,3192.64,1.127215276823743,2025,82.05000000000018,0.16,0.17,0.17,82.05000000000018,81.88000000000018,81.71000000000018,81.54000000000018,274,2.0,PRIMARY_CONTINUES,2025-05-12 10:27:00,True,2025-05-08 08:54:00,3360.19,DOWN,85.5,3.406315453025333,2,154.0,21.25,87.15,6.1353518101275,0.846598869903957,0.3211099713612164,0.846598869903957,0.27131003783745417,0.6330567549540598,0.846598869903957,-0.014342380854848581,2.4577263192647134,0.846598869903957,2.3617120474309057,2.669276436873653,0.846598869903957,1.4143181120748458,3-4
FULL_2022_202608,2025-05-12 10:27:00,DOWN,3222.75,3284.73,61.98000000000002,25.301554673664832,2.449651841533359,SAME_NEAREST,20.88000000000011,124.73000000000002,MULTI_CHILD_ERA4,CHALLENGE_OPENS,2025-05-15 16:09:00,3192.64,0.4858018715714766,2025,30.110000000000127,0.2,0.17,0.17,30.110000000000127,29.940000000000126,29.770000000000127,29.600000000000126,274,3.0,PRIMARY_CONTINUES,2025-05-14 07:05:00,True,2025-05-08 08:54:00,3360.19,DOWN,137.44000000000005,5.432077268479266,3,102.05999999999995,42.76999999999998,77.7,4.033744223086389,1.690409959057465,0.26243446640498846,0.5643921958227952,-0.0130426767942212,0.5952203409727693,0.5643921958227952,0.08062745654611103,0.5952203409727693,1.0224668141411375,-0.5343545159330584,0.5952203409727693,1.690409959057465,-1.362366876051216,4-6
FULL_2022_202608,2025-05-14 07:05:00,DOWN,3225.46,3257.04,31.579999999999927,25.347534788777438,1.2458805269687174,SAME_NEAREST,9.659999999999854,40.059999999999945,MULTI_CHILD_ERA4,CHALLENGE_OPENS,2025-05-15 16:09:00,3192.64,1.0392653578214135,2025,32.820000000000164,0.16,0.17,0.17,32.820000000000164,32.65000000000016,32.48000000000016,32.310000000000166,274,4.0,PRIMARY_CONTINUES,2025-05-14 15:13:00,True,2025-05-08 08:54:00,3360.19,DOWN,134.73000000000002,5.3153097972924535,4+,104.76999999999998,18.34999999999991,33.06666666666667,4.133340810972539,0.7239362783367923,0.1522830536446934,0.19449623172753597,0.06351702496579474,0.1522830536446934,0.5917735245259912,-0.5132649036055337,1.9930932306035376,0.7239362783367923,1.7768986363100414,3.042899463112651,0.7239362783367923,2.9750427656336607,4-6
FULL_2022_202608,2025-05-14 15:13:00,DOWN,3215.8,3243.81,28.009999999999764,25.35177444960549,1.1048536289117876,SAME_NEAREST,8.110000000000127,49.7199999999998,MULTI_CHILD_ERA4,CHALLENGE_OPENS,2025-05-15 16:09:00,3192.64,0.8268475544448591,2025,23.16000000000031,0.16,0.17,0.17,23.16000000000031,22.990000000000308,22.82000000000031,22.650000000000308,274,5.0,PRIMARY_CONTINUES,2025-05-14 15:36:00,True,2025-05-08 08:54:00,3360.19,DOWN,144.38999999999987,5.695459317335746,4+,95.11000000000013,2.8899999999998727,24.933333333333334,3.7516111619350645,0.11399596528221895,1.588843419227683,0.11399596528221895,1.5241536673028275,1.611721502225497,0.11399596528221895,1.4172577967440625,1.8902029952678827,0.11399596528221895,1.2752559022748597,3.7516111619350645,0.11399596528221895,1.413313299675477,4-6
FULL_2022_202608,2025-05-14 15:36:00,DOWN,3207.69,3243.81,36.11999999999989,25.35177444960549,1.424752341174366,SAME_NEAREST,5.820000000000164,57.82999999999993,MULTI_CHILD_ERA4,CHALLENGE_OPENS,2025-05-15 16:09:00,3192.64,0.4166666666666729,2025,15.050000000000182,0.16,0.17,0.17,15.050000000000182,14.880000000000182,14.710000000000182,14.540000000000182,274,6.0,PRIMARY_CONTINUES,2025-05-14 15:38:00,True,2025-05-08 08:54:00,3360.19,DOWN,152.5,6.015358029598324,4+,87.0,3.6900000000000546,24.55,3.431712449672486,0.14555194183093864,1.2918227899629187,0.14555194183093864,0.7151373185352017,1.2918227899629187,0.14555194183093864,1.0417416758143663,1.5703042830053044,0.14555194183093864,0.963640633856302,3.431712449672486,0.14555194183093864,0.8796228462953686,>6
FULL_2022_202608,2025-05-14 15:38:00,DOWN,3201.87,3243.81,41.940000000000055,25.35177444960549,1.6543220705662558,SAME_NEAREST,8.2199999999998,63.65000000000009,MULTI_CHILD_ERA4,CHALLENGE_OPENS,2025-05-15 16:09:00,3192.64,0.2200762994754412,2025,9.230000000000018,0.16,0.17,0.17,9.230000000000018,9.060000000000018,8.890000000000018,8.720000000000018,274,7.0,PRIMARY_CONTINUES,2025-05-14 15:46:00,True,2025-05-08 08:54:00,3360.19,DOWN,158.32000000000016,6.2449277589902135,4+,81.17999999999984,5.550000000000182,24.516666666666666,3.2021427202805963,0.21891958730670025,1.0622530605710285,0.21891958730670025,0.4816230920747262,1.0622530605710285,0.21891958730670025,0.7317042062232607,1.3407345536134145,0.21891958730670025,0.794027259906983,3.2021427202805963,0.21891958730670025,0.7380154015330154,>6
FULL_2022_202608,2025-05-14 15:46:00,DOWN,3193.65,3243.81,50.159999999999854,25.35177444960549,1.978559729604269,OPPOSITE_NEAREST,223.63999999999987,71.86999999999989,MULTI_CHILD_ERA4,CHALLENGE_OPENS,2025-05-15 16:09:00,3192.64,0.0201355661882021,2025,1.0100000000002183,0.16,0.17,0.17,1.0100000000002183,0.8400000000002182,0.6700000000002182,0.5000000000002183,274,8.0,CHALLENGE_OPENS,2025-05-15 16:09:00,False,2025-05-08 08:54:00,3360.19,DOWN,166.53999999999996,6.569165418028227,4+,72.96000000000004,5.460000000000036,24.383333333333333,2.877905061242583,0.21536953994496436,0.7380154015330154,0.21536953994496436,0.10807921967934969,0.7857438160629445,0.21536953994496436,0.4918787844530664,1.0164968945754012,0.21536953994496436,0.4027331507029449,2.877905061242583,0.21536953994496436,0.4634784055592151,>6
FULL_2022_202608,2025-05-21 22:06:00,UP,3320.55,3290.48,30.070000000000164,26.03701491044404,1.1548942958103237,SAME_NEAREST,26.92999999999984,115.98000000000002,MULTI_CHILD_ERA4,SL,2025-05-22 13:58:00,3290.48,-1.0,2025,-30.070000000000164,0.16,0.16,0.16,-30.070000000000164,-30.230000000000164,-30.390000000000164,-30.550000000000164,275,4.0,PRIMARY_CONTINUES,2025-05-23 14:49:00,True,2025-05-20 15:35:00,3249.77,UP,70.7800000000002,2.718437587544213,4+,24.86999999999989,31.980000000000018,15.866666666666667,0.9551786211108235,1.2282513994018613,0.1655335688374594,0.13557621763254576,-0.10715514084837856,0.1655335688374594,0.28382669923640247,-0.0725889663811732,0.9551786211108235,0.28382669923640247,0.14978675602460317,0.9551786211108235,1.2282513994018613,-1.2148089982201684,2-3
FULL_2022_202608,2025-05-20 15:35:00,UP,3249.77,3207.96,41.809999999999945,26.05595841369299,1.6046233777387306,SAME_NEAREST,2.230000000000018,95.57999999999991,MULTI_CHILD_ERA4,CHALLENGE_OPENS,2025-05-27 08:45:00,3323.65,1.7670413776608516,2025,73.88000000000011,0.16,0.16,0.16,73.88000000000011,73.72000000000011,73.56000000000012,73.4000000000001,275,1.0,PRIMARY_CONTINUES,2025-05-20 16:57:00,True,2025-05-20 15:35:00,3249.77,UP,0.0,0.0,1,116.11999999999989,16.960000000000036,161.16666666666666,4.456562224898863,0.6509067803503699,0.03645999064461861,0.6509067803503699,-0.20878142011238443,1.3804903826180792,0.6509067803503699,1.0389178386842324,2.080138413619685,0.6509067803503699,1.9995426448263054,2.716461197712218,0.6509067803503699,1.6813812527800476,<=0.5
FULL_2022_202608,2025-05-20 16:57:00,UP,3252.0,3207.96,44.03999999999997,26.02336975583914,1.692325029894264,SAME_NEAREST,13.519999999999982,47.42999999999984,MULTI_CHILD_ERA4,CHALLENGE_OPENS,2025-05-27 08:45:00,3323.65,1.6269300635785684,2025,71.65000000000009,0.16,0.16,0.16,71.65000000000009,71.4900000000001,71.3300000000001,71.17000000000009,275,2.0,PRIMARY_CONTINUES,2025-05-20 17:03:00,True,2025-05-20 15:35:00,3249.77,UP,2.230000000000018,0.08569220746285747,2,113.88999999999987,4.610000000000127,159.8,4.376450900423653,0.17714846475505858,1.2965269416129008,0.17714846475505858,1.1854729149009522,1.3764550992464322,0.17714846475505858,1.3069022313057297,2.4086042886869277,0.17714846475505858,1.7461228283014423,2.6341707720084515,0.17714846475505858,1.9424847924876347,<=0.5
FULL_2022_202608,2025-05-20 17:03:00,UP,3265.52,3207.96,57.559999999999945,26.02336975583914,2.2118580545121214,OPPOSITE_NEAREST,81.96000000000004,60.94999999999982,MULTI_CHILD_ERA4,CHALLENGE_OPENS,2025-05-27 08:45:00,3323.65,1.0099027102154303,2025,58.13000000000011,0.17,0.16,0.17,58.13000000000011,57.96000000000011,57.790000000000106,57.62000000000011,275,3.0,PRIMARY_CONTINUES,2025-05-21 22:06:00,True,2025-05-20 15:35:00,3249.77,UP,15.75,0.6052252320807149,3,100.36999999999989,3.300000000000182,159.7,3.8569178758057956,0.1268090962454901,0.7769939169950434,0.1268090962454901,0.5099262749022905,0.8569220746285747,0.1268090962454901,0.8015871962669072,1.88907126406907,0.1268090962454901,0.9441513620459214,2.1146377473905944,0.1268090962454901,1.151272885913539,0.5-1
FULL_2022_202608,2025-05-23 14:49:00,UP,3347.48,3322.53,24.949999999999815,25.913277586508556,0.9628268719272218,SAME_NEAREST,67.25,68.36000000000013,MULTI_CHILD_ERA4,CHALLENGE_OPENS,2025-05-27 08:45:00,3323.65,-0.9551102204408858,2025,-23.829999999999927,0.16,0.16,0.16,-23.829999999999927,-23.989999999999927,-24.149999999999928,-24.309999999999928,275,5.0,CHALLENGE_OPENS,2025-05-27 08:45:00,False,2025-05-20 15:35:00,3249.77,UP,97.71000000000004,3.7706538539482786,4+,18.409999999999854,23.960000000000036,89.93333333333334,0.7104466016905868,0.9246225190932439,0.4993579047189736,0.32570175547358166,0.3585034725532633,0.6649101003329125,0.419476076066087,0.4723447259474577,0.7104466016905868,0.419476076066087,0.336507026982174,0.7104466016905868,0.419476076066087,0.336507026982174,3-4
FULL_2022_202608,2025-05-28 19:37:00,DOWN,3291.61,3316.34,24.730000000000015,25.29628863953704,0.9776137658924426,SAME_NEAREST,6.660000000000309,58.33999999999969,MULTI_CHILD_ERA4,SL,2025-05-29 15:58:00,3316.34,-1.0,2025,-24.730000000000018,0.16,0.17,0.17,-24.730000000000018,-24.90000000000002,-25.070000000000018,-25.24000000000002,276,1.0,PRIMARY_CONTINUES,2025-05-28 23:51:00,True,2025-05-28 19:37:00,3291.61,DOWN,0.0,0.0,1,46.210000000000036,25.519999999999982,20.35,1.8267501868940468,1.0088436435735988,0.11740852748486863,0.2964861805173196,-0.22809670154465717,0.11740852748486863,0.4522402540157537,-0.17670576358831458,1.8267501868940468,0.4522402540157537,0.752679583606634,1.8267501868940468,1.0088436435735988,-1.0088436435735988,<=0.5
FULL_2022_202608,2025-05-28 23:51:00,DOWN,3279.12,3316.34,37.220000000000255,25.30964259153961,1.4705857605607586,OPPOSITE_NEAREST,74.54999999999973,70.82999999999993,MULTI_CHILD_ERA4,SL,2025-05-29 15:58:00,3316.34,-1.0,2025,-37.220000000000255,0.16,0.17,0.17,-37.220000000000255,-37.390000000000256,-37.56000000000026,-37.73000000000025,276,2.0,CHALLENGE_OPENS,2025-05-29 19:04:00,False,2025-05-28 19:37:00,3291.61,DOWN,12.490000000000236,0.4934878062709323,2,33.7199999999998,38.01000000000022,16.116666666666667,1.3322985450324598,1.5017991606371408,0.11418572939334704,0.3785118642174064,-0.36231250468409926,1.1422524002635959,0.60727842933419,0.43975334537993804,1.3322985450324598,0.60727842933419,-0.04859807859993949,1.3322985450324598,1.5017991606371408,-1.5017991606371408,<=0.5
FULL_2022_202608,2025-06-05 12:25:00,UP,3384.65,3361.16,23.49000000000024,24.748333638378213,0.9491548135416022,SAME_NEAREST,7.420000000000073,40.86000000000013,MULTI_CHILD_ERA4,SL,2025-06-05 18:16:00,3361.16,-1.0,2025,-23.490000000000236,0.17,0.16,0.17,-23.490000000000236,-23.660000000000238,-23.830000000000236,-24.000000000000238,277,5.0,PRIMARY_CONTINUES,2025-06-05 13:05:00,True,2025-06-02 09:18:00,3331.11,UP,53.539999999999964,2.1633779785873495,4+,18.679999999999836,23.93000000000029,5.85,0.7547982936124648,0.9669337883376156,0.3790154172422411,0.10869418682107009,0.33982085916920635,0.7547982936124648,0.5434709341053504,-0.2670886895491719,0.7547982936124648,0.9669337883376156,-0.9043033089425692,0.7547982936124648,0.9669337883376156,-0.9043033089425692,2-3
FULL_2022_202608,2025-06-05 13:05:00,UP,3392.07,3361.16,30.91000000000031,24.748333638378213,1.2489729794197924,SAME_NEAREST,22.65999999999985,48.2800000000002,MULTI_CHILD_ERA4,SL,2025-06-05 18:16:00,3361.16,-1.0,2025,-30.91000000000031,0.16,0.16,0.16,-30.91000000000031,-31.07000000000031,-31.23000000000031,-31.39000000000031,277,6.0,CHALLENGE_OPENS,2025-06-05 18:47:00,False,2025-06-02 09:18:00,3331.11,UP,60.960000000000036,2.4631961444655395,4+,11.259999999999764,31.350000000000364,5.183333333333334,0.4549801277342746,1.2667519542158057,0.4089164203082509,0.08162165701805024,0.36487305092721756,0.4549801277342746,0.9867331011786191,-0.9867331011786191,0.4549801277342746,1.2667519542158057,-1.2041214748207594,0.4549801277342746,1.2667519542158057,-1.2041214748207594,2-3
FULL_2022_202608,2025-06-02 09:18:00,UP,3331.11,3301.41,29.700000000000276,25.29839723827173,1.1739874158932782,SAME_NEAREST,18.83999999999969,59.61000000000013,MULTI_CHILD_ERA4,CHALLENGE_OPENS,2025-06-05 18:47:00,3343.79,0.4269360269360175,2025,12.679999999999836,0.17,0.16,0.17,12.679999999999836,12.509999999999836,12.339999999999836,12.169999999999837,277,1.0,PRIMARY_CONTINUES,2025-06-02 10:11:00,True,2025-06-02 09:18:00,3331.11,UP,0.0,0.0,1,72.2199999999998,1.8400000000001455,81.48333333333333,2.8547263022158766,0.07273188031123848,1.0644943134681986,0.07273188031123848,0.9534200832102856,1.1024413814566694,0.07273188031123848,0.6648642537146268,1.9024920648802206,0.07273188031123848,1.6404201265848686,2.409638817267799,0.07273188031123848,1.2834805183183218,<=0.5
FULL_2022_202608,2025-06-02 10:11:00,UP,3349.95,3301.41,48.53999999999997,25.29839723827173,1.918698625166975,SAME_NEAREST,15.940000000000056,78.44999999999982,MULTI_CHILD_ERA4,CHALLENGE_OPENS,2025-06-05 18:47:00,3343.79,-0.1269056448290041,2025,-6.1599999999998545,0.16,0.16,0.16,-6.1599999999998545,-6.319999999999855,-6.479999999999855,-6.639999999999855,277,2.0,PRIMARY_CONTINUES,2025-06-02 16:43:00,True,2025-06-02 09:18:00,3331.11,UP,18.83999999999969,0.7447112092736968,2,53.38000000000011,16.879999999999654,80.6,2.11001509294218,0.667235945463904,0.35773017218297254,0.04348101540345076,0.07905639164264427,0.35773017218297254,0.21819564093369748,-0.029250864907769753,1.2012618710099927,0.21819564093369748,1.1878222844307373,1.664927607994102,0.21819564093369748,0.24388896821756045,0.5-1
FULL_2022_202608,2025-06-02 16:43:00,UP,3365.89,3301.41,64.48000000000002,25.374356355292115,2.5411482008508943,SAME_NEAREST,48.84000000000015,94.38999999999989,MULTI_CHILD_ERA4,CHALLENGE_OPENS,2025-06-05 18:47:00,3343.79,-0.3427419354838694,2025,-22.09999999999991,0.17,0.16,0.17,-22.09999999999991,-22.26999999999991,-22.43999999999991,-22.60999999999991,277,3.0,PRIMARY_CONTINUES,2025-06-04 17:32:00,True,2025-06-02 09:18:00,3331.11,UP,34.779999999999745,1.3706751616872432,3,37.440000000000055,32.81999999999971,74.06666666666666,1.4755054069456823,1.293431823075769,0.4811944716561648,0.06739087195184741,0.4575485516730645,0.5261217196240571,0.06739087195184741,0.3456245304197006,1.0317503085961095,0.10601254125758441,0.24788806115620393,1.0317503085961095,0.6664208448571378,-0.5588319089340146,1-2
FULL_2022_202608,2025-06-04 17:32:00,UP,3372.59,3343.79,28.800000000000185,24.93568690688288,1.154971190789641,SAME_NEAREST,19.480000000000015,39.51999999999998,MULTI_CHILD_ERA4,AMBIGUOUS,2025-06-05 18:47:00,,,2025,,0.16,0.16,0.16,,,,,277,4.0,PRIMARY_CONTINUES,2025-06-05 12:25:00,True,2025-06-02 09:18:00,3331.11,UP,41.48000000000002,1.6634793400678485,4+,30.73999999999978,30.090000000000146,25.25,1.2327713335025379,1.206704275377092,0.48364418614315696,0.0994558525402192,0.07098260443394552,0.48364418614315696,0.11870537238671383,0.2975654942937211,0.48364418614315696,0.1708394886376421,0.011228886577111227,1.2327713335025379,0.4583791913446476,0.3107995391881827,1-2
FULL_2022_202608,2025-06-06 17:02:00,DOWN,3339.31,3367.7,28.389999999999876,24.70309599150821,1.149248661372609,SAME_NEAREST,6.239999999999782,64.01999999999998,MULTI_CHILD_ERA4,CHALLENGE_OPENS,2025-06-10 14:12:00,3338.13,0.0415639309616006,2025,1.1799999999998363,0.17,0.17,0.17,1.1799999999998363,1.0099999999998364,0.8399999999998362,0.6699999999998363,278,1.0,PRIMARY_CONTINUES,2025-06-06 17:16:00,True,2025-06-06 17:02:00,3339.31,DOWN,0.0,0.0,1,45.86000000000013,3.4299999999998363,93.16666666666667,1.8564474677896523,0.13884899290270794,0.9310573868112055,0.13884899290270794,0.4906267620935526,0.9310573868112055,0.13884899290270794,0.7124613046903101,1.3055043793331034,0.13884899290270794,1.1201025170898316,1.3055043793331034,0.13884899290270794,1.1201025170898316,<=0.5
FULL_2022_202608,2025-06-06 17:16:00,DOWN,3333.07,3367.7,34.629999999999654,24.70309599150821,1.401848578490075,SAME_NEAREST,61.57000000000016,70.25999999999976,MULTI_CHILD_ERA4,CHALLENGE_OPENS,2025-06-10 14:12:00,3338.13,-0.1461160843199536,2025,-5.059999999999945,0.16,0.17,0.17,-5.059999999999945,-5.229999999999945,-5.399999999999945,-5.569999999999945,278,2.0,CHALLENGE_OPENS,2025-06-10 14:12:00,False,2025-06-06 17:02:00,3339.31,DOWN,6.239999999999782,0.25259991711746604,2,39.620000000000346,5.7599999999997635,92.93333333333334,1.6038475506721863,0.23316915426227494,0.6784574696937394,0.10403554278715335,0.2999624015770139,0.7837074351593504,0.14815956677082073,0.6699565109445922,1.0529044622156374,0.14815956677082073,0.8675025999723655,1.0529044622156374,0.14815956677082073,0.8675025999723655,<=0.5
FULL_2022_202608,2025-06-13 16:29:00,UP,3444.4,3411.55,32.84999999999991,24.468635585103605,1.3425350132722087,SAME_NEAREST,55.58999999999969,105.76000000000022,MULTI_CHILD_ERA4,SL,2025-06-16 10:12:00,3411.55,-1.0,2025,-32.84999999999991,0.17,0.18,0.17,-32.84999999999991,-33.01999999999991,-33.18999999999991,-33.35999999999991,279,7.0,CHALLENGE_OPENS,2025-06-17 06:11:00,False,2025-06-11 15:30:00,3349.14,UP,95.26000000000022,3.8931471952606165,4+,7.049999999999727,32.93000000000029,65.71666666666667,0.2881239526200527,1.3458045049331613,0.09849343628571801,0.8026602027600025,-0.3437053108560037,0.09849343628571801,1.0266203815341806,-0.505953834529989,0.09849343628571801,1.0266203815341806,-0.44505955234502964,0.09849343628571801,1.0266203815341806,-0.44505955234502964,3-4
FULL_2022_202608,2025-06-11 15:30:00,UP,3349.14,3315.47,33.67000000000007,24.31798111209763,1.3845721750005813,SAME_NEAREST,26.44000000000005,33.67000000000007,MULTI_CHILD_ERA4,CHALLENGE_OPENS,2025-06-17 06:11:00,3382.87,1.001782001782,2025,33.73000000000002,0.16,0.16,0.16,33.73000000000002,33.57000000000002,33.41000000000002,33.25000000000002,279,1.0,PRIMARY_CONTINUES,2025-06-12 01:10:00,True,2025-06-11 15:30:00,3349.14,UP,0.0,0.0,1,102.30999999999995,29.879999999999654,134.68333333333334,4.2071749101368905,1.2287204214142204,0.47248988092536304,0.7167535791582968,-0.553499895322478,0.47248988092536304,0.8701380226614802,-0.7656885624743278,0.9984381469858723,1.2287204214142204,0.6953702251042533,1.621845161331241,1.2287204214142204,1.5165732644497025,<=0.5
FULL_2022_202608,2025-06-12 01:10:00,UP,3360.63,3319.26,41.36999999999989,24.39845521493088,1.6955991531251988,SAME_NEAREST,14.949999999999818,45.16000000000031,MULTI_CHILD_ERA4,CHALLENGE_OPENS,2025-06-17 06:11:00,3382.87,0.5375876238820363,2025,22.23999999999978,0.23,0.16,0.23,22.23999999999978,22.00999999999978,21.77999999999978,21.54999999999978,279,2.0,PRIMARY_CONTINUES,2025-06-12 04:28:00,True,2025-06-11 15:30:00,3349.14,UP,11.490000000000236,0.4709314544212953,2,90.81999999999971,21.990000000000236,125.01666666666667,3.7223668137981742,0.901286569427692,0.524213516279219,0.07910336875833057,0.401254911991677,0.6619271530812711,0.12541777637329055,0.4229775987491323,0.7029133545104518,0.901286569427692,0.10820357177303168,1.5660827566089939,0.901286569427692,0.9685039397715431,<=0.5
FULL_2022_202608,2025-06-12 04:28:00,UP,3375.58,3319.26,56.31999999999971,24.365519352625707,2.3114631453127834,SAME_NEAREST,27.75,60.11000000000013,MULTI_CHILD_ERA4,CHALLENGE_OPENS,2025-06-17 06:11:00,3382.87,0.1294389204545454,2025,7.289999999999964,0.18,0.16,0.18,7.289999999999964,7.109999999999964,6.929999999999963,6.749999999999964,279,3.0,PRIMARY_CONTINUES,2025-06-13 03:06:00,True,2025-06-11 15:30:00,3349.14,UP,26.440000000000055,1.08514001353108,3,75.86999999999989,36.940000000000055,121.71666666666667,3.113826506301163,1.5160768570286716,0.0492499249711645,0.3119161914839672,-0.04022077205977595,0.09029152911379226,0.32217659251962416,-0.03652702768693348,0.7494196916443918,1.5160768570286716,0.322997424602476,2.250311155140277,1.5160768570286716,2.195725821630585,1-2
FULL_2022_202608,2025-06-13 03:06:00,UP,3403.33,3377.82,25.509999999999764,24.353188789106834,1.0475014266472722,SAME_NEAREST,11.400000000000093,64.69000000000005,MULTI_CHILD_ERA4,CHALLENGE_OPENS,2025-06-17 06:11:00,3382.87,-0.8020384163073393,2025,-20.460000000000036,0.17,0.16,0.17,-20.460000000000036,-20.630000000000038,-20.800000000000036,-20.970000000000038,279,4.0,PRIMARY_CONTINUES,2025-06-13 03:30:00,True,2025-06-11 15:30:00,3349.14,UP,54.190000000000055,2.225170611917533,4+,48.11999999999989,21.559999999999945,99.08333333333333,1.9759219384659776,0.8853050081738667,0.7292679473640123,0.1638389138503499,0.6582300223110991,1.6864321282792645,0.1638389138503499,0.9378648602361455,1.6864321282792645,0.1638389138503499,0.9583960524479699,1.7853924747402523,0.1638389138503499,1.239262761905734,2-3
FULL_2022_202608,2025-06-13 03:30:00,UP,3414.73,3377.82,36.909999999999854,24.353188789106834,1.515612609076873,SAME_NEAREST,23.079999999999927,76.09000000000015,MULTI_CHILD_ERA4,CHALLENGE_OPENS,2025-06-17 06:11:00,3382.87,-0.8631807098347399,2025,-31.860000000000127,0.16,0.16,0.16,-31.860000000000127,-32.020000000000124,-32.18000000000013,-32.340000000000124,279,5.0,PRIMARY_CONTINUES,2025-06-13 05:33:00,True,2025-06-11 15:30:00,3349.14,UP,65.59000000000015,2.693281794347133,4+,36.7199999999998,32.960000000000036,98.68333333333334,1.5078107560363772,1.3534161906034672,0.6438581877628071,0.4598987055448595,0.5777477488407459,1.218320945849664,0.4598987055448595,0.5013717138127538,1.218320945849664,0.4598987055448595,0.5490040797441805,1.3172812923106518,0.4598987055448595,0.7711515794761334,2-3
FULL_2022_202608,2025-06-13 05:33:00,UP,3437.81,3379.38,58.42999999999984,24.44300440694513,2.3904590052521444,SAME_NEAREST,62.17999999999984,99.17000000000009,MULTI_CHILD_ERA4,CHALLENGE_OPENS,2025-06-17 06:11:00,3382.87,-0.9402704090364574,2025,-54.940000000000055,0.17,0.16,0.17,-54.940000000000055,-55.110000000000056,-55.28000000000006,-55.45000000000005,279,6.0,PRIMARY_CONTINUES,2025-06-13 16:29:00,True,2025-06-11 15:30:00,3349.14,UP,88.67000000000007,3.627622796435195,4+,13.639999999999873,56.039999999999964,96.63333333333334,0.558032874065361,2.292680517787617,0.26960679179551644,0.5756248195087824,-0.39561421497156385,0.26960679179551644,0.8108659504380974,-0.5150757979826276,0.3682035092806668,1.2261176859046123,-0.09736937245422524,0.3682035092806668,1.2261176859046123,-0.1759194544340852,3-4
FULL_2022_202608,2025-06-19 08:52:00,DOWN,3362.51,3387.91,25.39999999999964,24.05389575403825,1.0559620054782766,SAME_NEAREST,23.870000000000346,34.29999999999973,MULTI_CHILD_ERA4,SL,2025-06-23 01:00:00,3387.91,-1.0,2025,-25.399999999999636,0.17,0.38,0.38,-25.399999999999636,-25.779999999999635,-26.159999999999638,-26.539999999999637,280,4.0,PRIMARY_CONTINUES,2025-06-20 06:10:00,True,2025-06-17 17:35:00,3373.67,DOWN,11.159999999999854,0.4639581094936056,4+,22.170000000000073,34.159999999999854,88.13333333333334,0.9216802228918821,1.4201441774463897,0.6248468087535015,0.1218097903957174,0.24195664849936344,0.6248468087535015,0.4631266433475605,-0.35171017977739794,0.6248468087535015,0.6851281043418027,-0.23447345318493823,0.7395891369078446,0.6851281043418027,0.7005102280436851,<=0.5
FULL_2022_202608,2025-06-20 06:10:00,DOWN,3347.48,3375.42,27.94000000000005,23.792290305863844,1.174329988446466,SAME_NEAREST,8.840000000000146,49.32999999999993,MULTI_CHILD_ERA4,SL,2025-06-23 01:00:00,3375.42,-1.0,2025,-27.940000000000055,0.17,0.38,0.38,-27.940000000000055,-28.320000000000054,-28.700000000000056,-29.080000000000055,280,5.0,PRIMARY_CONTINUES,2025-06-24 02:34:00,True,2025-06-17 17:35:00,3373.67,DOWN,26.190000000000055,1.1007767500863619,4+,7.139999999999873,49.190000000000055,66.83333333333333,0.30009721250921984,2.0674764542477315,0.1151633560609731,0.36650527914291087,-0.30682208001644234,0.30009721250921984,0.42534786983099804,-0.23200792899872794,0.30009721250921984,1.1352416960607985,-0.8923058573628649,0.30009721250921984,1.1352416960607985,-0.8817982518828501,1-2
FULL_2022_202608,2025-06-17 17:35:00,DOWN,3373.67,3400.16,26.48999999999978,24.25122042301461,1.092316161328547,SAME_NEAREST,35.0300000000002,77.77999999999975,MULTI_CHILD_ERA4,CHALLENGE_OPENS,2025-06-26 02:11:00,3337.04,1.382785956964908,2025,36.63000000000011,0.17,0.18,0.18,36.63000000000011,36.45000000000011,36.27000000000011,36.09000000000011,280,1.0,PRIMARY_CONTINUES,2025-06-18 22:14:00,True,2025-06-17 17:35:00,3373.67,DOWN,0.0,0.0,1,78.32999999999993,26.31999999999971,200.6,3.229940540463032,1.0853062048383268,0.30761338480600486,0.6024439077769099,-0.3298803054219875,0.30761338480600486,0.7752187177416594,-0.6605853116075292,0.30761338480600486,0.9207784025091196,-0.05649200230351086,0.30761338480600486,1.0853062048383268,-0.5220355833302892,<=0.5
FULL_2022_202608,2025-06-18 22:14:00,DOWN,3370.62,3396.81,26.19000000000005,24.0917905266892,1.087092301046966,SAME_NEAREST,4.409999999999855,29.36999999999989,MULTI_CHILD_ERA4,CHALLENGE_OPENS,2025-06-26 02:11:00,3337.04,1.2821687667048438,2025,33.57999999999993,0.18,0.18,0.18,33.57999999999993,33.39999999999993,33.21999999999993,33.03999999999993,280,2.0,PRIMARY_CONTINUES,2025-06-18 22:29:00,True,2025-06-17 17:35:00,3373.67,DOWN,3.050000000000182,0.12659914158814192,2,75.27999999999975,26.050000000000182,171.95,3.1247158618867945,1.0812811929084993,0.33662919287859944,0.24697209588506033,0.2494625708015271,0.33662919287859944,0.3752315540841738,-0.175993560765154,0.960493159458824,0.7176718551012585,0.6305052330241862,0.960493159458824,0.7176718551012585,0.005811108138466456,<=0.5
FULL_2022_202608,2025-06-18 22:29:00,DOWN,3366.21,3396.81,30.59999999999991,24.0917905266892,1.2701422074088198,SAME_NEAREST,27.570000000000164,33.779999999999745,MULTI_CHILD_ERA4,CHALLENGE_OPENS,2025-06-26 02:11:00,3337.04,0.9532679738562144,2025,29.170000000000073,0.17,0.18,0.18,29.170000000000073,28.990000000000073,28.810000000000073,28.630000000000074,280,3.0,PRIMARY_CONTINUES,2025-06-19 08:52:00,True,2025-06-17 17:35:00,3373.67,DOWN,7.460000000000036,0.3096490479499957,3,70.86999999999989,30.460000000000036,171.7,2.9416659555249405,1.2643310992703531,0.1535792865167456,0.3499117257665416,0.04150791527479815,0.1535792865167456,0.5582814604460276,-0.23285940469162292,0.7774432530969702,0.9007217614631123,0.5466592441690947,0.7774432530969702,0.9007217614631123,-0.17723879822338737,<=0.5
FULL_2022_202608,2025-06-24 02:34:00,DOWN,3346.94,3393.46,46.51999999999998,23.72245715382659,1.9610110242098595,SAME_NEAREST,6.599999999999909,49.73000000000002,MULTI_CHILD_ERA4,CHALLENGE_OPENS,2025-06-26 02:11:00,3337.04,0.2128116938951009,2025,9.900000000000091,0.16,0.18,0.18,9.900000000000091,9.720000000000091,9.540000000000092,9.360000000000092,280,6.0,PRIMARY_CONTINUES,2025-06-24 03:01:00,True,2025-06-17 17:35:00,3373.67,DOWN,26.730000000000018,1.1267804100844712,4+,51.59999999999991,10.949999999999818,47.61666666666667,2.1751541025199614,0.46158793454638025,0.5813057184835317,0.18126284187665226,-0.10116995825674639,0.5813057184835317,0.3979351691431897,-0.38360275839014507,1.3008770465846202,0.46158793454638025,0.9762900971775595,2.1751541025199614,0.46158793454638025,1.0163365389875316,1-2
FULL_2022_202608,2025-06-24 03:01:00,DOWN,3338.64,3393.46,54.82000000000016,23.72245715382659,2.3108904631811016,SAME_NEAREST,19.37999999999965,58.0300000000002,MULTI_CHILD_ERA4,CHALLENGE_OPENS,2025-06-26 02:11:00,3337.04,0.0291864283108337,2025,1.599999999999909,0.18,0.18,0.18,1.599999999999909,1.4199999999999091,1.2399999999999092,1.059999999999909,280,7.0,PRIMARY_CONTINUES,2025-06-24 09:34:00,True,2025-06-17 17:35:00,3373.67,DOWN,35.0300000000002,1.4766598490557135,4+,43.29999999999973,19.25,47.166666666666664,1.825274663548719,0.8114673735176227,0.23142627951228942,0.6980727119715214,-0.4443047333441929,0.23142627951228942,0.8114673735176227,-0.5404161936881068,0.9509976076133778,0.8114673735176227,0.8371814045745309,1.825274663548719,0.8114673735176227,0.5703456396723755,1-2
FULL_2022_202608,2025-06-24 09:34:00,DOWN,3319.26,3357.89,38.62999999999965,23.747153384745605,1.6267212905111526,SAME_NEAREST,3.7900000000004175,74.19999999999982,MULTI_CHILD_ERA4,CHALLENGE_OPENS,2025-06-26 02:11:00,3337.04,-0.4602640434895134,2025,-17.779999999999745,0.17,0.18,0.18,-17.779999999999745,-17.959999999999745,-18.139999999999745,-18.319999999999744,280,8.0,PRIMARY_CONTINUES,2025-06-24 15:13:00,True,2025-06-17 17:35:00,3373.67,DOWN,54.409999999999854,2.291221988524783,4+,23.920000000000073,17.899999999999636,40.61666666666667,1.0072786246188774,0.7537745560483898,0.13391078705218704,0.38067720595963994,-0.33267145211073335,0.13391078705218704,0.5520661692622539,-0.28424459515791817,1.0072786246188774,0.5520661692622539,0.12085659083012197,1.0072786246188774,0.6708172445726799,-0.4543702491487298,2-3
FULL_2022_202608,2025-06-24 15:13:00,DOWN,3315.47,3357.89,42.42000000000007,23.796835865941468,1.782589930819856,SAME_NEAREST,13.579999999999927,77.99000000000024,MULTI_CHILD_ERA4,CHALLENGE_OPENS,2025-06-26 02:11:00,3337.04,-0.5084865629420114,2025,-21.570000000000164,0.16,0.18,0.18,-21.570000000000164,-21.750000000000163,-21.930000000000163,-22.110000000000163,280,9.0,PRIMARY_CONTINUES,2025-06-24 16:37:00,True,2025-06-17 17:35:00,3373.67,DOWN,58.20000000000027,2.445703299710418,4+,20.129999999999654,21.690000000000055,34.96666666666667,0.8459107804668323,0.9114657142735199,0.46266655205860824,0.1399345702411785,-0.08110321938903431,0.8459107804668323,0.1399345702411785,0.13195031548265232,0.8459107804668323,0.48830021207277957,-0.466868791405205,0.8459107804668323,0.9064230270576267,-0.44753849041092875,2-3
FULL_2022_202608,2025-06-24 16:37:00,DOWN,3301.89,3357.89,56.0,23.800242333352905,2.3529172188941696,SAME_NEAREST,8.440000000000055,91.57000000000016,MULTI_CHILD_ERA4,CHALLENGE_OPENS,2025-06-26 02:11:00,3337.04,-0.6276785714285731,2025,-35.15000000000009,0.16,0.18,0.18,-35.15000000000009,-35.33000000000009,-35.51000000000009,-35.69000000000009,280,10.0,CHALLENGE_OPENS,2025-06-26 02:11:00,False,2025-06-17 17:35:00,3373.67,DOWN,71.7800000000002,3.015935678075428,4+,6.549999999999727,35.26999999999998,33.56666666666667,0.27520728185278875,1.4819176841142379,0.27520728185278875,0.3550384017795781,-0.08655374055217609,0.27520728185278875,0.8083951302057925,-0.7949498889549618,0.27520728185278875,1.3071295478535343,-1.2693148068355884,0.27520728185278875,1.4768757186451835,-0.5113393313203967,3-4
FULL_2022_202608,2025-06-27 05:48:00,DOWN,3309.97,3336.4,26.43000000000029,23.10004954773125,1.1441533900344425,SAME_NEAREST,14.629999999999654,40.33000000000038,MULTI_CHILD_ERA4,SL,2025-07-01 10:13:00,3336.4,-1.0,2025,-26.43000000000029,0.17,0.17,0.17,-26.43000000000029,-26.600000000000293,-26.77000000000029,-26.940000000000293,281,2.0,PRIMARY_CONTINUES,2025-06-27 06:53:00,True,2025-06-26 16:35:00,3311.95,DOWN,1.9800000000000182,0.08571410186410107,2,63.179999999999836,27.269999999999982,100.41666666666667,2.7350590685726472,1.1805169484010167,0.5909078234570393,0.09740238848193214,0.5021634250624017,1.00043075458552,0.09740238848193214,0.8601713151715471,2.3393889215838266,0.09740238848193214,1.9285672919422445,2.3393889215838266,0.09740238848193214,1.530732647431595,<=0.5
FULL_2022_202608,2025-06-27 06:53:00,DOWN,3295.34,3336.4,41.059999999999945,23.10004954773125,1.7774853649191684,SAME_NEAREST,1.8900000000003276,54.96000000000004,MULTI_CHILD_ERA4,SL,2025-07-01 10:13:00,3336.4,-1.0,2025,-41.059999999999945,0.17,0.17,0.17,-41.059999999999945,-41.22999999999995,-41.39999999999995,-41.56999999999994,281,3.0,PRIMARY_CONTINUES,2025-06-27 06:57:00,True,2025-06-26 16:35:00,3311.95,DOWN,16.609999999999673,0.7190460767488271,3,48.55000000000018,41.899999999999636,99.33333333333333,2.1017270936879213,1.8138489232857429,0.1857138873722157,0.09610368996883105,-0.019913377200752147,0.5095227166365953,0.24502111947009855,0.3402590104302218,1.7060569466991005,0.24502111947009855,0.8696951042675692,1.7060569466991005,0.24502111947009855,0.897400672546869,0.5-1
FULL_2022_202608,2025-06-27 06:57:00,DOWN,3293.45,3336.4,42.95000000000027,23.10004954773125,1.8593033712440057,SAME_NEAREST,21.949999999999815,56.85000000000037,MULTI_CHILD_ERA4,SL,2025-07-01 10:13:00,3336.4,-1.0,2025,-42.95000000000027,0.17,0.17,0.17,-42.95000000000027,-43.120000000000275,-43.290000000000276,-43.46000000000027,281,4.0,PRIMARY_CONTINUES,2025-06-27 15:37:00,True,2025-06-26 16:35:00,3311.95,DOWN,18.5,0.8008640830736643,4+,46.659999999999854,43.789999999999964,99.26666666666667,2.019909087363084,1.89566692961058,0.10389588104737854,0.17792169629366822,-0.04285705093206038,0.42770471031175816,0.32683912579493574,0.32770492480364355,1.6242389403742632,0.32683912579493574,0.8004311835692907,1.6242389403742632,0.32683912579493574,0.8155826662220318,0.5-1
FULL_2022_202608,2025-06-27 15:37:00,DOWN,3271.5,3336.4,64.90000000000009,23.12103017156966,2.806968353849698,SAME_NEAREST,26.09999999999991,78.80000000000018,MULTI_CHILD_ERA4,SL,2025-07-01 10:13:00,3336.4,-1.0,2025,-64.90000000000009,0.17,0.17,0.17,-64.90000000000009,-65.07000000000009,-65.2400000000001,-65.4100000000001,281,5.0,CHALLENGE_OPENS,2025-07-01 14:04:00,False,2025-06-26 16:35:00,3311.95,DOWN,40.44999999999982,1.7494895210049246,4+,24.710000000000036,65.73999999999978,90.6,1.0687240065273658,2.8432989149780936,0.6734129009158736,0.20457565968735136,0.3992036657323995,0.6734129009158736,0.30491720947058326,-0.11072171010562501,0.6734129009158736,0.4887325485131287,-0.13450957751113876,0.6734129009158736,0.4887325485131287,-0.13450957751113876,1-2
FULL_2022_202608,2025-06-26 16:35:00,DOWN,3311.95,3350.3,38.35000000000037,23.227845620349303,1.6510355986869023,SAME_NEAREST,16.609999999999673,81.51000000000022,MULTI_CHILD_ERA4,AMBIGUOUS,2025-07-01 14:04:00,,,2025,,0.16,0.16,0.16,,,,,281,1.0,PRIMARY_CONTINUES,2025-06-27 05:48:00,True,2025-06-26 16:35:00,3311.95,DOWN,0.0,0.0,1,65.15999999999985,40.30000000000018,117.48333333333333,2.8052537056176616,1.7349865613319908,0.08524251591655975,0.7224087965049881,-0.16574933650443588,0.08524251591655975,1.0186050134271776,-0.9389592283536289,0.08524251591655975,1.0526159162423687,-0.33365126179461213,2.411760475578602,1.0526159162423687,2.06174953901212,<=0.5
FULL_2022_202608,2025-07-02 22:55:00,UP,3357.91,3333.9,24.009999999999764,22.48076365764964,1.068024216865505,OPPOSITE_NEAREST,35.55000000000018,30.37999999999965,MULTI_CHILD_ERA4,SL,2025-07-03 15:30:00,3333.9,-1.0,2025,-24.009999999999764,0.17,0.16,0.17,-24.009999999999764,-24.179999999999765,-24.349999999999763,-24.519999999999765,282,1.0,CHALLENGE_OPENS,2025-07-03 15:35:00,False,2025-07-02 22:55:00,3357.91,UP,0.0,0.0,1,7.910000000000309,27.889999999999873,16.583333333333332,0.3518563746525014,1.2406162185913825,0.1018648669980005,0.10319934123813766,-0.045816948911753815,0.3518563746525014,0.40879394223215937,-0.33406338478383046,0.3518563746525014,0.7134988937327293,-0.10942688769217856,0.3518563746525014,1.2406162185913825,-0.955928380693032,<=0.5
FULL_2022_202608,2025-07-07 04:14:00,DOWN,3311.58,3342.44,30.860000000000127,21.99262664074655,1.4031975581681848,OPPOSITE_NEAREST,64.78999999999996,33.43000000000029,MULTI_CHILD_ERA4,SL,2025-07-08 01:05:00,3342.44,-1.0,2025,-30.860000000000127,0.17,0.16,0.16,-30.860000000000127,-31.020000000000127,-31.180000000000128,-31.340000000000128,283,1.0,CHALLENGE_OPENS,2025-07-08 01:17:00,False,2025-07-07 04:14:00,3311.58,DOWN,0.0,0.0,1,15.210000000000036,30.960000000000036,20.85,0.6915954264335079,1.4077445366457184,0.22325664324710157,0.38740256628622355,-0.15641605962730434,0.28645964408487185,0.38740256628622355,0.012276841889351355,0.6915954264335079,0.38740256628622355,0.19006370036107448,0.6915954264335079,1.4077445366457184,-1.4077445366457184,<=0.5
FULL_2022_202608,2025-07-09 05:50:00,DOWN,3287.08,3310.35,23.269999999999985,21.66385567329901,1.074139356858833,SAME_NEAREST,40.28999999999997,58.61999999999989,MULTI_CHILD_ERA4,SL,2025-07-09 17:34:00,3310.35,-1.0,2025,-23.269999999999982,0.16,0.16,0.16,-23.269999999999982,-23.429999999999982,-23.589999999999982,-23.749999999999982,284,2.0,CHALLENGE_OPENS,2025-07-11 03:31:00,False,2025-07-08 17:42:00,3296.37,DOWN,9.289999999999964,0.42882486571630973,2,4.420000000000073,23.470000000000255,11.733333333333333,0.20402647001788243,1.0833713238279805,0.09739725152437802,0.32911962244966064,-0.3194260571320674,0.09739725152437802,0.4925254378033449,-0.212796838638563,0.20402647001788243,1.0833713238279805,-1.0833713238279805,0.20402647001788243,1.0833713238279805,-1.0833713238279805,<=0.5
FULL_2022_202608,2025-07-08 17:42:00,DOWN,3296.37,3339.4,43.0300000000002,21.673986541454624,1.9853292756133771,OPPOSITE_NEAREST,49.57999999999993,49.32999999999993,MULTI_CHILD_ERA4,CHALLENGE_OPENS,2025-07-11 03:31:00,3330.26,-0.7875900534510846,2025,-33.89000000000033,0.16,0.16,0.16,-33.89000000000033,-34.050000000000324,-34.21000000000033,-34.370000000000324,284,1.0,PRIMARY_CONTINUES,2025-07-09 05:50:00,True,2025-07-08 17:42:00,3296.37,DOWN,0.0,0.0,1,13.710000000000036,36.539999999999964,57.81666666666667,0.6325555279725622,1.6858919760844155,0.4286244241331192,0.1471810455311818,-0.05905697124762976,0.4286244241331192,0.6450128578451063,-0.3787951046429427,0.4286244241331192,0.6450128578451063,0.07566674441100793,0.6325555279725622,0.740057670946743,-0.6551632747783028,<=0.5
FULL_2022_202608,2025-07-11 13:27:00,UP,3345.7,3331.12,14.579999999999927,21.07476650701144,0.6918226114224922,SAME_NEAREST,20.120000000000346,35.6899999999996,MULTI_CHILD_ERA4,CHALLENGE_OPENS,2025-07-15 16:26:00,3341.0,-0.3223593964334596,2025,-4.699999999999818,0.16,0.16,0.16,-4.699999999999818,-4.859999999999818,-5.019999999999818,-5.1799999999998185,285,1.0,PRIMARY_CONTINUES,2025-07-11 18:19:00,True,2025-07-11 13:27:00,3345.7,UP,0.0,0.0,1,29.300000000000182,6.2599999999997635,98.98333333333333,1.3902882383181925,0.29703769187274753,0.1224212851488548,0.17366740451345908,-0.003321507736582534,0.6410509931631047,0.17366740451345908,0.42657649360002736,1.087556533182692,0.17366740451345908,0.44033702565163907,1.087556533182692,0.17366740451345908,0.44033702565163907,<=0.5
FULL_2022_202608,2025-07-11 18:19:00,UP,3365.82,3331.12,34.70000000000027,21.092628915305816,1.6451244716499185,SAME_NEAREST,27.639999999999876,55.809999999999945,MULTI_CHILD_ERA4,CHALLENGE_OPENS,2025-07-15 16:26:00,3341.0,-0.7152737752161374,2025,-24.820000000000164,0.16,0.16,0.16,-24.820000000000164,-24.980000000000164,-25.140000000000164,-25.300000000000164,285,2.0,CHALLENGE_OPENS,2025-07-15 16:26:00,False,2025-07-11 13:27:00,3345.7,UP,20.120000000000346,0.9538877339941403,2,9.179999999999836,26.38000000000011,94.11666666666666,0.4352231311165955,1.2506738778710285,0.13274779598326475,0.5570666438583974,-0.5181905036061656,0.13274779598326475,0.7860565919295694,-0.40867357191996406,0.13274779598326475,0.7860565919295694,-0.513923610163839,0.13274779598326475,0.7860565919295694,-0.513923610163839,0.5-1
FULL_2022_202608,2025-07-16 17:33:00,DOWN,3320.21,3343.01,22.800000000000185,20.5179002969558,1.11122481686798,SAME_NEAREST,10.199999999999818,46.09000000000015,MULTI_CHILD_ERA4,SL,2025-07-16 18:01:00,3343.01,-1.0,2025,-22.800000000000182,0.17,0.17,0.17,-22.800000000000182,-22.970000000000184,-23.14000000000018,-23.310000000000183,286,1.0,CHALLENGE_OPENS,2025-07-16 18:16:00,False,2025-07-16 17:33:00,3320.21,DOWN,0.0,0.0,1,0.5799999999999272,23.289999999999964,0.4666666666666667,0.02826799972733958,1.135106402844518,0.02826799972733958,1.135106402844518,-0.9732964733707526,0.02826799972733958,1.135106402844518,-0.9732964733707526,0.02826799972733958,1.135106402844518,-0.9732964733707526,0.02826799972733958,1.135106402844518,-0.9732964733707526,<=0.5
FULL_2022_202608,2025-07-16 18:30:00,UP,3375.0,3310.01,64.98999999999978,20.5179002969558,3.1674781073793508,SAME_NEAREST,18.46000000000004,64.98999999999978,MULTI_CHILD_ERA4,CHALLENGE_OPENS,2025-07-17 15:30:00,3319.63,-0.8519772272657343,2025,-55.36999999999989,0.17,0.17,0.17,-55.36999999999989,-55.53999999999989,-55.709999999999894,-55.87999999999989,287,1.0,CHALLENGE_OPENS,2025-07-17 15:30:00,False,2025-07-16 18:30:00,3375.0,UP,0.0,0.0,1,2.2199999999998,60.07999999999993,21.0,0.10819820585292428,2.928174868308229,0.10819820585292428,1.9110142574295257,-1.116098609924414,0.10819820585292428,1.9110142574295257,-1.37002322816486,0.10819820585292428,1.9110142574295257,-1.7267848798961418,0.10819820585292428,2.928174868308229,-2.7956076971731125,<=0.5
FULL_2022_202608,2025-07-17 15:54:00,DOWN,3310.01,3344.69,34.67999999999984,20.54257633112733,1.6882011019937475,SAME_NEAREST,27.350000000000364,67.20999999999958,MULTI_CHILD_ERA4,SL,2025-07-18 10:14:00,3344.69,-1.0,2025,-34.679999999999836,0.17,0.17,0.17,-34.679999999999836,-34.84999999999984,-35.01999999999984,-35.189999999999834,288,1.0,CHALLENGE_OPENS,2025-07-21 08:11:00,False,2025-07-17 15:54:00,3310.01,DOWN,0.0,0.0,1,0.21000000000003638,34.76999999999998,18.333333333333332,0.010222671032835933,1.6925822467221123,0.010222671032835933,0.5145411086526386,-0.45271828859692814,0.010222671032835933,1.4545400498146723,-1.4224116551400579,0.010222671032835933,1.6550991196017213,-1.4063474578027506,0.010222671032835933,1.6925822467221123,-1.6512047687320517,<=0.5
FULL_2022_202608,2025-07-21 15:18:00,UP,3377.22,3362.73,14.489999999999782,20.026530540810896,0.7235402043539922,SAME_NEAREST,16.240000000000236,32.31999999999971,MULTI_CHILD_ERA4,CHALLENGE_OPENS,2025-07-23 19:21:00,3383.27,0.4175293305728276,2025,6.050000000000182,0.17,0.17,0.17,6.050000000000182,5.880000000000182,5.710000000000182,5.540000000000182,289,1.0,PRIMARY_CONTINUES,2025-07-21 16:46:00,True,2025-07-21 15:18:00,3377.22,UP,0.0,0.0,1,61.75,1.2099999999995816,52.05,3.083409773558295,0.060419851433267155,0.59171507395412,0.060419851433267155,0.5897177234935174,1.2133904048172814,0.060419851433267155,0.9866911275386653,1.270814230559667,0.060419851433267155,0.7789666796357979,1.270814230559667,0.060419851433267155,0.869846125593291,<=0.5
FULL_2022_202608,2025-07-21 16:46:00,UP,3393.46,3362.73,30.730000000000015,20.058883148917506,1.5319895814667226,SAME_NEAREST,3.2100000000000364,48.559999999999945,MULTI_CHILD_ERA4,CHALLENGE_OPENS,2025-07-23 19:21:00,3383.27,-0.3315977871786543,2025,-10.190000000000055,0.17,0.17,0.17,-10.190000000000055,-10.360000000000054,-10.530000000000054,-10.700000000000054,289,2.0,PRIMARY_CONTINUES,2025-07-21 17:25:00,True,2025-07-21 15:18:00,3377.22,UP,16.240000000000236,0.8096163619596459,2,45.50999999999976,12.0300000000002,50.583333333333336,2.2688202360087906,0.5997342878309458,0.40181698752429845,0.36343000484517873,0.2612308951150435,0.40181698752429845,0.36343000484517873,-0.04536643407531707,0.45914819542169083,0.36343000484517873,-0.24128960541162234,1.2682660251387399,0.508004355195118,1.2318731714299622,0.5-1
FULL_2022_202608,2025-07-21 17:25:00,UP,3396.81,3362.73,34.07999999999993,20.058883148917506,1.698997882733022,SAME_NEAREST,3.1799999999998363,51.909999999999854,MULTI_CHILD_ERA4,CHALLENGE_OPENS,2025-07-23 19:21:00,3383.27,-0.3973004694835678,2025,-13.539999999999964,0.17,0.17,0.17,-13.539999999999964,-13.709999999999964,-13.879999999999963,-14.049999999999963,289,3.0,PRIMARY_CONTINUES,2025-07-21 17:33:00,True,2025-07-21 15:18:00,3377.22,UP,19.590000000000146,0.9766246632259452,3,42.159999999999854,15.38000000000011,49.93333333333333,2.101811934742491,0.7667425890972451,0.23480868625799914,0.062316530323247694,0.1804686718161199,0.23480868625799914,0.2687088787538377,-0.11615801252253008,0.29213989415539154,0.5837812560681862,-0.3006149422793342,1.2109348172413474,0.6750126564614173,1.18152141492879,0.5-1
FULL_2022_202608,2025-07-21 17:33:00,UP,3399.99,3362.73,37.25999999999976,20.058883148917506,1.857531135875356,SAME_NEAREST,51.46000000000004,55.08999999999969,MULTI_CHILD_ERA4,CHALLENGE_OPENS,2025-07-23 19:21:00,3383.27,-0.4487385936661274,2025,-16.7199999999998,0.17,0.17,0.17,-16.7199999999998,-16.8899999999998,-17.0599999999998,-17.2299999999998,289,4.0,PRIMARY_CONTINUES,2025-07-22 15:42:00,True,2025-07-21 15:18:00,3377.22,UP,22.769999999999982,1.1351579163682792,4+,38.98000000000002,18.559999999999945,49.8,1.943278681600157,0.925275842239579,0.07627543311566516,0.22084978346558168,-0.005982386911026338,0.07627543311566516,0.4272421318961717,-0.2891487006998557,0.13360664101305758,0.7423145092105202,-0.5434001444187018,1.3460370549821503,0.8335459096037512,1.2842190569014995,1-2
FULL_2022_202608,2025-07-22 15:42:00,UP,3402.67,3383.27,19.40000000000009,19.825078686012613,0.9785585372575376,SAME_NEAREST,48.77999999999975,57.76999999999998,MULTI_CHILD_ERA4,AMBIGUOUS,2025-07-23 19:21:00,,,2025,,0.17,0.17,0.17,,,,,289,5.0,CHALLENGE_OPENS,2025-07-23 19:21:00,False,2025-07-21 15:18:00,3377.22,UP,25.450000000000273,1.2837275656290972,4+,36.29999999999973,21.240000000000236,27.65,1.831014170229288,1.0713702748118679,0.7581306605660038,0.092307325937176,0.7404762539660014,1.4088216466805537,0.092307325937176,1.3412304899833993,1.831014170229288,0.092307325937176,1.5112172049606045,1.831014170229288,0.092307325937176,1.1702349517718862,1-2
FULL_2022_202608,2025-07-24 05:13:00,DOWN,3381.43,3433.74,52.309999999999945,19.64633704072541,2.662582846439271,SAME_NEAREST,36.52999999999975,52.309999999999945,MULTI_CHILD_ERA4,CHALLENGE_OPENS,2025-08-01 15:31:00,3314.8,1.2737526285604994,2025,66.62999999999965,0.18,0.2,0.2,66.62999999999965,66.42999999999965,66.22999999999965,66.02999999999966,290,1.0,PRIMARY_CONTINUES,2025-07-25 11:19:00,True,2025-07-24 05:13:00,3381.43,DOWN,0.0,0.0,1,113.41999999999962,7.430000000000291,202.3,5.773086339956823,0.3781875463399843,0.34153949339720174,0.3781875463399843,0.21581631177407645,0.35273750957414896,0.3781875463399843,0.27689640001203963,1.5320922133018906,0.3781875463399843,0.5543018007593835,1.5320922133018906,0.3781875463399843,0.7619741007684074,<=0.5
FULL_2022_202608,2025-07-25 11:19:00,DOWN,3351.33,3373.45,22.11999999999989,19.491917967488373,1.1348293193566197,SAME_NEAREST,6.429999999999836,82.40999999999985,MULTI_CHILD_ERA4,CHALLENGE_OPENS,2025-08-01 15:31:00,3314.8,1.651446654611208,2025,36.529999999999745,0.17,0.2,0.2,36.529999999999745,36.32999999999974,36.12999999999975,35.929999999999744,290,2.0,PRIMARY_CONTINUES,2025-07-25 11:30:00,True,2025-07-24 05:13:00,3381.43,DOWN,30.09999999999991,1.5442297700105927,2,83.31999999999971,0.6599999999998545,172.2,4.274592173996097,0.033860187648065435,0.42376537874708203,0.033860187648065435,0.23189098207468012,0.6505260293599376,0.033860187648065435,0.41042651694633814,1.3487641413149019,0.033860187648065435,0.7059336091476895,1.3487641413149019,0.033860187648065435,0.7495414265732566,1-2
FULL_2022_202608,2025-07-25 11:30:00,DOWN,3344.9,3373.45,28.549999999999727,19.491917967488373,1.4647096323522304,SAME_NEAREST,13.099999999999907,88.83999999999969,MULTI_CHILD_ERA4,CHALLENGE_OPENS,2025-08-01 15:31:00,3314.8,1.0542907180385357,2025,30.09999999999991,0.17,0.2,0.2,30.09999999999991,29.89999999999991,29.69999999999991,29.499999999999908,290,3.0,PRIMARY_CONTINUES,2025-07-25 17:52:00,True,2025-07-24 05:13:00,3381.43,DOWN,36.529999999999745,1.8741100830062036,3,76.88999999999987,4.239999999999782,172.01666666666668,3.9447118610004863,0.21752605398154803,0.09388506575147113,0.21752605398154803,-0.11030212642933304,0.3206457163643267,0.21752605398154803,0.17084003767890954,1.018883828319291,0.21752605398154803,0.3960615888532294,1.018883828319291,0.21752605398154803,0.4196611135776457,1-2
FULL_2022_202608,2025-07-25 17:52:00,DOWN,3331.8,3373.45,41.64999999999964,19.442952271490583,2.14216439038795,SAME_NEAREST,22.0,101.9399999999996,MULTI_CHILD_ERA4,CHALLENGE_OPENS,2025-08-01 15:31:00,3314.8,0.408163265306126,2025,17.0,0.17,0.2,0.2,17.0,16.8,16.6,16.4,290,4.0,PRIMARY_CONTINUES,2025-07-28 16:47:00,True,2025-07-24 05:13:00,3381.43,DOWN,49.629999999999654,2.5525958870337133,4+,63.789999999999964,13.519999999999982,165.65,3.280880347247262,0.6953676484524682,0.3476838242262458,0.2119019757118415,0.19955817130145387,0.3476838242262458,0.3872868633762511,-0.3831722619061219,0.3476838242262458,0.4351191054665617,-0.253047990413157,0.3476838242262458,0.4351191054665617,-0.253047990413157,2-3
FULL_2022_202608,2025-07-28 16:47:00,DOWN,3319.28,3345.32,26.039999999999964,19.31435433022859,1.3482200623836114,SAME_NEAREST,9.480000000000018,114.45999999999958,MULTI_CHILD_ERA4,CHALLENGE_OPENS,2025-08-01 15:31:00,3314.8,0.1720430107526891,2025,4.480000000000018,0.17,0.2,0.2,4.480000000000018,4.280000000000018,4.080000000000018,3.880000000000018,290,5.0,PRIMARY_CONTINUES,2025-07-28 16:53:00,True,2025-07-24 05:13:00,3381.43,DOWN,62.149999999999636,3.2178140121789967,4+,51.26999999999998,14.779999999999745,94.73333333333333,2.6545024039327125,0.7652339678198717,0.9096861173609949,0.025887481996613157,0.31220303287916507,0.9096861173609949,0.025887481996613157,0.4561374327803446,0.9096861173609949,0.07766244598983947,-0.0010354992798635846,0.9096861173609949,0.5534743650875686,0.16671538405820194,3-4
FULL_2022_202608,2025-07-28 16:53:00,DOWN,3309.8,3345.32,35.51999999999998,19.31435433022859,1.839046721039398,SAME_NEAREST,27.140000000000327,123.9399999999996,MULTI_CHILD_ERA4,CHALLENGE_OPENS,2025-08-01 15:31:00,3314.8,-0.1407657657657658,2025,-5.0,0.17,0.2,0.2,-5.0,-5.2,-5.4,-5.6,290,6.0,PRIMARY_CONTINUES,2025-07-30 16:33:00,True,2025-07-24 05:13:00,3381.43,DOWN,71.62999999999965,3.708640670834783,4+,41.789999999999964,24.259999999999764,94.63333333333334,2.163675745276926,1.2560606264756582,0.41885945870520847,0.2588748199661316,0.009319493518795805,0.41885945870520847,0.38002823571026517,-0.005695246039237943,0.41885945870520847,0.5684891046456259,-0.377957237150538,0.41885945870520847,1.044301023743355,-0.34844550767441407,3-4
FULL_2022_202608,2025-07-30 16:33:00,DOWN,3301.71,3333.98,32.26999999999998,19.002363690097376,1.6982097872811852,SAME_NEAREST,19.050000000000185,32.34999999999991,MULTI_CHILD_ERA4,CHALLENGE_OPENS,2025-08-01 15:31:00,3314.8,-0.4056399132321088,2025,-13.090000000000146,0.18,0.2,0.2,-13.090000000000146,-13.290000000000145,-13.490000000000146,-13.690000000000145,290,7.0,PRIMARY_CONTINUES,2025-07-30 21:50:00,True,2025-07-24 05:13:00,3381.43,DOWN,79.7199999999998,4.195267562505603,4+,33.69999999999982,17.409999999999854,46.96666666666667,1.7734635832468444,0.9162018096239605,0.17734635832467965,0.35100896439930696,-0.055782534072450096,0.6935979236555858,0.35100896439930696,0.14261383710976375,1.7734635832468444,0.35100896439930696,0.7830604783001003,1.7734635832468444,0.688861670762658,-0.33522145475615034,4-6
FULL_2022_202608,2025-07-30 21:50:00,DOWN,3282.66,3333.98,51.32000000000016,19.049795002930168,2.693992244646534,SAME_NEAREST,35.86999999999989,51.40000000000009,MULTI_CHILD_ERA4,CHALLENGE_OPENS,2025-08-01 15:31:00,3314.8,-0.6262665627435742,2025,-32.14000000000033,0.18,0.2,0.2,-32.14000000000033,-32.34000000000033,-32.540000000000326,-32.74000000000033,290,8.0,CHALLENGE_OPENS,2025-08-01 15:31:00,False,2025-07-24 05:13:00,3381.43,DOWN,98.76999999999998,5.184832696877187,4+,14.649999999999636,36.460000000000036,41.68333333333333,0.7690371470005966,1.9139313569721825,0.7690371470005966,0.2110258928970963,0.4661467484890922,0.7690371470005966,0.2110258928970963,0.16903069033050022,0.7690371470005966,1.151718430388638,-0.8881985342833086,0.7690371470005966,1.6871572631126306,-0.675072881257885,4-6
FULL_2022_202608,2025-08-04 14:51:00,UP,3368.76,3351.67,17.090000000000146,19.05934085808537,0.8966731917567973,SAME_NEAREST,64.97999999999956,87.15000000000009,MULTI_CHILD_ERA4,SL,2025-08-05 14:00:00,3351.67,-1.0,2025,-17.090000000000146,0.18,0.19,0.18,-17.090000000000146,-17.270000000000145,-17.450000000000145,-17.630000000000145,291,3.0,PRIMARY_CONTINUES,2025-08-05 17:35:00,True,2025-08-01 15:37:00,3334.06,UP,34.70000000000027,1.8206295935611965,3,16.559999999999945,17.40000000000009,23.15,0.868865304592884,0.9129381823620961,0.14271217563360378,0.40400137955105475,-0.04197416930401374,0.868865304592884,0.40400137955105475,0.33264529173421703,0.868865304592884,0.40400137955105475,0.46853666485593826,0.868865304592884,0.9129381823620961,-0.8510262826386985,1-2
FULL_2022_202608,2025-08-07 22:33:00,UP,3397.36,3371.74,25.620000000000346,18.49579702172743,1.38517956105941,OPPOSITE_NEAREST,36.37999999999965,32.2800000000002,MULTI_CHILD_ERA4,SL,2025-08-11 04:08:00,3371.74,-1.0,2025,-25.620000000000346,0.16,0.2,0.16,-25.620000000000346,-25.780000000000346,-25.940000000000346,-26.100000000000346,291,8.0,CHALLENGE_OPENS,2025-08-11 09:31:00,False,2025-08-01 15:37:00,3334.06,UP,63.30000000000018,3.422399149690075,4+,11.199999999999818,26.820000000000164,77.58333333333333,0.6055429775122924,1.4500591657928612,0.23843254739546113,0.14111314029528446,0.020004544792811225,0.6055429775122924,0.5103862239032291,0.13786916005858976,0.6055429775122924,0.8737120104106242,0.0027033168638794544,0.6055429775122924,1.1180918549066594,-0.058391644260110925,3-4
FULL_2022_202608,2025-08-01 15:37:00,UP,3334.06,3285.22,48.84000000000015,18.955292216757968,2.576589136242476,SAME_NEAREST,11.260000000000218,66.04999999999973,MULTI_CHILD_ERA4,CHALLENGE_OPENS,2025-08-11 09:31:00,3365.08,0.6351351351351329,2025,31.019999999999982,0.18,0.18,0.18,31.019999999999982,30.839999999999982,30.659999999999982,30.479999999999983,291,1.0,PRIMARY_CONTINUES,2025-08-01 16:05:00,True,2025-08-01 15:37:00,3334.06,UP,0.0,0.0,1,74.5,3.7599999999997635,233.9,3.93030079136085,0.19836148960423983,1.0872952927509747,0.19836148960423983,0.49168326678501695,1.109452693185496,0.19836148960423983,0.3787860359996008,1.549962916109828,0.19836148960423983,1.5156717011516414,1.549962916109828,0.19836148960423983,1.5156717011516414,<=0.5
FULL_2022_202608,2025-08-01 16:05:00,UP,3345.32,3285.22,60.10000000000037,19.141151704442645,3.1398319666444734,OPPOSITE_NEAREST,88.41999999999962,63.71000000000004,MULTI_CHILD_ERA4,CHALLENGE_OPENS,2025-08-11 09:31:00,3365.08,0.3287853577370989,2025,19.759999999999764,0.18,0.18,0.18,19.759999999999764,19.579999999999764,19.399999999999764,19.219999999999764,291,2.0,PRIMARY_CONTINUES,2025-08-04 14:51:00,True,2025-08-01 15:37:00,3334.06,UP,11.260000000000218,0.588261363467841,2,63.23999999999978,6.600000000000364,233.43333333333334,3.3038764321230385,0.3448068382671305,0.48847635421173646,0.3448068382671305,0.17710533056446423,0.510418607556011,0.3448068382671305,0.13949003911712968,0.9466515014242457,0.3448068382671305,0.9126932522009649,0.9466515014242457,0.3448068382671305,0.9126932522009649,0.5-1
FULL_2022_202608,2025-08-05 17:35:00,UP,3382.36,3349.77,32.590000000000146,18.81792733199024,1.7318591694526082,SAME_NEAREST,2.9600000000000364,37.32999999999993,MULTI_CHILD_ERA4,CHALLENGE_OPENS,2025-08-11 09:31:00,3365.08,-0.5302239950905223,2025,-17.2800000000002,0.18,0.18,0.18,-17.2800000000002,-17.4600000000002,-17.6400000000002,-17.8200000000002,291,4.0,PRIMARY_CONTINUES,2025-08-05 17:51:00,True,2025-08-01 15:37:00,3334.06,UP,48.30000000000018,2.5667013772494904,4+,26.199999999999818,24.220000000000255,135.93333333333334,1.392289359915858,1.2870705456932314,0.2954629328676392,0.0770541821327629,0.022850550563495997,0.4272521547222719,0.2890860350359693,-0.13232063000728395,0.4272521547222719,0.49155254119167074,-0.2821777290516481,0.4272521547222719,1.2870705456932314,-0.3958990737165493,2-3
FULL_2022_202608,2025-08-05 17:51:00,UP,3385.32,3349.77,35.55000000000018,18.81792733199024,1.8891559826339448,OPPOSITE_NEAREST,48.41999999999962,40.28999999999997,MULTI_CHILD_ERA4,CHALLENGE_OPENS,2025-08-11 09:31:00,3365.08,-0.5693389592123806,2025,-20.240000000000236,0.18,0.18,0.18,-20.240000000000236,-20.420000000000236,-20.600000000000236,-20.780000000000236,291,5.0,PRIMARY_CONTINUES,2025-08-07 04:31:00,True,2025-08-01 15:37:00,3334.06,UP,51.26000000000022,2.723998190430827,4+,23.23999999999978,27.18000000000029,135.66666666666666,1.2349925467345213,1.444367358874568,0.24976183174062305,0.1700506088447006,0.24179070945102354,0.2699553415409353,0.44638284821730584,-0.28589758612013433,0.2699553415409353,0.6488493543730074,-0.5032435205497565,0.2699553415409353,1.444367358874568,-0.45488537865953244,2-3
FULL_2022_202608,2025-08-07 04:31:00,UP,3379.96,3358.14,21.820000000000164,18.48345599875812,1.1805151591491454,SAME_NEAREST,10.440000000000056,21.820000000000164,MULTI_CHILD_ERA4,CHALLENGE_OPENS,2025-08-11 09:31:00,3365.08,-0.681943171402383,2025,-14.88000000000011,0.18,0.18,0.18,-14.88000000000011,-15.060000000000109,-15.240000000000109,-15.420000000000108,291,6.0,PRIMARY_CONTINUES,2025-08-07 10:25:00,True,2025-08-01 15:37:00,3334.06,UP,45.90000000000009,2.4833018242413134,4+,28.59999999999991,15.470000000000255,101.0,1.5473296769782396,0.8369646889109733,0.2229020373828741,0.10333565325273503,-0.048692192632187443,0.2229020373828741,0.1920636487158409,-0.11956638413013905,0.941382390888867,0.45608353765476745,0.4165887591864406,1.5473296769782396,0.45608353765476745,0.24670710933638848,2-3
FULL_2022_202608,2025-08-07 10:25:00,UP,3390.4,3365.08,25.320000000000164,18.458714576542796,1.3717098173334694,OPPOSITE_NEAREST,43.33999999999969,32.26000000000022,MULTI_CHILD_ERA4,AMBIGUOUS,2025-08-11 09:31:00,,,2025,,0.19,0.18,0.19,,,,,291,7.0,PRIMARY_CONTINUES,2025-08-07 22:33:00,True,2025-08-01 15:37:00,3334.06,UP,56.340000000000146,3.0522168684268305,4+,18.159999999999854,25.91000000000031,95.1,0.9838171517683822,1.4036730397752915,0.3770576749068299,0.9307256975430193,-0.7887873199200279,0.3770576749068299,1.0109046284140124,-0.5319980413197001,0.3770576749068299,1.0109046284140124,-0.05905069908742778,0.9838171517683822,1.0109046284140124,0.301754489832029,3-4
FULL_2022_202608,2025-08-12 14:20:00,DOWN,3341.25,3358.08,16.829999999999927,18.532127451516267,0.9081526146434378,SAME_NEAREST,59.63999999999987,63.55000000000018,MULTI_CHILD_ERA4,SL,2025-08-12 18:29:00,3358.08,-1.0,2025,-16.829999999999927,0.19,0.18,0.18,-16.829999999999927,-17.009999999999927,-17.189999999999927,-17.369999999999926,292,4.0,CHALLENGE_OPENS,2025-08-13 10:13:00,False,2025-08-11 10:49:00,3358.14,DOWN,16.889999999999873,0.9113902353730015,4+,10.170000000000073,17.800000000000182,4.15,0.5487767136615489,0.9604941497714455,0.27789577928780795,0.38419765990856836,0.026980172746388642,0.5487767136615489,0.9065338042786683,-0.25685124454563163,0.5487767136615489,0.9604941497714455,-0.7252270434229297,0.5487767136615489,0.9604941497714455,-0.7252270434229297,0.5-1
FULL_2022_202608,2025-08-11 10:49:00,DOWN,3358.14,3404.8,46.66000000000031,18.577363545070472,2.5116588738115966,SAME_NEAREST,8.36999999999989,50.42000000000007,MULTI_CHILD_ERA4,CHALLENGE_OPENS,2025-08-13 10:13:00,3359.05,-0.0195027861123082,2025,-0.9100000000003092,0.19,0.18,0.18,-0.9100000000003092,-1.0900000000003092,-1.270000000000309,-1.4500000000003093,292,1.0,PRIMARY_CONTINUES,2025-08-11 15:28:00,True,2025-08-11 10:49:00,3358.14,DOWN,0.0,0.0,1,27.059999999999945,7.680000000000291,47.4,1.456611425746704,0.4134063469968638,0.06620961026121494,0.4134063469968638,-0.21370093718458233,0.4478568759132365,0.4134063469968638,0.20993291058434183,0.9091709896844677,0.4134063469968638,0.2503046241582528,0.9091709896844677,0.4134063469968638,0.11680882460718627,<=0.5
FULL_2022_202608,2025-08-11 15:28:00,DOWN,3349.77,3404.8,55.0300000000002,18.602767080931194,2.958162071297921,SAME_NEAREST,4.739999999999782,55.0300000000002,MULTI_CHILD_ERA4,CHALLENGE_OPENS,2025-08-13 10:13:00,3359.05,-0.1686352898419074,2025,-9.2800000000002,0.18,0.18,0.18,-9.2800000000002,-9.4600000000002,-9.6400000000002,-9.8200000000002,292,2.0,PRIMARY_CONTINUES,2025-08-11 15:30:00,True,2025-08-11 10:49:00,3358.14,DOWN,8.36999999999989,0.44993306445144804,2,18.690000000000055,13.0300000000002,42.75,1.0046892442769053,0.700433432473421,0.28812917866903826,0.4811112218447348,-0.02580261301513812,0.4456326289489291,0.700433432473421,0.12955061951349325,0.4579963810186833,0.700433432473421,-0.04891745384118967,0.7348369164935971,0.700433432473421,0.47304790527752405,<=0.5
FULL_2022_202608,2025-08-11 15:30:00,DOWN,3345.03,3404.8,59.76999999999998,18.602767080931194,3.2129628748223884,OPPOSITE_NEAREST,63.42000000000007,59.76999999999998,MULTI_CHILD_ERA4,CHALLENGE_OPENS,2025-08-13 10:13:00,3359.05,-0.2345658357035299,2025,-14.019999999999982,0.18,0.18,0.18,-14.019999999999982,-14.199999999999982,-14.379999999999981,-14.559999999999981,292,3.0,PRIMARY_CONTINUES,2025-08-12 14:20:00,True,2025-08-11 10:49:00,3358.14,DOWN,13.109999999999673,0.7047338679759155,3,13.950000000000273,17.769999999999982,42.71666666666667,0.7498884407524379,0.9552342359978886,0.03332837514457072,0.7359120253692024,-0.2693147733454812,0.19083182542446156,0.9552342359978886,-0.05321788934370862,0.20319557749421574,0.9552342359978886,-0.31016891061946006,0.48003611296912957,0.9552342359978886,-0.2413619425790836,0.5-1
FULL_2022_202608,2025-08-18 02:16:00,DOWN,3329.8,3339.55,9.75,18.084529056108103,0.5391348577422261,OPPOSITE_NEAREST,48.190000000000055,18.96000000000004,MULTI_CHILD_ERA4,SL,2025-08-18 03:20:00,3339.55,-1.0,2025,-9.75,0.17,0.19,0.19,-9.75,-9.94,-10.13,-10.32,293,3.0,CHALLENGE_OPENS,2025-08-18 06:45:00,False,2025-08-14 10:45:00,3349.9,DOWN,20.09999999999991,1.1114472451916615,3,6.330000000000382,10.029999999999745,1.0666666666666667,0.350022938411128,0.554617704938912,0.350022938411128,0.33288121472904536,-0.30025664385027695,0.350022938411128,0.554617704938912,-0.491027439666747,0.350022938411128,0.554617704938912,-0.491027439666747,0.350022938411128,0.554617704938912,-0.491027439666747,1-2
FULL_2022_202608,2025-08-14 10:45:00,DOWN,3349.9,3374.78,24.88000000000011,18.335500713987187,1.3569304917329292,SAME_NEAREST,18.820000000000164,54.90000000000009,MULTI_CHILD_ERA4,CHALLENGE_OPENS,2025-08-18 06:45:00,3348.76,0.045819935691313,2025,1.1399999999998727,0.17,0.17,0.17,1.1399999999998727,0.9699999999998726,0.7999999999998726,0.6299999999998727,293,1.0,PRIMARY_CONTINUES,2025-08-14 19:16:00,True,2025-08-14 10:45:00,3349.9,DOWN,0.0,0.0,1,26.43000000000029,9.279999999999745,92.0,1.4414659524317346,0.5061219840547099,0.46030921825666987,0.14343758815344598,0.19415886457271433,0.46030921825666987,0.5061219840547099,-0.23069999919735892,1.0962340387392135,0.5061219840547099,0.5917482248915633,1.0962340387392135,0.5061219840547099,0.3855907788003211,<=0.5
FULL_2022_202608,2025-08-14 19:16:00,DOWN,3331.08,3366.4,35.320000000000164,18.365902419039,1.9231290243263908,OPPOSITE_NEAREST,49.4699999999998,43.70000000000027,MULTI_CHILD_ERA4,CHALLENGE_OPENS,2025-08-18 06:45:00,3348.76,-0.5005662514156345,2025,-17.68000000000029,0.16,0.17,0.17,-17.68000000000029,-17.850000000000293,-18.02000000000029,-18.190000000000293,293,2.0,PRIMARY_CONTINUES,2025-08-18 02:16:00,True,2025-08-14 10:45:00,3349.9,DOWN,18.820000000000164,1.024725035045946,2,7.610000000000127,17.789999999999964,83.48333333333333,0.4143548096014725,0.9686428466241862,0.06969437007749939,0.3544612103161145,-0.34520492679019077,0.06969437007749939,0.5412203426331919,-0.19111503044694278,0.06969437007749939,0.787873074235652,-0.7660935835864242,0.06969437007749939,0.9626534866956677,-0.46608109989336693,1-2
FULL_2022_202608,2025-08-19 16:10:00,DOWN,3326.09,3345.33,19.23999999999978,17.763439741885964,1.083123554872771,SAME_NEAREST,2.6200000000003456,32.26999999999998,MULTI_CHILD_ERA4,AMBIGUOUS,2025-08-20 16:44:00,,,2025,,0.17,0.16,0.16,,,,,294,1.0,PRIMARY_CONTINUES,2025-08-19 17:47:00,True,2025-08-19 16:10:00,3326.09,DOWN,0.0,0.0,1,14.640000000000327,22.190000000000055,24.566666666666666,0.8241647007971882,1.2491949938995384,0.02139225316277421,0.7419734123296833,-0.5162288460594335,0.5212954323348341,0.7419734123296833,0.45768162687712294,0.7875726888082377,0.7419734123296833,0.676107790749603,0.8241647007971882,1.054412899312227,-0.8810230578876644,<=0.5
FULL_2022_202608,2025-08-19 17:47:00,DOWN,3323.47,3345.33,21.860000000000127,17.763439741885964,1.23061751088977,OPPOSITE_NEAREST,41.85999999999967,34.89000000000033,MULTI_CHILD_ERA4,AMBIGUOUS,2025-08-20 16:44:00,,,2025,,0.16,0.16,0.16,,,,,294,2.0,CHALLENGE_OPENS,2025-08-20 16:44:00,False,2025-08-19 16:10:00,3326.09,DOWN,2.6200000000003456,0.1474939560169993,2,12.019999999999982,24.8100000000004,22.95,0.6766707447801888,1.3966889499165376,0.14749395601697368,0.1818341518835296,0.007881356428381068,0.48132569616226617,0.1818341518835296,0.2375666009128341,0.6766707447801888,0.1818341518835296,0.5927905942209007,0.6766707447801888,1.3966889499165376,-1.3083051671124604,<=0.5
FULL_2022_202608,2025-08-22 15:12:00,DOWN,3325.13,3335.09,9.960000000000036,17.112818906347773,0.582019832881274,SAME_NEAREST,13.680000000000293,22.96000000000004,MULTI_CHILD_ERA4,SL,2025-08-22 16:40:00,3335.09,-1.0,2025,-9.960000000000036,0.16,0.17,0.17,-9.960000000000036,-10.130000000000036,-10.300000000000036,-10.470000000000036,295,1.0,CHALLENGE_OPENS,2025-08-22 17:01:00,False,2025-08-22 15:12:00,3325.13,DOWN,0.0,0.0,1,3.7100000000000364,11.13000000000011,1.4666666666666666,0.2167965441756566,0.6503896325269698,0.2167965441756566,0.2834132720355538,-0.04441115190658926,0.2167965441756566,0.6503896325269698,-0.5627360432376216,0.2167965441756566,0.6503896325269698,-0.5627360432376216,0.2167965441756566,0.6503896325269698,-0.5627360432376216,<=0.5
FULL_2022_202608,2025-08-22 17:02:00,UP,3352.03,3320.88,31.15000000000009,17.075303245756952,1.8242721403932056,SAME_NEAREST,6.329999999999927,40.58000000000038,MULTI_CHILD_ERA4,CHALLENGE_OPENS,2025-08-26 02:12:00,3359.76,0.2481540930979131,2025,7.730000000000018,0.17,0.17,0.17,7.730000000000018,7.560000000000018,7.390000000000018,7.220000000000018,296,1.0,PRIMARY_CONTINUES,2025-08-22 17:10:00,True,2025-08-22 17:02:00,3352.03,UP,0.0,0.0,1,26.7199999999998,5.570000000000164,81.16666666666667,1.5648331168958574,0.32620211306550323,1.4488761718564167,0.32620211306550323,1.3194494806760302,1.5648331168958574,0.32620211306550323,1.322963327495404,1.5648331168958574,0.32620211306550323,1.184166378130021,1.5648331168958574,0.32620211306550323,1.184166378130021,<=0.5
FULL_2022_202608,2025-08-22 17:10:00,UP,3358.36,3320.88,37.48000000000002,17.075303245756952,2.19498297983747,SAME_NEAREST,16.420000000000073,46.91000000000031,MULTI_CHILD_ERA4,CHALLENGE_OPENS,2025-08-26 02:12:00,3359.76,0.0373532550693727,2025,1.400000000000091,0.16,0.17,0.16,1.400000000000091,1.240000000000091,1.0800000000000909,0.920000000000091,296,2.0,PRIMARY_CONTINUES,2025-08-22 17:47:00,True,2025-08-22 17:02:00,3352.03,UP,6.329999999999927,0.3707108394442641,2,20.389999999999873,3.7800000000002,81.03333333333333,1.1941222774515932,0.22137234962075966,1.1373150872050108,0.22137234962075966,0.9979324967030521,1.1941222774515932,0.22137234962075966,0.8819755516636115,1.1941222774515932,0.22137234962075966,0.8134555386857568,1.1941222774515932,0.22137234962075966,0.8134555386857568,<=0.5
FULL_2022_202608,2025-08-22 17:47:00,UP,3374.78,3320.88,53.90000000000009,17.075303245756952,3.156605726073633,SAME_NEAREST,30.019999999999985,63.33000000000038,MULTI_CHILD_ERA4,CHALLENGE_OPENS,2025-08-26 02:12:00,3359.76,-0.2786641929499064,2025,-15.019999999999982,0.16,0.17,0.16,-15.019999999999982,-15.179999999999982,-15.339999999999982,-15.499999999999982,296,3.0,CHALLENGE_OPENS,2025-08-26 02:12:00,False,2025-08-22 17:02:00,3352.03,UP,22.75,1.3323335856804273,3,3.9699999999998,15.290000000000418,80.41666666666667,0.23249953121542988,0.8954452978045843,0.23249953121542988,0.3554841698936445,-0.32268826624612945,0.23249953121542988,0.4380595701489943,-0.13762566709228524,0.23249953121542988,0.4380595701489943,-0.1481672075504065,0.23249953121542988,0.4380595701489943,-0.1481672075504065,1-2
FULL_2022_202608,2025-09-02 04:16:00,UP,3489.78,3474.21,15.570000000000164,16.634707520101486,0.9359948157300196,SAME_NEAREST,10.209999999999582,52.98000000000002,MULTI_CHILD_ERA4,SL,2025-09-02 10:53:00,3474.21,-1.0,2025,-15.570000000000164,0.17,0.19,0.17,-15.570000000000164,-15.740000000000164,-15.910000000000164,-16.080000000000165,297,10.0,PRIMARY_CONTINUES,2025-09-02 04:43:00,True,2025-08-26 03:23:00,3378.75,UP,111.0300000000002,6.674598869011123,4+,18.829999999999927,15.980000000000018,6.616666666666666,1.131970608875788,0.9606420780581615,1.131970608875788,0.05410374657399448,0.2326461102681462,1.131970608875788,0.05410374657399448,0.30117752259519126,1.131970608875788,0.9606420780581615,-0.9600409253184647,1.131970608875788,0.9606420780581615,-0.9600409253184647,>6
FULL_2022_202608,2025-09-02 04:43:00,UP,3499.99,3474.21,25.779999999999745,16.634707520101486,1.5497717629749144,NO_SAME_TARGET,,63.1899999999996,MULTI_CHILD_ERA4,SL,2025-09-02 10:53:00,3474.21,-1.0,2025,-25.779999999999745,0.17,0.19,0.17,-25.779999999999745,-25.949999999999747,-26.119999999999745,-26.289999999999747,297,11.0,PRIMARY_CONTINUES,2025-09-02 17:44:00,True,2025-08-26 03:23:00,3378.75,UP,121.23999999999978,7.288375816256018,4+,8.620000000000346,26.1899999999996,6.166666666666667,0.5181936616308933,1.574419025303056,0.5181936616308933,0.6678806938188891,-0.20619538972085938,0.5181936616308933,0.6678806938188891,-0.2999752171157704,0.5181936616308933,1.574419025303056,-1.5738178725633594,0.5181936616308933,1.574419025303056,-1.5738178725633594,>6
FULL_2022_202608,2025-09-03 14:12:00,UP,3546.83,3526.72,20.110000000000127,16.995484156181426,1.183255493941661,NO_SAME_TARGET,,76.63000000000011,MULTI_CHILD_ERA4,SL,2025-09-04 05:54:00,3526.72,-1.0,2025,-20.110000000000127,0.17,0.2,0.17,-20.110000000000127,-20.28000000000013,-20.450000000000127,-20.62000000000013,297,13.0,PRIMARY_CONTINUES,2025-09-05 06:54:00,True,2025-08-26 03:23:00,3378.75,UP,168.07999999999993,9.889685898643116,4+,31.559999999999945,20.440000000000055,15.7,1.8569638681650185,1.2026724165175267,0.15710055538658882,0.1771058695556488,-0.0770792987102686,1.1020574540789254,0.3153778939595929,0.9649622128614235,1.8569638681650185,0.3153778939595929,0.5501461396496445,1.8569638681650185,1.2026724165175267,-1.1061761952313656,>6
FULL_2022_202608,2025-08-26 03:23:00,UP,3378.75,3321.42,57.32999999999993,16.984031774775087,3.375523595354268,SAME_NEAREST,26.050000000000185,57.32999999999993,MULTI_CHILD_ERA4,CHALLENGE_OPENS,2025-09-11 12:13:00,3620.22,4.211930926216643,2025,241.4699999999998,0.16,0.16,0.16,241.4699999999998,241.3099999999998,241.1499999999998,240.9899999999998,297,1.0,PRIMARY_CONTINUES,2025-08-26 18:55:00,True,2025-08-26 03:23:00,3378.75,UP,0.0,0.0,1,295.8699999999999,11.599999999999909,392.8333333333333,17.420480833027526,0.6829944829253314,0.4545446041537468,0.3697590821354527,-0.20372076818290433,0.4545446041537468,0.5251992058356942,-0.2054871332249376,0.4545446041537468,0.6829944829253314,-0.04769185613530048,0.9108555733495537,0.6829944829253314,0.8084064009107661,<=0.5
FULL_2022_202608,2025-08-26 18:55:00,UP,3386.47,3367.15,19.31999999999971,17.02784917002373,1.1346118823985791,SAME_NEAREST,18.330000000000386,35.17999999999984,MULTI_CHILD_ERA4,CHALLENGE_OPENS,2025-09-11 12:13:00,3620.22,12.098861283644077,2025,233.75,0.17,0.16,0.17,233.75,233.58,233.41,233.24,297,2.0,PRIMARY_CONTINUES,2025-08-27 19:35:00,True,2025-08-26 03:23:00,3378.75,UP,7.7199999999998,0.4533749343745826,2,288.1500000000001,12.779999999999745,377.3,16.922278152854844,0.7505351892884974,0.17265832993022437,0.2360838388841789,-0.20260926471402435,0.2531147625848035,0.36704576940948375,0.23314747272891903,0.45513675406775983,0.36704576940948375,-0.31419117861451273,0.45513675406775983,0.7505351892884974,0.03641094032544109,<=0.5
FULL_2022_202608,2025-08-27 19:35:00,UP,3394.22,3373.69,20.529999999999745,16.88989757992446,1.215519508206015,SAME_NEAREST,10.580000000000382,27.06999999999971,MULTI_CHILD_ERA4,CHALLENGE_OPENS,2025-09-11 12:13:00,3620.22,11.008280565026926,2025,226.0,0.17,0.16,0.17,226.0,225.83,225.66,225.49,297,3.0,PRIMARY_CONTINUES,2025-08-28 14:30:00,True,2025-08-26 03:23:00,3378.75,UP,15.4699999999998,0.915932137941892,3,280.4000000000001,9.639999999999873,352.6333333333333,16.60164004388558,0.5707553852462726,0.2693918052770413,0.08821841535444323,0.0704563183032266,0.2693918052770413,0.11663777063641677,0.12847916867058812,0.2989953003624293,0.5707553852462726,-0.1533461045422914,1.3664973331415313,0.5707553852462726,1.3475510962868733,0.5-1
FULL_2022_202608,2025-08-28 14:30:00,UP,3404.8,3387.64,17.16000000000031,16.748669795111137,1.024558977514097,SAME_NEAREST,3.759999999999764,31.110000000000127,MULTI_CHILD_ERA4,CHALLENGE_OPENS,2025-09-11 12:13:00,3620.22,12.553613053612803,2025,215.41999999999962,0.17,0.16,0.17,215.41999999999962,215.24999999999963,215.07999999999961,214.90999999999963,297,4.0,PRIMARY_CONTINUES,2025-08-28 15:11:00,True,2025-08-26 03:23:00,3378.75,UP,26.050000000000182,1.5553473988485975,4+,269.8199999999997,10.690000000000055,333.71666666666664,16.10993609049233,0.638259642752072,0.23106312604774898,0.09970941098185232,-0.058512109438450796,0.5194442368515325,0.638259642752072,0.09194760054613309,1.0896387727058237,0.638259642752072,0.6603509493767864,1.0896387727058237,0.638259642752072,0.14210083720764297,1-2
FULL_2022_202608,2025-08-28 15:11:00,UP,3408.56,3387.64,20.920000000000076,16.748669795111137,1.2490544178085432,SAME_NEAREST,25.17999999999984,34.86999999999989,MULTI_CHILD_ERA4,CHALLENGE_OPENS,2025-09-11 12:13:00,3620.22,10.11759082217969,2025,211.65999999999985,0.18,0.16,0.18,211.65999999999985,211.47999999999985,211.29999999999984,211.11999999999986,297,5.0,PRIMARY_CONTINUES,2025-08-29 16:38:00,True,2025-08-26 03:23:00,3378.75,UP,29.809999999999945,1.7798428391430436,4+,266.05999999999995,14.449999999999818,333.03333333333336,15.885440650197886,0.862755083046518,0.006567685753302978,0.862755083046518,-0.5839269697020646,0.2955458588983082,0.862755083046518,0.2167336298587539,0.8651433324113778,0.862755083046518,0.5033235536388995,0.8651433324113778,0.862755083046518,-0.008358872776913785,1-2
FULL_2022_202608,2025-08-29 16:38:00,UP,3423.05,3394.11,28.94000000000005,16.54082254046992,1.7496106937362663,SAME_NEAREST,10.6899999999996,38.470000000000255,MULTI_CHILD_ERA4,CHALLENGE_OPENS,2025-09-11 12:13:00,3620.22,6.8130615065652815,2025,197.16999999999962,0.17,0.16,0.17,197.16999999999962,196.99999999999963,196.82999999999961,196.65999999999963,297,6.0,PRIMARY_CONTINUES,2025-08-29 17:10:00,True,2025-08-26 03:23:00,3378.75,UP,44.30000000000018,2.6782223128029297,4+,251.5699999999997,1.6700000000000728,307.5833333333333,15.209038086497278,0.10096233097925664,1.0120415692171618,0.10096233097925664,1.0011594018062344,1.6395798899145566,0.10096233097925664,1.4031950311547592,1.8668962758319005,0.10096233097925664,1.5398266886476253,1.8668962758319005,0.10096233097925664,1.5398266886476253,2-3
FULL_2022_202608,2025-08-29 17:10:00,UP,3433.74,3404.33,29.40999999999985,16.54082254046992,1.7780252419759242,SAME_NEAREST,5.230000000000018,49.159999999999854,MULTI_CHILD_ERA4,CHALLENGE_OPENS,2025-09-11 12:13:00,3620.22,6.340700442026553,2025,186.48000000000002,0.18,0.16,0.18,186.48000000000002,186.3,186.12,185.94000000000003,297,7.0,PRIMARY_CONTINUES,2025-08-29 17:32:00,True,2025-08-26 03:23:00,3378.75,UP,54.98999999999978,3.3245021440413525,4+,240.8800000000001,1.4099999999998545,307.05,14.562758255258856,0.08524364471900057,0.4836518849305496,0.08524364471900057,0.42621822359505784,0.9933000586761339,0.08524364471900057,0.4431460395676392,1.220616444593478,0.08524364471900057,0.8935468574092025,1.220616444593478,0.08524364471900057,0.8935468574092025,3-4
FULL_2022_202608,2025-08-29 17:32:00,UP,3438.97,3404.33,34.63999999999987,16.54082254046992,2.094212661749272,SAME_NEAREST,12.480000000000018,54.38999999999987,MULTI_CHILD_ERA4,CHALLENGE_OPENS,2025-09-11 12:13:00,3620.22,5.232390300230966,2025,181.25,0.18,0.16,0.18,181.25,181.07,180.89,180.71,297,8.0,PRIMARY_CONTINUES,2025-08-29 22:51:00,True,2025-08-26 03:23:00,3378.75,UP,60.2199999999998,3.6406895638147003,4+,235.6500000000001,5.669999999999618,306.68333333333334,14.246570835485509,0.34278827344450397,0.4346821315813348,0.34278827344450397,0.3959899807868985,0.677112638902786,0.34278827344450397,0.3143737252048738,0.90442902482013,0.34278827344450397,0.5773594376358546,0.90442902482013,0.34278827344450397,0.5773594376358546,3-4
FULL_2022_202608,2025-08-29 22:51:00,UP,3451.45,3404.33,47.11999999999989,16.64770685968953,2.8304198528444444,SAME_NEAREST,48.53999999999997,66.86999999999989,MULTI_CHILD_ERA4,CHALLENGE_OPENS,2025-09-11 12:13:00,3620.22,3.581706281833624,2025,168.76999999999998,0.2,0.16,0.2,168.76999999999998,168.57,168.36999999999998,168.17,297,9.0,PRIMARY_CONTINUES,2025-09-02 04:16:00,True,2025-08-26 03:23:00,3378.75,UP,72.69999999999982,4.36696781200745,4+,223.17000000000007,14.649999999999636,301.3666666666667,13.405449884535152,0.8800010790358697,0.14896946593918273,0.3610106815703413,-0.23606854884716105,0.14896946593918273,0.3610106815703413,-0.17600021580716846,0.14896946593918273,0.3610106815703413,-0.17600021580716846,0.14896946593918273,0.3610106815703413,-0.17600021580716846,4-6
FULL_2022_202608,2025-09-02 17:44:00,UP,3508.61,3470.2,38.41000000000031,16.79574721255681,2.28688843157179,NO_SAME_TARGET,,71.80999999999995,MULTI_CHILD_ERA4,CHALLENGE_OPENS,2025-09-11 12:13:00,3620.22,2.905753709971329,2025,111.60999999999967,0.16,0.16,0.16,111.60999999999967,111.44999999999968,111.28999999999968,111.12999999999967,297,12.0,PRIMARY_CONTINUES,2025-09-03 14:12:00,True,2025-08-26 03:23:00,3378.75,UP,129.86000000000013,7.731719128453802,4+,166.00999999999976,3.230000000000018,210.48333333333332,9.8840496882382,0.19231058666953563,0.47988338345400555,0.19231058666953563,0.3453255116666402,1.392019045304536,0.19231058666953563,1.2235240111637407,2.2755760441206103,0.19231058666953563,1.758183165433841,3.3907392912786247,0.19231058666953563,3.1686592639481703,>6
FULL_2022_202608,2025-09-05 06:54:00,UP,3558.72,3540.04,18.67999999999984,17.25745681365983,1.082430638633499,SAME_NEAREST,19.670000000000076,48.09999999999991,MULTI_CHILD_ERA4,CHALLENGE_OPENS,2025-09-11 12:13:00,3620.22,3.2922912205567743,2025,61.5,0.18,0.16,0.18,61.5,61.32,61.14,60.96,297,14.0,PRIMARY_CONTINUES,2025-09-05 15:32:00,True,2025-08-26 03:23:00,3378.75,UP,179.9699999999998,10.428535440838989,4+,115.90000000000009,13.9399999999996,149.31666666666666,6.715937420643669,0.8077667613785158,0.018542709013003207,0.1437059948507024,-0.025496224892843176,0.1361730193141937,0.664640226184482,-0.5968434463557196,2.2691640154651243,0.8077667613785158,2.073886111172041,2.3949067609594925,0.8077667613785158,1.616112982413753,>6
FULL_2022_202608,2025-09-05 15:32:00,UP,3578.39,3544.78,33.60999999999967,17.22900289402699,1.9507803328335207,NO_SAME_TARGET,,67.76999999999998,MULTI_CHILD_ERA4,CHALLENGE_OPENS,2025-09-11 12:13:00,3620.22,1.2445700684320242,2025,41.82999999999993,0.16,0.16,0.16,41.82999999999993,41.66999999999993,41.50999999999993,41.34999999999993,297,15.0,PRIMARY_CONTINUES,2025-09-08 10:04:00,True,2025-08-26 03:23:00,3378.75,UP,199.63999999999987,11.587437835373036,4+,96.23000000000002,6.2199999999998,140.68333333333334,5.585349343307694,0.36101915115216393,0.4921933121817452,0.36101915115216393,0.008706249625861603,1.2571824459736711,0.36101915115216393,1.215392447769546,1.2571824459736711,0.36101915115216393,0.4771024794969413,1.2571824459736711,0.36101915115216393,0.4771024794969413,>6
FULL_2022_202608,2025-09-08 10:04:00,UP,3600.05,3579.58,20.47000000000025,17.39010266012557,1.1771063345667705,NO_SAME_TARGET,,89.43000000000029,MULTI_CHILD_ERA4,CHALLENGE_OPENS,2025-09-11 12:13:00,3620.22,0.9853444064484302,2025,20.169999999999618,0.17,0.16,0.17,20.169999999999618,19.999999999999616,19.829999999999618,19.659999999999616,297,16.0,PRIMARY_CONTINUES,2025-09-09 04:35:00,True,2025-08-26 03:23:00,3378.75,UP,221.30000000000018,12.725629303352383,4+,74.56999999999971,2.430000000000291,74.15,4.288071293045562,0.13973465525146844,0.7763036402858429,0.13973465525146844,0.5025847271183775,1.2915392415422267,0.13973465525146844,0.9005122227315694,2.6630090060472105,0.13973465525146844,2.041391054084994,3.403660182853239,0.13973465525146844,2.736039052207433,>6
FULL_2022_202608,2025-09-09 04:35:00,UP,3646.36,3579.58,66.7800000000002,17.469351735240686,3.822694797843346,NO_SAME_TARGET,,135.74000000000024,MULTI_CHILD_ERA4,CHALLENGE_OPENS,2025-09-11 12:13:00,3620.22,-0.3914345612458857,2025,-26.140000000000327,0.17,0.16,0.17,-26.140000000000327,-26.31000000000033,-26.480000000000327,-26.65000000000033,297,17.0,CHALLENGE_OPENS,2025-09-11 12:13:00,False,2025-08-26 03:23:00,3378.75,UP,267.6100000000001,15.318828314627961,4+,28.259999999999764,26.5300000000002,55.63333333333333,1.6176902513784326,1.5186596733570594,0.46939349119968027,0.22153083060280063,0.2736220595041954,0.6102115385595895,0.22153083060280063,0.5518235677030437,1.0435418712890694,0.5558305853108553,1.042969440202228,1.6176902513784326,1.49633486097074,-1.1162406193163377,>6
FULL_2022_202608,2025-09-15 16:36:00,UP,3656.61,3633.7,22.91000000000031,17.457696465469663,1.3123151754479747,SAME_NEAREST,0.900000000000091,29.97000000000025,MULTI_CHILD_ERA4,CHALLENGE_OPENS,2025-09-17 04:37:00,3678.82,0.9694456569183648,2025,22.210000000000036,0.16,0.16,0.16,22.210000000000036,22.050000000000036,21.890000000000036,21.730000000000036,298,1.0,PRIMARY_CONTINUES,2025-09-15 16:37:00,True,2025-09-15 16:36:00,3656.61,UP,0.0,0.0,1,46.35999999999967,2.75,36.016666666666666,2.6555622668601857,0.15752364611444267,0.43934776934464975,0.15752364611444267,0.16783428476919682,1.6548575040895377,0.15752364611444267,1.4400525321152977,1.8828371810115323,0.15752364611444267,1.2802376329664653,2.4556504396095056,0.15752364611444267,2.2448551604454607,<=0.5
FULL_2022_202608,2025-09-15 16:37:00,UP,3657.51,3633.7,23.8100000000004,17.457696465469663,1.3638683687217976,SAME_NEAREST,17.109999999999673,30.870000000000346,MULTI_CHILD_ERA4,CHALLENGE_OPENS,2025-09-17 04:37:00,3678.82,0.8950020999579835,2025,21.309999999999945,0.16,0.16,0.16,21.309999999999945,21.149999999999945,20.989999999999945,20.829999999999945,298,2.0,PRIMARY_CONTINUES,2025-09-15 18:50:00,True,2025-09-15 16:36:00,3656.61,UP,0.900000000000091,0.051553193273822816,2,45.45999999999958,3.650000000000091,36.0,2.604009073586363,0.2090768393882655,0.38779457607082696,0.2090768393882655,0.15179551352844212,1.603304310815715,0.2090768393882655,1.402246857047814,1.8312839877377094,0.2090768393882655,1.1966068972111592,2.4040972463356827,0.2090768393882655,2.1990300997576124,<=0.5
FULL_2022_202608,2025-09-15 18:50:00,UP,3674.62,3636.83,37.78999999999997,17.457696465469663,2.1646613042417395,NO_SAME_TARGET,,47.98000000000002,MULTI_CHILD_ERA4,CHALLENGE_OPENS,2025-09-17 04:37:00,3678.82,0.1111405133633309,2025,4.200000000000273,0.17,0.16,0.17,4.200000000000273,4.030000000000273,3.860000000000273,3.690000000000273,298,3.0,CHALLENGE_OPENS,2025-09-17 04:37:00,False,2025-09-15 16:36:00,3656.61,UP,18.009999999999764,1.0316366787349365,3,28.34999999999991,1.8099999999999454,33.78333333333333,1.6239255881252492,0.10367919980623005,0.6232208253546013,0.10367919980623005,0.2039215200608754,0.6232208253546013,0.10367919980623005,0.41586242574214116,0.8512005022765957,0.10367919980623005,0.40898866663897177,1.6239255881252492,0.10367919980623005,0.5625026199432193,1-2
FULL_2022_202608,2025-09-17 05:38:00,DOWN,3674.72,3702.97,28.25,17.356903467628474,1.6275944642250109,OPPOSITE_NEAREST,48.07999999999993,28.25,MULTI_CHILD_ERA4,AMBIGUOUS,2025-09-17 21:09:00,,,2025,,0.18,0.2,0.2,,,,,299,1.0,CHALLENGE_OPENS,2025-09-17 21:09:00,False,2025-09-17 05:38:00,3674.72,DOWN,0.0,0.0,1,22.95999999999958,32.710000000000036,15.516666666666667,1.322816598180728,1.8845527407008908,0.025926283500918898,0.5254393456188553,-0.3946556488475015,0.05703782370203205,0.6418195515563595,0.025350143867552334,0.8469252610303492,0.6418195515563595,-0.562312282153503,1.322816598180728,1.8845527407008908,-1.763563417696559,<=0.5
FULL_2022_202608,2025-09-18 09:03:00,DOWN,3646.09,3671.97,25.87999999999965,17.629388434753146,1.468003277356004,SAME_NEAREST,19.450000000000276,61.33999999999969,MULTI_CHILD_ERA4,SL,2025-09-18 12:25:00,3671.97,-1.0,2025,-25.879999999999654,0.17,0.16,0.16,-25.879999999999654,-26.039999999999655,-26.199999999999655,-26.359999999999655,300,1.0,CHALLENGE_OPENS,2025-09-19 18:18:00,False,2025-09-18 09:03:00,3646.09,DOWN,0.0,0.0,1,12.190000000000055,26.129999999999654,3.3666666666666667,0.6914590398365537,1.4821841436364913,0.6914590398365537,0.19683042397314948,0.37834551236339975,0.6914590398365537,1.4821841436364913,-1.4731083892169878,0.6914590398365537,1.4821841436364913,-1.4731083892169878,0.6914590398365537,1.4821841436364913,-1.4731083892169878,<=0.5
FULL_2022_202608,2025-09-22 09:34:00,UP,3707.43,3685.45,21.980000000000015,17.687770478079166,1.2426665094529752,NO_SAME_TARGET,,75.09999999999991,MULTI_CHILD_ERA4,CHALLENGE_OPENS,2025-09-24 17:53:00,3750.59,1.9636032757051989,2025,43.16000000000031,0.17,0.16,0.17,43.16000000000031,42.99000000000031,42.820000000000306,42.65000000000031,301,1.0,CHALLENGE_OPENS,2025-09-24 17:53:00,False,2025-09-22 09:34:00,3707.43,UP,0.0,0.0,1,83.66000000000031,1.1499999999996362,56.31666666666667,4.729821664278262,0.06501667360648172,0.7004839878126823,0.06501667360648172,0.3482632255791949,1.119982873169397,0.06501667360648172,1.0012567735401372,2.2716260395732877,0.06501667360648172,2.175514435111486,2.9280117618093486,0.06501667360648172,2.654941732662043,<=0.5
FULL_2022_202608,2025-09-24 19:43:00,DOWN,3736.74,3772.9,36.16000000000031,17.867889967162526,2.0237420348152404,OPPOSITE_NEAREST,104.40999999999984,54.35000000000037,MULTI_CHILD_ERA4,CHALLENGE_OPENS,2025-09-26 16:08:00,3761.65,-0.6888827433628345,2025,-24.91000000000031,0.16,0.16,0.16,-24.91000000000031,-25.07000000000031,-25.23000000000031,-25.39000000000031,302,1.0,CHALLENGE_OPENS,2025-09-26 16:08:00,False,2025-09-24 19:43:00,3736.74,DOWN,0.0,0.0,1,19.25,26.18000000000029,44.416666666666664,1.077351608688967,1.4651981878170113,0.2501694384851671,0.1343191616027854,0.1539073726698524,1.077351608688967,0.1343191616027854,0.047011706560955796,1.077351608688967,0.8227048648170445,-0.10913431880227425,1.077351608688967,1.3941209648022077,0.010633600293531043,<=0.5
FULL_2022_202608,2025-09-26 17:22:00,UP,3779.16,3742.91,36.25,18.154087525931747,1.9967954846653464,SAME_NEAREST,11.930000000000293,57.02999999999975,MULTI_CHILD_ERA4,CHALLENGE_OPENS,2025-10-02 04:00:00,3853.35,2.0466206896551737,2025,74.19000000000005,0.16,0.16,0.16,74.19000000000005,74.03000000000006,73.87000000000006,73.71000000000005,303,1.0,PRIMARY_CONTINUES,2025-09-29 05:19:00,True,2025-09-26 17:22:00,3779.16,UP,0.0,0.0,1,116.17000000000007,22.940000000000055,130.63333333333333,6.399109833202026,1.2636272667096042,0.25338646150238125,0.340970042760789,-0.24347133909575105,0.25338646150238125,0.425799423350708,-0.06995669697999872,0.25338646150238125,1.0521046553684947,-1.003079883469132,0.25338646150238125,1.0521046553684947,-1.003079883469132,<=0.5
FULL_2022_202608,2025-09-29 05:19:00,UP,3791.09,3756.22,34.870000000000346,18.33331268293722,1.9020021423871636,NO_SAME_TARGET,,68.96000000000004,MULTI_CHILD_ERA4,CHALLENGE_OPENS,2025-10-02 04:00:00,3853.35,1.785488958990512,2025,62.25999999999976,0.17,0.16,0.17,62.25999999999976,62.08999999999976,61.91999999999976,61.749999999999766,303,2.0,PRIMARY_CONTINUES,2025-10-01 05:05:00,True,2025-09-26 17:22:00,3779.16,UP,11.930000000000291,0.6507280056977112,2,104.23999999999978,3.1200000000003456,70.68333333333334,5.685824586247076,0.1701820098723415,0.45327323783301027,0.1701820098723415,0.21490933297979506,1.4890925863828084,0.1701820098723415,1.261637784726527,2.1954570183849316,0.1701820098723415,1.537638095609226,3.321821923469355,0.1701820098723415,3.094912576972933,0.5-1
FULL_2022_202608,2025-10-02 16:31:00,UP,3895.33,3861.69,33.63999999999987,19.08772372593866,1.7623892970687678,NO_SAME_TARGET,,42.5,MULTI_CHILD_ERA4,SL,2025-10-02 17:25:00,3861.69,-1.0,2025,-33.63999999999987,0.17,0.16,0.17,-33.63999999999987,-33.809999999999874,-33.979999999999876,-34.14999999999987,304,1.0,CHALLENGE_OPENS,2025-10-02 17:37:00,False,2025-10-02 16:31:00,3895.33,UP,0.0,0.0,1,1.4800000000000182,34.809999999999945,0.9,0.07753674672003026,1.8236852387325784,0.07753674672003026,1.8236852387325784,-1.8027293612406738,0.07753674672003026,1.8236852387325784,-1.8027293612406738,0.07753674672003026,1.8236852387325784,-1.8027293612406738,0.07753674672003026,1.8236852387325784,-1.8027293612406738,<=0.5
FULL_2022_202608,2025-10-06 01:59:00,UP,3896.81,3854.72,42.09000000000015,19.40536156645779,2.1689881868912355,NO_SAME_TARGET,,58.77999999999975,MULTI_CHILD_ERA4,CHALLENGE_OPENS,2025-10-09 19:34:00,4001.25,2.481349489189824,2025,104.44000000000005,0.16,0.16,0.16,104.44000000000005,104.28000000000006,104.12000000000006,103.96000000000005,305,1.0,PRIMARY_CONTINUES,2025-10-07 15:52:00,True,2025-10-06 01:59:00,3896.81,UP,0.0,0.0,1,162.3699999999999,1.1199999999998909,89.58333333333333,8.367275170005428,0.05771600782413729,1.232649024244199,0.05771600782413729,0.6580655534949144,1.4367163376224203,0.05771600782413729,1.2455320617049452,2.722958797703322,0.05771600782413729,2.3380136383762125,4.088045447043976,0.05771600782413729,3.433071822539638,<=0.5
FULL_2022_202608,2025-10-07 15:52:00,UP,3977.35,3940.86,36.48999999999978,19.85210357598239,1.8380923643853224,NO_SAME_TARGET,,139.3199999999997,MULTI_CHILD_ERA4,CHALLENGE_OPENS,2025-10-09 19:34:00,4001.25,0.6549739654699982,2025,23.90000000000009,0.17,0.16,0.17,23.90000000000009,23.73000000000009,23.56000000000009,23.39000000000009,305,2.0,CHALLENGE_OPENS,2025-10-09 19:34:00,False,2025-10-06 01:59:00,3896.81,UP,80.53999999999996,4.05700079549451,2,81.82999999999993,15.579999999999927,51.7,4.121981314816434,0.7848034814229475,0.41557308868673604,0.349585119452845,-0.038786821610761114,0.6875845649180587,0.7848034814229475,-0.13096848855581528,1.1026539286488,0.7848034814229475,0.9354172432621524,3.6379016321159012,0.7848034814229475,2.9362127684302823,4-6
FULL_2022_202608,2025-10-13 02:08:00,UP,4057.93,3975.17,82.75999999999976,21.5294152765934,3.844043088804912,SAME_NEAREST,1.25,113.37999999999964,MULTI_CHILD_ERA4,CHALLENGE_OPENS,2025-10-21 16:48:00,4186.3,1.5511116481392062,2025,128.37000000000035,0.22,0.16,0.22,128.37000000000035,128.15000000000035,127.93000000000035,127.71000000000035,306,1.0,PRIMARY_CONTINUES,2025-10-13 02:09:00,True,2025-10-13 02:08:00,4057.93,UP,0.0,0.0,1,323.5300000000002,33.36999999999989,206.66666666666666,15.027347275508188,1.5499724247634108,0.09336064050868458,1.4946992097358844,-1.4751910161967552,0.09336064050868458,1.5499724247634108,-0.40827862192599246,1.268497060841738,1.5499724247634108,0.9791255233447227,2.746939442628355,1.5499724247634108,2.6651908220834786,<=0.5
FULL_2022_202608,2025-10-13 02:09:00,UP,4059.18,3975.17,84.00999999999976,21.5294152765934,3.90210318862374,NO_SAME_TARGET,,114.62999999999964,MULTI_CHILD_ERA4,CHALLENGE_OPENS,2025-10-21 16:48:00,4186.3,1.513153196048098,2025,127.12000000000035,0.17,0.16,0.17,127.12000000000035,126.95000000000034,126.78000000000034,126.61000000000034,306,2.0,PRIMARY_CONTINUES,2025-10-15 04:07:00,True,2025-10-13 02:08:00,4057.93,UP,1.25,0.058060099818827385,2,322.2800000000002,34.61999999999989,206.65,14.969287175689361,1.6080325245822382,0.03530054068985719,1.5718030222952806,-1.5225680576489176,0.03530054068985719,1.6080325245822382,-0.5011747816361163,1.2104369610229107,1.6080325245822382,0.9480053098418278,2.688879342809528,1.6080325245822382,2.6154913766385333,<=0.5
FULL_2022_202608,2025-10-15 04:07:00,UP,4179.72,4134.5,45.220000000000255,22.679993192161074,1.993827758979651,NO_SAME_TARGET,,89.33000000000038,MULTI_CHILD_ERA4,CHALLENGE_OPENS,2025-10-21 16:48:00,4186.3,0.1455108359133102,2025,6.579999999999927,0.16,0.16,0.16,6.579999999999927,6.419999999999927,6.259999999999927,6.099999999999927,306,3.0,PRIMARY_CONTINUES,2025-10-16 03:21:00,True,2025-10-13 02:08:00,4057.93,UP,121.79000000000042,5.369931065151065,3,201.73999999999978,15.420000000000073,156.68333333333334,8.895064398419994,0.6798943839775805,0.307319316233675,0.2530864957219042,0.12918875130051108,0.49426822596554254,0.5586421429958466,0.1552028684565986,1.699295042704008,0.6798943839775805,0.3474427850676643,2.0987660620838073,0.6798943839775805,1.7301592494993505,4-6
FULL_2022_202608,2025-10-16 03:21:00,UP,4218.26,4179.8,38.46000000000004,23.054537168276944,1.668218265206426,NO_SAME_TARGET,,127.87000000000036,MULTI_CHILD_ERA4,AMBIGUOUS,2025-10-21 16:48:00,,,2025,,0.19,0.16,0.19,,,,,306,4.0,PRIMARY_CONTINUES,2025-10-20 22:57:00,True,2025-10-13 02:08:00,4057.93,UP,160.33000000000038,6.95437947115306,4+,163.19999999999982,44.89000000000033,133.45,7.078866897599797,1.9471221509390781,0.3929812138005553,0.348738295690577,0.05595427878617335,1.0405760837831972,0.348738295690577,0.8831233458034908,1.2682969858199555,0.638919788000297,0.9616328377438002,7.018575077822431,0.638919788000297,6.222636305941594,>6
FULL_2022_202608,2025-10-28 06:26:00,DOWN,3971.3,4019.8,48.5,31.18576098985985,1.555196937979802,SAME_NEAREST,26.75,167.3199999999997,MULTI_CHILD_ERA4,SL,2025-10-29 11:09:00,4019.8,-1.0,2025,-48.5,0.17,0.2,0.2,-48.5,-48.7,-48.9,-49.1,307,5.0,PRIMARY_CONTINUES,2025-10-28 08:41:00,True,2025-10-21 17:45:00,4090.39,DOWN,119.08999999999969,3.8187299658559617,4+,84.90000000000009,50.23000000000002,28.716666666666665,2.7223962893708316,1.6106709730871234,0.25075546505159396,0.29596840695986804,-0.16161221788491023,1.8877204894612676,0.29596840695986804,1.856295891539201,2.7223962893708316,0.29596840695986804,0.2385704168777281,2.7223962893708316,0.35048046457977283,0.6015565887938438,3-4
FULL_2022_202608,2025-10-28 08:41:00,DOWN,3944.55,4019.8,75.25,31.316340095471748,2.4028989265856437,SAME_NEAREST,3.690000000000055,194.0699999999997,MULTI_CHILD_ERA4,SL,2025-10-29 11:09:00,4019.8,-1.0,2025,-75.25,0.16,0.2,0.2,-75.25,-75.45,-75.65,-75.85,307,6.0,PRIMARY_CONTINUES,2025-10-28 08:54:00,True,2025-10-21 17:45:00,4090.39,DOWN,145.8399999999997,4.656993746887036,4+,58.15000000000009,76.98000000000002,26.466666666666665,1.8568581073881112,2.4581416527383766,0.7302896804121527,0.12709020236293558,0.539015732634763,1.8568581073881112,0.12709020236293558,0.9154965079762201,1.8568581073881112,0.8216158057282211,-0.19223191412685087,1.8568581073881112,1.2032057349335101,-1.0148056862045332,4-6
FULL_2022_202608,2025-10-28 08:54:00,DOWN,3940.86,4019.8,78.94000000000005,31.316340095471748,2.520728787570376,SAME_NEAREST,102.82999999999991,197.75999999999976,MULTI_CHILD_ERA4,SL,2025-10-29 11:09:00,4019.8,-1.0,2025,-78.94000000000005,0.16,0.2,0.2,-78.94000000000005,-79.14000000000006,-79.34000000000006,-79.54000000000005,307,7.0,PRIMARY_CONTINUES,2025-10-30 00:00:00,True,2025-10-21 17:45:00,4090.39,DOWN,149.52999999999975,4.7748236078717685,4+,54.460000000000036,80.67000000000007,26.25,1.7390282464033782,2.57597151372311,0.6124598194274197,0.24492006334766853,0.20340818820400502,1.7390282464033782,0.24492006334766853,0.46365571314316933,1.7390282464033782,0.939445666712954,-0.5058062325198118,1.7390282464033782,1.4027820577396266,-1.2495074418245233,4-6
FULL_2022_202608,2025-10-30 00:00:00,DOWN,3916.57,4007.44,90.86999999999988,32.254290465746664,2.8172996115509594,SAME_NEAREST,30.170000000000076,113.52999999999976,MULTI_CHILD_ERA4,SL,2025-10-30 11:15:00,4007.44,-1.0,2025,-90.86999999999989,0.18,0.17,0.17,-90.86999999999989,-91.03999999999989,-91.2099999999999,-91.3799999999999,307,8.0,CHALLENGE_OPENS,2025-10-31 00:50:00,False,2025-10-21 17:45:00,4090.39,DOWN,173.8199999999997,5.389050494990509,4+,1.1200000000003456,93.65999999999985,11.25,0.0347240625612199,2.9037997316811133,0.015191777370536348,0.9871554928115086,-0.7478074901574658,0.015191777370536348,1.550801436885431,-0.8653112375744136,0.0347240625612199,2.9037997316811133,-2.888297918037716,0.0347240625612199,2.9037997316811133,-2.888297918037716,4-6
FULL_2022_202608,2025-10-27 10:53:00,DOWN,4044.32,4097.73,53.4099999999994,30.786402580883717,1.734856804385564,SAME_NEAREST,33.370000000000346,94.29999999999971,MULTI_CHILD_ERA4,CHALLENGE_OPENS,2025-10-31 00:50:00,4030.1,0.2662422767272124,2025,14.220000000000255,0.16,0.18,0.18,14.220000000000255,14.040000000000255,13.860000000000255,13.680000000000256,307,2.0,PRIMARY_CONTINUES,2025-10-27 16:03:00,True,2025-10-21 17:45:00,4090.39,DOWN,46.06999999999971,1.49643986103807,2,157.92000000000007,11.299999999999727,85.95,5.129537287934309,0.3670451580145407,0.6317724179985035,0.3670451580145407,0.10978872868046173,0.9406750244337494,0.3670451580145407,0.1542888938556735,2.371826321966584,0.3670451580145407,2.0236206499386284,4.656276407202284,0.3670451580145407,4.552009596828238,1-2
FULL_2022_202608,2025-10-27 16:03:00,DOWN,4010.95,4084.78,73.83000000000038,30.982377009077005,2.382967581163,SAME_NEAREST,6.759999999999764,127.67000000000009,MULTI_CHILD_ERA4,CHALLENGE_OPENS,2025-10-31 00:50:00,4030.1,-0.2593796559664092,2025,-19.15000000000009,0.17,0.18,0.18,-19.15000000000009,-19.33000000000009,-19.51000000000009,-19.69000000000009,307,3.0,PRIMARY_CONTINUES,2025-10-27 16:08:00,True,2025-10-21 17:45:00,4090.39,DOWN,79.44000000000005,2.5640382588051995,3,124.54999999999973,27.440000000000055,80.78333333333333,4.020027254962068,0.88566477620361,1.1183777148489322,0.23077635385772152,0.9521541872451327,1.2797597804837004,0.23077635385772152,0.2288397690700914,1.2797597804837004,0.28564625617355155,-0.05261055339693797,4.020027254962068,0.28564625617355155,2.2396603068793097,2-3
FULL_2022_202608,2025-10-27 16:08:00,DOWN,4004.19,4084.78,80.59000000000015,30.982377009077005,2.6011561339011995,SAME_NEAREST,59.63999999999987,134.42999999999984,MULTI_CHILD_ERA4,CHALLENGE_OPENS,2025-10-31 00:50:00,4030.1,-0.3215039086735303,2025,-25.909999999999854,0.16,0.18,0.18,-25.909999999999854,-26.089999999999854,-26.269999999999854,-26.449999999999854,307,4.0,PRIMARY_CONTINUES,2025-10-28 06:26:00,True,2025-10-21 17:45:00,4090.39,DOWN,86.19999999999982,2.782226811543399,4+,117.78999999999996,34.19999999999982,80.7,3.8018387022238693,1.1038533289418089,0.9895948264723942,0.16686905586635273,0.9734566199089174,1.0615712277455014,0.19236742223664494,-0.13039670903289158,1.0615712277455014,0.5038348089117506,-0.17945685698586053,3.8018387022238693,0.5038348089117506,1.9730571344506802,2-3
FULL_2022_202608,2025-10-31 18:14:00,DOWN,3988.99,4036.24,47.25,32.65508818561577,1.4469414301203187,OPPOSITE_NEAREST,73.53999999999996,57.36000000000013,MULTI_CHILD_ERA4,CHALLENGE_OPENS,2025-11-06 05:38:00,3990.35,-0.0287830687830714,2025,-1.3600000000001273,0.16,0.17,0.17,-1.3600000000001273,-1.5300000000001273,-1.7000000000001274,-1.8700000000001273,308,1.0,PRIMARY_CONTINUES,2025-11-04 16:29:00,True,2025-10-31 18:14:00,3988.99,DOWN,0.0,0.0,1,60.23999999999978,41.49000000000024,131.4,1.8447354867819614,1.2705523795913727,0.5061998272992275,0.15740272911786057,0.1843510562819956,0.5061998272992275,0.6415539251009751,-0.290919440976572,0.5061998272992275,0.6415539251009751,-0.3867697410035933,0.5061998272992275,0.6415539251009751,-0.3867697410035933,<=0.5
FULL_2022_202608,2025-11-04 16:29:00,DOWN,3962.63,4000.01,37.38000000000011,32.5483023375263,1.148446994634898,SAME_NEAREST,47.18000000000029,67.84999999999991,MULTI_CHILD_ERA4,CHALLENGE_OPENS,2025-11-06 05:38:00,3990.35,-0.7415730337078577,2025,-27.7199999999998,0.17,0.17,0.17,-27.7199999999998,-27.8899999999998,-28.0599999999998,-28.2299999999998,308,2.0,CHALLENGE_OPENS,2025-11-06 05:38:00,False,2025-10-31 18:14:00,3988.99,DOWN,26.359999999999673,0.8098732685547204,2,33.88000000000011,27.73999999999978,37.15,1.0409145045005446,0.8522717932362688,1.0409145045005446,0.15914808539883807,0.4187622401517855,1.0409145045005446,0.3984846848692979,0.36806835194558746,1.0409145045005446,0.3984846848692979,0.755185316429257,1.0409145045005446,0.7496550740794954,-0.6534903043307702,0.5-1
FULL_2022_202608,2025-11-07 18:35:00,UP,4019.6,3974.66,44.940000000000055,31.89060706934999,1.4091923650833167,SAME_NEAREST,10.88000000000011,53.940000000000055,MULTI_CHILD_ERA4,CHALLENGE_OPENS,2025-11-14 13:17:00,4145.31,2.797285269247894,2025,125.71000000000049,0.16,0.16,0.16,125.71000000000049,125.5500000000005,125.3900000000005,125.23000000000049,309,1.0,PRIMARY_CONTINUES,2025-11-10 03:16:00,True,2025-11-07 18:35:00,4019.6,UP,0.0,0.0,1,225.55999999999995,27.23999999999978,162.7,7.072929013533433,0.8541700050037649,0.24584041260020906,0.8541700050037649,-0.7488098281751161,0.24584041260020906,0.8541700050037649,-0.6622639686372822,0.24584041260020906,0.8541700050037649,-0.5722688175961393,0.24584041260020906,0.8541700050037649,-0.5722688175961393,<=0.5
FULL_2022_202608,2025-11-10 03:16:00,UP,4030.48,3994.54,35.940000000000055,31.857359602130963,1.1281537594093642,SAME_NEAREST,5.759999999999764,64.82000000000016,MULTI_CHILD_ERA4,CHALLENGE_OPENS,2025-11-14 13:17:00,4145.31,3.195047301057324,2025,114.83000000000038,0.16,0.16,0.16,114.83000000000038,114.67000000000039,114.51000000000039,114.35000000000038,309,2.0,PRIMARY_CONTINUES,2025-11-10 03:20:00,True,2025-11-07 18:35:00,4019.6,UP,10.88000000000011,0.34152234007718385,2,214.67999999999984,2.019999999999982,106.01666666666667,6.738788232331713,0.06340764034521124,0.7182013916328975,0.06340764034521124,0.44385348241647865,0.8264966189551596,0.06340764034521124,0.6394126900158206,2.3671139398180405,0.06340764034521124,2.1837968013942555,3.333609606268075,0.06340764034521124,3.2742826556480398,<=0.5
FULL_2022_202608,2025-11-10 03:20:00,UP,4036.24,3994.54,41.69999999999982,31.857359602130963,1.3089597041560994,SAME_NEAREST,10.110000000000127,70.57999999999993,MULTI_CHILD_ERA4,CHALLENGE_OPENS,2025-11-14 13:17:00,4145.31,2.6155875299760454,2025,109.07000000000062,0.16,0.16,0.16,109.07000000000062,108.91000000000062,108.75000000000063,108.59000000000061,309,3.0,PRIMARY_CONTINUES,2025-11-10 03:23:00,True,2025-11-07 18:35:00,4019.6,UP,16.639999999999873,0.522328284823919,3,208.92000000000007,2.5,105.95,6.557982287584978,0.07847480240744036,0.5373954468861624,0.07847480240744036,0.2432718874630651,0.6456906742084244,0.07847480240744036,0.5207587887757787,2.1863079950713056,0.07847480240744036,2.1075192934542284,3.1528036615213395,0.07847480240744036,3.0360331555390605,0.5-1
FULL_2022_202608,2025-11-10 03:23:00,UP,4046.35,3994.54,51.809999999999945,31.857359602130963,1.6263118050917922,OPPOSITE_NEAREST,92.26999999999998,80.69000000000005,MULTI_CHILD_ERA4,CHALLENGE_OPENS,2025-11-14 13:17:00,4145.31,1.9100559737502527,2025,98.96000000000049,0.16,0.16,0.16,98.96000000000049,98.8000000000005,98.6400000000005,98.48000000000049,309,4.0,PRIMARY_CONTINUES,2025-11-11 03:31:00,True,2025-11-07 18:35:00,4019.6,UP,26.75,0.8396803857596118,4+,198.80999999999995,8.659999999999854,105.9,6.240630186649285,0.27183671553936883,0.22004334595046962,0.27183671553936883,-0.05461846247557164,0.3283385732727316,0.27183671553936883,0.23291321354528527,1.8689558941356126,0.27183671553936883,1.7835753091163096,2.8354515605856467,0.27183671553936883,2.6835243431248377,0.5-1
FULL_2022_202608,2025-11-11 03:31:00,UP,4138.62,4074.34,64.27999999999975,31.7951252457641,2.0216935616117264,SAME_NEAREST,5.869999999999891,154.4699999999998,MULTI_CHILD_ERA4,CHALLENGE_OPENS,2025-11-14 13:17:00,4145.31,0.1040759178593736,2025,6.690000000000509,0.17,0.16,0.17,6.690000000000509,6.520000000000509,6.3500000000005095,6.1800000000005095,309,5.0,PRIMARY_CONTINUES,2025-11-11 05:15:00,True,2025-11-07 18:35:00,4019.6,UP,119.01999999999998,3.743341127925149,4+,106.53999999999996,41.56999999999971,81.76666666666667,3.350828127786467,1.307433126263211,0.08208805531745435,0.2607317925600685,-0.22865140312564333,0.327408680404136,0.2843203142030181,-0.1412166162357848,0.327408680404136,0.4362303935836113,0.09183797759655277,0.327408680404136,1.307433126263211,-0.2890380185315966,3-4
FULL_2022_202608,2025-11-11 05:15:00,UP,4144.49,4074.34,70.14999999999964,31.768707883287632,2.2081477237827167,SAME_NEAREST,10.170000000000073,160.3399999999997,MULTI_CHILD_ERA4,CHALLENGE_OPENS,2025-11-14 13:17:00,4145.31,0.0116892373485477,2025,0.8200000000006185,0.17,0.16,0.17,0.8200000000006185,0.6500000000006184,0.48000000000061843,0.31000000000061845,309,6.0,PRIMARY_CONTINUES,2025-11-12 17:10:00,True,2025-11-07 18:35:00,4019.6,UP,124.88999999999987,3.931226931193509,4+,100.67000000000007,47.4399999999996,80.03333333333333,3.168841501827618,1.4932933430684496,0.1429079211115254,0.058862954290427094,-0.020460385181154242,0.1429079211115254,0.6213661591941636,-0.4957708716974764,0.1429079211115254,0.831006413511949,-0.7960663711256609,0.1429079211115254,1.4932933430684496,-0.6751927109784621,3-4
FULL_2022_202608,2025-11-12 17:10:00,UP,4149.03,4098.84,50.1899999999996,31.50892280586097,1.592882127683012,SAME_NEAREST,5.630000000000109,50.1899999999996,MULTI_CHILD_ERA4,CHALLENGE_OPENS,2025-11-14 13:17:00,4145.31,-0.0741183502689654,2025,-3.719999999999345,0.16,0.16,0.16,-3.719999999999345,-3.8799999999993453,-4.0399999999993454,-4.199999999999346,309,7.0,PRIMARY_CONTINUES,2025-11-12 17:11:00,True,2025-11-07 18:35:00,4019.6,UP,129.42999999999984,4.107725319506149,4+,96.13000000000011,7.059999999999491,44.11666666666667,3.0508818277379826,0.22406351507155495,1.2805896364218097,0.16249365398957785,1.1603062480193669,1.9918167430441716,0.16249365398957785,1.7004706993675303,1.9918167430441716,0.16249365398957785,1.6912669572470278,3.0508818277379826,0.16249365398957785,1.641439801629138,4-6
FULL_2022_202608,2025-11-12 17:11:00,UP,4154.66,4098.84,55.81999999999971,31.50892280586097,1.7715616729879653,SAME_NEAREST,6.75,55.81999999999971,MULTI_CHILD_ERA4,CHALLENGE_OPENS,2025-11-14 13:17:00,4145.31,-0.1675026872088768,2025,-9.349999999999454,0.16,0.16,0.16,-9.349999999999454,-9.509999999999454,-9.669999999999455,-9.829999999999455,309,8.0,PRIMARY_CONTINUES,2025-11-12 17:13:00,True,2025-11-07 18:35:00,4019.6,UP,135.05999999999995,4.286404864811102,4+,90.5,12.6899999999996,44.1,2.872202282433029,0.4027430603765082,1.1019100911168564,0.09997168165373477,0.8581696101324752,1.8131371977392183,0.09997168165373477,1.446256994590854,1.8131371977392183,0.09997168165373477,1.5417854903933297,2.872202282433029,0.09997168165373477,1.4142025823780875,4-6
FULL_2022_202608,2025-11-12 17:13:00,UP,4161.41,4098.84,62.56999999999971,31.50892280586097,1.985786705103136,OPPOSITE_NEAREST,220.05000000000015,62.56999999999971,MULTI_CHILD_ERA4,CHALLENGE_OPENS,2025-11-14 13:17:00,4145.31,-0.2573118107719279,2025,-16.099999999999454,0.16,0.16,0.16,-16.099999999999454,-16.259999999999454,-16.419999999999455,-16.579999999999455,309,9.0,CHALLENGE_OPENS,2025-11-14 13:17:00,False,2025-11-07 18:35:00,4019.6,UP,141.80999999999995,4.500629896926273,4+,83.75,19.4399999999996,44.06666666666667,2.6579772503178583,0.6169680924916788,0.8876850590016857,0.17963165655879035,0.7194787374890274,1.5989121656240477,0.17963165655879035,1.1730010647372913,1.5989121656240477,0.17963165655879035,1.243139927103889,2.6579772503178583,0.17963165655879035,1.2624995225987312,4-6
FULL_2022_202608,2025-11-17 21:32:00,DOWN,4049.69,4092.26,42.57000000000016,32.78163079078678,1.2985931136764677,SAME_NEAREST,17.61999999999989,161.62000000000037,MULTI_CHILD_ERA4,SL,2025-11-19 07:31:00,4092.26,-1.0,2025,-42.570000000000164,0.16,0.16,0.16,-42.570000000000164,-42.73000000000016,-42.890000000000164,-43.05000000000016,310,3.0,PRIMARY_CONTINUES,2025-11-17 21:35:00,True,2025-11-14 15:11:00,4098.84,DOWN,49.15000000000009,1.4993152815879318,3,51.80000000000018,42.86000000000013,33.983333333333334,1.5801532367498472,1.3074395314111664,1.3059142869741436,0.12476499494801317,0.6628712323276851,1.3059142869741436,0.16442135031045263,0.06314511969251797,1.486808277204395,0.16442135031045263,1.329098002416812,1.5801532367498472,0.9798170263398599,-0.7620121207338045,1-2
FULL_2022_202608,2025-11-17 21:35:00,DOWN,4032.07,4092.26,60.190000000000055,32.78163079078678,1.836089253281333,SAME_NEAREST,47.92000000000007,179.24000000000024,MULTI_CHILD_ERA4,SL,2025-11-19 07:31:00,4092.26,-1.0,2025,-60.190000000000055,0.16,0.16,0.16,-60.190000000000055,-60.35000000000005,-60.510000000000055,-60.67000000000005,310,4.0,PRIMARY_CONTINUES,2025-11-20 04:17:00,True,2025-11-14 15:11:00,4098.84,DOWN,66.76999999999998,2.0368114211927972,4+,34.18000000000029,60.48000000000002,33.93333333333333,1.0426570971449816,1.8449356710160318,0.7684181473692779,0.23153210553920484,0.1497790037151006,0.7684181473692779,0.7019174899153182,-0.3956484069622612,0.9557181642350028,0.7019174899153182,0.9075204400252469,1.0426570971449816,1.5173131659447254,-1.3952936109833478,2-3
FULL_2022_202608,2025-11-21 08:28:00,DOWN,4038.79,4088.94,50.15000000000009,33.53196207625131,1.4955879970864676,SAME_NEAREST,40.90000000000009,68.31999999999971,MULTI_CHILD_ERA4,SL,2025-11-21 18:50:00,4088.94,-1.0,2025,-50.15000000000009,0.16,0.16,0.16,-50.15000000000009,-50.31000000000009,-50.47000000000009,-50.63000000000009,310,6.0,CHALLENGE_OPENS,2025-11-24 20:37:00,False,2025-11-14 15:11:00,4098.84,DOWN,60.05000000000018,1.790828698405633,4+,16.36999999999989,54.590000000000146,10.366666666666667,0.488190937433804,1.6279989782841544,0.418704994598084,0.0933437772857587,0.0453298854550628,0.488190937433804,0.7336284093385225,0.10348335692701364,0.488190937433804,1.6279989782841544,-1.6136842776141338,0.488190937433804,1.6279989782841544,-1.6136842776141338,1-2
FULL_2022_202608,2025-11-14 15:11:00,DOWN,4098.84,4211.31,112.47000000000024,31.91108869033844,3.524480192180101,SAME_NEAREST,1.7899999999999636,146.3199999999997,MULTI_CHILD_ERA4,CHALLENGE_OPENS,2025-11-24 20:37:00,4101.13,-0.0203609851515956,2025,-2.2899999999999636,0.16,0.16,0.16,-2.2899999999999636,-2.4499999999999638,-2.6099999999999635,-2.7699999999999636,310,1.0,PRIMARY_CONTINUES,2025-11-14 15:12:00,True,2025-11-14 15:11:00,4098.84,DOWN,0.0,0.0,1,100.95000000000027,34.01000000000022,245.43333333333334,3.1634771530237513,1.0657737293148903,1.9209623524552353,0.21027173548082645,1.4302238461020769,2.092376121915753,0.3857593239595905,-0.05546661278702852,2.092376121915753,0.3857593239595905,0.436838747034682,2.092376121915753,0.3857593239595905,0.436838747034682,<=0.5
FULL_2022_202608,2025-11-14 15:12:00,DOWN,4097.05,4211.31,114.26000000000022,31.91108869033844,3.580573546354567,SAME_NEAREST,112.90000000000008,148.10999999999967,MULTI_CHILD_ERA4,CHALLENGE_OPENS,2025-11-24 20:37:00,4101.13,-0.0357080343077185,2025,-4.079999999999927,0.16,0.16,0.16,-4.079999999999927,-4.239999999999927,-4.3999999999999275,-4.559999999999928,310,2.0,PRIMARY_CONTINUES,2025-11-17 21:32:00,True,2025-11-14 15:11:00,4098.84,DOWN,1.7899999999999636,0.05609335417446641,2,99.16000000000031,35.80000000000018,245.41666666666666,3.107383798849285,1.1218670834893567,1.864868998280769,0.039484707407732605,1.3750706040087388,2.0362827677412865,0.44185267813405693,-0.052332905849924526,2.0362827677412865,0.44185267813405693,0.3807453928602156,2.0362827677412865,0.44185267813405693,0.3807453928602156,<=0.5
FULL_2022_202608,2025-11-20 04:17:00,DOWN,4055.48,4132.85,77.37000000000035,33.212830600395684,2.3295214108934936,SAME_NEAREST,57.59000000000015,77.37000000000035,MULTI_CHILD_ERA4,CHALLENGE_OPENS,2025-11-24 20:37:00,4101.13,-0.5900219723406991,2025,-45.65000000000009,0.16,0.16,0.16,-45.65000000000009,-45.81000000000009,-45.97000000000009,-46.13000000000009,310,5.0,PRIMARY_CONTINUES,2025-11-21 08:28:00,True,2025-11-14 15:11:00,4098.84,DOWN,43.36000000000013,1.305519560247405,4+,33.059999999999945,51.629999999999654,112.33333333333333,0.9953984469967484,1.5545197162263116,0.4254379932263819,0.905071909156753,-0.6205433149607726,0.4254379932263819,0.905071909156753,-0.4709023506058392,0.5025166388498431,1.2227202338940757,-0.8999534053458177,0.5025166388498431,1.5545197162263116,-0.45645010455143936,1-2
FULL_2022_202608,2025-11-24 20:38:00,UP,4107.11,4040.0,67.10999999999967,33.601723303460375,1.9972189936189535,SAME_NEAREST,25.74000000000069,67.10999999999967,MULTI_CHILD_ERA4,CHALLENGE_OPENS,2025-12-04 05:02:00,4194.63,1.3041275517806714,2025,87.52000000000044,0.16,0.16,0.16,87.52000000000044,87.36000000000044,87.20000000000044,87.04000000000043,311,1.0,PRIMARY_CONTINUES,2025-11-24 22:37:00,True,2025-11-24 20:38:00,4107.11,UP,0.0,0.0,1,157.3699999999999,3.5799999999999272,224.4,4.683390746920221,0.10654215462905295,0.5574118872073331,0.10654215462905295,0.21963159250347442,0.9770332224781765,0.10654215462905295,0.8201960283734083,1.4529016729023845,0.10654215462905295,0.9987582987014336,1.5508133177989174,0.10654215462905295,0.8416235008127789,<=0.5
FULL_2022_202608,2025-11-24 22:37:00,UP,4132.85,4040.0,92.85000000000036,33.601723303460375,2.763251133326203,SAME_NEAREST,78.46000000000004,92.85000000000036,MULTI_CHILD_ERA4,CHALLENGE_OPENS,2025-12-04 05:02:00,4194.63,0.6653742595584222,2025,61.779999999999745,0.17,0.16,0.17,61.779999999999745,61.609999999999744,61.43999999999974,61.26999999999975,311,2.0,PRIMARY_CONTINUES,2025-11-25 19:33:00,True,2025-11-24 20:38:00,4107.11,UP,25.74000000000069,0.7660321397072493,2,131.6299999999992,23.289999999999964,222.41666666666666,3.917358607212972,0.6931192126566172,0.022320283791003166,0.12439838166186631,0.012499358922963938,0.34670840822023835,0.227369290884362,0.04612858650138489,0.6868695331951353,0.3068295011803355,-0.22975012115540017,0.7847811780916681,0.6931192126566172,-0.040771718391589606,0.5-1
FULL_2022_202608,2025-11-25 19:33:00,UP,4155.93,4110.88,45.05000000000018,33.63641881560608,1.3393221272146432,SAME_NEAREST,55.38000000000011,115.93000000000028,MULTI_CHILD_ERA4,CHALLENGE_OPENS,2025-12-04 05:02:00,4194.63,0.8590455049944431,2025,38.69999999999982,0.16,0.16,0.16,38.69999999999982,38.53999999999982,38.37999999999982,38.21999999999982,311,3.0,PRIMARY_CONTINUES,2025-11-26 04:25:00,True,2025-11-24 20:38:00,4107.11,UP,48.82000000000062,1.4514030244310643,3,108.54999999999927,28.24000000000069,201.48333333333332,3.2271568681275906,0.8395661902895072,0.09781065035596248,0.42067498557353733,-0.33891836293557387,0.09781065035596248,0.8395661902895072,-0.7444312112198553,0.39659394399652526,0.8395661902895072,0.1739186336116515,0.5199721199774411,0.8395661902895072,0.36299940451255885,1-2
FULL_2022_202608,2025-11-26 04:25:00,UP,4159.22,4127.69,31.53000000000065,33.600339333587,0.9383833802084008,OPPOSITE_NEAREST,52.09000000000015,49.659999999999854,MULTI_CHILD_ERA4,CHALLENGE_OPENS,2025-12-04 05:02:00,4194.63,1.123057405645389,2025,35.409999999999854,0.16,0.16,0.16,35.409999999999854,35.24999999999986,35.089999999999854,34.92999999999986,311,4.0,PRIMARY_CONTINUES,2025-11-28 02:33:00,True,2025-11-24 20:38:00,4107.11,UP,52.11000000000058,1.5508771945023563,4+,105.25999999999931,21.949999999999818,192.61666666666667,3.1327064573654795,0.6532672120384966,0.28809232858917067,0.09821329383722896,0.12470112156906889,0.29910412214064075,0.18571241016495235,-0.026785443773804478,0.4226147795419868,0.5630895513334171,-0.3785676053362147,0.4226147795419868,0.6532672120384966,-0.18779572245846057,1-2
FULL_2022_202608,2025-11-28 02:33:00,UP,4173.42,4151.41,22.01000000000022,32.659963000038715,0.6739138069438146,OPPOSITE_NEAREST,37.89000000000033,30.71000000000004,MULTI_CHILD_ERA4,CHALLENGE_OPENS,2025-12-04 05:02:00,4194.63,0.9636528850522412,2025,21.210000000000036,0.16,0.16,0.16,21.210000000000036,21.050000000000036,20.890000000000036,20.730000000000036,311,5.0,PRIMARY_CONTINUES,2025-11-28 16:18:00,True,2025-11-24 20:38:00,4107.11,UP,66.3100000000004,2.0303146087434882,4+,91.05999999999949,21.31999999999971,146.48333333333332,2.788123183112349,0.6527870224462421,0.5563386584356673,0.04378449540798916,0.42161713410340373,0.6059406742125367,0.04378449540798916,0.2682183075342074,0.6059406742125367,0.6527870224462421,0.03490512221336491,1.628905703289889,0.6527870224462421,1.4292728990521195,2-3
FULL_2022_202608,2025-11-28 16:18:00,UP,4193.21,4152.1,41.10999999999967,32.55809888972675,1.2626658620098778,SAME_NEAREST,18.100000000000364,50.5,MULTI_CHILD_ERA4,CHALLENGE_OPENS,2025-12-04 05:02:00,4194.63,0.0345414740938964,2025,1.4200000000000728,0.16,0.16,0.16,1.4200000000000728,1.2600000000000728,1.1000000000000727,0.9400000000000728,311,6.0,PRIMARY_CONTINUES,2025-11-28 19:08:00,True,2025-11-24 20:38:00,4107.11,UP,86.10000000000036,2.644503301363459,4+,71.26999999999953,29.289999999999964,132.73333333333332,2.1890098755885212,0.8996225516484936,0.4816006012239214,0.22882171422946812,-0.19104309563857513,0.7408294962704538,0.22882171422946812,0.6757151292682445,1.026165566765998,0.22882171422946812,0.8259081739101508,1.026165566765998,0.22882171422946812,0.8259081739101508,2-3
FULL_2022_202608,2025-11-28 19:08:00,UP,4211.31,4152.1,59.21000000000004,32.55809888972675,1.8185951274533083,SAME_NEAREST,33.849999999999454,68.60000000000036,MULTI_CHILD_ERA4,CHALLENGE_OPENS,2025-12-04 05:02:00,4194.63,-0.2817091707481892,2025,-16.68000000000029,0.16,0.16,0.16,-16.68000000000029,-16.84000000000029,-17.00000000000029,-17.16000000000029,311,7.0,PRIMARY_CONTINUES,2025-12-01 03:54:00,True,2025-11-24 20:38:00,4107.11,UP,104.20000000000073,3.2004325668068896,4+,53.16999999999916,47.39000000000033,129.9,1.6330806101450908,1.4555518170919242,0.1849002308270233,0.21131454951661802,0.062350077837016564,0.4702363013225673,0.21131454951661802,0.26997890846672024,0.4702363013225673,0.21131454951661802,0.26997890846672024,0.4702363013225673,0.21131454951661802,0.26997890846672024,3-4
FULL_2022_202608,2025-12-01 03:54:00,UP,4245.16,4152.1,93.05999999999948,32.475278596473295,2.865564331451355,OPPOSITE_NEAREST,136.30000000000018,93.05999999999948,MULTI_CHILD_ERA4,CHALLENGE_OPENS,2025-12-04 05:02:00,4194.63,-0.5429830217064262,2025,-50.529999999999745,0.17,0.16,0.17,-50.529999999999745,-50.69999999999975,-50.86999999999975,-51.03999999999974,311,8.0,PRIMARY_CONTINUES,2025-12-03 15:52:00,True,2025-11-24 20:38:00,4107.11,UP,138.05000000000018,4.250925810840987,4+,19.31999999999971,81.23999999999978,73.13333333333334,0.5949140649434735,2.501595167495258,0.3519600291047711,0.3377954085108775,-0.19738090871054018,0.3519600291047711,0.913310101771408,-0.4504965201927129,0.5949140649434735,0.913310101771408,0.23895099088827917,0.5949140649434735,1.4038370714686053,-0.8529565009800392,4-6
FULL_2022_202608,2025-12-03 15:52:00,UP,4230.74,4194.63,36.10999999999967,32.355290855267334,1.116046218268537,SAME_NEAREST,33.73999999999978,66.81999999999971,MULTI_CHILD_ERA4,AMBIGUOUS,2025-12-04 05:02:00,,,2025,,0.16,0.16,0.16,,,,,311,9.0,CHALLENGE_OPENS,2025-12-04 05:02:00,False,2025-11-24 20:38:00,4107.11,UP,123.63000000000011,3.821013402507354,4+,10.699999999999818,43.340000000000146,13.166666666666666,0.33070325492864155,1.3395027166923006,0.33070325492864155,0.5390153986874275,-0.4487674076227851,0.33070325492864155,1.0777217289123262,-0.6335903482277819,0.33070325492864155,1.1024472059163428,-0.6196822674130315,0.33070325492864155,1.3395027166923006,-1.301487295798619,3-4
FULL_2022_202608,2025-12-05 16:49:00,UP,4241.44,4215.82,25.61999999999989,31.80645214869377,0.8054969438347765,SAME_NEAREST,23.039999999999964,66.55999999999949,MULTI_CHILD_ERA4,SL,2025-12-05 18:11:00,4215.82,-1.0,2025,-25.61999999999989,0.16,0.16,0.16,-25.61999999999989,-25.77999999999989,-25.93999999999989,-26.09999999999989,312,2.0,CHALLENGE_OPENS,2025-12-08 17:00:00,False,2025-12-05 07:28:00,4219.36,UP,22.079999999999927,0.6941987712674427,2,17.780000000000655,28.9399999999996,1.3666666666666667,0.5590060757760701,0.9098782808188216,0.5590060757760701,0.2317139920399001,0.24429005673679124,0.5590060757760701,0.9098782808188216,-0.865862054379774,0.5590060757760701,0.9098782808188216,-0.865862054379774,0.5590060757760701,0.9098782808188216,-0.865862054379774,0.5-1
FULL_2022_202608,2025-12-05 07:28:00,UP,4219.36,4194.69,24.670000000000076,32.01505134067612,0.7705750566345669,SAME_NEAREST,22.079999999999927,44.47999999999956,MULTI_CHILD_ERA4,SL,2025-12-05 23:19:00,4194.69,-1.0,2025,-24.670000000000073,0.16,0.16,0.16,-24.670000000000073,-24.830000000000073,-24.990000000000073,-25.150000000000073,312,1.0,PRIMARY_CONTINUES,2025-12-05 16:49:00,True,2025-12-05 07:28:00,4219.36,UP,0.0,0.0,1,39.86000000000058,25.949999999999818,15.85,1.2450393902494608,0.8105562513038838,0.3117283771874066,0.05434943650360658,0.2595654122672696,0.3551454557736083,0.11057299150735027,0.07558944617169447,1.2450393902494608,0.6475079417930356,-0.12587829259169434,1.2450393902494608,0.8105562513038838,-0.8080574266370533,<=0.5
FULL_2022_202608,2025-12-09 08:09:00,DOWN,4174.88,4198.72,23.840000000000146,31.334580597350797,0.7608207783708366,SAME_NEAREST,10.960000000000036,44.159999999999854,MULTI_CHILD_ERA4,SL,2025-12-09 11:05:00,4198.72,-1.0,2025,-23.840000000000146,0.16,0.16,0.16,-23.840000000000146,-24.000000000000146,-24.160000000000146,-24.320000000000146,313,1.0,CHALLENGE_OPENS,2025-12-09 18:11:00,False,2025-12-09 08:09:00,4174.88,DOWN,0.0,0.0,1,4.900000000000546,28.159999999999854,2.933333333333333,0.15637675394368672,0.8986876308272868,0.15637675394368672,0.34817762969906313,-0.3184979600730105,0.15637675394368672,0.8986876308272868,-0.7943300827873429,0.15637675394368672,0.8986876308272868,-0.7943300827873429,0.15637675394368672,0.8986876308272868,-0.7943300827873429,<=0.5
FULL_2022_202608,2025-12-10 21:09:00,UP,4218.73,4188.93,29.799999999999272,30.802121829348238,0.9674658182672942,SAME_NEAREST,2.5600000000004,48.75,MULTI_CHILD_ERA4,SL,2025-12-10 21:41:00,4188.93,-1.0,2025,-29.799999999999272,0.17,0.17,0.17,-29.799999999999272,-29.969999999999274,-30.139999999999272,-30.309999999999274,314,1.0,PRIMARY_CONTINUES,2025-12-10 22:04:00,True,2025-12-10 21:09:00,4218.73,UP,0.0,0.0,1,1.0600000000004002,36.66999999999916,0.5333333333333333,0.03441321366992429,1.1905024012034138,0.03441321366992429,1.1905024012034138,-1.0375908574437123,0.03441321366992429,1.1905024012034138,-1.0375908574437123,0.03441321366992429,1.1905024012034138,-1.0375908574437123,0.03441321366992429,1.1905024012034138,-1.0375908574437123,<=0.5
FULL_2022_202608,2025-12-12 09:07:00,UP,4285.9,4264.55,21.34999999999945,30.77301885465728,0.6937895856378837,OPPOSITE_NEAREST,95.5600000000004,81.6299999999992,MULTI_CHILD_ERA4,SL,2025-12-12 18:39:00,4264.55,-1.0,2025,-21.349999999999454,0.16,0.16,0.16,-21.349999999999454,-21.509999999999454,-21.669999999999455,-21.829999999999455,314,6.0,CHALLENGE_OPENS,2025-12-16 05:11:00,False,2025-12-10 21:09:00,4218.73,UP,67.17000000000007,2.182756274814889,4+,67.53000000000065,22.029999999999745,9.533333333333333,2.194454834572737,0.7158868651804585,0.23039663523057713,0.06369215868151344,0.1634548766163512,1.6079020467149268,0.06369215868151344,1.5757310073809048,2.194454834572737,0.7158868651804585,-0.6375715068016651,2.194454834572737,0.7158868651804585,-0.6375715068016651,2-3
FULL_2022_202608,2025-12-10 22:04:00,UP,4221.29,4169.98,51.3100000000004,30.802121829348238,1.66579433339921,SAME_NEAREST,37.93000000000029,51.3100000000004,MULTI_CHILD_ERA4,CHALLENGE_OPENS,2025-12-16 05:11:00,4285.31,1.2477099980510609,2025,64.02000000000044,0.16,0.16,0.16,64.02000000000044,63.86000000000044,63.700000000000436,63.54000000000044,314,2.0,PRIMARY_CONTINUES,2025-12-11 17:40:00,True,2025-12-10 21:09:00,4218.73,UP,2.5600000000004,0.08311115754244028,2,132.14000000000033,17.019999999999527,127.11666666666666,4.289964202209519,0.5525593364734661,0.5635975370845744,0.20680393497861435,0.29446023394913723,0.5635975370845744,0.20680393497861435,0.44964434842290946,0.8518893648098727,0.5525593364734661,-0.2347240894655129,2.0975827690688282,0.5525593364734661,1.6531328679923452,<=0.5
FULL_2022_202608,2025-12-11 17:40:00,UP,4247.53,4204.27,43.25999999999931,30.792199238502224,1.404901275966917,SAME_NEAREST,11.69000000000051,65.46999999999935,MULTI_CHILD_ERA4,CHALLENGE_OPENS,2025-12-16 05:11:00,4285.31,0.873324086916349,2025,37.780000000000655,0.16,0.16,0.16,37.780000000000655,37.62000000000066,37.460000000000655,37.30000000000066,314,3.0,PRIMARY_CONTINUES,2025-12-11 17:51:00,True,2025-12-10 21:09:00,4218.73,UP,28.800000000000182,0.9353018203386064,3,105.90000000000055,4.039999999999964,107.51666666666667,3.4391827352034134,0.13120206090860806,0.45595963741506657,0.13120206090860806,0.36762557660533113,1.2460948210552778,0.13120206090860806,0.9213372445488193,1.2460948210552778,0.13120206090860806,0.7878618806046754,3.4391827352034134,0.13120206090860806,2.0976091866552204,0.5-1
FULL_2022_202608,2025-12-11 17:51:00,UP,4259.22,4204.27,54.94999999999982,30.792199238502224,1.7845428829029837,SAME_NEAREST,5.259999999999309,77.15999999999985,MULTI_CHILD_ERA4,CHALLENGE_OPENS,2025-12-16 05:11:00,4285.31,0.4747952684258459,2025,26.090000000000146,0.16,0.16,0.16,26.090000000000146,25.930000000000145,25.770000000000145,25.610000000000145,314,4.0,PRIMARY_CONTINUES,2025-12-11 18:47:00,True,2025-12-10 21:09:00,4218.73,UP,40.49000000000069,1.314943427274673,4+,94.21000000000004,9.100000000000364,107.33333333333333,3.059541128267347,0.29552939462088906,0.6121680317146566,0.29552939462088906,0.610869001408632,0.8664532141192113,0.29552939462088906,0.4985028799373961,0.8664532141192113,0.29552939462088906,0.39490521303184883,3.059541128267347,0.29552939462088906,1.7361540040035284,1-2
FULL_2022_202608,2025-12-11 18:47:00,UP,4264.48,4205.3,59.17999999999938,30.792199238502224,1.9219153377652012,OPPOSITE_NEAREST,116.98000000000047,82.41999999999916,MULTI_CHILD_ERA4,CHALLENGE_OPENS,2025-12-16 05:11:00,4285.31,0.3519770192632824,2025,20.830000000000837,0.16,0.16,0.16,20.830000000000837,20.670000000000837,20.510000000000836,20.350000000000836,314,5.0,PRIMARY_CONTINUES,2025-12-12 09:07:00,True,2025-12-10 21:09:00,4218.73,UP,45.75,1.4857659125170477,4+,88.95000000000073,7.269999999999527,106.4,2.8887186430249723,0.23609875812018,0.5602068194736409,0.07859133351453579,0.36567703114627936,0.6956307288768365,0.07859133351453579,0.25493469755758175,0.6956307288768365,0.07859133351453579,0.09710251537545354,2.8887186430249723,0.23609875812018,0.4036736675975374,1-2
FULL_2022_202608,2025-12-17 07:23:00,UP,4335.04,4296.87,38.17000000000007,30.90818890003788,1.234947803750264,SAME_NEAREST,15.100000000000364,63.69999999999982,MULTI_CHILD_ERA4,CHALLENGE_OPENS,2025-12-24 16:40:00,4469.5,3.522661776264076,2025,134.46000000000004,0.17,0.16,0.17,134.46000000000004,134.29000000000005,134.12000000000003,133.95000000000005,315,1.0,PRIMARY_CONTINUES,2025-12-18 18:10:00,True,2025-12-17 07:23:00,4335.04,UP,0.0,0.0,1,190.84000000000015,28.350000000000364,177.28333333333333,6.174415479897829,0.9172326496285137,0.2390952127250416,0.152710338844683,-0.1200329146427434,0.2390952127250416,0.8509071846641894,-0.5205740152565337,0.44292469042024074,0.9172326496285137,0.08217886878505685,0.44292469042024074,0.9172326496285137,0.0320303464949565,<=0.5
FULL_2022_202608,2025-12-18 18:10:00,UP,4350.14,4306.69,43.45000000000073,30.572465378249166,1.421213482865314,SAME_NEAREST,3.289999999999964,43.45000000000073,MULTI_CHILD_ERA4,CHALLENGE_OPENS,2025-12-24 16:40:00,4469.5,2.7470655926351597,2025,119.35999999999967,0.16,0.16,0.16,119.35999999999967,119.19999999999968,119.03999999999968,118.87999999999967,315,2.0,PRIMARY_CONTINUES,2025-12-18 18:11:00,True,2025-12-17 07:23:00,4335.04,UP,15.100000000000364,0.4939084831131507,2,175.73999999999978,40.960000000000036,142.5,5.748309723331318,1.339767646908224,0.7990850491691176,0.7546005765179085,-0.695396976886453,0.7990850491691176,0.9142213313253371,-0.517786177992116,0.7990850491691176,1.339767646908224,-1.0116946611052668,0.7990850491691176,1.339767646908224,-0.04415738094059054,<=0.5
FULL_2022_202608,2025-12-18 18:11:00,UP,4353.43,4306.69,46.74000000000069,30.572465378249166,1.5288266556760564,SAME_NEAREST,28.029999999999745,46.74000000000069,MULTI_CHILD_ERA4,CHALLENGE_OPENS,2025-12-24 16:40:00,4469.5,2.483311938382499,2025,116.06999999999971,0.16,0.16,0.16,116.06999999999971,115.90999999999971,115.74999999999972,115.5899999999997,315,3.0,PRIMARY_CONTINUES,2025-12-22 03:38:00,True,2025-12-17 07:23:00,4335.04,UP,18.390000000000327,0.6015216559238931,3,172.44999999999982,44.25,142.48333333333332,5.640696550520576,1.4473808197189664,0.6914718763583754,0.9750603895101236,-0.8978667457917894,0.6914718763583754,1.0218345041360795,-0.6574543384486272,0.6914718763583754,1.4473808197189664,-1.1353353277388787,0.6914718763583754,1.4473808197189664,-0.2750841286742666,0.5-1
FULL_2022_202608,2025-12-22 03:38:00,UP,4374.57,4336.55,38.01999999999953,30.389261720403475,1.2510998243327756,SAME_NEAREST,6.890000000000327,65.80999999999949,MULTI_CHILD_ERA4,CHALLENGE_OPENS,2025-12-24 16:40:00,4469.5,2.4968437664387557,2025,94.93000000000029,0.17,0.16,0.17,94.93000000000029,94.76000000000029,94.59000000000029,94.42000000000029,315,4.0,PRIMARY_CONTINUES,2025-12-22 03:40:00,True,2025-12-17 07:23:00,4335.04,UP,39.529999999999745,1.3007884286132276,4+,151.3100000000004,3.5999999999994543,61.03333333333333,4.979061399784196,0.11846289762223475,0.3688803006515159,0.11846289762223475,0.20731007083894823,1.1484319797268567,0.11846289762223475,0.9799514142196565,1.7387720862110696,0.11846289762223475,1.5433083051343657,3.689132070119672,0.11846289762223475,3.5706691724974076,1-2
FULL_2022_202608,2025-12-22 03:40:00,UP,4381.46,4336.55,44.909999999999854,30.389261720403475,1.4778246478375978,NO_SAME_TARGET,,72.69999999999982,MULTI_CHILD_ERA4,CHALLENGE_OPENS,2025-12-24 16:40:00,4469.5,1.960365174794038,2025,88.03999999999996,0.16,0.16,0.16,88.03999999999996,87.87999999999997,87.71999999999997,87.55999999999996,315,5.0,PRIMARY_CONTINUES,2025-12-23 22:58:00,True,2025-12-17 07:23:00,4335.04,UP,46.42000000000007,1.52751325211805,4+,144.42000000000007,3.819999999999709,61.0,4.752336576279373,0.1257022969213808,0.14215547714669366,0.1257022969213808,0.0006581272089969524,0.9217071562220345,0.1257022969213808,0.7176877214281608,1.5120472627062473,0.1257022969213808,1.3564001777748018,3.46240724661485,0.1257022969213808,3.3613847200314084,1-2
FULL_2022_202608,2025-12-23 22:58:00,UP,4497.64,4430.45,67.19000000000051,30.40991163645277,2.2094769890570465,NO_SAME_TARGET,,177.89000000000033,MULTI_CHILD_ERA4,CHALLENGE_OPENS,2025-12-24 16:40:00,4469.5,-0.4188123232623919,2025,-28.140000000000327,0.16,0.16,0.16,-28.140000000000327,-28.300000000000328,-28.460000000000328,-28.620000000000328,315,6.0,CHALLENGE_OPENS,2025-12-24 16:40:00,False,2025-12-17 07:23:00,4335.04,UP,162.60000000000036,5.346940890321087,4+,28.23999999999978,28.49000000000069,17.7,0.9286445925133211,0.9368655963422579,0.07004295262229074,0.46267809549090305,-0.4242037975716162,0.6672166707540863,0.46267809549090305,0.5498207360772748,0.9286445925133211,0.9253561909817762,-0.4774759023829296,0.9286445925133211,0.9368655963422579,-0.9112160643960467,4-6
FULL_2022_202608,2025-12-26 15:40:00,UP,4525.88,4448.3,77.57999999999993,30.58367808260183,2.5366471550762544,NO_SAME_TARGET,,95.43000000000028,MULTI_CHILD_ERA4,AMBIGUOUS,2025-12-29 09:03:00,,,2025,,0.16,0.16,0.16,,,,,316,1.0,CHALLENGE_OPENS,2025-12-29 09:03:00,False,2025-12-26 15:40:00,4525.88,UP,0.0,0.0,1,24.18000000000029,80.97000000000025,65.38333333333334,0.7906177907933054,2.6474905922470375,0.23868940747689013,0.3456091831548762,-0.07683837090010476,0.7906177907933054,0.5238088092849026,-0.34691707031913194,0.7906177907933054,0.5238088092849026,0.21482046672918625,0.7906177907933054,0.5238088092849026,0.21482046672918625,<=0.5
FULL_2022_202608,2025-12-31 07:50:00,DOWN,4303.02,4373.31,70.28999999999996,31.845022487067485,2.207252327378487,SAME_NEAREST,31.68000000000029,101.33999999999924,MULTI_CHILD_ERA4,SL,2026-01-02 08:00:00,4373.31,-1.0,2025,-70.28999999999996,0.16,0.17,0.17,-70.28999999999996,-70.45999999999997,-70.62999999999997,-70.79999999999997,317,4.0,CHALLENGE_OPENS,2026-01-05 03:02:00,False,2025-12-29 15:42:00,4430.45,DOWN,127.42999999999938,4.0015672795253865,4+,28.670000000000073,78.00999999999931,48.166666666666664,0.9002976842501269,2.449676398617077,0.9002976842501269,0.6016638866491892,-0.5953834702958345,0.9002976842501269,1.0770914045963942,-0.8516244575117992,0.9002976842501269,1.5779546087746341,-0.7310404635278225,0.9002976842501269,1.5779546087746341,-0.5919292413015123,4-6
FULL_2022_202608,2025-12-29 15:42:00,DOWN,4430.45,4520.35,89.90000000000055,30.975716288410094,2.9022734829747137,SAME_NEAREST,110.69999999999982,119.61000000000058,MULTI_CHILD_ERA4,CHALLENGE_OPENS,2026-01-05 03:02:00,4404.36,0.2902113459399331,2025,26.090000000000146,0.16,0.16,0.16,26.090000000000146,25.930000000000145,25.770000000000145,25.610000000000145,317,1.0,PRIMARY_CONTINUES,2025-12-29 17:21:00,True,2025-12-29 15:42:00,4430.45,DOWN,0.0,0.0,1,156.09999999999945,10.029999999999745,155.33333333333334,5.039431487122898,0.3238020359759229,2.375409153251145,0.3238020359759229,2.234976565365261,4.113867741217617,0.3238020359759229,3.5569798927046747,4.113867741217617,0.3238020359759229,2.754415723775309,4.113867741217617,0.3238020359759229,1.6729233802864063,<=0.5
FULL_2022_202608,2026-01-08 07:16:00,DOWN,4423.51,4466.33,42.81999999999971,32.897142702251784,1.3016328009869595,OPPOSITE_NEAREST,113.52000000000044,76.92000000000007,MULTI_CHILD_ERA4,SL,2026-01-08 22:25:00,4466.33,-1.0,2026,-42.81999999999971,0.17,0.16,0.16,-42.81999999999971,-42.979999999999706,-43.13999999999971,-43.299999999999706,318,2.0,CHALLENGE_OPENS,2026-01-09 15:32:00,False,2026-01-07 08:46:00,4442.52,DOWN,19.01000000000022,0.5778617362625539,2,15.860000000000582,44.51999999999953,15.15,0.48210873945946003,1.353309021483868,0.23953448089157997,0.18725030485940067,0.06474726450495995,0.23953448089157997,0.490620116953034,-0.21400034841074758,0.48210873945946003,1.2757946907384918,-1.0772972084768249,0.48210873945946003,1.353309021483868,-1.3517891326457179,0.5-1
FULL_2022_202608,2026-01-07 08:46:00,DOWN,4442.52,4500.43,57.909999999999854,32.92865788265662,1.758650480270585,OPPOSITE_NEAREST,132.53000000000063,107.53999999999996,MULTI_CHILD_ERA4,CHALLENGE_OPENS,2026-01-09 15:32:00,4483.83,-0.7133482990847797,2026,-41.30999999999949,0.16,0.19,0.19,-41.30999999999949,-41.49999999999949,-41.68999999999949,-41.87999999999949,318,1.0,PRIMARY_CONTINUES,2026-01-08 07:16:00,True,2026-01-07 08:46:00,4442.52,DOWN,0.0,0.0,1,34.8700000000008,44.51999999999953,54.766666666666666,1.0589560049566027,1.352013803861955,0.033101865368592616,0.625594886782476,-0.614965847443955,0.033101865368592616,0.9854637901015422,-0.7458548747270727,0.5773086795017145,0.9854637901015422,-0.36199471118673726,0.8166139080379334,0.9854637901015422,0.32585597743574957,<=0.5
FULL_2022_202608,2026-01-09 17:21:00,UP,4500.43,4458.24,42.19000000000051,32.71393147106894,1.2896646200201245,SAME_NEAREST,49.63000000000011,92.78000000000064,MULTI_CHILD_ERA4,CHALLENGE_OPENS,2026-01-13 22:34:00,4573.76,1.7380895946906625,2026,73.32999999999993,0.16,0.16,0.16,73.32999999999993,73.16999999999993,73.00999999999993,72.84999999999992,319,1.0,PRIMARY_CONTINUES,2026-01-12 02:07:00,True,2026-01-09 17:21:00,4500.43,UP,0.0,0.0,1,134.09999999999945,18.340000000000146,101.21666666666667,4.099171024998717,0.5606174242988619,0.5083461159263937,0.06633259600482887,0.16262184826988868,0.5083461159263937,0.5606174242988619,-0.08008820347126201,0.5083461159263937,0.5606174242988619,0.26747014518075257,0.5083461159263937,0.5606174242988619,0.26747014518075257,<=0.5
FULL_2022_202608,2026-01-12 02:07:00,UP,4550.06,4482.09,67.97000000000025,32.719334514337035,2.0773649895054254,NO_SAME_TARGET,,142.41000000000076,MULTI_CHILD_ERA4,CHALLENGE_OPENS,2026-01-13 22:34:00,4573.76,0.3486832426070285,2026,23.699999999999818,0.16,0.16,0.16,23.699999999999818,23.539999999999818,23.379999999999818,23.219999999999818,319,2.0,PRIMARY_CONTINUES,2026-01-12 15:07:00,True,2026-01-09 17:21:00,4500.43,UP,49.63000000000011,1.5168401416677078,2,84.46999999999935,2.0,44.45,2.581653974746524,0.06112593760498507,1.5605451870552531,0.06112593760498507,1.116770880043076,1.5605451870552531,0.06112593760498507,0.5327125462274259,1.5605451870552531,0.06112593760498507,1.010106118922356,2.446565652639505,0.06112593760498507,1.34599314606177,1-2
FULL_2022_202608,2026-01-12 15:07:00,UP,4601.12,4482.09,119.02999999999976,32.97515600722277,3.609687243751866,NO_SAME_TARGET,,193.47000000000023,MULTI_CHILD_ERA4,CHALLENGE_OPENS,2026-01-13 22:34:00,4573.76,-0.2298580189868078,2026,-27.359999999999673,0.17,0.16,0.17,-27.359999999999673,-27.529999999999674,-27.699999999999672,-27.869999999999674,319,3.0,PRIMARY_CONTINUES,2026-01-13 16:47:00,True,2026-01-09 17:21:00,4500.43,UP,100.6899999999996,3.0535109516371897,3,33.409999999999854,30.050000000000182,31.45,1.0131870185142364,0.9112921253023981,0.5804369809746454,0.1300979440115551,-0.010614051376217641,0.8791467125629339,0.48763984608527144,0.4576172436210728,0.8791467125629339,0.7029534597174618,-0.43517610642558524,0.8791467125629339,0.8297155590107542,-0.15921077064351286,3-4
FULL_2022_202608,2026-01-13 16:47:00,UP,4630.11,4573.76,56.349999999999454,33.027452820655306,1.706156399828638,NO_SAME_TARGET,,222.46000000000004,MULTI_CHILD_ERA4,AMBIGUOUS,2026-01-13 22:34:00,,,2026,,0.16,0.16,0.16,,,,,319,4.0,CHALLENGE_OPENS,2026-01-13 22:34:00,False,2026-01-09 17:21:00,4500.43,UP,129.67999999999938,3.926430557760051,4+,4.420000000000073,59.039999999999964,5.783333333333333,0.13382806188540866,1.7876037949580073,0.13382806188540866,0.8907741132734541,-0.4014841856561984,0.13382806188540866,1.484825374402789,-0.8559545949095876,0.13382806188540866,1.7876037949580073,-1.749453713968043,0.13382806188540866,1.7876037949580073,-1.749453713968043,3-4
FULL_2022_202608,2026-01-14 07:01:00,UP,4634.53,4569.86,64.67000000000007,33.10578337156454,1.9534351226241304,NO_SAME_TARGET,,226.8800000000001,MULTI_CHILD_ERA4,CHALLENGE_OPENS,2026-01-16 17:27:00,4581.09,-0.826349157259928,2026,-53.4399999999996,0.16,0.16,0.16,-53.4399999999996,-53.599999999999596,-53.7599999999996,-53.9199999999996,320,1.0,CHALLENGE_OPENS,2026-01-16 17:27:00,False,2026-01-14 07:01:00,4634.53,UP,0.0,0.0,1,8.360000000000582,55.42000000000007,58.43333333333333,0.2525238537983431,1.6740277485051696,0.1549578193762485,0.5092765759616849,-0.36549505155019146,0.1549578193762485,0.5092765759616849,-0.01117629496475513,0.2183908448519154,1.0587274013913104,-0.47091469865023106,0.2525238537983431,1.614219467342394,-1.2991687741466276,<=0.5
FULL_2022_202608,2026-01-16 17:29:00,DOWN,4569.86,4620.8,50.94000000000051,32.81994096043435,1.5521051686659204,OPPOSITE_NEAREST,162.21000000000004,54.92000000000007,MULTI_CHILD_ERA4,AMBIGUOUS,2026-01-19 01:00:00,,,2026,,0.16,0.16,0.16,,,,,321,1.0,CHALLENGE_OPENS,2026-01-19 01:00:00,False,2026-01-16 17:29:00,4569.86,DOWN,0.0,0.0,1,33.25,66.8100000000004,55.516666666666666,1.013103589676901,2.0356526564305013,1.013103589676901,0.810787564550464,-0.6657537875019746,1.013103589676901,0.8884842308264423,-0.431749710247271,1.013103589676901,0.8884842308264423,-0.8156626494932656,1.013103589676901,0.8884842308264423,-0.8156626494932656,<=0.5
FULL_2022_202608,2026-01-19 01:02:00,UP,4642.89,4536.61,106.28000000000064,33.01976507139744,3.21867826043569,NO_SAME_TARGET,,235.2400000000007,MULTI_CHILD_ERA4,CHALLENGE_OPENS,2026-01-29 17:27:00,5235.83,5.579036507339066,2026,592.9399999999996,0.17,0.16,0.17,592.9399999999996,592.7699999999996,592.5999999999996,592.4299999999996,322,1.0,PRIMARY_CONTINUES,2026-01-20 06:35:00,True,2026-01-19 01:02:00,4642.89,UP,0.0,0.0,1,955.0999999999995,5.160000000000764,256.4166666666667,28.925099798100366,0.15627003974266576,1.4430750763055937,0.15627003974266576,0.8794732469237085,1.4430750763055937,0.15627003974266576,0.725323149580671,1.4430750763055937,0.15627003974266576,0.6290171948555452,1.4430750763055937,0.15627003974266576,0.9300490156001087,<=0.5
FULL_2022_202608,2026-01-20 06:35:00,UP,4690.54,4659.5,31.039999999999964,32.807147196827884,0.9461352983169844,NO_SAME_TARGET,,153.9300000000003,MULTI_CHILD_ERA4,CHALLENGE_OPENS,2026-01-29 17:27:00,5235.83,17.567332474226824,2026,545.29,0.16,0.16,0.16,545.29,545.13,544.9699999999999,544.81,322,2.0,PRIMARY_CONTINUES,2026-01-22 19:22:00,True,2026-01-19 01:02:00,4642.89,UP,47.649999999999636,1.452427415103222,2,907.4499999999998,3.25,226.86666666666667,27.660131329180032,0.09906377962404002,0.45020677693757366,0.09906377962404002,0.3416938367955361,1.0787283571984028,0.09906377962404002,0.8290876325458063,1.834661198637209,0.09906377962404002,1.6020899252429488,5.1272364217107,0.09906377962404002,5.085172416824181,1-2
FULL_2022_202608,2026-01-22 19:22:00,UP,4888.61,4810.73,77.88000000000011,34.082572353848484,2.285038793182703,NO_SAME_TARGET,,132.92000000000007,MULTI_CHILD_ERA4,CHALLENGE_OPENS,2026-01-29 17:27:00,5235.83,4.458397534668718,2026,347.22000000000025,0.16,0.16,0.16,347.22000000000025,347.06000000000023,346.90000000000026,346.74000000000024,322,3.0,PRIMARY_CONTINUES,2026-01-23 18:09:00,True,2026-01-19 01:02:00,4642.89,UP,245.71999999999935,7.209549720863528,3,709.3800000000001,7.380000000000109,166.08333333333334,20.813569839598667,0.21653295189636076,0.776349851921088,0.21653295189636076,0.6903821623470779,1.1639379677138917,0.21653295189636076,0.9673565615207268,2.3079243897246142,0.21653295189636076,2.067332220950862,2.9170333438395506,0.21653295189636076,2.8433886677881,>6
FULL_2022_202608,2026-01-23 18:09:00,UP,4967.39,4899.7,67.69000000000051,34.550661829300786,1.9591520513970533,NO_SAME_TARGET,,211.70000000000076,MULTI_CHILD_ERA4,CHALLENGE_OPENS,2026-01-29 17:27:00,5235.83,3.9657261042989744,2026,268.4399999999996,0.16,0.16,0.16,268.4399999999996,268.2799999999996,268.1199999999996,267.9599999999996,322,4.0,PRIMARY_CONTINUES,2026-01-27 22:03:00,True,2026-01-19 01:02:00,4642.89,UP,324.5,9.392005328384386,4+,630.5999999999995,9.039999999999964,143.3,18.25145935309457,0.2616447709355763,0.5973836362953722,0.10072165960795718,0.4625092300387624,0.6517964868881724,0.2616447709355763,0.31924135214815835,0.6517964868881724,0.2616447709355763,0.5988307865771008,0.6517964868881724,0.2616447709355763,0.5988307865771008,>6
FULL_2022_202608,2026-01-27 22:03:00,UP,5111.22,5046.83,64.39000000000033,35.848001850812466,1.7961949530121712,NO_SAME_TARGET,,121.32000000000062,MULTI_CHILD_ERA4,CHALLENGE_OPENS,2026-01-29 17:27:00,5235.83,1.9352383910544968,2026,124.60999999999967,0.16,0.16,0.16,124.60999999999967,124.44999999999968,124.28999999999968,124.12999999999967,322,5.0,PRIMARY_CONTINUES,2026-01-28 20:18:00,True,2026-01-19 01:02:00,4642.89,UP,468.3299999999999,13.064326484612296,4+,486.7699999999995,10.260000000000218,43.4,13.578720566512336,0.286208420840273,2.139868222481178,0.286208420840273,2.0263333031030037,2.2110018943274223,0.286208420840273,1.4257419482598388,5.16179397585604,0.286208420840273,5.149798886093721,6.277616279326866,0.286208420840273,6.1403701359999525,>6
FULL_2022_202608,2026-01-28 20:18:00,UP,5311.43,5235.83,75.60000000000036,37.00784557407996,2.0428100805995064,NO_SAME_TARGET,,264.6000000000004,MULTI_CHILD_ERA4,AMBIGUOUS,2026-01-29 17:27:00,,,2026,,0.16,0.16,0.16,,,,,322,6.0,CHALLENGE_OPENS,2026-01-29 17:27:00,False,2026-01-19 01:02:00,4642.89,UP,668.54,18.06481813867708,4+,286.5599999999995,176.9900000000007,21.15,7.743222972177126,4.782499420176009,0.38397263552009153,1.1521881195339048,-0.44801311026904106,2.911004364854271,1.1521881195339048,2.8750660393622445,7.743222972177126,1.1521881195339048,7.350063095553804,7.743222972177126,4.782499420176009,-4.782499420176009,>6
FULL_2022_202608,2026-01-30 10:33:00,DOWN,5100.21,5241.13,140.92000000000007,43.56782364569131,3.234497117551946,SAME_NEAREST,53.38000000000011,497.77999999999975,MULTI_CHILD_ERA4,CHALLENGE_OPENS,2026-02-03 02:24:00,4812.46,2.0419386886176545,2026,287.75,0.16,0.23,0.23,287.75,287.52,287.29,287.06,323,1.0,PRIMARY_CONTINUES,2026-01-30 11:13:00,True,2026-01-30 10:33:00,5100.21,DOWN,0.0,0.0,1,697.0900000000001,45.47999999999956,87.85,16.00011067041077,1.0438896459428118,1.9654413012771315,0.7342574708379648,0.8855158869937112,3.621020900262528,1.0438896459428118,-0.5889667615411753,9.529968799372458,1.0438896459428118,5.2876178042182875,9.529968799372458,1.0438896459428118,4.815250853613556,<=0.5
FULL_2022_202608,2026-02-05 23:33:00,DOWN,4789.79,4906.41,116.61999999999988,58.7100458617839,1.98637214957298,OPPOSITE_NEAREST,386.6700000000001,301.9300000000003,MULTI_CHILD_ERA4,SL,2026-02-06 15:00:00,4906.41,-1.0,2026,-116.61999999999989,0.18,0.16,0.16,-116.61999999999989,-116.77999999999989,-116.93999999999988,-117.0999999999999,324,3.0,CHALLENGE_OPENS,2026-02-09 17:33:00,False,2026-02-04 18:46:00,4880.74,DOWN,90.94999999999982,1.549138629769013,3,134.94999999999982,124.43000000000029,15.45,2.298584475946437,2.1193987872694793,0.5043429887571199,0.12962006566840797,0.17220221601939797,2.298584475946437,0.12962006566840797,0.8950768003778129,2.298584475946437,1.932888968732146,-1.2887061982223589,2.298584475946437,2.1193987872694793,-2.0066412531400593,1-2
FULL_2022_202608,2026-02-05 04:47:00,DOWN,4855.2,5023.86,168.65999999999983,57.42279339843074,2.937161186669282,OPPOSITE_NEAREST,452.0799999999999,236.52000000000044,MULTI_CHILD_ERA4,SL,2026-02-09 01:28:00,5023.86,-1.0,2026,-168.65999999999985,0.24,0.2,0.2,-168.65999999999985,-168.85999999999984,-169.05999999999986,-169.25999999999985,324,2.0,PRIMARY_CONTINUES,2026-02-05 23:33:00,True,2026-02-04 18:46:00,4880.74,DOWN,25.539999999999964,0.44477111767777433,2,200.35999999999967,171.5,92.68333333333334,3.489206779088444,2.9866188990500553,1.1390947066289427,0.5861783798368772,-0.21245918698781419,1.1390947066289427,1.3679236998273026,-1.140836175374751,1.1390947066289427,1.5410256931599926,0.12085793095863667,3.489206779088444,1.5410256931599926,0.5337601705882397,<=0.5
FULL_2022_202608,2026-02-04 18:46:00,DOWN,4880.74,5063.46,182.72000000000023,56.20637936652884,3.2508765385590883,SAME_NEAREST,477.6199999999999,717.25,MULTI_CHILD_ERA4,CHALLENGE_OPENS,2026-02-09 17:33:00,5047.32,-0.9116681260945692,2026,-166.57999999999993,0.16,0.16,0.16,-166.57999999999993,-166.73999999999992,-166.89999999999992,-167.05999999999992,324,1.0,PRIMARY_CONTINUES,2026-02-05 04:47:00,True,2026-02-04 18:46:00,4880.74,DOWN,0.0,0.0,1,225.89999999999964,170.78000000000065,118.78333333333333,4.019116736320577,3.0384451360284723,0.45439681914841773,0.8963395359709228,-0.3325245321019644,0.45439681914841773,1.3679941826281141,-1.120513377837416,1.6181437236315022,2.5463301784072665,-0.05693303920418387,1.6181437236315022,2.5463301784072665,0.09500700917198983,<=0.5
FULL_2022_202608,2026-02-11 12:40:00,UP,5078.61,5043.58,35.029999999999745,59.47199597706146,0.589016719961962,SAME_NEAREST,7.75,79.64999999999964,MULTI_CHILD_ERA4,SL,2026-02-11 15:30:00,5043.58,-1.0,2026,-35.029999999999745,0.16,0.16,0.16,-35.029999999999745,-35.18999999999974,-35.349999999999746,-35.50999999999974,325,1.0,PRIMARY_CONTINUES,2026-02-11 12:44:00,True,2026-02-11 12:40:00,5078.61,UP,0.0,0.0,1,40.48000000000047,57.61999999999989,2.8333333333333335,0.68065648941081,0.9688593606682397,0.499899146002556,0.09264864764459113,0.4190207439752282,0.68065648941081,0.9688593606682397,-0.9444781376038737,0.68065648941081,0.9688593606682397,-0.9444781376038737,0.68065648941081,0.9688593606682397,-0.9444781376038737,<=0.5
FULL_2022_202608,2026-02-11 12:44:00,UP,5091.72,5043.58,48.14000000000033,59.47199597706146,0.8094566057370611,OPPOSITE_NEAREST,506.2699999999995,92.76000000000022,MULTI_CHILD_ERA4,SL,2026-02-11 15:30:00,5043.58,-1.0,2026,-48.14000000000033,0.17,0.16,0.17,-48.14000000000033,-48.31000000000033,-48.48000000000033,-48.650000000000325,325,2.0,CHALLENGE_OPENS,2026-02-12 18:11:00,False,2026-02-11 12:40:00,5078.61,UP,13.110000000000582,0.2204398857750991,2,27.36999999999989,70.73000000000047,2.7666666666666666,0.46021660363571093,1.1892992464433387,0.3147699970792927,0.15805758400350572,0.2878665785255153,0.46021660363571093,1.1892992464433387,-1.1649180233789727,0.46021660363571093,1.1892992464433387,-1.1649180233789727,0.46021660363571093,1.1892992464433387,-1.1649180233789727,<=0.5
FULL_2022_202608,2026-02-12 18:13:00,DOWN,4987.81,5083.77,95.96000000000004,59.05510205660169,1.6249231083882751,OPPOSITE_NEAREST,332.97000000000025,112.17999999999938,MULTI_CHILD_ERA4,CHALLENGE_OPENS,2026-02-18 17:03:00,5001.0,-0.1374531054606043,2026,-13.1899999999996,0.16,0.16,0.16,-13.1899999999996,-13.3499999999996,-13.5099999999996,-13.6699999999996,326,1.0,PRIMARY_CONTINUES,2026-02-17 02:52:00,True,2026-02-12 18:13:00,4987.81,DOWN,0.0,0.0,1,146.05000000000018,64.14999999999964,142.83333333333334,2.473114005628468,1.0862736286276284,1.8487818359090484,0.3699934339129107,0.47735079643045314,1.8487818359090484,0.3699934339129107,0.7887548810830262,1.8487818359090484,0.3699934339129107,0.04792134636036032,1.8487818359090484,0.5588001519050965,-0.07823202126671167,<=0.5
FULL_2022_202608,2026-02-17 02:52:00,DOWN,4965.3,5017.24,51.9399999999996,59.02488238789744,0.8799678694599053,SAME_NEAREST,31.48999999999978,86.65999999999985,MULTI_CHILD_ERA4,CHALLENGE_OPENS,2026-02-18 17:03:00,5001.0,-0.6873315363881419,2026,-35.69999999999982,0.16,0.16,0.16,-35.69999999999982,-35.859999999999815,-36.01999999999982,-36.179999999999815,326,2.0,PRIMARY_CONTINUES,2026-02-17 02:58:00,True,2026-02-12 18:13:00,4987.81,DOWN,22.51000000000022,0.38136458878596097,2,123.53999999999996,41.60999999999967,38.18333333333333,2.093015606335724,0.7049569320028235,0.7174940175515517,0.06370194819348213,0.10707348738904868,0.7174940175515517,0.0979248033399705,0.21719653612777468,1.799241196315797,0.0979248033399705,0.5282517937959245,2.093015606335724,0.0979248033399705,1.425500510904068,<=0.5
FULL_2022_202608,2026-02-17 02:58:00,DOWN,4933.81,5017.24,83.42999999999938,59.02488238789744,1.4134716855802834,SAME_NEAREST,55.18000000000029,118.14999999999964,MULTI_CHILD_ERA4,CHALLENGE_OPENS,2026-02-18 17:03:00,5001.0,-0.8053457988733081,2026,-67.1899999999996,0.16,0.16,0.16,-67.1899999999996,-67.3499999999996,-67.5099999999996,-67.6699999999996,326,3.0,PRIMARY_CONTINUES,2026-02-17 07:31:00,True,2026-02-12 18:13:00,4987.81,DOWN,54.0,0.9148684049063391,3,92.05000000000018,73.09999999999945,38.083333333333336,1.559511790215346,1.2384607481232017,0.18399020143117362,0.5096155855478262,-0.39881485650917015,0.18399020143117362,0.6314286194603486,-0.32325350306690526,1.265737380195419,0.6314286194603486,0.04269385889563655,1.559511790215346,0.6314286194603486,0.989752078048674,0.5-1
FULL_2022_202608,2026-02-17 07:31:00,DOWN,4878.63,5001.0,122.36999999999988,59.13057748574245,2.069487652636332,OPPOSITE_NEAREST,223.79,173.32999999999993,MULTI_CHILD_ERA4,AMBIGUOUS,2026-02-18 17:03:00,,,2026,,0.18,0.16,0.16,,,,,326,4.0,PRIMARY_CONTINUES,2026-02-17 16:01:00,True,2026-02-12 18:13:00,4987.81,DOWN,109.18000000000029,1.8464220145038452,4+,36.86999999999989,128.27999999999975,33.53333333333333,0.6235352598896904,2.1694359408367117,0.3302859676063339,0.387278477121609,-0.27988903040885593,0.3302859676063339,0.8751817113992831,-0.6923659761292039,0.6235352598896904,1.1112693769284432,0.230168562167033,0.6235352598896904,1.1112693769284432,-0.973269709971573,1-2
FULL_2022_202608,2026-02-17 16:01:00,DOWN,4859.1,5001.0,141.89999999999964,59.43249580358378,2.387582720216893,OPPOSITE_NEAREST,204.26000000000025,141.89999999999964,MULTI_CHILD_ERA4,AMBIGUOUS,2026-02-18 17:03:00,,,2026,,0.16,0.16,0.16,,,,,326,5.0,CHALLENGE_OPENS,2026-02-18 17:03:00,False,2026-02-12 18:13:00,4987.81,DOWN,128.71000000000004,2.165650260177006,4+,17.340000000000146,147.8099999999995,25.033333333333335,0.2917595797643508,2.487023269029307,0.2917595797643508,0.8073024588865806,-0.09826274197367771,0.2917595797643508,0.8073024588865806,-0.13847643261017645,0.2917595797643508,0.8619863478274187,-0.547511921887652,0.2917595797643508,1.8508393179975964,-1.6374880220684138,2-3
FULL_2022_202608,2026-02-20 16:34:00,UP,5051.96,5005.04,46.92000000000007,57.61177388455716,0.8144168602414268,SAME_NEAREST,31.8100000000004,88.52999999999975,MULTI_CHILD_ERA4,SL,2026-02-20 17:06:00,5005.04,-1.0,2026,-46.92000000000007,0.18,0.16,0.18,-46.92000000000007,-47.10000000000007,-47.28000000000007,-47.46000000000007,327,3.0,PRIMARY_CONTINUES,2026-02-20 22:19:00,True,2026-02-19 08:45:00,5010.87,UP,41.090000000000146,0.7132222674194436,3,12.140000000000327,62.76000000000022,0.5333333333333333,0.21072081592777436,1.089360659606821,0.21072081592777436,1.089360659606821,-0.991811155034001,0.21072081592777436,1.089360659606821,-0.991811155034001,0.21072081592777436,1.089360659606821,-0.991811155034001,0.21072081592777436,1.089360659606821,-0.991811155034001,0.5-1
FULL_2022_202608,2026-02-23 16:36:00,UP,5176.6,5122.2,54.40000000000055,57.3502434225701,0.9485574385302696,OPPOSITE_NEAREST,421.3899999999994,187.40000000000052,MULTI_CHILD_ERA4,SL,2026-02-24 15:59:00,5122.2,-1.0,2026,-54.400000000000546,0.16,0.18,0.16,-54.400000000000546,-54.56000000000054,-54.720000000000546,-54.88000000000054,327,7.0,PRIMARY_CONTINUES,2026-02-25 18:46:00,True,2026-02-19 08:45:00,5010.87,UP,165.73000000000047,2.889787211169494,4+,73.03999999999996,65.51000000000022,23.383333333333333,1.273577854967834,1.1422793712889256,0.4739299849127185,0.06591079260376848,0.24219600774236696,0.7417579675565669,0.06591079260376848,0.5813401654521719,1.273577854967834,0.5483847691503194,0.09642504843882532,1.273577854967834,1.1422793712889256,-1.0744505397469741,2-3
FULL_2022_202608,2026-02-25 18:46:00,UP,5210.59,5155.17,55.42000000000007,57.02016032127294,0.9719369375277628,SAME_NEAREST,39.05000000000018,117.09000000000016,MULTI_CHILD_ERA4,SL,2026-02-25 22:58:00,5155.17,-1.0,2026,-55.42000000000007,0.18,0.2,0.18,-55.42000000000007,-55.60000000000007,-55.78000000000007,-55.96000000000007,327,8.0,CHALLENGE_OPENS,2026-02-26 16:30:00,False,2026-02-19 08:45:00,5010.87,UP,199.72000000000025,3.5026208077056076,4+,6.989999999999782,64.44000000000051,4.2,0.12258822073834068,1.130126601484833,0.12258822073834068,0.1090842250346973,-0.06541545970730801,0.12258822073834068,0.7451750356469573,-0.7339509353218544,0.12258822073834068,1.130126601484833,-1.0471734850195358,0.12258822073834068,1.130126601484833,-1.0471734850195358,3-4
FULL_2022_202608,2026-02-19 08:45:00,UP,5010.87,4958.75,52.11999999999989,58.64065145632972,0.8888032227748045,SAME_NEAREST,41.09000000000015,169.10999999999967,MULTI_CHILD_ERA4,CHALLENGE_OPENS,2026-02-26 16:30:00,5146.15,2.5955487336914818,2026,135.27999999999975,0.19,0.18,0.19,135.27999999999975,135.08999999999975,134.89999999999975,134.70999999999975,327,1.0,PRIMARY_CONTINUES,2026-02-20 08:23:00,True,2026-02-19 08:45:00,5010.87,UP,0.0,0.0,1,238.77000000000044,47.4399999999996,175.75,4.071748762508459,0.8089951053038461,0.18604841060001934,0.028649067810090818,0.06309616124840027,0.1892884837452163,0.49982391518666774,-0.37533689434523565,0.19457491887683062,0.8089951053038461,-0.5514945553441551,0.31889140955273826,0.8089951053038461,0.31548080624201685,<=0.5
FULL_2022_202608,2026-02-20 08:23:00,UP,5022.28,4981.75,40.52999999999975,57.8123411834728,0.7010613853428639,SAME_NEAREST,29.68000000000029,58.849999999999454,MULTI_CHILD_ERA4,CHALLENGE_OPENS,2026-02-26 16:30:00,5146.15,3.056254626202829,2026,123.86999999999989,0.16,0.18,0.16,123.86999999999989,123.7099999999999,123.5499999999999,123.38999999999989,327,2.0,PRIMARY_CONTINUES,2026-02-20 16:34:00,True,2026-02-19 08:45:00,5010.87,UP,11.409999999999854,0.19736270433659078,2,227.36000000000058,33.07999999999993,152.11666666666667,3.9327243170874646,0.5721961664727864,0.13405442231451342,0.18196806745143457,-0.1636328819477809,0.35130907318810595,0.2982062246067332,0.1117408475034531,0.9347485137904904,0.5721961664727864,0.7856454014871238,1.472177017185589,0.5721961664727864,1.4367174603152952,<=0.5
FULL_2022_202608,2026-02-20 22:19:00,UP,5083.77,4989.2,94.57000000000062,57.7757084740874,1.6368470850065922,SAME_NEAREST,16.219999999999345,120.34000000000016,MULTI_CHILD_ERA4,CHALLENGE_OPENS,2026-02-26 16:30:00,5146.15,0.6596172147615396,2026,62.3799999999992,0.21,0.18,0.21,62.3799999999992,62.1699999999992,61.9599999999992,61.7499999999992,327,4.0,PRIMARY_CONTINUES,2026-02-20 23:47:00,True,2026-02-19 08:45:00,5010.87,UP,72.90000000000055,1.2617759595747136,4+,165.8699999999999,1.7700000000004366,138.18333333333334,2.87092974505701,0.030635712598734943,0.26412484421274507,0.030635712598734943,0.17394853763682935,0.40882233422708336,0.030635712598734943,0.373340294211605,0.40882233422708336,0.030635712598734943,0.373340294211605,0.40882233422708336,0.030635712598734943,0.373340294211605,1-2
FULL_2022_202608,2026-02-20 23:47:00,UP,5099.99,4989.2,110.78999999999996,57.7757084740874,1.9175879089339016,SAME_NEAREST,19.100000000000364,136.5599999999995,MULTI_CHILD_ERA4,CHALLENGE_OPENS,2026-02-26 16:30:00,5146.15,0.4166441014531986,2026,46.159999999999854,1.1400000000000001,0.18,1.1400000000000001,46.159999999999854,45.019999999999854,43.87999999999985,42.73999999999985,327,5.0,PRIMARY_CONTINUES,2026-02-23 01:04:00,True,2026-02-19 08:45:00,5010.87,UP,89.11999999999989,1.5425167835020233,4+,149.65000000000055,6.489999999999782,136.71666666666667,2.5901889211297005,0.11233094619532998,0.12808151029977366,0.026135551426036744,0.09259947028429528,0.12808151029977366,0.026135551426036744,0.09259947028429528,0.12808151029977366,0.026135551426036744,0.09259947028429528,0.12808151029977366,0.026135551426036744,0.09259947028429528,1-2
FULL_2022_202608,2026-02-23 01:04:00,UP,5119.09,4989.2,129.89000000000033,57.75039898256469,2.2491619501921565,OPPOSITE_NEAREST,478.8999999999997,155.65999999999983,MULTI_CHILD_ERA4,CHALLENGE_OPENS,2026-02-26 16:30:00,5146.15,0.2083301254907954,2026,27.05999999999949,0.81,0.18,0.81,27.05999999999949,26.249999999999492,25.43999999999949,24.62999999999949,327,6.0,PRIMARY_CONTINUES,2026-02-23 16:36:00,True,2026-02-19 08:45:00,5010.87,UP,108.22000000000025,1.873926447376974,4+,130.55000000000018,25.590000000000146,87.43333333333334,2.2605904426636823,0.4431138217369887,0.9147988746527921,0.08398210376805566,0.5080484380524908,0.9958372758145437,0.08398210376805566,0.9189546900969804,0.9958372758145437,0.08398210376805566,0.7485662568851005,2.2358287089753657,0.08398210376805566,2.149768697485216,1-2
FULL_2022_202608,2026-02-27 15:07:00,UP,5201.02,5168.74,32.280000000000655,56.023422311887145,0.5761875777651561,SAME_NEAREST,16.55999999999949,70.68000000000029,MULTI_CHILD_ERA4,CHALLENGE_OPENS,2026-03-03 11:25:00,5260.39,1.8392193308549776,2026,59.36999999999989,0.18,0.24,0.18,59.36999999999989,59.18999999999989,59.00999999999989,58.82999999999989,328,1.0,PRIMARY_CONTINUES,2026-02-27 15:15:00,True,2026-02-27 15:07:00,5201.02,UP,0.0,0.0,1,218.1899999999996,4.260000000000218,92.3,3.8946210530537986,0.0760396245749579,0.706311724044814,0.0760396245749579,0.4116135546240377,1.012969177142873,0.0760396245749579,0.5701186875408452,1.4215482866547635,0.0760396245749579,1.3840639646812043,1.4215482866547635,0.0760396245749579,1.3840639646812043,<=0.5
FULL_2022_202608,2026-02-27 15:15:00,UP,5217.58,5168.74,48.84000000000015,56.023422311887145,0.8717782310424329,SAME_NEAREST,32.0600000000004,87.23999999999978,MULTI_CHILD_ERA4,CHALLENGE_OPENS,2026-03-03 11:25:00,5260.39,0.8765356265356321,2026,42.8100000000004,0.18,0.24,0.18,42.8100000000004,42.6300000000004,42.4500000000004,42.2700000000004,328,2.0,PRIMARY_CONTINUES,2026-02-27 18:11:00,True,2026-02-27 15:07:00,5201.02,UP,16.55999999999949,0.2955906532772769,2,201.6300000000001,9.829999999999927,92.16666666666667,3.599030399776522,0.17546232619056157,0.4107210707675371,0.17546232619056157,0.16457402314110217,0.7173785238655962,0.17546232619056157,0.2366867187473959,1.1259576333774866,0.17546232619056157,1.0884733114039273,1.1259576333774866,0.17546232619056157,1.0884733114039273,<=0.5
FULL_2022_202608,2026-02-27 18:11:00,UP,5249.64,5168.74,80.90000000000055,56.11134774348777,1.441776097944283,OPPOSITE_NEAREST,348.34999999999945,119.30000000000018,MULTI_CHILD_ERA4,CHALLENGE_OPENS,2026-03-03 11:25:00,5260.39,0.1328800988875145,2026,10.75,0.18,0.24,0.18,10.75,10.57,10.39,10.21,328,3.0,CHALLENGE_OPENS,2026-03-03 11:25:00,False,2026-02-27 15:07:00,5201.02,UP,48.61999999999989,0.866491395328188,3,169.5699999999997,28.340000000000146,89.23333333333333,3.022026859436465,0.5050671769560063,0.14489047807524227,0.49134446255036474,-0.2926324292737339,0.14489047807524227,0.5050671769560063,0.040455274936128785,0.5528293517704657,0.5050671769560063,0.5154037670277934,0.5528293517704657,0.5050671769560063,0.5154037670277934,0.5-1
FULL_2022_202608,2026-03-03 13:09:00,DOWN,5168.74,5335.86,167.1199999999999,57.0712121453352,2.9282714299885373,SAME_NEAREST,38.39999999999964,250.47000000000023,MULTI_CHILD_ERA4,CHALLENGE_OPENS,2026-03-06 17:01:00,5143.7,0.1498324557204403,2026,25.039999999999964,0.22,0.22,0.22,25.039999999999964,24.819999999999965,24.599999999999962,24.379999999999963,329,1.0,PRIMARY_CONTINUES,2026-03-03 13:29:00,True,2026-03-03 13:09:00,5168.74,DOWN,0.0,0.0,1,172.65999999999985,57.900000000000546,75.86666666666666,3.0253431372775297,1.0145219949517594,1.659155228013485,0.7254095093437477,-0.14665887906297123,2.6771816167301865,1.0145219949517594,2.156428703259267,3.0253431372775297,1.0145219949517594,1.1066875509698164,3.0253431372775297,1.0145219949517594,-0.3961717151271097,<=0.5
FULL_2022_202608,2026-03-03 13:29:00,DOWN,5130.34,5335.86,205.51999999999956,57.0712121453352,3.601115032858085,SAME_NEAREST,36.84000000000015,288.8699999999999,MULTI_CHILD_ERA4,CHALLENGE_OPENS,2026-03-06 17:01:00,5143.7,-0.0650058388477992,2026,-13.359999999999673,0.28,0.22,0.22,-13.359999999999673,-13.579999999999673,-13.799999999999672,-14.019999999999673,329,2.0,PRIMARY_CONTINUES,2026-03-03 13:31:00,True,2026-03-03 13:09:00,5168.74,DOWN,38.399999999999636,0.6728436028695479,2,134.26000000000022,96.30000000000018,75.53333333333333,2.3524995344079818,1.6873655978213071,0.9863116251439371,1.367940106146508,-1.2973265717828586,2.3524995344079818,1.6873655978213071,1.510043273315062,2.3524995344079818,1.6873655978213071,0.07306660999911693,2.3524995344079818,1.6873655978213071,-1.1303422088832056,0.5-1
FULL_2022_202608,2026-03-05 15:22:00,DOWN,5109.11,5180.41,71.30000000000018,58.58158701339057,1.217105982186902,OPPOSITE_NEAREST,113.02999999999976,96.86999999999988,MULTI_CHILD_ERA4,CHALLENGE_OPENS,2026-03-06 17:01:00,5143.7,-0.4851332398316978,2026,-34.590000000000146,0.25,0.22,0.22,-34.590000000000146,-34.810000000000144,-35.03000000000014,-35.25000000000014,329,4.0,CHALLENGE_OPENS,2026-03-06 17:01:00,False,2026-03-03 13:09:00,5168.74,DOWN,59.63000000000011,1.0178966299832386,4+,58.25999999999931,34.69000000000051,25.65,0.9945104421067024,0.5921655893697635,0.431534912057286,0.489402924394088,-0.006828084051548719,0.9373252381750692,0.489402924394088,0.4511656537054556,0.9945104421067024,0.489402924394088,0.41105065990267087,0.9945104421067024,0.5904585683568725,0.47045499115105627,1-2
FULL_2022_202608,2026-03-09 00:00:00,UP,5194.94,5062.77,132.16999999999916,58.68397017282086,2.2522334397411465,SAME_NEAREST,11.039999999999964,132.16999999999916,MULTI_CHILD_ERA4,AMBIGUOUS,2026-03-09 01:42:00,,,2026,,0.44,0.25,0.44,,,,,330,1.0,CHALLENGE_OPENS,2026-03-09 01:42:00,False,2026-03-09 00:00:00,5194.94,UP,0.0,0.0,1,3.730000000000473,148.3799999999992,1.7,0.06356079844318374,2.5284587863266372,0.06356079844318374,1.5559615297175171,-1.0287306707813697,0.06356079844318374,2.5284587863266372,-2.5284587863266372,0.06356079844318374,2.5284587863266372,-2.5284587863266372,0.06356079844318374,2.5284587863266372,-2.5284587863266372,<=0.5
FULL_2022_202608,2026-03-10 15:01:00,UP,5198.67,5156.45,42.220000000000255,59.10364850006768,0.7143383034966431,SAME_NEAREST,7.309999999999491,137.96000000000004,MULTI_CHILD_ERA4,SL,2026-03-11 15:51:00,5156.45,-1.0,2026,-42.220000000000255,0.24,0.25,0.24,-42.220000000000255,-42.46000000000026,-42.70000000000025,-42.94000000000025,331,1.0,PRIMARY_CONTINUES,2026-03-10 15:18:00,True,2026-03-10 15:01:00,5198.67,UP,0.0,0.0,1,39.840000000000146,48.98000000000047,24.833333333333332,0.6740700618499809,0.8287136453165728,0.5074136836064433,0.10202415845771079,0.1417848172264782,0.6740700618499809,0.22553599207982336,0.5036914091685125,0.6740700618499809,0.6458146149802642,0.30641086395840583,0.6740700618499809,0.6458146149802642,-0.5419293193035802,<=0.5
FULL_2022_202608,2026-03-10 15:18:00,UP,5205.98,5156.45,49.52999999999975,59.10364850006768,0.838019331411377,OPPOSITE_NEAREST,213.23000000000047,145.26999999999953,MULTI_CHILD_ERA4,SL,2026-03-11 15:51:00,5156.45,-1.0,2026,-49.529999999999745,0.25,0.25,0.25,-49.529999999999745,-49.779999999999745,-50.029999999999745,-50.279999999999745,331,2.0,CHALLENGE_OPENS,2026-03-12 00:56:00,False,2026-03-10 15:01:00,5198.67,UP,7.309999999999491,0.1236810279147339,2,32.530000000000655,56.289999999999964,24.55,0.550389033935247,0.9523946732313067,0.38373265569170945,0.34921701999455723,0.04077582452457236,0.550389033935247,0.34921701999455723,0.3290828991712492,0.550389033935247,0.769495642894998,0.20624784271966817,0.550389033935247,0.769495642894998,-0.4630847789365922,<=0.5
FULL_2022_202608,2026-03-12 17:11:00,DOWN,5125.7,5191.68,65.98000000000047,58.11489415232461,1.1353371792618374,SAME_NEAREST,64.98999999999978,112.8100000000004,MULTI_CHILD_ERA4,CHALLENGE_OPENS,2026-03-17 06:44:00,5037.91,1.3305547135495503,2026,87.78999999999996,0.21,0.29,0.29,87.78999999999996,87.49999999999996,87.20999999999997,86.91999999999996,332,1.0,PRIMARY_CONTINUES,2026-03-12 22:30:00,True,2026-03-12 17:11:00,5125.7,DOWN,0.0,0.0,1,158.46000000000004,12.340000000000146,109.55,2.726667617851311,0.21233799321144498,0.276693268301457,0.16622244849453024,0.037339825386454265,0.797730094431313,0.21233799321144498,0.6471662823891638,1.2158673095883705,0.21233799321144498,0.20597129487366453,1.552269883922547,0.21233799321144498,1.123464147226505,<=0.5
FULL_2022_202608,2026-03-12 22:30:00,DOWN,5060.71,5186.07,125.35999999999969,58.131589184811695,2.156486718459661,SAME_NEAREST,45.96000000000004,177.80000000000018,MULTI_CHILD_ERA4,CHALLENGE_OPENS,2026-03-17 06:44:00,5037.91,0.1818761965539266,2026,22.800000000000182,0.2,0.29,0.29,22.800000000000182,22.510000000000183,22.220000000000184,21.93000000000018,332,2.0,PRIMARY_CONTINUES,2026-03-13 16:55:00,True,2026-03-12 17:11:00,5125.7,DOWN,64.98999999999978,1.1179807899863852,2,93.47000000000025,67.77999999999975,104.23333333333333,1.607903745807479,1.165975349211835,0.09753733003881991,0.35952913541645054,-0.3154911169156876,0.09753733003881991,0.8193479770280324,-0.8152194127935888,0.09753733003881991,1.165975349211835,-0.24031684314679394,0.8792121584275114,1.165975349211835,0.8159075068326628,1-2
FULL_2022_202608,2026-03-13 16:55:00,DOWN,5055.04,5128.49,73.44999999999982,57.7832386749052,1.2711298584912751,SAME_NEAREST,40.28999999999997,73.44999999999982,MULTI_CHILD_ERA4,CHALLENGE_OPENS,2026-03-17 06:44:00,5037.91,0.2332198774676671,2026,17.13000000000011,0.29,0.29,0.29,17.13000000000011,16.84000000000011,16.55000000000011,16.260000000000108,332,3.0,PRIMARY_CONTINUES,2026-03-13 21:47:00,True,2026-03-12 17:11:00,5125.7,DOWN,70.65999999999985,1.2228459605308855,3,87.80000000000018,16.18000000000029,85.81666666666666,1.5194717709398837,0.2800119960570354,0.39803930218242883,0.2800119960570354,0.288491963799179,0.6245755832940832,0.2800119960570354,0.18430950296707488,0.7863872126595395,0.2800119960570354,0.6022507702586346,0.7863872126595395,0.2800119960570354,0.6022507702586346,1-2
FULL_2022_202608,2026-03-13 21:47:00,DOWN,5014.75,5121.66,106.90999999999984,57.95599846004461,1.8446753199102344,SAME_NEAREST,18.670000000000076,113.73999999999978,MULTI_CHILD_ERA4,CHALLENGE_OPENS,2026-03-17 06:44:00,5037.91,-0.2166308109624907,2026,-23.159999999999854,0.29,0.29,0.29,-23.159999999999854,-23.449999999999854,-23.739999999999853,-24.029999999999855,332,4.0,PRIMARY_CONTINUES,2026-03-16 01:20:00,True,2026-03-12 17:11:00,5125.7,DOWN,110.94999999999982,1.9143833761485405,4+,47.51000000000022,27.100000000000364,80.95,0.819759839574743,0.4675961198163698,0.08886051723446871,0.17547795345138195,-0.12095383025508526,0.08886051723446871,0.17547795345138195,-0.09472703681888316,0.08886051723446871,0.17547795345138195,-0.09472703681888316,0.08886051723446871,0.17547795345138195,-0.09472703681888316,1-2
FULL_2022_202608,2026-03-16 01:20:00,DOWN,4989.2,5121.66,132.46000000000004,57.867576246377695,2.289019319489669,SAME_NEAREST,25.769999999999527,139.28999999999996,MULTI_CHILD_ERA4,CHALLENGE_OPENS,2026-03-17 06:44:00,5037.91,-0.3677336554431528,2026,-48.710000000000036,0.29,0.29,0.29,-48.710000000000036,-49.000000000000036,-49.290000000000035,-49.580000000000034,332,5.0,CHALLENGE_OPENS,2026-03-17 06:44:00,False,2026-03-12 17:11:00,5125.7,DOWN,136.5,2.358833890309073,4+,21.960000000000036,52.650000000000546,29.4,0.37948712257280093,0.9098359291192233,0.37948712257280093,0.6791367903966813,-0.5142776305904654,0.37948712257280093,0.7206107928636477,-0.2205034464494087,0.37948712257280093,0.8080518147315221,-0.393311790061795,0.37948712257280093,0.8417494417359342,-0.28150479174457665,2-3
FULL_2022_202608,2026-03-18 12:35:00,DOWN,4963.43,5016.15,52.71999999999935,56.33518304132883,0.935827260227817,OPPOSITE_NEAREST,121.67000000000009,80.9399999999996,MULTI_CHILD_ERA4,CHALLENGE_OPENS,2026-03-25 01:36:00,4512.84,8.546851289833189,2026,450.59000000000015,0.28,0.2,0.2,450.59000000000015,450.39000000000016,450.19000000000017,449.9900000000001,333,1.0,PRIMARY_CONTINUES,2026-03-18 15:16:00,True,2026-03-18 12:35:00,4963.43,DOWN,0.0,0.0,1,864.7200000000003,17.219999999999345,157.01666666666668,15.349555168137487,0.3056704366677276,0.30549292770335673,0.3056704366677276,0.19614740564335503,2.294835891545036,0.3056704366677276,1.873784628028262,2.826475239872489,0.3056704366677276,2.4689721856048714,5.184149304809134,0.3056704366677276,4.744637108996516,<=0.5
FULL_2022_202608,2026-03-18 15:16:00,DOWN,4841.76,5016.15,174.38999999999942,56.33518304132883,3.0955788298772857,SAME_NEAREST,186.92000000000007,202.60999999999967,MULTI_CHILD_ERA4,CHALLENGE_OPENS,2026-03-25 01:36:00,4512.84,1.8861173232410184,2026,328.9200000000001,0.28,0.2,0.2,328.9200000000001,328.7200000000001,328.5200000000001,328.32000000000005,333,2.0,PRIMARY_CONTINUES,2026-03-19 13:50:00,True,2026-03-18 12:35:00,4963.43,DOWN,121.67000000000007,2.1597515696494685,2,743.0500000000002,57.5,154.33333333333334,13.189803598488018,1.0206765452029618,0.13508432189556754,0.936182278156591,-0.6463101393189512,0.13508432189556754,0.936182278156591,-0.8202689244144158,0.6667236702230201,1.0206765452029618,0.0420696245587984,6.0207490539467985,1.0206765452029618,5.208823050858394,2-3
FULL_2022_202608,2026-03-19 13:50:00,DOWN,4654.84,4867.0,212.15999999999983,57.4955175655702,3.690026787880361,SAME_NEAREST,251.72000000000023,361.3099999999995,MULTI_CHILD_ERA4,CHALLENGE_OPENS,2026-03-25 01:36:00,4512.84,0.6693061840120669,2026,142.0,0.2,0.2,0.2,142.0,141.8,141.6,141.4,333,3.0,PRIMARY_CONTINUES,2026-03-20 20:50:00,True,2026-03-18 12:35:00,4963.43,DOWN,308.59000000000015,5.367201010897444,3,556.1300000000001,80.84000000000015,131.76666666666668,9.672580116628518,1.4060226505102238,2.1504285070396363,0.12696641945478562,1.611256040861793,2.648206441943179,0.12696641945478562,1.1564379766504738,2.648206441943179,0.3878563224440647,0.20071129869975138,2.648206441943179,1.4060226505102238,-0.1572296482015382,4-6
FULL_2022_202608,2026-03-20 20:50:00,DOWN,4502.58,4695.47,192.89000000000036,58.99147061461465,3.269794734566482,SAME_NEAREST,99.46000000000004,233.1000000000004,MULTI_CHILD_ERA4,CHALLENGE_OPENS,2026-03-25 01:36:00,4512.84,-0.0531909378402208,2026,-10.260000000000218,0.26,0.2,0.2,-10.260000000000218,-10.460000000000218,-10.660000000000219,-10.860000000000218,333,4.0,PRIMARY_CONTINUES,2026-03-23 02:34:00,True,2026-03-18 12:35:00,4963.43,DOWN,460.85000000000036,7.812146318756606,4+,403.8699999999999,32.98999999999978,100.76666666666667,6.8462439703943305,0.5592333884252545,0.4295536242102493,0.26122420477821,-0.11628799771437066,0.4295536242102493,0.26122420477821,0.08611414408003247,0.4295536242102493,0.26122420477821,0.08611414408003247,0.4295536242102493,0.26122420477821,0.08611414408003247,>6
FULL_2022_202608,2026-03-23 07:52:00,DOWN,4309.99,4535.57,225.57999999999996,60.09632036922432,3.753640798871952,SAME_NEAREST,35.63999999999942,425.6900000000005,MULTI_CHILD_ERA4,CHALLENGE_OPENS,2026-03-25 01:36:00,4512.84,-0.8992375210568332,2026,-202.85000000000036,0.2,0.2,0.2,-202.85000000000036,-203.05000000000035,-203.25000000000037,-203.45000000000036,333,6.0,PRIMARY_CONTINUES,2026-03-23 08:07:00,True,2026-03-18 12:35:00,4963.43,DOWN,653.4400000000005,10.873211470941088,4+,211.27999999999975,217.35000000000036,41.733333333333334,3.515689458221763,3.616693978343915,2.4460732220683443,0.20084424347188046,1.3536602490833909,3.515689458221763,0.20084424347188046,1.1027297443977415,3.515689458221763,3.375414646915405,-1.790126239660628,3.515689458221763,3.375414646915405,-0.7802474379781323,>6
FULL_2022_202608,2026-04-01 10:33:00,UP,4735.68,4667.03,68.65000000000055,64.45252911801072,1.0651249988081055,OPPOSITE_NEAREST,280.46999999999935,206.2400000000007,MULTI_CHILD_ERA4,SL,2026-04-02 04:32:00,4667.03,-1.0,2026,-68.65000000000055,0.2,0.2,0.2,-68.65000000000055,-68.85000000000055,-69.05000000000055,-69.25000000000054,334,7.0,PRIMARY_CONTINUES,2026-04-06 12:00:00,True,2026-03-27 16:47:00,4475.34,UP,260.34000000000015,4.039251889143483,4+,64.54999999999927,84.63000000000011,17.983333333333334,1.0015122894837856,1.3130594122232973,0.18695930423360224,0.405259504280661,-0.04918348501415506,0.2305572830631897,0.405259504280661,0.17392645646961116,0.8874748715487685,0.405259504280661,0.4437374357743772,1.0015122894837856,1.3130594122232973,-1.1327716848212586,4-6
FULL_2022_202608,2026-03-27 16:47:00,UP,4475.34,4404.34,71.0,64.1572354921535,1.106656162089206,SAME_NEAREST,3.9399999999996,124.31999999999972,MULTI_CHILD_ERA4,CHALLENGE_OPENS,2026-04-07 17:06:00,4616.49,1.9880281690140795,2026,141.14999999999964,0.2,0.2,0.2,141.14999999999964,140.94999999999965,140.74999999999963,140.54999999999964,334,1.0,PRIMARY_CONTINUES,2026-03-27 16:50:00,True,2026-03-27 16:47:00,4475.34,UP,0.0,0.0,1,324.8899999999994,55.69999999999982,264.31666666666666,5.063965077481148,0.8681795525122336,1.246780653598808,0.11861483652816202,0.8234457048334181,1.246780653598808,0.11861483652816202,0.6639936972535152,1.246780653598808,0.11861483652816202,0.30970785831989306,1.246780653598808,0.11861483652816202,0.30970785831989306,<=0.5
FULL_2022_202608,2026-03-27 16:50:00,UP,4479.28,4404.34,74.9399999999996,64.1572354921535,1.1680677857318968,SAME_NEAREST,123.03999999999996,128.2599999999993,MULTI_CHILD_ERA4,CHALLENGE_OPENS,2026-04-07 17:06:00,4616.49,1.8309314117961135,2026,137.21000000000004,0.28,0.2,0.28,137.21000000000004,136.93000000000004,136.65000000000003,136.37000000000003,334,2.0,PRIMARY_CONTINUES,2026-03-30 14:44:00,True,2026-03-27 16:47:00,4475.34,UP,3.9399999999996,0.06141162364269056,2,320.9499999999998,59.63999999999942,264.26666666666665,5.002553453838458,0.9295911761549241,1.1853690299561173,0.10723654077709661,0.8309273239574088,1.1853690299561173,0.10723654077709661,0.6287677405447709,1.1853690299561173,0.10723654077709661,0.2482962346772025,1.1853690299561173,0.10723654077709661,0.2482962346772025,<=0.5
FULL_2022_202608,2026-03-30 14:44:00,UP,4555.33,4419.64,135.6899999999996,64.59438178257035,2.100647088112749,SAME_NEAREST,46.98999999999978,135.6899999999996,MULTI_CHILD_ERA4,CHALLENGE_OPENS,2026-04-07 17:06:00,4616.49,0.4507332891148945,2026,61.159999999999854,0.28,0.2,0.28,61.159999999999854,60.87999999999985,60.59999999999985,60.31999999999985,334,3.0,PRIMARY_CONTINUES,2026-03-31 04:24:00,True,2026-03-27 16:47:00,4475.34,UP,79.98999999999978,1.2383429919532671,3,244.89999999999964,72.64999999999964,194.36666666666667,3.791351403042324,1.1247108184198606,0.3918297427970718,0.1571344089051787,0.28702186611843467,0.3918297427970718,0.6638348230398347,-0.0532554055796819,0.3918297427970718,0.9722207762803552,-0.5728052344326917,0.992036741147212,1.1247108184198606,0.5669223698628407,1-2
FULL_2022_202608,2026-03-31 04:24:00,UP,4580.64,4419.64,161.0,64.48290417071074,2.4967858081232173,SAME_NEAREST,21.67999999999938,161.0,MULTI_CHILD_ERA4,CHALLENGE_OPENS,2026-04-07 17:06:00,4616.49,0.2226708074534127,2026,35.849999999999454,0.31,0.2,0.31,35.849999999999454,35.53999999999945,35.22999999999946,34.919999999999455,334,4.0,PRIMARY_CONTINUES,2026-03-31 04:41:00,True,2026-03-27 16:47:00,4475.34,UP,105.30000000000018,1.6329909664309021,4+,219.58999999999924,51.20000000000073,180.7,3.4053987304706546,0.7940089029559662,0.6012446321797265,0.07319769574125604,0.06652926159533237,0.6012446321797265,0.5111432312778965,-0.2685983242030787,0.6012446321797265,0.7940089029559662,0.0479196779322909,2.2260163658261276,0.7940089029559662,1.774113642542206,1-2
FULL_2022_202608,2026-03-31 04:41:00,UP,4602.32,4419.64,182.67999999999935,64.48290417071074,2.83299895296862,SAME_NEAREST,133.36000000000058,182.67999999999935,MULTI_CHILD_ERA4,CHALLENGE_OPENS,2026-04-07 17:06:00,4616.49,0.0775673308517633,2026,14.170000000000073,0.23,0.2,0.23,14.170000000000073,13.940000000000072,13.710000000000072,13.480000000000073,334,5.0,PRIMARY_CONTINUES,2026-03-31 17:02:00,True,2026-03-27 16:47:00,4475.34,UP,126.97999999999956,1.9692041112763048,4+,197.90999999999985,72.88000000000011,180.41666666666666,3.0691855856252523,1.1302220478013687,0.2650314873343239,0.36459275993152246,-0.30783352975928263,0.2650314873343239,0.8473563761232991,-0.4103413197698163,0.2650314873343239,1.1302220478013687,-0.24719730299057818,1.889803220980725,1.1302220478013687,1.2911949464865815,1-2
FULL_2022_202608,2026-03-31 17:02:00,UP,4619.41,4529.44,89.97000000000025,64.48297850540808,1.395251926715119,SAME_NEAREST,116.27000000000044,136.72999999999956,MULTI_CHILD_ERA4,CHALLENGE_OPENS,2026-04-07 17:06:00,4616.49,-0.0324552628654002,2026,-2.9200000000000728,0.2,0.2,0.2,-2.9200000000000728,-3.120000000000073,-3.3200000000000727,-3.520000000000073,334,6.0,PRIMARY_CONTINUES,2026-04-01 10:33:00,True,2026-03-27 16:47:00,4475.34,UP,144.0699999999997,2.23423302302819,4+,180.8199999999997,65.71000000000004,168.06666666666666,2.8041508657177587,1.0190286106974578,0.16826145831787828,0.3794799894044596,-0.0998713171951182,0.7442274087257762,0.3794799894044596,0.6139604732538804,1.6247698606418055,0.3794799894044596,1.082766361267633,2.2260137997186575,0.3794799894044596,1.8218761403855999,2-3
FULL_2022_202608,2026-04-06 12:00:00,UP,4699.34,4600.83,98.51000000000022,64.9751155912424,1.5161188880328484,SAME_NEAREST,100.88999999999942,145.64000000000033,MULTI_CHILD_ERA4,CHALLENGE_OPENS,2026-04-07 17:06:00,4616.49,-0.8410313673738725,2026,-82.85000000000036,0.2,0.2,0.2,-82.85000000000036,-83.05000000000037,-83.25000000000037,-83.45000000000036,334,8.0,CHALLENGE_OPENS,2026-04-07 17:06:00,False,2026-03-27 16:47:00,4475.34,UP,224.0,3.44747366682933,4+,7.229999999999563,91.92000000000007,29.1,0.11127336879988639,1.4146954439953225,0.11127336879988639,0.12974197772934043,-0.07356662556894339,0.11127336879988639,0.6093101895972038,-0.3587527284544333,0.11127336879988639,0.8286249206343376,-0.7527497189492055,0.11127336879988639,1.2751035415036216,-0.2194686361115491,3-4
FULL_2022_202608,2026-04-07 22:45:00,UP,4706.57,4607.42,99.14999999999964,64.19249433153853,1.5445731005234684,SAME_NEAREST,93.65999999999984,152.8699999999999,MULTI_CHILD_ERA4,CHALLENGE_OPENS,2026-04-13 01:00:00,4698.68,-0.0795763993948507,2026,-7.889999999999418,0.2,0.2,0.2,-7.889999999999418,-8.089999999999417,-8.289999999999418,-8.489999999999418,335,1.0,PRIMARY_CONTINUES,2026-04-08 01:54:00,True,2026-04-07 22:45:00,4706.57,UP,0.0,0.0,1,151.03999999999996,61.76999999999953,122.25,2.3529230570152846,0.9622620314607592,0.18662617997248562,0.3230907322728847,0.05966429626832873,1.9058302886338079,0.3230907322728847,1.6681077922748715,2.3529230570152846,0.3230907322728847,1.6470772962011866,2.3529230570152846,0.3230907322728847,0.26607472069531846,<=0.5
FULL_2022_202608,2026-04-08 01:54:00,UP,4800.23,4607.42,192.8099999999995,64.19531380747442,3.0034902637636165,SAME_NEAREST,215.92000000000007,246.52999999999972,MULTI_CHILD_ERA4,CHALLENGE_OPENS,2026-04-13 01:00:00,4698.68,-0.5266843006068126,2026,-101.54999999999927,0.2,0.2,0.2,-101.54999999999927,-101.74999999999928,-101.94999999999928,-102.14999999999927,335,2.0,CHALLENGE_OPENS,2026-04-13 01:00:00,False,2026-04-07 22:45:00,4706.57,UP,93.65999999999985,1.4589850013178811,2,57.38000000000011,155.42999999999938,119.1,0.8938347146660293,2.421204769964101,0.4467615827225851,0.2727613428686219,0.2856906355345953,0.8938347146660293,0.2727613428686219,0.05825970430204882,0.8938347146660293,0.4520579194773039,-0.14876475296374891,0.8938347146660293,1.5680272286211607,-1.3035219401054834,1-2
FULL_2022_202608,2026-04-14 10:08:00,UP,4795.08,4700.29,94.78999999999996,61.69101772568277,1.536528387673813,SAME_NEAREST,6.109999999999673,94.78999999999996,MULTI_CHILD_ERA4,CHALLENGE_OPENS,2026-04-16 16:55:00,4786.19,-0.0937862643738825,2026,-8.890000000000327,0.2,0.27,0.2,-8.890000000000327,-9.090000000000327,-9.290000000000328,-9.490000000000327,336,1.0,PRIMARY_CONTINUES,2026-04-14 16:38:00,True,2026-04-14 10:08:00,4795.08,UP,0.0,0.0,1,76.18000000000029,42.75,54.78333333333333,1.2348637258465194,0.692969601994467,0.019451778301596126,0.4415553674462955,-0.21413165947010374,0.019451778301596126,0.692969601994467,-0.3198196549087844,0.7819614877242793,0.692969601994467,0.7352772198004397,1.2348637258465194,0.692969601994467,0.26065382924142644,<=0.5
FULL_2022_202608,2026-04-14 16:38:00,UP,4801.19,4752.33,48.85999999999967,61.42439379470993,0.7954494457576178,SAME_NEAREST,56.42000000000007,100.89999999999964,MULTI_CHILD_ERA4,CHALLENGE_OPENS,2026-04-16 16:55:00,4786.19,-0.3069995906672145,2026,-15.0,0.2,0.27,0.2,-15.0,-15.2,-15.4,-15.6,336,2.0,PRIMARY_CONTINUES,2026-04-15 04:16:00,True,2026-04-14 10:08:00,4795.08,UP,6.109999999999673,0.09947188116207158,2,70.07000000000062,16.589999999999236,48.28333333333333,1.1407519988587218,0.2700881355939083,0.27139054974989024,0.23769058346420108,0.09475062984670198,0.6194607329324131,0.23769058346420108,0.6026921506743258,1.1407519988587218,0.23769058346420108,0.7150253716265834,1.1407519988587218,0.24420265424405133,0.38128174415971333,<=0.5
FULL_2022_202608,2026-04-15 04:16:00,UP,4857.61,4752.33,105.27999999999976,61.0109991258844,1.7255904920156253,OPPOSITE_NEAREST,158.53999999999996,105.27999999999976,MULTI_CHILD_ERA4,CHALLENGE_OPENS,2026-04-16 16:55:00,4786.19,-0.6783814589665677,2026,-71.42000000000007,0.2,0.27,0.2,-71.42000000000007,-71.62000000000008,-71.82000000000008,-72.02000000000007,336,3.0,CHALLENGE_OPENS,2026-04-16 16:55:00,False,2026-04-14 10:08:00,4795.08,UP,62.529999999999745,1.0248971643781997,3,13.650000000000546,73.00999999999931,36.65,0.2237301502280992,1.1966694701943381,0.2237301502280992,0.2906033379885672,-0.22487748433181332,0.2237301502280992,0.6667650191412874,-0.4805690845924938,0.2237301502280992,1.1706085955523973,-0.7079051420037457,0.2237301502280992,1.1706085955523973,-0.5058104348746367,1-2
FULL_2022_202608,2026-04-17 04:12:00,DOWN,4773.13,4823.96,50.82999999999993,59.124352769903474,0.8597134280322188,SAME_NEAREST,20.800000000000185,65.1899999999996,MULTI_CHILD_ERA4,SL,2026-04-17 15:40:00,4823.96,-1.0,2026,-50.82999999999993,0.2,0.2,0.2,-50.82999999999993,-51.02999999999993,-51.229999999999926,-51.42999999999993,337,1.0,CHALLENGE_OPENS,2026-04-17 15:48:00,False,2026-04-17 04:12:00,4773.13,DOWN,0.0,0.0,1,5.470000000000255,51.38000000000011,11.466666666666667,0.09251686900130754,0.8690158554455156,0.09251686900130754,0.35991937337252455,-0.2728148257753257,0.09251686900130754,0.5459679216383995,-0.5449531113751397,0.09251686900130754,0.8690158554455156,-0.8389098176352084,0.09251686900130754,0.8690158554455156,-0.8389098176352084,<=0.5
FULL_2022_202608,2026-04-17 16:10:00,UP,4871.26,4778.62,92.64000000000031,58.8629021160812,1.5738265812533103,OPPOSITE_NEAREST,144.88999999999942,103.60000000000036,MULTI_CHILD_ERA4,AMBIGUOUS,2026-04-20 01:00:00,,,2026,,0.2,0.44,0.2,,,,,338,1.0,CHALLENGE_OPENS,2026-04-20 01:00:00,False,2026-04-17 16:10:00,4871.26,UP,0.0,0.0,1,18.090000000000146,108.78000000000065,56.833333333333336,0.3073242967926653,1.8480230516918774,0.3073242967926653,0.3914180098453809,-0.023104535303383102,0.3073242967926653,0.3914180098453809,-0.2030141153494895,0.3073242967926653,0.7019701461289672,-0.6499849416963708,0.3073242967926653,0.7019701461289672,-0.6499849416963708,<=0.5
FULL_2022_202608,2026-04-29 12:50:00,DOWN,4553.7,4607.66,53.96000000000004,53.93815958385894,1.0004049158575228,SAME_NEAREST,24.26000000000022,56.659999999999854,MULTI_CHILD_ERA4,SL,2026-04-30 11:03:00,4607.66,-1.0,2026,-53.960000000000036,0.2,0.2,0.2,-53.960000000000036,-54.16000000000004,-54.360000000000035,-54.56000000000004,339,10.0,PRIMARY_CONTINUES,2026-04-29 16:38:00,True,2026-04-20 02:43:00,4752.33,DOWN,198.6300000000001,3.6825505640618923,4+,43.599999999999454,54.44000000000051,22.216666666666665,0.8083331047329024,1.009303995909637,0.038933475227951264,0.42233550747283355,-0.31295098183237735,0.8083331047329024,0.42233550747283355,0.6266435536690962,0.8083331047329024,0.42233550747283355,0.18910545110723764,0.8083331047329024,1.009303995909637,-0.9978093508423361,3-4
FULL_2022_202608,2026-04-29 16:38:00,DOWN,4529.44,4607.66,78.22000000000025,53.85328091950418,1.4524648947000576,SAME_NEAREST,46.75999999999931,80.92000000000007,MULTI_CHILD_ERA4,SL,2026-04-30 11:03:00,4607.66,-1.0,2026,-78.22000000000025,0.2,0.2,0.2,-78.22000000000025,-78.42000000000026,-78.62000000000026,-78.82000000000025,339,11.0,CHALLENGE_OPENS,2026-04-30 11:04:00,False,2026-04-20 02:43:00,4752.33,DOWN,222.89000000000033,4.13883789797616,4+,19.339999999999236,78.70000000000073,18.416666666666668,0.35912389495650615,1.4613780006762365,0.35912389495650615,0.24771007025439679,-0.20611557569894035,0.35912389495650615,0.6567844966190493,-0.29970318844872573,0.35912389495650615,0.9646580322125902,-0.8732986959568453,0.35912389495650615,1.4613780006762365,-1.4498652387903521,4-6
FULL_2022_202608,2026-04-20 02:43:00,DOWN,4752.33,4889.35,137.02000000000044,58.73167212041227,2.3329831256818405,SAME_NEAREST,52.03999999999997,263.8199999999997,MULTI_CHILD_ERA4,CHALLENGE_OPENS,2026-04-30 11:04:00,4610.36,1.0361261129762065,2026,141.97000000000025,0.2,0.2,0.2,141.97000000000025,141.77000000000027,141.57000000000025,141.37000000000026,339,1.0,PRIMARY_CONTINUES,2026-04-21 17:46:00,True,2026-04-20 02:43:00,4752.33,DOWN,0.0,0.0,1,242.22999999999956,80.85999999999967,248.35,4.124350478279882,1.3767699280589132,0.2637418524070288,0.26714717006239347,-0.21896192523914473,0.2637418524070288,1.0554782072764293,-0.6812337969532233,0.2637418524070288,1.0554782072764293,-0.6924713452158833,0.2637418524070288,1.3767699280589132,-1.2051419182291605,<=0.5
FULL_2022_202608,2026-04-21 17:46:00,DOWN,4736.84,4797.95,61.10999999999967,57.515245007479024,1.0625009072299565,SAME_NEAREST,36.55000000000018,96.34999999999944,MULTI_CHILD_ERA4,CHALLENGE_OPENS,2026-04-30 11:04:00,4610.36,2.069710358370171,2026,126.48000000000047,0.2,0.2,0.2,126.48000000000047,126.28000000000047,126.08000000000047,125.88000000000048,339,2.0,PRIMARY_CONTINUES,2026-04-21 20:19:00,True,2026-04-20 02:43:00,4752.33,DOWN,15.489999999999782,0.26931989941076545,2,226.73999999999978,35.399999999999636,209.3,3.942259134434975,0.615488988969731,0.2291566348763084,0.3606000460800062,-0.16812933681744083,0.7761420471076067,0.3606000460800062,0.5772382608416714,1.191510181189151,0.3805947448742145,-0.30270235304980336,1.191510181189151,0.615488988969731,0.03738139339788902,<=0.5
FULL_2022_202608,2026-04-21 20:19:00,DOWN,4700.29,4797.95,97.65999999999984,57.67416031299303,1.693305970472858,SAME_NEAREST,56.470000000000255,132.89999999999964,MULTI_CHILD_ERA4,CHALLENGE_OPENS,2026-04-30 11:04:00,4610.36,0.9208478394429698,2026,89.93000000000029,0.2,0.2,0.2,89.93000000000029,89.73000000000029,89.53000000000029,89.3300000000003,339,3.0,PRIMARY_CONTINUES,2026-04-23 20:46:00,True,2026-04-20 02:43:00,4752.33,DOWN,52.039999999999964,0.9023104925599795,3,190.1899999999996,71.94999999999982,206.75,3.2976639619520034,1.247525748264612,0.0913754092196516,0.3785057273747944,0.07629066424411192,0.5544944187561063,0.3785057273747944,-0.341574110365708,0.5544944187561063,1.197416652886099,-1.1845859502632126,0.5544944187561063,1.247525748264612,-0.5777283937759085,0.5-1
FULL_2022_202608,2026-04-23 20:46:00,DOWN,4668.31,4743.06,74.75,56.32244633704611,1.3271795680301115,SAME_NEAREST,24.49000000000069,103.92999999999938,MULTI_CHILD_ERA4,CHALLENGE_OPENS,2026-04-30 11:04:00,4610.36,0.7752508361204111,2026,57.95000000000073,0.2,0.2,0.2,57.95000000000073,57.750000000000725,57.55000000000073,57.350000000000726,339,4.0,PRIMARY_CONTINUES,2026-04-27 18:02:00,True,2026-04-20 02:43:00,4752.33,DOWN,84.01999999999953,1.4917675893764462,4+,158.21000000000004,72.0,158.3,2.809004407465472,1.278353563855091,0.07350532992167354,0.9561019362999437,-0.7132147591674712,0.07350532992167354,0.9561019362999437,-0.4632256177913659,0.1901550926234454,0.9561019362999437,-0.22726285579644767,0.1901550926234454,1.278353563855091,-0.9610733112704867,1-2
FULL_2022_202608,2026-04-27 18:02:00,DOWN,4672.05,4712.57,40.51999999999953,55.15195084971454,0.7346974925767156,SAME_NEAREST,14.449999999999818,68.26000000000022,MULTI_CHILD_ERA4,CHALLENGE_OPENS,2026-04-30 11:04:00,4610.36,1.5224580454097043,2026,61.69000000000051,0.2,0.2,0.2,61.69000000000051,61.49000000000051,61.29000000000051,61.09000000000051,339,5.0,PRIMARY_CONTINUES,2026-04-28 05:00:00,True,2026-04-20 02:43:00,4752.33,DOWN,80.27999999999975,1.4556148742364072,4+,161.94999999999982,29.13000000000011,65.03333333333333,2.9364328460710842,0.5281771460700901,0.08884545196511227,0.18875125611361282,0.036988718777307264,0.08884545196511227,0.2551133692140744,-0.15538888231446968,0.1053453216157715,0.5281771460700901,0.0377139877729401,2.1254007917039432,0.5281771460700901,1.715805126419928,1-2
FULL_2022_202608,2026-04-28 05:00:00,DOWN,4667.15,4712.57,45.42000000000007,54.643621753163735,0.8312040553455877,SAME_NEAREST,9.549999999999272,73.16000000000076,MULTI_CHILD_ERA4,CHALLENGE_OPENS,2026-04-30 11:04:00,4610.36,1.25033025099075,2026,56.789999999999964,0.22,0.2,0.2,56.789999999999964,56.58999999999996,56.389999999999965,56.18999999999996,339,6.0,PRIMARY_CONTINUES,2026-04-28 08:06:00,True,2026-04-20 02:43:00,4752.33,DOWN,85.18000000000029,1.558827860729575,4+,157.04999999999927,12.600000000000364,54.06666666666667,2.8740774304716807,0.23058500874845203,0.016653361742940614,0.23058500874845203,-0.06057431579027353,0.7920412046533855,0.23058500874845203,0.6912060143197359,2.0555006494147077,0.23058500874845203,1.651427872179338,2.0555006494147077,0.23058500874845203,1.4012614380847932,1-2
FULL_2022_202608,2026-04-28 08:06:00,DOWN,4657.6,4701.18,43.57999999999993,54.47987941009061,0.7999283491792781,SAME_NEAREST,13.780000000000657,82.71000000000004,MULTI_CHILD_ERA4,CHALLENGE_OPENS,2026-04-30 11:04:00,4610.36,1.0839834786599534,2026,47.24000000000069,0.2,0.2,0.2,47.24000000000069,47.04000000000069,46.84000000000069,46.64000000000069,339,7.0,PRIMARY_CONTINUES,2026-04-28 08:30:00,True,2026-04-20 02:43:00,4752.33,DOWN,94.72999999999956,1.7388070793426524,4+,147.5,5.279999999999745,50.96666666666667,2.707421558144647,0.0969165140813766,0.6191276552964083,0.0969165140813766,0.3340682871744715,0.7852440288639307,0.0969165140813766,0.6057282130086329,1.8863844985120446,0.0969165140813766,1.247065902782025,1.8863844985120446,0.0969165140813766,0.9658611687428712,1-2
FULL_2022_202608,2026-04-28 08:30:00,DOWN,4643.82,4701.18,57.36000000000058,54.47987941009061,1.05286576661138,SAME_NEAREST,36.39999999999964,96.49000000000068,MULTI_CHILD_ERA4,CHALLENGE_OPENS,2026-04-30 11:04:00,4610.36,0.583333333333328,2026,33.460000000000036,0.2,0.2,0.2,33.460000000000036,33.26000000000003,33.06000000000004,32.860000000000035,339,8.0,PRIMARY_CONTINUES,2026-04-28 12:56:00,True,2026-04-20 02:43:00,4752.33,DOWN,108.51000000000022,1.9917444967747542,4+,133.71999999999935,14.700000000000728,50.56666666666667,2.4544841407125455,0.26982438579476803,0.37298173601015894,0.26982438579476803,0.18961128607209496,0.5739733703266565,0.26982438579476803,0.5172551831085728,1.6334470810799429,0.26982438579476803,0.8966613092567087,1.6334470810799429,0.26982438579476803,0.8309489758454704,1-2
FULL_2022_202608,2026-04-28 12:56:00,DOWN,4607.42,4701.18,93.76000000000022,54.47238008003456,1.7212392750645664,SAME_NEAREST,53.720000000000255,132.89000000000033,MULTI_CHILD_ERA4,CHALLENGE_OPENS,2026-04-30 11:04:00,4610.36,-0.031356655290098,2026,-2.9399999999996,0.2,0.2,0.2,-2.9399999999996,-3.1399999999996,-3.3399999999995997,-3.5399999999996,339,9.0,PRIMARY_CONTINUES,2026-04-29 12:50:00,True,2026-04-20 02:43:00,4752.33,DOWN,144.90999999999985,2.660247262687772,4+,97.31999999999971,20.51000000000022,46.13333333333333,1.7865934966860357,0.37652109142037704,0.05635883718480915,0.16595566389274297,-0.015604238308505805,0.9654434031105545,0.16595566389274297,0.5511049812013536,0.9654434031105545,0.16595566389274297,0.19055528663790897,1.0247395086828432,0.16595566389274297,1.0238216123117683,2-3
FULL_2022_202608,2026-05-01 17:12:00,UP,4647.01,4560.12,86.89000000000033,53.01325094097805,1.6390241771201457,SAME_NEAREST,93.30000000000018,136.90999999999983,MULTI_CHILD_ERA4,AMBIGUOUS,2026-05-04 13:03:00,,,2026,,0.2,0.2,0.2,,,,,340,1.0,CHALLENGE_OPENS,2026-05-04 13:03:00,False,2026-05-01 17:12:00,4647.01,UP,0.0,0.0,1,13.229999999999563,90.98999999999978,67.85,0.24956024701690332,1.7163633315244693,0.24956024701690332,0.5281698349564266,-0.29917048508604405,0.24956024701690332,0.5281698349564266,-0.49798870153035535,0.24956024701690332,0.7558487602394407,-0.6288993677659763,0.24956024701690332,0.7558487602394407,-0.6288993677659763,<=0.5
FULL_2022_202608,2026-05-04 19:07:00,DOWN,4510.1,4618.49,108.38999999999942,52.74637515330721,2.054927939312685,SAME_NEAREST,27.420000000000076,150.13999999999942,MULTI_CHILD_ERA4,SL,2026-05-06 03:58:00,4618.49,-1.0,2026,-108.38999999999942,0.2,0.27,0.27,-108.38999999999942,-108.65999999999941,-108.92999999999942,-109.19999999999942,341,1.0,CHALLENGE_OPENS,2026-05-06 08:56:00,False,2026-05-04 19:07:00,4510.1,DOWN,0.0,0.0,1,9.450000000000728,109.40999999999985,32.85,0.17915923080087162,2.074265761049929,0.17915923080087162,0.31850529920151127,-0.2745212340736871,0.17915923080087162,0.4070421889200318,-0.09308696542139533,0.17915923080087162,0.6957824095652329,-0.46012640545362277,0.17915923080087162,1.4497678708297863,-1.0104959790143484,<=0.5
FULL_2022_202608,2026-05-07 09:31:00,UP,4722.95,4685.09,37.85999999999967,51.51670262390718,0.7349072838840837,SAME_NEAREST,17.360000000000582,176.72000000000023,MULTI_CHILD_ERA4,SL,2026-05-08 01:00:00,4685.09,-1.0,2026,-37.85999999999967,0.26,0.2,0.26,-37.85999999999967,-38.11999999999967,-38.379999999999676,-38.639999999999674,342,1.0,PRIMARY_CONTINUES,2026-05-07 09:39:00,True,2026-05-07 09:31:00,4722.95,UP,0.0,0.0,1,41.77000000000044,45.97999999999956,15.483333333333333,0.81080499862226,0.8925260674323862,0.5340015684007258,0.11239073358924603,0.32824305785736546,0.5900998792941557,0.11239073358924603,0.14480740458994554,0.81080499862226,0.6840499916554457,-0.19508236141139035,0.81080499862226,0.8925260674323862,-0.6923967991586251,<=0.5
FULL_2022_202608,2026-05-07 09:39:00,UP,4740.31,4685.09,55.220000000000255,51.51670262390718,1.0718853728494355,SAME_NEAREST,31.92999999999938,194.08000000000084,MULTI_CHILD_ERA4,SL,2026-05-08 01:00:00,4685.09,-1.0,2026,-55.220000000000255,0.2,0.2,0.2,-55.220000000000255,-55.42000000000026,-55.62000000000025,-55.820000000000256,342,2.0,CHALLENGE_OPENS,2026-05-11 03:17:00,False,2026-05-07 09:31:00,4722.95,UP,17.360000000000582,0.33697808896535214,2,24.409999999999854,63.340000000000146,15.35,0.4738269096569078,1.2295041563977382,0.19702347943537366,0.17081838611146663,-0.00329990064079104,0.25312179032880366,0.36260084688206595,-0.0764800501453695,0.4738269096569078,1.0210280806207979,-0.5293428851431446,0.4738269096569078,1.2295041563977382,-1.0293748881239773,<=0.5
FULL_2022_202608,2026-05-12 01:46:00,UP,4749.47,4707.92,41.55000000000018,50.40303875137173,0.8243550593240649,SAME_NEAREST,15.25,101.38000000000012,MULTI_CHILD_ERA4,SL,2026-05-12 09:00:00,4707.92,-1.0,2026,-41.55000000000018,0.31,0.26,0.31,-41.55000000000018,-41.860000000000184,-42.17000000000018,-42.48000000000018,343,1.0,PRIMARY_CONTINUES,2026-05-12 02:52:00,True,2026-05-12 01:46:00,4749.47,UP,0.0,0.0,1,23.960000000000036,45.26000000000022,7.233333333333333,0.4753681641733944,0.8979617324911477,0.1964167289364117,0.0942403497422212,0.16606141628260657,0.4753681641733944,0.5799253522031937,-0.34561408263357896,0.4753681641733944,0.8979617324911477,-0.813839820300201,0.4753681641733944,0.8979617324911477,-0.813839820300201,<=0.5
FULL_2022_202608,2026-05-12 02:52:00,UP,4764.72,4707.92,56.80000000000018,50.40303875137173,1.12691618218067,SAME_NEAREST,7.519999999999527,116.63000000000012,MULTI_CHILD_ERA4,SL,2026-05-12 09:00:00,4707.92,-1.0,2026,-56.80000000000018,0.29,0.26,0.29,-56.80000000000018,-57.09000000000018,-57.38000000000018,-57.67000000000018,343,2.0,PRIMARY_CONTINUES,2026-05-12 03:17:00,True,2026-05-12 01:46:00,4749.47,UP,15.25,0.3025611228566049,2,8.710000000000036,60.51000000000022,6.133333333333334,0.17280704131678948,1.2005228553477527,0.17280704131678948,0.22101842023755264,-0.16407740891962325,0.17280704131678948,0.9064929641520283,-0.8473695447347939,0.17280704131678948,1.2005228553477527,-1.1164009431568058,0.17280704131678948,1.2005228553477527,-1.1164009431568058,<=0.5
FULL_2022_202608,2026-05-12 03:17:00,UP,4772.24,4707.92,64.31999999999971,50.40303875137173,1.276113535877819,SAME_NEAREST,60.94999999999982,124.14999999999964,MULTI_CHILD_ERA4,SL,2026-05-12 09:00:00,4707.92,-1.0,2026,-64.31999999999971,0.28,0.26,0.28,-64.31999999999971,-64.59999999999971,-64.87999999999971,-65.15999999999971,343,3.0,CHALLENGE_OPENS,2026-05-12 18:22:00,False,2026-05-12 01:46:00,4749.47,UP,22.769999999999527,0.4517584765537541,3,1.1900000000005093,68.02999999999975,5.716666666666667,0.023609687619640257,1.3497202090449019,0.023609687619640257,0.5926229993263447,-0.48786741056025956,0.023609687619640257,1.073943185588725,-0.8416159233821116,0.023609687619640257,1.3497202090449019,-1.2655982968539552,0.023609687619640257,1.3497202090449019,-1.2655982968539552,<=0.5
FULL_2022_202608,2026-05-14 07:00:00,DOWN,4669.37,4706.93,37.5600000000004,49.26909238820638,0.7623440615478274,SAME_NEAREST,31.13000000000011,57.52999999999975,MULTI_CHILD_ERA4,SL,2026-05-14 07:27:00,4706.93,-1.0,2026,-37.5600000000004,0.2,0.2,0.2,-37.5600000000004,-37.7600000000004,-37.9600000000004,-38.1600000000004,344,1.0,PRIMARY_CONTINUES,2026-05-14 16:42:00,True,2026-05-14 07:00:00,4669.37,DOWN,0.0,0.0,1,0.8400000000001455,38.029999999999745,0.45,0.01704922821353246,0.771883510667289,0.01704922821353246,0.771883510667289,-0.70165692778775,0.01704922821353246,0.771883510667289,-0.70165692778775,0.01704922821353246,0.771883510667289,-0.70165692778775,0.01704922821353246,0.771883510667289,-0.70165692778775,<=0.5
FULL_2022_202608,2026-05-18 03:33:00,DOWN,4500.65,4564.44,63.78999999999997,48.72007377175111,1.3093165724430142,SAME_NEAREST,17.969999999999345,218.07999999999996,MULTI_CHILD_ERA4,SL,2026-05-18 14:41:00,4564.44,-1.0,2026,-63.789999999999964,0.28,0.27,0.27,-63.789999999999964,-64.05999999999996,-64.32999999999997,-64.59999999999997,344,5.0,PRIMARY_CONTINUES,2026-05-18 03:44:00,True,2026-05-14 07:00:00,4669.37,DOWN,168.72000000000025,3.4630489434485945,4+,20.31999999999971,66.49000000000069,11.133333333333333,0.4170765441611802,1.3647352077400372,0.4170765441611802,0.32738045666196963,-0.1941704777443325,0.4170765441611802,1.0096454334295748,-0.7811975034830173,0.4170765441611802,1.3647352077400372,-1.3583723273911132,0.4170765441611802,1.3647352077400372,-1.3583723273911132,3-4
FULL_2022_202608,2026-05-18 03:44:00,DOWN,4482.68,4564.44,81.75999999999931,48.72007377175111,1.6781583784753098,SAME_NEAREST,63.03999999999997,236.04999999999927,MULTI_CHILD_ERA4,SL,2026-05-18 14:41:00,4564.44,-1.0,2026,-81.75999999999931,0.28,0.27,0.27,-81.75999999999931,-82.0299999999993,-82.29999999999932,-82.56999999999931,344,6.0,PRIMARY_CONTINUES,2026-05-19 16:31:00,True,2026-05-14 07:00:00,4669.37,DOWN,186.6899999999996,3.83189074948089,4+,2.350000000000364,84.46000000000004,10.95,0.048234738128884805,1.7335770137723325,0.048234738128884805,0.696222262694265,-0.6126838013391328,0.048234738128884805,1.3784872394618701,-1.2109998083420268,0.048234738128884805,1.7335770137723325,-1.7272141334234088,0.048234738128884805,1.7335770137723325,-1.7272141334234088,3-4
FULL_2022_202608,2026-05-20 04:36:00,DOWN,4464.51,4547.91,83.39999999999964,48.21908080636246,1.7296057619786709,SAME_NEAREST,44.86999999999989,124.63999999999942,MULTI_CHILD_ERA4,SL,2026-05-20 18:16:00,4547.91,-1.0,2026,-83.39999999999964,0.28,0.24,0.24,-83.39999999999964,-83.63999999999963,-83.87999999999964,-84.11999999999964,344,8.0,CHALLENGE_OPENS,2026-05-25 01:00:00,False,2026-05-14 07:00:00,4669.37,DOWN,204.85999999999967,4.248525616294382,4+,10.94000000000051,87.92000000000007,13.666666666666666,0.22688113952095468,1.8233445874480276,0.1742048968899501,0.4979356636104129,-0.06574160989775223,0.22688113952095468,0.4979356636104129,-0.24450901599194907,0.22688113952095468,0.8621068528231792,-0.5292510676941852,0.22688113952095468,1.8233445874480276,-1.8030206828108584,4-6
FULL_2022_202608,2026-05-19 16:31:00,DOWN,4480.33,4559.29,78.96000000000004,48.27771558624624,1.6355372047159338,SAME_NEAREST,60.6899999999996,108.81999999999972,MULTI_CHILD_ERA4,SL,2026-05-21 04:11:00,4559.29,-1.0,2026,-78.96000000000004,0.2,0.27,0.27,-78.96000000000004,-79.23000000000003,-79.50000000000004,-79.77000000000004,344,7.0,PRIMARY_CONTINUES,2026-05-20 04:36:00,True,2026-05-14 07:00:00,4669.37,DOWN,189.03999999999996,3.9156782317565844,4+,26.76000000000022,79.64999999999964,35.666666666666664,0.5542930040298724,1.6498295131157987,0.32768741867534934,0.701151651211182,-0.334730005423116,0.32768741867534934,0.701151651211182,-0.562785535108055,0.32768741867534934,0.701151651211182,0.18704281862442323,0.5542930040298724,0.701151651211182,-0.21562743542417204,3-4
FULL_2022_202608,2026-05-14 16:42:00,DOWN,4668.53,4718.73,50.19999999999982,48.99444142638601,1.024606027510797,SAME_NEAREST,30.289999999999964,58.36999999999989,MULTI_CHILD_ERA4,CHALLENGE_OPENS,2026-05-25 01:00:00,4536.8,2.624103585657372,2026,131.72999999999956,0.2,1.29,1.29,131.72999999999956,130.43999999999957,129.14999999999955,127.85999999999956,344,2.0,PRIMARY_CONTINUES,2026-05-15 03:25:00,True,2026-05-14 07:00:00,4669.37,DOWN,0.8400000000001455,0.017144802053968566,2,214.96000000000004,32.409999999999854,248.3,4.387436487524339,0.6615036125821696,0.03918811898049428,0.6615036125821696,-0.4424991768214037,0.03918811898049428,0.6615036125821696,-0.2620705456820485,1.245651511135138,0.6615036125821696,0.9556186097222193,2.97911346166288,0.6615036125821696,2.8427714643765762,<=0.5
FULL_2022_202608,2026-05-15 03:25:00,DOWN,4638.24,4710.0,71.76000000000022,48.89336011551958,1.467683951981496,OPPOSITE_NEAREST,92.01000000000022,80.48999999999978,MULTI_CHILD_ERA4,CHALLENGE_OPENS,2026-05-25 01:00:00,4536.8,1.4136008918617515,2026,101.4399999999996,0.23,1.29,1.29,101.4399999999996,100.1499999999996,98.8599999999996,97.5699999999996,344,3.0,PRIMARY_CONTINUES,2026-05-15 12:14:00,True,2026-05-14 07:00:00,4669.37,DOWN,31.13000000000011,0.6366917701391303,3,184.67000000000007,6.5600000000004,237.58333333333334,3.7769954767617353,0.1341695474498212,0.6287152269218328,0.1341695474498212,0.39800905386789126,0.6381234573832534,0.1341695474498212,0.5528358029829896,2.1745283970829394,0.1341695474498212,1.6924588493097605,2.5882860106362595,0.1341695474498212,2.015815639733766,0.5-1
FULL_2022_202608,2026-05-15 12:14:00,DOWN,4546.23,4665.23,119.0,48.82985614396158,2.4370335978291804,SAME_NEAREST,45.57999999999993,172.5,MULTI_CHILD_ERA4,CHALLENGE_OPENS,2026-05-25 01:00:00,4536.8,0.0792436974789864,2026,9.429999999999382,0.2,1.29,1.29,9.429999999999382,8.139999999999382,6.8499999999993815,5.559999999999381,344,4.0,PRIMARY_CONTINUES,2026-05-18 03:33:00,True,2026-05-14 07:00:00,4669.37,DOWN,123.14000000000033,2.521817791904925,4+,92.65999999999985,42.92000000000007,228.76666666666668,1.8976095224777438,0.8789704371330135,0.2930584099574314,0.3366792634312014,-0.3012501195299776,0.2930584099574314,0.5369665624796784,-0.00798691683322839,0.7073541215884017,0.5369665624796784,0.1341392442502467,0.7073541215884017,0.5369665624796784,0.1341392442502467,2-3
FULL_2022_202608,2026-05-26 02:18:00,UP,4579.88,4563.27,16.609999999999673,46.30134428175232,0.3587368845907523,SAME_NEAREST,9.269999999999529,88.02999999999975,MULTI_CHILD_ERA4,SL,2026-05-26 02:33:00,4563.27,-1.0,2026,-16.609999999999673,0.28,0.3,0.28,-16.609999999999673,-16.889999999999674,-17.16999999999967,-17.449999999999672,345,3.0,CHALLENGE_OPENS,2026-05-26 20:58:00,False,2026-05-25 01:31:00,4559.29,UP,20.590000000000146,0.44469551196410523,3,0.27999999999974534,18.039999999999964,0.25,0.00604734061922464,0.3896215170389697,0.00604734061922464,0.3896215170389697,-0.3872457760814221,0.00604734061922464,0.3896215170389697,-0.3872457760814221,0.00604734061922464,0.3896215170389697,-0.3872457760814221,0.00604734061922464,0.3896215170389697,-0.3872457760814221,<=0.5
FULL_2022_202608,2026-05-25 01:31:00,UP,4559.29,4491.85,67.4399999999996,46.96859532189092,1.4358530319634115,SAME_NEAREST,11.489999999999782,70.73999999999978,MULTI_CHILD_ERA4,AMBIGUOUS,2026-05-26 20:58:00,,,2026,,0.3,0.24,0.3,,,,,345,1.0,PRIMARY_CONTINUES,2026-05-25 02:07:00,True,2026-05-25 01:31:00,4559.29,UP,0.0,0.0,1,20.86999999999989,68.61999999999989,43.45,0.44433945398986396,1.4609762018583887,0.41155158819473325,0.06706608912639755,0.3989900032472447,0.4383780238453,0.06706608912639755,0.06621445624860271,0.4383780238453,0.1879979577733822,0.24888970853576228,0.4383780238453,0.1879979577733822,0.2631545592388405,<=0.5
FULL_2022_202608,2026-05-25 02:07:00,UP,4570.78,4491.85,78.92999999999938,46.96859532189092,1.6804845761102,SAME_NEAREST,18.36999999999989,82.22999999999956,MULTI_CHILD_ERA4,AMBIGUOUS,2026-05-26 20:58:00,,,2026,,0.24,0.24,0.24,,,,,345,2.0,PRIMARY_CONTINUES,2026-05-26 02:18:00,True,2026-05-25 01:31:00,4559.29,UP,11.489999999999782,0.24463154414678803,2,9.38000000000011,80.10999999999967,42.85,0.1997079098430759,1.7056077460051768,0.19374647969851197,0.10624120150499931,0.06365955761523753,0.19374647969851197,0.2550640468997798,-0.17330729063139688,0.19374647969851197,0.43262950192017025,-0.06238210829851621,0.19374647969851197,0.43262950192017025,0.09921523026318697,<=0.5
FULL_2022_202608,2026-05-26 21:02:00,DOWN,4488.55,4540.47,51.92000000000007,45.89437524178766,1.131293317023433,SAME_NEAREST,34.98000000000047,91.60999999999969,MULTI_CHILD_ERA4,CHALLENGE_OPENS,2026-05-28 17:14:00,4465.71,0.4399075500770438,2026,22.840000000000146,0.24,0.25,0.25,22.840000000000146,22.590000000000146,22.340000000000146,22.090000000000146,346,1.0,PRIMARY_CONTINUES,2026-05-27 09:31:00,True,2026-05-26 21:02:00,4488.55,DOWN,0.0,0.0,1,122.15999999999985,50.44999999999982,44.2,2.6617640910551272,1.099263248147764,0.13095286662771705,0.24425651163005982,-0.21985264962955675,0.13095286662771705,1.099263248147764,-0.3545096738823323,0.13095286662771705,1.099263248147764,-0.12463400950258696,1.9019759946643928,1.099263248147764,0.8194904016419859,<=0.5
FULL_2022_202608,2026-05-27 09:31:00,DOWN,4482.54,4539.0,56.46000000000004,45.66593639486612,1.2363701361951578,SAME_NEAREST,28.97000000000025,97.61999999999988,MULTI_CHILD_ERA4,CHALLENGE_OPENS,2026-05-28 17:14:00,4465.71,0.2980871413389996,2026,16.829999999999927,0.24,0.25,0.25,16.829999999999927,16.579999999999927,16.329999999999927,16.079999999999927,346,2.0,PRIMARY_CONTINUES,2026-05-27 13:46:00,True,2026-05-26 21:02:00,4488.55,DOWN,6.010000000000218,0.1316079440051924,2,116.14999999999964,16.159999999999854,31.716666666666665,2.543471330482944,0.35387427206719013,0.054088456188493665,0.16620703743750304,-0.12722831192515685,0.18657232660967327,0.35387427206719013,0.174090375181567,1.779882477328056,0.35387427206719013,0.5991336685493993,2.543471330482944,0.35387427206719013,2.202297991447867,<=0.5
FULL_2022_202608,2026-05-27 13:46:00,DOWN,4453.57,4517.24,63.67000000000007,45.62412563711687,1.3955335934855098,SAME_NEAREST,33.92999999999938,85.43000000000029,MULTI_CHILD_ERA4,CHALLENGE_OPENS,2026-05-28 17:14:00,4465.71,-0.1906706455159465,2026,-12.140000000000327,0.26,0.25,0.25,-12.140000000000327,-12.390000000000327,-12.640000000000327,-12.890000000000327,346,3.0,PRIMARY_CONTINUES,2026-05-27 16:07:00,True,2026-05-26 21:02:00,4488.55,DOWN,34.98000000000047,0.7666996246289263,3,87.17999999999938,13.840000000000146,27.466666666666665,1.9108311399413496,0.30334827915564055,0.4664198974300496,0.2229083814315646,0.21523700153961495,1.1465425204213322,0.28427942056710215,0.24153887545483962,1.1465425204213322,0.28427942056710215,-0.07868643946306231,1.9108311399413496,0.28427942056710215,1.4722473924049266,0.5-1
FULL_2022_202608,2026-05-27 16:07:00,DOWN,4419.64,4517.24,97.59999999999944,45.77582493913289,2.132129789682131,SAME_NEAREST,15.300000000000182,119.35999999999969,MULTI_CHILD_ERA4,CHALLENGE_OPENS,2026-05-28 17:14:00,4465.71,-0.4720286885245898,2026,-46.06999999999971,0.24,0.25,0.25,-46.06999999999971,-46.31999999999971,-46.56999999999971,-46.81999999999971,346,4.0,PRIMARY_CONTINUES,2026-05-27 16:28:00,True,2026-05-26 21:02:00,4488.55,DOWN,68.90999999999985,1.5053797521208623,4+,53.25,47.76999999999953,25.116666666666667,1.163277779718997,1.0435639349704402,0.4015219829339961,0.6241285665083832,-0.4779815553098926,0.4015219829339961,0.7833829329713212,-0.6167010651918644,0.4015219829339961,1.006426428387866,-0.5902678987419108,1.163277779718997,1.006426428387866,-0.24095688094460546,1-2
FULL_2022_202608,2026-05-27 16:28:00,DOWN,4404.34,4517.24,112.89999999999964,45.77582493913289,2.46636734892534,SAME_NEAREST,53.31999999999971,134.65999999999983,MULTI_CHILD_ERA4,CHALLENGE_OPENS,2026-05-28 17:14:00,4465.71,-0.5435783879539423,2026,-61.36999999999989,0.29,0.25,0.25,-61.36999999999989,-61.61999999999989,-61.86999999999989,-62.11999999999989,346,5.0,PRIMARY_CONTINUES,2026-05-28 05:12:00,True,2026-05-26 21:02:00,4488.55,DOWN,84.21000000000004,1.839617311364071,4+,37.94999999999982,63.06999999999971,24.766666666666666,0.8290402204757883,1.377801494213649,0.06728442369078735,1.1176204922145299,-0.8609347849525917,0.06728442369078735,1.1176204922145299,-0.9170779566686007,0.06728442369078735,1.3406639876310746,-0.32986844082171307,0.8290402204757883,1.3406639876310746,-0.5299740645255047,1-2
FULL_2022_202608,2026-05-28 05:12:00,DOWN,4401.26,4465.71,64.44999999999982,45.53236256354278,1.4154767372340165,SAME_NEAREST,50.23999999999978,137.73999999999978,MULTI_CHILD_ERA4,AMBIGUOUS,2026-05-28 17:14:00,,,2026,,0.29,0.25,0.25,,,,,346,6.0,CHALLENGE_OPENS,2026-05-28 17:14:00,False,2026-05-26 21:02:00,4488.55,DOWN,87.28999999999996,1.9170979735167974,4+,34.86999999999989,66.14999999999964,12.033333333333333,0.7658289189658671,1.4528128187436764,0.24312377783058933,0.1996382240722646,0.14033974167456717,0.7658289189658671,0.1996382240722646,0.5295134854105983,0.7658289189658671,1.1165684611478326,-1.1134937250235002,0.7658289189658671,1.4528128187436764,-1.3790191517598773,1-2
FULL_2022_202608,2026-05-29 18:05:00,UP,4580.16,4512.71,67.44999999999982,45.40067675993772,1.485660673224122,SAME_NEAREST,8.989999999999782,213.76999999999956,MULTI_CHILD_ERA4,SL,2026-06-01 06:42:00,4512.71,-1.0,2026,-67.44999999999982,0.29,0.26,0.29,-67.44999999999982,-67.73999999999982,-68.02999999999982,-68.31999999999982,347,2.0,PRIMARY_CONTINUES,2026-05-29 18:08:00,True,2026-05-29 12:50:00,4539.0,UP,41.159999999999854,0.9065944152691595,2,15.0,68.77999999999975,60.61666666666667,0.33039155075406806,1.5149553907243145,0.33039155075406806,0.49404549889425614,-0.27995177400561444,0.33039155075406806,0.646686395342622,-0.552634933894641,0.33039155075406806,0.9013081504570992,-0.8766389146674646,0.33039155075406806,0.9013081504570992,-0.8766389146674646,0.5-1
FULL_2022_202608,2026-05-29 18:08:00,UP,4589.15,4512.71,76.4399999999996,45.40067675993772,1.683675342642722,SAME_NEAREST,129.57999999999993,222.7599999999993,MULTI_CHILD_ERA4,SL,2026-06-01 06:42:00,4512.71,-1.0,2026,-76.4399999999996,0.24,0.26,0.24,-76.4399999999996,-76.6799999999996,-76.9199999999996,-77.1599999999996,347,3.0,CHALLENGE_OPENS,2026-06-03 02:28:00,False,2026-05-29 12:50:00,4539.0,UP,50.149999999999636,1.1046090846877594,3,6.010000000000218,77.76999999999953,60.56666666666667,0.13237688133546807,1.7129700601429143,0.13237688133546807,0.6920601683128561,-0.5336924849847283,0.13237688133546807,0.844701064761222,-0.7184914923731776,0.13237688133546807,1.0993228198756992,-1.0746535840860645,0.13237688133546807,1.0993228198756992,-1.0746535840860645,1-2
FULL_2022_202608,2026-05-29 12:50:00,UP,4539.0,4489.02,49.97999999999956,45.48380903233961,1.0988525601376768,SAME_NEAREST,41.159999999999854,172.60999999999967,MULTI_CHILD_ERA4,SL,2026-06-01 16:11:00,4489.02,-1.0,2026,-49.97999999999956,0.27,0.27,0.27,-49.97999999999956,-50.24999999999957,-50.51999999999956,-50.789999999999566,347,1.0,PRIMARY_CONTINUES,2026-05-29 18:05:00,True,2026-05-29 12:50:00,4539.0,UP,0.0,0.0,1,56.159999999999854,56.93000000000029,75.35,1.2347250855808785,1.251654186647435,0.09300012663829399,0.29592948098145855,-0.009673772038018053,0.09300012663829399,0.5780078792721035,-0.09343984354912299,1.2347250855808785,0.5780078792721035,0.029900749935712158,1.2347250855808785,0.5780078792721035,0.029900749935712158,<=0.5
FULL_2022_202608,2026-06-03 11:51:00,DOWN,4447.63,4488.07,40.4399999999996,44.41456092289781,0.9105122095026916,SAME_NEAREST,81.23999999999978,93.77999999999976,MULTI_CHILD_ERA4,SL,2026-06-04 14:27:00,4488.07,-1.0,2026,-40.4399999999996,0.24,0.24,0.24,-40.4399999999996,-40.6799999999996,-40.9199999999996,-41.1599999999996,348,1.0,PRIMARY_CONTINUES,2026-06-05 15:52:00,True,2026-06-03 11:51:00,4447.63,DOWN,0.0,0.0,1,23.68000000000029,43.840000000000146,26.6,0.5331584846939718,0.9870636811226146,0.19565655540501814,0.2550965216039944,0.03624937332589145,0.19565655540501814,0.45840822417098637,-0.4262115758132144,0.48587669339931294,0.45840822417098637,0.3631691874203428,0.5331584846939718,0.8191007463330453,-0.3287210251913683,<=0.5
FULL_2022_202608,2026-06-05 15:52:00,DOWN,4423.95,4483.33,59.38000000000011,43.77602271450553,1.3564503195564197,SAME_NEAREST,57.55999999999949,91.36999999999988,MULTI_CHILD_ERA4,CHALLENGE_OPENS,2026-06-09 08:41:00,4346.57,1.3031323678006057,2026,77.38000000000011,0.24,0.29,0.29,77.38000000000011,77.0900000000001,76.80000000000011,76.5100000000001,348,2.0,PRIMARY_CONTINUES,2026-06-05 16:59:00,True,2026-06-03 11:51:00,4447.63,DOWN,23.68000000000029,0.5409353918338894,2,155.3800000000001,7.420000000000073,88.81666666666666,3.54943163780189,0.16949918105605782,0.9569165356385572,0.16949918105605782,0.884502465025679,2.2955488819842382,0.16949918105605782,2.02393900829737,2.5641890934693135,0.16949918105605782,2.175620216142689,2.5641890934693135,0.16949918105605782,2.175620216142689,0.5-1
FULL_2022_202608,2026-06-05 16:59:00,DOWN,4366.39,4483.33,116.9399999999996,43.9276003660916,2.662107627674272,SAME_NEAREST,15.36999999999989,148.92999999999938,MULTI_CHILD_ERA4,CHALLENGE_OPENS,2026-06-09 08:41:00,4346.57,0.1694886266461492,2026,19.82000000000062,0.24,0.29,0.29,19.82000000000062,19.53000000000062,19.24000000000062,18.950000000000617,348,3.0,PRIMARY_CONTINUES,2026-06-05 17:33:00,True,2026-06-03 11:51:00,4447.63,DOWN,81.23999999999978,1.8494067356957244,3,97.82000000000062,12.88000000000011,87.7,2.2268459734829813,0.293209733576578,0.5015070210164713,0.293209733576578,-0.0714812549247109,0.9772898961523658,0.293209733576578,0.5611506158899647,1.2450031311570702,0.293209733576578,0.8577750590966965,1.2450031311570702,0.293209733576578,0.8577750590966965,1-2
FULL_2022_202608,2026-06-05 17:33:00,DOWN,4351.02,4483.33,132.3099999999995,43.9276003660916,3.012001541111534,SAME_NEAREST,45.11000000000058,164.29999999999927,MULTI_CHILD_ERA4,CHALLENGE_OPENS,2026-06-09 08:41:00,4346.57,0.0336331343058026,2026,4.450000000000728,0.24,0.29,0.29,4.450000000000728,4.160000000000728,3.8700000000007275,3.5800000000007275,348,4.0,PRIMARY_CONTINUES,2026-06-08 04:30:00,True,2026-06-03 11:51:00,4447.63,DOWN,96.60999999999967,2.1993006491329865,4+,82.45000000000073,21.289999999999964,87.13333333333334,1.8769520600457192,0.4846611201743231,0.1516131075792094,0.4846611201743231,0.09583951695321379,0.7271055039158363,0.4846611201743231,0.6522095393609509,0.8951092177198082,0.4846611201743231,0.5078811456594345,0.8951092177198082,0.4846611201743231,0.5078811456594345,2-3
FULL_2022_202608,2026-06-08 04:30:00,DOWN,4305.91,4475.82,169.90999999999983,44.1776518031652,3.8460622750398494,OPPOSITE_NEAREST,207.19999999999985,169.90999999999983,MULTI_CHILD_ERA4,CHALLENGE_OPENS,2026-06-09 08:41:00,4346.57,-0.2393031604967329,2026,-40.659999999999854,0.24,0.29,0.29,-40.659999999999854,-40.949999999999854,-41.23999999999985,-41.52999999999985,348,5.0,CHALLENGE_OPENS,2026-06-09 08:41:00,False,2026-06-03 11:51:00,4447.63,DOWN,141.72000000000025,3.2079568337275552,4+,37.340000000000146,40.789999999999964,28.183333333333334,0.8452237381554274,0.9233175222110261,0.13332532988042195,0.5620488864059753,-0.134457123852267,0.13332532988042195,0.5620488864059753,0.05930600412338294,0.8452237381554274,0.7576228847365362,-0.6946951399033314,0.8452237381554274,0.9203748578842909,-0.6245239136504626,3-4
FULL_2022_202608,2026-06-10 21:50:00,DOWN,4098.71,4186.2,87.48999999999978,44.45788982762375,1.9679296597122384,SAME_NEAREST,58.71000000000004,264.59000000000015,MULTI_CHILD_ERA4,SL,2026-06-11 22:12:00,4186.2,-1.0,2026,-87.48999999999978,0.24,0.24,0.24,-87.48999999999978,-87.72999999999978,-87.96999999999979,-88.20999999999978,349,3.0,PRIMARY_CONTINUES,2026-06-11 01:20:00,True,2026-06-09 17:17:00,4312.75,DOWN,214.03999999999996,4.814443529143999,3,74.84000000000015,89.0600000000004,24.366666666666667,1.6833907387457372,2.0032439763855656,0.3819344567597888,0.1291109412132569,0.17927076680657306,1.4078490959125565,0.1291109412132569,0.878584209719512,1.6833907387457372,0.43321894211976486,0.15182906849991587,1.6833907387457372,1.6393040758924275,-1.5671009188724667,4-6
FULL_2022_202608,2026-06-11 01:20:00,DOWN,4040.0,4186.2,146.19999999999982,44.58762377302583,3.278936790716495,SAME_NEAREST,17.579999999999927,323.3000000000002,MULTI_CHILD_ERA4,SL,2026-06-11 22:12:00,4186.2,-1.0,2026,-146.19999999999982,0.28,0.24,0.24,-146.19999999999982,-146.43999999999983,-146.6799999999998,-146.91999999999982,349,4.0,CHALLENGE_OPENS,2026-06-15 01:00:00,False,2026-06-09 17:17:00,4312.75,DOWN,272.75,6.117168328781977,4+,16.13000000000011,147.77000000000044,20.866666666666667,0.36175957889369004,3.3141483554321374,0.36175957889369004,0.6569087455546248,-0.07647862145241302,0.36175957889369004,1.7486915292213834,-1.1635515779916028,0.36175957889369004,1.7486915292213834,-1.0612810460786954,0.36175957889369004,3.3141483554321374,-3.215690540717729,>6
FULL_2022_202608,2026-06-09 17:17:00,DOWN,4312.75,4475.82,163.0699999999997,43.69136203667528,3.73231669598938,SAME_NEAREST,44.18000000000029,163.0699999999997,MULTI_CHILD_ERA4,CHALLENGE_OPENS,2026-06-15 01:00:00,4246.26,0.4077390077880659,2026,66.48999999999978,0.24,0.24,0.24,66.48999999999978,66.24999999999979,66.00999999999978,65.76999999999978,349,1.0,PRIMARY_CONTINUES,2026-06-09 18:31:00,True,2026-06-09 17:17:00,4312.75,DOWN,0.0,0.0,1,288.8800000000001,10.960000000000036,127.71666666666667,6.61183324423508,0.2508504997120489,0.7823056642479814,0.2508504997120489,0.43875949630291783,1.7422208063942584,0.2508504997120489,1.0947243979221934,3.048886411189957,0.2508504997120489,2.8932492398357628,4.169016288553784,0.2508504997120489,3.280968899062243,<=0.5
FULL_2022_202608,2026-06-15 16:32:00,UP,4363.3,4300.85,62.44999999999982,45.48237180106152,1.3730594409885697,SAME_NEAREST,112.51999999999953,193.15000000000052,MULTI_CHILD_ERA4,CHALLENGE_OPENS,2026-06-17 21:04:00,4316.89,-0.743154523618895,2026,-46.409999999999854,0.24,0.24,0.24,-46.409999999999854,-46.64999999999986,-46.88999999999985,-47.12999999999985,350,1.0,PRIMARY_CONTINUES,2026-06-17 17:23:00,True,2026-06-15 16:32:00,4363.3,UP,0.0,0.0,1,18.899999999999636,57.350000000000364,52.53333333333333,0.41554561144409197,1.2609280855195388,0.1312596455196499,0.20447482467884684,-0.01099327014402381,0.1312596455196499,0.7849194882832959,-0.7466629081820979,0.1312596455196499,1.2609280855195388,-1.0313886049123107,0.1312596455196499,1.2609280855195388,-0.554060815258796,<=0.5
FULL_2022_202608,2026-06-17 17:23:00,UP,4349.69,4316.89,32.79999999999927,44.15139499827036,0.74289838410053,SAME_NEAREST,5.280000000000655,36.47999999999956,MULTI_CHILD_ERA4,AMBIGUOUS,2026-06-17 21:04:00,,,2026,,0.24,0.24,0.24,,,,,350,2.0,PRIMARY_CONTINUES,2026-06-17 17:24:00,True,2026-06-15 16:32:00,4363.3,UP,-13.610000000000582,-0.3082575307197826,2,32.51000000000022,33.47999999999956,3.683333333333333,0.7363300752167355,0.7582999359660356,0.32116765507762085,0.4276195576773696,0.19365186536767703,0.7363300752167355,0.7582999359660356,-0.7582999359660356,0.7363300752167355,0.7582999359660356,-0.7582999359660356,0.7363300752167355,0.7582999359660356,-0.7582999359660356,<=0.5
FULL_2022_202608,2026-06-17 17:24:00,UP,4354.97,4316.89,38.07999999999993,44.15139499827036,0.8624869044679498,SAME_NEAREST,14.300000000000182,41.76000000000022,MULTI_CHILD_ERA4,AMBIGUOUS,2026-06-17 21:04:00,,,2026,,0.24,0.24,0.24,,,,,350,3.0,PRIMARY_CONTINUES,2026-06-17 20:33:00,True,2026-06-15 16:32:00,4363.3,UP,-8.329999999999927,-0.18866901035236275,3,27.229999999999563,38.76000000000022,3.6666666666666665,0.6167415548493157,0.8778884563334556,0.201579134710201,0.5472080780447894,0.09082385732447187,0.6167415548493157,0.8778884563334556,-0.8778884563334556,0.6167415548493157,0.8778884563334556,-0.8778884563334556,0.6167415548493157,0.8778884563334556,-0.8778884563334556,<=0.5
FULL_2022_202608,2026-06-17 20:33:00,UP,4369.27,4319.72,49.55000000000018,44.14149835939108,1.1225264624361906,OPPOSITE_NEAREST,106.54999999999929,52.38000000000011,MULTI_CHILD_ERA4,AMBIGUOUS,2026-06-17 21:04:00,,,2026,,0.24,0.24,0.24,,,,,350,4.0,CHALLENGE_OPENS,2026-06-17 21:04:00,False,2026-06-15 16:32:00,4363.3,UP,5.970000000000255,0.13524688154882583,4+,12.929999999999382,53.0600000000004,0.5166666666666667,0.29292163792732995,1.2020434731960545,0.29292163792732995,1.2020434731960545,-1.2020434731960545,0.29292163792732995,1.2020434731960545,-1.2020434731960545,0.29292163792732995,1.2020434731960545,-1.2020434731960545,0.29292163792732995,1.2020434731960545,-1.2020434731960545,<=0.5
FULL_2022_202608,2026-06-17 21:05:00,DOWN,4305.95,4475.82,169.8699999999999,44.14149835939108,3.848306158910896,SAME_NEAREST,135.80000000000018,169.8699999999999,MULTI_CHILD_ERA4,CHALLENGE_OPENS,2026-06-26 12:19:00,4044.18,1.5410019426620365,2026,261.77,0.24,0.24,0.24,261.77,261.53,261.28999999999996,261.04999999999995,351,1.0,PRIMARY_CONTINUES,2026-06-18 19:36:00,True,2026-06-17 21:05:00,4305.95,DOWN,0.0,0.0,1,346.7999999999997,26.3100000000004,207.23333333333332,7.856552516102305,0.5960377644136532,0.8228084988028651,0.5960377644136532,0.7430649438528178,1.9709344547315486,0.5960377644136532,1.0334945956879658,1.9709344547315486,0.5960377644136532,-0.002038897711794554,2.08465963821145,0.5960377644136532,1.7160722407576414,<=0.5
FULL_2022_202608,2026-06-18 19:36:00,DOWN,4218.95,4276.63,57.68000000000029,44.78628521314885,1.28789426775378,SAME_NEAREST,48.80000000000018,163.25,MULTI_CHILD_ERA4,CHALLENGE_OPENS,2026-06-26 12:19:00,4044.18,3.029993065187224,2026,174.76999999999998,0.26,0.24,0.24,174.76999999999998,174.52999999999997,174.29,174.04999999999998,351,2.0,PRIMARY_CONTINUES,2026-06-19 06:04:00,True,2026-06-17 21:05:00,4305.95,DOWN,87.0,1.9425589683526059,2,259.7999999999997,14.170000000000073,184.71666666666667,5.8008829882529485,0.3163915009374318,0.1120878853003352,0.2815594090911206,-0.11499055962088484,0.3916377506310878,0.3163915009374318,0.08328442473510772,1.8137248850492107,0.3163915009374318,1.7838050112837764,2.1736565007945416,0.3163915009374318,1.567220850444467,1-2
FULL_2022_202608,2026-06-19 06:04:00,DOWN,4170.15,4276.63,106.48000000000047,44.72503689096296,2.380769416906073,SAME_NEAREST,117.31999999999972,212.05000000000015,MULTI_CHILD_ERA4,CHALLENGE_OPENS,2026-06-26 12:19:00,4044.18,1.1830390683696397,2026,125.9699999999998,0.26,0.24,0.24,125.9699999999998,125.7299999999998,125.4899999999998,125.2499999999998,351,3.0,PRIMARY_CONTINUES,2026-06-23 04:33:00,True,2026-06-17 21:05:00,4305.95,DOWN,135.80000000000018,3.0363306425229495,3,210.99999999999955,50.92000000000007,174.25,4.717715504950958,1.1385121967398277,0.6048066559664467,0.03666849965934186,0.5802119305851979,1.0855217429638202,0.03666849965934186,0.3141417196424534,1.0855217429638202,0.2837336955347402,0.474678199858327,1.0855217429638202,0.2837336955347402,0.41811033148143245,3-4
FULL_2022_202608,2026-06-23 04:33:00,DOWN,4169.7,4215.13,45.43000000000029,44.45750580324757,1.0218746908802447,SAME_NEAREST,33.23999999999978,51.36999999999989,MULTI_CHILD_ERA4,CHALLENGE_OPENS,2026-06-26 12:19:00,4044.18,2.762931983270948,2026,125.51999999999998,0.28,0.24,0.24,125.51999999999998,125.27999999999999,125.03999999999998,124.79999999999998,351,4.0,PRIMARY_CONTINUES,2026-06-23 06:18:00,True,2026-06-17 21:05:00,4305.95,DOWN,136.25,3.0647243370555235,4+,210.54999999999973,3.9400000000005093,79.76666666666667,4.73598318654708,0.08862395514128678,0.46831237209170723,0.08862395514128678,0.25057636047557247,1.2353369584667124,0.08862395514128678,1.021199889191337,1.77337883841069,0.08862395514128678,1.1275936221401375,2.2783554355989275,0.08862395514128678,1.5997298704689065,3-4
FULL_2022_202608,2026-06-23 06:18:00,DOWN,4136.46,4215.13,78.67000000000007,44.45750580324757,1.7695549621736388,SAME_NEAREST,14.859999999999673,84.60999999999967,MULTI_CHILD_ERA4,CHALLENGE_OPENS,2026-06-26 12:19:00,4044.18,1.1730011440193229,2026,92.2800000000002,0.24,0.24,0.24,92.2800000000002,92.0400000000002,91.8000000000002,91.5600000000002,351,5.0,PRIMARY_CONTINUES,2026-06-23 07:59:00,True,2026-06-17 21:05:00,4305.95,DOWN,169.48999999999978,3.8124046083489174,4+,177.30999999999995,10.420000000000073,78.01666666666667,3.9883029152536857,0.23438111994215616,0.12933699037115054,0.23438111994215616,-0.09874598047467707,0.595624957396196,0.23438111994215616,0.4806837363880822,1.025698567117296,0.23438111994215616,0.1988415643271286,1.9366808471227912,0.23438111994215616,1.905864903330015,3-4
FULL_2022_202608,2026-06-23 07:59:00,DOWN,4121.6,4198.34,76.73999999999978,44.45750580324757,1.7261427201881852,SAME_NEAREST,68.77000000000044,99.46999999999936,MULTI_CHILD_ERA4,CHALLENGE_OPENS,2026-06-26 12:19:00,4044.18,1.0088610893927643,2026,77.42000000000053,0.29,0.24,0.24,77.42000000000053,77.18000000000053,76.94000000000052,76.70000000000053,351,6.0,PRIMARY_CONTINUES,2026-06-24 02:38:00,True,2026-06-17 21:05:00,4305.95,DOWN,184.34999999999945,4.146656378247223,4+,162.45000000000027,23.36999999999989,76.33333333333333,3.6540511453553806,0.5256705156476128,0.15340491727501332,0.35427088666880363,0.01102176091860055,0.6914467972189909,0.35427088666880363,0.3673170526540659,0.6914467972189909,0.5256705156476128,-0.28386657712763574,1.602429077224486,0.5256705156476128,1.2848224156522023,4-6
FULL_2022_202608,2026-06-24 02:38:00,DOWN,4090.86,4144.97,54.11000000000013,44.50434187256044,1.2158364268130464,SAME_NEAREST,38.0300000000002,107.48000000000002,MULTI_CHILD_ERA4,CHALLENGE_OPENS,2026-06-26 12:19:00,4044.18,0.8626871188320122,2026,46.68000000000029,0.26,0.24,0.24,46.68000000000029,46.44000000000029,46.200000000000294,45.96000000000029,351,7.0,PRIMARY_CONTINUES,2026-06-24 05:43:00,True,2026-06-17 21:05:00,4305.95,DOWN,215.0899999999997,4.833011588305621,4+,131.71000000000004,21.070000000000164,57.68333333333333,2.9594865232959897,0.4734369527435045,0.22739354351041252,0.4734369527435045,-0.11279798304567468,0.9100235683963827,0.4734369527435045,0.6621825817442377,1.19696186391297,0.4734369527435045,0.9026085615427841,2.9594865232959897,0.4734369527435045,1.6259087755348731,4-6
FULL_2022_202608,2026-06-24 05:43:00,DOWN,4052.83,4144.97,92.14000000000031,44.447484417712886,2.0730082074854472,SAME_NEAREST,28.96000000000004,92.14000000000031,MULTI_CHILD_ERA4,CHALLENGE_OPENS,2026-06-26 12:19:00,4044.18,0.0938788799652708,2026,8.650000000000091,0.27,0.24,0.24,8.650000000000091,8.41000000000009,8.17000000000009,7.930000000000091,351,8.0,PRIMARY_CONTINUES,2026-06-24 15:25:00,True,2026-06-17 21:05:00,4305.95,DOWN,253.1199999999999,5.694810478388477,4+,93.67999999999984,44.64000000000033,54.6,2.107655837608375,1.0043313043428554,0.05557119896341026,0.3795490390740085,-0.3363519937259376,0.05557119896341026,1.0043313043428554,-0.8940888448607756,1.987964024456411,1.0043313043428554,0.9116376445334271,2.107655837608375,1.0043313043428554,1.6988587990799333,4-6
FULL_2022_202608,2026-06-24 15:25:00,DOWN,4022.42,4097.47,75.05000000000018,44.44528574777588,1.6885930360737038,SAME_NEAREST,24.5300000000002,122.55000000000018,MULTI_CHILD_ERA4,CHALLENGE_OPENS,2026-06-26 12:19:00,4044.18,-0.2899400399733472,2026,-21.759999999999764,0.24,0.24,0.24,-21.759999999999764,-21.999999999999762,-22.239999999999764,-22.479999999999762,351,9.0,PRIMARY_CONTINUES,2026-06-24 15:56:00,True,2026-06-17 21:05:00,4305.95,DOWN,283.52999999999975,6.379304244076957,4+,63.26999999999998,24.420000000000073,44.9,1.4235480531963085,0.5494395994792787,1.3038503189936224,0.24614534063486165,1.070529735594757,1.3038503189936224,0.4430166139945535,0.25627014897907024,1.4235480531963085,0.4430166139945535,0.5192901701876198,1.4235480531963085,0.4430166139945535,0.9150576785758493,>6
FULL_2022_202608,2026-06-24 15:56:00,DOWN,3997.89,4097.47,99.58000000000038,44.44528574777588,2.240507588703793,SAME_NEAREST,13.739999999999782,147.08000000000038,MULTI_CHILD_ERA4,CHALLENGE_OPENS,2026-06-26 12:19:00,4044.18,-0.464852379995981,2026,-46.289999999999964,0.24,0.24,0.24,-46.289999999999964,-46.529999999999966,-46.76999999999996,-47.00999999999996,351,10.0,PRIMARY_CONTINUES,2026-06-24 16:00:00,True,2026-06-17 21:05:00,4305.95,DOWN,308.05999999999995,6.931218796707046,4+,38.73999999999978,48.95000000000027,44.38333333333333,0.8716335005662192,1.101354152109368,0.7519357663635332,0.8131346079107803,-0.7609355960028354,0.7519357663635332,0.9949311666246426,-0.23287059191689058,0.8716335005662192,0.9949311666246426,-0.03374936114737574,0.8716335005662192,0.9949311666246426,-0.34289350925734285,>6
FULL_2022_202608,2026-06-24 16:00:00,DOWN,3984.15,4097.47,113.32000000000016,44.70658971584379,2.5347493673810715,SAME_NEAREST,18.49000000000024,160.82000000000016,MULTI_CHILD_ERA4,CHALLENGE_OPENS,2026-06-26 12:19:00,4044.18,-0.5297387927991498,2026,-60.029999999999745,0.24,0.24,0.24,-60.029999999999745,-60.26999999999975,-60.50999999999974,-60.749999999999744,351,11.0,PRIMARY_CONTINUES,2026-06-24 16:16:00,True,2026-06-17 21:05:00,4305.95,DOWN,321.7999999999997,7.198044003028829,4+,25.0,62.690000000000055,44.31666666666667,0.5592016782962116,1.4022541284955814,0.44020356115478426,1.2964531709619378,-1.0933511214047553,0.44020356115478426,1.2964531709619378,-0.5328073590806238,0.5592016782962116,1.2964531709619378,-0.36325741022121416,0.5592016782962116,1.2964531709619378,-0.8428287695280464,>6
FULL_2022_202608,2026-06-24 16:16:00,DOWN,3965.66,4097.47,131.8100000000004,44.70658971584379,2.948334928648954,SAME_NEAREST,36.909999999999854,179.3100000000004,MULTI_CHILD_ERA4,CHALLENGE_OPENS,2026-06-26 12:19:00,4044.18,-0.5957059403687106,2026,-78.51999999999998,0.24,0.24,0.24,-78.51999999999998,-78.75999999999998,-78.99999999999999,-79.23999999999998,351,12.0,CHALLENGE_OPENS,2026-06-26 12:19:00,False,2026-06-17 21:05:00,4305.95,DOWN,340.28999999999996,7.611629564296712,4+,6.5099999999997635,81.18000000000029,44.05,0.1456161170283282,1.8158396897634648,0.026617999886900893,1.7100387322298212,-1.1926653394701636,0.026617999886900893,1.7100387322298212,-0.8446182148986029,0.1456161170283282,1.7100387322298212,-0.4862817794463909,0.1456161170283282,1.7100387322298212,-1.3749650865947307,>6
FULL_2022_202608,2026-06-30 03:56:00,DOWN,3982.97,4032.09,49.120000000000346,44.065884054847054,1.114694531916406,SAME_NEAREST,23.81999999999971,112.97000000000024,MULTI_CHILD_ERA4,SL,2026-06-30 09:35:00,4032.09,-1.0,2026,-49.120000000000346,0.24,0.24,0.24,-49.120000000000346,-49.36000000000035,-49.60000000000034,-49.840000000000344,352,1.0,PRIMARY_CONTINUES,2026-06-30 04:07:00,True,2026-06-30 03:56:00,3982.97,DOWN,0.0,0.0,1,40.6899999999996,51.04000000000042,5.65,0.9233900754006064,1.1582656536851266,0.9233900754006064,0.11596272512404185,0.35378843144495725,0.9233900754006064,0.34108018759575903,-0.11482806049465431,0.9233900754006064,1.1582656536851266,-1.0983553612531303,0.9233900754006064,1.1582656536851266,-1.0983553612531303,<=0.5
FULL_2022_202608,2026-06-30 04:07:00,DOWN,3959.15,4032.09,72.94000000000005,44.05957358787568,1.65548583566119,SAME_NEAREST,30.40000000000009,136.78999999999996,MULTI_CHILD_ERA4,SL,2026-06-30 09:35:00,4032.09,-1.0,2026,-72.94000000000005,0.26,0.24,0.24,-72.94000000000005,-73.18000000000005,-73.42000000000006,-73.66000000000005,352,2.0,CHALLENGE_OPENS,2026-07-01 16:38:00,False,2026-06-30 03:56:00,3982.97,DOWN,23.81999999999971,0.5406316507464907,2,16.86999999999989,74.86000000000013,5.466666666666667,0.38289067792163517,1.699063197937987,0.38289067792163517,0.49092622189952956,-0.09963782312246239,0.38289067792163517,0.8817606898195369,-0.6933793841438012,0.38289067792163517,1.699063197937987,-1.6391443248073854,0.38289067792163517,1.699063197937987,-1.6391443248073854,0.5-1
FULL_2022_202608,2026-07-01 16:44:00,UP,4095.94,3960.15,135.78999999999996,43.91226174595352,3.092302573381178,SAME_NEAREST,49.0300000000002,153.65999999999983,MULTI_CHILD_ERA4,CHALLENGE_OPENS,2026-07-06 08:03:00,4155.36,0.4375874512114267,2026,59.41999999999962,0.24,0.24,0.24,59.41999999999962,59.179999999999616,58.93999999999962,58.69999999999962,353,1.0,PRIMARY_CONTINUES,2026-07-02 15:30:00,True,2026-07-01 16:44:00,4095.94,UP,0.0,0.0,1,107.04999999999973,67.45000000000027,111.31666666666666,2.4378156747953046,1.5360174429233477,0.4461168525851414,0.29467851314200333,-0.0696844088264691,0.4461168525851414,0.640823289012048,-0.5700002460544336,0.4461168525851414,1.5360174429233477,-1.0987819365611746,1.0138398303772742,1.5360174429233477,0.8822137248161692,<=0.5
FULL_2022_202608,2026-07-02 15:30:00,UP,4115.53,4053.16,62.36999999999989,43.96140962173571,1.4187443154498502,SAME_NEAREST,29.44000000000051,155.37999999999963,MULTI_CHILD_ERA4,CHALLENGE_OPENS,2026-07-06 08:03:00,4155.36,0.6386083052749719,2026,39.82999999999993,0.24,0.24,0.24,39.82999999999993,39.589999999999925,39.34999999999993,39.10999999999993,353,2.0,PRIMARY_CONTINUES,2026-07-03 03:51:00,True,2026-07-01 16:44:00,4095.94,UP,19.58999999999969,0.44561810389068746,2,87.46000000000004,50.309999999999945,88.55,1.9894721473343622,1.1444128027943243,0.5670882761610588,1.1444128027943243,0.0181977786172862,0.6469310298443889,1.1444128027943243,-0.14421739554196364,0.6469310298443889,1.1444128027943243,0.4390214091419339,1.8161383060047531,1.1444128027943243,1.318429060822086,<=0.5
FULL_2022_202608,2026-07-03 03:51:00,UP,4144.97,4100.28,44.69000000000051,44.048656229169424,1.0145598941201386,SAME_NEAREST,53.36999999999989,184.82000000000016,MULTI_CHILD_ERA4,CHALLENGE_OPENS,2026-07-06 08:03:00,4155.36,0.2324904900424994,2026,10.389999999999418,0.24,0.24,0.24,10.389999999999418,10.149999999999418,9.909999999999417,9.669999999999417,353,3.0,PRIMARY_CONTINUES,2026-07-06 02:28:00,True,2026-07-01 16:44:00,4095.94,UP,49.0300000000002,1.113087303842247,3,58.01999999999953,4.3400000000001455,76.2,1.3171797954094715,0.09852740972211901,1.1441892741923032,0.09852740972211901,0.7076265808844133,1.1441892741923032,0.09852740972211901,0.6703950251368782,1.1441892741923032,0.09852740972211901,0.7185236215909968,1.1441892741923032,0.09852740972211901,0.6833352609759513,1-2
FULL_2022_202608,2026-07-06 02:28:00,UP,4198.34,4155.36,42.98000000000047,43.64355126019522,0.9847961212817268,SAME_NEAREST,22.729999999999563,238.19000000000003,MULTI_CHILD_ERA4,AMBIGUOUS,2026-07-06 08:03:00,,,2026,,0.24,0.24,0.24,,,,,353,4.0,CHALLENGE_OPENS,2026-07-06 08:03:00,False,2026-07-01 16:44:00,4095.94,UP,102.40000000000009,2.346280195887571,4+,4.649999999999636,44.3100000000004,5.583333333333333,0.10654495030152679,1.0152702683572181,0.07675819000216871,0.6433940224660427,-0.5219556920148265,0.10654495030152679,0.8207398107098832,-0.7565837116035992,0.10654495030152679,1.0152702683572181,-0.9719649014604576,0.10654495030152679,1.0152702683572181,-0.9719649014604576,2-3
FULL_2022_202608,2026-07-07 04:27:00,DOWN,4128.33,4168.49,40.159999999999854,43.036732562529366,0.9331563436338988,OPPOSITE_NEAREST,168.17999999999984,74.65999999999985,MULTI_CHILD_ERA4,AMBIGUOUS,2026-07-07 15:09:00,,,2026,,0.24,0.24,0.24,,,,,354,1.0,CHALLENGE_OPENS,2026-07-07 15:09:00,False,2026-07-07 04:27:00,4128.33,DOWN,0.0,0.0,1,11.670000000000073,42.73000000000047,10.7,0.2711637084215066,0.9928727729949473,0.05948406971370304,0.4168532072906544,-0.34900419027344665,0.17310793725279883,0.4168532072906544,0.03880406110230788,0.2711637084215066,0.9928727729949473,-0.9552305101292184,0.2711637084215066,0.9928727729949473,-0.9552305101292184,<=0.5
FULL_2022_202608,2026-07-07 22:07:00,DOWN,4116.66,4180.39,63.73000000000047,42.89408921587943,1.4857524932924224,OPPOSITE_NEAREST,156.50999999999976,86.32999999999993,MULTI_CHILD_ERA4,CHALLENGE_OPENS,2026-07-09 09:00:00,4091.43,0.3958889063235498,2026,25.230000000000018,0.24,0.24,0.24,25.230000000000018,24.99000000000002,24.750000000000018,24.51000000000002,355,1.0,PRIMARY_CONTINUES,2026-07-08 11:17:00,True,2026-07-07 22:07:00,4116.66,DOWN,0.0,0.0,1,94.94000000000005,17.18000000000029,34.88333333333333,2.213358570738767,0.40052138450908614,0.5704748707181078,0.032638529587481355,0.05152225027736204,0.5704748707181078,0.032638529587481355,0.2613413690539461,0.5704748707181078,0.40052138450908614,-0.07623427982216906,2.213358570738767,0.40052138450908614,0.6590651653126697,<=0.5
FULL_2022_202608,2026-07-08 11:17:00,DOWN,4092.19,4133.84,41.65000000000009,42.864862256397934,0.971658318901596,OPPOSITE_NEAREST,132.03999999999996,88.20000000000027,MULTI_CHILD_ERA4,CHALLENGE_OPENS,2026-07-09 09:00:00,4091.43,0.018247298919573,2026,0.7600000000002183,0.24,0.24,0.24,0.7600000000002183,0.5200000000002183,0.2800000000002183,0.040000000000218305,355,2.0,CHALLENGE_OPENS,2026-07-09 09:00:00,False,2026-07-07 22:07:00,4116.66,DOWN,24.4699999999998,0.5708638430617481,2,70.47000000000025,14.669999999999618,21.716666666666665,1.6440038831451518,0.34223835626136884,0.9774906017281362,0.34223835626136884,0.8356494833866808,1.2086822929721854,0.34223835626136884,0.41945778088477015,1.6440038831451518,0.34223835626136884,0.36673394413285243,1.6440038831451518,0.34223835626136884,-0.15187264480310075,0.5-1
FULL_2022_202608,2026-07-09 17:04:00,UP,4133.84,4093.7,40.14000000000033,42.904586167420966,0.9355643204054516,SAME_NEAREST,46.55000000000018,79.66000000000031,MULTI_CHILD_ERA4,SL,2026-07-10 16:27:00,4093.7,-1.0,2026,-40.14000000000033,0.24,0.24,0.24,-40.14000000000033,-40.38000000000033,-40.620000000000324,-40.860000000000326,356,1.0,CHALLENGE_OPENS,2026-07-13 06:11:00,False,2026-07-09 17:04:00,4133.84,UP,0.0,0.0,1,4.199999999999818,45.26999999999998,23.383333333333333,0.09789163292732171,1.0551319577666771,0.05453962405951357,0.46055682539142434,-0.17270880952177883,0.09789163292732171,0.46055682539142434,-0.06549416393472027,0.09789163292732171,0.5887482494629226,-0.36616132221149866,0.09789163292732171,1.0551319577666771,-1.0462750957399272,<=0.5
FULL_2022_202608,2026-07-13 17:16:00,DOWN,4021.72,4080.7,58.98000000000002,42.12720875666376,1.4000452852379035,SAME_NEAREST,61.56999999999971,99.11000000000011,MULTI_CHILD_ERA4,SL,2026-07-14 15:30:00,4080.7,-1.0,2026,-58.98000000000002,0.24,0.34,0.34,-58.98000000000002,-59.32000000000002,-59.66000000000002,-60.00000000000002,357,1.0,PRIMARY_CONTINUES,2026-07-16 15:16:00,True,2026-07-13 17:16:00,4021.72,DOWN,0.0,0.0,1,38.25,69.0300000000002,22.233333333333334,0.9079642617895861,1.6386084442179165,0.512020630766042,0.3038416353178266,0.1751836928629237,0.8386503887327061,0.3038416353178266,0.701921652839681,0.9079642617895861,0.3038416353178266,0.09898590775587522,0.9079642617895861,1.6386084442179165,-1.5975423481944917,<=0.5
FULL_2022_202608,2026-07-16 15:16:00,DOWN,4017.34,4066.48,49.13999999999987,41.50859721927252,1.183851136679321,SAME_NEAREST,33.870000000000346,63.77999999999975,MULTI_CHILD_ERA4,CHALLENGE_OPENS,2026-07-17 18:04:00,4008.79,0.1739926739926781,2026,8.550000000000182,0.24,0.24,0.24,8.550000000000182,8.310000000000182,8.070000000000181,7.830000000000182,357,2.0,PRIMARY_CONTINUES,2026-07-16 16:02:00,True,2026-07-13 17:16:00,4021.72,DOWN,4.379999999999654,0.10552030888593876,2,57.82999999999993,12.230000000000018,26.8,1.393205356820619,0.2946377574600764,1.052071207545506,0.2946377574600764,0.5507292833636447,1.052071207545506,0.2946377574600764,0.6372173904185683,1.1600006559037355,0.2946377574600764,0.7538197408770047,1.1600006559037355,0.2946377574600764,0.6297490580544958,<=0.5
FULL_2022_202608,2026-07-16 16:02:00,DOWN,3983.47,4066.48,83.01000000000022,41.57277167916545,1.9967396121823024,SAME_NEAREST,23.31999999999971,97.65000000000008,MULTI_CHILD_ERA4,CHALLENGE_OPENS,2026-07-17 18:04:00,4008.79,-0.3050234911456462,2026,-25.320000000000164,0.24,0.24,0.24,-25.320000000000164,-25.560000000000162,-25.800000000000164,-26.040000000000163,357,3.0,PRIMARY_CONTINUES,2026-07-17 15:43:00,True,2026-07-13 17:16:00,4021.72,DOWN,38.25,0.920073366654293,3,23.95999999999958,33.30000000000018,26.033333333333335,0.5763387677133719,0.801005048616683,0.23573121550880577,0.5975064686978503,-0.2696476454952852,0.23573121550880577,0.801005048616683,-0.18353358921757792,0.34349405688426327,0.801005048616683,-0.11161151428173126,0.5763387677133719,0.801005048616683,0.3790942812672272,0.5-1
FULL_2022_202608,2026-07-17 15:43:00,DOWN,3969.19,4007.08,37.88999999999987,41.2862198298217,0.9177396273182492,SAME_NEAREST,9.039999999999964,111.92999999999984,MULTI_CHILD_ERA4,AMBIGUOUS,2026-07-17 18:04:00,,,2026,,0.26,0.24,0.24,,,,,357,4.0,PRIMARY_CONTINUES,2026-07-17 16:01:00,True,2026-07-13 17:16:00,4021.72,DOWN,52.529999999999745,1.2723373613889564,4+,9.679999999999836,44.429999999999836,2.35,0.23446079684456406,1.0761459921285246,0.23446079684456406,0.8334500020063585,-0.34830023332902,0.23446079684456406,1.0761459921285246,-1.0463539693889767,0.23446079684456406,1.0761459921285246,-1.0463539693889767,0.23446079684456406,1.0761459921285246,-1.0463539693889767,1-2
FULL_2022_202608,2026-07-17 16:01:00,DOWN,3960.15,4007.08,46.92999999999984,41.270074164100464,1.1371435828633127,SAME_NEAREST,17.86999999999989,48.63999999999987,MULTI_CHILD_ERA4,AMBIGUOUS,2026-07-17 18:04:00,,,2026,,0.26,0.24,0.24,,,,,357,5.0,CHALLENGE_OPENS,2026-07-17 18:04:00,False,2026-07-13 17:16:00,4021.72,DOWN,61.56999999999971,1.491880042550481,4+,0.6399999999998727,53.4699999999998,2.05,0.015507604795064519,1.295611919362909,0.015507604795064519,1.0528209817901322,-0.7615687792327691,0.015507604795064519,1.295611919362909,-1.265808241397388,0.015507604795064519,1.295611919362909,-1.265808241397388,0.015507604795064519,1.295611919362909,-1.265808241397388,1-2
FULL_2022_202608,2026-07-22 06:07:00,UP,4138.04,4076.67,61.36999999999989,40.36146459144971,1.5205097392080438,SAME_NEAREST,42.35000000000037,93.63999999999989,MULTI_CHILD_ERA4,SL,2026-07-23 14:40:00,4076.67,-1.0,2026,-61.36999999999989,0.26,0.26,0.26,-61.36999999999989,-61.62999999999989,-61.889999999999894,-62.14999999999989,358,7.0,PRIMARY_CONTINUES,2026-07-22 16:31:00,True,2026-07-20 05:48:00,4023.83,UP,114.21000000000004,2.829679278392554,4+,27.960000000000036,62.409999999999854,32.55,0.6927399756926353,1.546276891379729,0.08770742181516097,0.28517300143856844,-0.22001183777362912,0.08770742181516097,0.6466564150778974,-0.5606833208127465,0.6320385114420335,0.7772265034863329,0.43605949829007934,0.6927399756926353,0.7772265034863329,-0.28566852359570455,2-3
FULL_2022_202608,2026-07-22 16:31:00,UP,4141.58,4076.67,64.90999999999985,40.23710251516814,1.613187728304512,SAME_NEAREST,38.8100000000004,97.17999999999984,MULTI_CHILD_ERA4,SL,2026-07-23 14:40:00,4076.67,-1.0,2026,-64.90999999999985,0.24,0.26,0.24,-64.90999999999985,-65.14999999999985,-65.38999999999986,-65.62999999999985,358,8.0,CHALLENGE_OPENS,2026-07-23 16:10:00,False,2026-07-20 05:48:00,4023.83,UP,117.75,2.9264035588947266,4+,24.420000000000073,65.94999999999982,22.15,0.606902546991163,1.6390345198225622,0.5460134708188356,0.11606203498971199,0.22541384525838062,0.606902546991163,0.11606203498971199,0.10711506869501013,0.606902546991163,0.7018398004516895,-0.2599590762296301,0.606902546991163,1.6390345198225622,-1.6343125098336861,2-3
FULL_2022_202608,2026-07-20 05:48:00,UP,4023.83,3959.51,64.31999999999971,41.224739850181386,1.5602281599289876,SAME_NEAREST,57.28999999999997,64.31999999999971,MULTI_CHILD_ERA4,CHALLENGE_OPENS,2026-07-23 16:10:00,4044.4,0.3198072139303523,2026,20.570000000000164,0.24,0.24,0.24,20.570000000000164,20.330000000000165,20.090000000000163,19.850000000000165,358,1.0,PRIMARY_CONTINUES,2026-07-21 05:36:00,True,2026-07-20 05:48:00,4023.83,UP,0.0,0.0,1,142.17000000000007,25.639999999999873,82.36666666666666,3.4486572993952933,0.6219566234542789,0.11619236452207443,0.14433080770486992,0.06500950666371516,0.11619236452207443,0.5064919772903852,-0.41334402744387455,0.40727970779240924,0.6219566234542789,-0.30273083700114867,0.5169226070909015,0.6219566234542789,0.26367661844570894,<=0.5
FULL_2022_202608,2026-07-21 05:36:00,UP,4040.62,3999.69,40.92999999999984,40.74002991930909,1.0046629833376906,SAME_NEAREST,40.5,42.42999999999984,MULTI_CHILD_ERA4,CHALLENGE_OPENS,2026-07-23 16:10:00,4044.4,0.0923527974590817,2026,3.7800000000002,0.26,0.24,0.26,3.7800000000002,3.5200000000002003,3.2600000000002,3.0000000000002,358,2.0,PRIMARY_CONTINUES,2026-07-21 09:48:00,True,2026-07-20 05:48:00,4023.83,UP,16.789999999999964,0.41212537234888474,2,125.38000000000011,9.650000000000091,58.56666666666667,3.077562786486202,0.23686776909867685,0.2587136047979297,0.23686776909867685,0.07191943662789488,0.8681878749243622,0.23686776909867685,0.8235143682135312,1.0648003962176715,0.23686776909867685,0.5994104581750934,2.2032384408598014,0.23686776909867685,2.135000886653143,<=0.5
FULL_2022_202608,2026-07-21 09:48:00,UP,4081.12,3999.69,81.42999999999984,40.69919641975737,2.000776604042967,SAME_NEAREST,22.86999999999989,82.92999999999984,MULTI_CHILD_ERA4,CHALLENGE_OPENS,2026-07-23 16:10:00,4044.4,-0.4509394572025036,2026,-36.7199999999998,0.27,0.24,0.27,-36.7199999999998,-36.9899999999998,-37.2599999999998,-37.5299999999998,358,3.0,PRIMARY_CONTINUES,2026-07-21 21:25:00,True,2026-07-20 05:48:00,4023.83,UP,57.289999999999964,1.40764450013044,3,84.88000000000011,40.67000000000007,54.36666666666667,2.0855448624728923,0.999282629085445,0.07076306790671712,0.33071906042513155,-0.22850574011542535,0.07076306790671712,0.5412883284669795,-0.42752686860306865,0.14668594284829972,0.9022291158106042,-0.007125447810050213,1.4855330158472075,0.9022291158106042,0.9191827674965892,1-2
FULL_2022_202608,2026-07-21 21:25:00,UP,4084.0,4044.4,39.59999999999991,40.554557684309806,0.9764623820646624,SAME_NEAREST,19.98999999999978,85.80999999999995,MULTI_CHILD_ERA4,AMBIGUOUS,2026-07-23 16:10:00,,,2026,,0.24,0.24,0.24,,,,,358,4.0,PRIMARY_CONTINUES,2026-07-22 04:00:00,True,2026-07-20 05:48:00,4023.83,UP,60.17000000000007,1.483680341637145,4+,82.0,43.55000000000018,42.75,2.02196755882077,1.0738620388615232,0.0761936555702009,0.11687958815621961,0.008630349336427874,0.0761936555702009,0.18444289438999265,-0.06139877099345459,1.4198157565475584,0.18444289438999265,0.93602303088825,2.02196755882077,0.18444289438999265,1.2920865863683855,1-2
FULL_2022_202608,2026-07-22 04:00:00,UP,4103.99,4044.4,59.58999999999969,40.36146459144971,1.476408267221884,SAME_NEAREST,16.840000000000146,59.58999999999969,MULTI_CHILD_ERA4,AMBIGUOUS,2026-07-23 16:10:00,,,2026,,0.27,0.24,0.27,,,,,358,5.0,PRIMARY_CONTINUES,2026-07-22 04:14:00,True,2026-07-20 05:48:00,4023.83,UP,80.15999999999985,1.9860528058484077,4+,62.01000000000022,63.539999999999964,36.166666666666664,1.5363664482367816,1.5742738932585827,0.48362962537627063,0.18111334843751092,0.4315997988757419,0.9313338943593072,0.18111334843751092,0.5517639219840942,0.9313338943593072,0.18111334843751092,0.36148341363932895,1.5363664482367816,0.18111334843751092,0.829504091065441,1-2
FULL_2022_202608,2026-07-22 04:14:00,UP,4120.83,4044.4,76.42999999999984,40.36146459144971,1.893637923540341,SAME_NEAREST,17.210000000000036,76.42999999999984,MULTI_CHILD_ERA4,AMBIGUOUS,2026-07-23 16:10:00,,,2026,,0.24,0.24,0.24,,,,,358,6.0,PRIMARY_CONTINUES,2026-07-22 06:07:00,True,2026-07-20 05:48:00,4023.83,UP,97.0,2.403282462166865,4+,45.17000000000007,80.38000000000011,35.93333333333333,1.1191367919183244,1.99150354957704,0.06639996905781338,0.2276924312094075,0.023041780307380248,0.51410423804085,0.2276924312094075,0.1905282694233445,0.51410423804085,0.3508296872606439,0.11966860095119364,1.1191367919183244,0.3508296872606439,0.3347252171533492,2-3
FULL_2022_202608,2026-07-24 04:04:00,DOWN,4040.11,4051.12,11.009999999999764,39.65522423205594,0.2776431154586601,SAME_NEAREST,41.92000000000007,125.88999999999989,MULTI_CHILD_ERA4,SL,2026-07-24 10:31:00,4051.12,-1.0,2026,-11.009999999999764,0.24,0.24,0.24,-11.009999999999764,-11.249999999999764,-11.489999999999764,-11.729999999999764,359,1.0,PRIMARY_CONTINUES,2026-07-28 12:57:00,True,2026-07-24 04:04:00,4040.11,DOWN,0.0,0.0,1,18.140000000000327,11.299999999999727,6.45,0.45744288051047166,0.28495614938082203,0.002017388668181025,0.25999096461206467,-0.059512965711386104,0.42894726557238605,0.25999096461206467,0.29075614180185966,0.45744288051047166,0.28495614938082203,-0.2259475308364812,0.45744288051047166,0.28495614938082203,-0.2259475308364812,<=0.5
FULL_2022_202608,2026-07-29 04:04:00,DOWN,4011.4,4030.45,19.049999999999727,38.42025639494399,0.4958321934183307,SAME_NEAREST,13.210000000000036,104.54999999999971,MULTI_CHILD_ERA4,SL,2026-07-29 04:39:00,4030.45,-1.0,2026,-19.049999999999727,0.27,0.28,0.28,-19.049999999999727,-19.32999999999973,-19.609999999999726,-19.889999999999727,359,3.0,PRIMARY_CONTINUES,2026-07-29 17:10:00,True,2026-07-24 04:04:00,4040.11,DOWN,28.710000000000036,0.747262061576929,3,1.2000000000002728,19.11999999999989,0.5833333333333334,0.031233523994863028,0.4976541489847016,0.031233523994863028,0.4976541489847016,-0.4622561551238616,0.031233523994863028,0.4976541489847016,-0.4622561551238616,0.031233523994863028,0.4976541489847016,-0.4622561551238616,0.031233523994863028,0.4976541489847016,-0.4622561551238616,0.5-1
FULL_2022_202608,2026-07-28 12:57:00,DOWN,4021.97,4089.26,67.29000000000042,38.71770109334173,1.7379647577157482,SAME_NEAREST,23.779999999999745,93.98000000000002,MULTI_CHILD_ERA4,CHALLENGE_OPENS,2026-07-29 20:13:00,4047.73,-0.3828206271362767,2026,-25.76000000000022,0.24,0.24,0.24,-25.76000000000022,-26.000000000000217,-26.24000000000022,-26.480000000000217,359,2.0,PRIMARY_CONTINUES,2026-07-29 04:04:00,True,2026-07-24 04:04:00,4040.11,DOWN,18.140000000000327,0.4685195527561903,2,26.08999999999969,28.550000000000182,31.266666666666666,0.673851991808635,0.7373888220060131,0.1304312977628771,0.1787296199047857,-0.16271627245667203,0.1304312977628771,0.41479735486573693,-0.018596145423625702,0.2730017460106232,0.6472491726609759,-0.16710702901502844,0.30399532171666216,0.6653287584894899,-0.2828163783175479,<=0.5
FULL_2022_202608,2026-07-29 17:10:00,DOWN,3998.19,4047.73,49.53999999999997,38.21406325307299,1.2963813785495892,SAME_NEAREST,38.67999999999984,117.75999999999976,MULTI_CHILD_ERA4,AMBIGUOUS,2026-07-29 20:13:00,,,2026,,0.24,0.24,0.24,,,,,359,4.0,CHALLENGE_OPENS,2026-07-29 20:13:00,False,2026-07-24 04:04:00,4040.11,DOWN,41.92000000000007,1.0969783485829412,4+,2.3099999999999454,52.32999999999993,3.05,0.060448950029258826,1.3693911493641493,0.060448950029258826,0.3121887332679935,-0.21876762867732616,0.060448950029258826,1.3693911493641493,-1.2927178058205464,0.060448950029258826,1.3693911493641493,-1.2927178058205464,0.060448950029258826,1.3693911493641493,-1.2927178058205464,1-2
FULL_2022_202608,2026-07-29 22:02:00,UP,4115.95,3995.88,120.06999999999972,38.20720734611148,3.142600790272618,SAME_NEAREST,50.05000000000018,156.4399999999996,MULTI_CHILD_ERA4,CHALLENGE_OPENS,2026-07-31 16:39:00,4028.41,-0.7290747064212557,2026,-87.53999999999996,0.26,0.26,0.26,-87.53999999999996,-87.79999999999997,-88.05999999999996,-88.31999999999996,360,1.0,PRIMARY_CONTINUES,2026-07-30 17:00:00,True,2026-07-29 22:02:00,4115.95,UP,0.0,0.0,1,4.270000000000437,89.10999999999967,42.61666666666667,0.11175901869297479,2.3322824720678987,0.010207498194447846,1.9177010069399119,-1.7967814129442374,0.010207498194447846,1.9177010069399119,-0.6420254633579304,0.010207498194447846,2.291190748567215,-1.8506979418687222,0.11175901869297479,2.291190748567215,-0.3606649362035144,<=0.5
FULL_2022_202608,2026-07-30 17:00:00,UP,4116.34,4028.41,87.93000000000029,38.49835946260761,2.2839934279642296,SAME_NEAREST,49.659999999999854,120.46000000000004,MULTI_CHILD_ERA4,AMBIGUOUS,2026-07-31 16:39:00,,,2026,,0.24,0.26,0.24,,,,,360,2.0,CHALLENGE_OPENS,2026-07-31 16:39:00,False,2026-07-29 22:02:00,4115.95,UP,0.3900000000003274,0.010130301795823887,2,3.880000000000109,89.5,23.65,0.100783515301961,2.3247743864755814,0.100783515301961,0.7613311426547392,-0.44625278167208005,0.100783515301961,0.8636731659252859,-0.32780617605945905,0.100783515301961,0.8896482987350689,-0.8322432552254474,0.100783515301961,2.3247743864755814,-2.304773534212049,<=0.5
FULL_2022_202608,2026-08-03 16:38:00,DOWN,4020.81,4072.03,51.220000000000255,37.79949970431481,1.355044389493692,SAME_NEAREST,24.92999999999984,61.26000000000022,MULTI_CHILD_ERA4,SL,2026-08-04 11:03:00,4072.03,-1.0,2026,-51.220000000000255,0.24,0.24,0.24,-51.220000000000255,-51.46000000000026,-51.70000000000025,-51.94000000000025,361,1.0,CHALLENGE_OPENS,2026-08-04 14:52:00,False,2026-08-03 16:38:00,4020.81,DOWN,0.0,0.0,1,1.8299999999999272,52.039999999999964,18.416666666666668,0.04841333917948742,1.3767377983063516,0.04841333917948742,0.4492122946818196,-0.3396870355544536,0.04841333917948742,0.5309594083783382,-0.3984179716082551,0.04841333917948742,1.2833503189054856,-0.9013346807897321,0.04841333917948742,1.3767377983063516,-1.347107776513443,<=0.5
FULL_2022_202608,2026-08-05 05:37:00,UP,4120.22,4065.34,54.88000000000011,37.30932048578867,1.47094611441407,SAME_NEAREST,45.77999999999975,101.24000000000024,MULTI_CHILD_ERA4,CHALLENGE_OPENS,2026-08-13 17:30:00,4360.2,4.372813411078701,2026,239.97999999999956,0.24,0.24,0.24,239.97999999999956,239.73999999999955,239.49999999999957,239.25999999999956,362,1.0,PRIMARY_CONTINUES,2026-08-05 08:46:00,True,2026-08-05 05:37:00,4120.22,UP,0.0,0.0,1,329.5,7.470000000000255,203.88333333333333,8.83157333635997,0.2002180662294726,0.43554800217253264,0.2002180662294726,0.21951619309494574,1.5577876853087724,0.2002180662294726,1.4824713846253883,3.2739808286384435,0.2002180662294726,2.962530503392611,4.925846882416489,0.2002180662294726,4.408549870605414,<=0.5
FULL_2022_202608,2026-08-05 08:46:00,UP,4166.0,4065.34,100.65999999999984,37.45676870531207,2.6873647535358383,SAME_NEAREST,14.390000000000327,147.01999999999998,MULTI_CHILD_ERA4,CHALLENGE_OPENS,2026-08-13 17:30:00,4360.2,1.929266838863502,2026,194.19999999999982,0.33,0.24,0.33,194.19999999999982,193.8699999999998,193.53999999999982,193.2099999999998,362,2.0,PRIMARY_CONTINUES,2026-08-05 14:28:00,True,2026-08-05 05:37:00,4120.22,UP,45.779999999999745,1.2222090047374343,2,283.72000000000025,15.899999999999636,200.73333333333332,7.5745989258214745,0.4244893659966114,0.32944646392442556,0.1740673375030286,0.19035277858842484,0.3604154994310934,0.3067536361824581,-0.2069051941178499,2.646250689156292,0.4244893659966114,2.185719773216561,3.6842473275178436,0.4244893659966114,2.6553278202530786,1-2
FULL_2022_202608,2026-08-05 14:28:00,UP,4180.39,4065.34,115.05000000000018,37.497675545838106,3.068190183131756,SAME_NEAREST,22.59999999999945,161.4100000000003,MULTI_CHILD_ERA4,CHALLENGE_OPENS,2026-08-13 17:30:00,4360.2,1.562885701868746,2026,179.8099999999995,0.24,0.24,0.24,179.8099999999995,179.56999999999948,179.3299999999995,179.0899999999995,362,3.0,PRIMARY_CONTINUES,2026-08-05 15:16:00,True,2026-08-05 05:37:00,4120.22,UP,60.17000000000007,1.6046327972102363,3,269.3299999999999,6.520000000000437,195.03333333333333,7.1825785486560125,0.1738774445373347,0.8795211841780427,0.1738774445373347,0.6723083399978406,2.2596067293937585,0.1738774445373347,2.0971966623335865,2.324410746299548,0.1738774445373347,2.195069395685118,3.2964709998862647,0.1738774445373347,2.216670734653723,1-2
FULL_2022_202608,2026-08-05 15:16:00,UP,4202.99,4065.34,137.64999999999964,37.497675545838106,3.670894208675223,SAME_NEAREST,18.079999999999927,184.00999999999976,MULTI_CHILD_ERA4,CHALLENGE_OPENS,2026-08-13 17:30:00,4360.2,1.1420995277878712,2026,157.21000000000004,0.24,0.24,0.24,157.21000000000004,156.97000000000003,156.73000000000005,156.49000000000004,362,4.0,PRIMARY_CONTINUES,2026-08-05 17:07:00,True,2026-08-05 05:37:00,4120.22,UP,82.76999999999953,2.2073368227537036,4+,246.73000000000047,19.829999999999927,194.23333333333332,6.5798745231125455,0.5288327799348318,0.2768171586345755,0.5288327799348318,-0.4034916772775639,1.6569027038502915,0.5288327799348318,0.8651202915323387,2.101996959882195,0.5288327799348318,1.880116539859091,2.693766974342797,0.5288327799348318,1.367551434950006,2-3
FULL_2022_202608,2026-08-05 17:07:00,UP,4221.07,4150.1,70.96999999999935,37.640855126139,1.885451320438136,SAME_NEAREST,161.1300000000001,202.0899999999997,MULTI_CHILD_ERA4,CHALLENGE_OPENS,2026-08-13 17:30:00,4360.2,1.960405805269852,2026,139.1300000000001,0.24,0.24,0.24,139.1300000000001,138.8900000000001,138.65000000000012,138.4100000000001,362,5.0,PRIMARY_CONTINUES,2026-08-07 11:33:00,True,2026-08-05 05:37:00,4120.22,UP,100.84999999999945,2.6792696303534833,4+,228.65000000000055,2.149999999999636,192.38333333333333,6.074516618545649,0.0571187873600302,1.022027790577092,0.0571187873600302,0.8594384981847955,1.170270968934775,0.0571187873600302,0.9173542918800994,2.2031911794270336,0.0571187873600302,2.1922987595118673,2.2031911794270336,0.0571187873600302,1.2985889889110487,2-3
FULL_2022_202608,2026-08-07 11:33:00,UP,4304.0,4229.63,74.36999999999989,37.84726190129505,1.965003444475203,SAME_NEAREST,78.19999999999982,80.67000000000007,MULTI_CHILD_ERA4,CHALLENGE_OPENS,2026-08-13 17:30:00,4360.2,0.7556810541885155,2026,56.19999999999982,0.27,0.24,0.27,56.19999999999982,55.929999999999815,55.65999999999982,55.389999999999816,362,6.0,PRIMARY_CONTINUES,2026-08-10 21:31:00,True,2026-08-05 05:37:00,4120.22,UP,183.77999999999975,4.855833441248525,4+,145.72000000000025,4.819999999999709,149.95,3.850212477194131,0.12735399492227942,0.3347666215073417,0.12735399492227942,0.0013210995323936765,1.5332681172905163,0.12735399492227942,1.376849932655672,1.7911467460128296,0.12735399492227942,0.8597715756786759,1.7911467460128296,0.12735399492227942,1.0040356446155416,4-6
FULL_2022_202608,2026-08-10 21:31:00,UP,4371.79,4316.66,55.13000000000011,37.839315031997046,1.4569502633274942,SAME_NEAREST,10.409999999999854,58.39999999999964,MULTI_CHILD_ERA4,CHALLENGE_OPENS,2026-08-13 17:30:00,4360.2,-0.2102303645927829,2026,-11.590000000000146,0.24,0.24,0.24,-11.590000000000146,-11.830000000000146,-12.070000000000146,-12.310000000000146,362,7.0,PRIMARY_CONTINUES,2026-08-10 21:40:00,True,2026-08-05 05:37:00,4120.22,UP,251.5699999999997,6.648376160807121,4+,77.93000000000029,15.180000000000291,67.98333333333333,2.059498168349571,0.40117005255417637,0.5880127581903988,0.13874458339324017,0.45349658114818686,0.6173473272506752,0.13874458339324017,0.5565639859546082,1.6723347118331813,0.2642753969395051,-0.2494759747108822,1.6723347118331813,0.40117005255417637,-0.19477096754441234,>6
FULL_2022_202608,2026-08-10 21:40:00,UP,4382.2,4316.66,65.53999999999996,37.839315031997046,1.7320609515415153,OPPOSITE_NEAREST,93.61999999999988,68.80999999999949,MULTI_CHILD_ERA4,CHALLENGE_OPENS,2026-08-13 17:30:00,4360.2,-0.3356728715288375,2026,-22.0,0.27,0.24,0.27,-22.0,-22.27,-22.54,-22.81,362,8.0,PRIMARY_CONTINUES,2026-08-12 15:43:00,True,2026-08-05 05:37:00,4120.22,UP,261.97999999999956,6.923486849021142,4+,67.52000000000044,25.590000000000146,67.83333333333333,1.7843874801355497,0.6762807407681973,0.3129020699763778,0.232298073909824,0.18261429928519415,0.34223663903665424,0.232298073909824,0.3113164175947302,1.3972240236191604,0.5927697153352935,-0.3625858446010077,1.3972240236191604,0.6762807407681973,-0.3390653342733831,>6
FULL_2022_202608,2026-08-12 15:43:00,UP,4435.07,4362.38,72.6899999999996,37.66266483965149,1.9300280611973883,SAME_NEAREST,40.75,74.86999999999989,MULTI_CHILD_ERA4,AMBIGUOUS,2026-08-13 17:30:00,,,2026,,0.24,0.24,0.24,,,,,362,9.0,CHALLENGE_OPENS,2026-08-13 17:30:00,False,2026-08-05 05:37:00,4120.22,UP,314.84999999999945,8.359737722767917,4+,14.650000000000546,77.51999999999953,25.783333333333335,0.38897937950946404,2.058271774714836,0.1598399907608912,0.7065352415526502,-0.4487202398436557,0.1598399907608912,0.7065352415526502,-0.6425461422613384,0.38897937950946404,1.030728976966329,0.1354126167575655,0.38897937950946404,1.8886077313656786,-1.1650795339846205,>6
FULL_2022_202608,2026-08-13 19:10:00,DOWN,4356.61,4402.01,45.40000000000055,37.808379664748,1.2007920043802054,SAME_NEAREST,39.94999999999982,93.11000000000058,MULTI_CHILD_ERA4,SL,2026-08-17 03:58:00,4402.01,-1.0,2026,-45.400000000000546,0.24,0.24,0.24,-45.400000000000546,-45.64000000000055,-45.88000000000054,-46.120000000000545,363,1.0,PRIMARY_CONTINUES,2026-08-14 04:24:00,True,2026-08-13 19:10:00,4356.61,DOWN,0.0,0.0,1,45.63999999999942,45.43000000000029,80.8,1.2071398035222733,1.2015854792729608,0.1438834472208757,0.4340307663409658,-0.4218641513186105,0.34119420388775384,0.4411720403758135,0.17615142619321356,1.2071398035222733,0.4411720403758135,0.8593333088615008,1.2071398035222733,1.0693396638125874,-0.8545724595049438,<=0.5
FULL_2022_202608,2026-08-14 04:24:00,DOWN,4316.66,4402.01,85.35000000000036,37.81796955727642,2.2568636285651267,SAME_NEAREST,3.269999999999527,133.0600000000004,MULTI_CHILD_ERA4,SL,2026-08-17 03:58:00,4402.01,-1.0,2026,-85.35000000000036,0.28,0.24,0.24,-85.35000000000036,-85.59000000000036,-85.83000000000037,-86.07000000000036,363,2.0,PRIMARY_CONTINUES,2026-08-14 04:32:00,True,2026-08-13 19:10:00,4356.61,DOWN,39.94999999999982,1.0563761213963212,2,5.6899999999996,85.38000000000011,71.56666666666666,0.1504575752376639,2.257656902248271,0.1504575752376639,0.17399136117115765,0.010048133319917878,0.1504575752376639,0.30567479257426666,-0.044952175378562255,0.1504575752376639,1.8573181168179653,-1.8163323098551734,0.1504575752376639,2.125444621723074,-1.5527010224879234,1-2
FULL_2022_202608,2026-08-14 04:32:00,DOWN,4313.39,4402.01,88.61999999999989,37.81796955727642,2.3433304600285934,SAME_NEAREST,90.0600000000004,136.32999999999993,MULTI_CHILD_ERA4,SL,2026-08-17 03:58:00,4402.01,-1.0,2026,-88.61999999999989,0.29,0.24,0.24,-88.61999999999989,-88.85999999999989,-89.0999999999999,-89.33999999999989,363,3.0,CHALLENGE_OPENS,2026-08-17 17:16:00,False,2026-08-13 19:10:00,4356.61,DOWN,43.219999999999345,1.1428429528597879,3,2.4200000000000728,88.64999999999964,71.43333333333334,0.0639907437741974,2.3441237337117378,0.0639907437741974,0.26045819263462416,-0.18747701378470952,0.0639907437741974,0.3921416240377331,-0.0592311016752826,0.0639907437741974,2.037920092015383,-2.0223190429134057,0.0639907437741974,2.2119114531865405,-1.6391678539513899,1-2
FULL_2022_202608,2026-08-18 16:30:00,DOWN,4377.31,4403.56,26.25,37.17468922295135,0.7061256071992517,SAME_NEAREST,10.180000000000293,58.80999999999949,MULTI_CHILD_ERA4,SL,2026-08-18 16:41:00,4403.56,-1.0,2026,-26.25,0.24,0.24,0.24,-26.25,-26.49,-26.73,-26.97,364,1.0,PRIMARY_CONTINUES,2026-08-18 17:59:00,True,2026-08-18 16:30:00,4377.31,DOWN,0.0,0.0,1,0.8600000000005821,29.329999999999927,0.18333333333333332,0.023134019893019712,0.7889776784439619,0.023134019893019712,0.7889776784439619,-0.696441598871932,0.023134019893019712,0.7889776784439619,-0.696441598871932,0.023134019893019712,0.7889776784439619,-0.696441598871932,0.023134019893019712,0.7889776784439619,-0.696441598871932,<=0.5
FULL_2022_202608,2026-08-18 17:59:00,DOWN,4367.13,4436.12,68.98999999999978,37.17468922295135,1.8558325958352848,SAME_NEAREST,56.159999999999854,68.98999999999978,MULTI_CHILD_ERA4,CHALLENGE_OPENS,2026-08-19 15:37:00,4406.64,-0.5726916944484758,2026,-39.51000000000022,0.24,0.24,0.24,-39.51000000000022,-39.75000000000022,-39.990000000000215,-40.23000000000022,364,2.0,CHALLENGE_OPENS,2026-08-19 15:37:00,False,2026-08-18 16:30:00,4377.31,DOWN,10.180000000000291,0.27384223547766046,2,42.539999999999964,41.26000000000022,21.633333333333333,1.1443269840097579,1.1098949544015726,0.42179236270036086,0.278415239409976,0.0626770538961602,0.42179236270036086,0.278415239409976,0.3475482988576908,1.1443269840097579,0.278415239409976,0.33006328382229055,1.1443269840097579,1.1098949544015726,-1.0606679120711124,<=0.5
FULL_2022_202608,2026-08-19 15:56:00,UP,4436.12,4335.05,101.06999999999972,37.14048749259384,2.721288998162827,SAME_NEAREST,13.600000000000364,125.14999999999964,MULTI_CHILD_ERA4,CHALLENGE_OPENS,2026-08-25 16:23:00,4618.24,1.801919461759181,2026,182.1199999999999,0.24,0.24,0.24,182.1199999999999,181.87999999999988,181.6399999999999,181.3999999999999,365,1.0,PRIMARY_CONTINUES,2026-08-19 16:12:00,True,2026-08-19 15:56:00,4436.12,UP,0.0,0.0,1,260.53999999999996,11.80999999999949,144.45,7.014986005554022,0.3179818251538705,0.8093593280377551,0.3179818251538705,0.5131865865735107,1.697608304483697,0.3179818251538705,1.562715083144067,2.4698114158650255,0.3179818251538705,1.883120139819037,2.4698114158650255,0.3179818251538705,1.0147955114352294,<=0.5
FULL_2022_202608,2026-08-19 16:12:00,UP,4449.72,4335.05,114.67000000000009,37.42820700652387,3.0637321200027743,SAME_NEAREST,26.09999999999945,125.13000000000012,MULTI_CHILD_ERA4,CHALLENGE_OPENS,2026-08-25 16:23:00,4618.24,1.4696084416150643,2026,168.51999999999953,0.24,0.24,0.24,168.51999999999953,168.27999999999952,168.03999999999954,167.79999999999953,365,2.0,PRIMARY_CONTINUES,2026-08-19 17:16:00,True,2026-08-19 15:56:00,4436.12,UP,13.600000000000364,0.3633623164911382,2,246.9399999999996,7.539999999999964,144.18333333333334,6.597697826052877,0.2014523431134629,0.6604644458573867,0.2014523431134629,0.6406932609894929,1.321196069888694,0.2014523431134629,1.1301636755569708,2.087463072606758,0.2014523431134629,1.213523265810815,2.087463072606758,0.2014523431134629,0.6350825193377907,<=0.5
FULL_2022_202608,2026-08-19 17:16:00,UP,4475.82,4335.05,140.76999999999953,37.42820700652387,3.761067153857058,SAME_NEAREST,39.5,151.22999999999956,MULTI_CHILD_ERA4,CHALLENGE_OPENS,2026-08-25 16:23:00,4618.24,1.0117212474248811,2026,142.42000000000007,0.24,0.24,0.24,142.42000000000007,142.18000000000006,141.94000000000008,141.70000000000007,365,3.0,PRIMARY_CONTINUES,2026-08-19 23:24:00,True,2026-08-19 15:56:00,4436.12,UP,39.69999999999982,1.0606973503454218,3,220.84000000000015,25.269999999999527,143.11666666666667,5.900362792198593,0.675159245421371,0.6102349491659873,0.1480167083353558,0.24179624737093963,0.6238610360344105,0.1480167083353558,0.2313762985892,1.3901280387524746,0.1480167083353558,0.5268753589121431,1.3901280387524746,0.675159245421371,0.3123312852780498,1-2
FULL_2022_202608,2026-08-20 18:01:00,UP,4527.85,4450.55,77.30000000000018,37.51690043872865,2.060404753485538,SAME_NEAREST,13.55999999999949,203.26000000000025,MULTI_CHILD_ERA4,CHALLENGE_OPENS,2026-08-25 16:23:00,4618.24,1.1693402328589806,2026,90.38999999999942,0.24,0.24,0.24,90.38999999999942,90.14999999999942,89.90999999999941,89.66999999999942,365,5.0,PRIMARY_CONTINUES,2026-08-21 04:35:00,True,2026-08-19 15:56:00,4436.12,UP,91.73000000000047,2.445031410572173,4+,168.8099999999995,25.110000000000582,118.36666666666666,4.499572140179714,0.6692983617079294,0.34864287419910256,0.4792506787538275,-0.09888876630571027,0.34864287419910256,0.6692983617079294,-0.17885272827798193,0.4190111607346861,0.6692983617079294,0.16925705284129383,2.0417464956919886,0.6692983617079294,1.6184705903187613,2-3
FULL_2022_202608,2026-08-21 04:35:00,UP,4541.41,4450.55,90.85999999999969,37.551256115459104,2.419626116384278,SAME_NEAREST,53.75,90.85999999999969,MULTI_CHILD_ERA4,CHALLENGE_OPENS,2026-08-25 16:23:00,4618.24,0.8455866167730597,2026,76.82999999999993,0.24,0.24,0.24,76.82999999999993,76.58999999999993,76.34999999999992,76.10999999999993,365,6.0,PRIMARY_CONTINUES,2026-08-21 12:09:00,True,2026-08-19 15:56:00,4436.12,UP,105.28999999999996,2.803900878209349,4+,155.25,23.279999999999745,107.8,4.134349048741586,0.6199526303040455,0.057521378069444275,0.6199526303040455,-0.36323685040149967,0.17149892350336823,0.6199526303040455,-0.02476614889102015,1.6787720710638931,0.6199526303040455,1.0492325444149484,2.4177619976505533,0.6199526303040455,1.668119964014005,2-3
FULL_2022_202608,2026-08-21 12:09:00,UP,4595.16,4508.74,86.42000000000007,37.66074960479708,2.294696757416433,SAME_NEAREST,123.56999999999972,144.60999999999967,MULTI_CHILD_ERA4,CHALLENGE_OPENS,2026-08-25 16:23:00,4618.24,0.2670678083776893,2026,23.079999999999927,0.26,0.24,0.26,23.079999999999927,22.819999999999926,22.559999999999928,22.299999999999926,365,7.0,CHALLENGE_OPENS,2026-08-25 16:23:00,False,2026-08-19 15:56:00,4436.12,UP,159.03999999999996,4.222964270996402,4+,101.5,31.720000000000255,100.23333333333333,2.695113641260909,0.8422562039487361,0.18188697973042567,0.3943097297805224,-0.31810306820004447,0.24667591849570192,0.8422562039487361,-0.38050225102727714,0.9835173327320588,0.8422562039487361,0.23605478099320554,0.9835173327320588,0.8422562039487361,0.23605478099320554,4-6
FULL_2022_202608,2026-08-26 16:16:00,DOWN,4605.27,4670.69,65.41999999999916,37.83958419431191,1.7288773487588474,OPPOSITE_NEAREST,154.72000000000023,68.39999999999964,MULTI_CHILD_ERA4,CHALLENGE_OPENS,2026-08-28 16:57:00,4618.01,-0.1947416692143067,2026,-12.739999999999782,0.24,0.24,0.24,-12.739999999999782,-12.979999999999782,-13.219999999999782,-13.459999999999782,366,1.0,PRIMARY_CONTINUES,2026-08-27 12:37:00,True,2026-08-26 16:16:00,4605.27,DOWN,0.0,0.0,1,40.25,37.719999999999345,48.68333333333333,1.0637009062602338,0.9968397064381447,0.19503385560746936,0.7463084122431993,-0.4360513031874251,0.5861586608907403,0.7463084122431993,0.2642735170832879,0.5861586608907403,0.7463084122431993,-0.3895391641807606,0.9601056875636071,0.9968397064381447,0.5158619053465895,<=0.5
FULL_2022_202608,2026-08-27 12:37:00,DOWN,4583.09,4642.99,59.89999999999964,37.74621600381988,1.5869140364675975,OPPOSITE_NEAREST,132.53999999999996,90.57999999999991,MULTI_CHILD_ERA4,CHALLENGE_OPENS,2026-08-28 16:57:00,4618.01,-0.5829716193656141,2026,-34.92000000000007,0.24,0.24,0.24,-34.92000000000007,-35.160000000000075,-35.40000000000007,-35.64000000000007,366,2.0,CHALLENGE_OPENS,2026-08-28 16:57:00,False,2026-08-26 16:16:00,4605.27,DOWN,22.18000000000029,0.5876085697638062,2,18.06999999999971,35.55999999999949,28.333333333333332,0.4787234831213556,0.9420811875924424,0.37487201362299677,0.18756847042054328,0.10862015942433667,0.37487201362299677,0.4766040653764926,0.11232914047783486,0.4787234831213556,0.9251258456335385,-0.4903802807181261,0.4787234831213556,0.9251258456335385,-0.5099848948581208,0.5-1
FULL_2022_202608,2026-08-28 17:05:00,DOWN,4565.02,4642.99,77.96999999999935,37.494234976398026,2.07951969280291,OPPOSITE_NEAREST,114.47000000000024,77.96999999999935,MULTI_CHILD_ERA4,OPEN_CENSORED,,,,2026,,0.24,,,,,,,367,1.0,PRIMARY_CONTINUES,2026-08-28 21:42:00,True,2026-08-28 17:05:00,4565.02,DOWN,0.0,0.0,1,119.60000000000036,17.649999999999636,6.866666666666666,3.1898237175738218,0.47073903524395166,0.9393444091383819,0.47073903524395166,-0.3424526466023855,2.810565412691711,0.47073903524395166,2.719351389998545,3.1898237175738218,0.47073903524395166,2.9020461430535764,3.1898237175738218,0.47073903524395166,2.9020461430535764,<=0.5
