symbol,dt,decision_time,SIDE,OPEN,HIGH,LOW,CLOSE,M1_COUNT,BB20_MID,BB20_UP,BB20_LO,BB4_MID_OPEN,BB4_UP_OPEN,BB4_LO_OPEN,CLOSE_OUT_BOTH,TR,PRE_ATR20,TR_PREATR,BODY,BODY_RANGE,CLOSE_LOC,UP_WICK,LO_WICK,MA20_DIST_ATR,MA20_SLOPE_6_ATR,BB20_WIDTH,BB4_WIDTH,BB20_WIDTH_CHG,BB4_WIDTH_CHG,BB_WIDTH_RATIO,DISP_6H_ATR,DISP_12H_ATR,DISP_24H_ATR,DISP_48H_ATR,DB_PREV1,DB_COUNT_PREV6,DB_COUNT_PREV24,SAME_SIDE_PREV6
BTCUSD#,2025-01-01 21:00:00,2025-01-01 22:00:00,UPPER,94303.56,94791.28,94117.59,94596.32,60,93869.67749999999,94614.81120884267,93124.54379115731,94220.81749999999,94778.43297463641,93663.20202536357,False,673.6900000000023,490.65799999999945,1.3730337628246214,292.7600000000093,0.434561890483766,0.7106087369561799,194.95999999999185,185.97000000000116,1.480955166327701,0.3300720664902744,1490.2674176853616,1115.2309492728382,0.09908716141299267,0.051242076489474986,0.7483428383645274,1.2132890934215133,1.921847804376984,0.937903794496376,0.4280782133380244,False,0,0,0
BTCUSD#,2025-01-02 02:00:00,2025-01-02 03:00:00,UPPER,94561.03,95350.94,94361.25,95097.84,60,94109.0955,95193.32193926365,93024.86906073634,94758.46250000001,95311.60416498988,94205.32083501013,False,989.6900000000023,442.0929999999993,2.2386466196026715,536.8099999999977,0.5424021663349093,0.7442633551920246,253.10000000000582,199.77999999999884,2.2365079293270926,0.66043004526197,2168.452878527314,1106.2833299797494,0.07150090546183452,0.09761844327388958,0.5101717177876016,1.7836292363823905,2.9582915811831416,1.6454908808779896,6.058906157754127,False,1,1,1
BTCUSD#,2025-01-02 06:00:00,2025-01-02 07:00:00,UPPER,95000.27,95969.24,94954.09,95677.31,60,94416.762,95677.01701279871,93156.5069872013,95033.505,95580.21570379546,94486.79429620455,True,1015.1500000000087,518.9080000000001,1.9563198100626864,677.0399999999936,0.6669359207998697,0.7124267349652711,291.93000000000757,46.18000000000757,2.4292321567599555,0.8172710769539069,2520.5100255974103,1093.4214075909113,0.055290829466331015,-0.4517721852894847,0.43380958476122267,1.7442012842353587,3.1172577797991012,4.151333184302425,6.282558758007184,False,1,2,1
BTCUSD#,2025-01-02 10:00:00,2025-01-02 11:00:00,UPPER,95801.39,96180.78,95609.3,96119.25,60,94873.7015,96091.76627612345,93655.63672387654,95649.345,96055.1792361572,95243.5107638428,True,571.4799999999959,534.692500000001,1.0688012268733802,317.8600000000006,0.556204941555265,0.892332190102892,61.529999999998836,192.0899999999965,2.329466936603753,1.1917709711656401,2436.1295522469154,811.668472314399,0.046781478470037996,-0.6157725217988128,0.33317951894872455,1.7124609004240712,2.55056878486233,5.089916166768728,4.145616405691122,False,1,3,1
BTCUSD#,2025-01-02 11:00:00,2025-01-02 12:00:00,UPPER,96091.65,96769.1,96006.11,96724.76,60,95009.889,96403.61030695419,93616.1676930458,95752.2,96632.060403721,94872.339596279,True,762.9900000000052,535.0310000000012,1.426066900796409,633.1100000000006,0.8297749642852412,0.9418865253803972,44.34000000001106,85.5399999999936,3.2051806343931384,1.3216187473249252,2787.4426139083807,1759.720807442005,0.14420951518667757,1.1680290259695818,0.6313029723595395,3.2618296883731768,3.3213776398002914,6.247208105698529,5.1055733219196515,True,2,4,2
BTCUSD#,2025-01-02 16:00:00,2025-01-02 17:00:00,UPPER,96427.9,97405.62,95902.82,97230.45,60,95651.24549999999,97326.2824591633,93976.20854083668,96668.8,97255.98621682181,96081.6137831782,False,1502.7999999999884,506.3270000000004,2.9680423915769594,802.5500000000029,0.534036465264845,0.8834375831780679,175.16999999999825,525.0799999999872,3.118941909082482,1.5356558113630001,3350.0739183266123,1174.3724336436135,0.04246906728463484,2.0503019569795016,0.3505512004434283,2.1946291625767462,4.00302571263234,6.093512690415473,3.124522294880576,False,2,5,2
BTCUSD#,2025-01-03 17:00:00,2025-01-03 18:00:00,UPPER,96990.3,97629.24,96728.37,97490.6,60,96785.0875,97447.69859596986,96122.47640403012,96706.76250000001,97455.03648827251,95958.48851172751,True,900.8700000000099,402.5835000000014,2.237722112307153,500.3000000000029,0.5553520485752632,0.8461043213782256,138.63999999999942,261.93000000000757,1.7524625326174799,-0.1721468962339348,1325.2221919397416,1496.547976545,0.06175065991022266,0.6674290948605996,1.1292807995876428,2.402085530082591,1.1402603435063816,2.6487672743666897,7.671501688469602,False,0,0,0
BTCUSD#,2025-01-04 17:00:00,2025-01-04 18:00:00,LOWER,98004.3,98121.26,97484.04,97627.19,60,98014.50600000001,98410.57037720102,97618.441622799,97917.1575,98158.31822961867,97675.99677038133,False,637.2200000000012,309.6654999999999,2.0577687859965073,-377.1100000000006,0.5918050280907691,0.22464768839648547,116.95999999999185,143.15000000000873,-1.2507560577462014,-0.05145552216825521,792.128754402016,482.3214592373406,-0.06104582230777433,-0.07524356013449818,0.6088927545641853,-0.10469361294686771,-1.7504694581734093,0.4410888523261279,3.8846432683008043,False,0,1,0
BTCUSD#,2025-01-04 22:00:00,2025-01-04 23:00:00,UPPER,98150.02,98640.26,98150.02,98568.26,60,97986.6515,98434.45373050196,97538.84926949805,97935.04000000001,98619.16288224411,97250.9171177559,False,504.75999999999476,321.0255000000005,1.5723361539815186,418.2399999999907,0.8531331592689267,0.8531331592689267,72.0,0.0,1.8117205642542,-0.232249463048854,895.6044610039098,1368.2457644882088,0.24404099535591617,0.08470635649906644,1.5277344230225263,1.756776330852223,2.1585201175607134,0.8955674860719773,4.026346816685889,False,1,1,0
BTCUSD#,2025-01-05 16:00:00,2025-01-05 17:00:00,LOWER,97659.2,97936.32,97246.04,97824.3,60,98077.341,98659.59388879307,97495.08811120693,97676.9675,97867.01462655872,97486.92037344127,False,690.2800000000134,286.76699999999835,2.4071109995223208,165.10000000000582,0.2391783044561665,0.837718027467112,112.02000000000407,413.1600000000035,-0.8823923254767769,-0.17472547399104799,1164.505777586135,380.09425311745144,0.012967791884542557,-0.11156921016049093,0.3263996284375128,-0.020888038023868582,-1.2987198666513062,-0.6276524146780896,2.925894541561643,False,0,2,0
BTCUSD#,2025-01-05 22:00:00,2025-01-05 23:00:00,UPPER,98049.24,98647.24,97993.25,98244.95,60,97981.87049999999,98492.32756394416,97471.41343605582,97910.82500000001,98448.40467075609,97373.24532924393,False,653.9900000000052,316.3789999999979,2.067109384630489,195.70999999999185,0.2992553402957083,0.3848682701570285,402.29000000000815,55.99000000000524,0.8315327502773852,-0.30175991453292095,1020.9141278883326,1075.1593415121606,0.011350772915335705,0.09661375705067354,1.053133963123842,1.3295762360965708,1.3106432474974832,-1.0219072694458222,-0.11318703200907111,False,1,2,0
BTCUSD#,2025-01-06 16:00:00,2025-01-06 17:00:00,UPPER,99465.75,101264.47,98681.19,100706.28,60,98974.013,100172.15575076026,97775.87024923976,99139.79750000002,100191.45051496928,98088.14448503075,True,2583.279999999999,500.0234999999986,5.166317183092407,1240.5299999999988,0.4802150754080082,0.7839219906475479,558.1900000000023,784.5599999999977,3.464371174554791,0.9155019714073883,2396.2855015204987,2103.3060299385397,0.20308714220152768,0.4169783225679007,0.8777359912263974,3.386940813781768,3.8431193733894498,5.763689106611998,5.403726024876857,False,0,2,0
BTCUSD#,2025-01-06 17:00:00,2025-01-06 18:00:00,UPPER,100715.28,102438.16,100451.24,102117.2,60,99177.42899999999,100930.9353344146,97423.92266558539,99634.3175,102178.60817142246,97090.02682857755,False,1986.9199999999983,611.6619999999988,3.2483953556048966,1401.9199999999983,0.7055744569484426,0.8384635516276414,320.9600000000064,264.0399999999936,4.806201791185351,0.9738818170819551,3507.0126688292075,5088.581342844904,0.4635203804404471,1.4193252291458491,1.4509731852618861,5.1465678757222095,5.0851450637770625,6.734062276224466,7.340671808940238,True,1,2,1
BTCUSD#,2025-01-07 12:00:00,2025-01-07 13:00:00,LOWER,101690.68,101690.68,101348.7,101376.03,60,101817.2845,102240.50861635638,101394.0603836436,101747.21,102115.82585039179,101378.59414960822,True,343.7299999999959,637.7120000000025,0.5390050681185152,-314.6499999999942,0.9200830457921455,0.07991695420785447,0.0,27.330000000001746,-0.6919338196552578,1.085854586396331,846.4482327127771,737.2317007835663,-0.31573912441093455,0.03285447291812327,0.870970807536353,-0.40806821888249695,-0.9490177384148247,4.137965100233321,5.753851268284098,False,0,2,0
BTCUSD#,2025-01-07 13:00:00,2025-01-07 14:00:00,LOWER,101375.77,101422.24,100443.05,100800.1,60,101751.4295,102343.6407195369,101159.2182804631,101643.71,102357.2272914243,100930.19270857572,True,979.1900000000023,525.7345000000023,1.8625180580692309,-575.6699999999983,0.5879042882382346,0.364638119261841,46.470000000001164,357.0500000000029,-1.8095245794217203,0.9309527908097941,1184.4224390737945,1427.0345828485733,0.3992851462136624,0.9356663330291553,1.2048358218918065,-1.735876188456334,-2.6719760639638332,2.9879340237324996,6.066236855294823,True,1,3,1
BTCUSD#,2025-01-07 17:00:00,2025-01-07 18:00:00,LOWER,99911.39,100104.26,97127.12,97921.5,60,101340.07800000001,103264.3888809516,99415.76711904841,100512.805,101931.00139767454,99094.60860232545,True,2977.1399999999994,458.30850000000135,6.495930143124098,-1989.8899999999994,0.6683897969191909,0.26682655165696095,192.86999999999534,794.3800000000047,-7.459119785035623,-0.9681666388469371,3848.621761903196,2836.392795349093,0.716964493818844,0.19906304769624938,0.7369892316844506,-8.227929440540557,-8.194982200853772,-9.154750566485205,-0.16741998020982743,False,2,3,2
BTCUSD#,2025-01-08 13:00:00,2025-01-08 14:00:00,LOWER,95930.27,96021.24,94513.11,95104.16,60,96425.702,97807.08101353992,95044.32298646009,95717.745,96582.99740019538,94852.49259980461,False,1508.1300000000047,825.8680000000007,1.82611506923625,-826.1100000000006,0.547771080742375,0.3919091855476657,90.97000000000116,591.0500000000029,-1.6001855017993192,-1.7037298938813414,2762.7580270798353,1730.5048003907723,-0.0048935046031653995,-0.12483160759991208,0.6263685720677723,-1.6432408084584826,-2.2033666397051355,-6.896913308179997,-4.994841790697785,False,0,2,0
BTCUSD#,2025-01-08 19:00:00,2025-01-08 20:00:00,LOWER,94749.7,94817.23,92470.25,94000.06,60,95856.91100000001,97602.83586555929,94110.98613444073,95203.09,96291.19837900036,94114.98162099964,True,2346.979999999996,762.1055000000008,3.0795998716713022,-749.6399999999994,0.31940621564734284,0.6518206375853226,67.52999999999884,1529.8099999999977,-2.4364750024767012,-0.7463415498247905,3491.849731118564,2176.2167580007226,0.13339820632981048,0.22572016979414933,0.6232274941864703,-1.448749549767066,-3.2294741344866225,-4.2599088971277554,-10.23629930501747,False,1,1,1
BTCUSD#,2025-01-08 23:00:00,2025-01-09 00:00:00,LOWER,93951.26,94565.24,93573.44,94438.21,60,95288.41,96971.6858058559,93605.1341941441,94095.675,94587.29138872723,93604.05861127278,False,991.8000000000029,897.8485000000015,1.1046407049741702,486.95000000001164,0.49097600322646723,0.8719197418834458,127.02999999999884,377.81999999999243,-0.9469303562906165,-0.8679582357157103,3366.551611711795,983.2327774544538,-0.04912481999996565,-0.5570398414263643,0.29205932088904113,-1.1414063731241917,-1.0735218692240382,-2.263477635703564,-7.955640623111783,False,1,2,1
BTCUSD#,2025-01-09 04:00:00,2025-01-09 05:00:00,LOWER,94953.24,94999.55,93415.01,94746.24,60,94978.124,96124.67115796368,93831.57684203632,95092.05249999999,95576.35752367052,94607.74747632946,False,1584.5400000000081,905.9500000000007,1.7490369225674782,-207.0,0.13063728274451825,0.840136569603799,46.30999999999767,1331.2300000000105,-0.25595673050388074,-0.4770633037143505,2293.0943159273593,968.6100473410625,-0.0007007178424669469,-0.6176189339742495,0.42240305626039765,0.892146365693476,-0.5640598267012465,-2.3195871736850724,-7.617042883161304,False,1,3,1
BTCUSD#,2025-01-09 09:00:00,2025-01-09 10:00:00,LOWER,94064.28,94268.46,93167.06,93190.83,60,94583.5995,95739.50213046501,93427.69686953498,94221.07,95018.34189469059,93423.79810530943,True,1101.4000000000087,912.3854999999996,1.2071651730546016,-873.4499999999971,0.7930361358271202,0.021581623388418274,204.18000000000757,23.770000000004075,-1.5265142859021712,-0.4602111717031886,2311.8052609300357,1594.5437893811613,0.17622830645707888,-0.2675733795567514,0.68973966636778,-1.931464276887353,-1.120480323284399,-2.66937604773421,-9.254005023096054,False,1,4,1
BTCUSD#,2025-01-09 15:00:00,2025-01-09 16:00:00,LOWER,93385.25,93455.43,91873.25,91955.66,60,94034.1505,95650.65281139757,92417.64818860244,93434.275,93580.11563930471,93288.43436069528,True,1582.179999999993,821.5404999999998,1.9258697532257913,-1429.5899999999965,0.9035571173949885,0.052086361855164305,70.17999999999302,82.41000000000349,-2.529991522024782,-0.6688033030629572,3233.0046227951243,291.68127860943787,0.2370777766898109,-0.8138466873207609,0.09021987675268528,-1.503480351851185,-3.6485237185507033,-4.135632996790782,-10.529462637569289,False,1,4,1
BTCUSD#,2025-01-10 09:00:00,2025-01-10 10:00:00,UPPER,94222.74,94969.24,94039.25,94461.87,60,93114.1365,94774.48255202107,91453.79044797891,93907.5675,94723.89581971454,93091.23918028547,False,929.9900000000052,906.0014999999985,1.0264773292318023,239.1299999999901,0.2571317971160859,0.4544349939246583,507.3700000000099,183.49000000000524,1.4875621066852587,0.15500415838162968,3320.6921040421585,1632.6566394290712,0.07098170719452934,-0.08424381344799237,0.4916615537591387,1.5343241705449644,2.8510328073408244,1.4029115845834645,-1.2852738102530827,False,0,2,0
BTCUSD#,2025-01-10 19:00:00,2025-01-10 20:00:00,UPPER,93622.52,95801.24,93287.94,95762.29,60,93975.031,95764.20772472303,92185.85427527697,93722.35500000001,94482.35684636001,92962.35315364001,False,2513.300000000003,809.0209999999985,3.1065942664034774,2139.7699999999895,0.8513786654995373,0.9845024469820508,38.95000000001164,334.58000000000175,2.2091626793371177,0.6167652013977518,3578.353449446062,1520.003692719998,0.008689369954050896,-0.6632362786686637,0.4247774050814624,0.8888520817135681,2.2696691433226026,3.83171759447529,2.178225287106267,False,0,1,0
BTCUSD#,2025-01-11 19:00:00,2025-01-11 20:00:00,LOWER,94417.38,94417.38,93953.8,94120.76,60,94376.3065,94775.24150456519,93977.37149543483,94440.31,94780.57152010166,94100.04847989834,False,463.58000000000175,309.9850000000013,1.4954917173411608,-296.6200000000099,0.6398464127011708,0.3601535872988292,0.0,166.95999999999185,-0.8243834379083188,-0.37698275723017644,797.8700091303617,680.5230402033194,0.0217037151843551,-0.049768853819577186,0.8529247025402739,-1.5295578818329836,-0.6941626207719943,-5.295514299078961,4.704776037550149,False,0,1,0
BTCUSD#,2025-01-11 23:00:00,2025-01-12 00:00:00,UPPER,94565.2,95020.18,94545.0,94910.0,60,94352.9655,94771.11244928377,93934.81855071624,94290.715,94945.34952281705,93636.08047718294,False,475.179999999993,312.3555000000015,1.5212794396128475,344.8000000000029,0.7256197651416473,0.7681299718001713,110.17999999999302,20.19999999999709,1.783335014110498,-0.1852824746162494,836.2938985675282,1309.269045634108,0.2581880027435466,0.5900449348326327,1.565560920481101,1.698385333378146,1.957064946831415,1.0484848193804766,9.066304259089371,False,1,1,0
BTCUSD#,2025-01-12 11:00:00,2025-01-12 12:00:00,LOWER,94135.61,94191.65,93680.44,93875.46,60,94424.0765,94870.86303487727,93977.28996512272,94330.1,94909.66497449673,93750.53502550328,False,511.20999999999185,286.3345000000001,1.7853594310150949,-260.1499999999942,0.508890671152752,0.38148706011229666,56.0399999999936,195.02000000000407,-1.9159985960475912,-0.09211429289872225,893.5730697545514,1159.1299489934463,0.2045210020034367,0.25522090096892125,1.297185410155477,-2.501200518973413,-3.6130469782718926,-1.478131346379813,-3.0972865651886177,False,0,2,0
BTCUSD#,2025-01-12 17:00:00,2025-01-12 18:00:00,UPPER,94780.24,95419.34,94644.79,95041.15,60,94473.58550000002,95031.0731818333,93916.09781816673,94486.405,95416.80700003072,93556.00299996928,False,774.5500000000029,302.944000000001,2.5567431604520983,260.90999999998894,0.33685365696209146,0.5117293912594398,378.1900000000023,135.45000000001164,1.8734964217808465,0.16342624379429815,1114.97536366657,1860.804000061442,0.10919606928770453,-0.016502869712577528,1.6689193866510486,3.847872874194518,1.4838055878313923,2.1840670222879215,4.4264946656807584,False,1,3,0
BTCUSD#,2025-01-13 02:00:00,2025-01-13 03:00:00,UPPER,94535.9,95909.24,94432.57,95295.7,60,94530.427,95335.80131023165,93725.05268976834,94365.95,95459.02071045878,93272.87928954122,False,1476.6699999999983,364.17700000000184,4.0548140052776285,759.8000000000029,0.5145360845686604,0.5845110959117413,613.5400000000081,103.3299999999872,2.1013765284463246,0.00787529141050148,1610.7486204633024,2186.1414209175564,0.11026478975317544,-0.052357134824854046,1.3572207314936287,0.9166147230604788,2.7411121515087307,2.400975349898499,1.992877089986438,False,0,2,0
BTCUSD#,2025-01-13 08:00:00,2025-01-13 09:00:00,LOWER,94150.55,94296.59,93250.25,93606.62,60,94513.34150000001,95360.7791197857,93665.90388021432,94258.0825,94760.09522569951,93756.0697743005,True,1046.3399999999965,540.9030000000027,1.9344318667117602,-543.9300000000076,0.5198405871896414,0.34058718963242973,146.0399999999936,356.36999999999534,-1.6763107248434739,-0.03158699434091955,1694.8752395713818,1004.0254513990076,0.08659405420916055,0.050536614911980804,0.5923890018317315,-3.122704070785322,-2.5055693904452316,-1.3762356651747165,-1.0702103704361072,False,1,3,0
BTCUSD#,2025-01-13 12:00:00,2025-01-13 13:00:00,LOWER,92816.03,92858.3,91348.59,91614.2,60,94166.84150000001,95922.45251602452,92411.2304839755,93244.8575,94604.39468153541,91885.32031846458,True,1509.7100000000064,612.2030000000013,2.4660284252119036,-1201.8300000000017,0.7960667942849929,0.17593445098727534,42.270000000004075,265.6100000000006,-4.16959978961228,-0.5743715728279386,3511.2220320490305,2719.074363070831,0.32560769803147505,-0.15894137655598806,0.7743954492915024,-4.669006849035366,-3.7862441053049265,-3.8716079470371776,-4.6453708982151305,False,1,3,1
BTCUSD#,2025-01-13 16:00:00,2025-01-13 17:00:00,LOWER,91106.56,92269.24,89242.04,91793.24,60,93380.1705,96145.4055116313,90614.93548836869,91064.26000000001,92476.95309636026,89651.56690363976,False,3027.2000000000116,760.7925000000017,3.9790087310271915,686.6800000000076,0.226836680761101,0.8427589852008462,476.0,1864.520000000004,-2.0858913567102517,-1.361044568657046,5530.4700232626055,2825.3861927205,0.006851003935480993,-0.5805103980209227,0.5108763235016527,-1.5971634841300326,-3.145969498910659,-3.9261690934124522,-3.675128237988661,False,1,4,1
BTCUSD#,2025-01-14 11:00:00,2025-01-14 12:00:00,UPPER,95468.42,97340.24,95438.76,97128.68,60,93970.6485,96971.57141315621,90969.72558684378,95050.535,96047.32936196885,94053.74063803116,True,1901.4800000000105,896.8660000000003,2.1201383484266434,1660.2599999999948,0.8731409218082681,0.8887392978101211,211.56000000001222,29.660000000003492,3.5211854390733914,1.2447037796058598,6001.845826312434,1993.5887239376898,0.04195492878788776,1.581350136332886,0.33216260157794847,2.562300276741445,3.3070157637818762,4.800772913679404,3.6273200232810536,False,0,2,0
BTCUSD#,2025-01-15 09:00:00,2025-01-15 10:00:00,UPPER,97074.72,97569.25,97074.72,97270.6,60,96665.8155,97521.47974394419,95810.1512560558,97129.935,97557.00284944114,96702.86715055886,False,494.52999999999884,700.6614999999983,0.7058044433724416,195.88000000000466,0.3960932602673349,0.3960932602673349,298.6499999999942,0.0,0.8631621688932677,0.4995572041563573,1711.328487888386,854.1356988822808,0.055052928151389846,-0.41735919049761927,0.4991068079140094,-0.06887776765241829,1.087415249731868,3.478655527669219,5.296594717991525,False,0,1,0
BTCUSD#,2025-01-15 15:00:00,2025-01-15 16:00:00,UPPER,96911.76,99018.74,96821.63,98933.24,60,96978.755,98023.40963665598,95934.10036334403,96832.5925,97140.8909890168,96524.2940109832,True,2197.1100000000006,562.1784999999982,3.9082070908083604,2021.4800000000105,0.9200631738966233,0.961085243797534,85.5,90.1299999999901,3.4766270855253394,0.5566550481742164,2089.3092733119556,616.5969780336018,0.863266175681535,-0.5388695697581741,0.29512001210628686,2.9574948170376576,2.8716501965123356,4.674671834657513,13.932567680905684,False,1,1,1
BTCUSD#,2025-01-16 10:00:00,2025-01-16 11:00:00,LOWER,99769.24,99788.44,98586.8,98925.05,60,99489.2095,100352.0861825774,98626.33281742259,99615.23000000001,100306.63329446397,98923.82670553605,False,1201.6399999999994,716.2515,1.6776788600093675,-844.1900000000023,0.7025315402283568,0.28149029659465413,19.19999999999709,338.25,-0.7876555930423801,1.0518909908042076,1725.7533651548147,1382.8065889279242,-0.3850089162640604,0.10383498844414518,0.8012770635993369,-0.9521376220503569,-0.8751674516562918,2.448218258530709,4.840897366358051,False,0,1,0
BTCUSD#,2025-01-16 15:00:00,2025-01-16 16:00:00,LOWER,99379.07,99401.24,98754.01,99053.29,60,99537.99799999999,100259.81277276442,98816.18322723557,99199.575,99622.90443200416,98776.24556799584,False,647.2300000000105,628.6804999999993,1.029505448315975,-325.7800000000134,0.5033450241799795,0.4624013101988381,22.169999999998254,299.27999999999884,-0.7709925789013645,0.23769227771498483,1443.6295455288491,846.658864008321,-0.09950847861422618,0.12130714475552673,0.5864793129446252,-1.1388137535680087,-1.5879290036831175,0.19095550124425442,4.371139235271321,False,1,2,1
BTCUSD#,2025-01-16 16:00:00,2025-01-16 17:00:00,LOWER,99041.47,99379.57,97458.99,97588.13,60,99446.63500000001,100562.43886908123,98330.83113091878,99178.6325,99678.70888446664,98678.55611553337,True,1920.5800000000017,624.3495000000003,3.0761296357248638,-1453.3399999999965,0.7567193243707605,0.06724010455174963,338.1000000000058,129.13999999999942,-2.9767061557669283,-0.06819017233134306,2231.607738162449,1000.1527689332725,0.5458313007475457,0.18129368444602134,0.44817588316700246,-2.1413006657328912,-3.233589519972385,-2.8985688304387214,2.1226572616779515,True,2,2,2
BTCUSD#,2025-01-17 03:00:00,2025-01-17 04:00:00,UPPER,100099.23,101801.43,100019.58,101629.05,60,99607.914,101138.01979015088,98077.80820984913,99995.75749999999,100502.13400487606,99489.38099512392,True,1781.8499999999913,775.0764999999999,2.298934363253165,1529.820000000007,0.8585571176024999,0.9032578499873778,172.3799999999901,79.64999999999418,2.6076600180756335,0.26109616276586983,3060.2115803017514,1012.7530097521376,0.2554038613466125,-0.33310642977743665,0.33094215323905,1.6032094896439264,3.323233255039999,2.035231361033403,5.5609865606814335,False,0,3,0
BTCUSD#,2025-01-17 14:00:00,2025-01-17 15:00:00,UPPER,102206.85,102928.9,102165.15,102714.93,60,101022.5215,102889.94112798224,99155.10187201777,102116.3425,102811.36102972728,101421.32397027272,False,763.75,711.903999999998,1.07282723513283,508.0799999999872,0.6652438625204415,0.71984288052373,213.97000000000116,41.70000000001164,2.377298765002016,1.3232331887445528,3734.839255964471,1390.0370594545675,0.01606374956140777,-0.48368308081354305,0.37218122767524825,1.8776267586640778,3.687449431383998,4.710747516519082,8.151042837236497,False,0,3,0
BTCUSD#,2025-01-17 16:00:00,2025-01-17 17:00:00,UPPER,102447.42,103355.25,102248.66,103348.47,60,101344.0505,103301.79829447772,99386.30270552228,102416.2875,103198.30403835491,101634.2709616451,True,1106.5899999999965,678.9139999999985,1.6299413475049844,901.0500000000029,0.8142582166836911,0.9938730695198774,6.779999999998836,198.75999999999476,2.9523908771950613,1.4909959140627373,3915.4955889554403,1564.0330767098058,0.04252895567479853,-0.3816979988290369,0.3994470281416029,1.8311892227881645,3.357155692768165,8.484638702398255,5.819028625127784,False,1,3,1
BTCUSD#,2025-01-19 04:00:00,2025-01-19 05:00:00,UPPER,104456.25,105427.79,104456.09,104847.21,60,103879.6755,104994.73149414166,102764.61950585834,104330.585,105030.10162963557,103631.06837036445,False,971.7099999999919,752.2095000000023,1.2918076679435568,390.9600000000064,0.40234640321087534,0.4025110630853258,580.5799999999872,0.16000000000349246,1.2862566877977557,0.27849089914443637,2230.1119882833154,1399.0332592711202,0.07313829491754342,-0.2864517181379369,0.6273376703149608,1.1201001848554164,1.1764541660268844,0.7311526908394653,5.022483762834682,False,0,0,0
BTCUSD#,2025-01-19 08:00:00,2025-01-19 09:00:00,UPPER,105083.3,105604.02,104999.25,105537.53,60,104292.835,105453.23156353922,103132.4384364608,104972.15,105311.95766490513,104632.34233509486,True,604.7700000000041,758.1430000000022,0.7976991148107974,454.2299999999959,0.7510789225655916,0.8900573771847069,66.49000000000524,84.05000000000291,1.6417681097101586,0.7490888922010821,2320.7931270784175,679.6153298102727,0.04236412645975096,-0.604305010410505,0.2928375312218464,1.92612739285332,1.9568208108496663,2.8067264355141286,5.486154986592215,False,1,1,1
BTCUSD#,2025-01-19 21:00:00,2025-01-19 22:00:00,UPPER,104994.93,106169.25,104936.91,106169.25,60,104947.97650000002,105816.93704128292,104079.01595871712,104977.0275,105241.03216933055,104713.02283066945,True,1232.3399999999965,755.3260000000009,1.6315339336922003,1174.320000000007,0.9529188373338611,1.0,0.0,58.01999999998952,1.6168826440503565,0.4087162364330387,1737.9210825657938,528.009338661097,0.27365814701617985,-0.3043653644898697,0.3038166369911148,1.6363795235434746,1.367475765431083,2.4069077457945283,0.4833277286893428,False,0,2,0
BTCUSD#,2025-01-20 08:00:00,2025-01-20 09:00:00,UPPER,102318.27,109538.63,102190.05,107469.17,60,103806.977,107807.50361612644,99806.45038387355,102065.9975,102854.745108215,101277.249891785,False,7348.580000000002,1316.9595000000002,5.5799589888679195,5150.899999999994,0.7009381404298508,0.7183864093471112,2069.4600000000064,128.22000000000116,2.780793942410529,-0.5251159963537159,8001.053232252889,1577.4952164299903,0.09104007597124197,-0.6645955644257953,0.19716094502046058,5.85091644807604,1.8656762034064098,1.4667421435511108,3.0825093710170988,False,0,2,0
BTCUSD#,2025-01-21 18:00:00,2025-01-21 19:00:00,UPPER,103874.84,106470.23,103791.26,104935.24,60,102855.612,104933.38311604556,100777.84088395443,104005.6175,106034.7531843338,101976.4818156662,False,2678.970000000001,1277.734500000003,2.0966562302262286,1060.4000000000087,0.395823768089978,0.4270223257445996,1534.9899999999907,83.58000000000175,1.6275900822901836,-0.03550463730924878,4155.542232091131,4058.2713686675997,0.10268380548404465,-0.025522994130509735,0.9765924979242521,1.4127739369955217,2.051905149309189,-1.3339077875724465,0.0022539893851223785,False,0,0,0
BTCUSD#,2025-01-22 15:00:00,2025-01-22 16:00:00,LOWER,105229.28,105333.0,103790.09,104041.09,60,105642.2625,107022.66391928816,104261.86108071184,105091.8425,105482.22917680108,104701.45582319892,True,1542.9100000000035,759.7504999999983,2.0308114308579026,-1188.1900000000023,0.7700967652034141,0.16267961190218447,103.72000000000116,251.0,-2.107497790393036,0.16620522131938625,2760.8028385763173,780.7733536021551,0.16721617804872158,-0.035013820321968314,0.2828066324376796,-1.33324032034202,-2.274628315479901,-0.5070480374807406,-5.112823222887,False,0,1,0
BTCUSD#,2025-01-23 02:00:00,2025-01-23 03:00:00,LOWER,103679.8,103789.23,103022.07,103276.75,60,104491.428,105811.05864171688,103171.79735828312,103968.4375,104908.11361475417,103028.76138524583,False,767.1599999999889,770.5404999999998,0.9956128198322983,-403.0500000000029,0.5253793211325001,0.3319776839251221,109.42999999999302,254.67999999999302,-1.5763973470570336,-0.6959102084835244,2639.2612834337633,1879.3522295083385,0.03747637484277022,-0.1859480742742876,0.7120750951430019,-0.7637625796437629,-2.5545185489925593,-3.426815332873484,2.7510040030342275,False,0,1,0
BTCUSD#,2025-01-23 03:00:00,2025-01-23 04:00:00,LOWER,103271.7,103623.08,102557.4,102901.18,60,104353.567,105731.54211581945,102975.59188418054,103710.36499999999,104854.3751446854,102566.35485531458,False,1065.6800000000076,782.7989999999991,1.361371182129779,-370.5200000000041,0.3476841077997161,0.322592147736653,351.38000000000466,343.77999999999884,-1.8553766675736736,-0.7644325043849033,2755.9502316389116,2288.0202893708192,0.04421273063701081,0.2174515524263343,0.830211033241401,-2.169215852345256,-1.4561975679580643,-3.6638524065564924,1.8315046391219187,True,1,2,1
BTCUSD#,2025-01-23 16:00:00,2025-01-23 17:00:00,UPPER,102480.54,106020.1,101959.05,105171.38,60,102890.178,104945.70619863723,100834.64980136277,101913.26999999999,103305.87365343783,100520.66634656215,True,4061.050000000003,800.6935000000005,5.071915783005608,2690.840000000011,0.6625971115844447,0.7910097142364658,848.7200000000012,521.4899999999907,2.849032744739408,-0.6204846173972924,4111.056397274457,2785.2073068756727,0.12179711610930144,1.8207715890405018,0.6774918750134895,3.729754269267825,3.18074269367742,1.0165937403013887,2.4244358172009752,False,0,2,0
BTCUSD#,2025-01-24 16:00:00,2025-01-24 17:00:00,UPPER,105084.78,106290.9,104638.42,105727.24,60,104439.736,106289.77673935404,102589.69526064597,105343.11250000002,105962.2428337903,104723.98216620974,False,1652.479999999996,1040.1410000000003,1.5887076848234956,642.4600000000064,0.3887853408210738,0.6589005615801763,563.6599999999889,446.3600000000006,1.2378167959920823,0.1403848132128419,3700.0814787080744,1238.2606675805582,0.02276353316442359,0.08921695161274146,0.33465767570418775,0.24043855592656282,2.6361714421410216,0.5344083157956473,1.3169752946956332,False,0,1,0
BTCUSD#,2025-01-26 05:00:00,2025-01-26 06:00:00,UPPER,104665.49,105221.14,104665.49,105031.66,60,104736.93149999999,105184.1320446614,104289.73095533859,104635.01999999999,104871.54344055144,104398.49655944854,False,555.6499999999942,320.43849999999946,1.7340300868965344,366.16999999999825,0.6589939710249295,0.6589939710249295,189.47999999999593,0.0,0.9197661953854249,0.20822872407648327,894.4010893228115,473.0468811028986,-0.017506971311975872,-0.6886470073915696,0.5288979259417743,-0.12617085649818321,0.5137647317660173,-0.4368388942027758,3.6533063286715093,False,0,0,0
BTCUSD#,2025-01-26 06:00:00,2025-01-26 07:00:00,UPPER,105031.67,105469.24,104948.07,105143.52,60,104778.546,105214.29793510825,104342.79406489176,104713.91,105461.83229671877,103965.98770328124,False,521.1699999999983,336.4209999999992,1.5491601297184168,111.85000000000582,0.21461327397971142,0.37502158604677505,325.72000000000116,83.59999999999127,1.0848728230401874,0.24504861468217895,871.5038702164893,1495.844593437534,-0.025600616300298307,2.162148728155663,1.7163946650815824,0.2875563653874326,1.5438096908338395,1.5643494312186221,1.6119386126312254,True,1,1,1
BTCUSD#,2025-01-26 11:00:00,2025-01-26 12:00:00,LOWER,104997.26,104997.26,104413.26,104599.27,60,104863.34150000001,105247.30104566312,104479.3819543369,104995.39749999999,105163.47692594121,104827.31807405877,False,586.3899999999994,324.0375000000007,1.809636230374565,-397.9899999999907,0.6814897260273813,0.31851027397261866,0.0,186.0100000000093,-0.814941171932276,0.3901091694634657,767.9190913262137,336.15885188244283,0.027379613308963213,-0.4556765057964558,0.43775295559052824,-1.334382594607101,-1.4591521043088884,0.8128688809165857,-1.5944142267484258,False,2,2,0
BTCUSD#,2025-01-26 20:00:00,2025-01-26 21:00:00,UPPER,104914.36,105229.6,104876.14,105144.35,60,104869.232,105218.50230265805,104519.96169734196,104917.7825,104961.80058521409,104873.76441478591,False,353.4600000000064,274.3535000000018,1.2883378560871432,229.99000000000524,0.6506818310417051,0.7588128784020867,85.25,38.220000000001164,1.0027865509279101,-0.02796938985648013,698.5406053160841,88.03617042818223,0.03873514264653388,-0.08438795591162074,0.1260287086508687,1.0392067168816825,0.6719797633345278,0.6984055242597572,-4.22156086946217,False,0,3,0
BTCUSD#,2025-01-26 23:00:00,2025-01-27 00:00:00,LOWER,104919.24,104971.37,104521.73,104526.44,60,104900.264,105232.7091579899,104567.81884201009,105008.01000000001,105397.6892254208,104618.33077457921,True,449.6399999999994,265.56250000000216,1.693160743704385,-392.8000000000029,0.8735877590961735,0.010475046704044144,52.129999999990105,4.710000000006403,-1.407668627912413,0.10031348552602327,664.8903159798065,779.3584508415952,0.04243164079379569,-0.028192608286773613,1.1721609295709237,-1.5432148740879796,-0.27424805836667887,-2.054695222405233,-2.136634502235816,False,1,4,0
BTCUSD#,2025-01-27 01:00:00,2025-01-27 02:00:00,LOWER,104290.87,104290.87,102489.69,102589.25,60,104759.842,105835.72299419895,103683.96100580106,104696.0575,105912.20261166613,103479.91238833386,True,1809.770000000004,286.0160000000025,6.327513146117658,-1701.6199999999953,0.9447251246405145,0.05527487535948548,0.0,99.55999999999767,-7.589057954799679,-0.3654043829715552,2151.7619883978914,2432.2902233322675,1.6067178457149152,0.2792306421194557,1.1303714055954883,-8.129300458715527,-7.687262251062785,-7.436122454687805,-7.8684409263816715,False,2,5,1
BTCUSD#,2025-01-27 06:00:00,2025-01-27 07:00:00,LOWER,101369.23,101369.23,100208.76,100379.28,60,103787.545,107046.07062287175,100529.01937712825,101328.72,102388.06026430675,100269.37973569325,False,1160.4700000000012,526.0925000000025,2.205828822878098,-989.9499999999971,0.8530595362223893,0.14694046377761072,0.0,170.52000000000407,-6.478451983253864,-2.080275807011107,6517.051245743496,2118.680528613506,0.1259684601624449,-0.5627072704380711,0.32509803110682717,-7.451503300275121,-8.606813440602128,-9.055897964711496,-8.055541563508292,False,1,5,1
BTCUSD#,2025-01-27 08:00:00,2025-01-27 09:00:00,LOWER,100341.32,100461.23,98690.25,98925.56,60,103286.7985,107339.28147996443,99234.31552003558,100762.9475,102481.53707540482,99044.35792459517,True,1770.979999999996,586.9075000000026,3.0174772004106063,-1415.7600000000093,0.799421789065948,0.1328699364193826,119.90999999998894,235.30999999999767,-7.430878801173928,-2.216242763978984,8104.9659599288425,3437.1791508096503,0.13815760949248723,0.1077797975831365,0.42408310754211076,-4.722515899013039,-10.595860506127423,-10.281739456387898,-9.118455633979764,False,1,5,1
BTCUSD#,2025-01-28 02:00:00,2025-01-28 03:00:00,UPPER,102037.04,102861.24,101746.25,101825.25,60,100180.48400000001,102543.27554255657,97817.69245744345,101581.275,102721.16239934022,100441.38760065977,False,1114.9900000000052,1282.4060000000004,0.8694516401202154,-211.7899999999936,0.18994789190933783,0.07085265338702557,824.2000000000116,79.0,1.2825626205741303,-0.017487051682527215,4725.583085113118,2279.774798680446,0.05364985747544493,-0.6298868929045394,0.48243248666230454,2.086710448952979,0.9640706609295351,0.0998201817521087,-2.1396889908500087,False,0,2,0
BTCUSD#,2025-01-28 17:00:00,2025-01-28 18:00:00,UPPER,102611.53,103767.25,102473.25,102747.24,60,102375.0715,103483.17841703401,101266.964582966,102620.225,102891.41053345866,102349.03946654135,False,1294.0,796.944000000001,1.623702543716997,135.7100000000064,0.10487635239567729,0.21173879443586185,1020.0099999999948,138.27999999999884,0.4669945441586853,0.961013571844458,2216.2138340680103,542.371066917316,-0.3087472827220872,-0.1548638226375174,0.24472867129511475,-0.22334066132625438,0.17777911622398487,2.0904480114035606,-2.7467676524322746,False,0,1,0
BTCUSD#,2025-01-28 22:00:00,2025-01-28 23:00:00,LOWER,102393.49,102507.24,101178.04,101233.27,60,102495.35449999999,103400.57083990278,101590.1381600972,102332.785,102926.58079786498,101738.98920213502,True,1329.2000000000116,765.299000000002,1.7368374975009873,-1160.2200000000012,0.8728708997893402,0.041551309058087564,113.75,55.23000000001048,-1.6491390946544806,0.3582678142790868,1810.4326798055845,1187.5915957299585,0.181349242135737,-0.38477896650752363,0.6559711437917092,-1.8005642239177073,-2.073973701781902,-0.16167537132545004,-4.816378957766823,False,1,2,0
BTCUSD#,2025-01-29 21:00:00,2025-01-29 22:00:00,UPPER,102801.25,103945.15,101369.26,103553.24,60,102293.003,103209.40472988234,101376.60127011765,102296.3325,103630.04599002034,100962.61900997967,False,2575.8899999999994,554.7120000000017,4.643652922597657,751.9900000000052,0.29193404997884437,0.8478545279495673,391.90999999998894,1431.9900000000052,2.2718762168476694,0.5513149165693104,1832.803459764691,2667.4269800406764,0.1221443797059254,0.9509603453989317,1.45538080792533,3.149129638443003,1.4929909574698312,2.0867224794127317,7.0017955263271725,False,0,1,0
BTCUSD#,2025-01-30 03:00:00,2025-01-30 04:00:00,UPPER,103995.75,104524.24,103894.25,104233.4,60,102884.38200000001,104415.30291463714,101353.46108536288,103717.48749999999,104465.47229652786,102969.50270347211,False,629.9900000000052,780.1715000000011,0.8075019402785213,237.64999999999418,0.37722820997157447,0.5383418784425013,290.84000000001106,101.5,1.7291300694782878,0.7580115397704409,3061.841829274257,1495.96959305575,0.07566337966503278,-0.25802435135873014,0.4885848703067516,0.8718083139412143,3.110880107771158,3.1044840781802407,3.6934058729394583,False,1,1,1
BTCUSD#,2025-01-30 16:00:00,2025-01-30 17:00:00,UPPER,104847.38,106163.24,104638.72,105925.63,60,104722.1875,106153.29665796476,103291.07834203524,105104.23000000001,105876.74355788309,104331.71644211693,False,1524.520000000004,767.4415000000015,1.986496690627235,1078.25,0.7072717970246354,0.844141106708997,237.61000000000058,208.6600000000035,1.5681227819970673,1.2192134514487438,2862.2183159295237,1545.0271157661628,-0.07298557505121994,0.31362135311301675,0.539800583053849,1.1680108516414645,1.6850665490464092,5.116285736437245,4.318752634565622,False,0,2,0
BTCUSD#,2025-01-31 04:00:00,2025-01-31 05:00:00,LOWER,104696.22,104831.8,104214.58,104304.05,60,105155.949,105934.79429794628,104377.1037020537,104833.2,105448.76706760339,104217.6329323966,False,617.2200000000012,614.9015000000006,1.0037705225958964,-392.16999999999825,0.6353812254949572,0.14495641748485305,135.58000000000175,89.47000000000116,-1.3854235190514081,-0.10756682167793756,1557.6905958925781,1231.134135206783,0.15560641528187014,0.06289627649311735,0.790358584980303,-0.9262784364650141,-2.63713781800825,-0.5340530149950831,4.129767125303819,False,0,1,0
BTCUSD#,2025-01-31 17:00:00,2025-01-31 18:00:00,UPPER,104421.13,105997.1,104413.3,105422.33,60,104552.94649999999,105291.50539191447,103814.38760808551,104608.0225,105051.32552663285,104164.71947336716,True,1583.800000000003,535.7839999999997,2.9560419870694234,1001.1999999999971,0.6321505240560646,0.6370943300921814,574.7700000000041,7.830000000001746,1.6226380407029912,-0.5193221522106212,1477.1177838289586,886.6060532656847,-0.08553443768672908,-0.40055350893392094,0.6002270522851876,2.221230943813191,2.0997454197960286,-0.23901422961491525,6.480783300733141,False,0,1,0
BTCUSD#,2025-01-31 20:00:00,2025-01-31 21:00:00,LOWER,104546.35,104794.48,102545.85,102582.79,60,104413.61750000001,105498.0302474027,103329.20475259732,104858.38500000001,106456.58934485629,103260.18065514373,True,2248.62999999999,586.0419999999991,3.8369775545097338,-1963.5600000000122,0.8732250303518235,0.016427780470770176,248.1299999999901,36.939999999987776,-3.1240551018527967,-0.41090484982301806,2168.82549480538,3196.4086897125526,0.4912970676678925,0.03973550691475358,1.4737970838909669,-3.566177850734266,-3.2505861354647165,-5.0618556349203825,-0.4105507796369649,False,1,2,0
BTCUSD#,2025-02-01 21:00:00,2025-02-01 22:00:00,LOWER,101954.23,101992.57,101401.34,101616.08,60,102077.843,102647.20637396278,101508.47962603721,102015.3275,102561.82722064586,101468.82777935413,False,591.2300000000105,390.0064999999995,1.5159490931561685,-338.1499999999942,0.5719432369805121,0.36320890347242435,38.34000000001106,214.74000000000524,-1.1839879591750198,-0.22332576508338423,1138.726747925568,1092.9994412917295,0.04699289399254725,-0.20011931358330326,0.9598434771843725,-0.5549138283592672,-1.3167985661777388,-1.6541006367842623,-10.446441277260758,False,0,0,0
BTCUSD#,2025-02-01 22:00:00,2025-02-01 23:00:00,LOWER,101615.83,101615.83,100930.38,101299.46,60,102020.2165,102655.88167996275,101384.55132003724,101909.935,102780.21363857952,101039.65636142048,False,685.6999999999971,394.54749999999984,1.7379402986966015,-316.36999999999534,0.461550806039823,0.538449193960177,0.0,369.08000000000175,-1.826792718240488,-0.2655637153955128,1271.330359925516,1740.5572771590378,0.1164490183808482,0.592459439047847,1.3690833885702318,-1.2276848795138489,-1.7362928417997545,-0.8603780279940741,-9.058883911316103,True,1,1,1
BTCUSD#,2025-02-02 05:00:00,2025-02-02 06:00:00,LOWER,100410.92,100723.08,99128.67,99175.21,60,101422.3755,102889.41970504053,99955.33129495945,100861.4925,102310.80269008553,99412.18230991445,True,1594.4100000000035,504.8825000000012,3.1579823028130303,-1235.7099999999919,0.7750264988302815,0.029189480748369644,312.1600000000035,46.54000000000815,-4.450868271330425,-1.0478853990780175,2934.08841008108,2898.62038017108,0.36504599180803665,0.1906061750091308,0.9879117378371636,-3.916000257485634,-5.665159715379289,-5.988403242338526,-10.14515258500738,False,0,2,0
BTCUSD#,2025-02-02 19:00:00,2025-02-02 20:00:00,LOWER,98229.06,98535.18,96982.05,97204.63,60,99565.705,101576.84599779654,97554.56400220346,98869.595,100553.48240930587,97185.70759069413,False,1553.12999999999,776.6415000000037,1.999802997908279,-1024.429999999993,0.6595906331086255,0.14331060503628362,306.11999999999534,222.58000000000175,-3.0401092395912217,-1.2392777105009094,4022.2819955930754,3367.7748186117387,0.11090968984044225,-0.05731909909267929,0.8372796393444236,-2.101226885248839,-3.8819970346678407,-6.459634207031131,-9.450216090693013,False,0,3,0
BTCUSD#,2025-02-03 02:00:00,2025-02-03 03:00:00,LOWER,97656.39,97743.46,95416.63,96464.32,60,98534.9385,100734.3568061814,96335.52019381861,97601.7375,99057.0410963469,96146.4339036531,False,2326.8300000000017,1008.5680000000023,2.3070630835005637,-1192.0699999999924,0.512315038056064,0.4502649527468709,87.07000000000698,1047.6900000000023,-2.0530281547699234,-0.8451031561580333,4398.836612362793,2910.607192693802,0.08889456898987769,-0.20727143912885726,0.6616765861486266,-0.5807441838329049,-1.6789051407540094,-4.709211476072993,-5.9368034678871275,False,0,2,0
BTCUSD#,2025-02-03 03:00:00,2025-02-03 04:00:00,LOWER,96469.69,96890.26,91879.97,93364.84,60,98192.203,101216.43363149583,95167.97236850415,97279.3375,99620.63530368615,94938.03969631383,True,5010.289999999994,1082.9645000000019,4.626458208002187,-3104.850000000006,0.6196946683724913,0.29636408271776626,420.56999999999243,1484.8699999999953,-4.457545007246304,-0.9938769922744523,6048.461262991681,4682.595607372321,0.37501384934204407,0.6088036953686362,0.7741796473135091,-4.4909135987375315,-4.987134850680692,-7.254319047392583,-8.461154543846995,True,1,3,1
BTCUSD#,2025-02-03 17:00:00,2025-02-03 18:00:00,UPPER,96556.57,99469.01,96140.19,98819.4,60,95488.7815,98827.55359593526,92150.00940406474,95240.0925,98353.63878743164,92126.54621256836,False,3328.8199999999924,1671.6364999999998,1.9913539815623749,2262.829999999987,0.6797694077781293,0.8048527706514614,649.6100000000006,416.38000000000466,1.9924298733606243,-0.41161311086471536,6677.544191870518,6227.092574863287,0.034000809959176204,0.8940578649058277,0.9325423233356318,2.140196149102984,2.8797169719613067,-0.2935087861505773,-1.9238931430367805,False,0,3,0
BTCUSD#,2025-02-03 21:00:00,2025-02-03 22:00:00,UPPER,99788.08,101847.8,99530.43,101847.8,60,95933.93299999999,100728.36021781761,91139.50578218237,99066.9675,100969.10758882505,97164.82741117495,True,2317.37000000001,1688.6694999999993,1.3723052379402902,2059.720000000001,0.888817927219215,1.0,0.0,257.65000000000873,3.5020867019863955,0.26655038182426194,9588.854435635236,3804.2801776501,0.18345350615203437,-0.5289170135855563,0.3967397986053666,4.287600385984351,3.8949717514291633,2.1433797436384134,0.13722045669682625,False,1,3,1
BTCUSD#,2025-02-04 23:00:00,2025-02-05 00:00:00,LOWER,98624.66,98636.56,96381.81,96481.16,60,99074.6885,100873.96554961971,97275.4114503803,99002.3475,100176.52301154696,97828.17198845305,True,2254.75,1032.3940000000002,2.184001456808156,-2143.5,0.9506597183723251,0.04406253464907676,11.89999999999418,99.35000000000582,-2.512149915632985,-0.8068005044585704,3598.554099239409,2348.3510230939137,0.0960243507843781,0.4625354007261473,0.6525818310165913,-2.7613391786469053,-1.785113047925503,-5.109008769907606,-0.5073353777724293,False,0,0,0
BTCUSD#,2025-02-05 19:00:00,2025-02-05 20:00:00,LOWER,97956.13,98235.06,97316.64,97514.1,60,97918.01999999999,98482.96062940563,97353.07937059435,98216.0175,99114.55221603994,97317.48278396006,False,918.4199999999983,868.3720000000009,1.0576342857669263,-442.02999999999884,0.4812939613684368,0.21499967335206852,278.929999999993,197.4600000000064,-0.46514627371677497,-0.17801184285077223,1129.8812588112778,1797.0694320798793,-0.3192850622083887,0.10955708790100416,1.5904940612702392,-0.7868402021253436,-0.6865260510472336,-1.88008134762521,-1.891401380974958,False,0,1,0
BTCUSD#,2025-02-05 20:00:00,2025-02-05 21:00:00,LOWER,97521.48,97670.16,96473.61,96679.71,60,97868.894,98645.48983159394,97092.29816840607,97958.17749999999,99062.43877158985,96853.91622841013,True,1196.550000000003,801.5555000000007,1.4927849662312862,-841.7699999999895,0.7034975554719715,0.17224520496427673,148.68000000000757,206.10000000000582,-1.483595334321819,-0.19228861881679374,1553.1916631878703,2208.5225431797153,0.3746503458442594,0.22895782642278406,1.4219253138706667,-1.6963641319908536,-1.1910217071681217,-3.392116952600268,-3.8824261077367606,True,1,2,1
BTCUSD#,2025-02-06 12:00:00,2025-02-06 13:00:00,UPPER,98573.87,99026.17,98573.87,98988.54,60,97547.975,98912.27391541847,96183.67608458154,98299.91500000001,99023.55536041793,97576.27463958209,False,452.3000000000029,696.6990000000005,0.6492043192253794,414.66999999999825,0.9168030068538483,0.9168030068538483,37.63000000000466,0.0,2.067700685661938,0.13174556013430636,2728.597830836923,1447.2807208358427,0.09686817642656664,-0.0545304857781721,0.530411885723712,2.004897380360811,3.6699349360340614,1.8253219826639568,0.32478875382338523,False,0,2,0
BTCUSD#,2025-02-07 15:00:00,2025-02-07 16:00:00,UPPER,97944.89,98828.78,97164.25,98796.11,60,97113.7145,98354.51331444559,95872.91568555441,97539.905,98758.22139668823,96321.58860331177,True,1664.5299999999988,706.4144999999983,2.356307805120086,851.2200000000012,0.5113875989017932,0.9803728379782892,32.669999999998254,780.6399999999994,2.381598197658744,0.04946953948424949,2481.597628891177,2436.632793376455,0.2626875237684281,0.15527487168189147,0.981880690490983,2.9621843832480845,2.028469121174616,0.314871792693961,0.3396589396169004,False,0,0,0
BTCUSD#,2025-02-07 22:00:00,2025-02-07 23:00:00,LOWER,96871.3,96914.69,95582.31,95737.79,60,97495.788,99086.24653314568,95905.32946685432,97448.5475,98914.55104485963,95982.54395514037,True,1332.3800000000047,833.5259999999987,1.5984864299374066,-1133.5100000000093,0.8507407796574591,0.11669343580659826,43.38999999999942,155.47999999999593,-2.109109973774075,0.2543238003373567,3180.917066291353,2932.0070897192636,0.09221965349485939,0.18174640104430906,0.9217489889284367,-4.746174684412986,-1.5086991887475736,-1.400616177539769,-1.8501762392535028,False,0,1,0
BTCUSD#,2025-02-09 03:00:00,2025-02-09 04:00:00,UPPER,96539.75,96964.24,96458.37,96945.89,60,96259.38500000001,96808.8173990883,95709.95260091173,96481.86249999999,96684.75785420924,96278.96714579074,True,505.8700000000099,345.19050000000135,1.4654806548847894,406.1399999999994,0.8028544883072558,0.9637258584221134,18.35000000000582,81.38000000000466,1.988771417521593,0.044610150047596414,1098.864798176568,405.790708418499,0.21999157135413716,0.23375397626924754,0.3692817433881394,1.0993350048741042,2.123870732247836,1.3105806793639814,-1.2088397565981601,False,0,0,0
BTCUSD#,2025-02-09 15:00:00,2025-02-09 16:00:00,LOWER,96503.48,96521.2,95791.06,95858.54,60,96704.072,97363.73194904435,96044.41205095565,96666.685,97307.94737817012,96025.42262182987,True,730.1399999999994,320.60300000000063,2.2773960318524717,-644.9400000000023,0.8833100501273767,0.09242063165967619,17.720000000001164,67.47999999999593,-2.637317804262608,0.4692454530993176,1319.3198980886955,1282.5247563402518,0.17122792451375735,-0.16103503869615332,0.9721105231553401,-3.680533245166149,-3.391577745685485,-1.1048243466218524,-9.162640399497201,False,0,1,0
BTCUSD#,2025-02-09 23:00:00,2025-02-10 00:00:00,LOWER,96292.75,96320.37,94683.42,95144.94,60,96524.4785,97552.05182012837,95496.90517987162,96162.01000000001,96538.69659820248,95785.32340179753,True,1636.949999999997,412.2804999999993,3.970476411084201,-1147.8099999999977,0.7011881853446957,0.2819389718684168,27.619999999995343,461.5200000000041,-3.346116297035629,-0.3747339493379018,2055.1466402567457,753.3731964049512,0.24761652319119398,-0.32726504864439676,0.36657880350125943,-3.1766236821775604,-4.230614836258325,-3.343015252964904,-2.0039026827608866,False,0,2,0
BTCUSD#,2025-02-10 09:00:00,2025-02-10 10:00:00,UPPER,97124.81,97457.36,97077.4,97397.99,60,96329.012,97420.90549296168,95237.11850703832,96955.265,97457.1546452931,96453.37535470689,False,379.9600000000064,760.1654999999977,0.4998385220060731,273.18000000000757,0.7189704179387382,0.8437467101800339,59.36999999999534,47.41000000000349,1.406243771915466,-0.01466851626389702,2183.7869859233615,1003.7792905862152,0.11214638402526966,-0.7439556498617326,0.45965073381998905,2.4229592108560722,1.8001343128568883,0.4728707103913654,1.6154903109915038,False,0,2,0
BTCUSD#,2025-02-10 10:00:00,2025-02-10 11:00:00,UPPER,97392.83,97879.27,97326.14,97656.14,60,96386.64499999999,97621.59887698822,95151.69112301175,97107.9425,97832.41628472236,96383.46871527765,False,553.1300000000047,755.1834999999985,0.7324444985887613,263.3099999999977,0.47603637481242284,0.5966047764539931,223.13000000000466,66.69000000000233,1.6810417600490641,0.13967995857959947,2469.9077539764694,1448.9475694447174,0.1310204566184503,0.44349219298848075,0.5866403581720653,2.485382691756377,1.8016813132172624,0.8106903818740775,2.36293563087647,True,1,3,1
BTCUSD#,2025-02-11 02:00:00,2025-02-11 03:00:00,UPPER,97403.34,98112.14,97392.55,97764.49,60,97450.34300000001,97968.0521527834,96932.63384721661,97361.0575,97484.33836934327,97237.77663065672,False,719.5899999999965,518.5735000000016,1.387633575568351,361.15000000000873,0.5018830167178678,0.5168776664489558,347.6499999999942,10.789999999993597,0.6057906931225685,0.6191349924359981,1035.4183055667963,246.56173868654878,-0.05452958977059552,0.6350473480103236,0.2381276604450014,0.4462819638874853,0.8221592503280721,2.06726722441466,2.3617481417773982,False,0,2,0
BTCUSD#,2025-02-11 15:00:00,2025-02-11 16:00:00,LOWER,97740.53,97828.41,96662.73,96772.86,60,97760.3995,98586.28111777078,96934.51788222922,97929.8875,98453.65081747892,97406.12418252107,True,1165.6800000000076,390.13599999999934,2.987881149137761,-967.6699999999983,0.8301334843181594,0.09447704344245757,87.88000000000466,110.13000000000466,-2.5312698648676375,0.25482908524204567,1651.7632355415553,1047.526634957845,0.16833533112821408,0.12054899597735624,0.6341869176028717,-3.7640463838251472,-3.064392929645049,-3.632656304468181,2.34359300346548,False,0,1,0
BTCUSD#,2025-02-12 15:00:00,2025-02-12 16:00:00,BOTH,95933.52,96588.5,94040.82,94924.16,60,95752.1845,96560.86575426851,94943.5032457315,96015.58,96309.57305513522,95721.58694486479,False,2547.679999999993,551.4494999999995,4.619969734309298,-1009.3600000000006,0.39618790428939404,0.3467232933492428,654.9799999999959,883.3399999999965,-1.501541845626844,-0.5081834329344548,1617.362508537015,587.9861102704308,0.10934781340987576,-0.4634624389923305,0.36354627188823213,-2.0388993008425835,-2.307754381860899,-3.352437530544499,-5.922446207676308,False,0,1,0
BTCUSD#,2025-02-12 23:00:00,2025-02-13 00:00:00,UPPER,96997.91,97882.92,96808.36,97615.74,60,96187.9325,97622.47277966548,94753.39222033451,97098.36249999999,97799.54468399455,96397.18031600543,False,1074.5599999999977,785.7394999999982,1.3675779313627483,617.8300000000017,0.5749609142346663,0.7513586956521798,267.179999999993,189.5500000000029,1.8171512314195903,0.4964997941429718,2869.0805593309633,1402.3643679891247,0.123598046023772,-0.025044643031833735,0.4887852881747385,2.3585297671811163,1.9239328047018254,1.6093119920788033,0.33191662122115984,False,0,1,0
BTCUSD#,2025-02-13 13:00:00,2025-02-13 14:00:00,LOWER,96142.19,96260.4,95512.31,95899.24,60,96953.485,98329.35945911685,95577.61054088315,96082.71500000001,96560.63443261004,95604.79556738999,False,748.0899999999965,701.0085000000006,1.0671625237069107,-242.9499999999971,0.32476038979266963,0.5172238634389036,118.20999999999185,386.93000000000757,-1.5038975989592058,0.14226432347113038,2751.7489182337013,955.838865220052,-0.015780844243937775,0.032109771595880465,0.3473568605356582,-1.0627973840545417,-2.764374469068477,-0.23909838468435182,-3.1547548995482835,False,0,2,0
BTCUSD#,2025-02-14 02:00:00,2025-02-14 03:00:00,UPPER,96580.62,96945.95,96504.16,96724.09,60,96073.739,96776.23631502924,95371.24168497077,96413.005,96915.0317674753,95910.9782325247,False,441.7899999999936,594.9324999999997,0.7425884449076052,143.47000000000116,0.32474705176668384,0.4978157042938867,221.86000000000058,76.45999999999185,1.0931509036739386,-0.6245271522399627,1404.9946300584706,1004.0535349505953,-0.05258751428033215,-0.6277003473565079,0.714631581836587,1.3013913343110204,1.553033327310237,-1.7833115521508704,1.1700655116336744,False,0,1,0
BTCUSD#,2025-02-14 05:00:00,2025-02-14 06:00:00,UPPER,96516.42,97173.08,96508.94,97122.85,60,96145.509,96984.8188900308,95306.19910996921,96583.285,96933.99222270751,96232.57777729249,True,664.1399999999994,553.969999999999,1.1988735852121968,606.4300000000076,0.9131056704911737,0.9243683560695095,50.229999999995925,7.4799999999959255,1.764248966550539,-0.06523457948984927,1678.6197800615919,701.4144454150228,0.18243480099009823,-0.2874743791707247,0.41785188864466166,1.2018340343339893,2.093651280755292,-0.6409011318302331,3.344206364965638,False,1,2,1
BTCUSD#,2025-02-14 16:00:00,2025-02-14 17:00:00,UPPER,96768.64,97556.33,96572.46,97273.42,60,96683.9585,97390.15556623589,95977.7614337641,96806.14,97315.15773687742,96297.12226312258,False,983.8699999999953,435.0680000000008,2.261416606139715,504.77999999999884,0.5130555866120536,0.7124518483132886,282.9100000000035,196.17999999999302,1.3548721119457277,0.7795792841578734,1412.394132471789,1018.0354737548332,-0.020196509680475594,-0.24406613444395509,0.7207871020911136,0.958080116211721,1.7413369864021024,3.307230134139934,3.8194948835584372,False,0,2,0
BTCUSD#,2025-02-14 19:00:00,2025-02-14 20:00:00,UPPER,97621.97,98816.18,97113.49,98516.17,60,96921.49250000001,97842.96238234283,96000.02261765719,97143.57500000001,98472.31013871287,95814.83986128715,True,1702.6899999999878,494.2035000000018,3.4453216134648614,894.1999999999971,0.5251689972925215,0.8238023363031457,300.00999999999476,508.4799999999959,3.2267628618574835,0.8572399831243536,1842.9397646856378,2657.4702774257166,0.5774195971430676,0.37828626800450116,1.4419734862463172,3.3624407759151644,3.7546678645537432,5.761715568586587,2.386850760870759,False,1,3,1
BTCUSD#,2025-02-16 05:00:00,2025-02-16 06:00:00,LOWER,97495.15,97524.4,97373.57,97522.05,60,97557.03400000001,97712.08300750378,97401.98499249625,97553.7225,97717.73259463948,97389.71240536052,False,150.8299999999872,222.2435000000005,0.67867001734578,26.90000000000873,0.17834648279527293,0.9844195451833755,2.349999999991269,121.5799999999872,-0.157412927712222,-0.005752699178989687,310.09801500753383,328.0201892789628,-0.17849526666896554,0.2976042279793465,1.0577951918556896,-0.5933581859536726,-0.3907425863973359,-0.4858634785719073,1.7962280111679136,False,0,0,0
BTCUSD#,2025-02-16 09:00:00,2025-02-16 10:00:00,LOWER,97452.79,97452.79,97174.45,97221.46,60,97532.2895,97742.7023635108,97321.87663648919,97507.35,97648.59852581326,97366.10147418675,True,278.99000000000524,211.83099999999976,1.3170404709414842,-231.3299999999872,0.8311058417762093,0.1688941582237907,0.0,47.01000000000931,-1.4673466112136226,-0.05855847350005265,420.8257270216127,282.49705162650207,0.34727629076719424,0.7072550330766192,0.6712922558843311,-1.835236580103928,-1.3575916650536868,-0.4144341479764232,1.4650358068460774,False,1,1,1
BTCUSD#,2025-02-16 15:00:00,2025-02-16 16:00:00,LOWER,97102.18,97192.55,96769.23,96815.58,60,97401.267,97819.64505099619,96982.88894900383,97221.13749999998,97610.24068213694,96832.03431786303,True,423.320000000007,207.81749999999957,2.0369795613940496,-286.59999999999127,0.6770291977699767,0.1094916375319027,90.3700000000099,46.35000000000582,-2.818275650510696,-0.6304690413463357,836.7561019923596,778.2063642739085,0.3015256146449756,0.12679364706875518,0.9300277134770322,-1.9530597760054158,-3.8237395791980995,-4.133819336677631,0.23640934954950743,False,1,2,1
BTCUSD#,2025-02-16 20:00:00,2025-02-16 21:00:00,LOWER,96948.63,96968.15,96611.13,96839.54,60,97247.723,97783.80015231564,96711.64584768435,96947.175,97170.59719955377,96723.75280044624,False,357.0199999999895,228.95449999999983,1.5593491283202112,-109.09000000001106,0.30555711164644633,0.6397680802195833,19.519999999989523,228.40999999998894,-1.7828127422697735,-0.7939765324551141,1072.1543046312872,446.8443991075328,0.04189137341969151,-0.30421001687493554,0.4167724712546877,-1.1511457516668702,-2.6813187773116893,-2.9298834484581553,-5.85566127767748,False,1,3,1
BTCUSD#,2025-02-17 01:00:00,2025-02-17 02:00:00,LOWER,96838.23,96851.53,96009.26,96072.01,60,97058.69149999999,97694.42541452807,96422.9575854719,96970.18,97471.70241311136,96468.65758688863,True,842.2700000000041,282.6370000000003,2.980041537378345,-766.2200000000012,0.9097082883160952,0.07450105073195021,13.30000000000291,62.75,-3.490984902896615,-0.7900752555398363,1271.4678290561715,1003.0448262227292,0.3216847221891821,0.005943282723795962,0.7888873027698259,-3.1061396773953964,-4.368288652936446,-5.221114008427793,-4.960780081871816,False,1,4,1
BTCUSD#,2025-02-20 04:00:00,2025-02-20 05:00:00,UPPER,96762.26,97269.0,96730.74,97122.04,60,96243.2735,97044.08017716897,95442.46682283102,96686.76000000001,97151.60194180076,96221.91805819926,False,538.2599999999948,467.8455000000009,1.150508020275911,359.77999999999884,0.668413034592952,0.7269720952699293,146.9600000000064,31.519999999989523,1.8783262850663225,0.7623777507745659,1601.6133543379547,929.6838836015086,0.08393517341762324,-0.3955913327496323,0.5804671152893852,2.0808792646290217,2.941612134775228,2.8149250126377074,2.3142469041595777,False,0,0,0
BTCUSD#,2025-02-20 16:00:00,2025-02-20 17:00:00,UPPER,97529.43,98016.25,96872.5,96956.55,60,96908.20550000001,97673.50391994388,96142.90708005615,97373.36750000001,97856.43926686754,96890.29573313247,False,1143.75,379.4805000000015,3.013988861087712,-572.8799999999901,0.5008786885245815,0.07348633879781676,486.820000000007,84.05000000000291,0.12739653289165526,0.9691038142935067,1530.5968398877303,966.1435337350704,-0.18621756954468927,0.19074400759648835,0.6312201283559015,-0.48840454252588944,-0.4360961893957398,3.1904933191560336,3.7769793177778634,False,0,1,0
BTCUSD#,2025-02-21 15:00:00,2025-02-21 16:00:00,UPPER,98892.89,99471.04,98777.5,99319.59,60,98362.39749999999,98955.44785653762,97769.34714346236,98605.07250000001,99418.11135806379,97792.03364193623,False,693.5399999999936,363.1305000000008,1.9098918983670943,426.6999999999971,0.6152493006892191,0.7816275917755307,151.4499999999971,115.38999999999942,2.6359463058046697,1.0600266295449832,1186.100713075255,1626.0777161275619,0.3751813337745806,0.12186239214611727,1.3709440507050699,3.1949946369142626,2.838043072669466,4.931257495583539,8.393015734012947,False,0,1,0
BTCUSD#,2025-02-21 17:00:00,2025-02-21 18:00:00,LOWER,98761.36,99308.44,97117.5,98021.29,60,98368.747,99004.66355971395,97732.83044028605,98896.32999999999,99944.95742383378,97847.7025761662,False,2190.9400000000023,401.58600000000007,5.455718077821443,-740.070000000007,0.33778652085406546,0.41251243758386474,547.0800000000017,903.7899999999936,-0.8652119346790211,0.777947936432048,1271.8331194279017,2097.2548476675875,0.0329786981753013,-0.10151952645983853,1.6490015990548967,-0.7395925156753703,-0.27476057432283757,2.8222348388638925,5.214574213244463,False,1,1,0
BTCUSD#,2025-02-22 20:00:00,2025-02-22 21:00:00,UPPER,96616.88,96801.02,96394.05,96427.48,60,96413.9455,96745.53874210031,96082.35225789969,96545.29749999999,96753.22901169976,96337.36598830021,False,406.97000000000116,305.20550000000077,1.3334294434405676,-189.40000000000873,0.4653905693294547,0.08214364695184638,184.13999999999942,33.429999999993015,0.0443455311257309,0.6883886430618232,663.186484200618,415.86302339955,-0.22086568746171598,0.5776140846086872,0.6270680016961094,-1.225240043184006,0.17955115487762432,-0.30644926123545807,-6.010966381667425,False,0,0,0
BTCUSD#,2025-02-23 07:00:00,2025-02-23 08:00:00,LOWER,96373.37,96383.94,96178.51,96186.12,60,96516.401,96770.37436943858,96262.42763056142,96395.5425,96480.05643707898,96311.02856292101,True,205.43000000000757,232.46800000000076,0.8836915188327292,-187.25,0.9115027016501636,0.03704424864917637,10.570000000006985,7.610000000000582,-1.4207589861830514,0.04965414594692832,507.9467388771591,169.02787415796774,0.23522072491321655,-0.779666068944649,0.3327669246023945,-1.472804859163427,-1.8529862174579208,-1.2956621986682497,-9.189307775693834,False,0,1,0
BTCUSD#,2025-02-23 14:00:00,2025-02-23 15:00:00,LOWER,96093.49,96135.99,95634.55,95710.43,60,96388.5445,96832.97385614843,95944.11514385158,96218.8775,96594.10838674029,95843.64661325971,True,501.4400000000023,210.50600000000048,2.382069869742436,-383.0600000000122,0.7639199106573278,0.15132418634331077,42.5,75.8799999999901,-3.221354735732041,-0.5700265075579377,888.8587122968456,750.4617734805797,0.3961397372318438,-0.18066642417570722,0.8442981579618624,-2.8976846265665066,-4.3254349044683345,-5.182750135388053,-15.113820983724908,False,0,2,0
BTCUSD#,2025-02-24 16:00:00,2025-02-24 17:00:00,LOWER,95572.06,95777.49,94555.5,94651.94,60,95696.1335,96349.87065476176,95042.39634523823,95689.5875,96086.30503172001,95292.86996827998,True,1221.9900000000052,417.860500000001,2.9243970176649916,-920.1199999999953,0.7529685185639746,0.07892044943084797,205.43000000000757,96.44000000000233,-2.498904538715651,-0.0644916186143775,1307.4743095235317,793.4350634400325,0.4690110342845044,0.36924156574284206,0.6068456241631052,-1.9983942009354818,-2.763864974076278,-2.200351552731115,-4.454740278155,False,0,0,0
BTCUSD#,2025-02-25 00:00:00,2025-02-25 01:00:00,LOWER,93957.49,93973.49,92345.5,92409.56,60,94923.8635,96745.64282362655,93102.08417637346,94004.8375,94316.09805838409,93693.5769416159,True,1627.9900000000052,646.4610000000015,2.5183112360993185,-1547.9300000000076,0.950822793751806,0.03934913605120269,16.0,64.05999999999767,-3.8893351648436694,-0.9797683077556053,3643.558647253085,622.5211167681846,0.2586306118194537,-0.7133282520009648,0.17085524813426825,-3.0975109093974633,-4.949393698923816,-5.189903180547627,-6.499989945255778,False,0,1,0
BTCUSD#,2025-02-25 09:00:00,2025-02-25 10:00:00,LOWER,91255.49,91419.31,88177.52,89299.57,60,93104.0795,96333.83233874086,89874.32666125915,91831.19,93212.34371271511,90450.0362872849,True,3241.7899999999936,879.6590000000018,3.6852803188508125,-1955.9199999999983,0.603345682477891,0.3461205074974027,163.81999999999243,1122.050000000003,-4.324982180594972,-1.4417893752010644,6459.505677481706,2762.307425430219,0.10348849592018206,1.038357582479219,0.4276344914533969,-3.0651991282985587,-5.253672161598958,-7.44599896096098,-8.169961314554826,False,0,2,0
BTCUSD#,2025-02-26 18:00:00,2025-02-26 19:00:00,LOWER,87553.77,87784.12,86258.32,86781.05,60,88400.16900000001,89702.2965815814,87098.04141841862,87560.4225,88613.94631317428,86506.89868682572,False,1525.7999999999884,843.3045000000005,1.809310871695796,-772.7200000000012,0.5064359680167827,0.342594049023463,230.34999999999127,522.7299999999959,-1.9199695957984393,0.03684849304138301,2604.255163162772,2107.0476263485616,0.20562626291579145,-0.49235377884157705,0.8090787938727286,-2.9160404100772603,-2.2416576693234687,-0.7760423429496723,-9.048842974275589,False,0,0,0
BTCUSD#,2025-02-26 19:00:00,2025-02-26 20:00:00,LOWER,86783.49,87280.96,85665.31,86028.83,60,88261.68549999999,89908.42219209665,86614.94880790333,87277.3625,88595.49290604114,85959.23209395887,False,1615.6500000000087,850.0815000000002,1.9005824735628387,-754.6600000000035,0.4670937393618664,0.22499922631758246,497.47000000000116,363.5200000000041,-2.6266369753958765,-0.20785124720395806,3293.4733841933194,2636.2608120822697,0.2646508033389159,0.25116337149474677,0.8004500126628402,-3.0178988720493165,-2.7906265458076596,-1.421804850476094,-10.108054345377468,True,1,1,1
BTCUSD#,2025-02-26 20:00:00,2025-02-26 21:00:00,LOWER,86027.75,86475.49,83403.83,84243.5,60,88034.60399999999,90417.84587108517,85651.36212891481,86990.93000000001,89565.36777159892,84416.4922284011,True,3071.6600000000035,877.568,3.5001959962077054,-1784.25,0.5808748364076747,0.2733603328493379,447.74000000000524,839.6699999999983,-4.320011668611427,-0.4874984046820408,4766.483742170356,5148.875543197821,0.44725133199697176,0.9530979331028115,1.0802251348608078,-4.185214137252039,-5.30348645347141,-3.195273756563602,-11.276231585472583,True,2,2,2
BTCUSD#,2025-02-27 22:00:00,2025-02-27 23:00:00,LOWER,84098.22,84142.46,82693.99,83507.3,60,85383.356,87259.34797113505,83507.36402886495,84438.995,85259.71187023018,83618.27812976981,True,1448.4700000000012,890.8420000000012,1.6259561179198996,-590.9199999999983,0.4079615042078868,0.5614959232845672,44.24000000000524,813.3099999999977,-2.1059357327112935,0.03166218027439832,3751.9839422701043,1641.433740460372,0.10376050814357063,-0.49409638878193496,0.43748421254362757,-1.6308952653781403,-2.8609674891843837,-0.9747183002148431,-5.198699657178259,False,0,0,0
BTCUSD#,2025-02-28 03:00:00,2025-02-28 04:00:00,LOWER,84234.6,84382.66,81088.51,81681.71,60,85106.743,87599.4659125256,82614.0200874744,84500.54000000001,85299.5537179542,83701.52628204582,True,3294.1500000000087,894.1325000000012,3.6841855094183518,-2552.8899999999994,0.7749768529059067,0.18007680281711824,148.05999999999767,593.2000000000116,-3.830565380410612,-0.377172287105113,4985.445825051196,1598.027435908385,0.2776424918437368,-0.5899659005764007,0.32053852192686794,-2.6950815455203694,-4.93591274223898,-3.4212267197534985,-7.830439000931056,False,1,1,1
BTCUSD#,2025-02-28 08:00:00,2025-02-28 09:00:00,LOWER,79948.34,80330.51,78918.62,79322.06,60,83565.9035,88001.2836879423,79130.5233120577,80385.8075,81570.95706333057,79200.65793666942,False,1411.8899999999994,1265.0035000000012,1.116115489008527,-626.2799999999988,0.4435756326626005,0.2857446401631873,382.16999999999825,403.4400000000023,-3.354807713970751,-1.3832254219059488,8870.760375884594,2370.29912666115,0.05044125180197678,-0.41154428499878093,0.26720360219681655,-3.8846374733350517,-4.186099089844418,-5.4713445456870256,-7.569631230269317,False,1,2,1
BTCUSD#,2025-03-01 23:00:00,2025-03-02 00:00:00,UPPER,85511.38,86130.25,85265.63,86049.59,60,85183.84700000001,86078.98922534165,84288.70477465837,85363.64000000001,85890.75221486264,84836.52778513738,False,864.6199999999953,600.9595000000002,1.438732560180836,538.2099999999919,0.6224815525895708,0.9067104623996624,80.66000000000349,245.75,1.44060123851938,0.6183178733342305,1790.284450683277,1054.2244297252619,0.07676642574341419,0.25989010832162784,0.5888586192674065,2.127980338109309,1.1508762237721342,3.017707516063876,2.7670916259748,False,0,0,0
BTCUSD#,2025-03-02 16:00:00,2025-03-02 17:00:00,LOWER,85692.73,85881.49,85025.02,85081.35,60,85880.409,86462.59548093544,85298.22251906455,85920.0575,86480.69165891803,85359.42334108196,True,856.4700000000012,455.2624999999971,1.881266302407966,-611.3799999999901,0.7138370287342105,0.06576996275409724,188.7600000000093,56.330000000001746,-1.7551610334696992,0.5429406111858627,1164.3729618708894,1121.2683178360749,0.10339684923607395,0.8369416350646355,0.9629803804740065,-1.43334889212266,-1.4867246917986778,0.888849839378394,6.640893989731254,False,0,1,0
BTCUSD#,2025-03-02 17:00:00,2025-03-02 18:00:00,UPPER,85083.37,88690.44,85050.54,87425.81,60,85978.8095,86840.28709214466,85117.33190785535,85699.255,87224.3049252976,84174.2050747024,True,3639.9000000000087,484.9914999999972,7.505079985937959,2342.4400000000023,0.6435451523393491,0.6525646308964528,1264.6300000000047,32.830000000001746,2.9835584747361614,0.5721028100492443,1722.9551842893125,3050.099850595201,0.4797279228477662,1.7202229850581707,1.77027230795519,3.2311906497330374,3.247335262576771,5.474425840452912,7.13369203377795,True,1,2,0
BTCUSD#,2025-03-02 18:00:00,2025-03-02 19:00:00,UPPER,87427.23,91977.33,87313.14,91223.23,60,86264.4025,88687.8256025771,83840.9793974229,86037.255,89483.41734014642,82591.09265985359,True,4664.190000000002,648.1949999999982,7.195658713812996,3796.0,0.8138604988218744,0.838321337681354,754.1000000000058,114.08999999999651,7.65020942771853,0.7691566581044365,4846.846205154201,6892.324680292833,1.8131005666020479,1.2597046057190076,1.422022566543053,8.109673786437737,8.475211934680168,9.217689121329256,10.609862772776731,True,2,3,1
BTCUSD#,2025-03-03 16:00:00,2025-03-03 17:00:00,LOWER,93554.0,93704.11,89165.58,89229.74,60,92875.74100000001,95237.45659430213,90514.02540569789,92956.5175,94491.12913660578,91421.90586339422,True,4538.529999999999,979.4370000000002,4.6338151407390145,-4324.259999999995,0.9527886782724794,0.014136735903476128,150.11000000000058,64.16000000000349,-3.7225477493703045,0.8434182086239457,4723.4311886042415,3069.2232732115663,0.413603518194942,-0.13488995674409476,0.6497868076529578,-2.27802298667499,-4.151966895267378,4.23548426289797,4.648639983990805,False,0,3,0
BTCUSD#,2025-03-03 20:00:00,2025-03-03 21:00:00,LOWER,90316.24,90454.64,86735.69,87117.76,60,91938.1405,95371.80923407283,88504.47176592716,89957.3075,91543.07778679024,88371.53721320975,True,3718.949999999997,1186.8799999999997,3.1333833243461835,-3198.4800000000105,0.8600492074375867,0.10273598730824365,138.39999999999418,382.06999999999243,-4.0613882616608254,-0.9644408027770394,6867.337468145677,3171.5405735804816,0.2385531894438475,-0.7589029911595624,0.4618297248812593,-4.960619439201945,-3.795859733081703,-4.799962928012952,1.5324548395793989,False,1,1,1
BTCUSD#,2025-03-04 03:00:00,2025-03-04 04:00:00,LOWER,86019.34,86170.65,82560.58,83339.64,60,89251.28400000001,95420.9129088191,83081.65509118093,86036.4925,87905.22357732111,84167.76142267887,False,3610.0699999999924,1491.3659999999995,2.420646575019139,-2679.699999999997,0.7422847756414703,0.2158019096582613,151.30999999999767,779.0599999999977,-3.9639122790783863,-1.509567068043647,12339.257817638165,3737.4621546422422,0.0679386089155023,0.00022469661374824312,0.30289197372144894,-1.4849272412003545,-6.8480976500738295,-6.517950657316847,-2.009372615441151,False,0,2,0
BTCUSD#,2025-03-04 17:00:00,2025-03-04 18:00:00,LOWER,83177.24,83342.46,81477.5,82956.69,60,84207.4495,86478.89523036651,81936.00376963349,83403.51000000001,85190.61245232298,81616.40754767704,False,1864.9600000000064,1305.0555,1.4290273478790798,-220.5500000000029,0.1182599090597129,0.7931483785175002,165.22000000000116,1479.1900000000023,-0.9583956391126662,-1.2217641318702437,4542.8914607330225,3574.2049046459433,0.0017098034996687606,-0.058278323975425095,0.7867687210975594,-0.5896147711725639,-0.764120759615205,-5.437270675461697,-3.424467388551671,False,0,2,0
BTCUSD#,2025-03-05 12:00:00,2025-03-05 13:00:00,UPPER,88447.14,90634.11,88345.68,89905.47,60,86999.86750000001,90008.64550811329,83991.08949188673,87818.1325,89316.03319848157,86320.23180151844,False,2288.4300000000076,1281.4039999999993,1.7858770536068318,1458.3300000000017,0.6372622278155753,0.6815983010186035,728.6399999999994,101.4600000000064,2.267514772858517,1.053082400242234,6017.556016226561,2995.8013969631284,-0.0402428973226262,0.656581503435161,0.4978435412790242,2.3328630158794557,1.885135367144161,4.641471386073408,-2.052834234948538,False,0,1,0
BTCUSD#,2025-03-06 03:00:00,2025-03-06 04:00:00,UPPER,90038.74,91875.59,90030.22,91033.05,60,89425.278,91517.3833295241,87333.1726704759,90345.875,91129.5254471775,89562.2245528225,False,1845.3699999999953,1019.0840000000004,1.8108124551067377,994.3099999999977,0.538813354503433,0.5434303147878227,842.5399999999936,8.520000000004075,1.577663862841529,0.9866007120119527,4184.2106590482,1567.300894354994,-0.041141542453857816,1.3272797624774508,0.37457504463016555,1.2762049055818727,1.5402655718272515,3.3436399747223935,7.549338425487988,False,0,1,0
BTCUSD#,2025-03-06 04:00:00,2025-03-06 05:00:00,UPPER,91029.51,91995.67,90978.68,91795.15,60,89641.26800000001,91775.07042938842,87507.4655706116,90516.3575,91937.09502792629,89095.6199720737,False,1016.9900000000052,1091.6880000000006,0.9315756882918973,765.6399999999994,0.7528490938947241,0.8028299196648905,200.52000000000407,50.830000000001746,1.9729831233832213,0.9508577542301533,4267.604858776816,2841.475055852585,0.019930688611071723,0.8129735432978002,0.6658243089232516,1.2129564490953437,2.997284938553863,3.9656934948446683,7.243177537904593,True,1,2,1
BTCUSD#,2025-03-07 02:00:00,2025-03-07 03:00:00,LOWER,89906.22,91260.22,84634.08,85501.78,60,90004.38700000002,93084.59674666422,86924.17725333582,89781.4825,91665.45547901855,87897.50952098145,True,6626.139999999999,1048.6399999999987,6.3187938663411725,-4404.440000000002,0.664706752347521,0.13095105144171376,1354.0,867.6999999999971,-4.293758582545033,-0.6772061908757867,6160.419493328402,3767.945958037104,0.2575193770809807,-0.33081728238868136,0.6116378863675934,-2.7738880836130617,-4.3548405553860325,-4.323075602685393,-1.241245804089103,False,0,2,0
BTCUSD#,2025-03-07 16:00:00,2025-03-07 17:00:00,UPPER,89171.72,91110.2,88675.5,90463.93,60,88602.7565,90917.7767794894,86287.7362205106,89106.86,89542.38189174184,88671.33810825816,False,2434.699999999997,1345.6595000000016,1.8092987118955384,1292.2099999999919,0.5307471146342438,0.7345586725263873,646.2700000000041,496.22000000000116,1.3830939401832245,-0.02371142179725746,4630.040558978799,871.0437834836775,0.07567800386139911,-0.1296690685041535,0.18812875878473834,1.5737264887588536,2.412437916129592,0.5081969101395897,1.4423262348313135,False,0,1,0
BTCUSD#,2025-03-08 03:00:00,2025-03-08 04:00:00,LOWER,86730.14,86785.4,85227.23,86096.55,60,88011.715,90270.36936878998,85753.06063121001,86640.50749999999,87431.6245351663,85849.39046483369,False,1558.1699999999983,1310.620500000001,1.1888796184707908,-633.5899999999965,0.4066244376415906,0.5579108826379714,55.25999999999476,869.320000000007,-1.461265866053516,-0.15436848424085675,4517.308737579966,1582.2340703326045,0.08529909987888762,-0.21903586472373504,0.35026033469216594,-1.3254714083901489,-2.3438440036608594,-1.6248563180569746,-3.766536537464504,False,0,1,0
BTCUSD#,2025-03-08 19:00:00,2025-03-08 20:00:00,LOWER,86134.52,86145.33,85657.94,85923.11,60,86257.2685,86788.21617802384,85726.32082197617,86296.51,86687.05418525495,85905.96581474504,False,487.3899999999994,654.9509999999988,0.7441625404037865,-211.4100000000035,0.4337594123802371,0.5440612240710695,10.809999999997672,265.16999999999825,-0.5102038167740879,-0.5655453614087013,1061.8953560476657,781.0883705099113,0.043679793334847616,0.3035173398804256,0.735560586136371,-0.027085995746254716,-0.5402083514644581,-2.711576896592265,-4.0971920036766285,False,0,1,0
BTCUSD#,2025-03-09 08:00:00,2025-03-09 09:00:00,LOWER,86015.64,86025.19,85785.0,85889.31,60,86157.096,86470.91413906073,85843.27786093928,86041.0325,86209.11707199045,85872.94792800955,False,240.19000000000233,380.42600000000164,0.6313711470824847,-126.33000000000175,0.5259586160955931,0.4342811940546928,9.55000000000291,104.30999999999767,-0.7039108788568768,-0.10720350344086796,627.6362781214411,336.16914398089284,0.0823683114383238,-0.3891322036391629,0.5356113973957503,-1.3865508666599908,-0.3502652289801418,-1.5348057178005765,-6.069826983434322,False,0,1,0
BTCUSD#,2025-03-09 11:00:00,2025-03-09 12:00:00,LOWER,85781.08,85884.19,85385.58,85563.8,60,86101.9675,86521.99724049743,85681.93775950257,85918.97750000001,86289.20275270904,85548.75224729098,False,498.6100000000006,359.3110000000008,1.3876836500969898,-217.27999999999884,0.43577144461602974,0.35743366559034306,103.11000000000058,178.22000000000116,-1.49777629964013,-0.17359334949388142,840.0594809948525,740.4505054180627,0.20479264310560663,0.5867823457938794,0.8814262825070119,-1.5138417693864121,-1.820901670140916,-1.0247390143914221,-9.333112540389756,False,1,2,1
BTCUSD#,2025-03-09 12:00:00,2025-03-09 13:00:00,LOWER,85563.3,85615.53,84686.83,84824.96,60,86025.487,86708.4335145903,85342.54048540969,85805.8925,86439.2223055086,85172.5626944914,True,928.6999999999971,364.00250000000085,2.551356103323452,-738.3399999999965,0.7950253041886496,0.14873479056746536,52.229999999995925,138.13000000000466,-3.2981284469199648,-0.38046854073805375,1365.8930291806173,1266.6596110172104,0.6259479954479401,0.71066074200604,0.9273490558605927,-3.352641808778765,-4.144092416947654,-3.5342889128508395,-12.140108927823267,True,2,3,2
BTCUSD#,2025-03-09 15:00:00,2025-03-09 16:00:00,LOWER,84577.14,84673.62,83477.5,83477.5,60,85755.2665,87196.68786824633,84313.84513175367,84989.4825,86438.95661213886,83540.00838786113,True,1196.1199999999953,400.10950000000156,2.9894816294039273,-1099.6399999999994,0.9193391967361165,0.0,96.47999999999593,0.0,-5.692857830168964,-1.010425895910997,2882.842736492661,2898.9482242777303,0.45171000627670055,-0.0791939581831067,1.0055866688741626,-6.279231060497176,-6.755825592743977,-7.0777374693677215,-14.223456328829933,False,2,4,2
BTCUSD#,2025-03-10 00:00:00,2025-03-10 01:00:00,LOWER,81780.87,81995.36,80151.76,80313.76,60,84046.7535,87446.74919654304,80646.75780345697,82488.655,84248.04637303413,80729.26362696587,True,1843.6000000000058,691.543,2.665922437216494,-1467.1100000000006,0.7957854198307637,0.08787155565198497,214.49000000000524,162.0,-5.398064184005928,-1.7888627316016383,6799.991393086064,3518.78274606826,0.12068298306951752,0.8722987131393918,0.5174687058642465,-3.096597030119613,-6.523383216951096,-8.704679246265242,-9.2878100132602,False,0,4,0
BTCUSD#,2025-03-10 11:00:00,2025-03-10 12:00:00,UPPER,81320.79,84035.12,81299.24,82483.58,60,82140.96699999999,83676.65367747603,80605.28032252395,82059.25,83765.20311656405,80353.29688343595,False,2735.87999999999,1010.3025000000001,2.7079810254849312,1162.7900000000081,0.42501498603740384,0.4328917934997152,1551.5399999999936,21.54999999998836,0.3391192241927661,-0.7865639251610532,3071.373354952084,3411.906233128102,-0.06232222077262428,2.2523594276563403,1.1108731628562725,0.46437576864355323,0.6926044427287917,-3.0488096386973216,-3.413254940970648,False,0,4,0
BTCUSD#,2025-03-10 16:00:00,2025-03-10 17:00:00,LOWER,81497.76,81497.76,79145.05,79813.38,60,81956.666,83793.74418235065,80119.58781764934,82629.815,85863.97465225952,79395.65534774048,False,2357.699999999997,1179.619999999999,1.9986944948373198,-1684.37999999999,0.715931840303308,0.2840681596966919,0.0,668.3300000000017,-1.8169291805835732,-0.19836642308540312,3674.15636470131,6468.319304519042,0.17040495170460668,0.5315763629959545,1.7604910250042891,-1.278216713857004,-1.9977789457621924,-3.182880927756396,-5.545167087706218,False,1,2,0
BTCUSD#,2025-03-11 02:00:00,2025-03-11 03:00:00,LOWER,78572.55,79212.52,76567.8,77630.38,60,80478.611,84178.39403027676,76778.82796972325,79214.745,80745.9905626615,77683.4994373385,False,2644.720000000001,1315.666999999999,2.0101743070245,-942.1699999999983,0.3562456517136021,0.40177410084999593,639.9700000000012,1062.5800000000017,-2.164857064895602,-0.6427792898963034,7399.566060553509,3062.491125322995,0.037252240731598274,0.9473832873787387,0.41387442185953155,0.01378008265009662,-4.252770647891906,-2.7392949735761425,-6.6782932155324986,False,0,2,0
BTCUSD#,2025-03-11 10:00:00,2025-03-11 11:00:00,UPPER,80376.46,81487.49,80291.15,81079.97,60,79462.47,81379.25189168313,77545.68810831687,80103.2575,81068.83765899925,79137.67734100076,False,1196.340000000011,1304.2494999999988,0.9172631463535253,703.5099999999948,0.5880518916027119,0.6593610512061786,407.5200000000041,85.31000000001222,1.2401768219960994,-0.541575059066538,3833.563783366262,1931.1603179984959,-0.21333607947710653,-0.16273705978765962,0.5037506683409709,1.3528853183382488,1.3820131807602816,-0.18494927542621362,-3.604456049245183,False,0,3,0
BTCUSD#,2025-03-12 14:00:00,2025-03-12 15:00:00,UPPER,82989.39,84472.43,82862.48,84046.75,60,82625.7325,83938.41433839411,81313.05066160588,82706.9725,83431.38510687562,81982.55989312439,True,1609.949999999997,797.3929999999993,2.019016971556056,1057.3600000000006,0.6567657380664012,0.7355942731140758,425.679999999993,126.91000000000349,1.7820792256766775,0.704650028279659,2625.363676788227,1448.8252137512318,0.04863253941318457,0.6436257990141423,0.5518569585466616,3.3223140910441957,1.6369218189775996,3.5791761402470263,1.0297807981760563,False,0,0,0
BTCUSD#,2025-03-13 15:00:00,2025-03-13 16:00:00,LOWER,82494.77,83083.53,81574.06,81746.43,60,83156.774,84120.38805995983,82193.15994004018,82999.985,84335.91927154738,81664.05072845262,False,1509.4700000000012,674.5050000000017,2.2378929733656494,-748.3400000000111,0.49576341364850607,0.1141923986564789,588.7599999999948,172.36999999999534,-2.0909318685554714,0.2285594621240956,1927.2281199196586,2671.8685430947517,0.020695585322015875,0.7647200646492844,1.386378973759544,-2.0697548572657114,-3.1999021504658978,-1.377454577801504,1.3030296291354282,False,0,0,0
BTCUSD#,2025-03-14 17:00:00,2025-03-14 18:00:00,UPPER,83517.85,85326.94,83517.85,84737.77,60,82286.75,84387.30830416914,80186.19169583086,83435.925,83970.46887162144,82901.38112837856,True,1810.8699999999953,577.823999999999,3.1339473611341835,1219.9199999999983,0.6743279770492351,0.6743279770492351,589.1699999999983,0.0,4.241810655147602,1.4401582488785716,4201.116608338285,1069.0877432428824,0.06453832286515127,-0.3510952362964411,0.25447704572660046,3.428448801019015,4.949984770449143,6.443069169851049,5.28479260120731,False,0,0,0
BTCUSD#,2025-03-16 09:00:00,2025-03-16 10:00:00,LOWER,84208.04,84345.37,83960.53,84260.74,60,84259.724,84552.55135014962,83966.89664985039,84316.0475,84592.63323674715,84039.46176325285,False,384.8399999999965,259.5745000000017,1.4825801455843852,52.70000000001164,0.13694002702424934,0.7800904271905444,84.6299999999901,247.50999999999476,0.003914097879426727,0.325403689499581,585.6547002992302,553.1714734942943,-0.03485477366290357,-0.6095415572722592,0.9445351897827524,1.5533112844289751,-0.038062290402139036,1.6904202839647395,8.11574326445774,False,0,0,0
BTCUSD#,2025-03-16 11:00:00,2025-03-16 12:00:00,LOWER,84242.05,84252.77,83786.34,83872.61,60,84237.91500000001,84560.28562862423,83915.54437137578,84270.92749999999,84517.37505582634,84024.47994417364,True,466.43000000000757,257.12350000000004,1.814031000667024,-369.4400000000023,0.7920588298351228,0.18495808588641957,10.720000000001164,86.27000000000407,-1.4207375055178058,0.19317954212665153,644.7412572484463,492.8951116527023,0.12854522386651723,-0.1601730383992609,0.7644851420804436,-1.6756928090975758,-1.9202834435592233,-0.27224271604890254,4.339860028352152,False,1,1,1
BTCUSD#,2025-03-16 13:00:00,2025-03-16 14:00:00,LOWER,83642.98,83669.07,82347.86,82377.89,60,84116.9625,85014.26142636413,83219.66357363586,84005.0925,85044.34978911455,82965.83521088545,True,1321.2100000000064,265.56500000000085,4.975090844049488,-1265.0899999999965,0.9575237850152439,0.02272916493214454,26.09000000001106,30.029999999998836,-6.548575678270816,-0.4429273435882118,1794.5978527282714,2078.5145782291074,1.172271701980192,0.641135718756028,1.1582063218615837,-7.510515316400853,-7.302129422175347,-6.399977406661251,-3.2210193361323847,False,2,2,2
BTCUSD#,2025-03-16 18:00:00,2025-03-16 19:00:00,UPPER,83285.5,85122.38,83258.12,83615.12,60,83814.201,85066.21678602441,82562.1852139756,82979.505,84336.27349325772,81622.7365067423,False,1864.2600000000093,388.5345000000001,4.798183945055095,329.61999999999534,0.17681010159526767,0.19149689421003413,1507.2600000000093,27.380000000004657,-0.5123895046643362,-1.0286370965769904,2504.0315720488143,2713.5369865154207,-0.014756954327598049,-0.061206566894576375,1.0836672415816178,-0.06071532901199521,-1.9692974497760154,-1.8775166684039906,-2.977238829499077,False,1,3,0
BTCUSD#,2025-03-17 19:00:00,2025-03-17 20:00:00,UPPER,83418.37,84324.66,83326.17,84178.09,60,83257.51849999999,84128.2642949756,82386.77270502438,83207.13,84254.85771152264,82159.40228847737,False,998.4900000000052,612.4230000000003,1.6303927187581209,759.7200000000012,0.7608689120572035,0.8532083446003403,146.57000000000698,92.19999999999709,1.5031628465946003,-0.013749483608563763,1741.4915899512125,2095.455423045263,0.10604018213467614,0.10692599924034418,1.2032532543576435,1.1269008512090484,1.748872919534378,0.47152050135280577,-0.3726346005946973,False,0,0,0
BTCUSD#,2025-03-18 08:00:00,2025-03-18 09:00:00,LOWER,83005.85,83008.96,82227.5,82425.57,60,83512.6745,84628.84862849268,82396.50037150731,83109.6,83678.81556610382,82540.3844338962,False,781.4600000000064,595.4090000000003,1.3124759619018287,-580.2799999999988,0.7425588001945002,0.25346146955698995,3.110000000000582,198.07000000000698,-1.8258113330500314,-0.19185299516802687,2232.348256985366,1138.4311322076246,0.1111674057897929,0.102413453496218,0.5099702202133095,-2.249092640521036,-3.4457490565308704,-1.2950425673780321,-2.993690051712328,False,0,1,0
BTCUSD#,2025-03-18 15:00:00,2025-03-18 16:00:00,LOWER,82376.6,82457.36,81149.17,81340.87,60,83251.111,84776.87370679707,81725.34829320294,82639.02500000001,83371.14920005412,81906.9007999459,True,1308.1900000000023,514.9070000000022,2.540633551301491,-1035.7300000000105,0.7917275013568431,0.1465383468762158,80.75999999999476,191.6999999999971,-3.709875763972913,-0.4745420046726887,3051.5254135941213,1464.2484001082194,0.17383465806047038,-0.2766616915092005,0.47984145686127877,-3.5010399936299152,-3.4983598980009867,-3.2244075143666664,-2.3901015134771955,False,0,2,0
BTCUSD#,2025-03-19 13:00:00,2025-03-19 14:00:00,UPPER,83457.82,84077.49,83377.5,83866.48,60,82741.7385,84031.99521256001,81451.48178744,83389.17,83901.28975619812,82877.05024380187,False,699.9900000000052,457.2685000000005,1.530807392155822,408.65999999998894,0.5838083401191244,0.6985528364690814,211.0100000000093,80.32000000000698,2.4596959991776997,0.8858690244353182,2580.513425120007,1024.2395123962488,0.010833060082191315,-0.11529033378041575,0.39691307257919667,1.4118619585648051,2.570809054199014,2.8575333748114895,0.8278068574590168,False,0,1,0
BTCUSD#,2025-03-19 15:00:00,2025-03-19 16:00:00,UPPER,83726.29,84313.34,83606.17,84078.11,60,82968.05649999999,84196.8215162772,81739.29148372279,83644.91,84300.07304099276,82989.74695900724,False,707.1699999999983,448.8040000000008,1.575676687373546,351.820000000007,0.49750413620488404,0.6673642829871226,235.22999999999593,120.11999999999534,2.4733591946596,1.2952346681401914,2457.5300325544085,1310.3260819855204,-0.046266099909670344,-0.11452204967745472,0.5331882274592347,2.023645065551999,3.327220791258548,6.098965249864084,2.3996443881961818,False,1,2,1
BTCUSD#,2025-03-19 17:00:00,2025-03-19 18:00:00,UPPER,84288.49,84868.35,84090.93,84710.58,60,83210.9665,84585.49872780235,81836.43427219764,83992.155,84843.86939595407,83140.44060404593,False,777.4200000000128,442.86600000000107,1.755429407540906,422.0899999999965,0.5429368938282905,0.7970595045149321,157.77000000000407,197.56000000001222,3.386156309131889,1.5018278666684413,2749.0644556047046,1703.4287919081398,0.10340313568406923,-0.0629760135471038,0.6196394516815507,2.687833340107398,3.8205010093346456,7.068210248698244,2.70698134424408,False,2,2,2
BTCUSD#,2025-03-19 20:00:00,2025-03-19 21:00:00,UPPER,84210.08,85847.72,83550.78,85596.33,60,83608.5275,85115.32465357185,82101.73034642814,84442.5075,85253.71985257216,83631.29514742785,True,2296.9400000000023,475.4010000000024,4.831584283583734,1386.25,0.603520335751042,0.8905543897533243,251.38999999999942,659.3000000000029,4.181317456210642,1.6245127797374843,3013.594307143707,1622.424705144309,0.16113233005922067,-0.1648590816596538,0.5383686521103259,3.9310603048794435,5.070898041863593,7.869693164297037,2.354075822305799,False,2,3,2
BTCUSD#,2025-03-20 00:00:00,2025-03-20 01:00:00,UPPER,85623.69,86488.09,85616.92,86131.7,60,84172.92250000002,86117.13110045771,82228.71389954232,85490.1875,85981.25438113039,84999.12061886961,True,871.1699999999983,591.3890000000022,1.4730913155300405,508.00999999999476,0.5831353237599961,0.5909064820873077,356.3899999999994,6.7700000000040745,3.3121642438394607,1.4130935813821464,3888.417200915399,982.1337622607825,0.07723878543464058,-0.774117950354853,0.25257931737097855,2.6603639905375176,4.521355655921872,6.36530270262041,3.542795013096271,False,1,4,1
BTCUSD#,2025-03-20 01:00:00,2025-03-20 02:00:00,UPPER,86133.73,86977.49,86133.73,86811.07,60,84362.5455,86544.6537765065,82180.43722349349,85625.3325,86875.57353153762,84375.09146846239,False,845.7900000000081,617.5415000000023,1.3696083583046725,677.3400000000111,0.8027638190954817,0.8027638190954817,166.41999999999825,0.0,3.964955391661945,1.4824396417082975,4364.216553013015,2500.4820630752365,0.1223632464092601,1.5459689496055553,0.5729509598576007,4.176205161920294,4.768246344577652,6.671843106900505,4.581959269134127,True,2,5,2
BTCUSD#,2025-03-21 14:00:00,2025-03-21 15:00:00,LOWER,84024.15,84343.55,83374.65,83448.75,60,84231.9635,84828.37750811005,83635.54949188995,84068.6825,84301.1669480253,83836.19805197469,True,968.9000000000087,467.7275000000016,2.0715053102501035,-575.3999999999942,0.5938693363608102,0.07647848075137285,319.40000000000873,74.10000000000582,-1.6745081270611528,-0.7736930156982454,1192.8280162200972,464.96889605061733,0.1381755952862289,-0.3350524065113092,0.3898038021642364,-1.5788038975685512,-2.1949532580401963,-4.003100095675354,-0.5959666686264952,False,0,0,0
BTCUSD#,2025-03-22 11:00:00,2025-03-22 12:00:00,UPPER,84206.75,84518.05,84206.75,84339.55,60,84152.12,84515.9807102982,83788.25928970179,84270.825,84441.53372815807,84100.11627184192,False,314.6999999999971,386.482499999999,0.8142671401680488,132.8000000000029,0.426598136845492,0.426598136845492,178.5,0.0,0.4849637435071654,0.27567095534723307,727.7214205964119,341.4174563161505,-0.010911745729070721,0.4134849770795448,0.46915955289091,0.2781497221737085,-0.09288907000962339,0.5970516129449602,-3.954512817527301,False,0,1,0
BTCUSD#,2025-03-22 22:00:00,2025-03-22 23:00:00,LOWER,84145.85,84182.75,83929.55,83929.55,60,84193.31,84427.62884623054,83958.99115376946,84172.7375,84350.18024392417,83995.29475607583,True,253.1999999999971,179.05750000000043,1.4140708990128672,-216.3000000000029,0.8542654028436232,0.0,36.89999999999418,0.0,-1.4730463677868513,-0.058668304874077204,468.6376924610813,354.88548784833984,0.1643904880066045,-0.26257864559059896,0.7572704747341931,-0.277564469513966,-1.529117741507629,-1.4777375982574907,-3.2335981458469965,False,0,1,0
BTCUSD#,2025-03-23 01:00:00,2025-03-23 02:00:00,LOWER,83939.65,83939.65,83643.55,83821.05,60,84158.18,84465.83902635663,83850.52097364336,83998.9,84350.95527957268,83646.84472042731,False,296.09999999999127,171.7074999999997,1.7244441856062886,-118.59999999999127,0.4005403579871488,0.5994596420128512,0.0,177.5,-1.963397056040014,-0.23531295953874412,615.3180527132645,704.110559145367,0.15199101641224733,-0.261122533372406,1.1443034314377243,-2.2707220127250984,-2.309159471776135,-1.472271158802052,-2.1817917097388917,False,1,2,1
BTCUSD#,2025-03-23 12:00:00,2025-03-23 13:00:00,UPPER,84302.15,84477.45,84287.15,84439.15,60,84136.43500000001,84433.9359801642,83838.93401983583,84272.75,84439.4969935838,84106.0030064162,False,190.3000000000029,163.4474999999984,1.1642882271065924,137.0,0.7199159222280499,0.7987388334209021,38.30000000000291,15.0,1.8520625889046018,0.13686351886706535,595.0019603283727,333.49398716760334,0.10105600619763311,-0.06891331324760386,0.5604922494432674,2.127900396151619,3.056027164685938,0.30223772159252765,1.8452408265650697,False,0,2,0
BTCUSD#,2025-03-23 13:00:00,2025-03-23 14:00:00,UPPER,84441.95,84997.05,84441.95,84664.55,60,84165.6,84540.13498915154,83791.06501084847,84329.225,84609.27633434441,84049.1736656556,True,557.9000000000087,162.45249999999797,3.434234622428191,222.60000000000582,0.4010088272383417,0.4010088272383417,332.5,0.0,3.0713593204167577,0.35755066865703594,749.0699783030723,560.1026686888072,0.25893699222381006,0.6794985524201298,0.7477307660329042,2.806974346347429,5.192286976193106,2.7515735368800454,3.935304165833157,True,1,3,1
BTCUSD#,2025-03-24 00:00:00,2025-03-24 01:00:00,UPPER,85162.55,85653.65,85137.65,85346.45,60,84713.08499999999,85526.83271102622,83899.33728897377,85048.65,85369.35310234425,84727.94689765574,False,516.0,257.9124999999993,2.0006785246934577,183.89999999999418,0.35639534883719803,0.4046511627907033,307.1999999999971,24.90000000000873,2.455735956962175,1.2709736829350624,1627.4954220524523,641.4062046885083,0.03354386510442664,0.7279671472961959,0.3941063034632834,0.46566180390633105,3.5178597392526747,5.454563078563493,4.613192458682716,False,0,3,0
BTCUSD#,2025-03-24 01:00:00,2025-03-24 02:00:00,UPPER,85347.75,86100.35,85347.75,86062.55,60,84805.59,85776.1778186443,83835.0021813557,85147.07500000001,85666.59149622633,84627.55850377369,True,753.9000000000087,268.92749999999944,2.8033577823019598,714.8000000000029,0.9497741163964887,0.9497741163964887,37.80000000000291,0.0,4.673973468685832,1.3749244684905986,1941.1756372886011,1039.032992452645,0.1927380015856286,0.6199297494436302,0.5352596501282838,3.958687750416034,5.198427085366885,8.334960165843972,7.394929860278332,True,1,4,1
BTCUSD#,2025-03-24 10:00:00,2025-03-24 11:00:00,UPPER,86861.95,87497.75,86842.05,87397.45,60,85796.15,87445.29569887074,84147.00430112924,86921.25,87352.99825977227,86489.50174022773,False,655.6999999999971,421.969999999999,1.5539019361565956,535.5,0.8166844593564166,0.8470337044380001,100.30000000000291,19.89999999999418,3.7948195369339213,1.767341280185798,3298.291397741501,863.4965195445402,0.07048124461213767,-0.4835139592113029,0.2618011616971799,3.6580799582908616,5.488304855795435,7.288906794321882,7.569495461762681,False,0,4,0
BTCUSD#,2025-03-24 16:00:00,2025-03-24 17:00:00,UPPER,87680.25,88750.95,87617.75,87949.55,60,86559.655,88468.59007223435,84650.71992776565,87613.9,88284.54700088977,86943.25299911022,False,1133.199999999997,458.73249999999825,2.4702849699988585,269.3000000000029,0.23764560536534027,0.2927991528415141,801.3999999999942,62.5,3.0298594496792997,1.66437956761295,3817.870144468703,1341.2940017795481,-0.00507785451656162,-0.3455739867141935,0.35131996401784465,1.2035336497850226,4.568457652335523,6.690391459074771,8.65493506564287,False,1,3,1
BTCUSD#,2025-03-25 22:00:00,2025-03-25 23:00:00,UPPER,88077.25,88508.15,87789.05,87835.55,60,87230.92000000001,88347.07649463172,86114.7635053683,87885.875,88367.68356135787,87404.06643864213,False,719.0999999999913,508.88499999999914,1.4130894013382052,-241.6999999999971,0.3361145876790433,0.06466416353775631,430.8999999999942,46.5,1.1881466343083233,0.056378160095114566,2232.312989263417,963.6171227157465,0.019989953497414836,1.1877084886649483,0.43166756962414377,-0.29613763423955775,2.2433359206893653,0.057183843107982885,5.411831749805957,False,0,0,0
BTCUSD#,2025-03-26 15:00:00,2025-03-26 16:00:00,LOWER,87795.55,87898.65,86699.75,86823.85,60,87679.49500000001,88371.91078983294,86987.07921016708,87961.775,88543.21984673651,87380.33015326348,True,1198.8999999999942,444.5049999999981,2.697157512288949,-971.6999999999971,0.8104929518725513,0.10351155225624024,103.09999999999127,124.10000000000582,-1.9249389770643923,0.058998211493730066,1384.8315796658571,1162.8896934730292,0.2027863918152495,0.2724729893322524,0.8397336618750565,-2.9277510939134537,-2.2330457475168908,-1.724390051855442,-1.9214632006389014,False,0,1,0
BTCUSD#,2025-03-26 20:00:00,2025-03-26 21:00:00,LOWER,86535.75,86716.25,86152.65,86176.25,60,87367.58,88554.9634159651,86180.1965840349,86613.17499999999,87065.92679714925,86160.42320285072,False,563.6000000000058,488.4099999999984,1.1539485268524552,-359.5,0.6378637331440672,0.04187366926899499,180.5,23.60000000000582,-2.4392006715669328,-0.7491758972994002,2374.766831930203,905.5035942985269,0.1264596135760696,-0.13765603022477246,0.38130210601035575,-3.32261829200878,-3.4923527364304636,-3.29313486619848,-4.606785282856632,False,1,2,1
BTCUSD#,2025-03-27 15:00:00,2025-03-27 16:00:00,LOWER,86734.05,86842.75,85786.45,86372.05,60,87105.91,87900.84506005717,86310.97493994284,87057.125,88065.29333406601,86048.95666593399,False,1056.300000000003,425.7074999999983,2.4812811613608106,-362.0,0.34270567073747893,0.5543879579664908,108.69999999999709,585.6000000000058,-1.723859692394434,0.11174339188294116,1589.8701201143267,2016.3366681320185,0.03511717486399979,0.24569440544806986,1.2682398660256757,-2.360071175631158,-2.3278894546137994,-1.0612920843537046,-2.8618241398143276,False,0,2,0
BTCUSD#,2025-03-28 06:00:00,2025-03-28 07:00:00,LOWER,86777.95,86819.75,85940.65,86280.55,60,87034.955,87676.34985031285,86393.56014968715,87076.0,87935.82237689703,86216.17762310297,False,879.1000000000058,483.73499999999984,1.8173173328372065,-497.3999999999942,0.5658059378910145,0.3866454328290371,41.80000000000291,339.90000000000873,-1.559541897939986,-0.28931129647430337,1282.7897006256972,1719.6447537940694,0.14421035956985007,0.6616157741760338,1.3405507956255733,-2.164201473947501,-1.0944008599749746,-2.527003421294706,-2.122443073170222,False,0,1,0
BTCUSD#,2025-03-29 11:00:00,2025-03-29 12:00:00,LOWER,83913.95,83932.65,83247.85,83530.25,60,83994.68500000001,84483.21326448185,83506.15673551818,83846.275,84280.48042358637,83412.06957641362,False,684.7999999999884,429.3274999999965,1.5950527278126696,-383.6999999999971,0.5603095794392576,0.41238317757009196,18.69999999999709,282.3999999999942,-1.0817732383786642,-0.874763438167834,977.0565289636725,868.4108471727523,-0.196314503224709,-0.23165028175611324,0.8888030747758713,-1.4268827410310563,-1.1946590889239528,-3.737706063552906,-9.019221922658177,False,0,0,0
BTCUSD#,2025-03-29 12:00:00,2025-03-29 13:00:00,LOWER,83528.25,83539.95,82808.55,82909.65,60,83932.26,84605.45267056127,83259.06732943872,83731.70000000001,84283.37631802888,83180.02368197114,True,731.3999999999942,430.2449999999961,1.6999616497576981,-618.6000000000058,0.8457752255947645,0.1382280557834182,11.69999999999709,101.09999999999127,-2.376808562563214,-0.8856581715069808,1346.3853411225427,1103.352636057738,0.37800147812389495,0.27054220896696024,0.8194924605594879,-2.6626689444386717,-3.62630594196336,-4.704761240688515,-9.912026868412287,True,1,1,1
BTCUSD#,2025-03-29 13:00:00,2025-03-29 14:00:00,LOWER,82907.55,83083.15,81985.05,82268.55,60,83843.82,84830.3691617234,82857.27083827661,83516.75,85025.68999876661,82007.81000123339,False,1098.0999999999913,418.8099999999962,2.6219526754375524,-639.0,0.5819142154630772,0.25817320826883,175.59999999999127,283.5,-3.761299873451012,-0.9839067835056031,1973.0983234467858,3017.879997533222,0.4654781682350493,1.7351908165244985,1.529513233917972,-4.102098803753529,-5.104462644158502,-7.055944222917357,-11.11864568658827,True,2,2,2
BTCUSD#,2025-03-30 19:00:00,2025-03-30 20:00:00,LOWER,82721.1,82802.15,82154.45,82271.45,60,82937.74,83542.1379646674,82333.34203533261,82812.4125,83413.47805997686,82211.34694002316,False,647.6999999999971,345.80250000000234,1.8730344633135756,-449.65000000000873,0.6942257217847935,0.18063918480778218,81.04999999998836,117.0,-1.9267934731530387,0.29628183717584766,1208.7959293347958,1202.1311199537013,0.07860214531804877,-0.15737907842409415,0.9944864064981074,-2.4305781479312447,-2.3909601578935877,-0.13880755633634712,-4.981745360429683,False,0,0,0
BTCUSD#,2025-03-31 00:00:00,2025-03-31 01:00:00,LOWER,82553.85,82698.15,82047.95,82225.65,60,82882.975,83585.72974498144,82180.22025501858,82553.825,83006.46617123262,82101.18382876737,False,650.1999999999971,382.60500000000104,1.6994027783222785,-328.20000000001164,0.5047677637650155,0.2733005229160226,144.29999999998836,177.6999999999971,-1.7180251172880905,-0.17323349145985717,1405.5094899628602,905.2823424652452,0.10714304101559913,-0.3239876493629674,0.6440955033958303,-1.2950693273741813,-3.28119078422918,-0.39649246612044076,-5.8655793834372405,False,1,1,1
BTCUSD#,2025-03-31 01:00:00,2025-03-31 02:00:00,LOWER,82222.35,82738.85,81548.65,82422.25,60,82838.88,83541.06415283584,82136.69584716417,82508.95000000001,83229.90830662783,81787.9916933722,False,1190.2000000000116,402.380000000001,2.957900492072192,199.89999999999418,0.16795496555200154,0.7339942866745062,316.6000000000058,673.7000000000116,-1.0354142850042338,-0.24568815547492504,1404.368305671669,1441.9166132556275,-0.000811936382742795,0.5927811088516666,1.0267367950645967,0.3747701177991017,-1.7140513942044717,-0.5002733734281087,-4.930911079079479,True,2,2,2
BTCUSD#,2025-03-31 03:00:00,2025-03-31 04:00:00,LOWER,82371.35,82433.45,81259.35,81617.55,60,82730.265,83604.6891426181,81855.8408573819,82392.625,82867.42730612091,81917.82269387909,True,1174.0999999999913,442.82500000000147,2.6513859876926267,-753.8000000000029,0.6420236777105941,0.30508474576271166,62.09999999999127,358.1999999999971,-2.5127646361429297,-0.4823914638965834,1748.8482852361922,949.6046122418193,0.21011074340866398,-0.10432837040310372,0.5429885601046117,-2.501665443459604,-3.257720318410177,-2.731327273753731,-5.954045051656935,False,2,3,2
BTCUSD#,2025-03-31 12:00:00,2025-03-31 13:00:00,LOWER,81897.75,81959.35,81309.65,81441.25,60,82163.38,82953.0101897037,81373.74981029631,81999.2,82422.69816989558,81575.70183010442,False,649.7000000000116,557.9499999999986,1.1644412581772798,-456.5,0.7026319839925994,0.2025550253963421,61.60000000000582,131.60000000000582,-1.294255757684392,-0.6736625145622301,1579.2603794073802,846.9963397911633,0.05935055701151781,-0.16722903938711153,0.5363246940374709,-0.1281476834841835,-1.4058607402096894,-3.6558831436508794,-2.631777040953487,False,0,4,0
BTCUSD#,2025-03-31 15:00:00,2025-03-31 16:00:00,UPPER,82190.15,83140.75,81898.85,82765.65,60,82130.1425,82870.51352210066,81389.77147789934,81920.75,83125.17822945422,80716.32177054578,False,1241.8999999999942,586.4924999999988,2.117503633891306,575.5,0.4634028504710546,0.6979627989371063,375.1000000000058,291.29999999998836,1.083573106220444,-0.3608784426058252,1480.7420442013245,2408.8564589084417,0.08117753974278874,0.15799591259175227,1.6267900734916454,1.2436646674936094,1.9575697898950004,-0.502137708495847,-0.09991602620665387,False,1,5,0
BTCUSD#,2025-03-31 17:00:00,2025-03-31 18:00:00,UPPER,82487.95,83734.85,82486.45,83485.55,60,82172.8775,83094.47390166753,81251.28109833247,82400.725,83391.53212043173,81409.91787956828,True,1248.4000000000087,651.0474999999991,1.9175252189740541,997.6000000000058,0.7991028516501112,0.800304389618711,249.3000000000029,1.5,2.01624689442783,-0.07984440459413226,1843.192803335056,1981.6142408634478,0.23155232257837088,-0.4747810680566963,1.075098729377596,2.451894831022322,2.416874344805874,1.0642848640076334,1.689584861319645,False,2,6,1
BTCUSD#,2025-04-01 11:00:00,2025-04-01 12:00:00,UPPER,83436.45,84201.1,83424.75,84097.15,60,82961.735,83882.22526349776,82041.24473650224,83232.5,84064.63107133677,82400.36892866323,True,776.3500000000058,615.3649999999973,1.2616089637857357,660.6999999999971,0.8510336832614055,0.8661042055773673,103.95000000001164,11.69999999999709,1.8451081878234845,0.6184093992996064,1840.980526995525,1664.2621426735423,0.2092574638631386,0.07295877253408145,0.9040085531972537,1.6575528344966068,2.7541377881419904,3.587951865965734,1.184337750765792,False,0,3,0
BTCUSD#,2025-04-01 18:00:00,2025-04-01 19:00:00,UPPER,84172.55,85491.55,84155.05,85273.25,60,83370.6,84898.18400688656,81843.01599311345,83847.625,84721.33302323983,82973.91697676017,True,1336.5,517.7124999999978,2.581548639447581,1100.699999999997,0.8235690235690214,0.8366629255518122,218.3000000000029,17.5,3.6751092546538904,0.6113238525243103,3055.168013773102,1747.4160464796587,0.16961741562178956,0.00736539278304571,0.571954157218875,1.8019653765362014,4.4779679841611175,3.607793901055143,4.9295699833402065,False,0,1,0
BTCUSD#,2025-04-02 16:00:00,2025-04-02 17:00:00,UPPER,85030.35,86079.75,84444.65,85232.95,60,84826.51,85520.44376751699,84132.576232483,84858.55,85616.95490495309,84100.14509504692,False,1635.1000000000058,463.28500000000133,3.5293609765047456,202.59999999999127,0.1239067946914504,0.4821111858601921,846.8000000000029,585.7000000000116,0.8773001500156516,0.25662389242039896,1387.8675350339909,1516.8098099061754,0.019456864633971227,0.08522129561589464,1.092906759195161,1.7829198009864287,0.20959020905056497,3.2958114335667887,5.914501872497455,False,0,1,0
BTCUSD#,2025-04-02 17:00:00,2025-04-02 18:00:00,UPPER,85205.95,85946.95,85158.15,85852.15,60,84864.12,85683.46096718061,84044.77903281938,84909.125,85874.93228401481,83943.31771598519,False,788.8000000000029,523.6250000000015,1.5064215803294356,646.1999999999971,0.819219066937113,0.8798174442190637,94.80000000000291,47.80000000000291,1.88690379565528,0.19879684888995153,1638.6819343612297,1931.6145680296177,0.1807192639037385,0.27347183240402484,1.1787611296163922,2.296872761995691,2.1979470040582303,3.215660062067288,4.519646693721622,True,1,2,1
BTCUSD#,2025-04-02 18:00:00,2025-04-02 19:00:00,UPPER,85851.3,87305.85,85788.15,86713.95,60,84953.015,86103.25400003468,83802.77599996532,85160.2625,87020.06769607619,83300.4573039238,False,1517.7000000000116,539.480000000001,2.813264625194648,862.6499999999942,0.5683929630361649,0.6100019766752295,591.9000000000087,63.15000000000873,3.264133980870457,0.23723771038778144,2300.478000069357,3719.61039215239,0.4038587671170615,0.9256483429541813,1.6168858785175286,3.165640987617705,4.041484392377843,2.6705345888633394,6.132757470156435,True,2,3,2
BTCUSD#,2025-04-02 23:00:00,2025-04-03 00:00:00,UPPER,86880.35,88511.75,85182.35,85650.5,60,85293.4475,87139.78372359983,83447.11127640016,86692.875,87840.22148203039,85545.52851796961,False,3329.399999999994,649.1675000000017,5.128722556196953,-1229.8500000000058,0.3693908812398654,0.14061092088664473,1631.3999999999942,468.1499999999942,0.5500159820077319,0.6613508840168343,3692.6724471996713,2294.692964060785,0.0010576862384634733,0.06866510457436359,0.6214179559307946,-0.3106286128002305,1.5420519357484783,0.6640042824078558,5.003562254733925,False,2,3,2
BTCUSD#,2025-04-03 01:00:00,2025-04-03 02:00:00,LOWER,84835.65,84835.65,82658.45,82802.15,60,85183.59999999999,87320.97776705513,83046.22223294486,85909.05,88942.17845752373,82875.92154247628,True,2179.550000000003,856.8575000000012,2.5436551585298606,-2033.5,0.9339977953334571,0.06600220466654294,0.0,143.6999999999971,-2.7792836031662134,0.16366198580275698,4274.755534110271,6066.256915047445,0.1516289067810681,0.6519665061791675,1.4190886160955751,-4.929991276262386,-2.384293771134637,-2.673723460435366,0.48071003638293835,False,1,4,0
BTCUSD#,2025-04-04 10:00:00,2025-04-04 11:00:00,UPPER,83050.55,84008.75,83040.05,83995.75,60,82543.93999999999,83736.10450026512,81351.77549973485,82937.84999999999,83700.7751600839,82174.92483991609,True,968.6999999999971,626.6149999999994,1.54592532894999,945.1999999999971,0.9757406833901103,0.9865799525136781,13.0,10.5,2.316909106867875,-0.10034071958060381,2384.3290005302697,1525.8503201678104,0.16427756768407287,0.06380763577849846,0.6399495706458566,2.0822993385092987,3.2094667379491515,0.8847537961906349,-0.6562243163665049,False,0,0,0
BTCUSD#,2025-04-04 20:00:00,2025-04-04 21:00:00,UPPER,83375.45,84606.35,82941.35,84459.45,60,83194.9025,84458.31706520403,81931.48793479596,83022.1,84395.06841911506,81649.13158088495,True,1665.0,822.7074999999983,2.023805544497897,1084.0,0.6510510510510511,0.9117717717717665,146.90000000000873,434.09999999999127,1.5370560010696428,0.4036155012565171,2526.829130408063,2745.936838230118,0.11141549909209414,0.24099108284521975,1.0867125145841068,2.196041728074681,1.5517058006642628,3.217303841280163,-2.5975209901453487,False,0,1,0
BTCUSD#,2025-04-05 16:00:00,2025-04-05 17:00:00,LOWER,83275.15,83326.15,82514.35,82743.75,60,83715.26999999999,84380.31395531162,83050.22604468836,83543.79999999999,84359.32365991283,82728.27634008715,False,811.7999999999884,472.28499999999696,1.7188773727727824,-531.3999999999942,0.6545947277654617,0.28258191672825506,51.0,229.39999999999418,-2.057063002212638,0.10574653016717656,1330.0879106232605,1631.0473198256805,0.14929930206996778,0.4346311981669406,1.2262703140136013,-1.618090771462151,-2.603300972929498,-1.254962575563486,0.8274664662227372,False,0,1,0
BTCUSD#,2025-04-06 16:00:00,2025-04-06 17:00:00,LOWER,82680.15,82820.35,82207.05,82288.25,60,83092.63249999999,83707.97556640222,82477.28943359776,82855.3,83391.78526530498,82318.81473469503,True,613.3000000000029,297.39749999999765,2.0622231188897278,-391.8999999999942,0.6390021196804049,0.13239849991846844,140.20000000001164,81.19999999999709,-2.704738607419359,-0.06573693457410726,1230.6861328044615,1072.9705306099495,0.21410796379568597,0.3731507812158481,0.8718474207269135,-2.440504711707424,-3.802654696155829,-1.5316201380307621,-3.524575694146741,False,0,1,0
BTCUSD#,2025-04-06 19:00:00,2025-04-06 20:00:00,LOWER,82535.25,82550.25,81897.85,81955.25,60,83002.84,83834.93282877211,82170.74717122788,82539.0625,83160.65790490167,81917.46709509833,False,652.3999999999942,331.9124999999978,1.9655782774074446,-580.0,0.8890251379521845,0.08798283261801762,15.0,57.39999999999418,-3.15622340225211,-0.3296877942228491,1664.1856575442362,1243.1908098033455,0.22505882557715018,-0.22450383225784676,0.7470265136390288,-2.6998079313072325,-4.6319436598501245,-2.3461002523255443,-4.281098180996517,False,1,1,1
BTCUSD#,2025-04-06 20:00:00,2025-04-06 21:00:00,LOWER,81953.35,81975.05,80549.75,80791.65,60,82897.055,84171.2862137103,81622.8237862897,82357.3625,83430.09564827038,81284.62935172963,True,1425.300000000003,350.3024999999972,4.068769135247434,-1161.7000000000116,0.8150564793376898,0.16971865572159803,21.69999999999709,241.89999999999418,-6.010248285410511,-0.6474903833116264,2548.4624274206,2145.466296540748,0.5313570429282819,0.7257739356037622,0.8418669521889949,-5.82867664375795,-7.553757109926497,-5.902327274284432,-10.4703791722869,True,2,2,2
BTCUSD#,2025-04-06 21:00:00,2025-04-06 22:00:00,LOWER,80791.25,80791.25,78666.25,79089.15,60,82692.725,84776.26912182535,80609.18087817467,81983.4125,84933.7339786536,79033.09102134641,False,2125.399999999994,404.8049999999974,5.250429219006702,-1702.1000000000058,0.8009882352941203,0.1990117647058796,0.0,422.8999999999942,-8.90200219858953,-1.0584293672261762,4167.08824365068,5900.642957307195,0.6351381910968001,1.7502846196284336,1.4160110399144779,-8.87093785896919,-9.912921036054467,-9.730116969899157,-12.092983041217462,True,3,3,3
BTCUSD#,2025-04-07 01:00:00,2025-04-07 02:00:00,LOWER,78935.95,79111.25,77793.05,78040.65,60,81777.59,85321.99997031802,78233.18002968197,79121.6125,80281.12380544527,77962.10119455474,False,1318.199999999997,607.7049999999981,2.1691445684995205,-895.3000000000029,0.6791837353967568,0.1878318919738976,175.3000000000029,247.59999999999127,-6.149266502661677,-2.016192066874559,7088.819940636051,2319.0226108905335,0.12367063814373758,-0.6116624794602861,0.3271380328899223,-6.441612295439429,-7.916176434289707,-8.449988069869462,-9.886540344410568,False,3,4,3
BTCUSD#,2025-04-07 09:00:00,2025-04-07 10:00:00,LOWER,76922.85,77283.25,74540.05,74781.05,60,79543.74750000001,84047.20852021076,75040.28647978927,77501.4375,79955.41130741614,75047.46369258386,True,2743.199999999997,964.9974999999991,2.8427016650302197,-2141.800000000003,0.7807669874599027,0.08785360163312929,360.3999999999942,241.0,-4.935450609975687,-1.7907766600431485,9006.922040421487,4907.9476148322865,0.08332506744363366,-0.23763964683308925,0.5449084151951442,-3.6481441661765963,-4.464363897315791,-8.62271663916228,-8.995360091606463,False,0,5,0
BTCUSD#,2025-04-07 17:00:00,2025-04-07 18:00:00,UPPER,78351.95,81218.45,77848.85,79015.05,60,77599.9875,80215.76592390207,74984.20907609793,77332.3875,79857.27314245747,74807.50185754252,False,3369.5999999999913,1378.9074999999998,2.4436737054515927,663.1000000000058,0.19678893637227193,0.3460944919278253,2203.399999999994,503.09999999999127,1.0262200328883555,-0.8963436633711771,5231.556847804139,5049.771284914954,-0.003126451831825472,0.6326132945364815,0.9652521098063789,2.000206685365049,0.42591689435295915,-2.6391182874848327,-2.8181730826759597,False,0,5,0
BTCUSD#,2025-04-09 04:00:00,2025-04-09 05:00:00,LOWER,76505.95,76576.75,74591.65,76051.75,60,78056.6625,80642.74147055615,75470.58352944386,76653.3125,77805.41974652637,75501.20525347363,False,1985.1000000000058,793.0249999999971,2.5031997730210436,-454.1999999999971,0.22880459422698896,0.7355296962369662,70.80000000000291,1460.1000000000058,-2.528183222470935,-1.247930393114975,5172.157941112295,2304.214493052743,0.023748921524240796,-0.12066032049478781,0.4455035053622534,-1.002553513445359,-4.828473251158563,-5.7153305381293285,-3.8766747580467373,False,0,0,0
BTCUSD#,2025-04-09 20:00:00,2025-04-09 21:00:00,UPPER,78269.55,82278.85,77645.95,82189.95,60,77050.845,79820.48497334929,74281.20502665071,77523.5,79607.34207654593,75439.65792345407,True,4632.900000000009,993.217500000001,4.6645372237198846,3920.399999999994,0.84620863821796,0.9808111550001061,88.90000000000873,623.6000000000058,5.174199004749705,0.30310329811949577,5539.279946698574,4167.684153091861,0.8985361120982196,0.3983793438240477,0.7523873487520363,6.014593983694404,5.510374112417466,4.901242678466695,3.1563076566814328,False,0,1,0
BTCUSD#,2025-04-10 16:00:00,2025-04-10 17:00:00,LOWER,81692.05,81930.15,80768.35,80857.45,60,82113.87700000001,83256.35213841453,80971.40186158549,81828.225,82320.21942061004,81336.23057938997,True,1161.7999999999884,871.9899999999986,1.3323547288386222,-834.6000000000058,0.7183680495782528,0.07669134102254446,238.09999999999127,89.09999999999127,-1.4408731751511055,1.186220025459013,2284.9502768290404,983.9888412200671,0.15826001390951605,-0.300512980618151,0.4306390608138774,-0.8284498675443639,-1.5746740214910813,3.6230920079358797,1.1199669720982957,False,0,1,0
BTCUSD#,2025-04-10 18:00:00,2025-04-10 19:00:00,LOWER,81258.25,81333.35,78598.85,78745.55,60,81910.557,83788.33302642449,80032.78097357551,81416.65,82978.93435309285,79854.36564690714,True,2734.5,693.7649999999979,3.9415363992130015,-2512.699999999997,0.9188882793929409,0.053647833241907875,75.10000000000582,146.6999999999971,-4.562073612822796,0.5416171181884439,3755.5520528489724,3124.5687061857025,0.5722787249003685,-0.01953002314959973,0.8319865261394516,-4.712690896773417,-4.355221148371579,2.1602415803622286,0.38687451802845274,False,1,2,1
BTCUSD#,2025-04-11 11:00:00,2025-04-11 12:00:00,UPPER,81251.25,81910.75,80767.95,81614.55,60,80187.98000000001,81826.78186736676,78549.17813263326,81008.75,81695.9665888022,80321.5334111978,False,1142.800000000003,831.7899999999987,1.3739044710804467,363.3000000000029,0.31790339516976024,0.7408120406020333,296.1999999999971,483.3000000000029,1.715060291660148,-0.2381093785690937,3277.6037347335077,1374.4331776043982,-0.008318419802370802,0.5868751290453824,0.41934086266720383,1.6080981978624507,2.043544644681958,0.10129960687193816,5.200110604840183,False,0,2,0
BTCUSD#,2025-04-11 12:00:00,2025-04-11 13:00:00,UPPER,81612.15,82420.55,81433.75,82420.55,60,80266.135,82155.17562666343,78377.09437333656,81193.45000000001,82337.7728565058,80049.12714349422,True,986.8000000000029,838.694999999999,1.1765898210911048,808.4000000000087,0.8192136197811171,1.0,0.0,178.39999999999418,2.5687705304073716,-0.09828602769779335,3778.0812533268763,2288.6457130115887,0.15269616436230393,0.665156044181529,0.6057693203385367,1.8959216401671737,3.263999427682296,0.4834892302922999,5.9213420850249525,True,1,3,1
BTCUSD#,2025-04-11 16:00:00,2025-04-11 17:00:00,UPPER,82108.15,83318.05,81809.25,82917.85,60,80821.0625,83126.18124704143,78515.94375295857,82338.0125,83295.71862789143,81380.30637210856,False,1508.800000000003,688.0000000000007,2.1930232558139555,809.7000000000116,0.5366516436903567,0.734756097560978,400.1999999999971,298.8999999999942,3.0476562500000055,0.9145603197674392,4610.2374940828595,1915.4122557828669,0.05617181885697731,-0.40229032913459706,0.4154693241381289,2.4297965116279214,3.622819767441857,2.994767441860475,7.586773255813963,False,2,4,2
BTCUSD#,2025-04-12 16:00:00,2025-04-12 17:00:00,UPPER,83819.95,84664.15,83555.65,84437.45,60,83503.755,84189.06398870178,82818.44601129823,83565.9,84181.22058301176,82950.57941698823,True,1108.5,465.02000000000044,2.3837684400670915,617.5,0.5570590888588183,0.7954894000902146,226.6999999999971,264.3000000000029,2.0078598769945195,0.6643208894241427,1370.6179774035409,1230.6411660235317,0.19718149003117325,1.264704024281396,0.8978732121658165,1.572620532450222,2.655584706034134,3.2678164380026447,7.69859360887703,False,0,1,0
BTCUSD#,2025-04-12 23:00:00,2025-04-13 00:00:00,UPPER,84918.05,85899.65,84854.55,85507.35,60,83989.43500000001,85595.07036121907,82383.79963878095,84866.2125,85663.95302633142,84068.47197366857,False,1045.0999999999913,491.23499999999984,2.1274949871242717,589.3000000000029,0.5638694861735793,0.624629222084019,392.29999999998836,63.5,3.0899976589615847,0.8639856687736572,3211.2707224381156,1595.481052662857,0.09437747292781529,-0.036852316076134595,0.496837915755514,1.4019766506865592,3.8983378627337233,3.4268730851832814,11.384775107636889,False,0,1,0
BTCUSD#,2025-04-13 04:00:00,2025-04-13 05:00:00,UPPER,85480.25,86096.65,85118.55,85238.95,60,84548.48000000001,86060.32070738258,83036.63929261744,85352.73749999999,85667.41652272212,85038.05847727785,False,978.0999999999913,513.9449999999997,1.9031219293893156,-241.3000000000029,0.24670279112565696,0.12309579797566225,616.3999999999942,120.39999999999418,1.343470604831231,1.297677767076268,3023.681414765131,629.3580454442708,-0.03538587676237226,-0.12140660857915853,0.208142975106773,0.6259424646606101,1.55950539454611,3.962291684907909,9.365982741343906,False,1,2,1
BTCUSD#,2025-04-13 16:00:00,2025-04-13 17:00:00,LOWER,84442.0,84581.95,83469.65,83584.65,60,84886.36,85843.89638453079,83928.82361546921,84626.46250000001,85316.65265304183,83936.27234695818,True,1112.300000000003,523.0749999999992,2.1264637002342006,-857.3500000000058,0.7707902544277655,0.1033893733704933,139.9499999999971,115.0,-2.4885723844573118,-0.06821201548536561,1915.072769061575,1380.3803060836508,0.2703839432767221,0.26277810332071505,0.7207978351444397,-1.546814510347478,-3.1626439803087614,-1.6303589351431518,1.274769392534511,False,0,3,0
BTCUSD#,2025-04-14 05:00:00,2025-04-14 06:00:00,UPPER,84222.2,85534.35,84022.65,85119.05,60,84222.39499999999,85222.00415061729,83222.7858493827,83898.35,85504.30394076859,82292.39605923143,False,1511.7000000000116,714.2749999999985,2.1164117461762135,896.8500000000058,0.5932724746973599,0.7252761791360721,415.3000000000029,199.5500000000029,1.255335830037472,-0.37249658744881575,1999.2183012345922,3211.9078815371613,0.07643205764084104,0.09752078315389823,1.606581872301633,2.292674390115865,1.4698820482307389,-0.19852297784467215,3.260648909733653,False,0,1,0
BTCUSD#,2025-04-15 16:00:00,2025-04-15 17:00:00,UPPER,85809.95,86452.95,85500.95,85570.85,60,85271.20499999999,86147.22301237288,84395.1869876271,85744.4,86384.69658739952,85104.10341260047,False,952.0,434.76499999999794,2.189688682391647,-239.09999999999127,0.2511554621848648,0.07342436974790834,643.0,69.90000000000873,0.6892114130622752,0.7155014778098145,1752.0360247457866,1280.5931747990544,-0.008001163810016476,-0.017089737221101298,0.7309171482275105,-0.3468540475889022,1.3982266281784679,2.768162110565491,4.5684450220234405,False,0,0,0
BTCUSD#,2025-04-16 17:00:00,2025-04-16 18:00:00,UPPER,83715.45,84838.55,83688.95,84593.45,60,83751.395,84376.7740066799,83126.0159933201,83852.775,84380.9974814151,83324.55251858488,True,1149.6000000000058,462.4724999999984,2.4857694241279424,878.0,0.7637439109255354,0.7867954070981171,245.10000000000582,26.5,1.820767721323962,-0.5935488056046282,1250.7580133597949,1056.4449628302245,0.17493237481979929,-0.25824701578327847,0.8446437692550893,1.8762196671153424,1.5449567271567552,-1.1771510738476572,-1.7629156328214235,False,0,0,0
BTCUSD#,2025-04-17 17:00:00,2025-04-17 18:00:00,LOWER,84460.8,84460.8,83725.65,84077.75,60,84369.49,84806.57356374772,83932.40643625229,84537.6,85124.96092810025,83950.23907189976,False,738.4000000000087,434.8699999999975,1.6979787062800675,-383.0500000000029,0.5210501258246594,0.4789498741753406,0.0,352.1000000000058,-0.6708671557017198,0.1398463908754402,874.1671274954278,1174.7218562004855,-0.020182938907735593,-0.004668258032355599,1.343818383523727,-0.8200151769494513,-0.38701221054568924,-1.1858716398004003,-2.437740014257162,False,0,1,0
BTCUSD#,2025-04-18 18:00:00,2025-04-18 19:00:00,LOWER,84561.65,84589.75,84314.45,84358.05,60,84719.45,85092.46832139972,84346.43167860027,84593.5375,84765.45843344746,84421.61656655255,False,275.3000000000029,252.53999999999868,1.0901243367387516,-203.59999999999127,0.7395568470758777,0.15837268434437107,28.10000000000582,43.60000000000582,-1.431060426071102,-0.2167379425041612,746.036642799445,343.84186689491617,0.10904180387133922,-0.23907593356450285,0.4608913921502248,-0.6905836699136576,-1.8614872891422891,-0.6680129880414903,-1.8587154510176471,False,0,0,0
BTCUSD#,2025-04-19 02:00:00,2025-04-19 03:00:00,LOWER,84511.15,84511.15,84327.05,84446.65,60,84569.57,84748.47741320384,84390.66258679617,84544.725,84719.6915964075,84369.75840359251,False,184.09999999999127,202.29999999999927,0.9100346020760847,-64.5,0.3503530689842643,0.6496469310157357,0.0,119.59999999999127,-0.6076124567474703,-0.45410281759758286,357.81482640767354,349.93319281499134,-0.11539544105212807,-0.015432320570440639,0.9779728702921261,-0.5279288185862743,-1.010380622837417,-2.415224913494847,2.1171527434502715,False,0,1,0
BTCUSD#,2025-04-19 05:00:00,2025-04-19 06:00:00,UPPER,84526.35,84796.45,84475.15,84772.05,60,84550.85500000001,84733.95011735494,84367.75988264508,84476.4,84651.0130575295,84301.78694247048,True,321.3000000000029,193.60499999999956,1.6595645773611407,245.6999999999971,0.7647058823529251,0.9240585122938252,24.39999999999418,51.20000000001164,1.1425066501381314,-0.36796570336505174,366.1902347098512,349.22611505902023,0.0821601301816075,-0.4062807701004353,0.9536740250207043,1.4038893623615274,1.0784845432711108,-0.5599028950698299,2.7168719816120515,False,1,2,0
BTCUSD#,2025-04-20 09:00:00,2025-04-20 10:00:00,LOWER,85077.75,85152.65,84841.85,84940.05,60,85181.77,85463.15312405255,84900.38687594746,85155.67499999999,85361.6193367662,84949.73066323377,False,310.79999999998836,227.84999999999928,1.3640552995391237,-137.6999999999971,0.44305019305020027,0.3159588159588184,74.89999999999418,98.19999999999709,-1.0608733816107172,-0.04939653280662778,562.7662481050938,411.88867353243404,0.08310743925725306,-0.08387496608825307,0.73190010047567,-0.9062980030721994,-0.8474873820495584,0.10182137371076218,1.0190915075707607,False,0,0,0
BTCUSD#,2025-04-20 10:00:00,2025-04-20 11:00:00,LOWER,84940.05,84940.05,84650.45,84762.65,60,85159.555,85494.5295453038,84824.58045469619,85085.45,85449.37515693129,84721.5248430687,False,289.6000000000058,233.80499999999884,1.2386390368042055,-177.40000000000873,0.6125690607734985,0.3874309392265015,0.0,112.19999999999709,-1.6975898719018019,-0.19238254100643998,669.9490906076098,727.850313862582,0.1904571264950845,0.7671044644670659,1.0864263032321735,-2.2890870597293227,-1.3489874040333196,-1.90971108402302,0.5029832552767984,True,1,1,1
BTCUSD#,2025-04-20 13:00:00,2025-04-20 14:00:00,LOWER,84514.15,84514.15,83972.25,84158.95,60,85017.00499999999,85598.22682168339,84435.78317831659,84709.375,85348.23056259226,84070.51943740774,False,546.8999999999942,237.3599999999984,2.3040950455004965,-355.1999999999971,0.6554714892046519,0.344528510795348,0.0,186.6999999999971,-3.614994101786311,-0.8124157398045488,1162.4436433668016,1277.71112518452,0.2851247343913066,-0.07869800498240775,1.0991596302112914,-4.266936299292255,-4.584175935288226,-4.6027131782946045,-1.476659925851038,False,2,2,2
BTCUSD#,2025-04-21 03:00:00,2025-04-21 04:00:00,UPPER,85169.45,87008.65,85134.05,86616.45,60,84739.76999999999,85790.46011344924,83689.07988655074,85026.6,85542.17722976145,84511.02277023856,True,1874.5999999999913,305.95999999999697,6.126944698653451,1447.0,0.7718980049077172,0.7907820335004807,392.1999999999971,35.39999999999418,6.133742972937725,0.046215191528255345,2101.380226898502,1031.1544595228916,0.6289986261068667,-0.2847024640882643,0.4907034178411431,6.719505817754002,7.429729376389135,4.80422277421888,7.180350372597777,False,0,3,0
BTCUSD#,2025-04-22 04:00:00,2025-04-22 05:00:00,UPPER,87682.35,88853.35,87493.45,88377.95,60,87403.845,88236.36720030983,86571.32279969017,87396.3875,88230.55548506057,86562.21951493942,True,1359.9000000000087,593.3075000000005,2.2920660871470657,695.5999999999913,0.5115081991322794,0.650415471725858,475.40000000000873,188.90000000000873,1.6418214838005505,0.16669265094406208,1665.044400619663,1668.3359701211448,0.17707717818242563,0.6142859293650698,1.0019768659023487,1.6603531895349217,2.293077367132556,1.8651373865996812,5.191405805589832,False,0,0,0
BTCUSD#,2025-04-22 15:00:00,2025-04-22 16:00:00,UPPER,88606.85,89210.65,88473.25,88982.75,60,87939.77,89194.42727053666,86685.11272946335,88514.3625,88830.67090532264,88198.05409467737,False,737.3999999999942,553.7650000000024,1.3316117847823372,375.8999999999942,0.5097640358014608,0.69094114456198,227.89999999999418,133.60000000000582,1.8834343087771734,0.6412918837413217,2509.3145410733123,632.6168106452678,0.044361407787469,0.349436535040907,0.25210741829706124,1.359963161268774,2.3452186396756596,3.5164735943947245,8.378102624759565,False,0,1,0
BTCUSD#,2025-04-22 16:00:00,2025-04-22 17:00:00,UPPER,88984.75,90484.95,88935.55,90224.85,60,88109.41,89612.06210534944,86606.75789465057,88661.7875,89423.6409158713,87899.9340841287,True,1549.3999999999942,529.9550000000017,2.9236444603786906,1240.1000000000058,0.8003743384536017,0.8321285658964811,260.09999999999127,49.19999999999709,3.9917351473238205,0.8479776584804606,3005.3042106988723,1523.706831742602,0.1976594251167132,1.4085778406495777,0.5070058552868661,3.308582804200362,3.485012878451949,6.052211980262472,11.194912775612993,True,1,2,1
BTCUSD#,2025-04-23 00:00:00,2025-04-23 01:00:00,UPPER,91075.35,93971.55,91023.05,93018.65,60,89670.375,92659.46791451707,86681.28208548293,91334.1125,91951.33944952604,90716.88555047396,True,2948.5,628.3775000000016,4.6922431181892925,1943.2999999999884,0.6590808885874134,0.6768187213837515,952.9000000000087,52.30000000000291,5.3284450827726735,1.8863501637152722,5978.185829034133,1234.4538990520814,0.1453220838375484,-0.5299539058916194,0.2064930623361914,3.3578541561402093,7.087141089552033,9.175376266654958,12.770349033821184,False,0,3,0
BTCUSD#,2025-04-25 02:00:00,2025-04-25 03:00:00,UPPER,93427.05,93994.95,93361.65,93968.75,60,92934.505,93930.66855586138,91938.34144413863,93427.8625,93746.71940705855,93109.00559294145,True,633.3000000000029,482.15749999999827,1.3134712205036843,541.6999999999971,0.8553608084635949,0.9586294015474547,26.19999999999709,65.40000000000873,2.1450355952152544,0.10749599456609496,1992.327111722756,637.7138141171017,0.13035627817156814,-0.04956511981876899,0.3200848948773646,2.0192571929297154,2.816299653121644,0.62489954008805,1.1191363817839768,False,0,0,0
BTCUSD#,2025-04-25 14:00:00,2025-04-25 15:00:00,UPPER,93636.85,94634.95,93636.85,94612.35,60,93521.53,94272.03351266895,92771.02648733105,93722.275,94001.49625576845,93443.05374423154,True,1007.1999999999971,490.1974999999984,2.0546820414220806,975.5,0.9773569782587,0.9773569782587,22.59999999999127,0.0,2.225266346727616,0.6143136184905273,1501.0070253378944,558.4425115369086,0.3127437223087326,-0.35343541789810606,0.372045235038921,2.9076035679496686,1.312940192473458,4.083048159160351,2.363537145742297,False,0,1,0
BTCUSD#,2025-04-25 17:00:00,2025-04-25 18:00:00,UPPER,94391.15,95755.25,94391.15,95382.95,60,93745.18000000001,94882.61982017917,92607.74017982084,94262.0875,95748.02871928229,92776.1462807177,False,1370.8999999999942,534.2374999999986,2.5660871803270977,991.8000000000029,0.7270727952496142,0.7270727952496142,372.3000000000029,0.0,3.0656215634432136,0.6968155548796189,2274.8796403583256,2971.8824385645858,0.3174366592286786,-0.08225530204180198,1.3063910660770046,3.1995133250661127,4.508481714593224,4.301457685018379,4.6002012213668975,False,1,2,1
BTCUSD#,2025-04-26 16:00:00,2025-04-26 17:00:00,LOWER,94233.85,94294.55,93866.55,94132.55,60,94612.77,95250.9414178278,93974.59858217221,94206.85,94405.16374047955,94008.53625952046,False,428.0,418.20999999999987,1.023409291982497,-101.30000000000291,0.236682242990661,0.6214953271028038,60.69999999999709,266.0,-1.1482747901771868,-0.4402094641447869,1276.3428356555814,396.6274809590832,0.06115063683256805,-0.223704188911651,0.3107530906892733,-0.9954329164773751,-2.0953587910380027,-0.6020898591616723,3.180459577724125,False,0,1,0
BTCUSD#,2025-04-26 17:00:00,2025-04-26 18:00:00,LOWER,94130.75,94258.55,93902.45,94226.35,60,94576.395,95215.5875891562,93937.2024108438,94173.9375,94355.09557231153,93992.77942768847,False,356.1000000000058,380.40999999999985,0.9360952656344627,95.60000000000582,0.26846391463073366,0.9095759618084904,32.19999999999709,228.3000000000029,-0.9201782287531831,-0.5654425488288723,1278.3851783123973,362.31614462306607,0.0016001520906150368,-0.08650771311420236,0.28341704109974225,-0.18453773560105444,-1.9644593990693953,-3.0404037748744557,3.0004468862543288,True,1,2,1
BTCUSD#,2025-04-27 01:00:00,2025-04-27 02:00:00,UPPER,94346.35,94777.55,94346.35,94765.45,60,94352.035,94754.54930438114,93949.52069561886,94209.975,94644.55345052757,93775.39654947244,True,432.6000000000058,294.505000000001,1.4689054515203623,419.09999999999127,0.9719387755101904,0.9719387755101904,12.10000000000582,0.0,1.4037622451231462,-0.5092782805045263,805.0286087622808,869.156901055132,-0.11030634489005775,0.12582994136934422,1.0796596438870012,1.668222950374361,1.9256039795588846,-0.21731379772839096,4.544574794994956,False,0,2,0
BTCUSD#,2025-04-27 08:00:00,2025-04-27 09:00:00,LOWER,94000.05,94167.15,93629.75,93902.75,60,94270.97,94733.24701492843,93808.69298507157,94146.2625,94617.33889206823,93675.18610793176,False,537.3999999999942,352.60500000000104,1.524085024318976,-97.30000000000291,0.1810569408262076,0.5080014886490565,167.09999999999127,273.0,-1.044284681158804,-0.21410643638063873,924.5540298568667,942.1527841364732,0.07382800586887783,-0.6039688781519343,1.0190348575759614,-2.009614157485015,-1.142071156109516,-2.0118829852100566,2.029750003545029,False,0,3,0
BTCUSD#,2025-04-28 01:00:00,2025-04-28 02:00:00,LOWER,94316.35,94321.95,93630.75,93927.25,60,94055.30500000001,94394.3757979618,93716.23420203822,94318.825,94577.66245799439,94059.9875420056,False,691.1999999999971,296.97999999999956,2.3274294565290528,-389.1000000000058,0.5629340277777886,0.4289641203703722,5.599999999991269,296.5,-0.4311906525692227,-0.30148494848134244,678.1415959235746,517.674915988784,-0.04077433146751164,-0.5442698713647145,0.7633728989647836,0.20203380699037002,-0.3650077446292489,-2.8224122836554595,-3.037915011111854,False,0,2,0
BTCUSD#,2025-04-28 13:00:00,2025-04-28 14:00:00,UPPER,94719.05,95211.65,94331.45,95051.05,60,94121.255,95103.4580228169,93139.0519771831,94664.575,94894.80781619601,94434.34218380398,False,880.1999999999971,388.19000000000085,2.2674463535897247,332.0,0.37718700295387536,0.8175414678482257,160.59999999999127,387.6000000000058,2.3952059558463543,0.5260310672608688,1964.4060456338048,460.46563239203533,0.10876406037819564,-0.7016601555170532,0.2344045078742713,2.654370282593592,2.894974110615937,2.6157294108555256,2.1966047554032695,False,0,1,0
BTCUSD#,2025-04-28 14:00:00,2025-04-28 15:00:00,UPPER,95047.25,95505.65,94980.05,95299.15,60,94191.97,95292.43817061235,93091.50182938765,94784.35,95394.30068624532,94174.3993137547,False,525.5999999999913,419.70500000000027,1.252308168832849,251.89999999999418,0.4792617960426149,0.6071156773211502,206.5,67.19999999999709,2.637995735099635,0.646930582194646,2200.936341224704,1219.9013724906254,0.12040804706166752,1.6492777889925452,0.5542647234457564,2.5858638805827607,3.7466792151630286,3.3216187560309987,2.7869575058672074,True,1,2,1
BTCUSD#,2025-04-29 19:00:00,2025-04-29 20:00:00,UPPER,94830.85,95446.45,94784.65,94940.85,60,94801.7625,95245.2889389051,94358.2360610949,94855.575,95266.80781684392,94444.34218315607,False,661.8000000000029,417.557499999999,1.5849314166312531,110.0,0.16621335750982097,0.23602296766396336,505.59999999999127,46.20000000001164,0.33309783682489014,0.5390275590786842,887.0528778102016,822.4656336878543,-0.044328225812783284,-0.3117572904495507,0.9271889582481386,0.3361213725055978,1.4237560096513688,2.933009226274261,2.57114289648733,False,0,0,0
BTCUSD#,2025-04-29 20:00:00,2025-04-29 21:00:00,UPPER,94940.85,95356.85,94643.35,95231.35,60,94836.8275,95299.36510129092,94374.28989870907,94891.1,95297.41391761624,94484.78608238377,False,713.5,428.89499999999896,1.6635773324473397,290.5,0.4071478626489138,0.8241065171688857,125.5,297.5,0.9198580072045777,0.45485491787035726,925.075202581851,812.6278352324734,0.042863650773009354,-0.011961348963930751,0.8784451609603834,0.2630014339173998,2.247403210576041,2.6864384056704194,2.806281257650494,True,1,1,1
BTCUSD#,2025-04-30 16:00:00,2025-04-30 17:00:00,LOWER,94534.55,94640.75,93012.15,93024.55,60,94696.29000000001,95682.53561734513,93710.04438265489,94900.5,95812.29798181857,93988.70201818143,True,1628.6000000000058,436.98000000000104,3.726944024898169,-1510.0,0.9271767161979582,0.00761390151050515,106.19999999999709,12.400000000008731,-3.8256670785848352,-0.2636505103208192,1972.491234690242,1823.5959636371408,0.5176679814684557,0.39205229366508565,0.9245141025549432,-3.681175339832458,-3.401070987230522,-4.028788502906302,-2.1389994965444523,False,0,2,0
BTCUSD#,2025-05-01 12:00:00,2025-05-01 13:00:00,UPPER,95193.45,95787.6,95127.85,95510.45,60,94514.235,95480.04668414543,93548.42331585457,95049.975,95537.21493026539,94562.73506973463,False,659.75,529.7100000000006,1.2454928168242987,317.0,0.48048503220917016,0.5799166350890357,277.15000000000873,65.59999999999127,1.8806799947140802,0.3074418077816083,1931.6233682908642,974.4798605307587,-0.08589838284916174,0.10470776186632924,0.5044875085524547,1.406807498442537,2.0703781314303975,1.0347171093617085,1.0105529440637373,False,0,1,0
BTCUSD#,2025-05-01 13:00:00,2025-05-01 14:00:00,UPPER,95513.35,96380.95,95513.35,96156.45,60,94637.1,95767.98915731485,93506.21084268516,95146.125,96107.12924017952,94185.12075982048,True,870.5,481.26750000000027,1.808765395544057,643.0999999999913,0.7412402028584575,0.7412402028584575,224.5,0.0,3.156976109959618,0.5779841771987678,2261.778314629686,1922.0084803590435,0.17092097339397427,0.9723429474593812,0.849777570121291,2.7101352158622847,4.260624288986891,2.53601167749744,2.8174559886133936,True,1,2,1
BTCUSD#,2025-05-02 17:00:00,2025-05-02 18:00:00,UPPER,96759.75,97880.85,96693.55,97725.05,60,96776.19,97439.76651988315,96112.61348011685,96932.025,97535.30611988185,96328.74388011814,True,1187.300000000003,404.2169999999984,2.9372836867326404,965.3000000000029,0.8130211404025945,0.8687778994356923,155.8000000000029,66.19999999999709,2.3474025090483686,0.24178844531526622,1327.153039766301,1206.5622397637053,0.31754531951323917,-0.27156846198966833,0.9091357240730651,2.7351645279639656,1.9583540524025684,2.2346907725306124,9.959749342556163,False,0,0,0
BTCUSD#,2025-05-03 20:00:00,2025-05-03 21:00:00,LOWER,96185.1,96185.1,95852.65,96172.55,60,96336.98000000001,96799.73800213353,95874.2219978665,96309.92499999999,96616.60556609169,96003.24443390829,False,334.70000000001164,269.3600000000013,1.2425749925750298,-12.55000000000291,0.03775003759964648,0.9622499624003535,0.0,319.90000000000873,-0.6104469854470106,-0.9119950994950367,925.5160042670323,613.3611321834032,-0.037784091909429884,-0.3134762266048561,0.6627234206167598,0.9065934065933914,-0.8835758835758792,-4.461315711315678,-2.295441045441045,False,0,0,0
BTCUSD#,2025-05-04 02:00:00,2025-05-04 03:00:00,LOWER,96163.45,96163.45,95743.25,95840.55,60,96215.39,96553.80777396903,95876.97222603096,96272.475,96558.67218660242,95986.2778133976,True,420.1999999999971,240.21000000000058,1.749302693476525,-322.8999999999942,0.7684435982865216,0.2315564017134783,0.0,97.30000000000291,-1.5604679238999026,-0.506182090670708,676.8355479380698,572.394373204821,0.1512608071017425,-0.16399493089881412,0.845691948285782,-1.3821239748553316,-0.36551350901295826,-4.249198617876003,-2.5864868240289804,False,1,1,1
BTCUSD#,2025-05-04 11:00:00,2025-05-04 12:00:00,LOWER,95871.25,95916.75,95415.55,95638.35,60,96056.53,96526.40181075009,95586.65818924991,95877.8,96321.28821813778,95434.31178186223,False,501.1999999999971,284.52000000000044,1.761563334739197,-232.89999999999418,0.464684756584189,0.44453312051078253,45.5,222.8000000000029,-1.4697736538731632,-0.33799029945173625,939.7436215001799,886.9764362755523,0.0952378760789343,-0.17563285259995753,0.9438493818767383,-0.8140025305777834,-2.428651764375084,-2.246239280191165,-3.4482637424433773,False,0,2,0
BTCUSD#,2025-05-04 16:00:00,2025-05-04 17:00:00,LOWER,95452.65,95584.95,95211.55,95361.55,60,95839.99,96461.59117900208,95218.38882099793,95430.2375,95569.83938800983,95290.63561199018,False,373.3999999999942,293.32000000000045,1.2730124096549624,-91.09999999999127,0.24397429030528303,0.40171397964649797,132.3000000000029,150.0,-1.6311195963452938,-0.816957588981332,1243.2023580041423,279.20377601965447,0.04158787642915818,-0.6471108535049099,0.2245843359466377,-1.7376926223919142,-2.4631801445520214,-3.2483294695213467,-4.760670939588136,False,1,3,1
BTCUSD#,2025-05-05 01:00:00,2025-05-05 02:00:00,LOWER,95654.35,95664.15,94724.55,94995.85,60,95548.275,96011.6621595498,95084.88784045019,95571.5625,96102.12790325693,95040.99709674307,True,939.5999999999913,277.30499999999955,3.3883269324389853,-658.5,0.7008301404853194,0.28873988931460776,9.799999999988358,271.3000000000029,-1.9921205892428526,-0.6138187194605627,926.7743190996116,1061.1308065138583,0.1347871577298312,-0.0625655075012127,1.144972173532795,-1.1846162168009973,-1.4103604334577158,-4.210526315789449,-5.884856024954461,False,0,3,0
BTCUSD#,2025-05-05 02:00:00,2025-05-05 03:00:00,LOWER,94992.05,95013.75,94141.75,94258.15,60,95475.985,96198.38505899458,94753.58494100542,95479.91249999999,96624.07861867987,94335.74638132012,True,872.0,299.294999999999,2.913513423211223,-733.9000000000087,0.8416284403669825,0.13348623853210342,21.69999999999709,116.39999999999418,-4.069012178619792,-0.6651965452145782,1444.800117989158,2288.3322373597475,0.5589557114539208,1.156503442660028,1.5838400127933263,-3.766517983928922,-3.8393558195092123,-5.287091331295257,-8.697438981606824,True,1,4,1
BTCUSD#,2025-05-06 16:00:00,2025-05-06 17:00:00,LOWER,93933.95,94004.55,93374.75,93606.85,60,94349.175,95020.64572581842,93677.70427418158,93968.85,94556.40445676612,93381.2955432339,False,629.8000000000029,400.7800000000032,1.5714357003842454,-327.09999999999127,0.5193712289615589,0.36852969196571095,70.60000000000582,232.10000000000582,-1.8522007086181724,-0.12627875642497174,1342.9414516368415,1175.1089135322254,0.1573831462339017,-0.3285484804763287,0.8750261689368113,-1.9247467438494634,-1.7221418234442625,-1.5262737661559762,-4.378212485652934,False,0,0,0
BTCUSD#,2025-05-07 01:00:00,2025-05-07 02:00:00,UPPER,94676.45,96274.95,94664.25,96234.95,60,94452.38,95532.72506734262,93372.03493265739,94835.925,95524.27347980274,94147.57652019727,True,1610.699999999997,429.7400000000001,3.748080234560424,1558.5,0.9675917303035965,0.9751660768609921,40.0,12.19999999999709,4.148019732861711,0.28200772560153187,2160.6901346852246,1376.6969596054696,0.5302066597008956,-0.20931054229135115,0.6371561278063737,4.648159352166425,5.34392888723414,2.784474333317799,2.883371340810702,False,0,1,0
BTCUSD#,2025-05-07 20:00:00,2025-05-07 21:00:00,LOWER,96841.5,96884.15,96178.35,96299.05,60,96809.97,97415.72570533048,96204.21429466952,96916.975,97141.4074611111,96692.54253888891,False,705.7999999999884,496.01500000000016,1.4229408384826832,-542.4499999999971,0.7685604987248598,0.17101161802210127,42.64999999999418,120.69999999999709,-1.0300494944709295,1.2932572603650918,1211.5114106609544,448.8649222221866,-0.44621229093826753,0.5700794446186244,0.3704999542491333,-1.4777778897815586,-0.13951190992207305,3.596867030230951,3.660171567392114,False,0,1,0
BTCUSD#,2025-05-08 05:00:00,2025-05-08 06:00:00,UPPER,97802.75,98834.95,97802.75,98661.85,60,97050.2525,98095.95406479579,96004.55093520421,97457.70000000001,98777.69231800373,96137.7076819963,False,1034.8999999999942,516.8849999999999,2.0021861729398114,859.1000000000058,0.8322999418717383,0.8322999418717383,173.09999999999127,0.0,3.1179034021107284,0.5574499163256762,2091.4031295915775,2639.98463600743,0.3740929534884796,0.17626207081384182,1.2623030914766695,3.6948257349313742,3.3759927256546436,3.9625835534016507,8.397999555026754,False,0,1,0
BTCUSD#,2025-05-08 18:00:00,2025-05-08 19:00:00,UPPER,99359.35,101511.95,99305.35,100746.55,60,98735.1875,100859.61275145577,96610.76224854423,99329.05,99523.84363323172,99134.25636676828,False,2206.5999999999913,539.994999999999,4.086334132723443,1387.199999999997,0.6286594761171044,0.6531315145472686,765.3999999999942,54.0,3.7247798590727816,1.6778025722460241,4248.850502911548,389.5872664634371,-0.031962083939422015,-0.7569195477256392,0.09169239214146752,1.7952018074241625,2.970397874054395,7.094324947453247,11.477143306882503,False,0,2,0
BTCUSD#,2025-05-08 23:00:00,2025-05-09 00:00:00,UPPER,101283.65,102826.75,101255.05,102590.95,60,99815.11000000002,102109.06016897761,97521.15983102242,101225.32500000001,101750.68913039623,100699.96086960379,True,1571.699999999997,633.2599999999977,2.4819189590373667,1307.300000000003,0.8317745116752595,0.8499713685817882,235.8000000000029,28.59999999999127,4.383412816220813,2.0671485645706813,4587.900337955187,1050.7282607924426,0.10127559269951814,-0.4350089464826449,0.22902159667678157,5.100748507721951,4.640116223983838,9.220383412816245,12.523134257650922,False,1,2,1
BTCUSD#,2025-05-09 00:00:00,2025-05-09 01:00:00,UPPER,102594.65,104204.35,102093.15,102811.75,60,100065.695,102514.14612388493,97617.24387611508,101558.15,104007.24534308075,99109.05465691924,False,2111.2000000000116,666.4449999999975,3.1678533112260117,217.10000000000582,0.10283251231527313,0.34037514209928094,1392.6000000000058,501.5,4.120452550473037,1.996425061332911,4896.902247769845,4898.190686161513,0.06735148696634075,3.661710233688181,1.0002631129490598,3.098830361095071,4.553414010158403,8.54939267306382,12.202807433471675,True,2,3,2
BTCUSD#,2025-05-10 09:00:00,2025-05-10 10:00:00,UPPER,103344.95,103928.05,103343.85,103919.95,60,103097.515,103692.76494856461,102502.26505143539,103214.86249999999,103532.34674679712,102897.37825320286,True,584.1999999999971,499.869999999999,1.1687038630043778,575.0,0.9842519685039419,0.9861348853132389,8.10000000000582,1.0999999999912689,1.6452977774221285,0.06957809030347671,1190.4998971292225,634.9684935942641,0.24310682687185348,-0.12067923657792545,0.5333629134495773,2.14935883329665,1.5061916098185442,1.4091663832596388,9.813951627423144,False,0,0,0
BTCUSD#,2025-05-11 02:00:00,2025-05-11 03:00:00,UPPER,103568.15,104972.35,103552.15,104784.95,60,103534.135,104277.77740685157,102790.49259314842,103415.51250000001,104407.51332003983,102423.5116799602,True,1420.2000000000116,364.53499999999985,3.895922202257704,1216.800000000003,0.8567807351077263,0.8680467539783079,187.40000000000873,16.0,3.4312617444141242,0.518400153620342,1487.2848137031542,1984.0016400796303,0.5287072167101066,0.03619762273004423,1.3339755921663135,4.463768911078491,3.7722029434759126,4.997874003867928,4.2218168351461465,False,0,1,0
BTCUSD#,2025-05-12 10:00:00,2025-05-12 11:00:00,UPPER,104373.75,105814.45,104137.85,104455.15,60,104179.16500000001,104652.5966606129,103705.73333938712,104116.1625,104752.56869650092,103479.75630349909,False,1676.5999999999913,553.9249999999978,3.026763551022247,81.39999999999418,0.048550638196346536,0.1892520577358881,1359.300000000003,235.89999999999418,0.4982353206661319,0.016365031367066598,946.86332122577,1272.8123930018337,-0.05189579435330849,0.8838220523743181,1.344240889333535,0.8780972153269777,0.08918174843163673,1.9388906440402658,1.2783319041386363,False,0,0,0
BTCUSD#,2025-05-12 14:00:00,2025-05-12 15:00:00,LOWER,104514.1,104632.85,103615.05,103756.15,60,104202.11499999999,104738.00915864586,103666.22084135412,104500.7625,104758.91045551602,104242.61454448398,False,1017.8000000000029,606.5399999999979,1.6780426682494254,-757.9500000000116,0.7446944389860577,0.13863234427195015,118.75,141.09999999999127,-0.735260658818871,0.001797078510892128,1071.7883172917354,516.2959110320371,0.07814480949958114,-0.22432746656023184,0.4817144418374024,-0.3013816071487512,-0.5653378177861476,-1.4416196788340616,0.57094338378341,False,1,1,0
BTCUSD#,2025-05-12 17:00:00,2025-05-12 18:00:00,LOWER,104310.95,104374.45,102557.75,102791.75,60,104125.48000000001,104930.31206979498,103320.64793020504,104114.9375,105354.83285322342,102875.04214677658,True,1816.699999999997,647.6999999999986,2.8048479234213386,-1519.199999999997,0.8362415368525346,0.12880497605548544,63.5,234.0,-2.059178632082775,-0.08381966960011382,1609.664139589935,2479.790706446831,0.48746289786117525,-0.06679434852055399,1.5405640502611695,-2.790335031650466,-1.68920796665124,-2.121506870464735,-1.0926354793886037,False,1,2,1
BTCUSD#,2025-05-12 21:00:00,2025-05-12 22:00:00,LOWER,102564.65,102652.85,100716.75,101607.05,60,103762.015,105399.94480962832,102124.08519037168,102675.9625,103249.77982892502,102102.14517107497,True,1936.1000000000058,739.9949999999997,2.6163690295204787,-957.5999999999913,0.4946025515210931,0.459841950312484,88.20000000001164,890.3000000000029,-2.912134541449601,-0.5884566787613457,3275.859619256633,1147.6346578500525,0.25365258382541533,-0.796139917368805,0.35033084174421275,-3.076642409746009,-3.7266468016675764,-3.931107642619209,-2.189339117156186,False,1,3,1
BTCUSD#,2025-05-13 12:00:00,2025-05-13 13:00:00,UPPER,102706.45,103505.45,102703.95,103435.05,60,102490.33,103334.90301316345,101645.75698683655,102588.35,102991.88488012363,102184.81511987638,True,801.5,781.1250000000007,1.026084173467754,728.6000000000058,0.9090455396132324,0.9121646912039998,70.39999999999418,2.5,1.2094351096175393,-0.5759065450472018,1689.1460263268964,807.0697602472501,-0.22508488130319615,-0.045473072846788254,0.4777975069463058,2.230628900624109,1.2094095055208787,-1.2802048327732427,-1.129396703472551,False,0,3,0
BTCUSD#,2025-05-14 17:00:00,2025-05-14 18:00:00,LOWER,103935.15,103939.05,102860.75,103241.15,60,103863.945,104624.73270367936,103103.15729632066,103892.2625,104338.40723766998,103446.11776233002,False,1078.300000000003,457.3025000000016,2.357957806922112,-694.0,0.6436056756004805,0.35277752017063263,3.900000000008731,380.3999999999942,-1.3618884655124575,-0.06162223036172537,1521.5754073587013,892.2894753399596,0.039790680201646556,-0.4649557493816282,0.5864247483395401,0.12114519382683013,-0.9993385122539203,0.13842041099707117,0.9827193159888533,False,0,0,0
BTCUSD#,2025-05-15 04:00:00,2025-05-15 05:00:00,LOWER,103777.75,103790.45,102952.65,103022.35,60,103539.275,104058.92099456592,103019.62900543406,103598.825,104076.24233258926,103121.40766741073,False,837.8000000000029,498.79000000000013,1.6796647887888745,-755.3999999999942,0.9016471711625585,0.0831940797326467,12.69999999999709,69.70000000001164,-1.0363579863268875,-0.15357164337695473,1039.2919891318597,954.834665178525,0.07592565497724069,0.9964343464680372,0.9187357115839183,-0.5906293229615494,-1.8298281842057718,-1.386154493875166,1.2971390765652877,False,0,1,0
BTCUSD#,2025-05-15 08:00:00,2025-05-15 09:00:00,LOWER,102888.65,102918.55,102309.85,102350.65,60,103385.135,104210.84003526853,102559.42996473146,102918.7125,103406.93452630678,102430.49047369321,True,608.6999999999971,507.25999999999914,1.1999763434924853,-538.0,0.8838508296369354,0.06702809265646222,29.90000000000873,40.79999999998836,-2.039358514371333,-0.3844182470528228,1651.4100705370656,976.4440526135731,0.22190968606298278,-0.684592970981229,0.5912789742744015,-2.2410598115364997,-1.7600441588140292,-3.028230098963073,-0.19615187477822058,False,1,2,1
BTCUSD#,2025-05-17 03:00:00,2025-05-17 04:00:00,LOWER,103448.45,103536.15,103085.05,103336.15,60,103730.12999999999,104207.49178163857,103252.76821836141,103553.17499999999,103908.04594760864,103198.30405239134,False,451.09999999999127,448.80499999999813,1.0051135793941537,-112.30000000000291,0.24894701839947925,0.556639326091767,87.69999999999709,251.09999999999127,-0.8778422700281805,-0.23202727242345728,954.7235632771626,709.741895217303,0.06741669921405014,-0.5459178188395684,0.7434004171647958,-0.753779481066397,-0.3444703156159278,-0.9231180579539101,-1.0064504628959425,False,0,0,0
BTCUSD#,2025-05-17 04:00:00,2025-05-17 05:00:00,LOWER,103329.45,103329.45,102583.65,102824.65,60,103676.845,104289.51279095112,103064.17720904888,103466.4,103846.90087970805,103085.89912029194,True,752.5,452.19499999999755,1.6641050874069905,-504.8000000000029,0.6768570662375984,0.32314293376240155,0.0,241.0,-1.884574132840946,-0.3762867789338665,1225.33558190224,761.0017594161036,0.28344541711757976,0.07222324699193128,0.6210557912916448,-2.6121474142792778,-2.5513329426464644,-2.676500182443436,-0.437200765156653,True,1,1,1
BTCUSD#,2025-05-17 12:00:00,2025-05-17 13:00:00,LOWER,103406.65,103533.85,102805.85,102885.05,60,103536.0025,104210.59330311201,102861.411696888,103410.9,103615.65673239203,103206.14326760796,False,728.0,459.3699999999968,1.5847791540588307,-521.5999999999913,0.7164835164835045,0.1087912087912048,127.20000000001164,79.19999999999709,-1.417054879508901,-0.2080675708034653,1349.1816062240105,409.51346478407504,0.06996235748498969,-0.533522933947165,0.30352731084897533,-1.3441234734527752,-1.550384221869086,-1.9589873087054017,2.3408145939003644,False,0,2,0
BTCUSD#,2025-05-17 16:00:00,2025-05-17 17:00:00,LOWER,102934.35,103088.95,102625.05,102702.55,60,103322.9675,104003.99929914183,102641.93570085817,102917.36249999999,103079.98748876552,102754.73751123446,False,463.8999999999942,397.0449999999975,1.1683814177234244,-231.8000000000029,0.4996766544514029,0.16706186678163606,154.59999999999127,77.5,-1.5625873641526775,-0.6850482942739413,1362.0635982836538,325.2499775310571,0.03841575433077904,-0.8134360085552333,0.23879206370459274,-1.8199448425241365,-0.30752181742621626,-3.213237794204715,1.4544950824213971,False,1,3,1
BTCUSD#,2025-05-18 08:00:00,2025-05-18 09:00:00,UPPER,103347.45,103671.75,103345.15,103635.85,60,103130.915,103558.19373954421,102703.63626045578,103298.45000000001,103456.48720910854,103140.41279089148,True,326.8000000000029,327.675,0.997329671168087,288.40000000000873,0.8830373545621666,0.8900796080833021,35.89999999999418,2.3000000000029104,1.5409628442817187,0.0030670634012057822,854.5574790884275,316.07441821706016,0.15007835190631402,-0.13988829933113234,0.36986911466063427,1.5890745403220008,1.5698481727321545,0.9198138399328869,-0.7766842145418479,False,0,2,0
BTCUSD#,2025-05-18 16:00:00,2025-05-18 17:00:00,UPPER,103936.35,104775.95,103896.95,104720.85,60,103521.345,104344.94019793902,102697.74980206098,103857.975,104067.95411670266,103647.99588329735,True,879.0,290.87499999999926,3.021916630855186,784.5,0.8924914675767918,0.9373151308304991,55.09999999999127,39.40000000000873,4.123781693167195,1.0835066609368593,1647.1903958780458,419.95823340531206,0.30721327584231584,0.42765792060054575,0.25495427514404034,2.813923506660944,5.0777825526429,6.938719381177509,2.552642887838425,False,0,2,0
BTCUSD#,2025-05-19 01:00:00,2025-05-19 02:00:00,UPPER,104168.15,105984.95,103949.75,105950.55,60,104278.035,105850.99410731067,102705.07589268933,104143.475,105048.32863979222,103238.62136020779,True,2035.199999999997,533.5299999999995,3.8145933686952915,1782.4000000000087,0.8757861635220181,0.9830974842767324,34.39999999999418,218.39999999999418,3.134809663936425,0.753547129495987,3145.9182146213425,1809.7072795844288,0.10437402809602014,-0.3902106461410594,0.5752556665883489,0.27814743313404844,3.9442955410192693,5.48516484546324,4.605176841039871,False,0,2,0
BTCUSD#,2025-05-20 16:00:00,2025-05-20 17:00:00,LOWER,104757.85,104854.55,104161.95,104427.65,60,105446.05500000001,106457.49581293804,104434.61418706198,105060.15,105848.5589290629,104271.74107093709,False,692.6000000000058,626.0975000000013,1.1062174821014368,-330.20000000001164,0.4767542593127474,0.3836269130811361,96.69999999999709,265.6999999999971,-1.6265917049660974,0.34100918786611384,2022.8816258760635,1576.8178581258107,0.12541448649963494,1.1197382319994857,0.7794909192686582,-0.9169498360878371,-3.202376626643607,1.8206429509780693,-0.4682976692927396,False,0,0,0
BTCUSD#,2025-05-20 22:00:00,2025-05-20 23:00:00,UPPER,105270.85,107242.95,105193.25,107025.05,60,105507.125,106817.00813359514,104197.24186640486,105493.82500000001,107085.63494764366,103902.01505235636,False,2049.699999999997,688.3375000000029,2.977754371946884,1754.199999999997,0.8558325608625651,0.893691759769725,217.89999999999418,77.60000000000582,2.2052045689796014,0.08872101258465821,2619.76626719028,3183.6198952872946,0.17899858393852108,-0.32890284730543096,1.2152305093621012,3.773439628089415,2.9394010932137133,2.213594348702476,4.580020702053851,False,1,1,0
BTCUSD#,2025-05-21 17:00:00,2025-05-21 18:00:00,UPPER,107248.2,109064.15,106985.05,109045.35,60,106912.64499999999,108170.72180770412,105654.56819229586,106656.9375,108073.59832281296,105240.27667718704,True,2079.0999999999913,815.8149999999994,2.5484944503349323,1797.1500000000087,0.8643884373046108,0.9909576258958259,18.79999999998836,263.1499999999942,2.6142017491710963,0.6694900191832627,2516.153615408257,2833.321645625925,0.21818414373891937,1.2798545585350367,1.1260527291638378,3.291555070696181,2.70551534355217,5.557264821068521,5.773858043796709,False,0,1,0
BTCUSD#,2025-05-22 02:00:00,2025-05-22 03:00:00,UPPER,108717.65,110749.6,108642.25,109620.85,60,107621.47,109819.53584764563,105423.40415235437,108479.625,109225.2386461712,107734.0113538288,False,2107.350000000006,1039.1074999999996,2.028038484949831,903.2000000000116,0.4285951550525585,0.4643746885899367,1128.75,75.39999999999418,1.9241320075160706,0.4816825978062946,4396.13169529126,1491.2272923424025,0.08829186971999348,-0.7083220658498511,0.3392135167241852,2.9235666184682625,2.978325149226624,2.679703495547863,3.902772331062965,False,0,1,0
BTCUSD#,2025-05-22 06:00:00,2025-05-22 07:00:00,UPPER,110460.35,111852.45,110316.85,111754.55,60,108272.73500000002,111434.41402502595,105111.05597497408,109985.0125,111190.91164455032,108779.11335544968,True,1535.5999999999913,1170.7149999999995,1.3116770520579235,1294.199999999997,0.8427976035425921,0.9362464183381123,97.89999999999418,143.5,2.9740927552820193,0.7559226626463329,6323.358050051873,2411.7982891006395,0.12259945132030858,-0.39234084550731496,0.3814109955517788,2.868588853820105,2.378119354411626,4.206318361001619,5.131137808945822,False,1,2,1
BTCUSD#,2025-05-23 07:00:00,2025-05-23 08:00:00,LOWER,111082.25,111171.45,110534.25,110828.65,60,111174.505,111783.82547897767,110565.18452102234,111315.35,112057.79019240683,110572.90980759318,False,637.1999999999971,631.2999999999993,1.00934579439252,-253.60000000000582,0.3979912115505445,0.4620213433772686,89.19999999999709,294.3999999999942,-0.5478457151908932,0.13484872485348448,1218.6409579553292,1484.880384813645,-0.11124152958054567,0.028329267035692718,1.2184724098761788,-0.28274988119752925,-0.6738476160304281,-1.0042768889592915,5.626326627593851,False,0,0,0
BTCUSD#,2025-05-23 14:00:00,2025-05-23 15:00:00,LOWER,111053.25,111093.25,108870.35,109081.25,60,111036.64500000002,112134.29524762035,109938.99475237969,111000.20000000001,111877.68032417101,110122.71967582901,True,2222.899999999994,539.9899999999986,4.116557714031741,-1972.0,0.8871294255252171,0.09487606280084337,40.0,210.89999999999418,-3.621168910535424,-0.260958536269179,2195.3004952406627,1754.9606483420066,0.7281566658565968,-0.27019274055032005,0.7994170511721297,-3.2724680086668463,-4.818978129224622,-3.473953221355949,4.7319394803607535,False,0,1,0
BTCUSD#,2025-05-24 02:00:00,2025-05-24 03:00:00,LOWER,107767.45,107894.65,106781.65,107297.75,60,109470.825,111826.77990188038,107114.87009811962,108243.32500000001,109568.31307140441,106918.33692859561,False,1113.0,810.1400000000001,1.3738366208309674,-469.6999999999971,0.4220125786163496,0.46370170709793873,127.19999999999709,516.1000000000058,-2.68234502678549,-1.1660515466462866,4711.909803760762,2649.976142808795,0.05559937852891106,0.3371205759885807,0.5623995902242747,-2.5909102130495962,-2.201471350630755,-5.413508776260889,-2.8675290690498008,False,0,2,0
BTCUSD#,2025-05-25 11:00:00,2025-05-25 12:00:00,LOWER,107665.9,107681.95,106910.25,107096.15,60,108284.29000000001,109440.7708367582,107127.80916324182,107980.8375,108827.26933238166,107134.40566761832,True,771.6999999999971,478.0849999999984,1.6141481117374519,-569.75,0.7383050408189739,0.24089672152390162,16.05000000000291,185.89999999999418,-2.4852066055199766,-0.4055345806707819,2312.9616735163727,1692.8636647633393,0.11597983651440691,0.9542022901049305,0.7319030333043502,-1.7019985985755972,-3.659600280284911,-2.3751006620161768,-7.997740987481345,False,0,0,0
BTCUSD#,2025-05-25 18:00:00,2025-05-25 19:00:00,LOWER,107351.95,107415.05,106578.35,106961.85,60,107712.53,108784.110088741,106640.949911259,107402.8875,107866.01805058104,106939.75694941895,False,836.6999999999971,519.6099999999991,1.6102461461480697,-390.09999999999127,0.4662364049240978,0.45834827297717384,63.10000000000582,383.5,-1.4446989087969715,-0.95992186447526,2143.160177482001,926.2611011620902,-0.058845520652009875,-0.5180310013581149,0.4321940613185312,-0.31485152325781174,-2.176824926387085,-3.76994284174669,-3.7972710301957133,False,0,1,0
BTCUSD#,2025-05-26 01:00:00,2025-05-26 02:00:00,UPPER,107446.45,109190.05,107326.55,109145.55,60,107581.81999999999,108607.13399511833,106556.50600488165,107554.05,108076.31858930858,107031.78141069143,True,1863.5,493.5099999999999,3.7760126441206876,1699.1000000000058,0.911778910652002,0.9761202039173598,44.5,119.89999999999418,3.1685882758201673,-0.09505379830199602,2050.6279902366805,1044.5371786171454,0.3598882877869285,-0.15202491777033522,0.5093742909929687,4.003566290450048,4.485623391623265,2.1128244615103995,2.781301290753999,False,0,2,0
BTCUSD#,2025-05-27 04:00:00,2025-05-27 05:00:00,LOWER,109140.35,109140.35,107494.05,108379.75,60,109478.975,110254.14910153771,108703.8008984623,109270.7875,109727.60153967094,108813.97346032907,True,1646.300000000003,536.5974999999992,3.0680351660229603,-760.6000000000058,0.462005709773434,0.537994290226566,0.0,885.6999999999971,-2.048509357572496,-0.20023388107472098,1550.3482030754094,913.62807934187,0.31403240262829635,-0.22813316371007197,0.5893050848380484,-1.354646639240763,-2.237431221725796,-2.1530104035147475,1.3768234104706116,False,0,0,0
BTCUSD#,2025-05-27 16:00:00,2025-05-27 17:00:00,UPPER,109587.75,110725.05,109564.35,109833.15,60,109235.30999999998,110113.3916054295,108357.22839457047,109668.0125,110067.65922753653,109268.36577246347,False,1160.699999999997,597.9949999999997,1.9409861286465568,245.39999999999418,0.21142414060480297,0.23158438873092876,891.9000000000087,23.39999999999418,0.9997408005083845,0.05019272736391589,1756.1632108590275,799.293455073057,0.05247351751372298,0.12862540099569642,0.45513620267792904,0.5490012458297955,2.4304551041396585,0.4227460095820007,3.8846478649487057,False,0,1,0
BTCUSD#,2025-05-27 17:00:00,2025-05-27 18:00:00,UPPER,109823.35,110205.75,108651.05,109368.55,60,109249.15,110126.46967274975,108371.83032725024,109667.125,110061.13376808859,109273.11623191141,False,1554.699999999997,615.7449999999997,2.5249088502545662,-454.8000000000029,0.2925323213481725,0.46150382710490856,382.3999999999942,717.5,0.19391144061260554,0.08115372435015573,1754.6393454995123,788.0175361771835,-0.0008677242240883176,-0.014107357972601986,0.44910513274330455,-0.5138490771341941,1.8070792292263806,-0.4665892536683255,3.2750570447181984,True,1,2,1
BTCUSD#,2025-05-28 16:00:00,2025-05-28 17:00:00,LOWER,108874.95,108974.55,107986.05,108049.85,60,108954.01000000001,109763.24059865062,108144.7794013494,108829.7375,108959.81396539779,108699.66103460222,True,988.5,473.91500000000013,2.0858170769019755,-825.0999999999913,0.834699038947892,0.06454223571067567,99.60000000000582,63.80000000000291,-1.9078526740027288,-0.7354483398921611,1618.4611973012215,260.1529307955643,-0.07661459804812776,-0.6440631397454881,0.160740913176892,-1.5675806842999145,-1.2603525948745833,-3.7629110705506004,-3.2294820801198516,False,0,2,0
BTCUSD#,2025-05-29 17:00:00,2025-05-29 18:00:00,LOWER,107587.25,107810.45,106432.05,107598.85,60,107943.075,108943.74579885848,106942.40420114151,108373.4,110266.8327871255,106479.96721287449,False,1378.3999999999942,564.432499999999,2.4420989223689222,11.60000000000582,0.008415554265819697,0.8464886825304758,211.59999999999127,1155.199999999997,-0.6098603464541675,0.38892161595937497,2001.3415977169643,3786.8655742510164,-0.011042583555820329,2.2641976066572647,1.892163525992211,-1.5424342148972514,-1.465011316676477,0.1270302471952125,-3.1353616242863414,False,0,0,0
BTCUSD#,2025-05-30 03:00:00,2025-05-30 04:00:00,LOWER,105576.25,106199.35,104576.05,104884.45,60,107106.36499999999,109444.53601198447,104768.19398801551,106031.35,107327.98337124028,104734.71662875974,False,1623.300000000003,624.7124999999978,2.598475298637387,-691.8000000000029,0.4261689151727972,0.18998336721492862,623.1000000000058,308.3999999999942,-3.5567000820377395,-1.0782960161674409,4676.3420239689585,2593.2667424805404,0.10855267103435806,0.1673750566728316,0.554550272240257,-1.5115753246493486,-5.653800748344258,-5.42729655641597,-6.8804450047021914,False,0,1,0
BTCUSD#,2025-05-30 19:00:00,2025-05-30 20:00:00,LOWER,105540.95,105557.65,103689.25,103893.85,60,105603.7125,106693.5126904263,104513.91230957369,105528.72499999999,106034.4195613958,105023.03043860418,True,1868.3999999999942,667.0849999999984,2.800842471349226,-1647.0999999999913,0.8815564119032308,0.10950545921644533,16.69999999999709,204.60000000000582,-2.5631853511921157,-0.4410757249825972,2179.6003808526148,1011.3891227916174,0.3875814878904196,-0.3754956476890964,0.46402502572328547,-3.0897112062180923,-3.348149036479617,-4.223000067457667,-5.2747401005868895,False,0,1,0
BTCUSD#,2025-06-01 12:00:00,2025-06-01 13:00:00,LOWER,104378.95,104447.05,103738.25,103922.35,60,104453.43999999999,104904.39715514163,104002.48284485834,104355.28749999999,104781.2209067111,103929.35409328889,True,708.8000000000029,334.7274999999994,2.1175433748347663,-456.59999999999127,0.6441873589164636,0.2597347629796911,68.10000000000582,184.10000000000582,-1.586633903697733,0.5650865256065903,901.9143102832895,851.8668134222098,0.09237516117551547,-0.32994231497135706,0.9445096986593329,-1.3222696073671631,-2.8237895004145126,1.1725956188242697,-5.12372004092879,False,0,0,0
BTCUSD#,2025-06-02 00:00:00,2025-06-02 01:00:00,UPPER,104944.95,105494.15,104912.95,105477.85,60,104526.14,105398.78470191122,103653.49529808878,105004.45,105348.72303036466,104660.17696963533,True,581.1999999999971,406.81999999999897,1.428641659702076,532.9000000000087,0.9168960770819191,0.9719545767378038,16.29999999998836,32.0,2.339388427314313,0.3810407551251163,1745.2894038224476,688.5460607293353,0.13048613877658033,0.08907496808490056,0.3945168401419933,1.8880586008554343,3.823558330465572,1.500172066270106,2.100437539943961,False,0,1,0
BTCUSD#,2025-06-03 01:00:00,2025-06-03 02:00:00,UPPER,104910.65,105776.75,104908.75,105679.25,60,104631.63,105589.07865062008,103674.18134937993,104632.0875,105668.9347727194,103595.24022728059,True,868.0,535.8200000000012,1.6199469971258968,768.6000000000058,0.8854838709677486,0.8876728110599078,97.5,1.8999999999941792,1.9551715128214568,-0.3592344444029714,1914.8973012401548,2073.694545438804,0.1252810395900914,0.20482306738418488,1.0829272901976554,2.658168788025829,2.4599678996678045,0.33145459296033264,1.9704378336008372,False,0,0,0
BTCUSD#,2025-06-03 17:00:00,2025-06-03 18:00:00,UPPER,105414.5,106693.65,105125.75,106538.75,60,105433.9375,106466.61700693917,104401.25799306083,105312.35,105550.87953575749,105073.82046424253,True,1567.8999999999942,436.98000000000104,3.5880360657238097,1124.25,0.7170419031826036,0.9012054340200302,154.89999999999418,288.75,2.528290768456216,0.8706462538331293,2065.359013878333,477.0590715149592,0.02545155862728321,0.23809523126665022,0.23098118453466224,3.3848231040322263,2.143347521625712,5.466154057393932,4.44505469357863,False,0,1,0
BTCUSD#,2025-06-05 15:00:00,2025-06-05 16:00:00,UPPER,104801.15,105763.15,104763.05,105631.85,60,104843.65,105359.62293744426,104327.67706255573,104746.2,105145.83648412346,104346.56351587654,True,1000.0999999999913,359.6449999999997,2.78079773109592,830.7000000000116,0.8306169383061883,0.8687131286871418,131.29999999998836,38.09999999999127,2.1916056110887467,-0.20326989114268387,1031.9458748885372,799.2729682469217,0.12668880014455053,-0.2553116142214369,0.7745299319436234,3.308540366194469,1.8785190952189141,1.6633068720544206,0.9484352625505876,False,0,0,0
BTCUSD#,2025-06-05 23:00:00,2025-06-06 00:00:00,LOWER,101891.55,102152.75,100388.75,100480.15,60,104180.245,106587.04568598799,101773.444314012,102838.57500000001,105065.14783498413,100612.00216501589,True,1764.0,614.6099999999991,2.8701127544296425,-1411.4000000000087,0.8001133786848122,0.0518140589569128,261.1999999999971,91.39999999999418,-6.0202323424610835,-1.0123899708758508,4813.601371975994,4453.145669968246,0.39547987686419583,-0.07337870689554771,0.9251172512733891,-6.737605961504053,-6.802199768959206,-6.713200240803121,-8.527033403296416,False,0,1,0
BTCUSD#,2025-06-07 15:00:00,2025-06-07 16:00:00,UPPER,105130.45,105688.65,105130.45,105440.45,60,104729.55500000001,105403.96698838295,104055.14301161707,104951.3875,105657.24232001581,104245.53267998419,False,564.2999999999884,376.0349999999991,1.5006581834137505,310.0,0.5553565030455063,0.5553565030455063,248.1999999999971,0.0,1.890502213889641,0.5017352108181772,1348.8239767658815,1411.7096400316223,0.1414921370450133,0.22421242255337237,1.0466225870454378,0.3199170289999686,2.520510058904105,4.537875463720128,-0.5089951733216567,False,0,0,0
BTCUSD#,2025-06-07 21:00:00,2025-06-07 22:00:00,UPPER,105381.25,105871.15,105381.25,105590.25,60,105027.01499999998,105834.75590231696,104219.27409768301,105416.07500000001,105728.47504709972,105103.6749529003,False,495.09999999999127,347.24999999999784,1.425773938084937,209.0,0.4266176770769595,0.4266176770769595,280.8999999999942,0.0,1.6219870410367707,0.856616270698284,1615.4818046339497,624.8000941994251,0.009254068685534245,-0.26482293823835334,0.38675774150300496,0.4313894888409038,0.7778257739381066,3.1781137508999646,7.48826493880495,False,1,1,1
BTCUSD#,2025-06-08 12:00:00,2025-06-08 13:00:00,LOWER,105358.15,105386.65,105072.0,105120.05,60,105510.1,105855.72566192025,105164.47433807976,105404.45,105512.9322539791,105295.96774602089,True,314.6499999999942,260.46499999999867,1.2080317892998897,-238.09999999999127,0.7567138089941067,0.1527093596059234,28.5,48.05000000000291,-1.497514061390225,0.2871403067590424,691.2513238404936,216.96450795821147,0.16317895828307827,-0.6332882736461127,0.3138721047979882,-1.2938398633213741,-2.390724281573341,1.1402683661912407,5.70902040581271,False,0,2,0
BTCUSD#,2025-06-08 18:00:00,2025-06-08 19:00:00,UPPER,105809.05,106070.75,105795.35,105956.45,60,105564.93500000001,105968.17917575216,105161.69082424787,105691.70000000001,106001.16696014434,105382.23303985568,False,275.3999999999942,269.49250000000103,1.0219208326762086,147.39999999999418,0.5352214960057999,0.5849673202614186,114.30000000000291,13.69999999999709,1.452786255647127,0.20347505032609883,806.4883515042893,618.9339202886622,0.09481377610968744,-0.45604031316779947,0.7674430996234549,3.103611417757418,1.8531127953467805,1.5339944525357574,3.2512964182676467,False,1,2,0
BTCUSD#,2025-06-09 12:00:00,2025-06-09 13:00:00,UPPER,105915.45,106899.85,105815.35,106613.15,60,105869.715,106539.00335136976,105200.42664863024,105628.84999999999,106417.0862586323,104840.61374136768,True,1084.5,330.655000000001,3.279853623867768,697.6999999999971,0.6433379437528788,0.7356385431074121,286.70000000001164,100.09999999999127,2.2483706582389362,0.26798324537655793,1338.5767027395195,1576.4725172646286,0.14455339054554361,0.6968361823638072,1.1777229605432646,2.9426441457107773,0.9230164370718609,4.515582707051116,5.413799882052247,False,0,2,0
BTCUSD#,2025-06-10 00:00:00,2025-06-10 01:00:00,UPPER,108679.75,110621.15,108679.75,109963.25,60,107114.13,109731.47462510843,104496.78537489158,108501.025,109021.53677638034,107980.51322361965,True,1941.3999999999942,517.5649999999987,3.7510264411233356,1283.5,0.6611208406304748,0.6611208406304748,657.8999999999942,0.0,5.504854462724493,1.5990648517577453,5234.689250216848,1041.0235527606856,0.11179943221659494,-0.6102019985959903,0.19887017222991046,4.525035502787101,6.472810178431722,7.062494565899959,8.154531314907327,False,0,1,0
BTCUSD#,2025-06-10 17:00:00,2025-06-10 18:00:00,LOWER,109294.15,109326.75,108458.25,108612.35,60,109447.59,110366.99058178833,108528.18941821167,109450.47499999999,110105.40579735673,108795.54420264326,False,868.5,514.6750000000008,1.687472676932042,-681.7999999999884,0.785031663788127,0.17743235463443388,32.60000000000582,154.10000000000582,-1.6228493709622374,0.8950114149706101,1838.8011635766597,1309.8615947134676,-0.03486115714422999,0.19792076116965118,0.7123454241053723,-0.9001797250691945,-1.9956283091270992,1.962403458493221,5.4515956671686,False,0,1,0
BTCUSD#,2025-06-10 22:00:00,2025-06-10 23:00:00,UPPER,109267.5,110374.95,109267.5,109503.65,60,109325.56999999999,110025.24940843809,108625.8905915619,108919.875,109858.43225948904,107981.31774051096,False,1108.199999999997,519.0850000000006,2.134910467457152,236.14999999999418,0.21323761795114435,0.21323761795114435,871.3000000000029,0.0,0.3430652012676181,-0.21872140400901185,1399.3588168761926,1877.11451897808,-0.13283989492898596,0.5699083394587621,1.3414104347935492,0.3997418534536728,0.6076076172495715,1.8336110656250657,6.222487646531871,False,1,2,0
BTCUSD#,2025-06-11 17:00:00,2025-06-11 18:00:00,UPPER,109668.75,110384.75,109626.95,109867.95,60,109631.8,110109.93256968481,109153.6674303152,109488.725,110282.9060557581,108694.54394424192,False,757.8000000000029,484.4799999999974,1.5641512549537793,199.1999999999971,0.2628661916072794,0.3180258643441529,516.8000000000029,41.80000000000291,0.4874298216644556,0.35958140686923573,956.2651393696142,1588.3621115161804,-0.025021467383542717,0.06713982142112407,1.661005976400285,0.6607083883751507,0.4258173712021219,2.591644649933946,4.676354029062094,False,0,2,0
BTCUSD#,2025-06-11 20:00:00,2025-06-11 21:00:00,LOWER,109430.55,109745.95,108947.45,108970.75,60,109573.915,110103.94947934373,109043.88052065625,109677.2125,110316.22673053018,109038.19826946981,True,798.5,423.8549999999981,1.8838989748852877,-459.8000000000029,0.5758296806512246,0.029179711959928505,315.3999999999942,23.30000000000291,-1.4230456170152441,0.1653277653914603,1060.0689586874796,1278.0284610603703,0.14252906047701352,1.0639065775760463,1.2056087960945074,-0.6235623031461328,-1.1527527102429087,0.6480989961189518,1.5144330018520415,False,1,2,0
BTCUSD#,2025-06-12 00:00:00,2025-06-12 01:00:00,LOWER,108887.15,109191.45,108341.05,108478.55,60,109348.73000000001,110106.76701136051,108590.69298863951,108836.2125,109224.13061873398,108448.29438126601,False,850.3999999999942,424.8349999999991,2.001718314169021,-408.59999999999127,0.48047977422388766,0.16168861712135577,304.3000000000029,137.5,-2.048277566584696,-0.6927630727223127,1516.0740227210044,775.8362374679709,0.16695755519741273,-0.6541083899234246,0.5117403410656184,-2.942083397083566,-1.8002283239375392,-3.216072122118012,-3.494768557204562,False,1,2,1
BTCUSD#,2025-06-12 01:00:00,2025-06-12 02:00:00,LOWER,108472.35,108622.05,108045.15,108431.25,60,109287.20999999999,110128.78673078105,108445.63326921893,108713.075,109322.35059391895,108103.79940608105,False,576.9000000000087,453.36499999999944,1.2724846426168968,-41.10000000000582,0.07124284971399757,0.6692667706708267,149.6999999999971,386.1000000000058,-1.8880151754105254,-0.7287946797834061,1683.1534615621204,1218.5511878379039,0.11020533056904891,0.5706293789714993,0.7239691541298777,-2.2085957230928814,-2.037431208849378,-2.813185843635913,-3.8229682485414607,True,2,3,2
BTCUSD#,2025-06-12 06:00:00,2025-06-12 07:00:00,LOWER,108372.05,108427.75,107707.75,107851.95,60,109003.5,110088.48420918973,107918.51579081027,108546.90000000001,109021.00872102259,108072.79127897743,True,720.0,503.2350000000006,1.4307430921935063,-520.1000000000058,0.7223611111111192,0.20027777777777372,55.69999999999709,144.1999999999971,-2.288294733076995,-0.6860214412749711,2169.9684183794598,948.2174420451629,0.1300317169983216,0.23259399985857354,0.43697292274571214,-1.2451439188450826,-3.728874184029326,-3.6748238894353547,-3.3815215555356746,False,2,4,2
BTCUSD#,2025-06-12 14:00:00,2025-06-12 15:00:00,LOWER,107309.75,107339.25,106871.05,106892.15,60,108205.995,109477.8219465961,106934.16805340389,107530.075,108129.91213570985,106930.23786429015,True,468.1999999999971,500.3949999999997,0.9356608279459174,-417.6000000000058,0.8919265271251782,0.04506621102091286,29.5,21.09999999999127,-2.625615763546802,-1.2626325203089903,2543.6538931922114,1199.6742714197026,-0.011510414040745265,0.002536195693568777,0.4716342402677065,-1.6648847410545795,-3.4640633899219813,-4.682101140099342,-5.283026409136797,False,0,5,0
BTCUSD#,2025-06-13 03:00:00,2025-06-13 04:00:00,LOWER,105639.2,105675.25,103180.25,103773.05,60,106935.205,108999.19322237022,104871.21677762979,105825.5,106271.61807789281,105379.38192210719,True,2495.0,654.0249999999978,3.814838882305735,-1866.1499999999942,0.747955911823645,0.23759519038076268,36.05000000000291,592.8000000000029,-4.834914567485967,-1.2168724437139151,4127.97644474043,892.2361557856202,0.3804937645136375,-0.7104566326939751,0.2161437129619388,-5.7797484805626755,-4.902259087955366,-7.506287985933289,-9.232980390657866,False,0,2,0
BTCUSD#,2025-06-14 18:00:00,2025-06-14 19:00:00,LOWER,104900.65,104964.5,104597.35,104816.25,60,105258.0175,105914.91897989712,104601.11602010288,104997.025,105240.16321058062,104753.88678941937,False,367.1499999999942,310.88549999999884,1.1809814224207804,-84.39999999999418,0.22987879613235876,0.596214081438098,63.85000000000582,218.89999999999418,-1.4209974411801238,-0.31452898253537565,1313.8029597942368,486.2764211612521,0.041723733856043,1.0884032372300716,0.37012888236863994,-0.11322496546155167,-1.295010542466623,-1.950557359542328,-7.036995935802748,False,0,0,0
BTCUSD#,2025-06-14 19:00:00,2025-06-14 20:00:00,LOWER,104813.85,104887.25,104343.85,104435.85,60,105209.1375,105952.32157133821,104465.95342866179,104933.92499999999,105266.27173075877,104601.5782692412,True,543.3999999999942,301.6179999999986,1.8016166143930294,-378.0,0.6956201693043873,0.16930437983069743,73.39999999999418,92.0,-2.5637975850247496,-0.49273418695173454,1486.3681426764233,664.6934615175705,0.13134784146719625,0.36690456824998785,0.44719302199298533,-1.846375216333232,-3.0343016663461775,-4.433422408476959,-10.915131059817426,True,1,1,1
BTCUSD#,2025-06-15 08:00:00,2025-06-15 09:00:00,UPPER,105546.15,106084.95,105485.05,106052.95,60,105147.20749999999,105933.45479662529,104360.96020337469,105470.35,105674.56459162237,105266.13540837764,True,599.8999999999942,329.9724999999991,1.8180302904029753,506.8000000000029,0.8448074679113317,0.9466577762960489,32.0,61.09999999999127,2.7449029843396344,0.42946003076007144,1572.4945932505943,408.4291832447343,0.16284168409276023,-0.3943663520625216,0.25973328302544224,1.970467235906019,4.420671419587999,2.3601966830569365,6.2096083764556305,False,0,2,0
BTCUSD#,2025-06-15 23:00:00,2025-06-16 00:00:00,LOWER,105283.55,105288.85,104588.85,104724.65,60,105383.845,105965.07347321557,104802.61652678443,105493.125,106057.41332118966,104928.83667881034,True,700.0,342.994999999999,2.040846076473424,-558.9000000000087,0.7984285714285839,0.19399999999998338,5.30000000000291,135.79999999998836,-1.9218793276870185,0.13861718100846482,1162.4569464311353,1128.5766423793102,0.15153544951273146,0.9447967197773568,0.970854573018088,-2.7070365457222487,-1.351623201504416,-0.489511508914151,-2.008192539249858,False,0,1,0
BTCUSD#,2025-06-17 18:00:00,2025-06-17 19:00:00,LOWER,104837.15,104964.35,104116.55,104221.85,60,106667.965,108950.25865360405,104385.67134639595,105320.85,106505.40463336687,104136.29536663315,False,847.8000000000029,645.6824999999997,1.3130292365055634,-615.2999999999884,0.7257607926397573,0.12420382165605397,127.20000000001164,105.30000000000291,-3.788417682065089,-1.2300472755572391,4564.587307208101,2369.1092667337216,0.06521480939502466,0.350336660869476,0.5190193783767871,-2.9819609482988856,-5.2116946022232185,-4.9569254238731775,-2.0734648995442635,False,0,0,0
BTCUSD#,2025-06-18 20:00:00,2025-06-18 21:00:00,LOWER,104397.85,104503.25,103598.05,104326.65,60,104740.41,105410.61559067732,104070.20440932269,104553.4125,105158.23302457656,103948.59197542345,False,905.1999999999971,551.1999999999964,1.6422351233672043,-71.20000000001164,0.07865665046399897,0.8049049933716235,105.39999999999418,728.5999999999913,-0.750653120464463,0.15497097242380045,1340.4111813546333,1209.6410491531133,0.029763620158139936,0.1737874435867468,0.9024402854731767,-0.8991291727140948,-1.9294267053701142,0.9735123367198744,-6.19212626995651,False,0,0,0
BTCUSD#,2025-06-18 21:00:00,2025-06-18 22:00:00,LOWER,104331.85,104701.15,103555.95,103604.05,60,104709.745,105515.32468077342,103904.16531922657,104528.1375,105230.91880805367,103825.35619194632,True,1145.199999999997,567.7599999999962,2.017049457517269,-727.8000000000029,0.6355221795319637,0.04200139713587665,369.29999999998836,48.10000000000582,-1.9474690009863318,0.01721678173875272,1611.1593615468591,1405.562616107345,0.20198890009154136,0.16196669837833233,0.8723920486412203,-1.590989150345232,-2.361737353811475,-1.4049950683387389,-8.18673383119632,True,1,1,1
BTCUSD#,2025-06-20 10:00:00,2025-06-20 11:00:00,UPPER,104707.95,105807.35,104631.75,105799.95,60,104506.76999999999,105254.6170021163,103758.92299788368,104529.325,105211.2518211838,103847.39817881619,True,1175.6000000000058,380.1500000000007,3.092463501249516,1092.0,0.9288873766587229,0.9937053419530378,7.400000000008731,76.19999999999709,3.4017624621859928,-0.01554649480469152,1495.6940042326169,1363.8536423676123,0.5738310965589959,0.13987402337173882,0.9118533861258294,2.7294489017492816,4.099171379718532,3.10561620412992,2.23517032750229,False,0,0,0
BTCUSD#,2025-06-21 21:00:00,2025-06-21 22:00:00,LOWER,103174.65,103406.05,102632.05,102637.15,60,103486.275,104038.63496566641,102933.91503433358,103430.875,104036.5334098941,102825.2165901059,True,774.0,281.63749999999857,2.7482135724113586,-537.5,0.6944444444444444,0.006589147286810425,231.40000000000873,5.099999999991269,-3.014957170121182,-0.02034530202830218,1104.719931332831,1211.3168197881896,0.2682166327213835,3.29306755519844,1.0964922288735668,-4.092494784962981,-3.2165460920509994,-1.870844614087298,-6.224668234876445,False,0,0,0
BTCUSD#,2025-06-22 00:00:00,2025-06-22 01:00:00,LOWER,102754.95,102813.65,101080.05,101434.45,60,103307.35,104496.66830902008,102118.03169097993,102701.56249999999,104034.81758699281,101368.30741300716,False,1733.5999999999913,325.12749999999795,5.332062037200798,-1320.5,0.7617097369635479,0.20443008767881632,58.69999999999709,354.3999999999942,-5.760509338644134,-0.7103828498050702,2378.636618040153,2666.5101739856473,0.4447801940321161,-0.296042838853126,1.1210246044991454,-6.506678149341453,-7.363265180583048,-6.441780532252799,-8.861754234877134,False,1,1,1
BTCUSD#,2025-06-22 16:00:00,2025-06-22 17:00:00,LOWER,102735.15,102790.55,100270.25,100843.15,60,102355.075,103345.58980133661,101364.56019866338,102532.59999999999,103413.18273858617,101652.01726141381,True,2520.300000000003,686.344999999999,3.6720599698402503,-1892.0,0.7507042812363599,0.22731420862595467,55.40000000000873,572.8999999999942,-2.2028644486373548,-0.5396629974721235,1981.0296026732249,1761.1654771723552,0.2760461952273354,0.04290611134946953,0.8890152246063449,-2.303651953463649,-2.2431867355338904,-3.9576306376530854,-7.0088658036410365,False,0,2,0
BTCUSD#,2025-06-23 19:00:00,2025-06-23 20:00:00,LOWER,101412.75,101439.35,99604.95,100681.75,60,101301.85500000001,102573.94725532706,100029.76274467296,101756.125,103148.36194445816,100363.88805554184,False,1834.4000000000087,726.1750000000022,2.526112851585366,-731.0,0.39849542084605133,0.587003924989096,26.60000000000582,1076.800000000003,-0.8539332805453349,0.9044651771267469,2544.1845106541004,2784.4738889163127,-0.13424973652683736,-0.09661221687133947,1.0944465219625266,-1.0505732089372284,-0.6523220986676705,1.4237614899989548,-3.8376424415602224,False,0,0,0
BTCUSD#,2025-06-24 01:00:00,2025-06-24 02:00:00,UPPER,103685.95,106042.45,103685.95,105535.75,60,102159.465,104405.35027696009,99913.5797230399,103370.25,104768.45965505009,101972.04034494991,True,2358.5999999999913,778.5350000000035,3.0295362443563625,1849.800000000003,0.7849777211966913,0.7849777211966913,506.6999999999971,0.0,4.336715754590338,1.1015689724931854,4491.770553920185,2796.419310100173,0.35685268595443653,-0.2321717205523266,0.6225650390044083,6.234787132241939,5.254869723262265,5.887211236489013,4.848850726043123,False,1,1,0
BTCUSD#,2025-06-24 19:00:00,2025-06-24 20:00:00,UPPER,105223.45,106251.15,105154.05,106200.75,60,105165.405,106099.3152751747,104231.4947248253,105242.15,105902.39777124212,104581.90222875787,True,1097.0999999999913,664.0499999999971,1.652134628416529,977.3000000000029,0.8908030261598858,0.9540607054963134,50.39999999999418,69.39999999999418,1.5591371131691976,1.3546946766056709,1867.8205503493955,1320.4955424842483,-0.07104513516639921,-0.023211339554567112,0.7069713106204103,1.4214291092538187,2.0968300579775625,8.311121150515811,9.868082222724226,False,0,2,0
BTCUSD#,2025-06-25 03:00:00,2025-06-25 04:00:00,UPPER,106076.95,106465.55,105795.15,106387.55,60,105569.63,106448.72825763584,104690.53174236417,106027.25,106198.32027623558,105856.17972376442,False,670.4000000000087,547.8449999999968,1.2237037848296737,310.6000000000058,0.46330548926014586,0.8836515513126507,78.0,281.8000000000029,1.4929770281740327,0.5260794567806735,1758.196515271673,342.140552471159,0.028916663031841372,-0.7505653194383227,0.19459744658764278,1.6097618852047821,2.19532897078554,2.306674333068668,10.03093940804432,False,0,1,0
BTCUSD#,2025-06-25 13:00:00,2025-06-25 14:00:00,UPPER,106630.55,107157.05,106551.75,107109.75,60,106193.7,107024.75187694914,105362.64812305085,106561.73749999999,106969.02821545825,106154.44678454172,True,605.3000000000029,513.5899999999987,1.1785665608754152,479.1999999999971,0.7916735503056249,0.9218569304477074,47.30000000000291,78.80000000000291,1.783621176424785,0.7970365466617191,1662.1037538982928,814.5814309165289,0.08060746989823198,-0.42477321594228357,0.49009060295183876,1.8043575614789997,2.1540528437080275,3.6077415837535756,11.03039389396215,False,0,2,0
BTCUSD#,2025-06-25 16:00:00,2025-06-25 17:00:00,UPPER,107211.75,108095.95,107140.85,107898.05,60,106434.595,107547.52092299829,105321.66907700172,107027.90000000001,107958.57672120209,106097.22327879793,False,955.0999999999913,457.94000000000017,2.0856444075642897,686.3000000000029,0.718563501204072,0.792796565804632,197.89999999999418,70.89999999999418,3.195735249159281,1.0305389352316958,2225.851845996571,1861.3534424041572,0.2384344312979758,-0.07532219917660654,0.8362431874124945,2.857361226361531,3.3216141852644565,6.194697995370577,12.156396034415003,False,1,3,1
BTCUSD#,2025-06-26 11:00:00,2025-06-26 12:00:00,UPPER,107796.75,108155.65,107697.65,107736.05,60,107568.505,108087.48962991302,107049.52037008699,107737.9,108059.94900150558,107415.85099849441,False,458.0,500.557499999999,0.9149797975257606,-60.69999999999709,0.1325327510916967,0.0838427947598444,358.8999999999942,38.40000000000873,0.3347167907782794,0.5189613580857145,1037.9692598260299,644.0980030111677,-0.03078736453350961,-0.10358725130466828,0.6205366844092498,-0.34980996189247315,-0.046348321621386426,2.202943717754702,5.484285022200252,False,0,2,0
BTCUSD#,2025-06-26 16:00:00,2025-06-26 17:00:00,LOWER,107096.95,107337.45,106805.45,106938.15,60,107517.755,108056.0344981102,106979.47550188981,107266.35,107669.91025495768,106862.78974504233,False,532.0,415.4374999999985,1.2805777042274755,-158.8000000000029,0.29849624060150926,0.24943609022555843,240.5,132.6999999999971,-1.3951677448473296,-0.05879344064992447,1076.5589962203812,807.1205099153449,0.13506282022106553,-0.44570071390108423,0.7497225073117313,-2.0636076425455236,-1.6036106514217277,-2.310576199789408,4.517887768918311,False,1,2,0
BTCUSD#,2025-06-29 11:00:00,2025-06-29 12:00:00,UPPER,107383.45,107695.95,107367.05,107671.75,60,107310.78,107562.52991675271,107059.03008324729,107316.95,107532.18215229058,107101.71784770941,True,328.8999999999942,162.28999999999797,2.0266190153428942,288.3000000000029,0.8765582243843357,0.9264214046822818,24.19999999999709,16.39999999999418,2.224228233409364,0.048616673855530645,503.49983350542607,430.4643045811681,0.3260873613644144,-0.07564633401193122,0.8549442838624675,2.4049540945221994,3.2022921929878834,2.025386653521481,4.123482654507397,False,0,0,0
BTCUSD#,2025-06-30 17:00:00,2025-06-30 18:00:00,LOWER,107507.35,107632.35,106768.95,106799.75,60,107832.35500000001,108841.93624887869,106822.77375112133,107578.925,107774.58621070196,107383.26378929804,True,863.4000000000087,349.44249999999886,2.4707927627578545,-707.6000000000058,0.8195506138522106,0.03567292100996363,125.0,30.80000000000291,-2.9550069038540356,-0.25429076314415355,2019.162497757352,391.3224214039219,0.12230970483709469,-0.297587992080112,0.19380432324716648,-1.9674195325411254,-4.822538758164798,-3.218555270180361,-1.1126294025483567,False,0,0,0
BTCUSD#,2025-07-01 17:00:00,2025-07-01 18:00:00,LOWER,106784.6,107176.15,105699.25,105900.95,60,106930.88999999998,107762.39592889254,106099.38407110743,106554.53749999999,107152.52750568463,105956.54749431535,True,1476.8999999999942,376.1149999999965,3.926724539037284,-883.6500000000087,0.5983140361568232,0.13656984223711685,391.54999999998836,201.6999999999971,-2.738364595934747,-0.7279422517049978,1663.01185778511,1195.9800113692763,0.200906155992562,1.0898513994895174,0.7191650533160647,-2.102548422689896,-3.1450487218005656,-2.3896946412666638,-5.380003456389718,False,0,1,0
BTCUSD#,2025-07-03 12:00:00,2025-07-03 13:00:00,UPPER,109357.55,110241.85,109357.55,109915.85,60,109120.73000000001,109933.82574749456,108307.63425250546,109353.35,109600.59287520072,109106.1071247993,False,884.3000000000029,494.1699999999975,1.7894651638100398,558.3000000000029,0.6313468279995489,0.6313468279995489,326.0,0.0,1.6090009510897045,1.044670862253935,1626.1914949890925,494.4857504014217,-0.12408770569761152,-0.7603452080568889,0.30407596640685813,2.6181273650768144,0.9842766659247044,4.624724285165065,6.862415767853226,False,0,0,0
BTCUSD#,2025-07-04 16:00:00,2025-07-04 17:00:00,LOWER,108702.95,108830.75,107947.35,107958.75,60,109176.51999999999,110133.34655094537,108219.69344905461,108857.75,109253.030557767,108462.469442233,True,883.3999999999942,314.14249999999663,2.812099604478871,-744.1999999999971,0.8424269866425198,0.012904686438752835,127.80000000000291,11.39999999999418,-3.876489172907208,-0.7757307591300284,1913.6531018907554,790.5611155339866,0.21451478470890661,0.20577550670719846,0.41311620938658367,-2.3400208504102875,-4.8525748665017,-7.289367086592928,0.652888418472534,False,0,0,0
BTCUSD#,2025-07-05 19:00:00,2025-07-05 20:00:00,LOWER,108056.25,108098.95,107853.05,108089.75,60,108091.51999999999,108260.62355581348,107922.4164441865,108122.42499999999,108307.45480669584,107937.39519330414,False,245.89999999999418,242.27499999999927,1.014962336188195,33.5,0.13623424156161362,0.9625864172427926,9.19999999999709,203.1999999999971,-0.00730574760082356,0.6071406459601159,338.2071116269799,370.0596133916988,-0.3093774764138285,0.31922334297105825,1.0941804612312531,0.08832937777316786,-0.12423898462493412,1.9366422453823073,-4.82757197399653,False,0,0,0
BTCUSD#,2025-07-06 05:00:00,2025-07-06 06:00:00,UPPER,108194.95,108252.55,108035.35,108039.35,60,108098.23000000001,108224.9053590435,107971.55464095651,108189.875,108226.7307914642,108153.0192085358,False,217.1999999999971,171.57499999999783,1.265918694448491,-155.59999999999127,0.7163904235727134,0.018416206261510377,57.60000000000582,4.0,-0.3431735392685729,0.053358589538181574,253.35071808699286,73.71158292840119,-0.11398083354594468,-0.8283777014310765,0.2909468087755366,-0.217980475010897,-0.8608480256447557,-0.08451114672883686,-6.555150808684314,False,0,1,0
BTCUSD#,2025-07-06 12:00:00,2025-07-06 13:00:00,LOWER,107987.35,108055.45,107808.05,107845.35,60,108070.165,108250.81506307404,107889.51493692595,108024.75,108234.91697972795,107814.58302027205,False,247.39999999999418,148.41999999999751,1.6668912545478933,-142.0,0.5739692805173943,0.15076798706549632,68.09999999999127,37.30000000000291,-1.5147217356150893,-0.18663252930870203,361.30012614809675,420.3339594558929,0.2133510717619964,-0.024445800210644575,1.1633927835485953,-1.2767821048376444,-1.4856488343889211,-1.4883438889637373,-7.624983155909015,False,0,2,0
BTCUSD#,2025-07-06 16:00:00,2025-07-06 17:00:00,UPPER,108231.45,109108.95,108179.55,108764.95,60,108101.73000000001,108461.18112406114,107742.27887593888,108029.65000000001,108591.36309346306,107467.93690653695,True,929.3999999999942,161.16999999999751,5.766581870075129,533.5,0.5740262534968833,0.6298687325155992,344.0,51.89999999999418,4.115033815226139,0.0667618043060711,718.9022481222637,1123.42618692611,0.878470169278424,0.7745103734351755,1.562696722482705,4.590184277471082,3.5366383321958725,4.050381584662238,5.002171620028601,False,1,3,0
BTCUSD#,2025-07-07 00:00:00,2025-07-07 01:00:00,UPPER,108659.05,109684.95,108659.05,109191.85,60,108371.93000000001,109200.86809816548,107542.99190183454,108642.0,109324.53612311301,107959.46387688699,False,1031.300000000003,275.2749999999993,3.7464353827990395,532.8000000000029,0.5193488644117418,0.5193488644117418,493.09999999999127,0.0,2.9785487240032706,0.6699482335845925,1657.876196330937,1365.0722462260164,0.11874631532800084,-0.1068494672928717,0.8233861184852476,1.0774679865589196,4.89147216419945,4.090454999545919,4.657524293887963,False,0,3,0
BTCUSD#,2025-07-07 17:00:00,2025-07-07 18:00:00,LOWER,108512.05,108649.35,107946.85,108203.65,60,108876.83,109526.31560460781,108227.3443953922,108537.7625,109075.91032992807,107999.61467007193,False,702.5,395.880000000001,1.774527634636754,-308.40000000000873,0.43900355871887364,0.365551601423471,137.3000000000029,256.79999999998836,-1.7004647873093004,-0.20018692533090784,1298.9712092156115,1076.2956598561432,0.07515263024646934,-0.26171734282172565,0.8285754543444179,-2.016014954026482,-2.8902697787208464,-1.801303425280398,0.04193189855509555,False,0,1,0
BTCUSD#,2025-07-07 19:00:00,2025-07-07 20:00:00,LOWER,108285.75,108484.95,107885.05,107959.55,60,108829.63500000001,109615.65118386172,108043.6188161383,108334.5,108777.98208459945,107891.01791540055,False,599.8999999999942,402.4100000000006,1.4907681220645443,-326.1999999999971,0.5437572928821475,0.12418736456076133,199.1999999999971,74.5,-2.16218533336648,-0.2935438980144624,1572.0323677234119,886.9641691989091,0.14922967322689207,-0.3213188543599439,0.5642149534639634,-1.7676002087423321,-2.85082378668521,-2.178126786113662,-0.3235506075892669,False,1,2,1
BTCUSD#,2025-07-08 13:00:00,2025-07-08 14:00:00,UPPER,108444.05,108897.25,108393.65,108819.25,60,108124.88,108654.18599523234,107595.57400476767,108360.075,108746.31579194218,107973.83420805781,True,503.6000000000058,388.90499999999884,1.2949177819776225,375.1999999999971,0.7450357426528847,0.8451151707704545,78.0,50.40000000000873,1.7854488885460393,-0.0957817461848012,1058.6119904646766,772.4815838843642,0.24349558409542138,-0.054176330482239354,0.7297117270939697,2.073256965068604,2.1218549517234275,0.3815841915120521,2.1599105179928326,False,0,2,0
BTCUSD#,2025-07-09 15:00:00,2025-07-09 16:00:00,UPPER,109055.95,109520.95,108974.65,109332.85,60,108820.4,109248.6133325718,108392.18666742819,108838.3,109443.56202536564,108233.03797463437,False,546.3000000000029,296.3349999999984,1.8435216899792664,276.90000000000873,0.5068643602416387,0.6556836902800837,188.09999999999127,81.30000000000291,1.7292928611200649,0.2764101439249631,856.4266651436046,1210.52405073127,0.09027423142320434,0.7241421952988776,1.4134590852893294,1.6963909089375686,1.366696475272925,1.3184402787386362,3.3738842863651217,False,0,0,0
BTCUSD#,2025-07-09 22:00:00,2025-07-09 23:00:00,UPPER,109517.45,112009.95,109479.25,111739.75,60,109054.31999999999,110413.23031513978,107695.4096848602,109274.6875,110020.61692483912,108528.75807516088,True,2530.699999999997,360.5824999999983,7.018366115937432,2222.300000000003,0.8781364839767675,0.8932311218240023,270.1999999999971,38.19999999999709,7.447477345683777,0.6222431759722017,2717.8206302795734,1491.8588496782468,1.3712406013671803,0.012425976528019689,0.5489173321658037,7.117927242725362,8.412221890968135,8.262741536264263,10.288907531563561,False,0,1,0
BTCUSD#,2025-07-10 19:00:00,2025-07-10 20:00:00,UPPER,111400.05,112706.15,111331.25,112623.45,60,111182.98500000002,111922.89979867813,110443.0702013219,111068.625,112087.12583421901,110050.12416578099,True,1374.8999999999942,417.05399999999645,3.296695391963645,1223.3999999999942,0.8898101680122186,0.9398501709215235,82.69999999999709,68.80000000000291,3.4539052496798837,1.003203422098859,1479.8295973562344,2037.0016684380244,0.9713141544252037,0.5026579455603024,1.376510965909316,3.7151064370561304,3.547502241915945,7.757029065780496,10.07351565984269,False,0,1,0
BTCUSD#,2025-07-11 00:00:00,2025-07-11 01:00:00,UPPER,113462.15,117428.85,113367.95,116455.55,60,111924.715,114764.53158303953,109084.89841696047,113467.95,114115.59088757122,112820.30911242877,True,4060.9000000000087,465.0339999999975,8.732479775672383,2993.4000000000087,0.7371272378044281,0.7603240660937228,973.3000000000029,94.19999999999709,9.743018790024022,1.800922083116493,5679.63316607906,1295.2817751424445,0.4583270854413992,-0.5947617843100088,0.2280572947700852,10.880279721482783,11.670759557365768,12.1184687571232,16.270638275911114,False,1,1,1
BTCUSD#,2025-07-12 12:00:00,2025-07-12 13:00:00,UPPER,117896.45,118184.95,117843.25,118147.45,60,117656.13999999998,118165.95932077139,117146.32067922858,117774.04999999999,118128.10231133932,117419.99768866066,False,341.6999999999971,484.98999999999796,0.7045506092909102,251.0,0.7345624817091078,0.8902546093064082,37.5,53.19999999999709,1.0130311965195453,-0.11887873976785837,1019.6386415428133,708.1046226786566,0.05944987116119527,0.36602684817209497,0.694466248951908,0.8041402915524065,1.1262087878100566,-0.6443431823336591,14.679065547743308,False,0,0,0
BTCUSD#,2025-07-12 15:00:00,2025-07-12 16:00:00,LOWER,117801.05,117860.95,117278.45,117527.75,60,117718.44500000002,118103.14433991637,117333.74566008367,117974.91249999999,118511.33776661273,117438.48723338725,False,582.5,394.82999999999737,1.4753184915026818,-273.3000000000029,0.46918454935622816,0.4279828326180308,59.89999999999418,249.3000000000029,-0.4829800167161128,0.17326444292484994,769.398679832695,1072.8505332254863,-0.043744089609015435,-0.1744041467896239,1.3944013179991113,-0.7182838183522218,0.3555960793252669,-0.8401084010840091,16.9224729630475,False,1,1,0
BTCUSD#,2025-07-12 18:00:00,2025-07-12 19:00:00,LOWER,117375.15,117451.35,116898.65,117095.45,60,117647.625,118106.7932825847,117188.4567174153,117548.975,118172.75216307155,116925.19783692846,False,552.7000000000116,374.61749999999813,1.4753715456432612,-279.6999999999971,0.506061154333257,0.3560702008322757,76.20000000001164,196.8000000000029,-1.4739701161851906,-0.022729851114763482,918.3365651693894,1247.5543261430867,0.09047968352522506,-0.31869072892707173,1.3584935779105913,-2.8081976949822294,-1.7671358118614409,0.5250689036150155,15.214452074449325,False,2,2,1
BTCUSD#,2025-07-13 15:00:00,2025-07-13 16:00:00,UPPER,118050.55,118620.55,117962.05,118399.75,60,117661.02000000002,118264.96887253133,117057.0711274687,117852.90000000001,118372.8221856802,117332.97781431982,True,658.5,287.844999999999,2.2876895551425327,349.1999999999971,0.530296127562638,0.6646924829157131,220.8000000000029,88.5,2.566415953030221,0.5781236429328426,1207.8977450626262,1039.8443713603774,0.12702182808933005,0.22716559972195727,0.8608711917965078,1.8051381820077042,3.8503361183970775,3.0294081884347586,1.8770518855634275,False,0,2,0
BTCUSD#,2025-07-13 21:00:00,2025-07-13 22:00:00,UPPER,118671.75,119050.65,118562.75,118978.25,60,118051.15999999999,119015.69702460479,117086.62297539519,118644.525,119001.18420588865,118287.86579411133,False,487.8999999999942,374.34249999999884,1.3033518769575876,306.5,0.6282025005124076,0.8516089362574399,72.39999999999418,109.0,2.4765822742542296,1.042200658487806,1929.0740492095938,713.3184117773199,0.06149305124829385,-0.0033124444268046727,0.3697724367136608,1.5453762263168136,2.9334099120458115,3.9875247934712243,3.4513847612814574,False,1,1,1
BTCUSD#,2025-07-13 22:00:00,2025-07-13 23:00:00,UPPER,118978.25,119478.55,118888.55,118953.25,60,118128.17999999998,119122.09583780204,117134.26416219791,118702.59999999999,119393.67443820751,118011.52556179247,False,590.0,386.13749999999857,1.5279531255058165,-25.0,0.0423728813559322,0.10966101694914761,500.3000000000029,64.69999999999709,2.1367259072222318,1.0637920429898067,1987.8316756041313,1382.1488764150417,0.03045897922820151,0.9376324143537094,0.6953047852982754,0.9393027095270426,2.507655951571672,3.6575054222913033,2.265773202550898,True,1,2,1
BTCUSD#,2025-07-14 05:00:00,2025-07-14 06:00:00,UPPER,119087.85,119985.65,118962.95,119646.25,60,118599.54,119603.3411116928,117595.73888830718,118938.79999999999,119935.82126313262,117941.77873686736,False,1022.6999999999971,488.1974999999999,2.094848908484778,558.3999999999942,0.5460056712623407,0.6681333724454922,339.3999999999942,124.90000000000873,2.1440298239954254,0.7833817256335653,2007.6022233856202,1994.042526265257,0.08191743409222463,-0.03689127212612575,0.9932458248140928,1.180874543601719,1.8441307052985791,4.191336498036138,4.219398911301256,False,0,3,0
BTCUSD#,2025-07-14 06:00:00,2025-07-14 07:00:00,UPPER,119646.75,121581.35,119585.05,120745.75,60,118737.58,120070.65756887448,117404.50243112553,119223.67499999999,120201.13208301301,118246.21791698696,True,1996.300000000003,527.1274999999994,3.787129299837336,1099.0,0.5505184591494257,0.5814256374292418,835.6000000000058,61.69999999999709,3.8096475710335747,0.8829742329892055,2666.1551377489523,1954.9141660260502,0.32802958010912575,-0.019622630773322713,0.7332334635547854,4.00434430000333,3.9582453960379653,5.709434624450459,5.669026943196867,True,1,4,1
BTCUSD#,2025-07-15 04:00:00,2025-07-15 05:00:00,LOWER,119466.35,119505.35,118356.35,118461.05,60,120745.16,123093.30656949787,118397.01343050213,119835.79999999999,120746.79692596513,118924.80307403485,False,1149.0,773.319999999999,1.4858014793358525,-1005.3000000000029,0.8749347258485665,0.0911227154046972,39.0,104.69999999999709,-2.9536414420938337,-0.28550276728907725,4696.2931389957375,1821.9938519302814,0.06228057812156407,1.041387898393685,0.38796425137973806,-1.8911963999379324,-4.167227021155531,-0.810531216055454,1.198727564268351,False,0,2,0
BTCUSD#,2025-07-16 18:00:00,2025-07-16 19:00:00,UPPER,119036.55,119784.85,118327.95,119080.75,60,118130.14500000002,119530.24958257018,116730.04041742986,118763.22499999999,119440.99412672345,118085.45587327653,False,1456.9000000000087,614.6649999999994,2.3702341926089985,44.19999999999709,0.030338389731619758,0.5167135699087092,704.1000000000058,708.6000000000058,1.5465416120976179,1.0481156402268235,2800.209165140317,1355.5382534469245,-0.07950013552941726,1.543846744602705,0.48408464279096064,-0.1571587775455019,2.6303758958131738,4.395402373650687,-1.259222503314815,False,0,0,0
BTCUSD#,2025-07-16 21:00:00,2025-07-16 22:00:00,UPPER,119063.65,119902.75,118873.05,119498.95,60,118436.35500000001,119734.17468321307,117138.53531678695,119114.7,119496.30340555469,118733.0965944453,False,1029.699999999997,632.6099999999999,1.627701111269182,435.3000000000029,0.4227444886860291,0.6078469457123394,403.8000000000029,190.59999999999127,1.6796999731271822,0.9847773509745508,2595.639366426127,763.2068111093831,0.056177012252496494,-0.5738016185740693,0.294034225625197,1.4324781460931653,1.9632949210414001,4.445709046648005,-0.16993092110463004,False,1,1,1
BTCUSD#,2025-07-17 04:00:00,2025-07-17 05:00:00,LOWER,118874.05,119067.55,117674.75,118125.35,60,118883.95999999999,119760.32056040718,118007.5994395928,118859.9375,119940.83594418301,117779.03905581699,False,1392.800000000003,714.5259999999995,1.9492642675004184,-748.6999999999971,0.5375502584721392,0.32352096496266863,193.5,450.6000000000058,-1.0616968451812623,0.5215695440053807,1752.7211208143854,2161.7968883660214,-0.05753636959730146,-0.49178895946665735,1.2333946699755423,-1.537242871498021,-0.7536464733263736,0.5917209450740816,-0.4698219518953787,False,0,2,0
BTCUSD#,2025-07-18 00:00:00,2025-07-18 01:00:00,UPPER,119440.75,120942.65,119416.85,120247.15,60,118666.7225,119821.76674491499,117511.67825508502,119311.275,120256.8962186316,118365.65378136838,False,1525.7999999999884,715.6500000000008,2.1320477887235194,806.3999999999942,0.5285096342902086,0.5441735483025263,695.5,23.89999999999418,2.208380493257862,0.17992035212744942,2310.08848982997,1891.242437263223,0.2541696215945488,-0.3805275209721163,0.818688308084001,1.9288758471319678,2.085516663173337,1.3407391881506308,3.7924963320058525,False,0,1,0
BTCUSD#,2025-07-18 17:00:00,2025-07-18 18:00:00,LOWER,118770.15,119230.75,117264.15,118108.75,60,119525.71,120860.27024736235,118191.14975263766,119136.7875,120066.73695380425,118206.83804619576,True,1966.6000000000058,818.8800000000017,2.401572880031264,-661.3999999999942,0.33631648530458264,0.4294721854978152,460.6000000000058,844.6000000000058,-1.7303634232121965,0.01315211019931932,2669.120494724688,1859.8989076084981,0.14504882171748656,0.17460972821816823,0.6968208858627574,-0.6239009378663456,-2.385086948026575,-0.7957209847596772,-1.130446463462284,False,0,1,0
BTCUSD#,2025-07-20 00:00:00,2025-07-20 01:00:00,LOWER,117698.05,117830.55,117263.45,117684.35,60,118065.43000000001,118500.62585319031,117630.2341468097,117834.575,118257.02825086111,117412.12174913888,False,567.1000000000058,330.80499999999955,1.7143029881652532,-13.69999999999709,0.024157996825951242,0.7421971433609671,132.5,420.90000000000873,-1.1519777512431864,0.08867761974579115,870.3917063806148,844.906501722231,0.09002102019706237,0.3144893988153856,0.9707198443280671,-1.080697087407991,-1.6248242922567697,0.05411042759332161,-7.747162225480243,False,0,0,0
BTCUSD#,2025-07-20 10:00:00,2025-07-20 11:00:00,UPPER,117821.05,118219.15,117821.05,118015.65,60,117905.725,118201.73070219747,117609.71929780254,117891.47499999999,118130.48702723236,117652.46297276762,False,398.09999999999127,338.4950000000019,1.1760882730911506,194.59999999999127,0.4888219040441988,0.4888219040441988,203.5,0.0,0.32474630349041417,-0.26626685770831193,592.0114043949288,478.0240544647386,-0.13756249371302787,0.17565163186921806,0.8074575099669031,0.2750409902657078,0.07149293194876426,-0.4218673835654947,-3.940087741325586,False,0,1,0
BTCUSD#,2025-07-20 11:00:00,2025-07-20 12:00:00,UPPER,118015.65,118258.15,118015.65,118163.55,60,117902.245,118184.06809013529,117620.4219098647,117907.82500000001,118225.17230054205,117590.47769945797,False,242.5,342.16000000000133,0.7087327566050943,147.90000000000873,0.6098969072165309,0.6098969072165309,94.59999999999127,0.0,0.7636924245966991,-0.24701893850826862,563.646180270589,634.6946010840766,-0.0479133069291644,0.32774615661290896,1.1260514544414715,0.5561725508534082,1.3522913256955673,0.2609890109890185,-1.3330021042786693,True,1,2,1
BTCUSD#,2025-07-20 16:00:00,2025-07-20 17:00:00,UPPER,118066.65,118403.05,118065.45,118387.15,60,117925.13999999998,118234.09659862428,117616.18340137569,117932.025,118246.16730718051,117617.88269281948,True,337.6000000000058,318.1250000000015,1.0612180746562019,320.5,0.9493483412322111,0.9529028436018707,15.900000000008731,1.1999999999970896,1.452290766208274,0.06102946954806744,617.913197248592,628.2846143610368,0.3487926648134836,-0.3485610659359919,1.0167845858587032,1.1677799607072636,1.4604322200392585,0.6183104125736618,-1.1781532416502984,False,2,3,2
BTCUSD#,2025-07-21 01:00:00,2025-07-21 02:00:00,LOWER,118003.55,118043.65,116460.05,117472.75,60,118079.575,118632.30491210367,117526.84508789632,118149.25,118649.01778523158,117649.48221476842,True,1583.5999999999913,352.0200000000026,4.498608033634395,-530.8000000000029,0.335185652942666,0.6394922960343538,40.09999999999127,1012.6999999999971,-1.7238367138230573,0.13796091131182153,1105.4598242073553,999.5355704631656,0.1484863581954956,0.04179447158583982,0.9041808201214909,-3.057496733140148,-1.176069541503315,-0.836884267939332,-0.6297937617180713,False,0,3,0
BTCUSD#,2025-07-21 09:00:00,2025-07-21 10:00:00,UPPER,118414.25,119234.95,118267.25,119174.65,60,118121.4,119078.20742170735,117164.59257829264,118325.5625,118695.90651122689,117955.21848877311,True,967.6999999999971,521.880000000001,1.8542576837587093,760.3999999999942,0.7857807171644068,0.9376872997829874,60.30000000000291,147.0,2.018184256917295,0.20440522725528504,1913.614843414718,740.6880224537745,0.15350142862101923,-0.7895672752665639,0.38706222676035795,3.4971640990265724,1.5873380853835988,2.5936997010806864,1.953705832758468,False,0,4,0
BTCUSD#,2025-07-22 04:00:00,2025-07-22 05:00:00,LOWER,117099.75,117938.45,116085.05,117729.05,60,117999.88499999998,119578.7702996129,116420.99970038707,117244.1,117660.9163614557,116827.28363854431,False,1853.3999999999942,702.3649999999986,2.6387989150940006,629.3000000000029,0.3395381461098548,0.8870184525736512,209.39999999999418,1014.6999999999971,-0.3856043510140423,-0.3072049432987393,3157.770599225827,833.6327229113958,-0.002989963889184599,-0.39958607080775577,0.26399407326034796,1.394431670143032,-1.574537455596444,0.6220412463605242,-0.2754977824920097,False,0,1,0
BTCUSD#,2025-07-22 21:00:00,2025-07-22 22:00:00,UPPER,119187.95,120187.15,119043.25,119718.65,60,118183.23999999999,119944.09328856056,116422.38671143942,118947.275,119720.80619467644,118173.74380532355,False,1143.8999999999942,802.7649999999987,1.424950016505448,530.6999999999971,0.4639391555205873,0.5904362269429125,468.5,144.6999999999971,1.912651896881411,0.6533356586298689,3521.7065771211346,1547.0623893528827,0.0679005696997994,-0.4331161960356339,0.4392933810566209,0.5676630147054217,2.358722664789824,3.218750194639774,1.7095912253274574,False,0,1,0
BTCUSD#,2025-07-23 12:00:00,2025-07-23 13:00:00,LOWER,118392.25,118440.95,117885.05,118021.05,60,119054.23000000001,120129.75665919455,117978.70334080547,118443.7375,118903.11578273657,117984.35921726344,False,555.8999999999942,657.4049999999995,0.8455974627512638,-371.1999999999971,0.6677459974815632,0.244648318042816,48.69999999999709,136.0,-1.5716035016466383,-0.100364311193224,2151.0533183890802,918.7565654731297,0.020670378891722407,-0.5352911252762619,0.42711938268512323,-0.8903187532799467,-2.066154045071157,-0.5241822012305831,-0.9983191487743528,False,0,1,0
BTCUSD#,2025-07-23 16:00:00,2025-07-23 17:00:00,LOWER,117968.45,118188.35,117304.75,117365.05,60,118874.475,120272.23827457028,117476.71172542973,118210.45,119111.27610927736,117309.62389072264,False,883.6000000000058,560.0749999999992,1.5776458510021105,-603.3999999999942,0.6828881846989477,0.06824354911725047,219.90000000000873,60.30000000000291,-2.6950408427442842,-0.40927554345398665,2795.5265491405444,1801.652218554722,0.14721082433807853,0.23757808676941772,0.6444768764970668,-1.7420881131991222,-3.7696737044145974,-1.3832076061241765,-2.6244699370619937,False,1,2,1
BTCUSD#,2025-07-27 09:00:00,2025-07-27 10:00:00,UPPER,118265.45,118449.05,118175.05,118266.95,60,118058.035,118341.09163273257,117774.97836726744,118239.2775,118422.94209499794,118055.61290500205,False,274.0,267.09249999999884,1.0258618268951811,1.5,0.005474452554744526,0.33540145985399333,182.10000000000582,90.39999999999418,0.7821822027948913,0.7837546917266764,566.1132654651301,367.3291899958858,0.050852196024649965,-0.43922028148882664,0.6488616543795008,1.3070378239748133,0.7727659893108009,3.562436234637828,11.299830583037728,False,0,0,0
BTCUSD#,2025-07-27 17:00:00,2025-07-27 18:00:00,UPPER,118191.95,118488.15,118132.25,118407.75,60,118102.83,118391.18531317127,117814.47468682873,118127.3875,118347.94956985474,117906.82543014525,True,355.8999999999942,228.87750000000088,1.5549802842131395,215.8000000000029,0.6063500983422491,0.7740938465861323,80.39999999999418,59.69999999999709,1.332241045974362,0.10887920394102832,576.7106263425376,441.12413970948546,0.1424552517061648,-0.33467786979045466,0.7648968469803772,2.0919487498771225,0.47842186322377506,1.6327511441709894,15.115072473266208,False,0,1,0
BTCUSD#,2025-07-27 19:00:00,2025-07-27 20:00:00,UPPER,118569.05,119534.15,118569.05,119081.45,60,118179.23500000002,118714.05614518262,117644.41385481741,118313.8875,119070.7722644482,117557.0027355518,True,965.0999999999913,242.28750000000144,3.9832843213124307,512.3999999999942,0.5309294373640026,0.5309294373640026,452.6999999999971,0.0,3.723737295568185,0.42449569210146754,1069.6422903652128,1513.7695288964023,0.5233250402543399,0.3653843129186005,1.4152109939291473,3.7802197802197335,3.64773254914099,4.244956921013234,12.095547644843311,False,1,2,1
BTCUSD#,2025-07-28 01:00:00,2025-07-28 02:00:00,UPPER,119254.35,119761.95,119204.25,119498.65,60,118502.7,119461.28534217662,117544.11465782337,118985.1875,119717.27002720343,118253.10497279657,False,557.6999999999971,324.93500000000057,1.7163432686537188,244.29999999998836,0.4380491303568041,0.5278823740362125,263.3000000000029,50.10000000000582,3.0650745533721984,0.9954760182805219,1917.1706843532447,1464.1650544068543,0.1340807298628186,0.16596919283390954,0.763711372365778,1.2839490975117989,4.102666687183556,4.683705971963597,6.867527351624159,False,1,3,1
BTCUSD#,2025-07-28 16:00:00,2025-07-28 17:00:00,LOWER,118832.65,119079.75,118220.8,118427.45,60,119079.745,119665.14559629156,118494.34440370843,118827.25,119070.75457724775,118583.74542275225,True,858.9499999999971,434.86999999999824,1.9751879872145712,-405.1999999999971,0.47173875080039407,0.24058443448395703,247.10000000000582,206.64999999999418,-1.499977004622073,0.1436291305447758,1170.801192583138,487.0091544954921,0.16101043997471476,-0.4607967719723901,0.41596229793805056,-1.0117966288775997,-1.3666153103226373,0.5344125830707915,0.7505691356037333,False,0,3,0
BTCUSD#,2025-07-28 17:00:00,2025-07-28 18:00:00,LOWER,118427.95,118676.15,117901.45,117973.75,60,119028.14499999999,119786.82382146418,118269.4661785358,118704.95,119357.18596891289,118052.7140310871,True,774.6999999999971,453.48749999999853,1.7083161057360998,-454.1999999999971,0.586291467664901,0.09332644894798398,248.1999999999971,72.30000000000291,-2.325080625155033,-0.0819978499958605,1517.3576429283712,1304.4719378257869,0.29599939984740375,1.6785367909092588,0.8596997180626889,-2.36257890239532,-3.1828881722208413,-0.9570274814631085,-0.13296948647978854,True,1,4,1
BTCUSD#,2025-07-29 10:00:00,2025-07-29 11:00:00,UPPER,118768.15,119269.85,118742.85,118879.55,60,118221.70749999999,118997.3594963936,117446.05550360637,118709.45000000001,119145.02290910244,118273.87709089759,False,527.0,532.7724999999998,0.9891651689980249,111.40000000000873,0.2113851992410033,0.2593927893738085,390.3000000000029,25.29999999998836,1.2347531075646991,-0.1924695812940993,1551.3039927872305,871.1458182048518,0.015043776379246365,-0.6156758329425664,0.5615571301661273,2.093951921317272,1.5578882168280088,0.022711382438105995,1.453153081287036,False,0,2,0
BTCUSD#,2025-07-29 23:00:00,2025-07-30 00:00:00,LOWER,117512.15,117864.35,117077.25,117484.95,60,118245.37749999999,119335.8656474411,117154.88935255888,117645.08750000001,118046.70426592376,117243.47073407625,False,787.1000000000058,539.5400000000009,1.4588353041479862,-27.19999999999709,0.034557235421162354,0.5179773853385772,352.20000000001164,407.6999999999971,-1.4093996737961771,-0.2436334655447175,2180.976294882217,803.2335318475089,0.04629363639673123,-0.31472213402500215,0.3682908125743234,-0.6231234014160146,-2.662082514734775,-1.012343848463499,-2.3208659228231365,False,0,1,0
BTCUSD#,2025-07-30 14:00:00,2025-07-30 15:00:00,LOWER,118007.85,118171.25,117341.15,117560.25,60,117876.775,118377.90038124988,117375.6496187501,118156.00000000001,118653.58540890782,117658.41459109221,False,830.1000000000058,473.630000000001,1.752633912547778,-447.6000000000058,0.5392121431152905,0.2639441031201112,163.39999999999418,219.10000000000582,-0.6682959272005436,-0.1220995291683723,1002.2507624997816,995.1708178156114,-0.05576445069082503,0.31777077292975053,0.9929359548038541,-0.8941578869581722,-0.7678989928847335,-2.1734265143677383,-2.6358127652386703,False,0,1,0
BTCUSD#,2025-07-30 17:00:00,2025-07-30 18:00:00,UPPER,117663.65,118723.35,117596.45,118703.85,60,117926.53,118534.73395479894,117318.32604520106,117733.675,118403.00196731019,117064.34803268981,True,1126.9000000000087,471.56000000000057,2.3897277122741696,1040.2000000000116,0.9230632709202268,0.9826958913834414,19.5,67.19999999999709,1.6484010518279881,0.09323309865130844,1216.4079095978814,1338.653934620379,0.19630345743294453,-0.27936810716433846,1.1004975584735466,0.7504877428111127,1.468317923488014,1.8718720841462604,1.548265332089246,False,1,2,0
BTCUSD#,2025-07-30 21:00:00,2025-07-30 22:00:00,LOWER,117775.25,118026.75,116469.05,116500.25,60,117906.53,118736.31574983726,117076.74425016274,118049.8,119602.06627843315,116497.53372156686,False,1557.699999999997,498.61000000000206,3.1240849561781565,-1275.0,0.8185144764717227,0.020029530718364993,251.5,31.19999999999709,-2.820400713984864,0.06096949519663475,1659.5714996745228,3104.5325568662956,0.5757986529662511,-0.05392038413614275,1.870683220021048,-2.4205290708168494,-3.546860271554908,-2.200717996028957,-2.5432702914101215,False,1,3,0
BTCUSD#,2025-08-01 03:00:00,2025-08-01 04:00:00,LOWER,115721.55,115907.7,114289.25,115401.75,60,117689.345,119846.49480892197,115532.19519107803,116180.475,117534.69014878846,114826.25985121155,False,1618.449999999997,517.4900000000009,3.127500048310101,-319.8000000000029,0.19759646575427323,0.6873860792733801,186.14999999999418,1112.5,-4.420558851378765,-1.2264198341996992,4314.299617843935,2708.4302975769097,0.13074728129739155,0.19983995860589587,0.6277798339213269,-4.332064387717635,-6.1862064967438934,-5.771898973893194,-4.5001835784266335,False,0,0,0
BTCUSD#,2025-08-02 01:00:00,2025-08-02 02:00:00,LOWER,113877.9,113996.35,112716.25,113120.85,60,114748.81499999999,116310.9599680871,113186.67003191287,113736.03749999999,114747.11595727692,112724.95904272306,False,1280.1000000000058,818.0850000000013,1.5647518289664324,-757.0499999999884,0.5913991094445629,0.3160690571049168,118.45000000001164,404.6000000000058,-1.9899704798400892,-0.7593220753344896,3124.289936174231,2022.156914553867,0.07367376151880989,-0.3540336385851198,0.6472372781861747,-2.28118105086879,-1.969966446029433,-3.5124711979806444,-5.30592786813105,False,0,1,0
BTCUSD#,2025-08-02 17:00:00,2025-08-02 18:00:00,LOWER,113461.75,113533.45,112985.05,113105.95,60,113654.11000000002,114194.84138415998,113113.37861584005,113600.82500000001,114058.26294035163,113143.38705964839,True,548.3999999999942,477.7224999999991,1.1479467682598061,-355.8000000000029,0.6487964989059203,0.2204595185995541,71.69999999999709,120.89999999999418,-1.1474443845538342,-0.7618020922187654,1081.462768319936,914.8758807032427,0.12097449422810991,0.38549515107918775,0.8459615138896664,-1.1822763215046475,-1.2306307532092582,-5.22416256299421,-10.03888240558067,False,0,1,0
BTCUSD#,2025-08-02 21:00:00,2025-08-02 22:00:00,LOWER,112727.05,112913.85,112065.05,112325.65,60,113497.36499999999,114381.92495461862,112612.80504538136,112973.125,113728.00630808053,112218.24369191947,False,848.8000000000029,465.7099999999991,1.822593459449023,-401.40000000000873,0.47290292177192195,0.30702167766257116,186.8000000000029,260.59999999999127,-2.515975607137486,-0.5151489124133128,1769.1199092372553,1509.7626161610533,0.21515991725558514,-0.1241636784514003,0.8533975612834394,-2.770823044383868,-2.933585278392163,-3.2082197075433396,-11.418908762964117,False,1,2,1
BTCUSD#,2025-08-03 03:00:00,2025-08-03 04:00:00,LOWER,112557.95,112980.85,111914.35,112938.65,60,113190.025,114243.44057028252,112136.60942971747,112762.575,113244.85818371545,112280.29181628455,False,1066.5,496.0424999999981,2.150017387623045,380.6999999999971,0.356962025316453,0.9604313173933318,42.20000000001164,643.5999999999913,-0.506761013421231,-0.6195840074187146,2106.8311405650456,964.5663674309035,-0.047567958911031716,-0.5446271156409639,0.4578280379756537,1.2357812082634096,-1.3656087936013777,-1.755897932132838,-4.9655019479178,False,1,2,1
BTCUSD#,2025-08-03 14:00:00,2025-08-03 15:00:00,UPPER,113879.75,114242.75,113840.25,113840.25,60,113201.36500000002,114203.51295979125,112199.2170402088,113729.4625,114082.71358176752,113376.21141823247,False,402.5,490.1,0.8212609671495613,-39.5,0.09813664596273292,0.0,363.0,0.0,1.3035809018567235,0.1985921240563483,2004.2959195824515,706.5021635350422,0.03512188223957602,0.5439908019057162,0.35249393895998427,0.4707202611711836,2.625586614976541,0.12670883493165847,-2.932666802693334,False,0,3,0
BTCUSD#,2025-08-04 01:00:00,2025-08-04 02:00:00,UPPER,114400.2,114604.75,114047.55,114299.65,60,113923.44499999999,114516.94761508841,113329.94238491157,114368.28749999999,114535.60153633165,114200.97346366833,False,557.1999999999971,301.06249999999926,1.8507784928378608,-100.55000000000291,0.1804558506819875,0.4524407753050836,204.5500000000029,252.09999999999127,1.2495910317625167,1.3449200747353118,1187.0052301768446,334.62807266332675,-0.0014378596526206655,-0.6384966412253723,0.28190951830386846,1.0605771226904352,1.3947270085115058,4.8129541208221,3.91546605771224,False,0,2,0
BTCUSD#,2025-08-04 03:00:00,2025-08-04 04:00:00,UPPER,114187.35,114905.75,114097.75,114888.75,60,114024.34500000002,114693.58355097957,113355.10644902046,114321.3625,114670.97841318871,113971.74658681129,True,808.0,308.50249999999943,2.6191035729046006,701.3999999999942,0.8680693069306858,0.9789603960396039,17.0,89.60000000000582,2.801938395961089,1.189747246780849,1338.4771019591135,699.2318263774214,0.14646492095333308,0.7368697955675749,0.5224085084115102,1.671947553099258,2.9004627191027774,6.321180541486728,3.4978646850512,False,1,3,1
BTCUSD#,2025-08-04 16:00:00,2025-08-04 17:00:00,UPPER,114438.15,114924.05,114102.25,114909.35,60,114482.54,114887.90696932425,114077.17303067574,114369.6375,114761.7359656351,113977.53903436489,True,821.8000000000029,374.13499999999914,2.1965333368971223,471.20000000001164,0.5733755171574714,0.9821124361158469,14.69999999999709,335.8999999999942,1.140791425554982,0.4304729576222699,810.733938648511,784.1969312702131,0.0460839830946691,-0.21310269315821118,0.9672679209377433,0.6631296189878156,0.6283828029989345,2.6183062263621637,3.8750718323599935,False,0,2,0
BTCUSD#,2025-08-05 10:00:00,2025-08-05 11:00:00,LOWER,114169.75,114398.65,113714.45,113968.55,60,114732.66500000001,115463.3329090532,114001.99709094681,114284.8,114639.82073073977,113929.77926926024,False,684.1999999999971,421.33999999999867,1.6238667109697613,-201.1999999999971,0.29406606255480555,0.37138263665595866,228.89999999999418,254.10000000000582,-1.8135353870983235,-0.09920729102388343,1461.335818106396,710.04146147953,0.11847745891220307,-0.5055290742452542,0.48588521042316213,-1.7458584516067632,-1.8616794038068938,-1.6440404423980617,0.6462714197560254,False,0,1,0
BTCUSD#,2025-08-05 15:00:00,2025-08-05 16:00:00,LOWER,114811.65,114893.45,113485.05,113934.25,60,114652.01999999999,115425.74233302382,113878.29766697616,114650.4,115550.29059293159,113750.5094070684,False,1408.3999999999942,414.0799999999996,3.4012751159196184,-877.3999999999942,0.6229764271513759,0.31894348196535,81.80000000000291,449.1999999999971,-1.7334090030911666,-0.25705177743431806,1547.4446660476679,1799.7811858631903,0.038849688630372636,-0.3432954623144012,1.1630665867103447,-0.5687306800618244,-2.2749227202472975,-1.2169146058732483,-0.14417503863986947,False,1,2,1
BTCUSD#,2025-08-05 17:00:00,2025-08-05 18:00:00,LOWER,114354.35,114384.15,112651.05,113017.15,60,114515.875,115518.42818448413,113513.32181551587,114482.4625,115969.6384568896,112995.28654311039,False,1733.0999999999913,461.5399999999994,3.7550374832083753,-1337.2000000000116,0.7715654030350345,0.21123997461196303,29.79999999998836,366.09999999999127,-3.2472266759110973,-0.45178099406338396,2005.1063689682633,2974.3519137792173,0.3468080905629345,0.0029820534897679885,1.4833885921521879,-2.7202409325302286,-3.664037786540729,-3.7015209949300405,-1.6271612427958595,False,1,2,1
BTCUSD#,2025-08-06 17:00:00,2025-08-06 18:00:00,UPPER,114248.45,115188.05,113845.05,115167.45,60,113959.80500000001,114703.76811878823,113215.84188121179,114110.575,114658.28078713332,113562.86921286667,True,1343.0,451.69499999999823,2.97324522077952,919.0,0.684288905435592,0.9846612062546495,20.60000000000582,403.3999999999942,2.673585051860203,0.5506259754923389,1487.9262375764374,1095.4115742666472,0.4599871409107812,0.2279758370294065,0.7362001869466825,2.7558418844574497,3.424877406214384,4.760513178140142,0.9783150134493318,False,0,1,0
BTCUSD#,2025-08-07 13:00:00,2025-08-07 14:00:00,UPPER,115047.35,116417.05,115021.75,116318.15,60,115005.64499999999,115865.04662096739,114146.24337903259,114854.77500000001,115479.91360002663,114229.63639997339,True,1395.300000000003,410.70499999999885,3.3973289830900693,1270.7999999999884,0.9107718770156853,0.9291191858381649,98.90000000000873,25.60000000000582,3.1957365992622644,0.5624231504364235,1718.803241934802,1250.2772000532423,0.383197913133956,0.046611478824913455,0.7274114741870309,4.810752243094177,3.0121376657211254,5.525133611716448,3.626447206632494,False,0,1,0
BTCUSD#,2025-08-09 11:00:00,2025-08-09 12:00:00,UPPER,116735.95,117156.85,116732.05,117085.65,60,116602.17999999998,117085.5366474438,116118.82335255615,116631.475,117146.51576460323,116116.43423539678,False,424.8000000000029,378.67500000000075,1.121806298276892,349.6999999999971,0.8232109227871814,0.8323917137476197,71.20000000001164,3.8999999999941792,1.2767412688981705,-0.0031557404106992396,966.7132948876533,1030.0815292064508,0.12094994588750119,-0.16812703064939893,1.0655501839624144,1.8765432098765165,0.5513963161021667,1.2578068264342441,5.649171453093003,False,0,0,0
BTCUSD#,2025-08-09 12:00:00,2025-08-09 13:00:00,UPPER,117086.05,117484.95,117021.45,117484.95,60,116631.54,117238.63954688523,116024.44045311476,116798.4,117479.80176049015,116116.99823950983,True,463.5,379.87500000000074,1.2201382033563648,398.8999999999942,0.8606256742178947,1.0,0.0,64.60000000000582,2.2465547877591363,0.13376768673902648,1214.1990937704686,1362.8035209803202,0.2560074431494985,0.3230054926139585,1.1223888470781083,2.976505429417558,1.5107601184600015,2.1622902270483517,6.41395195788087,True,1,1,1
BTCUSD#,2025-08-10 06:00:00,2025-08-10 07:00:00,UPPER,117303.75,118501.25,117222.25,118484.95,60,116930.41,117865.35338536058,115995.46661463943,116760.35,118073.29225280475,115447.40774719526,True,1279.0,336.3474999999991,3.8026148551721164,1181.199999999997,0.9235340109460494,0.9872556684910063,16.30000000000291,81.5,4.621827128193305,0.4200566378522328,1869.8867707211466,2625.884505609487,0.5415936963214305,2.3784700088279265,1.4043013441914345,5.897769420019481,4.822393506715538,6.33481741353809,5.212466273719893,False,0,2,0
BTCUSD#,2025-08-11 04:00:00,2025-08-11 05:00:00,UPPER,119110.0,119984.95,118962.55,119972.95,60,118593.9,119556.34327741247,117631.45672258752,119038.975,119871.28542835331,118206.6645716467,True,1022.3999999999942,469.6250000000015,2.177056161831229,862.9499999999971,0.8440434272300489,0.988262910798122,12.0,147.4499999999971,2.9364918818205985,0.9384295980835881,1924.886554824945,1664.620856706606,0.27396215745033925,-0.4409494138904373,0.8647890716125822,2.8465264838967235,3.2864519563481274,7.2566409369177185,7.308597285067856,False,0,1,0
BTCUSD#,2025-08-11 05:00:00,2025-08-11 06:00:00,UPPER,119975.25,121879.65,119907.35,121842.65,60,118783.29000000001,120467.20897246787,117099.37102753215,119355.6875,120824.41344674374,117886.96155325626,True,1972.2999999999884,489.6900000000016,4.027650146010704,1867.3999999999942,0.9468133651067309,0.9812401764437457,37.0,67.89999999999418,6.247544364802173,1.1262431334109488,3367.837944935716,2937.4518934874795,0.7496293152933355,0.7646372035125915,0.8722070187208929,7.246625416079519,6.2843839980395435,9.287304212869325,11.165431191161701,True,1,2,1
BTCUSD#,2025-08-11 22:00:00,2025-08-11 23:00:00,LOWER,119764.6,119783.85,118597.05,119063.65,60,120680.78,122748.08419547895,118613.47580452105,119868.25,121012.56117233282,118723.93882766718,False,1186.800000000003,747.334999999997,1.588042845577964,-700.9500000000116,0.5906218402426777,0.393158072126719,19.25,466.59999999999127,-2.1638622572206723,0.4199522302582068,4134.608390957903,2288.622344665637,0.015607668050297674,-0.07838454180495302,0.5535282010433424,-1.25338703526533,-3.2688151899750695,0.5720326225855897,3.4061030193955997,False,0,2,0
BTCUSD#,2025-08-12 23:00:00,2025-08-13 00:00:00,UPPER,119638.45,120302.85,119462.45,120175.65,60,119109.06000000001,120033.72157476006,118184.39842523997,119466.45,120161.59332272889,118771.3066772711,True,840.4000000000087,565.4249999999978,1.486315603307268,537.1999999999971,0.6392194193241213,0.8486435030937526,127.20000000001164,176.0,1.8863509749303375,0.430799840827709,1849.323149520089,1390.2866454577888,0.17617857350859256,-0.3415593736510817,0.7517813454174177,1.3160012380067987,2.432329663527424,2.4128752708139785,3.3277623026926624,False,0,0,0
BTCUSD#,2025-08-13 16:00:00,2025-08-13 17:00:00,UPPER,120263.15,122029.45,120085.05,121744.4,60,119891.3625,121060.28838991608,118722.43661008393,120338.675,121029.55312898847,119647.79687101154,True,1944.3999999999942,524.3150000000002,3.7084577019539657,1481.25,0.7618031269286178,0.8533995062744272,285.0500000000029,178.09999999999127,3.5342065361471455,0.64678199174162,2337.8517798321554,1381.7562579769292,0.3993223240885262,-0.22271556339702248,0.5910367243538988,4.172205639739446,4.372085482963468,5.541039260749739,3.3263400818210194,False,0,1,0
BTCUSD#,2025-08-13 22:00:00,2025-08-13 23:00:00,UPPER,121591.5,122827.55,121486.75,122734.75,60,120397.6125,122404.35605539473,118390.86894460527,121425.4625,122726.97635954578,120123.94864045421,True,1340.800000000003,638.2199999999982,2.100842969508957,1143.25,0.8526625894988048,0.9307875894988047,92.80000000000291,104.75,3.6619621760521506,0.7932217730563151,4013.487110789458,2603.027719091566,0.18215275448897184,-0.12452222153542869,0.6485700955894056,1.5517376453260765,4.979317476732167,4.856319137601458,5.752091755194159,False,1,2,1
BTCUSD#,2025-08-14 03:00:00,2025-08-14 04:00:00,UPPER,123307.55,124479.05,123248.15,123835.25,60,121299.9425,124029.80093378777,118570.08406621224,122919.075,123986.0328197174,121852.1171802826,False,1230.9000000000087,744.907499999999,1.6524199313337702,527.6999999999971,0.428710699488174,0.4769680721423362,643.8000000000029,59.40000000000873,3.4035199001218257,1.3868366206542277,5459.716867575538,2133.9156394347956,0.051166034558737916,0.8286792998825216,0.3908473078719172,3.0007752640428587,4.80636857596414,5.558408258743543,6.575313042223372,False,1,2,1
BTCUSD#,2025-08-14 15:00:00,2025-08-14 16:00:00,LOWER,120937.05,121154.85,117526.2,118842.65,60,122226.20999999999,124535.82510513143,119916.59489486855,121282.9625,122688.78543571882,119877.13956428117,True,3628.6500000000087,706.3375,5.137275027872666,-2094.4000000000087,0.5771843523073329,0.3627933253413787,217.8000000000029,1316.449999999997,-4.790287928929156,-0.004725078308873845,4619.230210262875,2811.6458714376495,0.3096362206828289,0.09489089613924429,0.6086827768814844,-4.134284247969295,-7.068292423947484,-1.9994690923248488,-0.5746544675880988,False,0,3,0
BTCUSD#,2025-08-14 19:00:00,2025-08-14 20:00:00,LOWER,118231.95,118231.95,117376.25,117844.85,60,121439.48499999999,125299.755684466,117579.21431553397,118567.9125,119595.43964156498,117540.38535843503,False,860.1999999999971,926.1600000000005,0.9287812041115969,-387.09999999999127,0.4523781699193556,0.5476218300806444,0.0,468.6000000000058,-3.881224626414419,-0.9867625464282875,7720.541368932027,2055.0542831299535,0.0925579529595646,-0.7409889124441618,0.26618007532472127,-3.330849961129818,-5.547853502634528,-3.8546255506607907,-1.9345469465319125,False,1,3,1
BTCUSD#,2025-08-17 07:00:00,2025-08-17 08:00:00,UPPER,117670.65,118179.95,117670.65,118061.85,60,117567.215,117951.65599850383,117182.77400149616,117482.15,118130.25067055618,116834.0493294438,False,511.59999999999127,229.4550000000003,2.2296310823472605,391.20000000001164,0.7681130964068513,0.7681130964068513,118.09999999999127,0.0,2.1556950164520656,-0.012137456146100494,768.8819970076729,1296.2013411123771,0.2334994593380113,0.31941291085315116,1.68582610355935,2.691159486609571,1.4656468588612255,1.1034843433353438,-3.3387810246017313,False,0,0,0
BTCUSD#,2025-08-17 11:00:00,2025-08-17 12:00:00,UPPER,117999.8,118375.15,117908.35,118355.45,60,117691.73999999999,118212.41922546526,117171.06077453472,117993.9625,118213.2993338093,117774.6256661907,True,466.79999999998836,236.4925000000003,1.973846950748915,355.6499999999942,0.7618894601542482,0.9577977720651294,19.69999999999709,91.44999999999709,2.8064737782382343,0.6398088734315551,1041.3584509305365,438.6736676185974,0.23022099220087466,-0.6332941840711246,0.42125136376106387,3.230969269638531,3.0491453217332065,3.160353922428801,-2.177236064568678,False,1,1,1
BTCUSD#,2025-08-18 04:00:00,2025-08-18 05:00:00,LOWER,117288.95,117409.05,116183.55,116272.05,60,117860.8,118851.25484613476,116870.34515386524,117582.22499999999,118623.17196751246,116541.27803248752,True,1225.5,330.59749999999985,3.706924583519236,-1016.8999999999942,0.8297837617299014,0.07221542227662178,120.10000000000582,88.5,-4.805692723024223,-0.26809035156044647,1980.909692269517,2081.893935024942,0.47650043535352715,0.29370846832610753,1.0509787211146047,-3.926224487481002,-6.514870802108316,-3.486112266426699,-4.63857107207405,False,0,2,0
BTCUSD#,2025-08-18 09:00:00,2025-08-18 10:00:00,LOWER,115682.85,115714.75,114873.05,115243.75,60,117169.39000000001,119375.78528322309,114962.99471677694,115471.825,116022.85221277125,114920.79778722874,False,841.6999999999971,465.65,1.807580801030811,-439.1000000000058,0.5216823096115093,0.4404182012593541,31.89999999999418,370.6999999999971,-4.135380650703348,-1.6692258133791351,4412.790566446143,1102.0544255425048,0.061651577635762456,-0.6382721099274453,0.24974093126518992,-4.393213787179206,-4.92816493074198,-5.729410501449574,-4.6017395039192595,False,1,2,1
BTCUSD#,2025-08-19 01:00:00,2025-08-19 02:00:00,UPPER,116626.25,116962.55,116368.35,116378.75,60,115681.23499999999,116841.87515324421,114520.59484675576,116447.48749999999,116930.94321327136,115964.03178672862,False,594.1999999999971,578.5199999999998,1.027103643780677,-247.5,0.41652642208010976,0.01750252440254835,336.3000000000029,10.39999999999418,1.205688653806289,-0.30125146926640206,2321.28030648845,966.9114265427343,0.036876213133622215,0.9151354839624009,0.4165422951463554,0.7621171264606139,2.2968955265159434,-2.71364862061812,-1.8419415059116475,False,0,2,0
BTCUSD#,2025-08-19 17:00:00,2025-08-19 18:00:00,LOWER,115180.15,115371.45,113745.05,113859.45,60,115547.75,116925.03291509855,114170.46708490145,115412.20000000001,116014.10215086417,114810.29784913585,True,1626.3999999999942,559.6149999999986,2.9062837843874774,-1320.699999999997,0.8120388588293174,0.07033939990161989,191.3000000000029,114.39999999999418,-3.0168955442581185,-0.4088167758190888,2754.565830197098,1203.8043017283198,0.15233543838078,0.4539153695819489,0.4370214313020008,-2.3466132966414417,-3.348552129589116,-3.1521671148914954,-7.650616942004805,False,0,1,0
BTCUSD#,2025-08-20 16:00:00,2025-08-20 17:00:00,LOWER,113644.05,113644.05,112585.05,112669.85,60,113409.48999999999,114083.57567839303,112735.40432160695,113693.7125,113907.876798494,113479.54820150598,True,1059.0,479.26749999999885,2.2096219752017454,-974.1999999999971,0.9199244570349359,0.08007554296506413,0.0,84.80000000000291,-1.5432717636810063,-0.3977423881236044,1348.1713567860716,428.3285969880235,0.15674880660743407,-0.5828172717090656,0.31771079754217835,-1.708649136442584,-0.6900113193571396,-5.247382724678808,-4.511468021512,False,0,1,0
BTCUSD#,2025-08-21 18:00:00,2025-08-21 19:00:00,LOWER,113290.95,113392.85,112599.65,112786.35,60,113795.6,114838.28844925802,112752.91155074199,113241.41249999999,113855.67464823845,112627.15035176153,False,793.2000000000116,519.9149999999972,1.5256339978650661,-504.59999999999127,0.6361573373676045,0.23537569339385891,101.90000000000873,186.70000000001164,-1.9411826933248808,-0.3371704990238583,2085.3768985160277,1228.5242964769132,0.09542882355607651,-0.023185137606261397,0.589113793938708,-1.1149899502803347,-2.2315186136195404,-1.0697902541761635,-1.8828077666541634,False,0,0,0
BTCUSD#,2025-08-22 17:00:00,2025-08-22 18:00:00,UPPER,112460.7,116102.15,112460.7,115782.35,60,112860.48999999999,114328.79848591577,111392.18151408421,112402.5,112772.25621600586,112032.74378399414,True,3641.449999999997,538.8300000000017,6.758068407475429,3321.6500000000087,0.9121778412445622,0.9121778412445622,319.79999999998836,0.0,5.422600820295837,0.1439322235212928,2936.616971831565,739.5124320117175,1.4423122663335306,-0.690581075801906,0.25182461284710356,5.237087764229905,4.897277434441279,4.63615611602917,4.3264109273797,False,0,1,0
BTCUSD#,2025-08-24 13:00:00,2025-08-24 14:00:00,LOWER,114836.25,114972.95,114593.95,114789.95,60,115072.31000000001,115489.47350969478,114655.14649030524,114851.95000000001,114939.19998122886,114764.70001877117,False,379.0,302.04000000000235,1.2548006886505,-46.30000000000291,0.122163588390509,0.5171503957783641,136.6999999999971,196.0,-0.9348430671434675,-0.3419414647066067,834.3270193895441,174.49996245768853,-0.06131082334090954,-0.6379311898414889,0.20915055895632592,-1.200834326579242,-1.741822275195344,-2.5142365249635903,7.517216262746597,False,0,0,0
BTCUSD#,2025-08-24 14:00:00,2025-08-24 15:00:00,LOWER,114787.75,114895.85,114622.05,114730.95,60,115068.48500000002,115496.55279523908,114640.41720476095,114834.40000000001,114972.3386792194,114696.46132078061,False,273.8000000000029,297.2775000000023,0.9210249682535704,-56.80000000000291,0.20745069393718885,0.3977355734112236,108.10000000000582,108.89999999999418,-1.1354206086905851,-0.23165224411531365,856.1355904781376,275.87735843879636,0.02613911641570743,0.5809594142788947,0.32223559154306786,-0.8534113748938118,-2.310972071549292,-1.8444046387634405,8.184608656894559,True,1,1,1
BTCUSD#,2025-08-24 22:00:00,2025-08-24 23:00:00,LOWER,114616.35,114782.65,110578.25,112600.85,60,114696.825,115833.68269193821,113559.96730806178,114420.3375,114929.71312440016,113910.96187559982,True,4204.399999999994,330.780000000001,12.710562911905138,-2015.5,0.4793787460755406,0.48106745314432703,166.29999999998836,2022.6000000000058,-6.336462301227356,-0.990915412056375,2273.715383876435,1018.7512488003413,0.7168711278839051,0.44652416437196907,0.44805574876459786,-5.901505532377971,-6.904891468649837,-7.658564604873272,-12.192091420279285,False,0,2,0
BTCUSD#,2025-08-25 22:00:00,2025-08-25 23:00:00,LOWER,112384.55,112419.75,110631.85,110688.45,60,112068.39499999999,113482.30233151333,110654.48766848665,112373.1,112824.4992902889,111921.7007097111,False,1787.8999999999942,708.7750000000015,2.5225212514549615,-1696.1000000000058,0.9486548464679296,0.03165725152412968,35.19999999999709,56.59999999999127,-1.9469436704172545,-0.5272265528552946,2827.8146630266856,902.7985805778007,0.015158897956883965,-0.08370792659072712,0.3192566303519734,-1.1198194067228606,-1.1549504426651676,-2.698176431166456,-6.272371344926088,False,0,1,0
BTCUSD#,2025-08-26 03:00:00,2025-08-26 04:00:00,LOWER,110101.15,110101.15,108900.05,109085.85,60,111267.875,113299.56835080459,109236.18164919541,109915.92499999999,110832.29201671226,108999.55798328771,False,1201.0999999999913,815.7100000000021,1.4724595750940754,-1015.2999999999884,0.8453084672383613,0.15469153276163872,0.0,185.8000000000029,-2.6750009194443964,-1.1526093832366773,4063.3867016091826,1832.7340334245528,0.08901054611819448,-0.4472348852247017,0.4510360859080317,-4.043839109487419,-3.055252479435082,-4.3631928013632075,-7.706537862720786,False,1,1,1
BTCUSD#,2025-08-27 17:00:00,2025-08-27 18:00:00,UPPER,111485.35,112611.65,111260.85,111785.05,60,111291.5,111945.00489378725,110637.99510621275,111265.4875,112025.96310565306,110505.01189434694,False,1350.7999999999884,511.30499999999955,2.6418673785705002,299.6999999999971,0.22186852235712146,0.3880663310630749,826.5999999999913,224.5,0.9652751293259471,0.6603299400553583,1307.0097875744978,1520.951211306121,-0.014439541657831345,-0.13930688191828966,1.1636876982602005,2.0420297082954533,1.2919881479743136,2.795787250271367,-0.9156961109318265,False,0,0,0
BTCUSD#,2025-08-28 07:00:00,2025-08-28 08:00:00,UPPER,111985.35,113061.15,111928.55,112948.15,60,111696.6925,112718.43311262186,110674.95188737815,111604.125,112582.30577536179,110625.94422463821,True,1132.5999999999913,657.6654999999992,1.722152066666098,962.7999999999884,0.8500794631820553,0.9002295603037251,113.0,56.80000000000291,1.902878438963259,0.28678712810694096,2043.4812252437114,1956.3615507235809,0.09877532568943947,0.5865905387330452,0.9573670296335899,2.366552601588492,1.2877366989753838,2.1142967055440827,4.346890630571304,False,0,1,0
BTCUSD#,2025-08-29 04:00:00,2025-08-29 05:00:00,LOWER,112197.05,112257.85,111401.05,111463.05,60,112574.14499999999,113587.04893923129,111561.24106076869,112266.3,113054.94088105728,111477.65911894273,True,856.8000000000029,500.40499999999884,1.7122131073830296,-734.0,0.8566760037348243,0.07236227824463094,60.80000000000291,62.0,-2.2203914828988305,0.020943036140688837,2025.8078784625977,1577.2817621145514,0.15089781058059115,-0.24588087213534793,0.7785939520146222,-0.8365224168423422,-2.713402144263159,-0.326135829977713,0.3559117115136864,False,0,1,0
BTCUSD#,2025-08-29 10:00:00,2025-08-29 11:00:00,LOWER,111253.45,111259.75,109885.05,109993.05,60,112016.23000000001,113490.24841053881,110542.2115894612,111432.38749999998,112132.82346908581,110731.95153091416,True,1374.699999999997,539.0099999999984,2.550416504332018,-1260.3999999999942,0.9168545864552243,0.07856259547537661,6.30000000000291,108.0,-3.7535110665850606,-1.0350735607873336,2948.036821077607,1400.871938171651,0.23425838287846634,0.195854955765294,0.4751880736888439,-2.7272221294595727,-3.5038310977532827,-5.7748464778019075,-1.3626834381551403,False,1,1,1
BTCUSD#,2025-08-31 03:00:00,2025-08-31 04:00:00,UPPER,108796.45,109384.95,108782.55,109377.25,60,108652.76499999998,109105.23886365397,108200.291136346,108632.45,109054.78664219199,108210.113357808,True,602.3999999999942,277.914999999998,2.1675692208049173,580.8000000000029,0.9641434262948348,0.9872177954847324,7.69999999999709,13.89999999999418,2.606858212043324,0.7206699890253345,904.9477273079683,844.6732843839854,0.4221456865113491,-0.11750455488250888,0.9333945584865031,2.2855909180864713,2.763794685425441,3.9285393015850563,-10.134033787309122,False,0,0,0
BTCUSD#,2025-09-01 02:00:00,2025-09-01 03:00:00,LOWER,108870.35,108898.45,108058.05,108238.85,60,108719.455,109256.57352517887,108182.33647482113,108978.32500000001,109349.37425459025,108607.27574540977,False,840.3999999999942,311.1,2.7013821922211316,-631.5,0.7514278914802527,0.21513564969062846,28.09999999999127,180.8000000000029,-1.5448569591771002,-0.19848923175827707,1074.2370503577404,742.098509180476,0.013433969703829485,0.11386954339163702,0.6908144798518574,-2.3612986178077504,-0.4265509482481423,-1.7730633236901037,-0.43940855030535864,False,0,1,0
BTCUSD#,2025-09-03 16:00:00,2025-09-03 17:00:00,UPPER,111106.75,111908.65,111054.65,111457.55,60,111126.11499999999,111635.06418538436,110617.16581461563,111319.8625,111861.62470502334,110778.10029497667,False,854.0,461.19599999999843,1.851707300150051,350.8000000000029,0.4107728337236568,0.47177985948478773,451.09999999999127,52.10000000000582,0.7186423993269963,0.4317687057129208,1017.8983707687294,1083.5244100466662,0.029025999619391563,-0.21788795262743965,1.0644720938381846,0.807682633847651,0.6595894153461828,0.6608903806624601,5.305119732174618,False,0,0,0
BTCUSD#,2025-09-03 17:00:00,2025-09-03 18:00:00,UPPER,111461.95,112508.45,111097.75,112260.55,60,111207.72999999998,111871.20560814535,110544.25439185461,111360.7375,111948.69624582412,110772.77875417589,True,1410.699999999997,482.6459999999985,2.922846143964731,798.6000000000058,0.5661019352094757,0.8242716381938082,247.89999999999418,364.1999999999971,2.1813503064358244,0.3501634738503501,1326.951216290734,1175.9174916482298,0.3036185678228409,0.08527088152779538,0.886179896601856,2.585746074762878,1.8674142124870106,1.9055373917944,6.463950804523424,True,1,1,1
BTCUSD#,2025-09-04 17:00:00,2025-09-04 18:00:00,LOWER,110447.7,110514.45,109684.75,109832.95,60,111147.38,112539.62822664765,109755.13177335236,110692.6875,111413.51631934712,109971.85868065288,False,829.6999999999971,468.3550000000003,1.7715194670709111,-614.75,0.7409304567916141,0.17861877787151695,66.75,148.1999999999971,-2.806482262386452,-0.9230818503058298,2784.496453295287,1441.657638694247,0.07177936702190624,0.5979394490760908,0.5177444693772658,-1.7038357656051488,-3.438844466270254,-5.183247750104097,-3.219566354581477,False,0,1,0
BTCUSD#,2025-09-05 01:00:00,2025-09-05 02:00:00,UPPER,110473.35,111564.15,110457.45,111468.55,60,110414.425,111491.65480449828,109337.19519550173,110148.5625,111315.86189895905,108981.26310104095,False,1106.699999999997,487.2749999999993,2.271202093273816,995.1999999999971,0.8992500225896808,0.9136170597271244,95.59999999999127,15.900000000008731,2.163306141295986,-0.9423426196706342,2154.459608996549,2334.5987979180936,0.004521294572444878,0.1516967127154023,1.0836122376902881,4.224719101123614,1.7589656764660757,-0.9510030270381096,0.43014724744755245,False,0,1,0
BTCUSD#,2025-09-05 10:00:00,2025-09-05 11:00:00,UPPER,111891.55,112979.85,111873.35,112931.75,60,110732.00499999998,112502.40253222293,108961.60746777702,111548.9125,112429.71135716821,110668.1136428318,True,1106.5,553.1499999999978,2.000361565578965,1040.199999999997,0.9400813375508333,0.9565295978309933,48.10000000000582,18.19999999999709,3.976760372412606,0.6120943686160607,3540.795064445905,1761.5977143364144,0.2154114193267167,1.0448163400417751,0.49751473391530066,3.3000090391394763,5.703877790834346,4.488475097170772,3.33851577329839,False,0,2,0
BTCUSD#,2025-09-06 18:00:00,2025-09-06 19:00:00,LOWER,110795.35,110823.55,110337.85,110368.25,60,110836.1,111330.41815888329,110341.78184111672,110824.1,111039.1532010911,110609.04679890891,False,485.6999999999971,304.47000000000116,1.5952310572470036,-427.1000000000058,0.8793493926292122,0.06259007617869954,28.19999999999709,30.39999999999418,-1.5366045915853912,-0.16082044207961957,988.6363177665626,430.10640218219487,-0.09746101105367899,-0.08367382648623023,0.4350501741164559,-1.0411534798173836,-2.3181265806154965,-1.0973166486025046,2.876802312214638,False,0,0,0
BTCUSD#,2025-09-07 11:00:00,2025-09-07 12:00:00,UPPER,110739.15,111346.55,110701.85,111052.45,60,110450.88999999998,111021.70085641369,109880.07914358628,110610.5,110979.24158878959,110241.75841121041,True,644.6999999999971,229.02500000000072,2.8149765309463817,313.3000000000029,0.4859624631611669,0.5438188304637706,294.1000000000058,37.29999999998836,2.626612815194893,-0.14227704399079466,1141.6217128274147,737.4831775791827,0.07931810502438608,0.5478551457392264,0.6459961029934196,1.7631262962558745,3.9288287304879383,0.5732998580941054,-6.7944547538478375,False,0,1,0
BTCUSD#,2025-09-08 10:00:00,2025-09-08 11:00:00,UPPER,111100.85,111597.55,111100.85,111269.85,60,111109.89499999999,111388.66780732364,110831.12219267634,111032.4,111217.12953011609,110847.6704698839,False,496.6999999999971,310.51249999999783,1.5996135421279354,169.0,0.3402456210992571,0.3402456210992571,327.6999999999971,0.0,0.5151322410531538,0.11806287991627953,557.5456146473007,369.45906023218413,-0.005555737019138252,-0.526267879733054,0.662652616263337,1.2601747111630148,0.09049555170888778,1.7020248782255263,1.4649973833581962,False,0,1,0
BTCUSD#,2025-09-08 11:00:00,2025-09-08 12:00:00,UPPER,111274.05,111884.95,111234.95,111666.15,60,111137.79500000001,111507.2323480081,110768.35765199193,111091.225,111551.85121429533,110630.59878570469,True,650.0,330.75749999999755,1.9651859746188818,392.09999999999127,0.6032307692307558,0.6633846153846109,218.8000000000029,39.10000000000582,1.5974089778764964,0.08488091728838151,738.8746960161661,921.2524285906402,0.32522734751231597,1.4935169488378093,1.2468317477345086,1.3254423558044712,1.0400368850290698,1.8554378963440032,2.252405463217026,True,1,2,1
BTCUSD#,2025-09-08 16:00:00,2025-09-08 17:00:00,UPPER,112026.45,112347.65,111865.05,111896.95,60,111351.5,112194.6508703692,110508.3491296308,112045.52500000001,112134.47548781027,111956.57451218975,False,482.59999999999127,370.89249999999737,1.3011856535249289,-129.5,0.2683381682552887,0.06610029009530617,321.1999999999971,31.89999999999418,1.4706417627749306,0.6514151674676953,1686.3017407383886,177.9009756205196,0.02712486717601803,-0.8692164321203659,0.1054977121369876,1.690786413853059,2.745809095627443,1.8625342922814774,2.6522509891680315,False,2,2,2
BTCUSD#,2025-09-08 17:00:00,2025-09-08 18:00:00,UPPER,111895.45,112811.95,111860.05,112633.65,60,111431.53,112428.4170701362,110434.6429298638,111998.94999999998,112239.87637730717,111758.0236226928,True,951.8999999999942,377.1374999999971,2.5240131251864413,738.1999999999971,0.7755016283223044,0.8126904086563672,178.3000000000029,35.39999999999418,3.187484670710297,0.7788538662954182,1993.774140272406,481.85275461437413,0.18233533898825427,1.7085447560569524,0.2416787061690646,2.565377349110092,3.727818103476862,3.995359782572669,4.874349540949925,True,2,3,2
BTCUSD#,2025-09-09 09:00:00,2025-09-09 10:00:00,UPPER,112172.35,113150.05,112127.25,113015.35,60,112100.18500000001,112920.19297392966,111280.17702607036,111787.75,113119.33492004288,110456.16507995712,False,1022.8000000000029,426.125,2.400234672924618,843.0,0.8242080563159929,0.8683026984747784,134.6999999999971,45.10000000000582,2.147644470519199,0.27741859782926725,1640.0159478592977,2663.1698400857567,0.1640866101185119,0.1831727709095914,1.623868257843453,3.248811968319176,1.3144030507480335,4.492813141683778,5.90742153124084,False,0,4,0
BTCUSD#,2025-09-09 18:00:00,2025-09-09 19:00:00,LOWER,111742.25,111824.35,110750.15,110858.25,60,112184.255,113407.58500376376,110960.92499623625,112387.2375,113950.35286579262,110824.12213420738,False,1074.2000000000116,489.2750000000022,2.195493331970787,-884.0,0.8229380003723612,0.10063302923106,82.10000000000582,108.10000000000582,-2.710142557866228,-0.12757651627407485,2446.6600075275055,3126.2307315852377,0.14955923125740633,2.0746311950165004,1.2777544579005395,-4.2614071840989025,-1.6851463900669281,-3.619641306013984,-0.9285166828470715,False,0,1,0
BTCUSD#,2025-09-10 15:00:00,2025-09-10 16:00:00,UPPER,112273.95,113517.35,112273.95,113405.45,60,111704.475,112917.89804894311,110491.0519510569,112277.6,112467.64304585746,112087.55695414255,True,1243.800000000003,394.4650000000009,3.1531314565297306,1131.5,0.9100048254785202,0.9100048254785202,111.90000000000873,0.0,4.312106270518266,0.4679249109553111,2426.846097886213,380.08609171491116,0.2456513066479753,-0.598636219226206,0.15661730344003552,4.1286299164691105,6.108273230831619,1.9198154462373118,3.504239919891498,False,0,1,0
BTCUSD#,2025-09-11 15:00:00,2025-09-11 16:00:00,BOTH,113991.35,114479.95,113452.45,113966.55,60,113928.11500000002,114387.26234162066,113468.96765837938,113982.1,114235.0152412459,113729.18475875411,False,1027.5,357.37999999999886,2.875090939616104,-24.80000000000291,0.024136253041365362,0.500340632603412,488.59999999999127,514.1000000000058,0.10754658906481404,0.39960266383125154,918.2946832412854,505.8304824917868,-0.014216851955076715,-0.11735519503448033,0.5508367757356142,-0.9547260618948967,0.2854104874363432,1.5700374951032727,3.6890704572164443,False,0,1,0
BTCUSD#,2025-09-11 16:00:00,2025-09-11 17:00:00,BOTH,113968.95,114711.35,113406.95,114620.35,60,113973.61000000002,114511.10358118727,113436.11641881276,113967.125,114195.87715683065,113738.37284316935,False,1304.4000000000087,389.9749999999993,3.3448297967818736,651.4000000000087,0.49938669119902207,0.9302361238883783,91.0,562.0,1.6584140008974726,0.25410603243805485,1074.987162374513,457.5043136613094,0.1706342005380599,-0.09553826924865505,0.4255904904489643,1.4426565805500529,1.870632732867495,1.7611385345214543,4.8182575806141505,True,1,1,0
BTCUSD#,2025-09-12 01:00:00,2025-09-12 02:00:00,UPPER,114473.35,115247.15,114422.45,115070.45,60,114297.035,114847.11039239547,113746.95960760454,114384.5875,114655.91834371087,114113.25665628912,True,824.6999999999971,447.530000000001,1.8427814895090726,597.0999999999913,0.7240208560688655,0.7857402691887987,176.6999999999971,50.90000000000873,1.7281858199450135,0.45098652604294975,1100.1507847909234,542.661687421758,0.1880981906631356,-0.34752928689054174,0.49326119194187307,1.3375639621924562,2.307778249502828,2.709539025316713,7.887515920720368,False,0,2,0
BTCUSD#,2025-09-12 20:00:00,2025-09-12 21:00:00,UPPER,115478.75,115924.55,115379.05,115800.95,60,115265.03,115776.12370043428,114753.93629956571,115239.48749999999,115829.73411518469,114649.24088481528,False,545.5,417.95500000000027,1.3051644315775612,322.1999999999971,0.5906507791017361,0.7734188817598426,123.60000000000582,99.69999999999709,1.2822433037049392,0.6250194398918443,1022.18740086857,1180.4932303694077,-0.08353782942905974,1.236822933368034,1.1548696739622526,2.1437714586498533,0.5060353387326384,2.9342871840269726,5.001734636503927,False,0,1,0
BTCUSD#,2025-09-12 21:00:00,2025-09-12 22:00:00,UPPER,115800.95,116484.95,115752.95,116471.25,60,115335.06999999999,116059.64948261314,114610.49051738685,115407.0,116462.09224205032,114351.90775794968,True,732.0,438.2800000000003,1.6701651912019702,670.3000000000029,0.9157103825136652,0.9812841530054685,13.69999999999709,48.0,2.5923610477320587,0.688098932189405,1449.158965226292,2110.1844841006387,0.41770380264413065,0.7875447565593459,1.4561442427892133,3.207082230537567,2.6971342520763097,4.955051565209445,6.6332025189376544,True,1,2,1
BTCUSD#,2025-09-13 19:00:00,2025-09-13 20:00:00,LOWER,115760.35,115806.75,115091.45,115316.75,60,115844.52999999998,116203.43106523427,115485.6289347657,115820.425,116203.81497017319,115437.03502982682,True,715.3000000000029,306.4474999999984,2.3341681690991334,-443.6000000000058,0.6201593736893667,0.31497273871103315,46.39999999999418,225.3000000000029,-1.7222525881267983,-0.17280284551188058,717.8021304685681,766.7799403463723,0.24572036354248028,-0.06096620306948575,1.0682330238360151,-1.9823950268806343,-1.1607208412533923,-0.528312353665783,2.7570791081669737,False,0,2,0
BTCUSD#,2025-09-14 12:00:00,2025-09-14 13:00:00,UPPER,115922.85,116152.65,115886.55,116020.95,60,115785.205,116097.28480730264,115473.12519269736,115821.0,116116.62712870995,115525.37287129005,False,266.09999999999127,266.0300000000003,1.0002631282185879,98.09999999999127,0.3686583990980627,0.5050732807215279,131.6999999999971,36.30000000000291,0.8861594557004664,-0.10002631282180957,624.1596146052761,591.2542574199033,0.0655354614750372,0.4585831303483783,0.9472805410420819,1.3321805811374423,0.5191143855955761,0.06991692666237359,3.7296545502386795,False,0,1,0
BTCUSD#,2025-09-14 16:00:00,2025-09-14 17:00:00,LOWER,115759.55,115780.05,115206.05,115333.55,60,115809.39499999999,116108.61150042427,115510.1784995757,115893.45000000001,116378.26724312185,115408.63275687817,True,574.0,229.88499999999914,2.4969006242251655,-426.0,0.7421602787456446,0.2221254355400697,20.5,127.5,-2.069926267481516,0.15035778758939428,598.4330008485704,969.6344862436817,0.23536639903354173,0.295166839238429,1.6202891298921556,-1.9796854949213432,-2.6339256584814246,-1.8169954542488578,0.8521652130413444,False,1,2,0
BTCUSD#,2025-09-15 02:00:00,2025-09-15 03:00:00,LOWER,115982.85,115982.85,115126.65,115257.05,60,115679.21,116198.74500539002,115159.67499460999,115856.85,116545.13046552912,115168.5695344709,False,856.2000000000116,285.982499999999,2.993889486244839,-725.8000000000029,0.8476991357159461,0.1523008642840539,0.0,130.40000000000873,-1.4761742414308743,-0.18429449354419214,1039.0700107800367,1376.5609310582222,0.07716902794065605,-0.298818043351059,1.3248009438986974,-1.0157964211096868,-1.8490641909907242,-2.2127228064654485,-2.6438680688503453,False,0,2,0
BTCUSD#,2025-09-15 11:00:00,2025-09-15 12:00:00,LOWER,115809.35,115809.35,114693.05,114728.55,60,115560.23499999999,116381.37006643249,114739.09993356749,116110.825,117083.53648303343,115138.11351696656,True,1117.3999999999942,425.60250000000013,2.6254545027343443,-1080.800000000003,0.9681985129445491,0.03180148705545096,0.0,35.5,-1.9541356077560232,-0.08207188632590764,1642.270132865,1945.4229660668643,0.12453521370778309,-0.36466412899506395,1.184593768793081,-1.4626323858529962,-2.466620849266634,-2.806139531605201,-2.870988774736976,False,0,3,0
BTCUSD#,2025-09-16 16:00:00,2025-09-16 17:00:00,LOWER,115422.65,115539.85,114724.95,115189.25,60,115389.725,115875.52042167913,114903.92957832088,115378.41249999999,115673.63544412104,115083.18955587894,False,814.9000000000087,372.16999999999825,2.1895907784077506,-233.39999999999418,0.28641551110564695,0.5697631611240618,117.20000000001164,464.3000000000029,-0.5386651261520454,0.5031034204799437,971.5908433582517,590.4458882421022,-0.015474028161829412,-0.4802862531110671,0.6077104290127495,-1.6543515060321896,0.48821774995297296,1.4520246124082992,-0.3877260391756552,False,0,0,0
BTCUSD#,2025-09-16 17:00:00,2025-09-16 18:00:00,LOWER,115188.75,115287.25,114800.05,115264.15,60,115388.03,115875.32729593379,114900.7327040662,115310.0875,115668.37541039674,114951.79958960325,False,487.1999999999971,386.52999999999884,1.2604455022895986,75.39999999999418,0.15476190476189375,0.9525862068965395,23.10000000000582,388.6999999999971,-0.32049258789745955,0.3575660362714584,974.5945918675861,716.575820793485,0.003091577622275743,0.2136181063550151,0.7352552812963311,-0.9937132952164307,0.648073888184619,1.578143999172126,-0.3360670581843819,True,1,1,1
BTCUSD#,2025-09-17 17:00:00,2025-09-17 18:00:00,LOWER,116104.35,116234.95,115437.15,115593.75,60,116592.39499999999,117356.60061246902,115828.18938753096,116228.95,116615.88079384218,115842.01920615781,True,797.8000000000029,367.87499999999926,2.1686714237173077,-510.6000000000058,0.6400100275758385,0.19628979694159596,130.59999999999127,156.60000000000582,-2.7146313285762598,0.24657832144072467,1528.411224938056,773.8615876843687,0.23138242838799528,-0.29105230154299166,0.5063176552604369,-3.382670744138625,-2.9075093442066136,0.895956506965699,2.5541284403669935,False,0,1,0
BTCUSD#,2025-09-17 21:00:00,2025-09-17 22:00:00,LOWER,115486.1,116314.55,114726.95,115224.45,60,116341.31500000002,117440.53258598024,115242.0974140198,115642.0,116183.43248815685,115100.56751184315,False,1587.6000000000058,415.05000000000075,3.825081315504163,-261.65000000000873,0.1648085159989971,0.3133660871756098,828.4499999999971,497.5,-2.69091675701727,-0.7431273340560958,2198.4351719604456,1082.8649763136928,0.10950023035057765,-0.3379254134431928,0.49256170485484563,-2.3310444524756013,-4.761113118901343,-2.840139742199737,-0.1773280327671502,False,1,1,1
BTCUSD#,2025-09-18 06:00:00,2025-09-18 07:00:00,UPPER,116929.25,117884.95,116882.05,117569.35,60,116189.51000000001,117313.58511040303,115065.43488959699,116576.80000000002,117496.37992541051,115657.22007458952,True,1002.8999999999942,578.0575000000011,1.7349485129074396,640.1000000000058,0.6382490776747528,0.685312593478918,315.59999999999127,47.19999999999709,2.3870289720313185,-0.028197886888420058,2248.150220806041,1839.1598508209863,0.08972701640694858,1.0135027870482731,0.8180769388984971,2.669976602673619,2.9564532940062134,2.114841516631127,3.9392274989944793,False,0,2,0
BTCUSD#,2025-09-19 09:00:00,2025-09-19 10:00:00,LOWER,116881.75,116881.75,116621.95,116658.05,60,117259.675,117843.0577317738,116676.2922682262,116974.55,117291.53428858877,116657.56571141124,False,259.8000000000029,374.36499999999796,0.6939751312222144,-223.6999999999971,0.8610469591993632,0.1389530408006367,0.0,36.10000000000582,-1.6070546124771368,-0.17205134026949445,1166.7654635476065,633.9685771775257,0.1291779589744788,-0.2607518423816557,0.5433556245742086,-2.002323935196921,-3.0635876751298876,-1.137125532568481,-1.4491205107315133,False,0,0,0
BTCUSD#,2025-09-19 17:00:00,2025-09-19 18:00:00,LOWER,116265.75,116472.55,115773.15,115885.95,60,116847.01000000001,117724.69728931796,115969.32271068206,116326.2625,116868.25936966068,115784.26563033932,False,699.4000000000087,347.3149999999987,2.013733930293858,-379.8000000000029,0.5430368887617932,0.1612810980840742,206.8000000000029,112.80000000000291,-2.7671134272922733,-1.1330492492405904,1755.3745786359068,1083.9937393213622,0.025632465759152012,-0.04087986135658972,0.617528448067038,-2.889595899975554,-3.49250680218247,-4.996616903963305,0.8413112016469148,False,0,1,0
BTCUSD#,2025-09-20 18:00:00,2025-09-20 19:00:00,UPPER,115959.45,116109.95,115934.85,115979.65,60,115696.2,116053.35325313658,115339.04674686342,115901.975,116047.57592454657,115756.37407545344,False,175.09999999999127,192.88000000000102,0.9078183326420072,20.19999999999709,0.1153626499143238,0.2558537978297578,130.3000000000029,24.59999999999127,1.4695665698879905,0.38267316466202733,714.3065062731621,291.20184909313684,-0.14167239226820427,-0.46026355918083717,0.407670721932045,1.6518042306096514,2.8255910410617853,0.6226669431770564,-8.255910410618002,False,0,0,0
BTCUSD#,2025-09-21 03:00:00,2025-09-21 04:00:00,LOWER,115665.95,115706.85,115539.45,115634.45,60,115787.575,116026.91183320033,115548.23816679967,115724.0,115887.63385722863,115560.36614277137,False,167.40000000000873,161.79999999999927,1.0346106304079696,-31.5,0.18817204301074286,0.567502986857796,40.90000000000873,95.0,-0.9463844252163207,0.211372064276868,478.6736664006603,327.26771445726627,-0.04966409191751586,0.07021052853121357,0.6836969263801866,-0.40976514215082327,-1.440049443757732,-0.48454882571081015,-10.959208899876423,False,0,1,0
BTCUSD#,2025-09-21 12:00:00,2025-09-21 13:00:00,LOWER,115625.75,115697.55,115315.05,115664.05,60,115720.06999999999,115993.25145366427,115446.88854633571,115690.3,115948.20238314534,115432.39761685467,False,382.5,162.6449999999997,2.351747671308683,38.30000000000291,0.10013071895425597,0.9124183006535947,33.5,310.6999999999971,-0.34443112299787654,-0.25494174428968974,546.3629073285556,515.8047662906756,-0.03653502333852521,-0.416433417458433,0.9440698835371271,0.02028958775248496,-0.6486519720864471,0.01844507977497006,-4.942666543699442,False,0,2,0
BTCUSD#,2025-09-21 19:00:00,2025-09-21 20:00:00,LOWER,115508.55,115544.25,115195.05,115305.25,60,115613.465,115843.95792684538,115382.97207315461,115575.54999999999,115882.38715425905,115268.71284574093,False,349.1999999999971,176.09500000000043,1.9830205286918778,-203.3000000000029,0.582187857961067,0.3155784650629954,35.69999999999709,110.19999999999709,-1.7502768392060863,-0.47803742298187235,460.98585369077045,613.6743085181224,0.245713325120122,0.15801796621912922,1.331221562668115,-1.1408614668218502,-1.0346687867344142,-4.0421363468582365,-4.336863624747978,False,0,2,0
BTCUSD#,2025-09-22 03:00:00,2025-09-22 04:00:00,LOWER,115217.75,115367.65,114263.25,114375.05,60,115475.68500000001,116055.60934103536,114895.76065896466,115352.95,115794.68946986589,114911.2105301341,True,1104.3999999999942,223.6,4.939177101967774,-842.6999999999971,0.7630387540746121,0.10123143788482751,149.89999999999418,111.80000000000291,-4.922338998211133,-0.5256932021466827,1159.848682070704,883.47893973178,1.02907098445908,0.3095900896812871,0.7617191392195102,-5.09660107334522,-5.744633273703041,-5.632379248658292,-5.98300536672631,False,0,3,0
BTCUSD#,2025-09-22 08:00:00,2025-09-22 09:00:00,LOWER,114414.7,114531.75,113606.05,113668.85,60,115112.075,116301.47182180677,113922.67817819322,114370.0375,115068.75229643236,113671.32270356765,True,925.6999999999971,316.0599999999984,2.9288742643801866,-745.8499999999913,0.8057145943610172,0.06784055309495853,117.05000000000291,62.80000000000291,-4.566300702398274,-1.326425362273026,2378.7936436135496,1397.4295928647043,0.1781334137451509,0.010446288214258415,0.5874530548778134,-4.907928874264396,-6.124786432955762,-6.306397519458353,-6.433588559134355,False,1,3,1
BTCUSD#,2025-09-22 09:00:00,2025-09-22 10:00:00,LOWER,113660.25,113685.45,111602.05,112812.85,60,114977.41,116516.35582420032,113438.46417579969,114221.6625,115669.78617108476,112773.53882891525,False,2083.399999999994,343.21999999999827,6.070159081638613,-847.3999999999942,0.40673898435249906,0.5811654027071164,25.19999999999709,1210.800000000003,-6.306625488025198,-1.451765631373496,3077.891648400633,2896.2473421695177,0.29388762100654775,1.0725533200082484,0.9409841778135681,-4.55159955713538,-7.871918885845819,-8.339257619019904,-8.367519375327804,True,2,4,2
BTCUSD#,2025-09-23 20:00:00,2025-09-23 21:00:00,LOWER,112794.65,112807.25,111854.05,111936.05,60,112648.725,113383.57325080784,111913.87674919218,112801.4125,113244.15367357641,112358.6713264236,False,953.1999999999971,445.4949999999997,2.139642420229178,-858.5999999999913,0.9007553503986507,0.0860260176248429,12.60000000000582,82.0,-1.599737370789803,0.09817169665207277,1469.696501615661,885.482347152807,0.09938285837708083,-0.08382696384548716,0.6024933353106455,-2.3017093345604214,-1.5966509163963756,-0.9892366917698232,-8.234884791075082,False,0,0,0
BTCUSD#,2025-09-24 07:00:00,2025-09-24 08:00:00,LOWER,111661.85,112359.65,110985.05,112148.45,60,112350.835,113273.3048549623,111428.36514503771,112095.425,113200.92804806994,110989.92195193007,False,1374.5999999999913,451.64749999999987,3.0435239871802495,486.59999999999127,0.3539938891313796,0.8463553033609789,211.1999999999971,676.8000000000029,-0.4481038863273003,-0.44571264094228025,1844.939709924598,2211.0060961398704,-0.05293591619110938,0.6957666014571433,1.1984164491913036,0.025240923507811253,-1.4351900541904854,-0.5918332327755672,-5.030693184397138,False,0,1,0
BTCUSD#,2025-09-24 17:00:00,2025-09-24 18:00:00,UPPER,112819.4,113886.25,112819.4,113705.75,60,112449.56000000001,113448.58283047716,111450.53716952287,112948.175,113300.176547266,112596.173452734,True,1067.1000000000058,437.2074999999997,2.440717508276977,886.3500000000058,0.8308103294746225,0.8308103294746225,180.5,0.0,2.8732123762743975,0.37915635024563565,1998.045660954289,704.0030945320032,0.16083409368746104,-0.3043357839429671,0.3523458488910426,2.5235157219398197,3.6753715341113664,2.450323930856638,1.8158425919042898,False,0,2,0
BTCUSD#,2025-09-25 07:00:00,2025-09-25 08:00:00,LOWER,112528.75,112604.45,111567.05,111714.95,60,113115.71500000001,114078.80962324179,112152.62037675823,112776.125,113569.5287240147,111982.7212759853,True,1037.3999999999942,452.8549999999988,2.290799483278305,-813.8000000000029,0.7844611528822127,0.14256795835742722,75.69999999999709,147.89999999999418,-3.0931865608197273,0.2118006867540568,1926.1892464835546,1586.8074480294017,0.2646767537851593,-0.15669379185696108,0.8238066176136497,-3.5488180543441277,-4.401188018239858,-0.9572600501264227,-1.547515209062514,False,0,2,0
BTCUSD#,2025-09-25 20:00:00,2025-09-25 21:00:00,LOWER,110930.55,110947.55,108621.45,108807.85,60,111778.845,113776.08733034249,109781.60266965751,111253.475,112437.46586538106,110069.48413461895,True,2326.100000000006,593.2049999999988,3.9212413920988705,-2122.699999999997,0.9125574996775684,0.08013413008899371,17.0,186.40000000000873,-5.008378216636747,-1.3843527954080013,3994.484660684975,2367.9817307621124,0.2634508865894287,0.14809524500843274,0.5928128236587221,-4.268170362690806,-4.930167480044837,-8.333881204642589,-5.273387783312689,False,0,1,0
BTCUSD#,2025-09-28 01:00:00,2025-09-28 02:00:00,UPPER,109460.65,109680.95,109460.65,109591.05,60,109415.655,109644.50374940071,109186.80625059929,109415.175,109538.79841742822,109291.55158257179,False,222.39999999999418,168.50999999999985,1.319802979051655,130.40000000000873,0.5919201089423831,0.5919201089423831,89.89999999999418,0.0,1.0408581093110452,-0.1287460684826242,457.69749880142626,247.2468348564289,0.06721168464404226,0.36705829420297387,0.5401970417227424,1.2818230372084753,1.0367337250014672,0.28306925405018774,1.0616580618361455,False,0,0,0
BTCUSD#,2025-09-28 23:00:00,2025-09-29 00:00:00,UPPER,110323.6,110937.95,110280.85,110799.35,60,109703.955,110565.57283761926,108842.33716238075,110251.36249999999,110471.31232796842,110031.41267203155,True,657.0999999999913,233.0999999999971,2.8189618189618164,475.75,0.724014609648465,0.7890732004261253,138.59999999999127,42.75,4.699249249249325,1.0253968253967933,1723.2356752385094,439.89965593686793,0.23081918924948752,-0.429973841502273,0.2552753881885496,4.1492921492922505,5.6134706134706835,6.114972114972229,6.527241527241609,False,0,1,0
BTCUSD#,2025-09-29 01:00:00,2025-09-29 02:00:00,UPPER,110835.4,112013.95,110835.4,111922.85,60,109902.98000000001,111237.65761073778,108568.30238926224,110561.175,111590.79310848404,109531.55689151597,True,1183.3999999999942,251.06499999999724,4.713520403082896,1087.4500000000116,0.9227016248780356,0.9227016248780356,91.09999999999127,0.0,8.04520741640618,1.4561368569893254,2669.3552214755327,2059.236216968071,0.370908086074097,0.09041467111232993,0.771435813563169,6.812578415948171,10.255113217692788,9.287634676279165,9.477625316153292,False,1,2,1
BTCUSD#,2025-09-29 16:00:00,2025-09-29 17:00:00,UPPER,112007.85,113477.05,111900.05,113211.45,60,111728.86000000002,113076.98791077637,110380.73208922366,112070.55,112218.10635972039,111922.99364027962,True,1577.0,381.919999999999,4.1291369920402285,1203.5999999999913,0.763221306277737,0.8315789473684173,265.6000000000058,107.80000000000291,3.8819386258902018,1.8859447004608696,2696.2558215527097,295.1127194407745,0.017655957464820293,3.987975401553121,0.10945278896823156,3.585305823209066,3.55231462086301,9.41636992040221,10.253979891076686,False,0,2,0
BTCUSD#,2025-09-30 12:00:00,2025-09-30 13:00:00,LOWER,113422.35,113439.15,112722.05,112766.45,60,114003.215,114806.00151541116,113200.42848458883,113712.9,114451.15320809875,112974.64679190124,True,717.0999999999913,467.8649999999987,1.5327070843084933,-655.9000000000087,0.9146562543578535,0.06191605075999822,16.79999999998836,44.39999999999418,-2.643422782212824,0.8694281470082392,1605.5730308223283,1476.506416197517,0.18114740964439058,0.31821777367314086,0.9196133641091946,-3.379607365372493,-2.965599051008312,1.422418860141284,6.970814230600714,False,0,1,0
BTCUSD#,2025-10-01 11:00:00,2025-10-01 12:00:00,UPPER,114514.65,116582.95,114452.45,116099.65,60,114088.57000000002,115460.6324470579,112716.50755294214,114400.2,114956.23413497348,113844.16586502652,True,2130.5,519.1275000000016,4.104001425468682,1585.0,0.7439568176484394,0.7731518422905408,483.3000000000029,62.19999999999709,3.873961599029075,0.87401457252798,2744.1248941157537,1112.0682699469617,0.24177151382853124,-0.0686743592666601,0.4052542478411159,3.542867599963383,2.848818450188036,5.147290405536179,7.7356718725168205,False,0,1,0
BTCUSD#,2025-10-03 17:00:00,2025-10-03 18:00:00,UPPER,120343.95,120966.75,119862.75,120900.45,60,120234.78,120859.64681193329,119609.91318806671,120349.76249999998,120473.37660375665,120226.14839624331,True,1104.0,454.68550000000175,2.4280519172043,556.5,0.5040760869565217,0.9399456521739105,66.30000000000291,481.1999999999971,1.4640229345338607,0.45834978243202834,1249.733623866574,247.22820751334075,0.11712369530921918,-0.2709481513108899,0.1978247226384426,1.9246270224143676,1.6666465062114362,4.6302334250817205,7.962866640787923,False,0,0,0
BTCUSD#,2025-10-03 18:00:00,2025-10-03 19:00:00,UPPER,120897.45,122356.65,120631.15,122255.75,60,120306.63500000001,121364.22144155265,119249.04855844736,120473.73749999999,121452.75856547574,119494.71643452423,True,1725.5,471.6505000000012,3.6584292818517006,1358.300000000003,0.7871921182266026,0.941524195885254,100.89999999999418,266.3000000000029,4.13254093868232,0.5223677277984426,2115.1728831052897,1958.0421309515077,0.6924989795514322,6.919978673330992,0.9257125725235764,4.183606293219221,4.340078087482139,4.920380663224127,10.286430312275707,True,1,1,1
BTCUSD#,2025-10-05 05:00:00,2025-10-05 06:00:00,UPPER,122361.35,124347.15,122321.95,124017.15,60,122159.41,123130.99110616872,121187.82889383129,122287.6,122674.24645234642,121900.9535476536,True,2025.199999999997,304.4750000000007,6.651449215863346,1655.7999999999884,0.8175982619000547,0.8370531305550066,330.0,39.40000000000873,6.101453321290702,0.329041793250669,1943.1622123374254,773.2929046928184,0.9695544825037443,0.03792428513832968,0.3979559193684742,7.031119139502367,6.67411117497327,7.144428935052084,12.725182691518157,False,0,0,0
BTCUSD#,2025-10-06 15:00:00,2025-10-06 16:00:00,UPPER,124207.05,124668.55,124167.35,124545.85,60,123550.995,124611.6283816026,122490.3616183974,123986.95,124537.69240719444,123436.20759280556,False,501.1999999999971,588.7699999999983,0.8512661990250837,338.8000000000029,0.6759776536312947,0.7551875498802917,122.69999999999709,39.69999999999709,1.689717546750027,0.4340574417854391,2121.2667632052035,1101.4848143888812,0.10056699629458699,-0.43147571445887956,0.5192580365161398,1.0243388759617638,2.041544236289219,2.4923144861321282,4.334629821492286,False,0,0,0
BTCUSD#,2025-10-07 09:00:00,2025-10-07 10:00:00,LOWER,124384.95,124441.35,123769.45,123873.35,60,124808.14499999999,125807.58629501199,123808.70370498799,124354.075,124700.02914302389,124008.12085697611,False,671.9000000000087,635.9699999999997,1.0564963756152161,-511.59999999999127,0.7614228307783667,0.1546361065634877,56.40000000000873,103.90000000000873,-1.4698727927417712,0.2641869899523326,1998.8825900240045,691.9082860477793,0.0168656953223838,-0.4973375133714316,0.34614753737960674,-1.5731874145006848,-3.3289306099344187,-0.10912464424421625,-1.734673019167567,False,0,1,0
BTCUSD#,2025-10-07 17:00:00,2025-10-07 18:00:00,LOWER,123871.55,123980.7,122566.85,122720.45,60,124398.17000000001,125621.35516941373,123174.9848305863,124367.25,125832.4070015105,122902.0929984895,True,1413.8499999999913,629.525,2.245899686271381,-1151.1000000000058,0.8141599179545305,0.10863953036035805,109.14999999999418,153.59999999999127,-2.6650569874111683,-0.5511059926134747,2446.37033882743,2930.3140030209906,0.059292800004850044,0.22690613668280402,1.197821097040246,-1.7924625709860749,-2.4300861760851484,-2.8446844843334307,-0.4705134823875098,False,0,1,0
BTCUSD#,2025-10-08 20:00:00,2025-10-08 21:00:00,UPPER,123030.35,124152.05,122941.45,124030.45,60,122230.845,123535.10567876218,120926.58432123782,122524.05,123834.1844355088,121213.91556449121,True,1210.6000000000058,715.644999999999,1.6916208455309651,1000.0999999999913,0.8261192796960073,0.8995539401949403,121.60000000000582,88.90000000000873,2.5146615989771446,0.5200832815152869,2608.5213575243542,2620.268871017586,0.2897363036333529,0.7583133943148221,1.0045035143988168,1.621055132083635,3.7251709995877818,4.047397801982832,-1.7395496370407262,False,0,0,0
BTCUSD#,2025-10-09 05:00:00,2025-10-09 06:00:00,LOWER,122519.75,122523.65,121445.05,121592.55,60,122769.06499999999,123944.75425374323,121593.37574625674,122950.9625,124161.46948742287,121740.45551257711,True,1081.5,717.4449999999997,1.5074326254974255,-927.1999999999971,0.8596328574077551,0.1367513443352505,3.8999999999941792,147.5,-1.6398678644355809,0.4399570698799067,2351.3785074864863,2421.0139748457586,0.030099228091344132,0.6045414078336973,1.029614741794042,-1.7325369888981044,-1.0045369331446974,-0.6015792151314616,-3.7043954588853474,False,0,1,0
BTCUSD#,2025-10-09 11:00:00,2025-10-09 12:00:00,LOWER,121880.05,121942.65,121124.05,121235.35,60,122589.73500000002,123992.9875237343,121186.48247626574,122010.7,122426.15006813494,121595.24993186505,False,818.5999999999913,667.1549999999988,1.2270012216051633,-644.6999999999971,0.7875641338871292,0.13596384070364537,62.59999999999127,111.30000000000291,-2.030090458738991,-0.2687981053877629,2806.505047468556,830.9001362698909,0.1151834098015565,0.42591744215400773,0.2960622276519174,-0.5354078137764053,-2.3985430672032733,-1.706649878963649,-3.917380518770008,False,1,2,1
BTCUSD#,2025-10-10 16:00:00,2025-10-10 17:00:00,UPPER,121584.55,122521.45,121355.35,121657.0,60,121359.2175,121971.65355750878,120746.78144249122,121474.34999999999,121914.97274013069,121033.7272598693,False,1166.0999999999913,512.2550000000003,2.276405305951119,72.44999999999709,0.06213017751479087,0.2586827887831202,864.4499999999971,229.1999999999971,0.5813169222359976,0.0031380855237795645,1224.8721150175552,881.2454802613938,-0.011933211150827239,-0.04613150337836569,0.7194591741104038,1.4163844179168625,0.051244009331290044,-1.440200681301304,-1.818918312168743,False,0,0,0
BTCUSD#,2025-10-10 17:00:00,2025-10-10 18:00:00,BOTH,121650.45,122052.75,120452.15,120467.05,60,121350.5925,122006.6326432358,120694.5523567642,121563.27500000001,121813.56704765439,121312.98295234563,False,1600.6000000000058,500.80999999999983,3.1960224436413136,-1183.3999999999942,0.7393477445957702,0.009309009121584829,402.3000000000029,14.900000000008731,-1.7642269523372063,0.17837603083009257,1312.0802864716097,500.5840953087609,0.07119777680040063,-0.43195839692672433,0.38151940888839225,-2.278309139194506,-1.1709031369181813,-1.66390447475091,-3.6864279866616037,True,1,1,0
BTCUSD#,2025-10-10 18:00:00,2025-10-10 19:00:00,LOWER,120462.55,120609.95,118439.45,119000.95,60,121253.44750000001,122463.28887337774,120043.60612662228,121309.0,123270.26572374132,119347.73427625868,True,2170.5,545.1450000000004,3.981509506645018,-1461.6000000000058,0.6733932273669688,0.2586961529601474,147.39999999999418,561.5,-4.131923616652469,0.08644947674475019,2419.682746755454,3922.5314474826446,0.844157534949604,6.835909059522201,1.6210932828869224,-4.209889112071097,-3.712957103156049,-3.9112529693934555,-5.824138531950211,True,2,2,0
BTCUSD#,2025-10-10 23:00:00,2025-10-11 00:00:00,LOWER,116643.95,117190.85,112821.15,114268.85,60,120068.2875,124257.14750137652,115879.4274986235,117412.15000000001,119667.05574507573,115157.24425492428,True,4369.700000000012,759.755000000001,5.751459352027964,-2375.0999999999913,0.5435384580177094,0.33130420852690295,546.9000000000087,1447.7000000000116,-7.633299550512984,-1.6877875104474354,8377.72000275302,4509.811490151449,0.2734997638657748,-0.1623983563472,0.5383101235980041,-8.158156247737743,-9.659956170081127,-8.982632559180239,-11.27560858434625,False,2,3,1
BTCUSD#,2025-10-11 00:00:00,2025-10-11 01:00:00,LOWER,114270.15,115109.95,102333.4,113218.15,60,119647.65750000002,124720.6692942432,114574.64570575683,116433.275,121614.86806287059,111251.6819371294,False,12776.550000000003,965.0900000000016,13.238713487861217,-1052.0,0.08233834642372156,0.8519318595395469,839.8000000000029,10884.75,-6.6620807385839775,-1.6638759079463996,10146.023588486365,10363.186125741195,0.21107217538330936,1.2979200235691395,1.0214037090847359,-5.99198002258856,-8.369996580629774,-8.542001264130795,-10.401724191526167,True,2,4,2
BTCUSD#,2025-10-11 23:00:00,2025-10-12 00:00:00,LOWER,111170.55,111347.05,109655.85,110233.65,60,111829.38500000001,113247.21521315155,110411.55478684847,111727.125,113032.48264802297,110421.76735197703,True,1691.199999999997,1020.4650000000023,1.6572836892984995,-936.9000000000087,0.5539853358562029,0.3416508987700978,176.5,577.7999999999884,-1.563733200060768,-0.6846094672526679,2835.660426303075,2610.7152960459352,0.14344708252404348,2.784649654134725,0.9206727546886118,-1.6462103060859559,-1.0544212687353292,-3.9542757468409033,-10.642011239973913,False,0,2,0
BTCUSD#,2025-10-12 17:00:00,2025-10-12 18:00:00,UPPER,111289.85,113006.75,111158.05,112351.75,60,111126.05,112547.33879691028,109704.76120308973,111625.1,112451.98744049807,110798.21255950195,False,1848.699999999997,836.9250000000008,2.208919556710572,1061.8999999999942,0.5744036349867452,0.645696976253583,655.0,131.8000000000029,1.4645278848164363,-0.06117633001762051,2842.577593820548,1653.7748809961195,0.04517304772271502,1.6383187582607661,0.5817870669885123,1.2738297935896346,2.700002987125483,0.5235833557367705,-9.69656779281297,False,0,1,0
BTCUSD#,2025-10-12 18:00:00,2025-10-12 19:00:00,UPPER,112353.25,113759.95,112088.95,113201.75,60,111227.73999999999,112912.98579685665,109542.49420314333,111807.35,113315.03320254976,110299.66679745025,False,1671.0,919.4550000000003,1.8173809484966632,848.5,0.5077797725912627,0.6659485338120903,558.1999999999971,264.3000000000029,2.1469348690256824,0.07958518905221341,3370.491593713319,3015.366405099514,0.1857166541523434,0.8233233795903745,0.8946369754263179,1.525795172140011,2.760439608246195,1.5647312810306069,-6.3072145999532285,True,1,2,1
BTCUSD#,2025-10-12 23:00:00,2025-10-13 00:00:00,UPPER,114337.95,115450.75,114334.85,114914.15,60,112159.8,114906.11903431237,109413.48096568763,114023.17499999999,114849.777800151,113196.57219984898,True,1117.300000000003,917.875,1.2172681465341173,576.1999999999971,0.5163545120530514,0.5191325387579455,536.6000000000058,3.099999999991269,3.000789867901393,1.1262426801035,5492.638068624743,1653.2056003020261,0.0356032688486867,-0.36184348376303843,0.30098571572474986,2.791665531798986,3.9531526623995643,5.099278224159063,0.7030369058967597,False,2,3,2
BTCUSD#,2025-10-13 14:00:00,2025-10-13 15:00:00,LOWER,114796.75,114796.75,113592.25,114163.95,60,114819.25,115854.18139300914,113784.31860699086,115132.3375,115987.47880218383,114277.19619781616,False,1206.5,840.9774999999987,1.434640046850245,-632.8000000000029,0.5253632212536347,0.4746367787463654,0.0,571.6999999999971,-0.7792122857032487,1.0616752529051046,2069.8627860182896,1710.282604367676,-0.15475728515893383,1.324605555412329,0.8262782518341115,-0.5311675996087859,-0.9452095924088456,2.7809305243005915,2.2510709263921975,False,0,3,0
BTCUSD#,2025-10-14 09:00:00,2025-10-14 10:00:00,LOWER,112456.95,112683.45,111327.25,111962.95,60,114432.04000000001,116553.93629054636,112310.14370945365,113145.92499999999,114941.86411623686,111349.98588376312,False,1356.199999999997,788.4025000000016,1.720187340856979,-494.0,0.3642530600206467,0.46873617460551426,226.5,635.6999999999971,-3.131763280811522,-0.7325509495466878,4243.792581092712,3591.8782324737404,0.1807204039589856,0.029718897467803096,0.846384021800822,-3.7936206442775138,-4.039561011031797,-4.111732268733281,0.3896486883286094,False,0,1,0
BTCUSD#,2025-10-14 13:00:00,2025-10-14 14:00:00,LOWER,111270.75,111316.45,110023.15,110607.95,60,113803.77999999998,117050.25862100338,110557.30137899659,111672.9625,112676.96704518472,110668.95795481527,False,1293.300000000003,780.5575000000011,1.65689266966239,-662.8000000000029,0.5124874352431774,0.4521766024897561,45.69999999999709,584.8000000000029,-4.09429158005654,-1.1561159812057495,6492.957242006785,2008.0090903694509,0.1208203830927288,-0.15519453274408002,0.30925955855345094,-3.116234230021498,-6.270902528000814,-5.368983066590221,-1.302018108851688,False,1,2,1
BTCUSD#,2025-10-15 16:00:00,2025-10-15 17:00:00,LOWER,111689.15,111983.95,110689.25,111372.25,60,112530.965,113495.44621667932,111566.48378332067,112090.09999999999,113410.0347102209,110770.16528977908,False,1294.699999999997,785.9099999999992,1.6473896502143992,-316.8999999999942,0.24476712751988483,0.5275353363713613,294.8000000000029,683.0,-1.4743609319133206,0.0954562227227089,1928.9624333586544,2639.869420441828,0.19286780801080083,-0.14974528314656677,1.3685437180056237,-1.5186217251339227,-1.7102467203623917,0.4786807649730853,-5.044852464022607,False,0,0,0
BTCUSD#,2025-10-16 17:00:00,2025-10-16 18:00:00,LOWER,110847.05,111411.95,109711.15,110509.15,60,111038.785,111762.01394668424,110315.55605331577,111301.175,112359.94278816583,110242.40721183417,False,1700.800000000003,792.4649999999995,2.146214659322499,-337.90000000000873,0.1986712135465711,0.4691909689557847,564.8999999999942,798.0,-0.6683386647990885,0.023111430788744412,1446.457893368468,2117.535576331662,0.036712358010187573,0.8926394338077088,1.4639455362232554,-0.3675872120535331,-1.235007224293833,-0.6643826541235264,-1.1393563122661687,False,0,0,0
BTCUSD#,2025-10-16 18:00:00,2025-10-16 19:00:00,LOWER,110515.85,110711.95,108325.65,108531.2,60,110902.5625,112205.26133399676,109599.86366600324,111065.85,112679.71869331467,109451.98130668534,True,2386.300000000003,843.4049999999995,2.829364303033542,-1984.6500000000087,0.8316850354104708,0.08613753509617511,196.09999999999127,205.5500000000029,-2.8116533575210063,-0.12622939157343654,2605.3976679935295,3227.7373866293347,0.8012260708994143,0.5242895669412762,1.2388655391386305,-3.097147870833123,-3.2947990585780347,-2.6546558296429335,-5.162703564716836,True,1,1,1
BTCUSD#,2025-10-19 11:00:00,2025-10-19 12:00:00,LOWER,106778.45,107210.15,106256.15,106434.15,60,106922.125,107293.49868742042,106550.75131257958,106860.27500000001,107304.62462509716,106415.92537490286,False,954.0,342.102499999998,2.7886379082292754,-344.3000000000029,0.36090146750524416,0.18658280922431866,431.6999999999971,178.0,-1.4263999824614222,-0.04229726470868014,742.7473748408374,888.6992501943023,0.23922622831173745,-0.4181249530777821,1.1965027145127787,-1.1812249252782667,-1.6313824073194705,-0.7918679343179612,4.614114190922338,False,0,0,0
BTCUSD#,2025-10-19 12:00:00,2025-10-19 13:00:00,UPPER,106434.05,108173.55,106095.25,107388.05,60,106947.58,107369.91990174775,106525.24009825225,106709.45,107368.78639314555,106050.11360685444,True,2078.300000000003,372.8724999999984,5.573755103956477,954.0,0.4590290140980603,0.6220468652263875,785.5,338.8000000000029,1.1812885101475787,-0.047388852757975795,844.6798034954991,1318.6727862911066,0.13723700965823626,0.4838234487120321,1.561151078591088,0.34569457388251823,0.6323877464817167,1.3744644617127897,7.707728513097673,True,1,1,0
BTCUSD#,2025-10-19 17:00:00,2025-10-19 18:00:00,UPPER,108086.55,108507.95,107870.95,108406.15,60,107219.5675,108186.88876177603,106252.24623822398,107846.775,108467.51690233083,107226.03309766916,False,637.0,515.4224999999991,1.2358793029019903,319.59999999999127,0.5017268445839738,0.8401883830455213,101.80000000000291,215.60000000000582,2.302155028156496,0.5770848187651978,1934.6425235520583,1241.4838046616642,0.19129152809453842,-0.11828191935596366,0.6417122489286883,3.82598741808905,3.041970422323428,2.664610101421643,6.324520175196065,False,2,2,1
BTCUSD#,2025-10-19 20:00:00,2025-10-19 21:00:00,UPPER,108623.75,109430.75,108607.75,109099.75,60,107469.0975,108912.27205135704,106025.92294864297,108397.6,109184.03608723234,107611.16391276768,False,823.0,553.3524999999994,1.487297879742119,476.0,0.5783718104495748,0.5978128797083839,331.0,16.0,2.9468602744182024,0.7910644661405125,2886.34910271407,1572.872174464661,0.16555797050158771,-0.38310728411187867,0.5449348358400824,2.406784102357908,4.017330724989952,4.042088903547015,4.84103713274993,False,1,3,1
BTCUSD#,2025-10-20 06:00:00,2025-10-20 07:00:00,UPPER,108751.45,110414.95,108550.25,110121.35,60,108414.7225,109978.79231291979,106850.65268708022,108365.9,109664.18109410151,107067.61890589847,True,1864.699999999997,700.6650000000002,2.6613288804207382,1369.9000000000087,0.734649005201915,0.8425483992063111,293.59999999999127,201.1999999999971,2.4357253466349853,0.7974781100811569,3128.139625839569,2596.562188203039,0.03412504164322505,-0.2834462505828488,0.8300659493439784,1.986398635581915,2.3490541128784916,4.084976415262659,4.363426173706411,False,0,4,0
BTCUSD#,2025-10-21 04:00:00,2025-10-21 05:00:00,LOWER,110447.75,110495.75,109524.65,109841.25,60,110825.465,111531.43824405204,110119.49175594795,110577.0,111076.03959689684,110077.96040310316,True,971.1000000000058,616.7975000000006,1.5744227238275201,-606.5,0.624549479971163,0.3260220368654144,48.0,316.6000000000058,-1.595685780179063,0.5545580194472296,1411.9464881040913,998.0791937936738,0.29282163691590846,-0.44519785959464453,0.7068817424758477,-1.544104831812699,-2.1425184116342866,2.9200831715433413,4.674791969811796,False,0,1,0
BTCUSD#,2025-10-21 07:00:00,2025-10-21 08:00:00,LOWER,109043.55,109043.55,107624.25,107771.45,60,110464.52999999998,112120.9683364969,108808.09166350307,109709.925,111756.6531669246,107663.1968330754,False,1423.1000000000058,646.2525000000002,2.2020804561684564,-1272.1000000000058,0.8962869019939429,0.10371309800605706,0.0,147.1999999999971,-4.167225658701493,-0.6159047740628126,3312.8766729938216,4093.4563338492007,0.47489969731577975,0.2006707202450242,1.2356198971179857,-4.653134804120688,-4.4846248176989585,-4.097779118842862,1.1435158858186232,False,1,1,1
BTCUSD#,2025-10-21 17:00:00,2025-10-21 18:00:00,UPPER,108409.95,112309.55,108382.35,112184.95,60,109283.275,112005.7929418535,106560.75705814648,108561.25,109109.6618883636,108012.8381116364,True,3927.199999999997,692.1050000000002,5.67428352634354,3775.0,0.961244652678754,0.9682725606029726,124.60000000000582,27.59999999999127,4.192535814652404,-0.8107006884793859,5445.0358837070235,1096.823776727193,0.0894153044717707,-0.6489263396209071,0.20143554609239173,6.506527188793601,3.8715223846092703,1.401232471951514,5.459865193865095,False,0,2,0
BTCUSD#,2025-10-23 00:00:00,2025-10-23 01:00:00,LOWER,107674.25,107728.45,106670.95,107188.25,60,108080.84,108901.52547191491,107260.15452808508,107817.55,108282.13265067742,107352.96734932259,True,1057.5,777.632499999999,1.3598968664504136,-486.0,0.4595744680851064,0.48917257683215404,54.19999999999709,517.3000000000029,-1.1478301125531631,-0.5493468958666244,1641.3709438298247,929.1653013548348,0.14369727921219622,-0.302986734947327,0.5660909892719348,-1.551375489064559,-0.9759108576351877,-4.660556239611901,-4.327365432900516,False,0,0,0
BTCUSD#,2025-10-23 09:00:00,2025-10-23 10:00:00,UPPER,108941.45,110289.5,108840.05,110230.55,60,108182.85999999999,109563.99254244927,106801.7274575507,108586.82500000001,109503.40505067677,107670.24494932326,True,1449.449999999997,828.4024999999987,1.7496929330850637,1289.1000000000058,0.8893718306944072,0.9593294008072046,58.94999999999709,101.39999999999418,2.471853959880638,0.26947045669222597,2762.265084898565,1833.160101353511,0.34135936422343494,0.30478789111701476,0.6636438013771686,2.8803631085130834,2.6972395665150843,2.7227102767072813,2.8344916873138475,False,0,1,0
BTCUSD#,2025-10-23 20:00:00,2025-10-23 21:00:00,UPPER,110246.85,111298.15,109627.65,111231.75,60,109087.775,111005.17342487529,107170.3765751247,109801.95,110981.61317196027,108622.28682803972,True,1670.5,699.9449999999997,2.3866160912643144,984.8999999999942,0.5895839568991285,0.9602514217300244,66.39999999999418,619.2000000000116,3.0630620977362604,0.9235225624870645,3834.7968497505935,2359.3263439205475,0.05306569070066791,0.13719754424146657,0.615241546386999,2.8405088971276284,3.275400210016511,4.956960904071044,-1.0990863567851805,False,0,2,0
BTCUSD#,2025-10-24 07:00:00,2025-10-24 08:00:00,UPPER,110436.85,111483.15,110317.45,111154.55,60,110030.84,111228.48866793908,108833.19133206092,110508.55,110713.9691794064,110303.13082059361,False,1165.699999999997,674.7074999999998,1.7277116380060953,717.6999999999971,0.615681564725057,0.7181092905550381,328.59999999999127,119.40000000000873,1.665477262369259,0.6164967782335121,2395.29733587816,410.83835881279083,0.08774994701244121,-0.7586698109966045,0.171518730747542,1.8273103530048342,1.3453237143502887,3.733469688716964,3.7685960212388303,False,0,2,0
BTCUSD#,2025-10-24 15:00:00,2025-10-24 16:00:00,UPPER,111062.25,112144.25,110869.85,111301.25,60,110688.56000000001,111871.13884803414,109505.98115196588,111144.1875,111564.35335624963,110724.02164375037,False,1274.3999999999942,656.182499999999,1.942142620383805,239.0,0.1875392341494045,0.3385122410546109,843.0,192.39999999999418,0.9337188968007967,0.7090024497758106,2365.157696068258,840.3317124992609,0.017305014428489196,-0.03354058617949607,0.3552962721666273,-0.22889973444887257,1.2472139991541917,3.263421380484846,4.985808064067559,False,0,2,0
BTCUSD#,2025-10-25 11:00:00,2025-10-25 12:00:00,UPPER,111496.25,111802.25,111478.45,111761.65,60,110888.13999999998,111788.41312067956,109987.86687932041,111355.225,111758.31619223152,110952.13380776849,False,323.8000000000029,514.6249999999993,0.6291960165168877,265.3999999999942,0.8196417541692149,0.8746139592340783,40.60000000000582,17.80000000000291,1.6973718727228768,0.12229293174641293,1800.546241359145,806.1823844630271,0.08387998940153896,-0.2855447084641397,0.44774322699675806,1.442603837745922,1.7150352198202428,1.3242652416808374,4.410590235608436,False,0,1,0
BTCUSD#,2025-10-26 03:00:00,2025-10-26 04:00:00,UPPER,111628.85,111908.65,111526.65,111753.45,50,111553.91500000001,111859.37752359216,111248.45247640785,111533.57500000001,111887.6196712657,111179.53032873433,False,382.0,296.919999999999,1.2865418294490143,124.59999999999127,0.32617801047118133,0.5937172774869186,155.1999999999971,102.20000000001164,0.672016031254175,0.5821096591674917,610.9250471843116,708.0893425313698,-0.06100609414793656,0.03760547465805675,1.1590445436717287,0.1316853024383383,-0.4849791189546022,3.357470025596112,4.279267142664676,False,0,1,0
BTCUSD#,2025-10-26 11:00:00,2025-10-26 12:00:00,UPPER,111764.25,112782.95,111697.95,112519.35,60,111596.83,112108.40220665255,111085.25779334745,111676.32500000001,111953.48103772862,111399.1689622714,True,1085.0,261.73249999999973,4.145453850782769,755.1000000000058,0.6959447004608349,0.7570506912442477,263.59999999999127,66.30000000000291,3.5246673607595733,0.1632391850457674,1023.1444133050973,554.3120754572155,0.5734772339285108,-0.36505361661370317,0.5417730559331335,4.814457509098057,4.180222173402259,2.894940444919956,5.498743946586737,False,0,2,0
BTCUSD#,2025-10-27 00:00:00,2025-10-27 01:00:00,UPPER,113496.25,115523.35,113491.35,114670.25,60,112883.8,114815.36407665428,110952.23592334572,113484.7,113928.42392230126,113040.97607769874,False,2043.0,419.9149999999994,4.8652703523332175,1174.0,0.577755905511811,0.5801673228346428,853.1000000000058,4.899999999994179,4.254313372944524,1.5093411761904174,3863.1281533085566,887.4478446025169,0.04752383539423932,-0.022756159279730293,0.22972260028248523,2.7819915935367843,5.2427276948906405,7.626305323696459,8.591262517414265,False,0,2,0
BTCUSD#,2025-10-28 15:00:00,2025-10-28 16:00:00,UPPER,114447.4,115516.1,114447.4,115516.1,60,114349.955,115278.05596116942,113421.85403883058,114470.4375,114837.85114523901,114103.02385476099,True,1071.2000000000116,463.05999999999983,2.313307130825405,1068.7000000000116,1.0,1.0,0.0,0.0,2.5183453548136407,-0.3688398911588095,1856.2019223388343,734.827290478017,-0.04674176209922054,-0.04046407170299349,0.39587680716984,2.9078305187232765,2.382844555781128,0.5759512806116092,3.9199023884593993,False,0,0,0
BTCUSD#,2025-10-29 16:00:00,2025-10-29 17:00:00,LOWER,112857.7,112908.7,112218.7,112474.3,60,112933.75999999998,113602.82138045905,112264.69861954091,112995.825,113550.47158047523,112441.17841952476,False,690.0,624.9824999999997,1.1040309128655608,-383.3999999999942,0.555652173913035,0.3704347826087041,51.0,255.60000000000582,-0.7351565843843267,-1.0753821106991486,1338.122760918137,1109.293160950474,-0.3902241949245201,0.1661054774828905,0.8289920725878287,-0.9337061437720307,-0.2819278939810269,-4.146036089010489,-3.711783929950045,False,0,0,0
BTCUSD#,2025-10-29 17:00:00,2025-10-29 18:00:00,LOWER,112480.9,112550.9,111387.6,111498.1,60,112824.76499999998,113662.36202860124,111987.16797139873,112901.75,113974.01610467484,111829.48389532516,True,1163.2999999999884,623.3074999999997,1.8663340325601552,-982.7999999999884,0.8448379609730923,0.09498839508295462,70.0,110.5,-2.1284277824348012,-1.0485274122323378,1675.1940572025196,2144.5322093496798,0.2518986345117582,0.9332420723771375,1.2801694228374525,-2.3540547803451575,-1.6070719508428788,-5.027053260228692,-5.550230022902022,True,1,1,1
BTCUSD#,2025-10-29 20:00:00,2025-10-29 21:00:00,LOWER,111850.7,111993.5,109150.8,110799.8,60,112563.4075,113976.8206775586,111149.9943224414,111734.8,113757.65520966165,109711.94479033836,False,2842.699999999997,559.382499999999,5.081853651124234,-1050.8999999999942,0.369683751363139,0.5800823161079262,142.8000000000029,1649.0,-3.152775605243284,-1.1066622570423665,2826.8263551171985,4045.7104193232954,0.19370320452481837,-0.28782330366878395,1.4311846258259335,-4.1915862580613465,-4.395739945386205,-7.5279437594132945,-8.114304612675598,False,2,2,2
BTCUSD#,2025-10-30 06:00:00,2025-10-30 07:00:00,LOWER,110732.7,110742.8,107929.4,108552.1,60,111430.165,113777.99604786522,109082.33395213477,110670.35,111469.58405787923,109871.11594212078,True,2813.4000000000087,837.0399999999987,3.361129695116139,-2180.5999999999913,0.7750764199900422,0.22133361768678814,10.10000000000582,622.7000000000116,-3.4383840676670077,-1.0112151151677244,4695.662095730455,1598.4681157584419,0.1480166819587745,-0.40611013717951283,0.34041378684634355,-2.9452594858071204,-3.0464493930994982,-5.075145751696452,-6.442463920481697,False,0,3,0
BTCUSD#,2025-10-30 14:00:00,2025-10-30 15:00:00,LOWER,109697.1,109773.4,108257.8,108374.0,60,110498.35500000001,112226.94719427801,108769.76280572201,110160.66249999999,111581.71589336114,108739.60910663885,True,1515.5999999999913,1040.1600000000005,1.4570835256114352,-1323.1000000000058,0.87298759567169,0.07666930588545642,76.29999999998836,116.19999999999709,-2.0423348331026085,-0.6639122827257313,3457.184388555994,2842.1067867222882,0.19743221315318094,-0.30850924165376825,0.8220871285113569,-2.2866674357791097,-2.084198584833096,-4.5863136440547585,-5.836505922165812,False,0,4,0
BTCUSD#,2025-10-30 19:00:00,2025-10-30 20:00:00,LOWER,108132.8,108147.6,106788.8,107473.4,60,109640.89499999999,112177.95727872274,107103.83272127724,107924.375,109017.95997124005,106830.79002875995,False,1358.800000000003,966.6224999999998,1.4057193992484172,-659.4000000000087,0.48528113040918996,0.5038269060936045,14.80000000000291,684.5999999999913,-2.2423386585766374,-1.028183184231714,5074.124557445495,2187.1699424801045,0.02691542850279638,-0.17544295129109877,0.4310438022793055,-2.2987257176405476,-2.8627514877835063,-4.524310162447081,-8.087852289802907,False,1,3,1
BTCUSD#,2025-11-02 06:00:00,2025-11-02 07:00:00,UPPER,110036.9,110777.6,110006.5,110659.6,60,110134.21,110542.20522033818,109726.21477966184,109987.8875,110127.61024971338,109848.16475028661,True,771.1000000000058,270.22499999999707,2.8535479692849077,622.7000000000116,0.8075476591881817,0.8469718583841277,118.0,30.39999999999418,1.9442686650014067,-0.03646960865948962,815.990440676338,279.4454994267726,0.22382396075799038,-0.3456599112631804,0.34246173177611333,2.1496900730872976,0.7530761402535007,1.4054954204829568,2.178554907947148,False,0,0,0
BTCUSD#,2025-11-03 00:00:00,2025-11-03 01:00:00,LOWER,109987.9,110010.4,109480.8,109901.3,60,110422.43999999999,111104.00721298723,109740.87278701275,110137.9,110633.75933417123,109642.04066582875,False,529.5999999999913,432.37500000000074,1.2248626770742765,-86.59999999999127,0.16351963746222187,0.7939954682779587,22.5,420.5,-1.2052963284185811,0.08058976582824297,1363.13442597448,991.7186683424807,0.022358288401223447,0.3972109388950176,0.7275281508890944,-0.46371783752529555,-1.3368025440878843,-0.41029199190516075,0.7629950852847833,False,0,1,0
BTCUSD#,2025-11-03 17:00:00,2025-11-03 18:00:00,LOWER,108057.5,108145.0,105493.8,105739.8,60,108310.18000000001,110803.91143674622,105816.4485632538,107875.775,108345.83230429888,107405.71769570111,True,2651.199999999997,698.0949999999997,3.7977639146534474,-2317.699999999997,0.8742079058539528,0.0927881713940858,87.5,246.0,-3.681991705999908,-1.2238950286135697,4987.462873492419,940.1146085977671,0.07437042026458651,-0.6839350735593612,0.1884955602565642,-2.090832909561008,-3.1242166180820674,-6.25616857304521,-6.534783947743496,False,0,1,0
BTCUSD#,2025-11-04 00:00:00,2025-11-04 01:00:00,LOWER,106877.4,106877.4,105798.8,106477.7,60,107271.23499999999,108432.16848014209,106110.30151985788,106892.03749999999,107533.21733970342,106250.85766029656,False,1078.5999999999913,956.8349999999998,1.1272580957009217,-399.6999999999971,0.37057296495457104,0.629427035045429,0.0,678.8999999999942,-0.8293331661153586,-0.9072671881777011,2321.866960284213,1282.359679406858,-0.12722843203459988,-0.4517201121677753,0.5522967944941549,-0.19083750071852082,-0.5033260698030547,-3.5780463716314794,-3.7634492885398223,False,0,2,0
BTCUSD#,2025-11-04 02:00:00,2025-11-04 03:00:00,LOWER,106576.3,106805.3,105836.6,106452.7,60,107132.655,108292.93903855034,105972.37096144966,106643.8,107232.74624487007,106054.85375512994,False,968.6999999999971,928.9599999999991,1.0427790217016857,-123.60000000000582,0.12759368225457438,0.6360070197171396,229.0,616.0999999999913,-0.731952936617295,-0.7884838959696885,2320.5680771006737,1177.8924897401303,0.0010529561829355494,-0.35587178417312604,0.5075879916489213,-0.529301584567686,-1.4111479503961526,-3.540518429211164,-3.774220633827085,False,1,2,1
BTCUSD#,2025-11-04 07:00:00,2025-11-04 08:00:00,LOWER,106734.2,106734.2,104175.0,104200.1,60,106845.625,108499.16811577117,105192.08188422883,106857.48749999999,107991.76746845689,105723.20753154308,True,2560.0,990.075,2.585662702320531,-2534.0999999999913,0.9901922475773657,0.009807752422634358,0.0,25.10000000000582,-2.6720450470923858,-0.36166957048708603,3307.0862315423437,2268.559936913807,0.46756095106462436,-0.15006317988899376,0.6859693936241289,-2.39385905108198,-3.2930838572835333,-3.4173168699340897,-6.359114208519556,False,1,3,1
BTCUSD#,2025-11-04 23:00:00,2025-11-05 00:00:00,LOWER,100731.0,100819.9,98936.5,100298.4,60,103590.56499999999,107518.42884556673,99662.70115443325,100924.17499999999,102190.69402056557,99657.6559794344,False,1883.3999999999942,1123.4150000000002,1.6764953289745943,-432.6000000000058,0.2296909843899369,0.7231071466496752,88.89999999999418,1361.8999999999942,-2.9304976344449676,-1.5041502917443845,7855.7276911334775,2533.0380411311635,0.008903358565603758,-0.4875294428341205,0.3224447359587231,-2.5777651179662087,-3.1646363988374833,-5.856250806692094,-8.625040612774441,False,0,3,0
BTCUSD#,2025-11-06 11:00:00,2025-11-06 12:00:00,LOWER,103209.6,103261.1,102793.7,102799.2,60,103587.19,104338.28853402211,102836.0914659779,103209.8,103479.31942306763,102940.28057693237,True,467.40000000000873,719.3925000000003,0.6497148635828266,-410.40000000000873,0.8780487804878071,0.011767222935387029,51.5,5.5,-1.0953547611352703,0.4805373978738898,1502.1970680442173,539.0388461352559,0.04464300296137447,-0.8119987813212861,0.3588336428036413,-1.1594505085888518,-1.1925339783219986,1.1379045514096837,-1.4656811128834515,False,0,0,0
BTCUSD#,2025-11-06 14:00:00,2025-11-06 15:00:00,LOWER,103224.3,103338.1,102376.6,102550.0,60,103491.55500000001,104361.1590536417,102621.95094635831,103089.92500000002,103770.2823395011,102409.56766049894,False,961.5,642.0475000000006,1.4975527511593756,-674.3000000000029,0.7013000520020831,0.1803432137285431,113.80000000000291,173.39999999999418,-1.466488071365447,-0.03295706314562228,1739.208107283397,1360.7146790021507,0.1271797604015099,0.050782484201932654,0.7823759981935431,-1.1958616769008559,-1.7515838002640067,-0.17490917728050154,-2.1741382062853494,False,1,1,1
BTCUSD#,2025-11-06 18:00:00,2025-11-06 19:00:00,LOWER,101999.6,102376.7,100278.2,100850.3,60,103102.16,104559.37562227757,101644.94437772244,102495.7125,104569.74788227395,100421.67711772604,False,2098.5,745.0200000000011,2.8167029073044976,-1149.300000000003,0.5476769120800585,0.27262330235883053,377.09999999999127,572.1000000000058,-3.0225497302085813,-0.6464860003758334,2914.431244555133,4148.070764547912,0.3726987239879185,0.04480687125766414,1.4232865408293705,-3.0501194598802592,-4.2582749456390365,-4.104587796300764,-1.875520120265229,False,1,2,1
BTCUSD#,2025-11-07 14:00:00,2025-11-07 15:00:00,LOWER,100385.1,100612.7,99245.8,99624.8,60,101395.26999999999,102644.70793787799,100145.83206212199,100907.0375,102508.91141106635,99305.16358893366,False,1366.8999999999942,813.6674999999981,1.6799245392005917,-760.3000000000029,0.5562221084205181,0.27726973443558534,227.59999999999127,379.0,-2.175913379851095,-0.5401653623869885,2498.875875755999,3203.747822132689,0.2630497158948466,-0.16242741789419768,1.282075613765106,-2.6846346941471784,-2.259645371112888,-3.595080299999698,-3.733097364709795,False,0,2,0
BTCUSD#,2025-11-09 02:00:00,2025-11-09 03:00:00,LOWER,102309.0,102334.9,101617.2,101788.7,60,102101.48,102578.74322989432,101624.21677010568,102250.225,102718.17733670562,101782.2726632944,False,717.6999999999971,437.4049999999981,1.6408134337741915,-520.3000000000029,0.7249547164553505,0.23895778180298272,25.89999999999418,171.5,-0.7150809890147579,-0.4804128896560297,954.5264597886417,935.9046734112198,-0.03142436049270214,-0.25377058746278247,0.9804910736769464,-0.7695385283661762,-0.5861844286188083,-2.0754220916542034,0.743704347229694,False,0,0,0
BTCUSD#,2025-11-09 15:00:00,2025-11-09 16:00:00,UPPER,102078.7,102985.8,102063.8,102909.5,60,102010.96,102616.19025189517,101405.72974810484,101956.75,102863.19768157585,101050.30231842415,True,922.0,401.1124999999993,2.2986069992832476,830.8000000000029,0.9010845986984847,0.9172451193058537,76.30000000000291,14.89999999999418,2.2401196671756556,0.1874536445511347,1210.4605037903239,1812.895363151707,0.36561381084139954,0.0432267514173339,1.4976906371376633,2.436224251301066,2.164729346505044,2.770045810090705,6.436598211225049,False,0,1,0
BTCUSD#,2025-11-09 16:00:00,2025-11-09 17:00:00,UPPER,102903.4,104042.3,102750.4,103035.6,60,102056.475,102808.39247932145,101304.55752067856,102273.125,103821.6987791361,100724.5512208639,False,1291.9000000000087,425.65499999999884,3.0350871010560483,132.20000000001164,0.10232990169518597,0.22076012075238774,1006.6999999999971,153.0,2.3002783944744047,0.29211450587920124,1503.8349586428958,3097.147558272205,0.2423659871048467,0.7083984113058979,2.0594996415478737,2.497797512069668,3.3158308959133866,2.85207503729547,5.329433461371313,True,1,2,1
BTCUSD#,2025-11-10 02:00:00,2025-11-10 03:00:00,UPPER,104707.0,106515.6,104254.2,106296.0,60,103336.925,106027.53822075663,100646.31177924338,104645.34999999999,104968.36609771014,104322.33390228984,True,2261.4000000000087,633.7100000000021,3.568509255022015,1589.0,0.7026620677456415,0.9028920137967609,219.60000000000582,452.8000000000029,4.6694465922898285,1.4638557068690734,5381.226441513252,646.0321954202955,0.11657364741728093,-0.2262317460659662,0.12005296607414741,2.810907197298444,6.654936800744803,7.112559372583656,5.680042921841202,False,0,3,0
BTCUSD#,2025-11-11 03:00:00,2025-11-11 04:00:00,UPPER,106125.8,107513.3,106009.7,106080.9,60,105898.155,106768.7177961915,105027.5922038085,105947.95000000001,106760.23076386961,105135.66923613042,False,1503.6000000000058,655.2824999999997,2.2945828707465963,-44.90000000000873,0.029861665336531364,0.04735301942005641,1387.5,71.19999999999709,0.2788797198154924,-0.029918393975133604,1741.125592383003,1624.5615277391917,-0.0005604806807256724,0.12136855336405272,0.9330524660864498,0.4155459668158214,-0.6949674377081777,0.5602163952188429,6.164822042401558,False,0,0,0
BTCUSD#,2025-11-11 04:00:00,2025-11-11 05:00:00,UPPER,106090.2,107125.8,105592.3,106641.0,60,105919.915,106840.46931198424,104999.36068801575,106069.45000000001,106248.02222446402,105890.877775536,False,1533.5,705.8925000000003,2.1724271046937025,550.8000000000029,0.35917835017933025,0.6838604499510904,484.8000000000029,497.8999999999942,1.021522398948857,0.024075903908874704,1841.1086239684955,357.1444489280111,0.05742436503311055,-0.7801594812939905,0.19398336647741565,0.9092035968649655,2.488764224014283,0.9111869016882838,7.107031169760269,True,1,1,1
BTCUSD#,2025-11-11 14:00:00,2025-11-11 15:00:00,LOWER,105290.7,105490.3,104393.4,104534.5,60,105614.13500000001,106709.83274541724,104518.43725458278,105139.92499999999,105628.854145551,104650.99585444898,False,1096.9000000000087,688.7999999999986,1.592479674796764,-756.1999999999971,0.6893973926520112,0.12863524478075003,199.60000000000582,141.10000000000582,-1.5674143437863117,-0.28568524970961773,2191.3954908344604,977.8582911020203,0.10023369258467918,-0.2282996140910053,0.44622629515846185,-1.0413763066202155,-2.316927990708475,-2.023083623693384,3.565331010452973,False,0,2,0
BTCUSD#,2025-11-11 17:00:00,2025-11-11 18:00:00,LOWER,104551.7,104551.7,103179.4,103451.6,60,105373.04,106920.98202663151,103825.09797336848,104691.84999999999,106097.35775144733,103286.34224855265,False,1376.2000000000116,710.1424999999988,1.937920910239866,-1100.0999999999913,0.8016468702178743,0.1983531297821257,0.0,272.20000000001164,-2.7057104736021165,-0.3528024304981163,3095.8840532630275,2811.0155028946756,0.2086931446545981,-0.09599248412490768,0.907984748308612,-2.120278676462822,-4.225912404904657,-2.2608138507412283,-0.41400141520892003,False,1,3,1
BTCUSD#,2025-11-12 11:00:00,2025-11-12 12:00:00,UPPER,104141.7,105077.6,104130.7,104508.7,60,103351.11,104337.41476213463,102364.80523786537,103499.025,105041.83755809095,101956.21244190904,False,946.9000000000087,599.7474999999998,1.5788310914176533,367.0,0.3875805259267046,0.39919738092723256,568.9000000000087,11.0,1.930128929257724,-0.6458718043843462,1972.6095242692681,3085.625116181909,0.029080845547233114,2.5996043645439744,1.5642351302774662,1.997840757985648,3.1254819736639177,-0.747981442190265,-3.2176874434657976,False,0,2,0
BTCUSD#,2025-11-14 06:00:00,2025-11-14 07:00:00,LOWER,99132.6,99172.7,96699.2,97813.5,60,100354.48000000001,103956.31079816444,96752.64920183558,99239.92499999999,100183.48707506212,98296.36292493786,False,2473.5,1012.3724999999977,2.4432706340798527,-1319.1000000000058,0.5332929047907846,0.4504952496462514,40.09999999999127,1114.300000000003,-2.509925941291389,-1.1667345764528239,7203.661596328864,1887.124150124262,-0.02082558999405082,-0.17131790620719523,0.2619673515876953,-2.0004494393121126,-2.761730489518434,-4.2390523251076155,-5.354353264238231,False,0,0,0
BTCUSD#,2025-11-14 13:00:00,2025-11-14 14:00:00,LOWER,96736.4,96936.2,95689.15,96154.8,60,98398.4725,100775.1100587536,96021.8349412464,97014.43749999999,98006.3881172402,96022.48688275977,False,1247.050000000003,1126.702499999998,1.1068139105043302,-581.5999999999913,0.4663806583537067,0.37340122689547944,199.8000000000029,465.65000000000873,-1.991361961121063,-1.500629048040632,4753.275117507204,1983.901234480436,-0.04005748445223367,-0.07183995303044699,0.4173756379413755,-1.2113224209585096,-3.1233622007584056,-6.011347272239133,-7.869779289564024,False,0,1,0
BTCUSD#,2025-11-14 14:00:00,2025-11-14 15:00:00,LOWER,96151.3,96151.3,94537.8,95356.4,60,98135.82250000001,100634.95573627972,95636.6892637203,96767.3375,98477.39424380954,95057.28075619045,False,1617.0,1097.7299999999982,1.4730398185346147,-794.9000000000087,0.49265571738457314,0.5073442826154269,0.0,818.5999999999913,-2.5319727984112848,-1.5318520947773915,4998.266472559422,3420.1134876190918,0.05154158953473331,0.723933343140837,0.6842599341983024,-1.9917010558151909,-3.290882093046565,-7.0861687300156,-8.774653147859699,True,1,2,1
BTCUSD#,2025-11-15 22:00:00,2025-11-15 23:00:00,LOWER,96007.3,96016.2,95110.1,95273.4,60,96054.675,96645.89649800274,95463.45350199727,96108.425,96461.88168696736,95754.96831303264,True,906.0999999999913,560.0899999999995,1.6177757146172795,-733.9000000000087,0.8099547511312392,0.18022293345104284,8.89999999999418,163.29999999998836,-1.394909746647877,0.5243085932618039,1182.4429960054695,706.9133739347162,-0.05883751927118397,0.10798224906620724,0.59784139812474,-1.722401756860527,-1.1214269135317654,1.6261672231248356,-5.108286168294397,False,0,0,0
BTCUSD#,2025-11-16 03:00:00,2025-11-16 04:00:00,LOWER,95345.9,95488.6,94830.9,95261.2,60,95860.49,96581.21576462922,95139.76423537079,95455.375,96060.71929011626,94850.03070988374,False,657.7000000000116,476.94499999999897,1.3789849982702682,-84.69999999999709,0.12878211950736748,0.6542496578987309,142.70000000001164,430.3000000000029,-1.2565180471543038,-0.39315854029290553,1441.4515292584256,1210.6885802325269,0.039685484262340864,-0.09887094942595398,0.8399093244955536,-1.5590896224931752,-2.3115872899390966,-0.8047049450146322,-8.342681021920784,False,1,1,1
BTCUSD#,2025-11-16 11:00:00,2025-11-16 12:00:00,UPPER,96110.2,96618.6,95915.1,96613.7,60,95866.13500000001,96602.50250152379,95129.76749847623,95965.975,96510.21379829073,95421.73620170928,True,703.5,470.14000000000016,1.4963627855532389,503.5,0.7157071783937455,0.9930348258706344,4.900000000008731,195.09999999999127,1.590090185902045,0.08378355383505755,1472.7350030475645,1088.4775965814479,0.06356910159108309,0.15829493126653382,0.7390858466248416,1.6963032288254556,2.863402390777208,1.7245926745224882,-0.45284383375166687,False,0,2,0
BTCUSD#,2025-11-16 17:00:00,2025-11-16 18:00:00,LOWER,95522.0,95550.9,94365.05,94575.6,60,95685.73,96570.08501050211,94801.37498949788,95570.29999999999,96067.21866494848,95073.3813350515,True,1185.8499999999913,493.6549999999996,2.402183711296335,-946.3999999999942,0.7980773284985463,0.17755196694354636,28.89999999999418,210.5500000000029,-2.248797236936709,-0.36544752914487555,1768.7100210042263,993.8373298969818,0.20845435364086118,-0.6778686816025403,0.5618995302196047,-4.128591830326833,-2.5130911263939235,-3.3918424810849594,-4.4820775642908375,False,1,3,0
BTCUSD#,2025-11-16 23:00:00,2025-11-17 00:00:00,LOWER,94083.4,94198.0,93347.8,93489.8,60,95276.965,97109.27507236761,93444.65492763238,94119.81249999999,94644.9705020408,93594.65449795917,False,850.1999999999971,657.2325000000004,1.2936061439444893,-593.5999999999913,0.6981886614914059,0.16701952481769053,114.60000000000582,142.0,-2.719227974879502,-0.6219488537161494,3664.620144735236,1050.3160040816292,0.11775282219420036,-0.01876024428905365,0.28660978835434336,-1.6520789827039932,-4.753112483025402,-2.704826678534607,-2.36856820075087,False,1,3,1
BTCUSD#,2025-11-17 19:00:00,2025-11-17 20:00:00,LOWER,94294.7,94383.5,92653.8,92747.4,60,94875.89,96376.79464314009,93374.9853568599,94239.6,95582.5941770557,92896.60582294432,True,1729.699999999997,934.8575000000019,1.8502285107623286,-1547.300000000003,0.8945481875469766,0.05411343007457445,88.80000000000291,93.59999999999127,-2.2768068930291525,0.04403879735681446,3001.809286280186,2685.9883541113813,0.14265059052636042,-0.41870998823494754,0.8947898077295353,-3.005484793136928,-2.5395314259125064,-1.7103141387858636,-3.7203531019433367,False,0,1,0
BTCUSD#,2025-11-18 17:00:00,2025-11-18 18:00:00,UPPER,91338.8,93019.1,90996.0,92892.8,60,91356.15,92945.54822549161,89766.75177450838,91453.40000000001,91728.74981327083,91178.05018672919,False,2023.1000000000058,860.7849999999999,2.350296531654253,1554.0,0.7681281202115543,0.937571054322573,126.30000000000291,342.8000000000029,1.7851728364225783,-0.5614264886121411,3178.796450983238,550.6996265416383,0.10732553903821551,0.7457257182852062,0.17324155070429267,1.7473585157734,2.4037361245839626,-1.226554830764945,-1.9549597170025073,False,0,1,0
BTCUSD#,2025-11-19 17:00:00,2025-11-19 18:00:00,LOWER,91704.5,92378.6,89848.3,89932.1,60,91773.15,93393.80541130627,90152.49458869372,91567.1,92261.95428664188,90872.24571335813,True,2530.300000000003,732.5299999999988,3.4541930023343848,-1772.3999999999942,0.700470299964428,0.03311860253724966,674.1000000000058,83.80000000000291,-2.5132759067887886,-0.680405580658828,3241.310822612548,1389.708573283744,0.08462752825054687,-0.0521424192684925,0.42874893811128456,-2.148717458670638,-2.636752078413175,-4.0417457305502875,-5.483051888659859,False,0,1,0
BTCUSD#,2025-11-20 17:00:00,2025-11-20 18:00:00,LOWER,91088.95,91160.7,89808.8,89843.8,60,91673.37999999999,93502.63576522151,89844.12423477847,91586.5625,92883.9288889449,90289.1961110551,True,1351.8999999999942,784.5874999999993,1.7230710405149143,-1245.1499999999942,0.9210370589540643,0.0258894888675199,71.75,35.0,-2.3319005209743833,0.5657941274873662,3658.5115304430365,2594.732777889789,-0.11091896147889502,1.14096774106826,0.7092318163544433,-2.6095241129893045,-3.300970255070335,-0.11254321538388387,-3.8861185017604827,False,0,1,0
BTCUSD#,2025-11-20 18:00:00,2025-11-20 19:00:00,LOWER,89841.6,89896.2,87492.8,87877.6,60,91592.03,93885.62394588407,89298.43605411593,91066.4125,94080.2521717769,88052.57282822311,True,2403.399999999994,814.9374999999985,2.9491832195720513,-1964.0,0.8171756678039463,0.16010651576932838,54.59999999999127,384.8000000000029,-4.557932356775826,0.43905820998542056,4587.187891768146,6027.679343553784,0.25383994381251807,1.3230443592946393,1.3140249507482886,-4.807239819004523,-6.237656261983278,-2.465342434235748,-6.878564307078766,True,1,1,1
BTCUSD#,2025-11-21 09:00:00,2025-11-21 10:00:00,LOWER,85563.7,85749.8,81443.95,84027.8,60,87427.73500000002,91525.2014944686,83330.26850553144,85898.1,86838.89936213862,84957.3006378614,False,4305.850000000006,1090.9774999999995,3.946781670566082,-1535.8999999999942,0.35670076756041014,0.6000789623419307,186.10000000000582,2583.850000000006,-3.1164116583522703,-1.7844272682067142,8194.932988937158,1881.5987242772244,-0.0312146846050374,-0.16949147684028798,0.2296051385432083,-2.757893723747744,-2.638367885680498,-7.59300718850756,-7.164767376045789,False,0,2,0
BTCUSD#,2025-11-23 00:00:00,2025-11-23 01:00:00,UPPER,84400.6,85250.3,84265.1,85056.7,60,84338.15,85002.75198780173,83673.54801219825,84524.55,84924.19689393793,84124.90310606208,True,985.1999999999971,545.9149999999987,1.804676552210508,656.0999999999913,0.6659561510353159,0.8034916768168835,193.60000000000582,135.5,1.3162305487118042,-0.11804035426761031,1329.2039756034792,799.293787875853,0.1361829130846124,0.41641150584365505,0.6013326792172444,0.67391443722923,2.51467719333597,1.439051867048887,-5.501589075222362,False,0,0,0
BTCUSD#,2025-11-23 03:00:00,2025-11-23 04:00:00,UPPER,84967.15,86125.7,84939.2,85859.6,60,84469.38999999998,85438.32507511605,83500.45492488392,84787.9375,85802.11548602002,83773.75951397998,True,1186.5,550.5949999999982,2.1549414724071303,892.4500000000116,0.7521702486304355,0.7757269279393246,266.09999999999127,27.94999999999709,2.5249230378046033,0.19206494791995168,1937.8701502321346,2028.3559720400372,0.32478882945761733,-0.023974621408135777,1.0466934390815934,2.2955166683315555,3.492948537491292,1.2511918924073246,-2.13768741089186,False,1,1,1
BTCUSD#,2025-11-23 21:00:00,2025-11-23 22:00:00,UPPER,86993.6,87665.9,86922.4,87307.5,60,86361.60500000001,87414.58646331857,85308.62353668145,86866.1,87530.88128717332,86201.31871282669,False,743.5,619.4150000000009,1.2003261141560972,313.8999999999942,0.4221923335574905,0.5179556153328928,358.3999999999942,71.20000000001164,1.5270779687285394,1.0836676541575587,2105.9629266371194,1329.5625743466371,-0.10936947780514428,-0.13890372507217008,0.6313323741504474,0.6293034556799599,2.498809360444937,4.378001824301961,5.019090593543892,False,0,2,0
BTCUSD#,2025-11-24 11:00:00,2025-11-24 12:00:00,LOWER,86939.7,86939.7,85809.7,85932.8,60,87065.28,88024.96284896288,86105.59715103712,87077.775,87975.76481607283,86179.78518392716,True,1136.0,780.5724999999999,1.4553420726453983,-1006.8999999999942,0.8910619469026497,0.10893805309735029,0.0,123.10000000000582,-1.4508325619977596,0.1689785381883095,1919.3656979257648,1795.979632145667,0.1820541184658051,-0.1818557371134527,0.9357151865778159,-1.9307623571160801,-2.623459063700045,-0.5807276069807775,2.5816948457702487,False,0,1,0
BTCUSD#,2025-11-24 16:00:00,2025-11-24 17:00:00,LOWER,86136.95,86648.9,85251.8,86155.3,60,86894.425,88160.9110187516,85627.9389812484,86104.2625,86512.9827310809,85695.54226891909,False,1397.0999999999913,774.7375,1.8033204795172446,18.35000000000582,0.013134349724433423,0.6466967289385195,493.59999999999127,885.1499999999942,-0.9540328175672406,-0.2840962261411011,2532.972037503205,817.440462161816,0.03772327671588327,-0.1590441087850143,0.32271989191305145,-1.0202165249519923,-1.7496248729408348,-0.496942512786589,2.1520837703093023,False,1,2,1
BTCUSD#,2025-11-24 19:00:00,2025-11-24 20:00:00,UPPER,87163.4,88445.6,86939.9,88358.2,60,86862.80500000001,88174.88207475333,85550.72792524668,86517.16249999999,88188.26420465011,84846.06079534987,True,1505.7000000000116,853.2824999999997,1.7645973051129165,1194.800000000003,0.793517965066078,0.9419539084810998,87.40000000000873,223.5,1.7525204138137018,-0.1606150366379282,2624.1541495066485,3342.203409300244,0.06326583645455819,0.7937098755847394,1.27363074685555,2.4604981351428172,1.0589693331340928,1.9135514908602995,4.474836879931329,False,1,3,0
BTCUSD#,2025-11-25 16:00:00,2025-11-25 17:00:00,LOWER,87069.4,87293.4,86095.2,86730.4,60,87827.83,89045.20301456655,86610.45698543345,87327.275,87957.05053919209,86697.4994608079,False,1198.199999999997,539.9424999999989,2.21912518462614,-339.0,0.2829243865798705,0.5301285261225159,224.0,635.1999999999971,-2.0324942007713966,0.012482810669664368,2434.7460291330935,1259.5510783841892,0.04532292015637762,0.6214212417647802,0.5173233936159904,-0.4939414845099473,-2.156711131277872,1.0651134148543455,0.35207452645419035,False,0,2,0
BTCUSD#,2025-11-25 21:00:00,2025-11-25 22:00:00,LOWER,87218.75,87332.4,86168.8,86867.3,60,87467.94,88358.18599397823,86577.69400602177,87231.35,88181.67982683226,86281.02017316775,False,1163.5999999999913,616.9149999999987,1.8861593574479365,-351.4499999999971,0.30203678239944975,0.6002921966311492,113.64999999999418,698.5,-0.9736187319160673,-0.7434735741552798,1780.491987956455,1900.6596536645084,-0.02190475404283454,-0.2674002846354525,1.0674912701213415,-0.32597683635507596,-0.8344747655673861,-2.3481354805767314,-0.7135504891273482,False,1,1,1
BTCUSD#,2025-11-26 19:00:00,2025-11-26 20:00:00,UPPER,87821.3,89967.0,87703.4,89830.1,60,87459.23999999999,88783.17063934416,86135.30936065583,87195.975,88672.2470988247,85719.70290117532,True,2263.600000000006,618.9574999999998,3.6571170072258705,2008.800000000003,0.8874359427460672,0.939521116805092,136.89999999999418,117.90000000000873,3.8304083882980917,0.1633957097215564,2647.8612786883314,2952.544197649375,0.7257641443580134,1.0988699838709794,1.115067553354598,4.448447591312828,3.7580932454974803,3.5792441322708095,2.3780308017917373,False,0,1,0
BTCUSD#,2025-11-26 23:00:00,2025-11-27 00:00:00,UPPER,89859.1,90472.8,89791.5,90186.3,60,87943.83499999999,90409.19442395726,85478.47557604272,89944.57500000001,90421.68340455827,89467.46659544176,False,681.3000000000029,691.2425000000003,0.9856164804681463,327.1999999999971,0.48025832966387155,0.5794804051078838,286.5,67.60000000000582,3.2441075310039675,0.9355544544787201,4930.718847914541,954.2168091165076,0.10027333456776355,-0.8728455165846158,0.1935248872525141,4.651189705494098,4.861101567105604,4.584353537289746,2.10070995345339,False,1,1,1
BTCUSD#,2025-11-28 15:00:00,2025-11-28 16:00:00,UPPER,91502.2,92611.4,91361.4,92360.4,60,91426.52,92102.27596971035,90750.76403028966,91582.03749999999,92211.21517535091,90952.85982464907,True,1250.0,448.51999999999896,2.7869437260322902,858.1999999999971,0.6865599999999976,0.7992,251.0,140.8000000000029,2.0821368054936062,0.43506421118346955,1351.511939420685,1258.3553507018369,0.2893740075811433,0.031702792108236455,0.9310723153812619,3.2660750914117487,3.5173459377508136,3.3875858378667565,11.712744136270414,False,0,0,0
BTCUSD#,2025-11-30 10:00:00,2025-11-30 11:00:00,UPPER,90950.7,91410.75,90915.0,91160.7,60,90840.385,91173.16891382154,90507.60108617845,90860.575,91120.39006822614,90600.75993177385,False,495.75,309.95749999999754,1.599412822725709,210.0,0.4236006051437216,0.49561270801814844,250.0500000000029,35.69999999999709,1.0334158715307902,0.31862432752875974,665.567827643099,519.6301364522951,0.06302094905464495,0.2510695523466677,0.7807320529485376,1.215005282982326,0.6484760007420424,1.7321729591960138,-1.6537751143302224,False,0,0,0
BTCUSD#,2025-11-30 11:00:00,2025-11-30 12:00:00,UPPER,91160.7,91611.2,91105.6,91387.2,60,90870.975,91278.35548517134,90463.59451482867,90940.44999999998,91509.85505764828,90371.04494235168,False,505.59999999999127,320.8249999999971,1.5759370373256318,226.5,0.4479825949367166,0.556962025316448,224.0,55.09999999999127,1.6090547806436404,0.34735447673966596,814.7609703426715,1138.8101152965974,0.22415918634152354,1.1915782696355341,1.3977229601678607,1.4874152575391613,1.1772773318787517,2.5998597366165317,-0.6090547806436858,True,1,1,1
BTCUSD#,2025-11-30 15:00:00,2025-11-30 16:00:00,UPPER,91452.7,91951.0,91388.8,91759.9,60,90989.535,91539.47067378247,90439.59932621753,91272.19999999998,91907.18214121937,90637.2178587806,False,562.1999999999971,346.8224999999984,1.6210020976147732,307.1999999999971,0.5464247598719294,0.6600853788687179,191.10000000000582,63.89999999999418,2.221208254943074,0.5097852647968583,1099.871347564942,1269.9642824387702,0.14600710914207005,0.3033776215293844,1.1546480279265434,2.3331819590712852,2.471581284374575,2.8386278283560165,-1.7314332259296983,False,2,2,2
BTCUSD#,2025-12-01 01:00:00,2025-12-01 02:00:00,LOWER,91223.25,91246.3,90320.1,90341.1,60,91227.88500000001,91914.10332772005,90541.66667227997,91282.7875,91702.33474068604,90863.24025931397,True,926.1999999999971,377.0274999999994,2.456584731882949,-882.1499999999942,0.9524400777369866,0.022673288706542935,23.05000000000291,21.0,-2.352043285967217,0.24713051435244807,1372.4366554400767,839.0944813720707,0.19348315915646563,-0.09932635610234197,0.6113903166649335,-2.990232807951664,-1.8399188388114878,-1.2267009700883906,-1.412894284899637,False,0,3,0
BTCUSD#,2025-12-01 02:00:00,2025-12-01 03:00:00,LOWER,90336.4,90410.0,86964.2,86982.9,60,91034.8,93008.72157296045,89060.87842703956,91005.1875,92560.18863413906,89450.18636586094,True,3445.800000000003,399.9124999999993,8.616384834182501,-3353.5,0.9732137674850534,0.005426896511694548,73.60000000000582,18.69999999999709,-10.131966367642962,-0.335635920357557,3947.843145920895,3110.0022682781273,1.876521207935098,2.706379123352966,0.787772500913957,-11.154940143156335,-11.195449004469777,-9.749132622761254,-9.714875128934487,True,1,4,1
BTCUSD#,2025-12-02 16:00:00,2025-12-02 17:00:00,UPPER,87719.6,89270.75,87592.3,89262.7,60,86817.515,88468.04478079552,85166.98521920448,87400.775,88153.92902791098,86647.620972089,True,1678.449999999997,629.6699999999989,2.665602617243953,1543.0999999999913,0.9193601239238547,0.9952039083678377,8.05000000000291,127.30000000000291,3.8832801308622007,1.1333793892038688,3301.0595615910424,1506.3080558219808,0.19893325198227174,-0.20763575425487557,0.45631047477858033,4.450744040529173,4.333857417377354,5.099655375037713,-3.520097829021557,False,0,0,0
BTCUSD#,2025-12-02 17:00:00,2025-12-02 18:00:00,UPPER,89261.5,91193.2,89261.4,90833.7,60,87108.76,89335.1050670984,84882.41493290159,87899.85,91118.18731602933,84681.51268397068,False,1931.800000000003,671.4124999999992,2.877217805745358,1572.199999999997,0.8138523656693212,0.8139041308624084,359.5,0.10000000000582077,5.547915774579721,1.4386089028726465,4452.690134196804,6436.6746320586535,0.3488669474508663,3.2731462579520025,1.445569855091596,6.07212406679947,5.762180477724212,9.182134678755618,-0.8884255208236378,True,1,1,1
BTCUSD#,2025-12-03 23:00:00,2025-12-04 00:00:00,UPPER,92960.7,93754.6,92841.2,93684.1,60,92943.98000000001,93711.6745946157,92176.28540538432,92887.37499999999,93543.93472282021,92230.81527717976,False,913.4000000000087,751.9824999999989,1.214655926168508,723.4000000000087,0.7919859864243506,0.9228158528574564,70.5,119.5,0.9842250318325179,0.5159694540763922,1535.389189231384,1313.1194456404482,0.026861867232884862,-0.48367410375638564,0.8552355681869793,1.751104580226275,0.6907075630084603,2.833842542878329,9.655809809403824,False,0,0,0
BTCUSD#,2025-12-04 16:00:00,2025-12-04 17:00:00,LOWER,92504.4,92809.6,91783.5,91876.4,60,93180.065,94060.16898096049,92299.96101903952,92918.09999999999,93988.0189500282,91848.18104997178,False,1026.1000000000058,652.2949999999983,1.5730612682912004,-628.0,0.6120261183120519,0.09053698469934085,305.20000000001164,92.89999999999418,-1.998581929955023,0.10504449673844543,1760.207961920969,2139.8379000564164,0.2533904184499107,0.2920930114449243,1.2156733444843333,-2.1047225565120264,-3.1355445005710734,-0.715167217286659,4.006929380111766,False,0,1,0
BTCUSD#,2025-12-04 21:00:00,2025-12-04 22:00:00,LOWER,92121.95,92165.8,90862.85,91965.9,60,92930.87,93999.67344713237,91862.06655286762,92478.3125,93667.09036282364,91289.53463717636,False,1302.949999999997,685.1449999999998,1.9017142356727372,-156.0500000000029,0.11976668329560095,0.8465789170727893,43.85000000000582,1103.0499999999884,-1.4084171963598968,-0.4176196279619712,2137.6068942647544,2377.555725647282,0.07819961937537245,-0.22167971095856653,1.112251149650722,-0.7891760138365045,-2.0716782578870303,-1.543176991731682,0.1348619635259605,False,1,2,1
BTCUSD#,2025-12-05 11:00:00,2025-12-05 12:00:00,LOWER,92095.2,92098.5,90963.8,91116.8,60,92187.74,92876.85893153567,91498.62106846434,92135.725,92678.05370996054,91593.39629003947,True,1134.699999999997,640.2474999999998,1.772283374788652,-978.3999999999942,0.8622543403542757,0.1348374019564646,3.3000000000029104,153.0,-1.672696886750831,-0.5205408845797824,1378.237863071321,1084.6574199210736,0.38792804819167603,-0.055458341988870785,0.7869885518193348,-1.5871987005025359,-1.6090652443000517,-3.630627218380393,-3.198606788780893,False,0,2,0
BTCUSD#,2025-12-05 15:00:00,2025-12-05 16:00:00,LOWER,91229.5,91347.7,90217.8,90456.4,60,91918.705,92979.05816479957,90858.35183520043,91237.975,91562.6308018401,90913.31919815991,True,1129.8999999999942,559.1850000000006,2.0206192941512966,-773.1000000000058,0.6842198424639435,0.2111691300114988,118.19999999999709,238.59999999999127,-2.615064781780638,-0.6845587775065458,2120.7063295991393,649.3116036801948,0.2607542119917139,-0.785696002684435,0.3061770480040625,-3.2196857927161973,-3.3901123957187864,-3.666407360712482,-4.75996316067135,False,1,3,1
BTCUSD#,2025-12-05 18:00:00,2025-12-05 19:00:00,LOWER,90425.4,90483.0,88033.2,88796.6,60,91565.94,93432.59413984488,89699.28586015513,90599.775,92078.2045010866,89121.34549891339,True,2449.800000000003,584.7549999999995,4.1894468623611685,-1628.7999999999884,0.6648706016817644,0.3116172748795852,57.60000000000582,763.4000000000087,-4.735897940162972,-1.0115432959102617,3733.3082796897506,2956.859002173209,0.3260291100086361,-0.19933403468484023,0.7920211192467965,-4.230660704055538,-5.516669374353356,-6.206701952099592,-5.878359312874617,False,1,3,1
BTCUSD#,2025-12-06 16:00:00,2025-12-06 17:00:00,UPPER,89648.8,90262.6,89635.1,89981.2,60,89499.26,89886.11854494513,89112.40145505486,89578.0625,89820.40545369733,89335.71954630267,True,627.5,380.90699999999924,1.6473837445885773,332.3999999999942,0.5297211155378393,0.5515537848605438,281.40000000000873,13.69999999999709,1.2652432220988412,-0.04616612453960268,773.7170898902696,484.68590739465435,-0.024777209568887848,0.34892500050603226,0.6264381564369913,1.8815616410304838,1.5982903963434751,-0.7812930715371637,-4.975492705568553,False,0,1,0
BTCUSD#,2025-12-07 01:00:00,2025-12-07 02:00:00,LOWER,89276.6,89319.8,88893.7,89220.3,60,89559.6,89912.76923449978,89206.43076550023,89404.225,89766.35032321083,89042.09967678918,False,426.1000000000058,307.01199999999955,1.387893632822191,-56.30000000000291,0.13212860830791398,0.7664867402018337,43.19999999999709,326.6000000000058,-1.1051685276145669,0.02822365249564711,706.3384689995437,724.2506464216567,0.10593528766791116,-0.07542320573317818,1.0253591984696568,-1.5286047450914089,-1.2823602986202418,-0.29445103123003113,-9.255664273709156,False,0,1,0
BTCUSD#,2025-12-07 16:00:00,2025-12-07 17:00:00,LOWER,89036.2,89098.0,87709.3,88218.1,60,89318.26,89940.56665896872,88695.95334103127,89215.325,89849.00557388166,88581.64442611834,True,1388.699999999997,344.4150000000016,4.032054353033377,-818.0999999999913,0.5891121192482127,0.36638582847267515,61.80000000000291,508.8000000000029,-3.1942859631548677,-0.6131411233540988,1244.6133179374447,1267.361147763324,0.6307722584110393,0.11048807059601695,1.0182770258826868,-3.127622199962232,-4.0204404570067815,-5.119115021122724,-5.983188885501466,False,0,2,0
BTCUSD#,2025-12-08 17:00:00,2025-12-08 18:00:00,LOWER,90845.3,90993.3,89596.2,89946.9,60,91133.34,92526.91257356732,89739.76742643268,91504.15,93188.23252756851,89820.06747243147,False,1397.1000000000058,656.552499999998,2.1279334097425724,-898.4000000000087,0.6430463102140184,0.251019969937725,148.0,350.6999999999971,-1.8070755956302138,0.5114290174814433,2787.145147134637,3368.1650551370403,0.08330223097049161,0.6902301219370959,1.2084641729547987,-2.9846813468839306,-1.7058803370636826,0.6284341313146969,0.31071391853659935,False,0,0,0
BTCUSD#,2025-12-09 17:00:00,2025-12-09 18:00:00,UPPER,90345.6,92868.7,90269.4,92697.4,60,90505.315,91702.26218400523,89308.36781599477,90424.6,90754.67283997175,90094.52716002826,True,2599.300000000003,526.2484999999994,4.9393014896954694,2351.7999999999884,0.9047820567075696,0.934097641672757,171.3000000000029,76.20000000001164,4.165494058415358,0.34973021300773016,2393.8943680104567,660.1456799434964,0.8119510319257335,-0.16111746292117457,0.27576224279776274,4.892175464633159,4.380630063553609,5.226618223139835,6.010658462684445,False,0,1,0
BTCUSD#,2025-12-10 16:00:00,2025-12-10 17:00:00,LOWER,92076.8,92103.7,91591.7,91825.7,60,92534.06999999999,93405.0598326624,91663.08016733758,92105.125,92509.53463100022,91700.71536899978,False,512.0,522.4724999999984,0.9799558828455116,-251.10000000000582,0.49042968750001137,0.45703125,26.89999999999418,234.0,-1.3558034154907628,-0.2182028719214983,1741.9796653248195,808.8192620004411,-0.126841182864885,-0.7181552848472466,0.4643103924233375,-1.4777811272363774,-1.2670523328979078,2.8254118637823074,1.8862236768442417,False,0,1,0
BTCUSD#,2025-12-10 17:00:00,2025-12-10 18:00:00,LOWER,91819.2,92141.4,91548.8,92058.4,60,92447.185,93121.82247398226,91772.54752601773,91994.5,92437.99791391664,91551.00208608336,False,592.5999999999913,522.0574999999983,1.1351240045397168,239.1999999999971,0.4036449544380706,0.8599392507593634,83.0,270.3999999999942,-0.7447168175919411,-0.6244905973000878,1349.274947964528,886.9958278332779,-0.225435879176618,0.09665517317117778,0.6573870130556938,-1.6337280855078444,-0.6468636117669275,-1.2240031031064627,4.044573634130353,True,1,2,1
BTCUSD#,2025-12-10 20:00:00,2025-12-10 21:00:00,UPPER,92380.7,93053.8,91978.4,92486.9,60,92368.58499999999,92932.97242836909,91804.1975716309,92105.15000000001,92911.14109154242,91299.1589084576,False,1075.4000000000087,475.9849999999984,2.2593148943769497,106.19999999999709,0.09875395201785031,0.47284731262785556,566.9000000000087,402.3000000000029,0.24856875741883194,-0.7592045967835354,1128.7748567381932,1611.9821830848232,-0.06455054666078996,0.5905891234232492,1.4280812275912562,1.0641091631038828,-0.40925659422041355,-2.9963129090202765,5.433154406126243,False,2,2,0
BTCUSD#,2025-12-10 21:00:00,2025-12-10 22:00:00,UPPER,92491.6,93253.0,91665.8,92959.9,60,92383.305,92991.55284266044,91775.05715733954,92273.25,92957.21248408937,91589.28751591063,False,1587.199999999997,502.87999999999886,3.1562201718103737,468.29999999998836,0.29504788306450935,0.8153351814516089,293.1000000000058,825.8000000000029,1.1465856665606158,-0.5073476773783206,1216.4956853209005,1367.9249681787333,0.07771330842378354,-0.15140193078253616,1.1244799177548148,1.7507158765510582,0.3682787146038767,-1.6628221444480065,5.675111358574611,True,3,3,1
BTCUSD#,2025-12-10 22:00:00,2025-12-10 23:00:00,UPPER,92962.8,94466.3,92241.7,92446.3,60,92399.6,92996.15108431812,91803.0489156819,92498.42500000002,93673.21166558501,91323.63833441502,False,2224.600000000006,560.7399999999986,3.9672575525199045,-516.5,0.23217657106895562,0.09197159039827622,1503.5,204.60000000000582,0.08328280486499483,-0.23980811071082309,1193.102168636222,2349.573331169988,-0.019230250437351604,0.7176185725290396,1.9692976787190597,1.1067517922745074,-0.2701786924421307,-1.1787994435923985,2.9774940257517026,True,4,4,2
BTCUSD#,2025-12-11 02:00:00,2025-12-11 03:00:00,LOWER,92002.3,92076.5,91040.8,91381.0,60,92325.245,93078.87372165345,91571.61627834654,92321.09999999999,93088.9762918859,91553.22370811408,True,1035.699999999997,691.4375,1.4978938805025719,-621.3000000000029,0.5998841363329195,0.3284734961861524,74.19999999999709,340.1999999999971,-1.3656259604085623,-0.06268100876796023,1507.2574433069094,1535.7525837718276,0.21457647376029687,-0.1940080108905562,1.0189052909252185,-1.5994214950736605,-0.866889632107015,-1.0693663563228697,1.443369791195878,False,3,5,0
BTCUSD#,2025-12-11 23:00:00,2025-12-12 00:00:00,UPPER,91772.3,93556.6,91682.1,92848.9,60,90372.04000000001,91831.65003346746,88912.42996653255,90815.47499999999,93386.38128955562,88244.56871044436,False,1874.5,658.9600000000013,2.844633968677911,1076.5999999999913,0.5743398239530495,0.62245932248599,707.7000000000116,90.19999999999709,3.758741046497483,-0.41846242564040226,2919.2200669349113,5141.812579111254,0.5617295756038736,0.36497682519015373,1.7613651801558061,4.540943304601163,3.985067378900077,0.7663591113269379,0.3302173121281881,False,0,1,0
BTCUSD#,2025-12-12 17:00:00,2025-12-12 18:00:00,LOWER,92429.8,92441.5,89776.2,89934.5,60,92232.07999999999,93412.13439984822,91052.02560015176,92387.225,92591.79642919128,92182.65357080873,True,2665.300000000003,644.8724999999991,4.133065063248947,-2495.300000000003,0.9362173113720783,0.05939293888117763,11.69999999999709,158.3000000000029,-3.562843817964001,0.8838181190855298,2360.1087996964634,409.1428583825473,0.38654046636845596,-0.24183756994666072,0.17335762590062273,-3.9907113421645417,-3.616528848725911,0.12079907268490171,-3.293519261559451,False,0,1,0
BTCUSD#,2025-12-13 12:00:00,2025-12-13 13:00:00,UPPER,90414.4,90628.6,90402.4,90580.7,60,90271.715,90561.09759328939,89982.3324067106,90384.525,90585.59481297285,90183.45518702714,False,226.20000000001164,448.7950000000004,0.5040163103421639,166.3000000000029,0.7351900972590378,0.7882404951370192,47.90000000000873,12.0,0.6884769215343315,-1.350861752024886,578.765186578792,402.1396259457106,-0.7060564880451238,-0.020909860837618477,0.6948234539172028,0.48017469000323043,0.5563787475350591,-4.252943994474081,0.6125291057164048,False,0,1,0
BTCUSD#,2025-12-13 23:00:00,2025-12-14 00:00:00,LOWER,90083.45,90161.7,89745.8,90146.1,60,90255.035,90544.68062019626,89965.38937980375,90107.11249999999,90293.91947844414,89920.30552155584,False,415.8999999999942,194.86999999999972,2.1342433417149627,62.65000000000873,0.15063717239723398,0.9624909834094939,15.599999999991269,337.6499999999942,-0.5590137014419758,-0.2124493251911235,579.2912403925147,373.6139568882936,0.012746628474378241,0.0097060932379891,0.6449501232491297,0.3181608251654954,-1.3352491404525964,-0.1549751116128554,-13.869759326730602,False,0,1,0
BTCUSD#,2025-12-14 12:00:00,2025-12-14 13:00:00,LOWER,90017.4,90124.9,89766.5,89853.5,60,90148.655,90363.98633097336,89933.32366902663,90126.29999999999,90451.09987637772,89801.50012362226,False,358.3999999999942,213.44749999999985,1.6791014183815431,-163.89999999999418,0.457310267857134,0.24274553571428967,107.5,87.0,-1.3827990489464577,-0.3379051054709006,430.6626619467279,649.5997527554573,0.2557756080571678,0.5414222830791242,1.5083725852133694,-1.5844645638857204,-1.2241886178100145,-3.4069267618500922,-12.349172513147243,False,0,2,0
BTCUSD#,2025-12-14 13:00:00,2025-12-14 14:00:00,LOWER,89853.5,89853.5,88666.5,89345.3,60,90111.715,90522.99557247908,89700.43442752092,90054.5,90620.06258689621,89488.93741310379,True,1187.0,210.98749999999927,5.62592570649922,-508.1999999999971,0.42813816343723426,0.5718618365627657,0.0,678.8000000000029,-3.6325137745126903,-0.4662598495171531,822.5611449581629,1131.1251737924176,0.9099894595921856,0.7412647849609499,1.3751259474454618,-4.015403756146691,-4.156170389241056,-4.702648261152914,-14.546833343207572,True,1,2,1
BTCUSD#,2025-12-14 21:00:00,2025-12-14 22:00:00,LOWER,88983.3,88986.5,88480.2,88628.2,60,89674.04,90854.56895169841,88493.51104830157,88903.15000000001,89280.91918842656,88525.38081157346,False,509.6000000000058,365.7,1.3934919332786597,-355.1000000000058,0.7013628283626383,0.29231680821647077,3.1999999999970896,148.0,-2.8598304621274173,-1.0270030079300292,2361.057903396839,755.5383768531028,0.07339450699513672,-0.25335272779988016,0.319999935523019,-2.3185671315285994,-4.417555373256768,-4.233798195242009,-4.265244736122513,False,0,3,0
BTCUSD#,2025-12-15 01:00:00,2025-12-15 02:00:00,LOWER,88393.7,88602.9,87563.2,88152.1,60,89293.13500000001,90656.4268709131,87929.84312908692,88500.775,88863.40653439007,88138.14346560992,False,1039.699999999997,415.21500000000015,2.504003949760959,-241.59999999999127,0.23237472347791857,0.5664133884774554,209.1999999999971,588.9000000000087,-2.7480582348903653,-1.2447888443336133,2726.58374182618,725.2630687801575,0.03403361858224052,-0.5567549633218685,0.26599699017291106,-1.5485953060462647,-2.873691942728458,-4.985609864768832,-5.073756969280966,False,1,3,1
BTCUSD#,2025-12-15 16:00:00,2025-12-15 17:00:00,LOWER,89420.4,89866.5,87826.8,88031.7,60,89172.93000000001,90408.43297959883,87937.42702040118,89654.75,90283.87501119124,89025.62498880876,False,2039.699999999997,471.6934999999983,4.324206290737533,-1388.699999999997,0.6808354169730838,0.10045594940432145,446.1000000000058,204.89999999999418,-2.4194312620377736,0.24511679724226804,2471.005959197646,1258.2500223824754,0.0991418264467887,0.6283699185980784,0.5092055798971196,-3.663395828011211,-2.7142625454877107,-2.271178212122929,-4.340530450387838,False,0,2,0
BTCUSD#,2025-12-16 12:00:00,2025-12-16 13:00:00,UPPER,86340.1,87324.5,86259.1,86965.5,60,86175.19249999999,86881.057229582,85469.32777041798,86274.54999999999,86997.06507928058,85552.0349207194,False,1065.3999999999942,750.8049999999996,1.419010262318438,625.3999999999942,0.5870095738689671,0.663037356861271,359.0,81.0,1.05261352814647,-1.2281351349551635,1411.7294591640239,1445.0301585611887,-0.3115673651132812,-0.1168653214468498,1.023588584328958,1.540746265674847,0.9497805688561027,-3.857060088837975,-3.8465380491605696,False,0,1,0
BTCUSD#,2025-12-17 16:00:00,2025-12-17 17:00:00,UPPER,87621.9,89688.7,87158.5,89656.0,60,87303.755,88726.75927479846,85880.75072520155,87053.6,88509.91782237614,85597.28217762387,True,2530.199999999997,529.7499999999993,4.776215195847098,2034.1000000000058,0.8039285431981694,0.9870761204647865,32.69999999999709,463.3999999999942,4.440292590844735,0.010467201510143012,2846.0085495969106,2912.6356447522703,0.4780253184395056,0.43856204880245575,1.023410715039769,6.180273714016053,4.1266635205285676,4.46852288815479,3.066163284568202,False,0,0,0
BTCUSD#,2025-12-18 15:00:00,2025-12-18 16:00:00,UPPER,87246.9,89188.2,87246.9,88832.9,60,86671.52,88046.87839932495,85296.16160067506,87286.85,87422.36250778219,87151.33749221782,True,1941.300000000003,494.3349999999984,3.927093974733752,1586.0,0.8169783135012608,0.8169783135012608,355.3000000000029,0.0,4.372298137902429,0.0032569006847594996,2750.716798649897,271.02501556437346,0.4398950254484828,-0.7676861196080503,0.09852886916508365,4.07233960775587,5.506791952825525,2.4578474111685478,4.839835334338066,False,0,1,0
BTCUSD#,2025-12-18 19:00:00,2025-12-18 20:00:00,LOWER,87996.8,88015.7,85454.3,86467.3,60,87052.475,88613.04656442578,85491.90343557423,88415.72499999999,89624.83317950167,87206.61682049831,False,2561.399999999994,607.4624999999985,4.216556577566517,-1529.5,0.5971343796361378,0.39548684313266275,18.89999999999418,1013.0,-0.9633104924172345,0.8490400642015113,3121.143128851545,2418.2163590033597,-0.03176543687077449,-0.49187300323164607,0.7747854741583626,-1.3143198139802805,0.06255530176759898,0.0971253369549563,-1.0685433257196828,False,1,1,0
BTCUSD#,2025-12-19 17:00:00,2025-12-19 18:00:00,UPPER,88150.8,89393.4,87691.7,87937.0,60,86942.25,89357.60627313948,84526.89372686052,88042.63750000001,88598.4058935309,87486.86910646912,False,1701.699999999997,692.5999999999992,2.456973722206178,-213.8000000000029,0.12563906681553932,0.1441499676793814,1242.5999999999913,245.3000000000029,1.4362546924631838,0.47899942246607713,4830.712546278955,1111.5367870617774,-0.0695944731977397,-0.1566753851056094,0.2300978947542598,-0.22725960150158006,1.521657522379433,-0.816344210222343,1.0319087496390382,False,0,1,0
BTCUSD#,2025-12-20 20:00:00,2025-12-20 21:00:00,UPPER,88174.6,88420.5,88136.8,88302.2,60,88203.38,88359.4725962253,88047.28740377471,88177.35,88309.40347305077,88045.29652694924,False,283.6999999999971,232.88749999999928,1.218184745853676,127.59999999999127,0.4497708847373725,0.5830102220655476,118.30000000000291,37.80000000000291,0.42432504964840423,0.6746390424561461,312.18519245058997,264.1069461015286,-0.030915137003507676,-0.26789311573842156,0.8459944689507629,0.2833986366808017,0.04165101175459018,4.960764317535318,10.028447211636552,False,0,0,0
BTCUSD#,2025-12-21 01:00:00,2025-12-21 02:00:00,UPPER,88264.9,88411.3,88240.0,88344.8,60,88239.04500000001,88344.65072946771,88133.43927053231,88236.85,88353.2673515564,88120.43264844362,False,171.3000000000029,206.43499999999986,0.8298011480611477,79.90000000000873,0.46643315820202785,0.6117921774664398,66.5,24.89999999999418,0.5122920047472094,0.16445854627370196,211.21145893540233,232.8347031127778,0.11410475606100978,-0.2915772649371996,1.1023772303186863,0.8351297018432381,0.3943129798726417,1.0405212294426964,13.80192312350134,False,1,1,1
BTCUSD#,2025-12-21 03:00:00,2025-12-21 04:00:00,LOWER,88377.5,88377.5,87999.4,88006.7,60,88230.085,88387.3572903006,88072.81270969941,88298.775,88572.09347676653,88025.45652323346,True,378.20000000001164,202.62000000000043,1.8665482183398028,-370.8000000000029,0.9806929383760836,0.01930706162391642,0.0,7.30000000000291,-1.1024824795183537,0.11032968117656637,314.54458060118486,546.6369535330741,0.3066500954073317,0.3376830872777985,1.7378679756246131,-1.0379034646135745,-1.1973151712565655,-0.2906919356431182,13.316553153686662,False,1,2,0
BTCUSD#,2025-12-21 10:00:00,2025-12-21 11:00:00,UPPER,88162.9,88735.9,88107.15,88527.6,60,88195.34,88459.7049254276,87930.97507457239,88107.95000000001,88262.21016902072,87953.6898309793,True,628.75,205.42249999999984,3.0607650087015807,364.70000000001164,0.5800397614314301,0.6687077534791438,208.29999999998836,55.75,1.6174469690516353,-0.08370553371712933,528.7298508552194,308.52033804141684,0.21562523368287545,0.6431571916010059,0.5835122370003998,2.853144129781335,1.2676313451545422,1.3825165208290242,2.146795020019717,False,0,3,0
BTCUSD#,2025-12-21 11:00:00,2025-12-21 12:00:00,UPPER,88527.6,89072.5,88488.8,88894.4,60,88227.595,88631.18131554649,87824.00868445351,88223.85,88934.88397931721,87512.8160206828,False,583.6999999999971,229.4899999999994,2.543465946228588,366.79999999998836,0.6284050025697965,0.6948775055679173,178.10000000000582,38.80000000000291,2.905595015033312,0.10808749836597512,807.1726310929807,1422.067958634405,0.526625799143704,3.609316739577478,1.7617891190250137,3.591006144058536,3.0201751710313873,2.961784827225582,3.4859906749749534,True,1,4,1
BTCUSD#,2025-12-21 15:00:00,2025-12-21 16:00:00,LOWER,88630.6,88693.9,87576.5,87659.2,60,88269.935,88831.1002245965,87708.76977540349,88700.9625,89171.80207696093,88230.12292303906,True,1117.3999999999942,253.51749999999956,4.407585275178227,-971.4000000000087,0.8693395382137228,0.07401109718990292,63.29999999998836,82.69999999999709,-2.4090447405011552,0.3517114203161845,1122.3304491930176,941.6791539218684,0.14648729278684547,-0.1563797467103185,0.8390391213202477,-1.986845089589468,-1.3707140532704867,-2.327649964992582,-1.2693403808415729,False,2,5,0
BTCUSD#,2025-12-22 02:00:00,2025-12-22 03:00:00,UPPER,88653.0,89616.3,88606.3,88606.3,60,88356.07,88926.38679319182,87785.7532068082,88375.6,89174.47926480812,87576.72073519189,False,1010.0,386.5474999999991,2.612874226324067,-46.69999999999709,0.04623762376237336,0.0,963.3000000000029,0.0,0.6473460570822382,0.23020456735592737,1140.6335863836284,1597.7585296162288,-0.0024460585380523536,0.3623999448975981,1.4007640566519806,0.43823850885081167,-0.04449647197303599,0.5916478569904026,1.5879031684333862,False,0,4,0
BTCUSD#,2025-12-22 03:00:00,2025-12-22 04:00:00,UPPER,88599.35,89272.7,88502.4,88613.0,60,88380.515,88950.87593949064,87810.15406050936,88469.0125,89249.37777808344,87688.64722191656,False,770.3000000000029,431.9624999999993,1.7832566484359271,13.64999999999418,0.017720368687516717,0.1435804232117427,659.6999999999971,96.95000000001164,0.5382064415313852,0.24696588245509216,1140.721878981276,1560.7305561668763,7.740662619570848e-05,-0.02317494963287492,1.368195512792908,0.3083601007031798,2.2080620424226742,1.4035940619845564,1.2672396330699889,True,1,5,1
BTCUSD#,2025-12-22 09:00:00,2025-12-22 10:00:00,UPPER,88896.5,89188.7,88877.2,89159.3,60,88483.075,89167.82534552514,87798.32465447485,88842.0,89070.75716323178,88613.24283676822,False,311.5,481.0299999999996,0.6475687587052789,262.8000000000029,0.8436597110754508,0.9056179775281086,29.39999999999418,19.30000000000291,1.405785501943759,0.21320915535413126,1369.5006910502852,457.5143264635699,0.11530164259457121,-0.6613942050915647,0.33407381935141417,1.1356880028272736,1.4125938091179358,2.0713884788890704,1.8587198303640242,False,1,5,1
BTCUSD#,2025-12-22 10:00:00,2025-12-22 11:00:00,UPPER,89155.9,89900.9,89076.0,89325.9,60,88518.19499999999,89294.13078219905,87742.25921780094,88941.57500000001,89450.81595448779,88432.33404551224,False,824.8999999999942,487.75499999999954,1.6912179270330288,170.0,0.2060855861316538,0.302945811613524,575.0,79.89999999999418,1.6559645723775307,0.24445674570224948,1551.8715643981122,1018.4819089755474,0.13316595934534714,1.2261202547427663,0.6562926548438703,1.7963936812539039,2.25564063925536,1.6366823507703439,2.2189418868079045,True,1,6,1
BTCUSD#,2025-12-22 21:00:00,2025-12-22 22:00:00,LOWER,89130.3,89136.5,87953.5,88037.8,60,89249.375,90439.14278730055,88059.60721269945,89425.425,90345.03384604101,88505.816153959,True,1183.0,587.364999999998,2.0140798311101342,-1092.5,0.9234995773457312,0.07125950972105065,6.19999999999709,84.30000000000291,-2.0627293080112046,0.46213172388549417,2379.53557460109,1839.2176920820202,0.09056998885520207,-0.2300459205608001,0.7729313701856927,-3.175538208779896,-1.9093749201944343,-0.7525133434916986,-0.3050913827007018,False,0,4,0
BTCUSD#,2025-12-23 08:00:00,2025-12-23 09:00:00,LOWER,87744.95,87780.8,87034.0,87385.8,60,88820.725,90483.30618950543,87158.14381049458,88003.5875,88740.72575517914,87266.44924482085,False,746.8000000000029,584.6799999999981,1.2772798795922646,-359.1499999999942,0.480918585966782,0.47107659346545466,35.85000000000582,351.8000000000029,-2.4542057193678724,-0.6725815830881792,3325.1623790108424,1474.2765103582933,0.056857134301113055,-0.11867108068876797,0.4433697793720546,-2.3460696449339835,-2.975473763426152,-2.583806526647058,-1.188684408565373,False,0,3,0
BTCUSD#,2025-12-23 16:00:00,2025-12-23 17:00:00,LOWER,87605.3,87821.5,86583.8,86864.4,60,87939.44,88903.01214042105,86975.86785957895,87699.825,88131.71918814714,87267.93081185286,True,1237.699999999997,471.7625,2.6235658832569295,-740.9000000000087,0.5986103256039512,0.22671083461258135,216.1999999999971,280.59999999999127,-2.2787737473834997,-1.3271508439098187,1927.144280842098,863.7883762942802,0.0004959509237214554,-0.18340929612005719,0.4482219545683592,-1.274793990620299,-2.817731379666682,-6.898174399194517,-2.520124003073599,False,0,2,0
BTCUSD#,2025-12-24 04:00:00,2025-12-24 05:00:00,LOWER,87612.1,87643.4,86929.1,87117.0,60,87556.64,88094.69156796989,87018.58843203011,87536.45,87933.12987062482,87139.77012937517,False,714.2999999999884,563.1574999999982,1.2683840666243291,-495.1000000000058,0.6931261374772699,0.263054738905218,31.29999999998836,187.89999999999418,-0.7806697060768982,-0.26217354825249517,1076.1031359397748,793.3597412496456,0.06350596124637287,-0.19819557186254777,0.7372525130286831,-0.9823184455503102,0.44854237047363593,-1.9118985363774796,-2.366478294260489,False,0,2,0
BTCUSD#,2025-12-24 16:00:00,2025-12-24 17:00:00,LOWER,87281.0,87441.4,86404.55,86980.1,60,87260.04000000001,87871.91323016633,86648.16676983368,87241.9,87746.33179892351,86737.46820107648,False,1036.8499999999913,439.4774999999987,2.359278916440533,-300.8999999999942,0.2902059121377217,0.5550947581617474,160.39999999999418,575.5500000000029,-0.6369836908601764,-0.259273796724503,1223.7464603326516,1008.8635978470265,-0.08524213790540469,-0.44540261026482175,0.824405733171875,0.46350495759171345,-0.3115062773406934,0.2632671752251525,-7.141662542450979,False,0,2,0
BTCUSD#,2025-12-25 00:00:00,2025-12-25 01:00:00,UPPER,87685.2,88039.9,87683.4,87997.1,60,87234.695,87848.83856146924,86620.55143853078,87561.675,87881.71654380146,87241.63345619854,True,356.5,412.4624999999993,0.8643209988786874,311.90000000000873,0.874894810659211,0.8799438990182655,42.79999999998836,1.8000000000029104,1.8484225838712613,0.07121859562994115,1228.2871229384618,640.0830876029213,0.21393891281292876,-0.20942936966068948,0.5211184548378515,1.7507046095099725,2.2404461011607295,1.4524956814256007,-1.5679001121314016,False,0,2,0
BTCUSD#,2025-12-25 17:00:00,2025-12-25 18:00:00,UPPER,87707.9,88586.9,87697.2,88358.0,60,87712.03,88123.97236562322,87300.08763437677,87596.75,87894.34469040633,87299.15530959367,True,889.6999999999971,232.13999999999723,3.83260101662793,650.1000000000058,0.7306957401371338,0.7427222659323425,228.89999999999418,10.69999999999709,2.7826742482984788,0.5474282760403345,823.8847312464495,595.1893808126624,0.41394068506572834,-0.001003201419982891,0.7224182682839679,3.665029723442806,2.2538123546136095,5.69440854656677,3.9583871801499315,False,0,1,0
BTCUSD#,2025-12-26 00:00:00,2025-12-26 01:00:00,LOWER,87890.2,87907.0,87294.6,87642.9,60,87808.95,88319.28403785708,87298.61596214291,88031.725,88644.57835093288,87418.87164906714,False,612.3999999999942,272.52999999999884,2.247092063259079,-247.3000000000029,0.40382103200523395,0.5687459177008355,16.80000000000291,348.29999999998836,-0.609290720287688,0.25987964627746446,1020.668075714173,1225.70670186574,0.01007962220370473,0.1699620332422218,1.2008866849373132,-1.5686346457270826,0.8498146992991313,-1.2996734304480724,0.8986166660550957,False,0,2,0
BTCUSD#,2025-12-26 01:00:00,2025-12-26 02:00:00,LOWER,87646.6,87764.9,86942.2,87205.5,60,87777.48500000002,88351.22482021074,87203.74517978929,87886.85,88581.05996805901,87192.640031941,False,822.6999999999971,283.1049999999988,2.9059889440313684,-441.1000000000058,0.5361614197155796,0.3200437583566353,118.29999999998836,263.3000000000029,-2.020398791967706,0.061849843697601194,1147.4796404214576,1388.4199361180072,0.12424368678186881,0.13275054628043503,1.2099734820637469,-3.238021228872683,-1.0695678281909686,-1.61848077568393,-0.9688984652337616,True,1,2,1
BTCUSD#,2025-12-26 04:00:00,2025-12-26 05:00:00,UPPER,87410.3,89417.4,87404.2,89174.6,60,87796.03,88708.4563962619,86883.6036037381,87343.8,88165.98280191395,86521.61719808605,True,2013.199999999997,344.914999999998,5.836800371105951,1764.300000000003,0.8763659845022876,0.879395986489177,242.79999999998836,6.100000000005821,3.9968398011104624,-0.04240175115608218,1824.8527925238013,1644.3656038279005,0.3843970515830968,-0.3544710321035549,0.9010949324595744,3.7812214603598546,4.263949088906021,3.766725135178288,5.965527738718287,False,2,3,0
BTCUSD#,2025-12-26 09:00:00,2025-12-26 10:00:00,UPPER,89124.3,89545.6,88338.8,88467.6,60,88122.235,89360.88697585776,86883.58302414224,88970.27500000001,89408.54380990051,88532.0061900995,False,1206.800000000003,468.21499999999867,2.5774483944341946,-656.6999999999971,0.5441663904540898,0.1067285382830648,421.3000000000029,128.8000000000029,0.7376205375735639,0.8408209903569915,2477.3039517155266,876.5376198010053,-0.013514415307954719,-0.14844517997105977,0.3538272399694859,2.2474717811262046,0.7060858793503129,1.3837660049336535,3.3572183719018254,False,1,4,1
BTCUSD#,2025-12-27 23:00:00,2025-12-28 00:00:00,UPPER,87547.9,87658.1,87547.9,87658.1,60,87512.485,87624.56210424044,87400.40789575956,87533.2875,87637.7346505571,87428.84034944291,True,110.20000000001164,132.4075000000019,0.8322791382664129,110.20000000001164,1.0,1.0,0.0,0.0,1.0997488812945124,0.19326699771546696,224.15420848087524,208.89430111419642,0.2150370743230925,-0.09024399125991722,0.9319222803350543,0.8118875441345729,0.4244472556313716,1.515019919566512,-1.7529218511035094,False,0,0,0
BTCUSD#,2025-12-28 00:00:00,2025-12-28 01:00:00,UPPER,87658.1,87938.7,87482.5,87547.4,60,87518.16,87625.1232918105,87411.19670818951,87561.4,87806.27858166643,87316.52141833356,False,456.1999999999971,130.37750000000233,3.499070008245203,-110.70000000001164,0.2426567295046303,0.14226216571677902,280.59999999999127,64.89999999999418,0.22427182604352872,0.27220954535870534,213.92658362098155,489.75716333286255,-0.045627628092319794,1.3445214193044288,2.2893702832209772,0.4042108492646058,0.432589979099102,0.11428352284707034,-0.7324883511341933,True,1,1,1
BTCUSD#,2025-12-28 01:00:00,2025-12-28 02:00:00,UPPER,87549.9,87978.7,87549.9,87860.5,60,87536.15,87719.24819822975,87353.05180177024,87576.82500000001,87764.58726926266,87389.06273073737,True,431.3000000000029,147.9825000000019,2.914533813119777,310.6000000000058,0.7243470149253818,0.7243470149253818,118.19999999999709,0.0,2.1918132211579184,0.33226901829606625,366.1963964595052,375.5245385252929,0.7117853716969718,-0.23324339766712443,1.0254730580529325,2.140793674927771,2.6847769161893997,3.404456608044846,4.4261990438057985,True,2,2,2
BTCUSD#,2025-12-28 10:00:00,2025-12-28 11:00:00,UPPER,87727.5,87967.2,87727.5,87794.3,60,87647.41,87902.10391786078,87392.71608213923,87700.625,87844.8979002839,87556.3520997161,False,240.6999999999971,162.89250000000175,1.4776616480193656,66.80000000000291,0.27868168544014904,0.27868168544014904,172.89999999999418,0.0,0.9017603634298561,0.3731295179336847,509.3878357215435,288.5458005678083,-0.010583517250414842,-0.0157618199512507,0.5664560092195481,-0.030081188513861146,1.5126540509845825,1.35979250118942,-5.780499409119396,False,0,3,0
BTCUSD#,2025-12-28 12:00:00,2025-12-28 13:00:00,UPPER,87787.7,88002.6,87787.7,87853.4,60,87681.17000000001,87928.50773791187,87433.83226208815,87757.075,87893.65094867036,87620.49905132964,False,214.90000000000873,170.25500000000176,1.2622243105929725,65.69999999999709,0.30572359236851754,0.30572359236851754,149.20000000001164,0.0,1.0116002466886704,0.4505888226485261,494.6754758237221,273.1518973407219,0.01833795770293145,-0.3822616187365093,0.5521840291069124,0.797039734515848,1.7973040439340804,2.1285718481101314,-5.241549440545062,False,1,4,1
BTCUSD#,2025-12-28 16:00:00,2025-12-28 17:00:00,UPPER,87895.3,88084.0,87895.3,87904.2,60,87753.415,87977.80317548063,87529.02682451936,87869.2,87942.14436066594,87796.25563933405,False,192.10000000000582,173.79000000000232,1.1053570401058936,8.89999999999418,0.047164811870664104,0.047164811870664104,179.8000000000029,0.0,0.8676275965245496,0.6099602969099988,448.7763509612705,145.8887213318958,-0.07198956712235227,-0.4499623900361991,0.3250811256417699,0.6323724034754169,0.6041774555497934,2.176765061280844,3.028942977156264,False,2,5,2
BTCUSD#,2025-12-28 17:00:00,2025-12-28 18:00:00,UPPER,87904.2,87992.2,87813.8,87824.7,60,87767.08,87973.13199003058,87561.02800996942,87880.55,87968.45380965996,87792.64619034005,False,178.39999999999418,177.24000000000234,1.0065447980139461,-79.5,0.4456278026905975,0.06109865470848955,88.0,10.89999999999418,0.32509591514327796,0.5770988490182923,412.10398006116156,175.80761931990855,-0.08171636232960455,0.20508026744540087,0.4266098553423736,0.2087564883773387,0.531482735274181,1.5464906341682896,3.927443015120639,True,2,6,2
BTCUSD#,2025-12-28 20:00:00,2025-12-28 21:00:00,LOWER,87757.2,87759.3,87481.3,87585.1,60,87786.49500000001,87948.84602123366,87624.14397876635,87823.7,88034.68341108695,87612.71658891304,True,278.0,187.84500000000116,1.479943570496943,-172.09999999999127,0.6190647482014074,0.37338129496403927,2.1000000000058208,103.80000000000291,-1.072133940216683,0.380393409459934,324.7020424673101,421.9668221739121,-0.05738723130789314,0.2550616973244988,1.2995508712157062,-1.3937022545182822,-0.7117570337245934,0.5334185099417659,1.7168410125369213,False,2,7,0
BTCUSD#,2025-12-29 04:00:00,2025-12-29 05:00:00,UPPER,88431.05,89366.6,88431.05,89151.6,60,87896.41500000001,88618.04696249604,87174.78303750398,88133.16249999999,89056.34784826296,87209.97715173702,True,936.3000000000029,244.4100000000013,3.830857984534176,720.5500000000029,0.7701886590775486,0.7701886590775486,215.0,0.0,5.135571375966577,0.5893171310502955,1443.2639249920612,1846.3706965259335,0.6493203141620953,-0.07744041452822148,1.2793021875996031,6.746041487664146,5.1037191604271595,5.533325150362103,7.027944846773874,False,0,5,0
BTCUSD#,2025-12-30 10:00:00,2025-12-30 11:00:00,UPPER,87484.0,88215.5,87477.3,87851.2,60,87403.46,87800.86740027666,87006.05259972335,87363.25,87773.14613289598,86953.35386710402,True,739.5,421.4075000000004,1.754833504387082,367.1999999999971,0.49742617176916626,0.5065023028989375,364.3000000000029,6.69999999999709,1.0624870226561944,-0.6265669215664015,794.8148005533149,819.7922657919698,0.16795246528013608,0.34418938519849385,1.0314255160085932,1.8015816045039452,1.5545523038863585,-4.003962910009911,0.1350237003375453,False,0,0,0
BTCUSD#,2025-12-30 16:00:00,2025-12-30 17:00:00,UPPER,88090.1,89000.2,87825.5,88863.8,60,87572.87999999999,88435.14472883623,86710.61527116376,87983.61249999999,88272.33639449264,87694.88860550734,True,1174.699999999997,337.41750000000104,3.481443612142208,773.6999999999971,0.6586362475525658,0.8838852472971869,136.39999999999418,264.6000000000058,3.8258833640816166,0.5021079226773454,1724.52945767247,577.4477889853006,0.37509832437287316,0.8436854660227653,0.33484367948382815,3.001029881378419,5.25106137055724,4.261782509798678,2.843954448124365,False,1,1,1
GOLD#,2025-01-02 11:00:00,2025-01-02 12:00:00,UPPER,2636.47,2639.87,2635.99,2636.02,60,2615.1510000000003,2638.296607704515,2592.0053922954858,2635.1549999999997,2639.405035301753,2630.9049646982467,False,3.880000000000109,7.601500000000033,0.5104255738999004,-0.4499999999998181,0.11597938144324882,0.0077319587629379495,3.400000000000091,0.03000000000020009,2.7453792014733405,0.08360192067359302,46.291215409029064,8.500070603506174,0.07729108818919617,-0.9093922871009078,0.18362167699421092,3.795303558508161,3.866342169308656,1.5378543708478596,0.6182990199302504,False,0,1,0
GOLD#,2025-01-02 12:00:00,2025-01-02 13:00:00,UPPER,2636.03,2646.29,2632.7,2642.7,60,2616.327,2642.3794502496635,2590.274549750337,2635.6425,2639.2062480362947,2632.078751963705,True,13.590000000000146,7.608500000000049,1.7861602155484073,6.669999999999618,0.4908020603384508,0.7358351729212578,3.5900000000001455,3.330000000000382,3.466254846553121,0.3356114871525227,52.104900499326504,7.127496072589565,0.12558938102894324,-0.16147801529441874,0.13679128074875976,4.601432608267009,4.086219359926331,2.470920680817455,1.38003548662679,True,1,2,1
GOLD#,2025-01-03 15:00:00,2025-01-03 16:00:00,LOWER,2655.24,2656.3,2643.46,2649.78,60,2657.477,2664.200612422456,2650.753387577544,2655.9925000000003,2662.95987397215,2649.0251260278505,False,12.840000000000146,5.062000000000035,2.536546819438968,-5.459999999999582,0.42523364485977566,0.4922118380062377,1.0600000000004002,6.320000000000164,-1.520545239035877,0.3712959304622668,13.447224844911943,13.934747944299488,0.16910864413069016,-0.21739003178097493,1.0362545510326624,-0.8731726590279707,-1.908336625839547,1.2781509284868056,5.448439352034807,False,0,0,0
GOLD#,2025-01-06 13:00:00,2025-01-06 14:00:00,UPPER,2633.74,2649.37,2632.5,2645.55,60,2638.317,2648.3467639059572,2628.287236094043,2631.1499999999996,2641.6415585146774,2620.658441485322,False,16.86999999999989,5.349499999999966,3.153565753808767,11.8100000000004,0.7000592768227906,0.77356253704803,3.819999999999709,1.2399999999997817,1.3520889802785718,-1.111786148238201,20.05952781191445,20.983117029355526,-0.018743154569791587,0.18416767246999144,1.046042420644244,2.187120291616104,0.8542854472380956,-2.2506776334236918,1.7814749041967026,False,0,1,0
GOLD#,2025-01-07 13:00:00,2025-01-07 14:00:00,UPPER,2643.84,2648.65,2641.98,2648.35,60,2638.8675000000003,2646.6158311112267,2631.119168888774,2642.0625,2647.1507118732943,2636.9742881267057,True,6.670000000000073,5.4929999999999835,1.2142727107227549,4.5099999999997635,0.6761619190404369,0.9550224887555954,0.3000000000001819,1.8600000000001273,1.7262880029127339,0.39905334061533115,15.49666222245287,10.176423746588625,0.09757551061361669,0.36585095014966784,0.656684878363301,0.7154560349535496,2.499544875295842,2.6633897687966783,-0.953941379938149,False,0,1,0
GOLD#,2025-01-07 15:00:00,2025-01-07 16:00:00,UPPER,2651.6,2664.23,2649.93,2662.52,60,2640.822,2654.387082528648,2627.256917471352,2646.2775,2662.1699478941355,2630.385052105865,True,14.300000000000182,4.570499999999993,3.1287605294825958,10.920000000000073,0.763636363636359,0.8804195804195794,1.7100000000000364,1.6700000000000728,4.747401815993852,0.7504649381905353,27.130165057295926,31.78489578827066,0.470366798512329,0.4993549264831687,1.171570306378323,4.8178536265178895,5.161360901433143,3.7479488021004563,1.0808445465485312,False,1,1,1
GOLD#,2025-01-08 14:00:00,2025-01-08 15:00:00,LOWER,2650.82,2652.42,2645.78,2651.98,60,2650.4645,2654.279137467468,2646.649862532532,2652.335,2656.5199731263488,2648.1500268736513,False,6.639999999999873,4.662500000000046,1.4241286863270364,1.1599999999998545,0.17469879518070433,0.9337349397590267,0.44000000000005457,5.039999999999964,0.32504021447720316,0.01973190348517803,7.629274934935893,8.369946252697446,-0.030085533971420553,0.7933695933685041,1.0970827928051037,-0.01930294906169322,0.31313672922252483,0.7785522788203911,3.916353887399472,False,0,2,0
GOLD#,2025-01-08 15:00:00,2025-01-08 16:00:00,UPPER,2651.92,2660.26,2651.58,2660.17,60,2650.8844999999997,2656.571708366868,2645.1972916331315,2652.3325,2656.521378139581,2648.143621860419,True,8.680000000000291,4.182500000000028,2.075313807531437,8.25,0.9504608294930557,0.9896313364055135,0.09000000000014552,0.3400000000001455,2.2200836820084517,0.0179318589358907,11.374416733736325,8.377756279161986,0.490890920924965,0.0009331035383917108,0.7365438136545238,1.8123132098027201,2.7280334728032947,2.05379557680815,3.49551703526594,True,1,2,0
GOLD#,2025-01-09 13:00:00,2025-01-09 14:00:00,UPPER,2667.45,2673.13,2665.24,2670.19,60,2661.9530000000004,2670.984115324654,2652.921884675347,2664.7875,2672.003891069576,2657.5711089304236,False,7.890000000000327,6.05600000000004,1.302840158520521,2.7400000000002365,0.3472750316856936,0.6273764258555219,2.9400000000000546,2.2100000000000364,1.3601387054160454,0.5363276089828312,18.062230649306912,14.43278213915255,0.10104534118932107,0.17915516299165213,0.7990586777113473,1.9600396301188594,1.2632100396301256,2.8087846763540467,4.755614266842799,False,0,2,0
GOLD#,2025-01-10 08:00:00,2025-01-10 09:00:00,UPPER,2674.88,2678.49,2674.25,2678.17,60,2671.1459999999997,2676.7654604728905,2665.526539527109,2673.4249999999997,2677.965176215675,2668.8848237843245,True,4.239999999999782,4.511500000000024,0.9398204588273876,3.2899999999999636,0.7759433962264465,0.9245283018868572,0.31999999999970896,0.6300000000001091,1.5569101185859038,0.7453175218884427,11.238920945781501,9.080352431350548,0.07098179716811481,-0.043959422198158626,0.8079380996766272,1.7089659758395204,2.7285825113598317,4.399867006538802,6.917876537736866,False,0,1,0
GOLD#,2025-01-10 15:00:00,2025-01-10 16:00:00,LOWER,2678.27,2683.63,2663.69,2682.39,60,2674.3920000000003,2683.7071008586113,2665.0768991413893,2679.78,2685.3687028968893,2674.191297103111,False,19.940000000000055,3.9514999999999874,5.046184993040647,4.119999999999891,0.20661985957873016,0.9378134403209512,1.2400000000002365,14.579999999999927,2.024041503226526,0.7123877008731022,18.630201717222008,11.177405793778235,0.03303902160610073,0.2699105121696954,0.5999616087594849,1.5918005820574423,2.8875110717448793,2.108060230292282,7.986840440339123,False,0,1,0
GOLD#,2025-01-10 16:00:00,2025-01-10 17:00:00,UPPER,2682.39,2693.36,2680.67,2687.77,60,2675.4875,2685.6465252980297,2665.3284747019707,2680.75,2686.8307894281706,2674.6692105718294,True,12.690000000000055,4.71400000000001,2.6919813322019572,5.380000000000109,0.4239558707643882,0.5594956658786351,5.5900000000001455,1.7199999999998,2.6055366991938427,0.7257106491303074,20.318050596059038,12.161578856341293,0.09059745591894264,0.08805022209275837,0.598560319497393,1.6525243954178928,3.0335171828595993,3.218073822655927,7.592278319898152,True,1,2,0
GOLD#,2025-01-10 17:00:00,2025-01-10 18:00:00,UPPER,2686.78,2697.87,2682.26,2692.6,60,2676.5525,2688.9512658662425,2664.153734133757,2682.1925,2694.3931680173605,2669.9918319826397,False,15.609999999999673,5.0555000000000065,3.0877262387498075,5.819999999999709,0.3728379244074203,0.6623959000640556,5.269999999999982,4.519999999999982,3.174265651270914,0.8435367421619554,24.797531732485368,24.40133603472077,0.22046805697467775,1.0064283036735335,0.9840227768618773,2.7910196815349835,3.7464147957669924,3.9818019978241685,6.414795766986409,True,2,3,1
GOLD#,2025-01-13 12:00:00,2025-01-13 13:00:00,LOWER,2684.71,2685.04,2677.34,2679.4,60,2688.3309999999997,2695.8800473574374,2680.781952642562,2686.735,2694.941412131379,2678.5285878686213,False,7.699999999999818,7.653999999999973,1.006009929448634,-5.309999999999945,0.6896103896103988,0.2675324675324668,0.32999999999992724,2.0599999999999454,-1.1668408675202007,0.2070159393780357,15.098094714875515,16.412824262757567,0.089551445575339,0.2017885631085563,1.087079169438956,-0.8453096420172227,-1.2686177162268186,0.11889208257124541,1.9662921348314912,False,0,3,0
GOLD#,2025-01-13 17:00:00,2025-01-13 18:00:00,LOWER,2671.66,2672.78,2661.02,2661.73,60,2682.818,2699.195468180563,2666.4405318194376,2671.9325,2681.8211753444893,2662.0438246555104,True,11.760000000000218,6.633500000000003,1.7728197783975597,-9.929999999999836,0.8443877551020113,0.06037414965986592,1.1200000000003456,0.7100000000000364,-3.1790156026230774,-0.8536217682972649,32.75493636112515,19.777350688978913,0.23201844469503552,-0.38799827327387637,0.6037975611044525,-3.473279565840047,-3.933067008366644,-3.925529509308804,-1.638652295168446,False,1,3,1
GOLD#,2025-01-15 11:00:00,2025-01-15 12:00:00,UPPER,2683.91,2688.48,2682.89,2685.85,60,2674.7434999999996,2686.042693378556,2663.444306621443,2681.3475,2688.0522669660786,2674.642733033921,False,5.5900000000001455,5.029500000000008,1.1114424893130803,1.9400000000000546,0.34704830053667335,0.5295169946332664,2.630000000000109,1.0199999999999818,2.2082711999205302,0.747390396659619,22.598386757113076,13.409533932157501,0.0859127625820566,-0.2664368749123551,0.5933845666189739,1.9504920966298698,1.8649965205288985,2.972462471418589,0.13520230639225275,False,0,0,0
GOLD#,2025-01-15 15:00:00,2025-01-15 16:00:00,UPPER,2684.7,2694.13,2682.1,2693.74,60,2678.8405,2691.7999143002526,2665.881085699747,2686.42,2691.761685133916,2681.078314866084,True,12.0300000000002,4.257500000000005,2.825601879037037,9.039999999999964,0.7514546965918382,0.9675810473815195,0.3900000000003274,2.599999999999909,3.4995889606576567,1.3410452143275333,25.91882860050555,10.683370267832288,0.1408680449211055,-0.1685657622675849,0.4121856906613406,2.9266001174397105,5.5924838520258175,5.980035231943524,4.194950088079778,False,1,1,1
GOLD#,2025-01-16 03:00:00,2025-01-16 04:00:00,UPPER,2695.26,2702.21,2694.44,2696.14,60,2688.6985,2701.035312027608,2676.361687972392,2695.4075000000003,2697.73496644887,2693.0800335511303,False,7.769999999999982,5.618000000000029,1.3830544677821186,0.8799999999996544,0.11325611325606905,0.2187902187901959,6.070000000000164,0.8200000000001637,1.3245817016731698,1.1560163759344528,24.67362405521635,4.6549328977398545,-0.05811015789327001,-0.30307566434272903,0.18866028303433344,0.36667853328585526,2.06479174083301,4.181203275186839,5.040939836240577,False,0,2,0
GOLD#,2025-01-16 11:00:00,2025-01-16 12:00:00,UPPER,2698.99,2706.09,2697.47,2705.34,60,2694.3035,2705.5516221101107,2683.0553778898893,2696.4075,2705.6419734593114,2687.173026540688,False,8.620000000000346,5.78900000000001,1.4890309207117516,6.350000000000364,0.7366589327146298,0.9129930394431589,0.75,1.5199999999999818,1.906460528588727,0.6712731041630611,22.496244220221342,18.46894691862326,0.040342077664342835,0.19863551363089615,0.8209791260188205,1.4233891863880155,1.5529452409742996,3.707030575228882,6.246329245120098,False,0,3,0
GOLD#,2025-01-16 15:00:00,2025-01-16 16:00:00,UPPER,2703.64,2718.29,2701.34,2715.32,60,2698.7855,2710.2452076316763,2687.3257923683236,2705.77,2711.864062690169,2699.675937309831,True,16.949999999999818,5.020499999999993,3.3761577532118,11.680000000000291,0.6890855457227384,0.8247787610619568,2.9699999999998,2.299999999999727,3.2933970720048262,1.221591474952658,22.919415263352676,12.188125380337624,0.22181802574019294,-0.5473332733551632,0.5317816899031451,3.396076088039081,3.8203366198586433,6.130863459814808,9.186336022308616,False,1,3,1
GOLD#,2025-01-17 11:00:00,2025-01-17 12:00:00,LOWER,2711.49,2711.98,2703.97,2704.63,60,2714.6769999999997,2721.7206555851294,2707.63334441487,2711.505,2713.9553877391654,2709.054612260835,True,8.010000000000218,5.015999999999986,1.596889952153158,-6.859999999999673,0.856429463170972,0.08239700374535472,0.49000000000023647,0.6600000000003092,-2.0029904306219297,0.4479665071770036,14.087311170259454,4.900775478330615,-0.039110182528697246,-0.591374966881415,0.34788579730367064,-2.1391547049441884,-2.214912280701695,1.1263955342902925,4.655103668261558,False,0,2,0
GOLD#,2025-01-20 01:00:00,2025-01-20 02:00:00,LOWER,2701.71,2702.86,2691.01,2696.22,60,2708.541,2719.340296088289,2697.7417039117113,2702.6925,2710.106237254008,2695.278762745992,False,11.849999999999909,4.903999999999996,2.4163947797715983,-5.4900000000002365,0.46329113924052984,0.43966244725735204,1.150000000000091,5.209999999999582,-2.5124388254486902,-0.7103384991843962,21.598592176577768,14.827474508016167,0.12032839721796451,-0.584076874416997,0.6865018972901193,-4.04159869494294,-1.5803425774877662,-3.7275693311582816,-0.02650897226755898,False,0,1,0
GOLD#,2025-01-21 03:00:00,2025-01-21 04:00:00,UPPER,2705.27,2719.16,2702.91,2717.96,60,2707.933,2714.1814337239475,2701.6845662760525,2708.1175000000003,2717.4652430469646,2698.769756953036,True,16.25,5.939500000000043,2.735920532031296,12.690000000000055,0.7809230769230803,0.9261538461538573,1.199999999999818,2.3600000000001273,1.6881892415186415,0.6314504587928402,12.496867447895056,18.695486093928594,0.03133011135322161,0.2767341342708576,1.4960137948072434,1.747621853691394,1.6230322417711596,2.64668743160201,0.3737688357606261,False,0,1,0
GOLD#,2025-01-21 09:00:00,2025-01-21 10:00:00,UPPER,2724.48,2732.79,2722.61,2729.69,60,2713.8215,2730.7798198165956,2696.8631801834044,2725.5225,2730.4884943690795,2720.5565056309206,False,10.179999999999836,6.3695000000000395,1.5982416202213319,5.210000000000036,0.51178781925345,0.6954813359528528,3.099999999999909,1.8699999999998909,2.4913258497527186,0.9244838684355107,33.91663963319115,9.931988738158907,0.09073870964490949,0.037703566990247905,0.29283528219698296,1.8415888217285417,3.4712300808540686,3.731847083758511,2.2497841274825086,False,1,1,1
GOLD#,2025-01-21 16:00:00,2025-01-21 17:00:00,UPPER,2726.21,2738.51,2725.23,2738.17,60,2720.153,2737.7156183697434,2702.590381630256,2724.1974999999998,2735.113593627006,2713.2814063729934,True,13.2800000000002,6.656500000000028,1.9950424397205957,11.960000000000036,0.9006024096385434,0.9743975903614353,0.3400000000001455,0.9800000000000182,2.7066776834673183,0.821377600841173,35.12523673948726,21.83218725401275,0.07180724871929556,0.02640070717430887,0.6215527432864056,2.2414181626981162,2.025088259595878,4.484338616389962,5.137835198678004,False,0,2,0
GOLD#,2025-01-23 11:00:00,2025-01-23 12:00:00,LOWER,2752.68,2753.86,2740.91,2745.85,60,2754.282,2760.5529571835145,2748.0110428164858,2752.6625,2754.6341744344213,2750.6908255655785,True,12.950000000000273,4.35600000000004,2.9729109274564176,-6.829999999999927,0.5274131274131106,0.3814671814671776,1.180000000000291,4.940000000000055,-1.9357208448117922,-0.30842516069776904,12.541914367028767,3.9433488688428042,0.2147430478506518,-0.24425293591629393,0.3144136336323113,-0.950413223140458,-2.4931129476584086,-1.682736455463696,3.7098255280072787,False,0,0,0
GOLD#,2025-01-24 02:00:00,2025-01-24 03:00:00,UPPER,2754.57,2761.02,2754.35,2759.72,60,2751.712,2760.6171369443578,2742.806863055642,2754.13,2755.197707860474,2753.062292139526,False,6.670000000000073,5.715000000000055,1.1671041119860033,5.149999999999636,0.7721139430284228,0.8050974512743376,1.300000000000182,0.22000000000025466,1.4012248468940918,0.08993875765531387,17.81027388871553,2.1354157209480036,0.09513339874414695,-0.6530562202603541,0.11989797205201819,0.36570428696407187,1.3753280839894308,0.7436570428696342,2.593175853018297,False,0,1,0
GOLD#,2025-01-24 04:00:00,2025-01-24 05:00:00,UPPER,2762.3,2775.26,2762.3,2774.16,60,2753.3579999999997,2767.197460394017,2739.5185396059824,2757.6325,2771.556619364453,2743.708380635547,True,12.990000000000236,5.882000000000062,2.208432505950374,11.859999999999673,0.9151234567900957,0.9151234567900957,1.1000000000003638,0.0,3.5365521931315738,0.38337300238008004,27.678920788034702,27.848238728905926,0.3808100595761641,0.4482910856217237,1.0061172161359853,3.4223053383202044,5.535532131927848,3.655219313158751,4.413464807888433,False,1,2,1
GOLD#,2025-01-27 03:00:00,2025-01-27 04:00:00,LOWER,2769.64,2772.5,2762.86,2762.98,60,2773.568,2781.649120219082,2765.4868797809186,2769.5,2774.334294165267,2764.665705834733,True,9.639999999999873,5.385500000000024,1.7899916442298447,-6.6599999999998545,0.6908713692945998,0.01244813278007183,2.8600000000001273,0.11999999999989086,-1.9660198681645427,0.2009098505246179,16.16224043816328,9.668588330533566,0.23915761958555737,-0.522320438642536,0.5982207954104865,-1.934824993036863,-2.8985238139448626,0.6053291245010126,1.3944851917185377,False,0,2,0
GOLD#,2025-01-27 04:00:00,2025-01-27 05:00:00,LOWER,2762.97,2763.64,2754.05,2756.16,60,2772.6165,2783.651200312893,2761.5817996871074,2767.4825,2778.405993034567,2756.559006965433,True,9.58999999999969,5.648000000000025,1.6979461756373317,-6.809999999999945,0.71011470281545,0.22002085505732435,0.6700000000000728,2.1099999999996726,-2.913686260623258,-0.15412535410764677,22.06940062578542,21.84698606913389,0.36549141873139,1.2595838526024257,0.9899220390973525,-3.2595609065156212,-4.633498583569398,-1.0817988668555418,0.15226628895178274,True,1,2,1
GOLD#,2025-01-28 15:00:00,2025-01-28 16:00:00,UPPER,2745.53,2749.46,2745.16,2748.87,60,2741.059,2747.1685561212576,2734.949443878743,2743.6925,2748.0675542939366,2739.3174457060636,True,4.300000000000182,4.798500000000058,0.8961133687610982,3.3399999999996908,0.7767441860464068,0.8627906976743905,0.5900000000001455,0.3700000000003456,1.6278003542772947,-0.5474627487756425,12.219112242514711,8.750108587873001,0.08414777098055337,0.23542285163425247,0.7161001891306152,2.102740439720656,1.544232572678913,-2.6008127539855925,-5.793477128269219,False,0,0,0
GOLD#,2025-01-28 16:00:00,2025-01-28 17:00:00,UPPER,2748.89,2756.22,2748.89,2753.11,60,2742.0335,2749.2102437601384,2734.8567562398616,2745.0625,2754.9036127457725,2735.2213872542275,False,7.349999999999909,4.520500000000061,1.6259263355823053,4.220000000000255,0.575716234652155,0.575716234652155,3.1099999999996726,0.0,2.450282048445963,-0.032739741179002656,14.353487520276758,19.68222549154507,0.17467515114034082,1.2493692842650166,1.371250399161915,2.634664307045714,3.0461232164583114,-0.9246764738413407,-5.636544630018732,True,1,1,1
GOLD#,2025-01-29 17:00:00,2025-01-29 18:00:00,LOWER,2759.3,2759.67,2748.24,2754.18,60,2761.1684999999998,2766.982907192195,2755.3540928078046,2758.37,2762.6633436941497,2754.07665630585,False,11.430000000000291,3.5314999999999825,3.2365850205296183,-5.120000000000346,0.44794400699914394,0.5196850393700703,0.36999999999989086,5.940000000000055,-1.978904148378866,0.11425739770632776,11.628814384390353,8.586687388299652,0.19689414988181997,0.15364122881733833,0.7383974930260969,-2.438057482656143,-2.418235877106047,0.30298739912210515,-0.8806456180093849,False,0,1,0
GOLD#,2025-01-29 18:00:00,2025-01-29 19:00:00,LOWER,2754.27,2756.17,2748.29,2751.5,60,2760.5045,2767.4421609168166,2753.5668390831834,2757.1850000000004,2765.03145143208,2749.338548567921,False,7.880000000000109,3.888499999999999,2.026488363122055,-2.769999999999982,0.3515228426395867,0.40736040609136953,1.900000000000091,3.2100000000000364,-2.315674424585318,-0.18683296901124208,13.87532183363328,15.692902864158896,0.19318456507986492,0.8275852088830298,1.1309937925994527,-1.7204577600617348,-2.785135656422767,-0.9720972097210238,0.13629934422018777,True,1,1,1
GOLD#,2025-01-29 21:00:00,2025-01-29 22:00:00,LOWER,2750.49,2757.74,2744.66,2755.18,60,2758.951,2767.2281514421875,2750.6738485578126,2752.275,2757.943615357863,2746.606384642137,False,13.079999999999927,4.317000000000007,3.0298818624044257,4.690000000000055,0.35856269113150463,0.8042813455657524,2.5599999999999454,5.829999999999927,-0.8735232800556356,-0.6101459346768613,16.55430288437492,11.337230715726037,0.004397404714880704,-0.5194961828926385,0.6848509897947372,-0.8037989344452742,-0.8941394486912487,-1.6168635626592556,4.994208941394466,False,2,2,2
GOLD#,2025-01-30 08:00:00,2025-01-30 09:00:00,UPPER,2760.54,2766.47,2760.22,2765.59,60,2758.1285,2765.529416902452,2750.7275830975477,2760.7675,2763.103543680337,2758.4314563196626,True,6.25,5.127999999999974,1.218798751950084,5.050000000000182,0.8080000000000291,0.8592000000000553,0.8799999999996544,0.3200000000001637,1.4550507020281551,0.00838533541335131,14.801833804904163,4.672087360674595,0.0692746082405642,-0.0894468171922912,0.31564246851134303,0.6669266770671002,2.488299531981334,0.9633385335413571,4.5456318252730235,False,0,3,0
GOLD#,2025-01-31 14:00:00,2025-01-31 15:00:00,UPPER,2800.14,2807.73,2799.96,2805.45,60,2795.7255,2801.7226875902516,2789.7283124097485,2795.2574999999997,2806.5765944903615,2783.938405509638,False,7.769999999999982,5.457999999999993,1.4235983876877962,5.309999999999945,0.6833976833976779,0.7065637065636802,2.2800000000002,0.1799999999998363,1.7816965921582666,0.7366251374129881,11.994375180503084,22.6381889807235,0.4963583169652426,0.4312576368179004,1.8874004389592536,2.3433492121656245,1.7863686331989763,5.091608647856358,8.658849395382893,False,0,0,0
GOLD#,2025-02-03 01:00:00,2025-02-03 02:00:00,LOWER,2803.67,2803.67,2783.23,2792.87,59,2799.8460000000005,2811.9426878108093,2787.7493121891916,2799.9425,2810.6975685763737,2789.1874314236265,False,20.440000000000055,6.441499999999951,3.173173950166919,-10.800000000000182,0.5283757338551934,0.4716242661448066,0.0,9.639999999999873,-1.0829775673368969,0.16812854148886855,24.193375621617633,21.51013715274712,0.025437717462254206,-0.414983736046699,0.8890920179624316,-2.249476053714251,-0.20957851432118596,-0.26546611814019244,5.879065435069499,False,0,1,0
GOLD#,2025-02-03 16:00:00,2025-02-03 17:00:00,UPPER,2810.9,2830.71,2809.94,2829.47,60,2794.864,2819.9169698038527,2769.8110301961474,2805.2175,2828.0339392507412,2782.401060749259,True,20.769999999999982,8.706999999999994,2.3854370047088547,18.56999999999971,0.8940779971112048,0.9402985074626752,1.2400000000002365,0.9600000000000364,3.974503273228413,-0.01579189158146528,50.105939607705295,45.63287850148208,0.21948750617975143,0.0223836179608754,0.9107279268437201,3.7601929482025733,5.913632709314324,2.655334788101517,5.656368439186865,False,0,1,0
GOLD#,2025-02-04 15:00:00,2025-02-04 16:00:00,UPPER,2821.77,2836.97,2821.45,2831.53,60,2818.199,2826.8796126506263,2809.518387349374,2818.0474999999997,2830.3493494578966,2805.745650542103,True,15.519999999999982,6.492499999999995,2.3904505198305728,9.760000000000218,0.628865979381458,0.6494845360824996,5.4399999999996,0.3200000000001637,2.0532922603003683,0.27031189834426034,17.36122530125249,24.603698915793757,0.3713574739941736,0.3188360651620519,1.4171637363647815,2.9110512129380215,1.2599152868695105,3.209857527916852,4.81324605313824,False,0,1,0
GOLD#,2025-02-06 08:00:00,2025-02-06 09:00:00,LOWER,2868.31,2871.25,2857.94,2859.16,60,2868.6189999999997,2877.7891077412105,2859.448892258789,2869.2275,2872.829874229834,2865.625125770166,True,13.309999999999945,7.589999999999941,1.7536231884058036,-9.150000000000091,0.6874530428249533,0.09166040570997783,2.9400000000000546,1.2199999999998,-1.2462450592885252,0.20928853754938764,18.340215482421627,7.204748459667826,0.13272698987681197,-0.21719141023175081,0.3928388118761905,-1.3952569169960773,-1.8208168642951608,-0.027667984189728326,5.295125164690431,False,0,0,0
GOLD#,2025-02-06 16:00:00,2025-02-06 17:00:00,LOWER,2856.7,2859.69,2841.18,2841.83,60,2863.2365,2877.2595756607084,2849.2134243392916,2861.5249999999996,2876.630667813463,2846.4193321865364,True,18.51000000000022,6.767999999999984,2.7349290780142232,-14.86999999999989,0.8033495407887474,0.03511615343058257,2.9900000000002365,0.650000000000091,-3.1628989361702278,-0.6136968085106914,28.0461513214168,30.211335626926484,0.31175456033460924,0.24703175085686047,1.0772007638658174,-2.109929078014219,-4.255319148936207,-2.9565602836879825,2.9728132387706765,False,0,1,0
GOLD#,2025-02-07 16:00:00,2025-02-07 17:00:00,UPPER,2862.57,2878.27,2855.97,2876.06,60,2863.142,2874.7261281064198,2851.55787189358,2865.3175,2874.279971762362,2856.355028237638,True,22.300000000000182,5.185000000000014,4.300867888138885,13.489999999999782,0.6049327354259942,0.9008968609865463,2.2100000000000364,6.600000000000364,2.491417550626825,0.8841851494696089,23.16825621283988,17.924943524723858,0.06299309651203977,0.13783137620744124,0.7736854841405729,1.8862102217935814,1.4233365477338649,3.7357762777241734,1.1224686595950142,False,0,1,0
GOLD#,2025-02-10 01:00:00,2025-02-10 02:00:00,LOWER,2857.59,2870.24,2853.84,2867.65,60,2865.223,2875.7556086030822,2854.6903913969177,2859.8975,2865.6491171717544,2854.1458828282457,False,16.399999999999636,7.6460000000000035,2.144912372482295,10.059999999999945,0.6134146341463518,0.8420731707317227,2.5899999999996908,3.75,0.3174208736594472,0.045448600575445246,21.06521720616456,11.503234343508666,-0.005371675134654641,1.2974143667356755,0.5460771769370761,0.9155113784985609,0.024849594559253792,1.5406748626733187,0.6722469264974981,False,0,1,0
GOLD#,2025-02-10 08:00:00,2025-02-10 09:00:00,UPPER,2879.27,2892.22,2878.92,2888.43,60,2869.2285,2885.579172493365,2852.877827506635,2876.93,2886.377666383421,2867.4823336165787,True,13.299999999999727,8.384999999999968,1.5861657722122573,9.159999999999854,0.6887218045112814,0.7150375939849593,3.7899999999999636,0.34999999999990905,2.289982110912313,0.4736434108527276,32.701344986729964,18.89533276684233,0.18678051281463315,-0.12394546127466499,0.5778151563646681,2.457960644007126,3.394156231365551,3.1520572450804933,2.3697078115682726,False,0,2,0
GOLD#,2025-02-11 01:00:00,2025-02-11 02:00:00,UPPER,2907.14,2921.5,2906.94,2917.88,60,2899.633,2921.212649765047,2878.0533502349526,2905.975,2911.0457396004686,2900.9042603995313,False,14.559999999999945,7.099000000000001,2.050993097619375,10.740000000000236,0.7376373626373817,0.7513736263736329,3.619999999999891,0.1999999999998181,2.570362022820157,1.7129877447527757,43.15929953009436,10.141479200937283,-0.047267222587988766,-0.1376330621860442,0.2349778451308223,2.393294830257816,2.193266657275695,8.008170164811931,8.658966051556591,False,0,2,0
GOLD#,2025-02-11 14:00:00,2025-02-11 15:00:00,LOWER,2903.84,2904.23,2886.42,2889.33,60,2910.931,2930.922102920571,2890.939897079429,2904.2025000000003,2911.585852903339,2896.8191470966617,True,17.809999999999945,10.107000000000061,1.762145047986528,-14.510000000000218,0.8147108366086616,0.1633913531723674,0.38999999999987267,2.9099999999998545,-2.1372316216483607,-0.04531512812902749,39.98220584114188,14.766705806677237,0.1479907468118462,-0.564185011983905,0.3693319439489811,-2.8059760561986695,-3.293756802216262,-1.5128129019491314,2.163846838824553,False,0,1,0
GOLD#,2025-02-12 03:00:00,2025-02-12 04:00:00,LOWER,2892.26,2897.56,2883.74,2893.27,60,2902.523,2918.8024116595725,2886.243588340428,2896.2075,2905.7708623843314,2886.6441376156686,False,13.820000000000164,8.67849999999994,1.5924410900501538,1.0099999999997635,0.073082489146147,0.689580318379167,4.289999999999964,8.520000000000437,-1.0661980757043523,-0.8671429394480372,32.55882331914472,19.126724768662825,-0.02939521680772761,0.8438740111379213,0.5874513517021431,-1.4495592556317354,0.4539955061358624,-3.3819208388546538,2.9521230627412653,False,0,1,0
GOLD#,2025-02-12 06:00:00,2025-02-12 07:00:00,LOWER,2888.93,2890.41,2883.95,2885.29,60,2898.163,2910.552579653174,2885.7734203468262,2891.7225000000003,2898.3661360596752,2885.0788639403254,False,6.460000000000036,8.585499999999957,0.752431425077173,-3.6399999999998727,0.563467492260039,0.2074303405572969,1.4800000000000182,1.3400000000001455,-1.4993885038728219,-0.921903208898725,24.779159306347537,13.287272119349836,-0.015564555929194479,-0.353032078957914,0.5362277208470955,-1.4035292062198175,-2.264282802399412,-3.997437540038476,1.337138198124754,False,1,2,1
GOLD#,2025-02-12 12:00:00,2025-02-12 13:00:00,LOWER,2886.76,2889.9,2879.39,2882.59,60,2894.6544999999996,2908.0536230676767,2881.2553769323226,2890.9325,2900.692925200436,2881.1720747995637,False,10.510000000000218,7.648999999999956,1.3740358216760726,-4.170000000000073,0.3967649857278769,0.30447193149383506,3.1399999999998727,3.200000000000273,-1.5772650019609842,-0.4586874101190205,26.79824613535402,19.520850400872405,0.09704760102625376,-0.08651686213322307,0.7284376112628955,-0.3529873186037173,-1.928356647927845,-2.685318342266974,-1.8263825336645159,False,1,3,1
GOLD#,2025-02-12 15:00:00,2025-02-12 16:00:00,LOWER,2885.1,2885.69,2863.72,2884.76,60,2891.9585,2906.142482902665,2877.7745170973353,2883.555,2894.254925237694,2872.855074762306,False,21.970000000000255,6.780499999999984,3.240174028464023,-0.33999999999969077,0.015475648611729032,0.9576695493855336,0.5900000000001455,21.04000000000042,-1.0616473711378194,-0.6087309195487154,28.36796580532973,21.39985047538812,-0.01963361269882402,-0.4075904422501496,0.7543667608118573,-1.1592065481896159,-1.2550696851264338,-0.6739915935402581,-2.928987537792157,False,1,4,1
GOLD#,2025-02-13 05:00:00,2025-02-13 06:00:00,UPPER,2908.7,2918.02,2907.22,2916.46,60,2897.2585,2916.6624040139463,2877.8545959860535,2906.7575,2911.313144860609,2902.2018551393912,False,10.800000000000182,7.974499999999989,1.354316885071189,7.760000000000218,0.7185185185185267,0.8555555555555631,1.5599999999999454,1.4800000000000182,2.4078625619161262,0.6836792275378059,38.80780802789286,9.111289721217872,0.11769551661924371,-0.029092864733042956,0.23477980809091797,1.9436955295002847,2.7725876230484867,3.0146090663991467,-2.18947896419839,False,0,3,0
GOLD#,2025-02-14 12:00:00,2025-02-14 13:00:00,UPPER,2935.28,2939.94,2934.34,2935.87,60,2927.405,2939.8217185672706,2914.9882814327298,2934.1275,2939.6346862235987,2928.6203137764014,False,5.599999999999909,6.236000000000035,0.8980115458627128,0.5899999999996908,0.10535714285708934,0.27321428571424466,4.070000000000164,0.9400000000000546,1.3574406670942338,0.9167735728030895,24.833437134540873,11.014372447197275,-0.13059755144797913,-0.18497783927666456,0.443529922480097,1.1658114175753593,1.2283515073764932,3.308210391276458,7.086273252084638,False,0,0,0
GOLD#,2025-02-14 15:00:00,2025-02-14 16:00:00,LOWER,2930.86,2933.2,2917.57,2920.53,60,2929.0645,2938.0272394795675,2920.1017605204324,2933.2775,2942.7623247269635,2923.792675273037,False,15.629999999999654,5.713500000000022,2.735626148595361,-10.329999999999927,0.6609085092770413,0.18937939859245692,2.3399999999996908,2.9600000000000364,-1.4937428896472775,0.8348647939091561,17.925478959135035,18.96964945392665,-0.15276487989331122,0.20561374803421062,1.058250632921554,-1.9742714623260176,-1.6207228493917438,0.4953181062396729,7.165485254222437,False,1,1,0
GOLD#,2025-02-14 17:00:00,2025-02-14 18:00:00,LOWER,2921.05,2921.66,2892.94,2901.86,60,2928.054,2942.6126131200303,2913.49538687997,2925.8525,2946.1370630985666,2905.5679369014333,True,28.7199999999998,6.524499999999966,4.401869875086206,-19.190000000000055,0.6681754874651876,0.3105849582172749,0.6099999999996726,8.920000000000073,-4.01471377117022,0.30937236569854265,29.117226240060518,40.5691261971333,0.705967924245013,-0.0992015477938144,1.3933032584442007,-5.117633535136799,-3.451605487010514,-2.040003065368996,2.6208904896926963,False,2,2,1
GOLD#,2025-02-18 03:00:00,2025-02-18 04:00:00,LOWER,2899.28,2899.89,2892.02,2895.67,60,2899.4655000000002,2904.1496967275248,2894.7813032724757,2898.7725,2900.7286953109215,2896.8163046890786,False,7.869999999999891,5.502000000000043,1.4303889494728879,-3.6100000000001273,0.4587039390089171,0.46378653113089474,0.6099999999996726,3.650000000000091,-0.6898400581606952,0.576972010178127,9.368393455049045,3.91239062184286,0.07599379834298503,0.22138220980031242,0.41761595951484065,-0.6434023991275782,-1.3067975281715736,2.4100327153762477,-5.966921119592815,False,0,0,0
GOLD#,2025-02-18 04:00:00,2025-02-18 05:00:00,UPPER,2895.74,2905.17,2895.27,2903.01,60,2899.441,2904.044971761659,2894.8370282383407,2898.1625,2903.929050103344,2892.395949896656,False,9.900000000000091,5.599000000000046,1.7681728880157186,7.270000000000437,0.7343434343434717,0.7818181818181985,2.1599999999998545,0.4699999999997999,0.6374352562958359,0.44624040007138305,9.207943523318136,11.533100206687777,-0.017126728558185755,1.947839651362655,1.2525163927734169,0.823361314520466,0.3518485443829681,4.266833363100576,-4.500803714949028,True,1,1,0
GOLD#,2025-02-18 05:00:00,2025-02-18 06:00:00,UPPER,2903.11,2910.75,2902.71,2908.89,60,2899.9155,2906.0922579669354,2893.7387420330647,2899.34,2909.76853777356,2888.91146222644,False,8.039999999999964,5.749500000000057,1.398382468040679,5.779999999999745,0.7189054726367875,0.7686567164178936,1.8600000000001273,0.40000000000009095,1.5609183407252314,0.3798591181842203,12.353515933870767,20.857075547120075,0.34161508512588123,0.8084535097532182,1.6883513696642685,1.8610313940342138,1.9479954778675896,4.3951647969388175,-3.866423167231898,True,2,2,1
GOLD#,2025-02-18 16:00:00,2025-02-18 17:00:00,UPPER,2918.75,2928.68,2917.78,2928.0,60,2908.08,2925.1861275565548,2890.973872443445,2915.57,2927.7418034858106,2903.3981965141897,True,10.899999999999636,5.060000000000059,2.1541501976283612,9.25,0.8486238532110375,0.9376146788990956,0.6799999999998363,0.9699999999997999,3.936758893280601,1.0116600790513097,34.21225511310968,24.34360697162083,0.15145126720928093,0.18691813127059742,0.7115464002924696,3.0869565217390726,4.938735177865512,5.328063241106665,-1.5553359683794068,False,0,3,0
GOLD#,2025-02-19 11:00:00,2025-02-19 12:00:00,UPPER,2938.58,2946.58,2938.17,2945.43,60,2932.3385000000003,2942.8582514694226,2921.818748530578,2934.3175,2944.7834591103915,2923.8515408896087,True,8.409999999999854,6.454499999999962,1.3029669223022549,6.849999999999909,0.8145065398335348,0.8632580261593209,1.150000000000091,0.4099999999998545,2.0282748470059055,1.02316213494466,21.039502938844635,20.93191822078279,0.005701738091141939,0.5259029496746614,0.9948865370833826,2.5672011774730508,1.854520102254221,5.120458594778825,7.607095824618514,False,0,1,0
GOLD#,2025-02-21 03:00:00,2025-02-21 04:00:00,LOWER,2939.89,2949.68,2926.49,2928.41,60,2942.6684999999998,2955.7847437830837,2929.552256216916,2939.3075,2945.607492071535,2933.0075079284647,True,23.190000000000055,7.105000000000041,3.26389866291343,-11.480000000000018,0.4950409659335917,0.08279430789133542,9.789999999999964,1.9200000000000728,-2.006826178747337,-0.07916959887403191,26.232487566167947,12.599984143070287,0.14364114851603893,-0.03298347445440597,0.48031983666392714,-1.8648838845883073,-2.3940886699507558,-1.749472202674204,-0.7881773399015245,False,0,0,0
GOLD#,2025-02-21 10:00:00,2025-02-21 11:00:00,LOWER,2929.95,2931.22,2916.77,2923.21,60,2935.7504999999996,2947.464301218137,2924.0366987818625,2929.5924999999997,2932.3701789051265,2926.814821094873,True,14.449999999999818,8.893000000000029,1.6248734960080704,-6.739999999999782,0.4664359861591603,0.44567474048443845,1.2699999999999818,6.440000000000055,-1.410154053750092,-0.7348476329697838,23.427602436274356,5.555357810253554,0.015403540482497036,-0.28213607372491567,0.23712873843427792,-1.7912965253569981,-1.6496120544248314,-2.883166535477318,-0.9535589789722243,False,0,1,0
GOLD#,2025-02-21 17:00:00,2025-02-21 18:00:00,LOWER,2933.35,2935.69,2921.56,2928.66,60,2932.3975,2942.2035794907238,2922.5914205092763,2930.655,2937.8496924951723,2923.460307504828,False,14.13000000000011,8.166500000000019,1.7302393926406756,-4.690000000000055,0.3319179051663141,0.5024769992922756,2.3400000000001455,7.099999999999909,-0.4576624012735166,-0.31194514173760135,19.612158981447465,14.389384990344297,-0.06003274462270647,0.8717211254767998,0.7336971418575711,-0.07959346109105363,-0.3098022408620822,-0.7861384926223055,-0.9232841486560884,False,0,2,0
GOLD#,2025-02-24 03:00:00,2025-02-24 04:00:00,LOWER,2930.03,2931.29,2921.1,2927.98,60,2932.0475,2940.6890250377714,2923.405974962229,2934.025,2943.7424688113965,2924.3075311886037,False,10.190000000000055,7.699499999999989,1.3234625625040677,-2.050000000000182,0.20117762512268605,0.675171736997063,1.2599999999997635,6.880000000000109,-0.5282810572115222,-0.06701733878824302,17.283050075542633,19.43493762279286,0.004874444277284562,1.1011443208100835,1.1245085524745067,-1.7910253912591705,-0.27664134034679033,-1.5559451912461895,-0.9870770829274524,False,0,3,0
GOLD#,2025-02-25 09:00:00,2025-02-25 10:00:00,LOWER,2935.89,2940.46,2930.67,2931.62,60,2944.478,2957.1869017612453,2931.769098238755,2937.5075,2942.7981237912636,2932.2168762087367,True,9.789999999999964,6.994499999999948,1.3996711702051665,-4.269999999999982,0.4361593462717056,0.09703779366698893,4.570000000000164,0.9499999999998181,-1.8383015226249582,-0.12438344413466257,25.41780352249043,10.581247582526885,0.09175551972598672,-0.7151611929091094,0.4162927600397997,-2.560583315462212,-2.2503395525055905,-1.0022160268783002,0.19157909786256355,False,0,0,0
GOLD#,2025-02-25 14:00:00,2025-02-25 15:00:00,LOWER,2938.59,2941.27,2924.04,2928.6,60,2942.554,2955.96130159194,2929.1466984080603,2939.1349999999998,2945.0740571727197,2933.19594282728,True,17.230000000000018,5.962999999999942,2.8894851584773074,-9.990000000000236,0.5798026697620561,0.26465467208357174,2.6799999999998363,4.559999999999945,-2.340097266476658,-0.37908770752974796,26.814603183879626,11.878114345439826,0.10396511942596898,-0.5928640524560544,0.4429718487343008,-1.215830957571704,-3.5150092235452353,-3.191346637598589,-0.3186315612946687,False,1,1,1
GOLD#,2025-02-25 17:00:00,2025-02-25 18:00:00,LOWER,2932.23,2934.88,2900.49,2905.84,60,2939.6235,2960.520064573575,2918.7269354264254,2934.2025000000003,2950.3321590199657,2918.072840980035,True,34.39000000000033,7.0314999999999825,4.890848325392934,-26.389999999999873,0.7673742366967031,0.1555684792090815,2.650000000000091,5.350000000000364,-4.804593614449277,-0.5934722320983836,41.79312914714956,32.259318039930804,0.4661710223225264,0.0009058444393490461,0.7718808976075678,-4.711654696721856,-4.782763279527802,-4.666145203726094,-3.556851311953328,False,1,2,1
GOLD#,2025-02-26 16:00:00,2025-02-26 17:00:00,LOWER,2905.93,2906.17,2890.81,2901.39,60,2913.879,2924.009131093959,2903.748868906041,2911.4725,2924.4017343198643,2898.5432656801354,False,15.360000000000127,7.612500000000023,2.0177339901477938,-4.539999999999964,0.29557291666666186,0.6888020833333229,0.24000000000023647,10.579999999999927,-1.6405911330049254,-0.3137602627258416,20.26026218791776,25.858468639728926,0.1408474007356162,5.909387237698869,1.2763146103385408,-2.1714285714285912,-2.5970443349753594,-4.734318555008191,-5.927093596059141,False,0,1,0
GOLD#,2025-02-27 10:00:00,2025-02-27 11:00:00,LOWER,2891.81,2892.07,2880.62,2881.33,60,2906.9695,2927.815286600214,2886.123713399786,2893.585,2903.624342612761,2883.545657387239,True,11.450000000000273,7.1944999999999935,1.591493501980719,-10.480000000000018,0.9152838427947396,0.06200873362445585,0.2600000000002183,0.7100000000000364,-3.563763986378518,-0.8177774688998427,41.69157320042814,20.07868522552235,0.20111000399662893,-0.5451679070034718,0.4816005653947392,-3.523524914865513,-4.521509486413264,-4.703593022447728,-7.578010980610193,False,0,1,0
GOLD#,2025-02-27 16:00:00,2025-02-27 17:00:00,LOWER,2888.84,2892.39,2867.71,2872.06,60,2899.371,2927.58790479097,2871.1540952090304,2887.5125,2900.724354529014,2874.3006454709857,False,24.679999999999836,7.582500000000005,3.2548631717770946,-16.7800000000002,0.6799027552674356,0.17625607779578353,3.549999999999727,4.349999999999909,-3.6018463567425165,-1.0021101219914346,56.433809581939386,26.42370905802818,0.0894324167949172,0.027926154275236037,0.46822479740025574,-1.2225519287833797,-4.5657764589515155,-4.461589185624781,-7.456643587207376,False,1,2,1
GOLD#,2025-02-28 05:00:00,2025-02-28 06:00:00,LOWER,2873.37,2876.29,2863.67,2865.71,60,2879.9875,2894.1732898964124,2865.801710103588,2875.2625,2880.6694122514427,2869.855587748557,True,12.61999999999989,9.375499999999988,1.3460615433843428,-7.6599999999998545,0.6069730586370777,0.16164817749603655,2.9200000000000728,2.0399999999999636,-1.522852114553908,-0.8721668177696859,28.371579792824377,10.813824502885836,0.022320854612043473,0.5133424317926771,0.38114988949684164,-0.8682203615807033,-0.6772972108154144,-4.369900271985478,-5.5314383232894455,False,0,2,0
GOLD#,2025-02-28 09:00:00,2025-02-28 10:00:00,LOWER,2863.42,2865.24,2857.32,2858.41,60,2874.8255,2891.5227698063422,2858.1282301936576,2864.1549999999997,2868.0222470950207,2860.287752904979,False,7.919999999999618,8.743999999999982,0.9057639524244778,-5.010000000000218,0.6325757575758156,0.13762626262623023,1.819999999999709,1.0899999999996908,-1.8773444647758577,-0.8535567246111454,33.39453961268464,7.734494190041914,0.00781563995302692,-0.7570875965345767,0.23160954694233996,-1.8709972552607685,-3.3096980786825383,-4.088517840805132,-6.517612076852739,False,1,3,1
GOLD#,2025-02-28 10:00:00,2025-02-28 11:00:00,LOWER,2858.59,2860.27,2851.06,2855.96,60,2873.4255000000003,2891.4657998585385,2855.385200141462,2862.3725000000004,2871.2155028889415,2853.5294971110593,False,9.210000000000036,8.72299999999998,1.055829416485161,-2.630000000000109,0.28555917480999987,0.5320304017372499,1.6799999999998363,4.900000000000091,-2.002235469448617,-0.9153387596010076,36.08059971707644,17.6860057778822,0.08043411095182518,1.2866402564052297,0.4901804824910287,-1.9901410065344685,-2.6630746302877535,-4.114410179983945,-5.813366960907962,True,2,4,2
GOLD#,2025-02-28 15:00:00,2025-02-28 16:00:00,LOWER,2856.38,2862.23,2848.27,2848.53,60,2868.2535,2888.120524210651,2848.3864757893484,2860.9375,2871.4880402749673,2850.3869597250327,False,13.960000000000036,7.317499999999972,1.9077553809361243,-7.849999999999909,0.5623209169054362,0.018624641833826477,5.849999999999909,0.2600000000002183,-2.6953877690467616,-0.8981209429450142,39.73404842130276,21.101080549934522,0.1012674563476792,-0.09084489953473773,0.5310579059601066,-1.3501879057054584,-3.585924154424309,-4.988042364195441,-8.87598223436967,False,2,4,2
GOLD#,2025-02-28 16:00:00,2025-02-28 17:00:00,LOWER,2848.57,2851.64,2833.4,2833.83,60,2865.7805,2889.4872909888054,2842.0737090111943,2857.4900000000002,2880.400172415182,2834.5798275848183,True,18.23999999999978,7.697499999999968,2.3696005196492185,-14.740000000000236,0.8081140350877419,0.023574561403500078,3.069999999999709,0.4299999999998363,-4.150763234816506,-0.9931796037675178,47.4135819776111,45.820344830363865,0.19327337287360535,1.1714691208316368,0.9663970305386425,-2.874959402403404,-5.130237089964326,-7.146476128613244,-10.402078596947126,True,2,5,2
GOLD#,2025-03-03 01:00:00,2025-03-03 02:00:00,UPPER,2855.45,2876.9,2855.02,2870.91,60,2855.9685,2873.5199993942997,2838.4170006057,2851.255,2867.7213414301013,2834.788658569899,False,21.88000000000011,8.93449999999998,2.448933907885182,15.460000000000036,0.7065813528336362,0.7262340036562976,5.9900000000002365,0.4299999999998363,1.6723375678549375,-0.7195142425429515,35.10299878859951,32.932682860202476,-0.0242573633814005,0.045516978228725025,0.9381729195996243,2.4970619508646252,0.9144328166097813,-0.6849851698472617,-5.07918741955344,False,0,5,0
GOLD#,2025-03-03 16:00:00,2025-03-03 17:00:00,UPPER,2872.5,2882.99,2871.23,2876.37,60,2865.7275,2881.932194226887,2849.522805773113,2873.5225,2879.4085767999313,2867.6364232000687,False,11.759999999999764,7.311000000000012,1.6085350841197843,3.869999999999891,0.32908163265305856,0.4370748299319708,6.619999999999891,1.2699999999999818,1.455683217070156,1.0633976200246171,32.40938845377423,11.772153599862577,-0.0881187513096916,-0.5220948368368818,0.36323282115160227,1.0819313363424758,1.1202297907263083,3.8079606073040138,-1.1845164820134448,False,0,3,0
GOLD#,2025-03-03 17:00:00,2025-03-03 18:00:00,UPPER,2875.32,2890.46,2873.72,2887.89,60,2867.86,2883.9438316326255,2851.776168367375,2874.395,2879.2869934683895,2869.5030065316105,True,16.740000000000236,7.54849999999999,2.2176591375770363,12.569999999999709,0.7508960573476423,0.8464755077658227,2.5700000000001637,1.6000000000003638,2.653507319334937,1.239186593362897,32.16766326525067,9.783986936779002,-0.007458492741025835,-0.16888725127633264,0.30415597353470863,2.7104722792607885,3.057561104855264,7.161687752533618,-0.12585281844078614,True,1,3,1
GOLD#,2025-03-04 09:00:00,2025-03-04 10:00:00,UPPER,2887.29,2901.05,2886.84,2900.04,60,2886.8885,2900.8921656266966,2872.8848343733034,2889.13,2894.7932852741246,2883.4667147258756,False,14.210000000000036,7.334500000000003,1.9374190469698045,12.75,0.8972554539056979,0.928923293455298,1.0100000000002183,0.4499999999998181,1.7931010975526533,0.9682323266752685,28.007331253393204,11.326570548249038,-0.006794246574017615,-0.3260376434043659,0.4044144886841647,1.59520076351487,1.3729633921876283,4.7024337037289206,4.896039266480311,False,0,2,0
GOLD#,2025-03-04 10:00:00,2025-03-04 11:00:00,UPPER,2899.87,2918.66,2896.8,2914.0,60,2888.8740000000003,2906.0669071417283,2871.681092858272,2891.9775,2911.0048776463377,2872.950122353662,True,21.859999999999673,7.729500000000007,2.8281260107380364,14.13000000000011,0.6463860933211492,0.7868252516011014,4.6599999999998545,3.069999999999709,3.2506630441813478,1.0362895400737708,34.38581428345606,38.05475529267551,0.2277433352129925,2.359777359843342,1.1066992620554192,3.698816223559107,4.2020829290381,6.57092955559867,6.543760915971264,True,1,3,1
GOLD#,2025-03-05 15:00:00,2025-03-05 16:00:00,LOWER,2916.11,2916.27,2894.3,2899.98,60,2913.3775,2923.6234687185183,2903.131531281482,2915.3925,2924.6473095657534,2906.1376904342465,True,21.9699999999998,7.46299999999992,2.9438563580329675,-16.13000000000011,0.7341829767865388,0.2585343650432357,0.15999999999985448,5.679999999999836,-1.7951896020367386,-0.07222296663543085,20.49193743703654,18.509619131506952,0.24794723288831033,-0.24987354711020437,0.9032635000169967,-2.4185984188664578,-0.9634195363794897,-3.3311000937961133,3.4423154227522885,False,0,0,0
GOLD#,2025-03-07 02:00:00,2025-03-07 03:00:00,LOWER,2910.45,2910.45,2896.23,2904.81,60,2910.3585000000003,2924.2100245002584,2896.506975499742,2910.9049999999997,2918.3809079781554,2903.429092021844,False,14.25,8.13949999999993,1.7507217888076811,-5.639999999999873,0.39662447257383626,0.6033755274261637,0.0,8.579999999999927,-0.6816757786105262,-0.3691872965170016,27.70304900051633,14.951815956311293,-0.03634221380390901,-0.3574939393847498,0.5397173414389377,-1.3182627925548387,-0.1167147859205456,-1.6524356532957045,-1.5860925118250464,False,0,0,0
GOLD#,2025-03-07 15:00:00,2025-03-07 16:00:00,UPPER,2918.54,2926.34,2910.19,2913.72,60,2913.0315,2923.5741282767112,2902.488871723289,2919.1975,2924.7363356266114,2913.658664373389,False,16.15000000000009,6.196499999999969,2.6063100137174486,-4.820000000000164,0.2984520123839094,0.21857585139317184,7.800000000000182,3.5299999999997453,0.11111111111107115,0.4254014362946793,21.08525655342237,11.077671253222434,-0.014005349664638178,-0.24755748339327066,0.525375217757282,-0.5470830307432171,1.1135318324860277,1.6912773339788703,0.08875978374884691,False,0,1,0
GOLD#,2025-03-07 16:00:00,2025-03-07 17:00:00,UPPER,2913.64,2928.79,2903.78,2926.78,60,2913.5935,2925.694300427279,2901.492699572721,2917.23,2925.649881240165,2908.810118759835,True,25.009999999999764,6.709999999999991,3.727272727272697,13.140000000000327,0.5253898440623931,0.9196321471411523,2.0099999999997635,9.859999999999673,1.9652011922504127,0.35268256333831455,24.20160085455791,16.839762480330137,0.1477973148318048,0.5201536582367474,0.6958119250677043,0.6542473919523597,2.7868852459016837,3.321907600596192,1.5886736214605548,True,1,2,1
GOLD#,2025-03-10 10:00:00,2025-03-10 11:00:00,LOWER,2908.4,2910.67,2897.57,2897.86,60,2911.4280000000003,2922.184677181227,2900.6713228187737,2910.8875,2919.659062010154,2902.115937989846,True,13.099999999999909,8.332999999999902,1.572062882515308,-10.539999999999964,0.8045801526717585,0.02213740458015005,2.269999999999982,0.2899999999999636,-1.6282251290052046,-0.3844953798151639,21.513354362453356,17.543124020307914,0.16640486597742998,0.2883831637624472,0.8154527520322646,-1.6344653786151506,-1.4136565462618365,-2.943717748709952,-1.4676587063482733,False,0,2,0
GOLD#,2025-03-10 18:00:00,2025-03-10 19:00:00,LOWER,2904.5,2906.79,2895.82,2895.9,60,2908.2955,2918.7500941567114,2897.840905843289,2905.7275,2912.6828648428805,2898.7721351571195,True,10.9699999999998,7.9349999999999,1.3824826717076166,-8.599999999999909,0.7839562443026495,0.007292616226064604,2.2899999999999636,0.07999999999992724,-1.5621298046629162,-0.22904851921866817,20.90918831342242,13.910729685760998,0.19108279834105524,-0.04155699310695593,0.6652926683352486,-0.8947700063011971,-1.8853182104600157,-2.28355387523631,-2.3440453686200557,False,0,1,0
GOLD#,2025-03-10 19:00:00,2025-03-10 20:00:00,LOWER,2895.88,2896.14,2882.79,2886.07,60,2907.0425000000005,2921.1919238392143,2892.8930761607867,2903.02,2920.771619647157,2885.268380352843,False,13.349999999999909,8.164499999999885,1.6351276869373625,-9.809999999999945,0.7348314606741583,0.24569288389514773,0.25999999999976353,3.2800000000002,-2.568742727662515,-0.3045501867841948,28.29884767842759,35.50323929431397,0.3534168449887394,1.552219768216403,1.2545825080142163,-2.2058913589319635,-2.9162839120583355,-2.7105150346010123,-3.8067242329598097,True,1,2,1
GOLD#,2025-03-11 15:00:00,2025-03-11 16:00:00,UPPER,2913.05,2922.22,2906.79,2917.64,60,2898.2235,2920.459585334045,2875.987414665955,2912.585,2915.6171609618145,2909.5528390381855,False,15.429999999999836,7.081000000000017,2.179070752718514,4.589999999999691,0.2974724562540337,0.703175631885938,4.579999999999927,6.260000000000218,2.742056206750426,0.38899872899308013,44.47217066809026,6.064321923628995,0.09100497772277105,-0.4092339712754415,0.1363621750979715,2.341477192486921,3.8186696794237958,1.5379183731111208,-0.145459680836068,False,0,2,0
GOLD#,2025-03-12 08:00:00,2025-03-12 09:00:00,BOTH,2916.07,2921.07,2911.4,2911.91,60,2915.5170000000003,2919.3599420995633,2911.674057900437,2915.5525000000002,2918.038681831371,2913.0663181686296,False,9.670000000000073,5.235000000000014,1.8471824259789966,-4.160000000000309,0.4301964839710732,0.05274043433296378,5.0,0.5099999999997635,-0.6890162368673193,0.6710601719198406,7.6858841991261215,4.9723636627413725,-0.007886111370353,0.00334132326667258,0.6469475123378422,-0.4297994269340963,-1.1079274116523719,3.073543457497545,0.20057306590252616,False,0,1,0
GOLD#,2025-03-12 10:00:00,2025-03-12 11:00:00,UPPER,2914.46,2922.19,2913.99,2922.12,60,2916.0715,2920.452482878364,2911.690517121636,2914.34,2920.4421307834627,2908.2378692165375,True,8.200000000000273,5.687500000000023,1.441758241758284,7.6599999999998545,0.9341463414633658,0.9914634146341267,0.07000000000016371,0.47000000000025466,1.0634725274725014,0.3852307692307331,8.761965756728387,12.204261566925197,0.2438682421317262,-0.015118980715911334,1.3928679825704002,1.0303296703296085,0.6681318681318175,3.7028571428571184,1.3626373626373571,False,1,2,0
GOLD#,2025-03-12 15:00:00,2025-03-12 16:00:00,LOWER,2917.51,2918.72,2906.05,2915.6,60,2915.9955,2920.171615297801,2911.819384702199,2915.3775,2920.483917540567,2910.2710824594333,False,12.669999999999618,5.618000000000029,2.2552509789960045,-1.9100000000003092,0.1507498026835333,0.7537490134175229,1.2099999999995816,9.549999999999727,-0.07039871840514092,0.0626557493770585,8.352230595602123,10.212835081133562,-0.005881664791219099,-0.6071125083699036,1.22276737504244,0.19401922392304827,0.1423994304022291,0.4449982200071177,2.050551797792795,False,1,3,0
GOLD#,2025-03-12 16:00:00,2025-03-12 17:00:00,UPPER,2915.54,2922.51,2914.32,2921.89,60,2916.2045000000003,2921.065193261306,2911.3438067386946,2915.6324999999997,2920.3441345463807,2910.9208654536187,True,8.190000000000055,6.1059999999999945,1.3413036357681072,6.349999999999909,0.775335775335759,0.9242979242978826,0.6200000000003456,1.2199999999998,0.9311333114968224,0.021781853914226285,9.721386522611283,9.423269092761984,0.16392697870795025,-0.07731114642496906,0.9693338569394502,-0.03766786767114615,0.922043891254448,0.6960366852276456,2.4795283327874036,True,2,4,1
GOLD#,2025-03-12 17:00:00,2025-03-12 18:00:00,UPPER,2921.92,2929.28,2921.4,2928.39,60,2916.7084999999997,2923.8793389314237,2909.5376610685757,2917.5425000000005,2928.2496704992013,2906.8353295007996,True,7.880000000000109,6.1904999999999974,1.2729181810839372,6.4699999999998,0.821065989847679,0.8870558375634118,0.8900000000003274,0.5199999999999818,1.88700428075279,0.09038042161366433,14.341677862847973,21.414340998401713,0.4752708195986455,1.272495965847996,1.4931545111521036,2.21952992488487,2.171068572813191,2.3035296018091866,3.9964461675147067,True,2,4,1
GOLD#,2025-03-13 16:00:00,2025-03-13 17:00:00,UPPER,2950.43,2971.17,2949.87,2969.91,60,2942.0765,2958.2355770459467,2925.9174229540536,2945.8250000000003,2957.8085387137367,2933.841461286264,True,21.300000000000182,5.837000000000012,3.6491348295357438,19.480000000000018,0.9145539906103217,0.9408450704225255,1.2600000000002183,0.5599999999999454,4.768459825252642,1.2448175432584558,32.31815409189312,23.96707742747276,0.6014061413733767,0.4589498002827965,0.7415979687244825,4.868939523727945,4.392667466164094,9.30443721089598,9.732739420935383,False,0,3,0
GOLD#,2025-03-17 11:00:00,2025-03-17 12:00:00,UPPER,2988.46,2996.88,2987.64,2995.69,60,2987.411,2993.5866097650646,2981.2353902349355,2987.425,2994.2002786002927,2980.6497213997077,True,9.240000000000236,6.040999999999963,1.5295480880649384,7.230000000000018,0.7824675324675144,0.8712121212121186,1.1900000000000546,0.8200000000001637,1.3704684654858545,-0.2557523588809183,12.351219530129129,13.55055720058499,0.08101575115164628,-0.32653934678418595,1.0971027733358831,1.458367819897368,1.6388015229266928,0.4568780003311099,10.000000000000037,False,0,0,0
GOLD#,2025-03-18 03:00:00,2025-03-18 04:00:00,UPPER,3001.51,3008.49,2999.4,3005.72,60,2995.652,3007.2162303664904,2984.0877696335097,3000.5424999999996,3003.4704856751277,2997.6145143248714,False,9.08999999999969,5.492500000000109,1.6549840691851634,4.209999999999582,0.46314631463143285,0.695269526952687,2.769999999999982,2.1100000000001273,1.8330450614473475,0.7179790623578033,23.128460732980784,5.855971350256368,-0.030504464341262194,0.5473156150501965,0.2531933023067918,1.16704597177965,3.386436049157859,2.7182521620390605,3.5284478834773365,False,0,1,0
GOLD#,2025-03-18 04:00:00,2025-03-18 05:00:00,UPPER,3005.73,3012.24,3002.79,3010.83,60,2996.891,3009.3499564558633,2984.432043544137,3001.73,3011.367717578033,2992.092282421967,False,9.449999999999818,5.6755000000000795,1.6650515373094328,5.099999999999909,0.5396825396825404,0.8507936507936633,1.4099999999998545,2.9400000000000546,2.455995066513903,0.8229230904766293,24.91791291172649,19.275435156066123,0.07737013713990826,2.2915863147490065,0.7735573691244025,1.871200775262046,3.9432649105805297,3.5256805567790472,4.255131706457537,True,1,2,1
GOLD#,2025-03-18 08:00:00,2025-03-18 09:00:00,UPPER,3012.07,3017.74,3010.55,3015.72,60,3001.5895,3016.966233689847,2986.2127663101533,3012.1775,3017.531479838918,3006.8235201610814,False,7.1899999999996,6.13050000000012,1.1728244025771892,3.649999999999636,0.5076495132127732,0.7190542420027686,2.019999999999982,1.5199999999999818,2.304950656553214,1.1572465541146748,30.753467379693575,10.707959677836698,0.08877407353687294,-0.569547198397448,0.3481870693028628,2.3211809803441383,2.91656471739651,4.839735747491891,4.939238235054098,False,2,3,2
GOLD#,2025-03-18 10:00:00,2025-03-18 11:00:00,UPPER,3016.48,3027.15,3016.34,3026.48,60,3003.909,3023.3666020097075,2984.4513979902927,3014.635,3021.2753915634476,3007.994608436553,True,10.809999999999945,6.007000000000062,1.799567171633067,10.0,0.9250693802035199,0.9380203515263574,0.6700000000000728,0.13999999999987267,3.7574496420841816,1.1683036457466218,38.91520401941489,13.280783126894676,0.17034833027838592,-0.021611249345583672,0.34127491970153523,2.6052938238721373,4.373231230231348,6.815382054269957,6.802064258365192,False,2,4,2
GOLD#,2025-03-18 14:00:00,2025-03-18 15:00:00,UPPER,3026.86,3035.77,3026.73,3034.25,60,3010.6130000000003,3033.051365447762,2988.174634552239,3024.3575,3035.318353074341,3013.3966469256593,False,9.039999999999964,5.905000000000041,1.5309060118543438,7.389999999999873,0.8174778761061839,0.8318584070796473,1.5199999999999818,0.13000000000010914,4.0028789161726595,1.5281117696867361,44.876730895522996,21.92170614868155,0.10242405425292378,-0.2858521310658888,0.48848714492410833,3.1380186282811295,5.547840812870447,6.213378492802676,6.934801016087982,False,2,4,2
GOLD#,2025-03-19 10:00:00,2025-03-19 11:00:00,LOWER,3035.92,3036.98,3024.76,3025.18,60,3034.0705000000003,3042.53329262207,3025.6077073779306,3039.725,3054.2528078222304,3025.1971921777695,True,12.2199999999998,6.1124999999999545,1.9991820040899617,-10.740000000000236,0.8788870703764659,0.03436988543368452,1.0599999999999454,0.419999999999618,-1.454478527607443,0.7411860940695846,16.925585244139256,29.055615644460886,0.041190770298185075,0.020232354795506557,1.716668299816802,-1.3333333333333581,-1.6965235173824822,1.4233128834355637,5.781595092024532,False,0,2,0
GOLD#,2025-03-19 20:00:00,2025-03-19 21:00:00,UPPER,3029.72,3048.74,3029.29,3046.81,60,3034.5015,3045.1998517872657,3023.803148212734,3030.46,3038.7227356316403,3022.19726436836,True,19.449999999999818,6.658999999999969,2.920858987835998,17.090000000000146,0.8786632390745658,0.9007712082262286,1.9299999999998363,0.4299999999998363,1.8484006607598968,-0.04152275116382987,21.396703574531784,16.52547126328045,0.17703098771119707,-0.10736639899597078,0.7723372530594154,1.4566751764529005,0.6937978675476667,2.1414626820843714,7.860039044901695,False,0,1,0
GOLD#,2025-03-20 02:00:00,2025-03-20 03:00:00,UPPER,3050.04,3055.54,3050.04,3053.16,60,3038.808,3055.082180285456,3022.533819714544,3048.7975,3053.9989132811174,3043.596086718883,False,5.529999999999745,7.713999999999987,0.7168784029037795,3.119999999999891,0.5672727272727074,0.5672727272727074,2.380000000000109,0.0,1.8605133523463684,0.6387736582836129,32.54836057091234,10.402826562234623,0.09200024707091514,0.013439466072452388,0.31961138379213394,2.972517500648156,1.8369198859217133,2.7754731656727887,6.893959035519824,False,1,2,1
GOLD#,2025-03-20 12:00:00,2025-03-20 13:00:00,LOWER,3041.35,3041.36,3025.65,3034.25,60,3043.528,3059.0367595881457,3028.019240411854,3043.63,3056.1974181962833,3031.062581803717,False,15.710000000000036,7.133500000000003,2.2022849933412814,-7.099999999999909,0.45194143857414976,0.547422024188408,0.010000000000218279,8.599999999999909,-1.3006238172005031,0.39174318357047305,31.0175191762919,25.134836392566285,-0.007350174534015097,0.02968326598771398,0.8103432208652581,-2.5345202214901406,-2.2219107030209435,0.5242868157285736,1.0892268872222581,False,0,2,0
GOLD#,2025-03-21 07:00:00,2025-03-21 08:00:00,LOWER,3029.75,3030.34,3021.59,3028.09,60,3038.5205,3049.43002881492,3027.61097118508,3032.685,3043.087057494497,3022.282942505503,False,8.75,6.147499999999968,1.4233428222854894,-1.6599999999998545,0.18971428571426907,0.7428571428571429,0.5900000000001455,6.5,-1.6967059780398523,-0.6551443676290707,21.819057629840245,20.804114988994115,0.10420354779255936,-0.4148351227035829,0.953483662857278,-2.9735664904432437,-1.6461976413175996,-3.9430662871085658,-1.3273688491256441,False,0,1,0
GOLD#,2025-03-21 15:00:00,2025-03-21 16:00:00,LOWER,3034.01,3036.78,3004.15,3006.6,60,3034.886,3052.7100067314855,3017.0619932685145,3032.1575000000003,3040.34194256616,3023.9730574338405,True,32.63000000000011,5.371499999999969,6.074653262589648,-27.41000000000031,0.8400245173153607,0.07508427827152345,2.769999999999982,2.449999999999818,-5.265940612491896,-0.5483570697198702,35.648013462970994,16.36888513231952,0.45584082041427854,0.11138491500029457,0.45918085026876826,-4.736107232616625,-5.464023084799419,-6.370659964628214,-6.029973005678127,False,0,1,0
GOLD#,2025-03-24 16:00:00,2025-03-24 17:00:00,LOWER,3022.53,3024.02,3007.94,3012.08,60,3021.7745,3029.8858241191388,3013.663175880861,3024.7775,3032.7362624740113,3016.818737525989,True,16.079999999999927,6.577499999999986,2.444697833523369,-10.450000000000273,0.6498756218905671,0.25746268656715743,1.4899999999997817,4.139999999999873,-1.473888255416204,0.2929684530596942,16.222648238277543,15.91752494802222,0.04479868595140735,0.15571940313078958,0.9811915239871021,-2.551121246674304,-0.633979475484619,0.8331432915241398,-4.369441277081003,False,0,1,0
GOLD#,2025-03-25 15:00:00,2025-03-25 16:00:00,UPPER,3021.42,3030.66,3020.88,3028.32,60,3015.217,3027.6656177532504,3002.7683822467498,3022.3275000000003,3027.589999417348,3017.065000582653,True,9.779999999999745,5.637000000000057,1.73496540713139,6.900000000000091,0.7055214723926657,0.7607361963190438,2.3399999999996908,0.5399999999999636,2.3244633670391934,0.282064928153296,24.897235506500692,10.524998834694998,0.12122804078106397,-0.025823812029146187,0.4227376502080687,3.0530423984388615,2.9324108568387497,0.7450771687067997,-1.0590739755188467,False,0,1,0
GOLD#,2025-03-25 16:00:00,2025-03-25 17:00:00,UPPER,3028.32,3036.0,3024.93,3024.99,60,3016.1135000000004,3028.6653210219247,3003.561678978076,3023.5825000000004,3035.513581263564,3011.651418736437,False,11.070000000000164,5.748000000000047,1.925887265135712,-3.330000000000382,0.30081300813011136,0.0054200542005369955,7.679999999999836,0.05999999999994543,1.544276270006841,0.46068197633961666,25.103642043848595,23.86216252712711,0.008290339595896423,1.2671890897001328,0.9505458405376802,0.6471816283924442,2.766179540709726,0.4192762700069302,-1.5692414752958181,True,1,2,1
GOLD#,2025-03-27 04:00:00,2025-03-27 05:00:00,UPPER,3023.59,3032.77,3023.27,3031.66,60,3021.853,3031.4712661621347,3012.2347338378654,3022.4825,3031.2996820962026,3013.6653179037976,True,9.5,5.847499999999945,1.6246259085079247,8.069999999999709,0.8494736842104956,0.8831578947368287,1.1100000000001273,0.3200000000001637,1.6771269773407236,0.1526293287729689,19.23653232426932,17.634364192404973,0.12870344955628754,-0.1524745066770421,0.9167122168976886,2.467721248396746,2.5703292005130205,1.1748610517315015,2.975630611372347,False,0,0,0
GOLD#,2025-03-27 12:00:00,2025-03-27 13:00:00,UPPER,3040.01,3055.77,3039.82,3051.36,60,3026.6965,3045.728880065694,3007.664119934306,3035.4975,3049.892537343456,3021.102462656544,True,15.949999999999818,5.634499999999934,2.830774691631911,11.349999999999909,0.7115987460815071,0.7235109717868399,4.4099999999998545,0.19000000000005457,4.37722956784105,0.7616469961842789,38.06476013138763,28.790074686911794,0.20666368553606285,0.16030768543396956,0.756344571397205,3.0650457005945837,5.707693672908099,5.801757032567297,5.340314136125743,False,0,1,0
GOLD#,2025-03-28 03:00:00,2025-03-28 04:00:00,UPPER,3061.92,3074.08,3061.84,3074.0,60,3049.7895,3071.698431031931,3027.880568968069,3057.2,3068.2662369449804,3046.1337630550192,True,12.239999999999782,7.54399999999996,1.6224814422057061,12.079999999999927,0.9869281045751751,0.9934640522875875,0.07999999999992724,0.07999999999992724,3.2092391304348182,1.2646474019088172,43.81786206386187,22.132473889961148,0.10077290187247367,1.9630842062370664,0.5051016377226349,2.401908801696711,3.1839872746553697,6.451484623541932,7.02942735949105,False,0,2,0
GOLD#,2025-03-28 07:00:00,2025-03-28 08:00:00,UPPER,3073.78,3082.01,3072.5,3077.82,60,3058.1455,3079.704857573007,3036.5861424269933,3073.7025000000003,3078.806018406434,3068.598981593567,False,9.510000000000218,7.641000000000008,1.2446014919513426,4.039999999999964,0.42481598317559105,0.5594111461619392,4.190000000000055,1.2800000000002,2.574859311608436,1.5399162413296905,43.11871514601353,10.207036812867045,-0.0024631070185150428,-0.7568847491179994,0.23671941008220698,2.8949090433189797,3.851590106007101,5.723072896217769,7.8942546787069885,False,1,2,1
GOLD#,2025-03-28 08:00:00,2025-03-28 09:00:00,UPPER,3077.67,3084.93,3076.56,3084.48,60,3060.371,3083.122393714682,3037.6196062853182,3074.6175000000003,3083.291386102834,3065.9436138971664,True,8.36999999999989,7.909500000000025,1.05822112649344,6.809999999999945,0.8136200716845919,0.946236559139806,0.4499999999998181,1.1100000000001273,3.0481067071243246,1.5901131550667154,45.50278742936371,17.347772205667752,0.055290893415468334,0.6995894620267322,0.3812463628211257,2.851001959668767,4.000252860484199,6.9207914533156405,8.760351476073044,True,2,3,2
GOLD#,2025-03-31 01:00:00,2025-03-31 02:00:00,UPPER,3086.58,3097.55,3086.23,3089.94,60,3078.4890000000005,3088.803721322361,3068.17427867764,3081.075,3094.5845373764546,3067.565462623545,False,12.460000000000036,9.075000000000045,1.3730027548209338,3.3600000000001273,0.29681978798587266,0.32773851590105857,7.610000000000127,0.34999999999990905,1.2618181818181278,0.7490909090909306,20.629442644721166,27.019074752909546,0.1414547614062054,0.4589073676430757,1.3097336277198652,0.6743801652892408,1.8842975206611376,3.6561983471074018,8.012121212121176,False,0,3,0
GOLD#,2025-03-31 09:00:00,2025-03-31 10:00:00,UPPER,3116.58,3127.78,3113.44,3119.2,60,3089.368,3118.708504834725,3060.027495165275,3110.9424999999997,3127.7735754299774,3094.111424570022,False,14.340000000000146,9.957000000000017,1.4401928291654236,2.619999999999891,0.18270571827056237,0.40167364016734347,8.580000000000382,3.1399999999998727,2.9960831575775666,0.9870945063774289,58.68100966944985,33.662150859955545,0.0964923343934716,-0.3818402575624342,0.5736464155878445,4.031334739379312,4.201064577684027,4.155870242040733,8.547755347996338,False,0,3,0
GOLD#,2025-04-01 04:00:00,2025-04-01 05:00:00,UPPER,3127.19,3138.14,3126.51,3135.37,60,3121.0339999999997,3131.0158282870575,3111.052171712942,3123.2475,3132.9897533394987,3113.505246660501,True,11.629999999999654,9.16800000000003,1.2685427574170611,8.179999999999836,0.7033533963886569,0.7618228718830555,2.769999999999982,0.6799999999998363,1.5636998254799515,0.8927246945898579,19.963656574115703,19.484506678997604,0.23441786080558535,0.7751519705694883,0.9759988911180054,1.523778359511317,1.1867364746945979,6.142015706806257,8.690008726003471,False,0,1,0
GOLD#,2025-04-01 18:00:00,2025-04-01 19:00:00,LOWER,3128.75,3133.03,3113.45,3113.69,60,3130.8895,3146.810942740877,3114.9680572591233,3131.55,3139.9715438092876,3123.1284561907128,True,19.580000000000382,8.222500000000014,2.381270903010076,-15.059999999999945,0.7691521961184704,0.01225740551584432,4.2800000000002,0.24000000000023647,-2.091760413499561,0.39568257829130465,31.84288548175391,16.843087618574828,0.09415139060649391,0.5584979481068078,0.5289435101045091,-2.25478868957129,-3.9367588932806123,-1.1529340224992402,3.7397385223472113,False,0,1,0
GOLD#,2025-04-02 23:00:00,2025-04-03 00:00:00,BOTH,3124.0,3142.87,3104.76,3132.15,59,3124.4685,3135.3918333260417,3113.545166673958,3125.1825,3139.7373170765163,3110.6276829234835,False,38.10999999999967,10.0365,3.7971404374034448,8.150000000000091,0.2138546313303637,0.7187090002624011,10.7199999999998,19.23999999999978,0.7653564489613054,0.3147511582723166,21.846666652083513,29.109634153032857,0.05503317798493401,0.016410727436320105,1.332451976157959,0.732327006426534,0.08269815174611939,1.3411049668709247,1.0710905196034475,False,0,0,0
GOLD#,2025-04-03 13:00:00,2025-04-03 14:00:00,LOWER,3121.58,3122.95,3088.75,3095.38,60,3133.2465,3162.328296556451,3104.1647034435496,3126.9100000000003,3139.407327719569,3114.4126722804317,True,34.19999999999982,13.908999999999969,2.4588396002588175,-26.199999999999818,0.766081871345028,0.19385964912281123,1.3699999999998909,6.630000000000109,-2.7224458983392172,-0.028326982529281685,58.16359311290125,24.994655439137205,0.21044208404410192,1.0932167103530963,0.42973025051289593,-3.2367531813933486,-3.6213962182759367,-2.5602128118484258,-2.533611330793002,False,0,1,0
GOLD#,2025-04-04 14:00:00,2025-04-04 15:00:00,UPPER,3110.36,3136.65,3095.4,3110.37,60,3105.1465000000003,3122.0005989362803,3088.2924010637203,3094.5175,3133.2948993471305,3055.7401006528694,False,41.25,14.24449999999997,2.8958545403489127,0.009999999999763531,0.00024242424241850986,0.3629090909090861,26.2800000000002,14.960000000000036,0.36670293797603387,-0.03875179893991934,33.70819787256005,77.55479869426108,-0.14448086475768607,0.6039684476272731,2.3007696521620957,0.10951595352591868,-0.1748043104356237,1.0523359893292017,-1.4475762575028912,False,0,1,0
GOLD#,2025-04-08 23:00:00,2025-04-09 00:00:00,LOWER,2984.95,2986.51,2977.17,2982.05,59,3000.1105,3020.7444462770763,2979.476553722923,2984.8675000000003,2988.5991350460854,2981.135864953915,False,9.340000000000146,12.23350000000005,0.763477336821033,-2.899999999999636,0.31049250535327527,0.52248394004283,1.5600000000004002,4.880000000000109,-1.4763150365798439,0.1865369681611713,41.26789255415315,7.463270092170205,0.02636349112234937,-0.8712899289201675,0.18084931481239672,-1.9691829811582617,-2.0680917153716947,0.4593942861814136,-3.552540156128652,False,0,0,0
GOLD#,2025-04-09 02:00:00,2025-04-09 03:00:00,LOWER,2982.25,2990.92,2970.01,2978.42,60,2998.0895,3021.982568010733,2974.1964319892672,2983.42,2987.342652178952,2979.497347821048,False,20.909999999999854,11.381000000000062,1.8372726473947578,-3.8299999999999272,0.1831659493065497,0.40219990435198055,8.670000000000073,8.409999999999854,-1.728275195501262,-0.17617081100079943,47.78613602146561,7.845304357903842,0.07939273383897305,0.10075740955794377,0.16417532387175474,-0.6633863456637981,-2.684298392056898,-0.7266496792900392,-5.278095070731867,False,1,1,1
GOLD#,2025-04-09 09:00:00,2025-04-09 10:00:00,UPPER,3015.15,3040.88,3014.73,3038.97,60,2999.5870000000004,3031.124996828673,2968.049003171328,3008.715,3029.2923953677077,2988.1376046322926,True,26.15000000000009,13.885000000000014,1.8833273316528674,23.81999999999971,0.9108986615678634,0.9269598470363173,1.9100000000003092,0.42000000000007276,2.8363701836513733,0.1596687072380663,63.07599365734495,41.15479073541519,0.20560211535082495,0.40073061073591143,0.6524636133199128,4.223262513503768,3.8840475333093107,2.399711919337391,0.2571119913575589,False,0,2,0
GOLD#,2025-04-09 14:00:00,2025-04-09 15:00:00,UPPER,3042.93,3068.06,3035.98,3066.66,60,3009.2920000000004,3063.383150329461,2955.20084967054,3043.2025000000003,3049.3606409631616,3037.044359036839,True,32.07999999999993,14.383000000000061,2.2304109017590066,23.730000000000018,0.7397132169576083,0.9563591022443861,1.400000000000091,6.949999999999818,3.9885976500034235,0.7867621497601481,108.18230065892112,12.316281926322517,0.14467528405865582,-0.35547759037871385,0.11384747644768146,3.5625391086699274,6.135020510324647,4.010985190850296,2.8860460265591037,False,1,3,1
GOLD#,2025-04-10 05:00:00,2025-04-10 06:00:00,UPPER,3093.98,3120.28,3093.84,3119.39,60,3071.5135,3116.458571931834,3026.568428068166,3089.4625,3116.089003715774,3062.835996284226,True,26.440000000000055,21.641499999999997,1.2217267749462863,25.409999999999854,0.961043872919811,0.9663388804841027,0.8900000000003274,0.13999999999987267,2.2122542337638267,1.2385925190028553,89.89014386366762,53.25300743154821,-0.015182934082059618,0.02045451915612473,0.5924232084033003,1.1972367904257957,2.042372293972221,5.111013561906508,6.195041933322539,False,0,2,0
GOLD#,2025-04-10 17:00:00,2025-04-10 18:00:00,UPPER,3116.98,3154.79,3116.85,3154.58,60,3109.2695,3149.598458565202,3068.940541434798,3121.2400000000002,3132.9150331960486,3109.564966803952,True,37.940000000000055,18.778499999999962,2.0203956652554855,37.59999999999991,0.9910384818133857,0.9944649446494456,0.21000000000003638,0.13000000000010914,2.4128924035466164,0.8643927896264347,80.6579171304038,23.350066392096778,0.0009497899448795977,-0.03992726331619345,0.28949503313289787,2.640253481374978,1.8739515935777684,4.2277072183614255,8.094363234550167,False,0,1,0
GOLD#,2025-04-10 21:00:00,2025-04-10 22:00:00,UPPER,3162.69,3175.59,3158.04,3173.25,60,3125.7219999999998,3172.382884517464,3079.0611154825356,3158.4375,3169.933147007995,3146.941852992005,True,17.550000000000182,16.76999999999996,1.0465116279069901,10.559999999999945,0.6017094017093924,0.8666666666666597,2.3400000000001455,4.650000000000091,2.8341085271318045,1.3382826475849618,93.32176903492837,22.991294015990206,0.028582598823818195,-0.8348522256616728,0.24636581854106357,2.9970184853905986,3.0488968395945277,6.791293977340497,11.167561121049532,False,1,2,1
GOLD#,2025-04-11 01:00:00,2025-04-11 02:00:00,UPPER,3175.62,3190.23,3175.44,3188.95,60,3138.5685000000003,3189.0766495498583,3088.0603504501423,3170.5725,3190.051255097123,3151.0937449028775,False,14.860000000000127,16.035999999999966,0.9266650037415913,13.329999999999927,0.9012846517917484,0.9134550371872749,1.2800000000002,0.1799999999998363,3.141774756797182,1.5435270641057908,101.01629909971598,38.957510194245515,0.0422799633447255,-0.18584115294535253,0.3856556866708162,1.926290845597402,4.515465203292592,6.612621601396869,12.722000498877538,False,1,3,1
GOLD#,2025-04-11 03:00:00,2025-04-11 04:00:00,UPPER,3188.9,3217.95,3184.94,3205.48,60,3146.0545,3206.232018550951,3085.8769814490493,3181.075,3213.446215611016,3148.7037843889834,False,33.00999999999976,14.76949999999997,2.235011340939086,16.579999999999927,0.5022720387761298,0.6222356861557138,12.4699999999998,3.9600000000000364,4.023528216933542,1.6926097701344498,120.35503710190187,64.74243122203279,0.11044823778582935,0.14259702725676782,0.5379287213979823,2.893801415078393,5.481566742272941,8.032093164968371,15.14878635024887,False,2,4,2
GOLD#,2025-04-14 11:00:00,2025-04-14 12:00:00,LOWER,3227.94,3229.96,3216.49,3226.97,60,3230.362,3241.896054965233,3218.8279450347673,3230.2025,3241.476128525888,3218.928871474112,False,13.470000000000255,14.426500000000123,0.9336984022458766,-0.9700000000002547,0.07201187824797597,0.7780252412768983,2.019999999999982,10.480000000000018,-0.23512286417358688,0.34901050150766066,23.068109930465653,22.547257051775887,-0.15040204554674597,0.0960965256081292,0.9774210856346802,-0.3431185665268936,-0.2765743596853154,1.0120264790489575,7.26787509097834,False,0,0,0
GOLD#,2025-04-14 13:00:00,2025-04-14 14:00:00,LOWER,3223.86,3224.58,3206.34,3215.35,60,3229.468,3242.5882722510287,3216.347727748971,3227.46,3237.780348838072,3217.139651161928,True,18.23999999999978,13.831000000000131,1.3187766611235348,-8.510000000000218,0.4665570175438772,0.493969298245607,0.7199999999997999,9.009999999999764,-1.020750488034112,0.11788735449351029,26.240544502057674,20.640697676143645,0.11441103105954098,-0.1180232729476115,0.7865956316007501,-0.8697852649844614,-0.4150097606825379,-0.892198684115395,7.978454197093403,False,1,1,1
GOLD#,2025-04-14 15:00:00,2025-04-14 16:00:00,LOWER,3223.37,3227.65,3200.56,3206.8,60,3227.4345000000003,3242.9626273481813,3211.9063726518193,3222.34,3239.762858552461,3204.9171414475395,False,27.090000000000146,13.344000000000118,2.0301258992805686,-16.56999999999971,0.6116648209671325,0.23034330011074947,4.2800000000002,6.2400000000002365,-1.5463504196642637,-0.11214778177455999,31.056254696361975,34.84571710492128,0.16054700252875276,-0.1330382086592038,1.122019298386396,-1.8187949640287595,-1.0581534772182077,-0.5193345323740839,6.501798561151038,False,2,2,2
GOLD#,2025-04-16 01:00:00,2025-04-16 02:00:00,UPPER,3230.65,3242.03,3229.8,3241.31,60,3225.3815,3236.668255554256,3214.094744445744,3229.37,3233.3092385228474,3225.4307614771524,True,12.680000000000291,8.473499999999921,1.4964300466159683,10.659999999999854,0.8716271463613932,0.9411283728536178,0.7200000000002547,0.849999999999909,1.879801734820338,0.5636395822269291,22.57351110851232,7.8784770456950355,0.3112847215982699,-0.7016512517017,0.3490142498356897,2.3614799079483033,2.2210420723432276,3.639582226942873,1.2214551248008503,False,0,0,0
GOLD#,2025-04-16 11:00:00,2025-04-16 12:00:00,UPPER,3300.38,3317.74,3288.51,3306.96,60,3253.2845,3313.854785280316,3192.7142147196846,3291.4225,3315.327267310025,3267.517732689975,False,29.229999999999563,10.799500000000013,2.7066067873512227,6.579999999999927,0.22511118713650446,0.631200821074242,10.779999999999745,11.86999999999989,4.970183804805757,1.9121718598083401,121.1405705606312,47.80953462004982,0.06428193068384469,0.4069080570696093,0.3946616265615243,3.630723644613176,7.14662715866473,7.532756146117858,7.027177184128875,False,0,1,0
GOLD#,2025-04-17 01:00:00,2025-04-17 02:00:00,UPPER,3342.34,3357.5,3341.93,3350.88,60,3310.6440000000002,3353.898852859921,3267.3891471400793,3336.36,3357.0787644455877,3315.6412355544126,False,15.570000000000164,13.584000000000014,1.1462014134275726,8.539999999999964,0.5484906872190028,0.5748233782915979,6.619999999999891,0.41000000000030923,2.962014134275606,1.977068610129586,86.5097057198418,41.437528891175134,0.017408973997243615,0.05077658605083912,0.4789928314560322,1.8823616018845801,3.4827738515900983,8.946554770318027,10.175206124852776,False,0,2,0
GOLD#,2025-04-17 16:00:00,2025-04-17 17:00:00,LOWER,3328.41,3332.07,3311.94,3315.06,60,3333.4114999999997,3353.4202293682383,3313.402770631761,3326.2275,3337.098539515614,3315.356460484386,False,20.13000000000011,12.563500000000023,1.6022605165758008,-13.349999999999909,0.6631892697466387,0.15499254843516513,3.6600000000003092,3.119999999999891,-1.4606996457993175,0.22804154893144676,40.01745873647724,21.74207903122806,0.08665047673125947,0.09723429876736178,0.5433148360170466,-0.6670115811676758,-0.710789190910162,0.616866319098976,7.569546702750009,False,0,1,0
GOLD#,2025-04-17 17:00:00,2025-04-17 18:00:00,LOWER,3314.89,3314.89,3283.92,3291.28,60,3331.5714999999996,3358.7032992571735,3304.4397007428256,3324.5575,3346.939267136439,3302.175732863561,True,31.139999999999873,12.994000000000028,2.396490688009836,-23.609999999999673,0.7623506619308952,0.23764933806910477,0.0,7.360000000000127,-3.1007772818223236,0.012005541018892871,54.263598514347905,44.76353427287813,0.3559981125159464,1.058843324439418,0.8249274928024198,-2.532707403416945,-3.779436663075232,-1.5614899184238817,5.3732491919347405,True,1,2,1
GOLD#,2025-04-21 01:00:00,2025-04-21 02:00:00,UPPER,3331.63,3352.74,3327.95,3345.88,60,3324.1924999999997,3351.219455339665,3297.1655446603345,3321.9125,3345.2175101941443,3298.6074898058555,False,26.4699999999998,14.82150000000006,1.7859191040042972,14.25,0.5748285599031876,0.7232755143203032,6.859999999999673,3.680000000000291,1.463245960260457,-0.3563067165941627,54.05391067933033,46.61002038828883,0.07541215581407101,2.067992119845017,0.8622876643430728,3.3424417231724024,1.6408595621225965,0.1949870121108063,7.833215261613159,False,0,3,0
GOLD#,2025-04-22 02:00:00,2025-04-22 03:00:00,UPPER,3430.95,3444.36,3429.35,3434.51,60,3407.9955,3443.5957974555654,3372.3952025444346,3426.115,3438.1451122256985,3414.084887774301,False,15.010000000000218,12.941499999999973,1.1598346404976432,3.5600000000004,0.23717521652234166,0.34377081945371313,9.849999999999909,1.599999999999909,2.048796507360065,1.5862535254800751,71.20059491113079,24.060224451397517,0.023504859844807324,1.1039640037132665,0.33792167721952815,1.5430977861917317,3.0552872541823204,6.848510605416705,7.071823204419938,False,0,1,0
GOLD#,2025-04-22 04:00:00,2025-04-22 05:00:00,UPPER,3425.43,3454.93,3421.61,3452.95,60,3413.978,3449.4271893267564,3378.5288106732437,3428.68,3445.769575774816,3411.5904242251836,True,33.31999999999971,13.965999999999985,2.385794071316035,27.519999999999982,0.8259303721488662,0.9405762304921959,1.9800000000000182,3.819999999999709,2.790491192897021,1.265824144350566,70.89837865351274,34.17915154963248,0.03269830351936065,-0.09770518383636617,0.482086504638834,1.9060575683803465,2.72590577115851,6.030359444364878,7.367177430903622,False,1,1,1
GOLD#,2025-04-22 19:00:00,2025-04-22 20:00:00,LOWER,3417.68,3421.14,3372.04,3393.17,60,3447.7314999999994,3501.0159229669553,3394.4470770330436,3424.4575000000004,3449.3706993160686,3399.5443006839323,True,49.09999999999991,21.811000000000057,2.2511576727339317,-24.509999999999764,0.49918533604887594,0.43034623217922907,3.4600000000000364,21.13000000000011,-2.501558846453588,0.049722617028081104,106.56884593391169,49.82639863213626,0.09832775765531987,-0.550429626587863,0.4675512641193087,-2.7123928293062995,-4.178625464215288,-1.3612397414148814,4.67149603411121,False,0,2,0
GOLD#,2025-04-23 16:00:00,2025-04-23 17:00:00,LOWER,3310.73,3313.71,3271.12,3276.42,60,3340.5019999999995,3403.1090167308057,3277.8949832691933,3320.7,3349.712838540054,3291.687161459946,True,42.590000000000146,27.128499999999985,1.5699356765025774,-34.309999999999945,0.8055881662362017,0.12444235736088669,2.980000000000018,5.300000000000182,-2.3621652505667274,-1.2293160329542836,125.21403346161242,58.025677080107926,0.055718629655094,0.5964831411603109,0.4634119313622877,-1.5736218368136858,-3.7875297196675106,-5.716866026503501,-4.719391046316598,False,0,1,0
GOLD#,2025-04-25 01:00:00,2025-04-25 02:00:00,UPPER,3351.27,3370.81,3348.77,3367.04,51,3334.2339999999995,3355.2364126217008,3313.231587378298,3341.2575,3366.7905589658185,3315.724441034182,True,22.2199999999998,15.75150000000001,1.4106593022886573,15.769999999999982,0.7155172413793107,0.8289473684210532,3.769999999999982,2.5,2.082722280417768,0.5213789162936628,42.00482524340259,51.066117931636654,0.15302960945021837,0.6515952493930159,1.2157202806041254,2.3902485477573605,1.9934609402279193,5.000158715042994,-0.4882074723042281,False,0,0,0
GOLD#,2025-04-25 08:00:00,2025-04-25 09:00:00,LOWER,3324.84,3327.06,3286.6,3294.08,60,3335.728,3366.331889686314,3305.1241103136863,3335.6575,3381.750956153248,3289.5640438467517,False,40.460000000000036,15.386499999999979,2.6295778767101092,-30.76000000000022,0.7602570439940729,0.18487394957983222,2.2199999999998,7.480000000000018,-2.7067884184187565,0.0754882526890561,61.207779372627556,92.1869123064962,0.27951703615925805,-0.07679562253393446,1.5061306463230828,-3.555064504598209,-2.430702238975735,-2.082344912748189,-2.9135930848471054,False,0,1,0
GOLD#,2025-04-25 16:00:00,2025-04-25 17:00:00,LOWER,3292.63,3292.84,3265.15,3280.81,60,3322.249,3373.7611014513404,3270.736898548659,3294.045,3303.455015948345,3284.634984051655,False,27.690000000000055,16.28250000000005,1.7005988023952079,-11.820000000000164,0.42686890574215025,0.5655471289274042,0.21000000000003638,15.659999999999854,-2.5450023030861186,-0.6628588975894419,103.02420290268128,18.820031896690125,0.07376869355813986,-0.4903337913521165,0.18267583117792138,-1.6324274527867249,-3.979118685705498,-3.3821587594042684,-2.686319668355603,False,0,2,0
GOLD#,2025-04-28 17:00:00,2025-04-28 18:00:00,UPPER,3293.13,3333.05,3293.13,3328.57,60,3295.7470000000003,3323.0413049725685,3268.452695027432,3293.1925,3302.596430037355,3283.7885699626454,True,39.93000000000029,16.094499999999947,2.480971760539341,35.440000000000055,0.8877755511022042,0.8877755511022042,4.480000000000018,0.0,2.039392338997793,0.19522197023832646,54.58860994513634,18.807860074709424,0.19893704066792717,-0.7208044828482569,0.3445381755207185,2.8568765727422516,2.9755506539501373,2.9674733604647785,-0.4541924259840299,False,0,1,0
GOLD#,2025-04-30 03:00:00,2025-04-30 04:00:00,UPPER,3317.08,3328.05,3311.47,3313.08,60,3315.025,3325.617492621374,3304.4325073786263,3317.6324999999997,3326.77866313809,3308.4863368619094,False,16.580000000000382,11.8115,1.403716716759123,-4.0,0.2412545235223105,0.09710494571773765,10.970000000000255,1.6100000000001273,-0.16467002497567318,-0.26220209118233984,21.184985242747643,18.292326276180574,0.0029465494367775236,-0.06557851467615161,0.8634571167540781,-0.11175549252848187,0.3157939296448392,-2.0750963044490724,0.22520425009523382,False,0,0,0
GOLD#,2025-04-30 11:00:00,2025-04-30 12:00:00,LOWER,3307.22,3307.62,3280.25,3284.41,60,3311.5345,3328.7853845841055,3294.283615415895,3307.6375,3313.1138035113304,3302.1611964886692,True,27.36999999999989,11.170000000000005,2.4503133393016903,-22.809999999999945,0.8333942272561212,0.15199123127511402,0.40000000000009095,4.1599999999998545,-2.4283348254252766,-0.29189794091318877,34.50176916821056,10.952607022661141,0.43172113421357894,-0.26702446163341365,0.31745059128019204,-1.9946284691137144,-3.2291853178155905,-3.4512085944494326,0.10564010743060302,False,0,1,0
GOLD#,2025-05-01 03:00:00,2025-05-01 04:00:00,LOWER,3273.09,3276.31,3241.11,3246.22,60,3292.8154999999997,3328.602027897178,3257.0289721028216,3282.385,3320.245855776742,3244.5241442232586,False,35.19999999999982,14.244500000000016,2.4711292077643847,-26.870000000000346,0.7633522727272865,0.145170454545446,3.2199999999998,5.109999999999673,-3.2711221875109584,-0.6653445189371623,71.57305579435615,75.72171155348315,0.23436134777534479,-0.1024130287584204,1.0579639322798642,-4.146863701779641,-1.8357962722454324,-4.97384955596899,-6.427042016216791,False,0,2,0
GOLD#,2025-05-02 05:00:00,2025-05-02 06:00:00,UPPER,3236.51,3249.27,3235.89,3248.04,60,3227.433,3247.3690297938274,3207.4969702061726,3235.7575,3246.1890435169307,3225.3259564830696,True,13.38000000000011,13.64350000000004,0.9806867739216528,11.529999999999745,0.8617339312406317,0.9080717488789232,1.2300000000000182,0.6200000000003456,1.5103895627954638,0.033312566423558766,39.8720595876548,20.86308703386112,0.1003013862748745,-0.11498738345128823,0.5232507989208752,1.454905266243988,1.7766702092571343,0.6779785245721386,-4.767105214937499,False,0,0,0
GOLD#,2025-05-02 09:00:00,2025-05-02 10:00:00,UPPER,3251.87,3262.32,3246.4,3252.89,60,3232.0355000000004,3260.1256722839153,3203.9453277160856,3251.6075,3261.343551568622,3241.871448431378,False,15.920000000000073,13.562000000000012,1.1738681610381994,1.0199999999999818,0.06407035175879254,0.407663316582899,9.430000000000291,5.4699999999998,1.5377156761539186,0.41708450081112675,56.18034456782971,19.47210313724372,0.04208775451311575,-0.6492107369427838,0.346599923639378,1.6052204689573781,2.8159563486211487,1.195988792213522,-4.061347883792942,False,1,1,1
GOLD#,2025-05-05 11:00:00,2025-05-05 12:00:00,UPPER,3264.79,3282.89,3263.1,3282.62,60,3250.0615000000003,3280.7811147589555,3219.341885241045,3260.7799999999997,3273.1509660151237,3248.409033984876,True,19.789999999999964,13.607500000000005,1.4543450303141618,17.829999999999927,0.9009600808489115,0.9863567458312288,0.2699999999999818,1.6900000000000546,2.3926878559617584,0.08388756200625962,61.43922951791046,24.74193203024788,0.11464552081664015,0.04664898908929871,0.40270576672897945,0.9222855043174516,3.605364688590845,1.7372772368179212,3.4525078081940106,False,0,0,0
GOLD#,2025-05-05 12:00:00,2025-05-05 13:00:00,UPPER,3282.63,3308.9,3282.22,3308.63,60,3252.9790000000003,3292.925111149127,3213.0328888508734,3267.325,3303.4129869229077,3231.237013077092,True,26.68000000000029,14.038999999999987,1.900420257853146,26.0,0.9745127436281753,0.9898800599700158,0.2699999999999818,0.41000000000030923,3.9640287769784095,0.283246669990788,79.89222229825373,72.17597384581586,0.30034544581917233,1.9171518924867388,0.903416775369803,3.852838521262212,4.822280789230026,3.598546905050219,5.59512785810957,True,1,1,1
GOLD#,2025-05-06 04:00:00,2025-05-06 05:00:00,UPPER,3329.59,3381.77,3329.59,3379.57,60,3312.4629999999997,3367.2720095142545,3257.653990485745,3332.4750000000004,3342.4645345313766,3322.485465468624,True,52.190000000000055,10.891999999999962,4.791590157914087,49.98000000000002,0.9578382522039129,0.9578382522039129,2.199999999999818,0.0,6.161127432978393,2.2764873301505095,109.61801902850948,19.979069062752387,0.07928880244199021,-0.08874788738285033,0.18226081113139098,5.174439955930988,5.515975027543205,12.200697759823797,13.061880279103974,False,0,2,0
GOLD#,2025-05-07 22:00:00,2025-05-07 23:00:00,LOWER,3384.55,3386.84,3363.74,3371.82,60,3384.3129999999996,3397.78785524702,3370.838144752979,3385.3575,3388.971182354243,3381.743817645757,False,23.100000000000364,16.664000000000055,1.3862217954872953,-12.730000000000018,0.5510822510822432,0.3497835497835608,2.2899999999999636,8.080000000000382,-0.7496999519922853,-0.4994299087854444,26.949710494041028,7.227364708485766,-0.0359473463519524,0.15997856535484511,0.26817967896478295,-1.3586173787805929,-0.9697551608257202,-2.6290206433029164,3.2861257801248223,False,0,0,0
GOLD#,2025-05-08 04:00:00,2025-05-08 05:00:00,UPPER,3380.45,3409.67,3379.09,3408.63,60,3384.1794999999997,3403.8972153577224,3364.461784642277,3373.1275,3395.8708748629465,3350.3841251370536,True,30.579999999999927,12.949000000000046,2.3615723221870275,28.18000000000029,0.9215173315892857,0.9659908436886865,1.0399999999999636,1.3599999999996726,1.8882153062012732,-0.12159240095761567,39.435430715445364,45.48674972589288,0.21569642943506406,0.4829369258606837,1.1534487870593344,1.860375318557422,1.375395783458173,2.238782917599825,5.757973588694083,False,1,1,0
GOLD#,2025-05-08 08:00:00,2025-05-08 09:00:00,LOWER,3382.05,3384.24,3354.9,3355.33,60,3383.4425,3408.55863256312,3358.32636743688,3397.4325,3436.6666726070266,3358.198327392973,True,29.33999999999969,14.351000000000022,2.0444568322764716,-26.720000000000255,0.9107021131561192,0.014655760054527636,2.1899999999996,0.4299999999998363,-1.9589227231551904,0.05853250644555391,50.232265126240236,78.46834521405344,0.16430316696698122,-0.06048402229539229,1.5621104287623155,-1.4667967389032228,-2.1991498850254265,-1.8618911574106483,-0.34771096090866344,False,1,2,0
GOLD#,2025-05-09 04:00:00,2025-05-09 05:00:00,LOWER,3322.11,3322.38,3286.8,3291.28,60,3328.8875,3367.7562766071023,3290.0187233928973,3317.2125,3343.9560132350443,3290.468986764956,False,35.57999999999993,17.29699999999998,2.057004104758049,-30.829999999999927,0.8664980326025854,0.12591343451377254,0.2699999999999818,4.480000000000018,-2.174220963172785,-1.3901543620281092,77.73755321420504,53.487026470088495,-0.060213791446310894,-0.07883426643841807,0.6880461792089795,-0.9926576863039624,-3.746314389778563,-5.15580736543909,-6.322483667688027,False,0,2,0
GOLD#,2025-05-12 10:00:00,2025-05-12 11:00:00,LOWER,3277.22,3277.72,3216.11,3222.7,60,3303.6324999999997,3371.54601791017,3235.7189820898293,3278.88,3289.732354590118,3268.027645409882,True,61.60999999999967,14.610500000000002,4.216830361726133,-54.51999999999998,0.8849212790131517,0.10696315533192219,0.5,6.589999999999691,-5.539338147222879,-1.165086752677902,135.82703582034083,21.704709180236023,0.18609131004734958,-0.335922788397639,0.1597966785415605,-3.3701789808699383,-7.944286643167596,-7.0326135313644285,-9.077718079463406,False,0,0,0
GOLD#,2025-05-14 15:00:00,2025-05-14 16:00:00,LOWER,3220.44,3222.51,3184.11,3184.76,60,3236.449,3267.45971421204,3205.43828578796,3230.2525,3253.565592891031,3206.939407108969,True,38.40000000000009,10.021000000000004,3.8319528989122915,-35.679999999999836,0.9291666666666603,0.01692708333333566,2.0700000000001637,0.650000000000091,-5.158068057080115,-0.6176030336293632,62.02142842408011,46.62618578206184,0.48304451796318615,1.4450909620220211,0.7517754261196442,-4.38578984133318,-5.88663806007382,-6.4275022452848845,-2.327113062568576,False,0,0,0
GOLD#,2025-05-16 13:00:00,2025-05-16 14:00:00,LOWER,3209.25,3211.08,3169.01,3175.82,60,3219.8745000000004,3251.6915133567227,3188.057486643278,3209.7599999999998,3221.969078595188,3197.5509214048116,True,42.06999999999971,13.212999999999942,3.183985468856421,-33.429999999999836,0.7946280009507979,0.1618730686950319,1.8299999999999272,6.809999999999945,-3.334178460607007,0.6325588435631735,63.634026713444655,24.418157190376405,0.14281880656571455,-0.36401007346474223,0.38372799037747074,-3.3126466358889104,-5.693635056383891,0.7969424052070118,-4.291985166124293,False,0,0,0
GOLD#,2025-05-20 05:00:00,2025-05-20 06:00:00,LOWER,3221.09,3223.03,3206.47,3206.62,60,3230.3835,3247.8090608501125,3212.9579391498874,3223.2974999999997,3231.8766083537375,3214.718391646262,True,16.5600000000004,10.613499999999954,1.560277005700332,-14.470000000000255,0.8737922705313952,0.009057971014498028,1.9400000000000546,0.15000000000009095,-2.2389880812173293,-0.07363263767843353,34.85112170022512,17.15821670747573,0.24389488419305483,-0.3657313938983894,0.49232896591000963,-2.487398125029463,-2.200970462147287,-1.1051962123710435,-3.4390163471051167,False,0,0,0
GOLD#,2025-05-20 15:00:00,2025-05-20 16:00:00,UPPER,3241.05,3250.72,3234.4,3242.85,60,3226.0420000000004,3246.501112002757,3205.5828879972437,3237.12,3246.307948636516,3227.932051363484,False,16.31999999999971,9.522000000000002,1.7139256458726848,1.7999999999997272,0.11029411764704407,0.5177696078431353,7.869999999999891,6.650000000000091,1.7651753833227823,0.020373871035540295,40.918224005513366,18.375897273032024,0.06758214378306704,-0.5921446313288466,0.44908833947817567,3.4730098718756253,2.1193026675068087,-0.0934677588741727,7.03948750262547,False,0,1,0
GOLD#,2025-05-20 16:00:00,2025-05-20 17:00:00,UPPER,3242.81,3261.78,3232.81,3261.19,60,3227.5135,3253.017446575799,3202.009553424201,3238.8625,3251.463622971685,3226.2613770283156,True,28.970000000000255,9.828999999999997,2.947400549394675,18.38000000000011,0.6344494304452865,0.9796341042457667,0.5900000000001455,10.0,3.426238681452848,0.2656933563943411,51.00789315159818,25.202245943369235,0.24658130677238876,0.3714838284580191,0.4940852167421778,3.8996846067758613,4.080781361277865,3.2526197985553225,9.976599857564349,True,1,2,1
GOLD#,2025-05-20 17:00:00,2025-05-20 18:00:00,UPPER,3261.22,3285.74,3260.72,3282.52,60,3230.3175,3265.301984488713,3195.333015511287,3245.0925,3283.9634081466907,3206.2215918533097,False,25.019999999999982,10.971500000000015,2.280453903294896,21.300000000000182,0.8513189448441326,0.8713029576339008,3.2199999999998,0.5,4.758009387959696,0.5297361345303642,69.9689689774259,77.74181629338091,0.37172826898524103,2.084717785393843,1.1110899221405244,4.2573941575901175,6.917923711434169,4.788770906439401,9.575718908080008,True,2,3,2
GOLD#,2025-05-22 02:00:00,2025-05-22 03:00:00,UPPER,3317.86,3324.13,3317.32,3320.04,60,3311.4275000000002,3323.1384587538573,3299.716541246143,3317.1925,3323.9442331225864,3310.440766877414,False,6.809999999999945,11.206000000000017,0.6077101552739546,2.1799999999998363,0.32011747430247484,0.39941262848749215,4.0900000000001455,0.5399999999999636,0.768561484918768,0.5587631625915147,23.42191750771417,13.503466245172604,-0.0018740803659563765,0.01148793529848735,0.5765312016287797,1.509013028734591,0.7299660895948442,2.086382295199007,8.018026057469193,False,0,0,0
GOLD#,2025-05-22 03:00:00,2025-05-22 04:00:00,UPPER,3320.26,3326.14,3319.46,3323.75,60,3312.2400000000002,3324.9596572255105,3299.52034277449,3318.685,3322.4112850345678,3314.958714965432,False,6.679999999999836,10.754000000000019,0.6211642179653919,3.4899999999997817,0.5224550898203394,0.6422155688622857,2.3899999999998727,0.8000000000001819,1.0702994234703127,0.5346847684582472,25.439314451020437,7.452570069135618,0.08613286861085667,-0.44809947802847583,0.2929548311329072,0.693695369164964,1.1679375116235748,3.0779244932118144,9.029198437790566,True,1,1,1
GOLD#,2025-05-22 04:00:00,2025-05-22 05:00:00,UPPER,3323.74,3342.86,3320.33,3338.15,60,3314.0439999999994,3330.241279275678,3297.8467207243207,3320.0125000000003,3329.374182549576,3310.6508174504247,True,22.5300000000002,10.5635,2.132815828087301,14.41000000000031,0.6395916555703587,0.7909454061251667,4.710000000000036,3.4099999999998545,2.2820088039002866,0.6314195105787579,32.39455855135748,18.723365099151124,0.27340532755819,1.5123366738533388,0.5779787080434388,2.253987788138396,3.3682018270459535,3.2820561366971246,10.949022577744149,True,2,2,2
GOLD#,2025-05-23 07:00:00,2025-05-23 08:00:00,UPPER,3302.05,3316.14,3301.94,3313.58,60,3299.8195,3314.497482795174,3285.141517204826,3301.24,3313.1835673128344,3289.296432687165,False,14.199999999999818,14.194000000000027,1.0004227138227273,11.529999999999745,0.811971830985908,0.8197183098591565,2.5599999999999454,0.11000000000012733,0.9694589263068789,-0.6438988304917397,29.355965590348205,23.887134625669205,-0.19168757560177718,0.00318553068376648,0.8137063164266323,1.122305199380006,1.3364802029026182,-1.535155699591371,0.832746230801725,False,0,0,0
GOLD#,2025-05-23 14:00:00,2025-05-23 15:00:00,UPPER,3328.6,3349.84,3324.46,3348.03,60,3310.1724999999997,3342.99009946941,3277.3549005305895,3328.2,3332.577762003496,3323.8222379965036,True,25.38000000000011,11.048499999999967,2.2971444087432853,19.43000000000029,0.7655634357762099,0.9286840031520908,1.8099999999999454,4.139999999999873,3.4264832330181147,0.8803457482916042,65.6351989388204,8.755524006992346,0.1609275418025482,-0.34749094269101677,0.1333967771645441,2.1957731818799195,4.344481151287518,5.288500701452728,3.123500927727775,False,0,1,0
GOLD#,2025-05-27 08:00:00,2025-05-27 09:00:00,LOWER,3330.92,3332.61,3316.03,3323.46,60,3337.5515,3349.5859393692695,3325.5170606307306,3337.725,3356.4466345483065,3319.0033654516933,False,16.579999999999927,7.253499999999917,2.2857930654167116,-7.460000000000036,0.44993968636912357,0.4481302774426941,1.6900000000000546,7.429999999999836,-1.9427173088853873,-0.3839525746191337,24.068878738538842,37.44326909661322,0.18441977973271895,0.3769943435232621,1.5556715168729254,-3.12676638863998,-1.9108016819466858,-3.405252636658179,2.5215413248776692,False,0,0,0
GOLD#,2025-05-28 23:00:00,2025-05-29 00:00:00,LOWER,3296.86,3297.27,3276.23,3288.29,59,3304.8064999999997,3323.8260817760256,3285.7869182239738,3297.1825,3309.509782756432,3284.855217243568,False,21.039999999999964,10.27050000000006,2.0485857553186153,-8.570000000000164,0.4073193916349895,0.5731939163498083,0.4099999999998545,12.059999999999945,-1.6081495545494013,-0.27208996640868593,38.03916355205183,24.654565512863883,0.08750332453923026,-0.01478006066411719,0.6481363734280644,-1.3903899518037208,-3.2413222335815948,-1.5637018645635412,-5.229540918163646,False,0,0,0
GOLD#,2025-05-29 02:00:00,2025-05-29 03:00:00,LOWER,3286.38,3287.63,3250.21,3259.79,60,3301.9085,3330.16281880147,3273.65418119853,3293.0675,3319.5964483424577,3266.5385516575425,True,37.42000000000007,10.967500000000063,3.4118987918851023,-26.590000000000146,0.7105825761624824,0.256012827365043,1.25,9.579999999999927,-3.8403008889901797,-0.4369272851606919,56.508637602940325,53.05789668491525,0.3698724475580526,0.2251884346534354,0.9389342751054837,-3.0708912696603274,-4.886254843856835,-3.9452929108730097,-7.4511055390927545,False,1,1,1
GOLD#,2025-05-30 15:00:00,2025-05-30 16:00:00,LOWER,3294.02,3306.81,3282.88,3303.99,60,3306.3655,3327.4360153931902,3285.2949846068095,3295.135,3297.8418062650726,3292.428193734928,False,23.929999999999836,9.494999999999981,2.520273828330688,9.9699999999998,0.41663184287504673,0.8821562891767579,2.8200000000001637,11.139999999999873,-0.2501843075302903,-0.4104791995787303,42.141030786380725,5.413612530144746,-0.044374286822641995,0.40033028754456557,0.12846416969692007,0.22643496577142078,-0.8994207477620259,0.45181674565560526,-0.9889415481832907,False,0,0,0
GOLD#,2025-05-30 16:00:00,2025-05-30 17:00:00,LOWER,3303.95,3308.24,3275.16,3276.58,60,3304.082,3327.535802760637,3280.6281972393626,3297.1925,3312.973561439483,3281.411438560517,True,33.07999999999993,10.08399999999997,3.2804442681475634,-27.36999999999989,0.827388149939539,0.04292623941959117,4.289999999999964,1.4200000000000728,-2.7272907576358625,-0.6039765965886366,46.90760552127449,31.562122878965965,0.11311006508256183,4.83014072455645,0.6728572590355582,-1.8187227290757835,-3.305236017453394,-3.9518048393494674,-3.42919476398255,True,1,1,1
GOLD#,2025-06-02 01:00:00,2025-06-02 02:00:00,UPPER,3299.16,3314.91,3295.42,3312.92,60,3294.8205000000003,3309.7536195312864,3279.887380468714,3294.6975,3306.402827853446,3282.9921721465544,True,25.33999999999969,12.143499999999994,2.0867130563675795,13.760000000000218,0.7060030785018149,0.8978963571062184,1.9899999999997817,3.7399999999997817,1.490468151686072,-0.45728167332316766,29.866239062572276,23.410655706891703,0.04828626686317472,1.1080759520025376,0.783850141219469,2.0035409890064595,1.4238069749248545,-0.392802733972906,1.3142833614691023,False,0,2,0
GOLD#,2025-06-02 08:00:00,2025-06-02 09:00:00,UPPER,3313.86,3325.66,3313.8,3323.72,60,3299.536,3322.6003928152318,3276.4716071847683,3308.335,3323.166008062752,3293.503991937248,True,11.859999999999673,11.611000000000013,1.0214451812935716,9.859999999999673,0.831365935919051,0.8364249578414749,1.9400000000000546,0.05999999999994543,2.0828524674877027,0.3504004823012534,46.128785630463426,29.662016125504124,0.1389513647820786,0.32031108542274,0.6430261651179333,1.1635518043234647,2.616484368271434,2.36499870812157,4.230471104986637,False,0,3,0
GOLD#,2025-06-02 09:00:00,2025-06-02 10:00:00,UPPER,3323.7,3345.4,3323.7,3344.38,60,3301.9735,3332.095686025173,3271.851313974827,3313.3825,3339.141636246344,3287.623363753656,True,21.700000000000273,11.82199999999998,1.83556081881241,20.68000000000029,0.9529953917050705,0.9529953917050705,1.0199999999999818,0.0,3.5870834038233905,0.47914904415499293,60.2443720503461,51.518272492688084,0.3060038591295746,0.7368432501252475,0.8551549421020501,2.798172897986803,4.517848079851159,3.435120960920335,6.367788868211837,True,1,4,1
GOLD#,2025-06-02 16:00:00,2025-06-02 17:00:00,UPPER,3355.49,3376.17,3350.3,3371.01,60,3324.464,3375.448609598716,3273.479390401284,3352.19,3367.040966303926,3337.3390336960742,False,25.86999999999989,10.28449999999998,2.515435850065627,15.520000000000437,0.599922690374971,0.800541167375343,5.1599999999998545,5.1899999999996,4.525839856094158,1.9082113860664143,101.96921919743181,29.70193260785163,0.06320920813417197,0.15591534842852672,0.29128331904104354,1.799795809227503,6.561330157032442,6.516602654480098,6.933735232631682,False,0,5,0
GOLD#,2025-06-03 16:00:00,2025-06-03 17:00:00,LOWER,3359.39,3363.07,3340.92,3344.97,60,3367.7635,3391.0610425942436,3344.4659574057564,3357.7575,3364.4843640658723,3351.030635934128,False,22.15000000000009,9.12950000000003,2.426200777698671,-14.420000000000073,0.6510158013544024,0.18284424379231198,3.680000000000291,4.049999999999727,-2.496686565529344,-0.37094035817953425,46.595085188487246,13.453728131744356,0.11726151458242229,-0.23718559148118046,0.28873706480675165,-1.6003066980667155,-3.0341201599211547,-1.1468316994359187,5.581904814064233,False,0,1,0
GOLD#,2025-06-03 17:00:00,2025-06-03 18:00:00,LOWER,3346.2,3350.16,3333.07,3346.39,60,3366.3650000000002,3391.2168574744564,3341.513142525544,3355.1024999999995,3376.625833853298,3333.579166146701,False,17.08999999999969,9.739000000000056,1.7548002875038087,0.19000000000005457,0.011117612638973552,0.7794031597425366,3.769999999999982,13.129999999999654,-2.0510319334634204,-0.5162234315637342,49.70371494891242,43.04666770659696,0.06671582953116384,2.1996088582336846,0.8660653987502172,-1.5155560119108875,-2.2969504055858114,-2.5279802854502726,4.353629736112522,True,1,2,1
GOLD#,2025-06-04 04:00:00,2025-06-04 05:00:00,UPPER,3350.24,3372.35,3346.47,3370.81,60,3355.818,3368.1065517426296,3343.529448257371,3355.3675000000003,3369.773287037179,3340.9617129628214,True,25.88000000000011,8.741999999999985,2.960420956302923,20.570000000000164,0.7948222565687819,0.9404945904173123,1.5399999999999636,3.769999999999982,1.7149393731411302,-0.4821551132464142,24.577103485258704,28.81157407435785,0.14713666440980822,0.28019733213716846,1.1722933132311126,1.9743765728665972,1.3029055136124335,-0.5673758865248278,6.9320521619766655,False,0,2,0
GOLD#,2025-06-04 17:00:00,2025-06-04 18:00:00,UPPER,3352.81,3384.65,3351.05,3377.38,60,3357.5285000000003,3372.079415123496,3342.977584876505,3352.29,3369.9651803430784,3334.6148196569216,True,33.59999999999991,9.682499999999937,3.4701781564678678,24.570000000000164,0.7312500000000068,0.7836309523809524,7.269999999999982,1.7599999999997635,2.0502452878905126,0.24224115672609056,29.101830246991085,35.35036068615682,0.2719212643037727,-0.3129071411447286,1.2147126275610032,1.5130389878647237,1.226955848179725,3.347276013426338,2.2659437128840896,False,0,3,0
GOLD#,2025-06-05 12:00:00,2025-06-05 13:00:00,UPPER,3375.22,3391.34,3374.01,3389.52,60,3372.935,3387.0511078180275,3358.8188921819724,3369.185,3386.5241695349464,3351.8458304650535,True,17.329999999999927,9.394000000000005,1.8447945497125737,14.300000000000182,0.8251586843623914,0.8949798038084148,1.8200000000001637,1.2099999999995816,1.7654886097509077,0.5219288907813274,28.232215636055116,34.6783390698929,0.0686883414806656,0.6413229987726583,1.2283250991326906,2.1087928464977574,1.8362784756227368,2.8518203108366986,3.1871407281243385,False,0,1,0
GOLD#,2025-06-05 18:00:00,2025-06-05 19:00:00,LOWER,3367.7,3372.93,3339.31,3344.73,60,3374.6045000000004,3397.046285555746,3352.1627144442546,3380.2625,3415.6114165344866,3344.913583465513,True,33.61999999999989,10.187000000000012,3.300284676548528,-22.9699999999998,0.6832242712670992,0.16121356335514844,5.230000000000018,5.420000000000073,-2.9326101894571823,0.16388534406600802,44.88357111149162,70.69783306897352,0.26296352100508424,0.052214949392292764,1.5751383260783507,-4.396780210071651,-2.452144890546774,-3.2050652792775156,-0.02355943850002763,False,1,2,0
GOLD#,2025-06-06 15:00:00,2025-06-06 16:00:00,LOWER,3358.38,3364.22,3343.48,3353.3,60,3360.1214999999997,3371.2522021760083,3348.990797823991,3360.2400000000002,3373.2274092936495,3347.252590706351,False,20.73999999999978,10.031999999999993,2.0673843700159287,-5.079999999999927,0.24493731918997014,0.4734811957570042,5.839999999999691,9.820000000000164,-0.6799740829345658,-0.558114035087781,22.261404352017053,25.974818587298614,-0.12340685947852215,0.038923594504169934,1.1668095227309907,-0.7386363636363497,-0.6060606060605992,-3.8775917065390413,0.23125996810208985,False,0,1,0
GOLD#,2025-06-06 16:00:00,2025-06-06 17:00:00,LOWER,3353.24,3360.96,3342.56,3343.24,60,3359.583,3372.707767576267,3346.458232423733,3357.2149999999997,3367.9025067326575,3346.527493267342,True,18.40000000000009,9.387999999999987,1.9599488708990322,-10.0,0.5434782608695625,0.036956521739121354,7.720000000000255,0.6799999999998363,-1.740839369407789,-0.4381657435022882,26.24953515253401,21.375013465315533,0.17915000947168913,-0.17708709327549776,0.8143006472726847,-1.7256071580741685,-2.1889646357051777,-4.238389433319181,-0.3451214316148531,True,1,2,1
GOLD#,2025-06-06 17:00:00,2025-06-06 18:00:00,LOWER,3343.16,3345.0,3316.31,3326.02,60,3358.1865,3377.76729495146,3338.6057050485397,3353.8325,3380.6696291341013,3326.9953708658986,True,28.690000000000055,9.475,3.0279683377308766,-17.139999999999873,0.5974207040780705,0.33844545137678694,1.8400000000001455,9.710000000000036,-3.3948812664907457,-0.43973614775728437,39.16158990292024,53.67425826820272,0.49189651075172525,1.5110748283409512,1.3705842485266484,-4.148812664907646,-4.001055408970961,-5.495514511873369,-3.465963060686031,True,2,3,2
GOLD#,2025-06-09 18:00:00,2025-06-09 19:00:00,UPPER,3320.82,3332.04,3320.34,3328.6,60,3315.4265,3330.0691107963626,3300.7838892036375,3319.395,3324.360521136617,3314.429478863383,False,11.699999999999818,9.35300000000002,1.2509355287073447,7.779999999999745,0.6649572649572535,0.7059829059828967,3.4400000000000546,0.4800000000000182,1.4084785630278893,-0.23708970383836153,29.285221592725065,9.931042273234198,0.09363634128902643,-0.39335915716563763,0.3391144656969655,1.0648989628996062,1.9009943333689414,0.2758473217149494,-5.291350368865619,False,0,1,0
GOLD#,2025-06-09 19:00:00,2025-06-09 20:00:00,UPPER,3328.62,3337.79,3327.5,3337.62,60,3316.6904999999997,3334.1438738553225,3299.237126144677,3322.1850000000004,3337.2028693614748,3307.167130638526,True,10.289999999999964,9.42550000000001,1.091719272187147,9.0,0.8746355685131226,0.9834791059280784,0.17000000000007276,1.1199999999998909,2.220518805368433,0.05039520449842539,34.906747710645504,30.035738722948736,0.19195777980102147,2.0244296516489535,0.8604565218142263,2.4348840910296317,2.746803883083109,0.576096758792619,-3.187098827648393,True,1,1,1
GOLD#,2025-06-10 04:00:00,2025-06-10 05:00:00,LOWER,3316.63,3319.9,3302.85,3306.24,60,3322.6220000000003,3337.0999357621613,3308.1440642378393,3323.06,3338.6576664972163,3307.4623335027836,True,17.050000000000182,7.891000000000031,2.160689392979358,-10.390000000000327,0.6093841642228865,0.19882697947213118,3.269999999999982,3.3899999999998727,-2.076035990368832,0.49632492713220805,28.955871524321992,31.195332994432647,0.08103804239144607,1.6326084745743947,1.0773404961487545,-3.4114814345456805,-1.7462932454695408,0.09884678747937425,-7.047269040679243,False,0,2,0
GOLD#,2025-06-10 16:00:00,2025-06-10 17:00:00,UPPER,3337.18,3349.14,3335.56,3343.59,60,3324.9190000000003,3346.0686041554713,3303.7693958445293,3333.9775,3344.9030434720025,3323.0519565279974,False,13.579999999999927,8.646000000000004,1.5706685172333936,6.410000000000309,0.4720176730486262,0.5913107511045834,5.549999999999727,1.6199999999998909,2.159495720564401,0.375549386999803,42.29920831094205,21.851086944005147,0.04515323211148048,0.07254962308118795,0.5165838278432426,1.5625722877631518,4.319916724496917,2.7261161230627056,-1.7048346055979382,False,0,3,0
GOLD#,2025-06-11 10:00:00,2025-06-11 11:00:00,UPPER,3337.24,3348.57,3335.15,3345.71,60,3332.1635,3347.21565635491,3317.11134364509,3339.52,3345.95863340768,3333.08136659232,False,13.420000000000073,9.251999999999953,1.450497189796816,8.470000000000255,0.6311475409836221,0.786885245901631,2.8600000000001273,2.0899999999996908,1.464169909208819,0.40250756593175896,30.10431270982008,12.87726681535969,0.08972425118666227,0.24872847152331334,0.42775488480622587,1.8655425853869765,2.609165585819282,2.1919584954604736,3.3668396022481897,False,0,1,0
GOLD#,2025-06-11 15:00:00,2025-06-11 16:00:00,UPPER,3333.22,3360.63,3327.26,3336.77,60,3332.584,3347.488802445273,3317.6791975547267,3335.3199999999997,3357.378485899046,3313.2615141009533,False,33.36999999999989,8.57099999999998,3.8933613347333997,3.550000000000182,0.10638297872341006,0.2849865148336768,23.860000000000127,5.959999999999582,0.48839108622099625,0.10961381402402927,29.809604890546325,44.11697179809289,-0.005658346671749914,-0.19138578692574948,1.4799582872728358,-0.047835725119572445,0.5063586512659147,0.3640182009100336,2.578462256446151,False,1,2,1
GOLD#,2025-06-11 20:00:00,2025-06-11 21:00:00,LOWER,3330.24,3331.38,3319.26,3324.32,60,3334.4044999999996,3346.4263691946176,3322.3826308053817,3332.705,3345.09704584233,3320.31295415767,False,12.11999999999989,10.76899999999996,1.1254526882718856,-5.919999999999618,0.48844884488446133,0.41749174917491677,1.1400000000003274,5.059999999999945,-0.9364379236697482,0.21608320178283266,24.04373838923584,24.78409168465987,-0.026787159139064487,0.0034140604212469228,1.0307919377360835,-0.8115888197604062,-1.4263162782059366,0.2850775373758172,-0.39743708793757654,False,1,2,0
GOLD#,2025-06-12 05:00:00,2025-06-12 06:00:00,UPPER,3371.06,3377.78,3368.9,3374.62,60,3345.3595,3376.2460022126456,3314.4729977873544,3367.765,3377.0509679171655,3358.4790320828342,False,8.88000000000011,12.558499999999981,0.7070908149858759,3.5599999999999454,0.4009009009008898,0.6441441441441137,3.1600000000003092,2.1599999999998545,2.329935899988049,0.7193932396385094,61.77300442529122,18.57193583433127,0.10805853550363587,-0.47539215211663466,0.3006480906524843,2.2184178046741025,3.5593422781383035,3.6763944738623358,4.6191822271768,False,0,3,0
GOLD#,2025-06-13 03:00:00,2025-06-13 04:00:00,UPPER,3395.73,3419.9,3391.75,3416.56,60,3381.1315000000004,3409.5792972948584,3352.6837027051424,3388.3575,3406.663572767218,3370.0514272327823,True,28.15000000000009,11.901999999999997,2.3651487145017724,20.829999999999927,0.7399644760213094,0.8813499111900485,3.3400000000001455,3.980000000000018,2.9766845908250326,0.5777600403293822,56.895594589715984,36.61214553443551,0.21126734822288284,1.7150425899738941,0.6434970193817651,2.8524617711308875,3.1339270710804685,4.2984372374390745,7.750798185178963,False,0,1,0
GOLD#,2025-06-16 16:00:00,2025-06-16 17:00:00,LOWER,3415.57,3418.02,3382.87,3388.35,60,3425.9265,3453.6871413997646,3398.1658586002354,3415.9575,3428.9624336852535,3402.9525663147465,True,35.15000000000009,10.015000000000054,3.509735396904633,-27.220000000000255,0.7743954480796639,0.15590327169274548,2.449999999999818,5.480000000000018,-3.752021967049418,-0.5667998002995509,55.52128279952922,26.00986737050698,0.2747414037540812,-0.037096272789024165,0.4684666142246902,-2.419370943584612,-5.295057413879173,-4.822765851223157,0.9076385421866842,False,0,0,0
GOLD#,2025-06-17 06:00:00,2025-06-17 07:00:00,LOWER,3389.97,3392.56,3373.67,3387.65,60,3399.5245000000004,3422.59453985537,3376.454460144631,3395.2000000000003,3414.0341179819648,3376.365882018036,False,18.889999999999873,10.537500000000023,1.7926453143534835,-2.319999999999709,0.12281630492322523,0.7400741132874596,2.5900000000001455,13.980000000000018,-1.1268801897983702,-1.0189798339263818,46.14007971073897,37.668235963928964,-0.029375053834468035,0.2826224942309079,0.8163886191805123,0.22206405693951511,-0.8825622775800434,-4.813285883748488,-3.7864768683274024,False,0,1,0
GOLD#,2025-06-17 17:00:00,2025-06-17 18:00:00,LOWER,3390.43,3392.01,3366.21,3384.96,60,3389.5964999999997,3400.583769493787,3378.6092305062125,3390.9775,3408.301365046768,3373.653634953232,False,25.800000000000182,10.088999999999965,2.557240559024707,-5.4699999999998,0.21201550387595974,0.7267441860465065,1.580000000000382,18.75,-0.4595599167409684,-0.3117256417881304,21.974538987574306,34.647730093535756,0.012773840635954326,-0.12306459430289352,1.5767215918899422,0.6066012488849155,-0.5005451481812072,-0.33600951531369655,-5.123401724650633,False,0,2,0
GOLD#,2025-06-17 18:00:00,2025-06-17 19:00:00,LOWER,3384.98,3388.28,3372.55,3379.28,60,3389.2949999999996,3401.0409652617022,3377.549034738297,3387.6875,3395.7871975350145,3379.5878024649855,False,15.730000000000018,10.922999999999979,1.440080563947638,-5.699999999999818,0.3623649078194413,0.4278448823903376,3.300000000000182,6.730000000000018,-0.9168726540327233,-0.17820195916876985,23.491930523405244,16.199395070028913,0.069052258010462,-0.5324543620520976,0.6895727472839789,-0.5758491256980661,-0.7662730019225402,-1.6176874485031267,-5.2183466080747145,True,1,2,1
GOLD#,2025-06-18 12:00:00,2025-06-18 13:00:00,LOWER,3383.53,3385.49,3375.49,3378.13,60,3385.38,3394.2868221004705,3376.4731778995297,3384.5525000000002,3391.285961231703,3377.8190387682976,False,10.0,9.750500000000011,1.025588431362493,-5.400000000000091,0.5400000000000091,0.26400000000003276,1.9599999999995816,2.6400000000003274,-0.7435516127378075,-0.07245782267573737,17.81364420094087,13.466922463405353,0.07660270756002463,-0.6428066037362716,0.7559891907290965,-1.3148043690066862,-1.0655863801856171,-0.07281677862674074,-3.53315214604377,False,0,2,0
GOLD#,2025-06-18 16:00:00,2025-06-18 17:00:00,UPPER,3386.63,3396.81,3385.67,3392.28,60,3385.548,3394.633363169924,3376.4626368300756,3381.76,3394.2412499437746,3369.278750056226,False,11.139999999999873,8.34150000000002,1.335491218605748,5.650000000000091,0.5071813285457949,0.5933572710951708,4.529999999999745,0.9600000000000364,0.807049091889997,-0.061619612779545314,18.170726339848443,24.962499887548802,0.05613491830757966,0.5621639354785994,1.3737755673974343,0.7696457471677826,1.5968351016004474,0.6653479590002,-2.722531918719598,False,1,3,0
GOLD#,2025-06-18 22:00:00,2025-06-18 23:00:00,LOWER,3379.13,3379.21,3362.91,3366.74,60,3384.4235,3397.180606683316,3371.6663933166838,3386.8325,3408.3743917497677,3365.2906082502323,False,16.300000000000182,9.480999999999995,1.7192279295433173,-12.390000000000327,0.7601226993865147,0.23496932515336716,0.07999999999992724,3.8299999999999272,-1.8651513553422745,-0.11860563231725543,25.514213366632248,43.08378349953546,0.2911003077066501,0.6670155344469535,1.688618923124664,-2.6938086699715678,-2.0166649087649358,-1.6960236261998092,-2.732834089231128,False,1,2,0
GOLD#,2025-06-19 08:00:00,2025-06-19 09:00:00,LOWER,3374.52,3375.27,3360.21,3364.58,60,3379.1605000000004,3394.799029947854,3363.521970052147,3374.9275,3379.47514776116,3370.3798522388397,False,15.059999999999945,9.36199999999999,1.608630634479808,-9.940000000000055,0.6600265604249728,0.290172642762278,0.75,4.369999999999891,-1.5574129459517732,-0.43051698355050755,31.27705989570677,9.095295522320157,0.09961776127501798,-0.4826238854650422,0.29079765018350134,-1.1194189275795803,-2.8199102755821537,-3.2674642170476584,-2.4642170476394134,False,0,3,0
GOLD#,2025-06-19 09:00:00,2025-06-19 10:00:00,LOWER,3364.59,3364.76,3347.48,3357.43,60,3378.1255000000006,3396.4150942800816,3359.8359057199195,3372.3675000000003,3390.8942671265054,3353.840732873495,False,17.2800000000002,9.825499999999987,1.7586891252353796,-7.160000000000309,0.41435185185186496,0.575810185185168,0.17000000000007276,9.949999999999818,-2.106305022645234,-0.45707597577726694,36.57918856016204,37.053534253010184,0.16952132592178404,3.0739230695780675,1.0129676384720232,-2.242125082693016,-2.7520227978219935,-2.9555747799094196,-3.721947992468598,True,1,4,1
GOLD#,2025-06-20 04:00:00,2025-06-20 05:00:00,LOWER,3368.12,3368.33,3356.14,3356.49,60,3368.0910000000003,3377.4576277779547,3358.724372222046,3368.1075,3374.3495109067576,3361.8654890932426,True,12.190000000000055,9.09350000000004,1.3405179523835709,-11.63000000000011,0.9540607054963132,0.02871205906479963,0.21000000000003638,0.34999999999990905,-1.2757464122725592,-0.29059218122829067,18.733255555908727,12.484021813515028,0.10681947405705872,-0.0003488691345079342,0.6664096251853776,-1.60444273382087,-2.0179248914059804,-2.042117996371043,-3.522296145598511,False,0,2,0
GOLD#,2025-06-20 08:00:00,2025-06-20 09:00:00,LOWER,3354.22,3355.1,3342.65,3344.7,60,3364.9285000000004,3380.3185503875397,3349.538449612461,3354.66,3360.6467186472237,3348.673281352776,True,12.449999999999818,9.41600000000003,1.3222175021240206,-9.519999999999982,0.7646586345381623,0.1646586345381331,0.8800000000001091,2.049999999999727,-2.1483113848768647,-0.4790781648258233,30.78010077507861,11.973437294447649,0.1994223182316741,-0.7484800221676435,0.3889992882720531,-2.554163126593044,-2.1197960917587055,-3.40059473237042,-3.6384876805437667,False,1,3,1
GOLD#,2025-06-23 14:00:00,2025-06-23 15:00:00,UPPER,3367.83,3382.0,3367.83,3380.67,60,3365.7095,3379.3507000546497,3352.06829994535,3363.4725,3379.4305042662186,3347.514495733781,True,14.269999999999982,8.844499999999925,1.6134320764316923,12.840000000000146,0.9061397318278108,0.9061397318278108,1.3299999999999272,0.0,1.691503194075444,0.2844140426253085,27.282400109299488,31.916008532437445,0.1425140928421369,0.09051108149453824,1.1698387386950808,2.6988523941432634,0.8909491774549353,2.8548815648143155,1.659788569167326,False,0,0,0
GOLD#,2025-06-24 08:00:00,2025-06-24 09:00:00,LOWER,3348.51,3348.77,3326.63,3332.05,60,3365.458,3398.388756200412,3332.527243799588,3350.1124999999997,3358.3440187032247,3341.8809812967747,True,22.139999999999873,12.536999999999944,1.7659727207465878,-16.460000000000036,0.7434507678410177,0.24480578139115194,0.25999999999976353,5.420000000000073,-2.6647523330940457,-0.2869506261465957,65.86151240082381,16.463037406449985,0.12622140070546584,0.11347103851322604,0.24996446037039471,-0.9755124830501773,-4.60875807609476,-2.1081598468533107,-1.871261067240978,False,0,1,0
GOLD#,2025-06-24 16:00:00,2025-06-24 17:00:00,LOWER,3314.67,3317.84,3295.34,3301.99,60,3342.5634999999993,3387.000806522024,3298.1261934779745,3319.9525,3335.641920007208,3304.263079992792,False,22.5,12.740499999999951,1.7660217416898933,-12.680000000000291,0.5635555555555685,0.29555555555553936,3.1700000000000728,6.649999999999636,-3.1846081393979566,-1.4758055021389442,88.87461304404951,31.3788400144158,-0.010081086729718414,0.13734576739862003,0.353068654137074,-2.1710293944508,-3.5885561791138834,-4.586947137082554,-3.535967976139112,False,0,1,0
GOLD#,2025-06-25 16:00:00,2025-06-25 17:00:00,LOWER,3320.62,3321.54,3311.95,3314.48,60,3325.1335,3335.3839736931245,3314.8830263068753,3323.2375,3330.501238717934,3315.9737612820663,True,9.590000000000146,6.181500000000005,1.5514033810564,-6.139999999999873,0.6402502606881939,0.2638164754953245,0.9200000000000728,2.5300000000002,-1.7234490010515062,0.49138558602279486,20.50094738624921,14.527477435867695,0.07317578255971324,0.062355498462893566,0.7086246875406278,-2.6093990131845177,-3.251637951953392,-0.03559006713577606,-10.707757016905282,False,0,1,0
GOLD#,2025-06-26 02:00:00,2025-06-26 03:00:00,UPPER,3333.14,3339.99,3332.85,3338.98,60,3328.2905,3339.245879451814,3317.3351205481863,3333.1475,3337.061819884996,3329.233180115004,False,7.139999999999873,7.188499999999976,0.9932531126104049,5.8400000000001455,0.8179271708683823,0.8585434173669774,1.0099999999997635,0.2899999999999636,1.487027891771578,0.2638241635946079,21.91075890362754,7.828639769992151,0.11517929642093083,-0.600766415154323,0.3572966050343443,0.5884398692355891,2.019892884468252,2.4372261250608664,-4.192807957153783,False,0,1,0
GOLD#,2025-06-26 10:00:00,2025-06-26 11:00:00,UPPER,3339.8,3347.17,3339.69,3346.12,60,3331.728,3346.439891242562,3317.016108757438,3336.4624999999996,3346.605571534895,3326.3194284651045,False,7.480000000000018,7.786999999999966,0.9605753178374279,6.319999999999709,0.8449197860962158,0.8596256684491739,1.050000000000182,0.11000000000012733,1.8482085527160508,0.388146911519205,29.42378248512432,20.28614306979034,0.09386771308473918,0.04397238670883641,0.6894471531675554,2.048285604212134,1.862077822011052,1.8415307563888215,1.8068575831513767,False,0,2,0
GOLD#,2025-06-27 06:00:00,2025-06-27 07:00:00,LOWER,3308.86,3310.93,3292.55,3294.27,60,3326.594,3352.056183251508,3301.131816748492,3315.725,3332.0078375955036,3299.4421624044962,True,18.379999999999654,9.074500000000034,2.025455947986069,-14.590000000000146,0.7937976060936028,0.09357997823720524,2.069999999999709,1.7199999999998,-3.5620695355115926,-0.7548074274064446,50.924366503016245,32.56567519100736,0.19542131985149114,1.3308551476758415,0.6394910222217197,-3.691663452531806,-2.65358972946166,-4.979888699101866,-4.442118023031549,False,0,1,0
GOLD#,2025-06-27 10:00:00,2025-06-27 11:00:00,LOWER,3294.93,3295.27,3283.57,3284.39,60,3316.222,3346.1580014687033,3286.285998531297,3295.1450000000004,3300.331173942392,3289.958826057609,True,11.699999999999818,9.920499999999993,1.1793760395141197,-10.539999999999964,0.9008547008547118,0.0700854700854463,0.3400000000001455,0.819999999999709,-3.2087092384456786,-1.4028526787964242,59.87200293740625,10.372347884783267,0.05512736821967423,-0.7855911995631699,0.1732420392821522,-3.2377400332644894,-5.007812106244677,-5.589436016329853,-4.759840733834009,False,1,2,1
GOLD#,2025-06-27 16:00:00,2025-06-27 17:00:00,LOWER,3270.11,3274.44,3255.93,3273.87,60,3302.8955,3343.4688407416156,3262.3221592583845,3279.9325,3303.474842707555,3256.3901572924447,False,18.51000000000022,9.269499999999994,1.9968714601650823,3.7599999999997635,0.20313344138302103,0.9692058346839462,0.5700000000001637,14.180000000000291,-3.1312907923836466,-1.4376719348400813,81.14668148323108,47.08468541511047,0.012379211409244029,0.8879821627119111,0.5802416630535964,-1.134904795296401,-4.600032364205227,-5.19013970548575,-5.248395274826056,False,1,2,1
GOLD#,2025-06-30 01:00:00,2025-06-30 02:00:00,LOWER,3273.57,3281.44,3246.79,3263.76,60,3282.1555,3304.271605871896,3260.0393941281036,3274.3199999999997,3284.349915261844,3264.290084738155,False,34.65000000000009,10.451000000000022,3.3154722036168804,-9.809999999999945,0.2831168831168808,0.4897546897546958,7.869999999999891,16.970000000000255,-1.7601664912448178,-1.4111568270978434,44.232211743792504,20.059830523689016,-0.11863816476021305,-0.10601667244778779,0.4535118126102792,-1.034350779829674,-1.8113099224954354,-6.124772749019197,-6.684527796383076,False,0,3,0
GOLD#,2025-06-30 22:00:00,2025-06-30 23:00:00,UPPER,3298.5,3309.46,3298.0,3308.6,60,3286.8885,3305.5602050891603,3268.21679491084,3294.835,3308.7074907698943,3280.9625092301058,False,11.460000000000036,8.544499999999994,1.3412136462051665,10.099999999999909,0.8813263525305303,0.9249563699825372,0.8600000000001273,0.5,2.5409912809409447,0.8767628298905837,37.34341017832048,27.74498153978857,0.010535317652422771,-0.07879805610266455,0.7429686096503251,2.799461641991935,1.8362689449353462,3.845748727251466,-2.826379542395706,False,0,1,0
GOLD#,2025-07-02 09:00:00,2025-07-02 10:00:00,LOWER,3338.78,3339.32,3329.82,3333.47,60,3341.299,3352.624675076232,3329.973324923768,3338.84,3344.163983486296,3333.5160165137045,False,9.5,7.201499999999965,1.3191696174408174,-5.3100000000004,0.5589473684210947,0.3842105263157512,0.5399999999999636,3.649999999999636,-1.087134624730989,0.09261959314030682,22.651350152464147,10.647966972591348,0.04055778285375622,-0.5783132523430787,0.47008089588129914,-0.763729778518368,-0.8623203499271078,0.6734708046934573,6.647226272304398,False,0,0,0
GOLD#,2025-07-03 15:00:00,2025-07-03 16:00:00,LOWER,3345.77,3352.36,3311.58,3324.48,60,3350.964,3367.0080673126126,3334.9199326873872,3350.1974999999998,3368.5450420741495,3331.84995792585,True,40.7800000000002,7.60349999999994,5.3633195239035345,-21.289999999999964,0.52206964198136,0.3163315350662096,6.5900000000001455,12.900000000000091,-3.4831327678043182,0.15716446373376977,32.08813462522539,36.69508414829943,0.3833228728877023,0.18924354215447514,1.1435717462819537,-4.910896297757669,-2.661932004997691,-2.3423423423423535,-3.181429604787301,False,0,0,0
GOLD#,2025-07-07 03:00:00,2025-07-07 04:00:00,LOWER,3328.91,3329.7,3321.69,3326.54,60,3334.8959999999997,3344.863999595344,3324.9280004046554,3332.2574999999997,3340.5494901207207,3323.9655098792787,False,8.009999999999764,6.038000000000056,1.3265982113282029,-2.369999999999891,0.2958801498127292,0.6054931335830277,0.7899999999999636,4.849999999999909,-1.3839019542894484,0.15311361377925836,19.935999190688563,16.583980241442077,0.05967782029066315,1.7443082875748455,0.8318610009368329,-1.1990725405763778,-2.701225571381218,-0.41570056310039666,-3.8323948327260116,False,0,0,0
GOLD#,2025-07-07 04:00:00,2025-07-07 05:00:00,LOWER,3326.55,3327.7,3306.67,3316.59,60,3334.2775,3346.839568099355,3321.7154319006454,3330.82,3343.7036951284226,3317.9363048715777,True,21.029999999999745,6.2625000000000455,3.3580838323352644,-9.960000000000036,0.4736091298145581,0.4717070851165094,1.1499999999996362,9.920000000000073,-2.824351297405169,0.016287425149678406,25.124136198709493,25.76739025684492,0.26023962774056164,0.5537518666631196,1.0256030318036753,-2.649101796407117,-4.190019960079775,-1.9321357285428855,-6.123752495009921,True,1,1,1
GOLD#,2025-07-07 10:00:00,2025-07-07 11:00:00,LOWER,3309.83,3313.23,3300.64,3302.17,60,3325.9955,3351.124161304044,3300.866838695956,3310.4700000000003,3318.529181109912,3302.4108188900886,False,12.590000000000146,7.459000000000037,1.6878938195468673,-7.6599999999998545,0.6084193804606645,0.12152501985704388,3.400000000000091,1.5300000000002,-3.194194932296528,-1.1103365062340946,50.257322608087634,16.11836221982321,0.06556484872183677,-0.057917200146404335,0.32071669128727864,-1.933235018098941,-4.1573937525136895,-3.369084327657861,-5.869419493229592,False,1,2,1
GOLD#,2025-07-08 16:00:00,2025-07-08 17:00:00,LOWER,3328.17,3328.67,3314.74,3315.21,60,3331.0305,3342.9585819469457,3319.102418053054,3324.9575000000004,3333.682699147383,3316.2323008526178,True,13.930000000000291,6.721499999999969,2.072454065312855,-12.960000000000036,0.9303661162957477,0.03374012921753373,0.5,0.47000000000025466,-2.3537156884623798,0.33154801755563157,23.85616389389179,17.450398294765364,0.2338571832172307,0.8930999995012474,0.7314838367300713,-2.782117086959742,-2.9145280071412984,0.8376106523841605,-4.112177341367254,False,0,0,0
GOLD#,2025-07-08 17:00:00,2025-07-08 18:00:00,LOWER,3315.1,3315.85,3294.24,3296.52,60,3329.2590000000005,3348.435864079749,3310.082135920252,3323.225,3342.7827197076135,3303.6672802923863,True,21.610000000000127,7.02349999999999,3.0768135544956445,-18.579999999999927,0.8597871355853687,0.10550670985655654,0.75,2.2800000000002,-4.66135117818759,-0.08934292019636164,38.35372815949722,39.11543941522723,0.6077072713822793,1.2415212967924507,1.0198601620307253,-3.8641702854701947,-5.394746209154969,-2.830497615149162,-6.593578700078311,True,1,1,1
GOLD#,2025-07-11 03:00:00,2025-07-11 04:00:00,UPPER,3323.73,3336.11,3323.57,3330.51,60,3322.0870000000004,3330.9536523521338,3313.220347647867,3324.025,3326.125190506113,3321.924809493887,False,12.539999999999964,7.272999999999979,1.7241853430496354,6.7800000000002,0.5406698564593476,0.5534290271132436,5.599999999999909,0.15999999999985448,1.1581190705348272,0.24852193042771972,17.73330470426663,4.200381012225989,0.056121437731990964,-0.5791894245368319,0.236863973313185,1.8094321462945617,1.3873229753884468,1.77368348686926,4.001099958751608,False,0,0,0
GOLD#,2025-07-11 08:00:00,2025-07-11 09:00:00,UPPER,3331.89,3341.56,3331.89,3334.09,60,3324.2574999999997,3336.766085648803,3311.7489143511966,3331.9025,3338.0335602803866,3325.7714397196137,False,9.670000000000073,7.400499999999942,1.3066684683467533,2.200000000000273,0.22750775594625194,0.22750775594625194,7.4699999999998,0.0,1.3286264441592477,0.39362205256395905,25.017171297606183,12.262120560772928,0.054425337731033974,-0.07248974613366332,0.4901481632316381,1.3904465914465298,2.5741503952436093,1.6079994594960048,5.5144922640362495,False,1,1,1
GOLD#,2025-07-11 09:00:00,2025-07-11 10:00:00,UPPER,3334.08,3343.79,3332.14,3332.37,60,3324.554,3337.5279329400696,3311.5800670599306,3333.045,3336.619185244458,3329.470814755542,False,11.650000000000091,7.368499999999949,1.58105448870193,-1.7100000000000364,0.1467811158798303,0.019742489270387673,9.710000000000036,0.2300000000000182,1.0607314921625646,0.3348035556761431,25.947865880139034,7.1483704889160435,0.03720223087819319,-0.41703635570310726,0.2754897270525641,0.2524258668656694,2.0384067313564613,1.5281264843590745,5.223586890140469,True,2,2,2
GOLD#,2025-07-11 10:00:00,2025-07-11 11:00:00,UPPER,3332.33,3342.2,3331.12,3341.92,60,3325.387,3340.4124212564366,3310.3615787435638,3333.0075,3336.6844960785543,3329.330503921446,True,11.079999999999927,7.5984999999999445,1.4581825360268486,9.590000000000146,0.86552346570399,0.9747292418772792,0.27999999999974534,1.2100000000000364,2.1758241758241788,0.38619464367965584,30.050842512872805,7.353992157108223,0.15812385695558362,0.02876483088152848,0.24471833539968177,1.6345331315391411,2.6952688030532563,2.189905902480752,6.914522603145404,True,2,3,2
GOLD#,2025-07-15 18:00:00,2025-07-15 19:00:00,LOWER,3347.95,3349.82,3325.43,3328.9,60,3351.941,3369.5888598116458,3334.293140188354,3349.6275,3361.9811674781854,3337.2738325218147,True,24.390000000000327,6.871000000000004,3.5497016445932634,-19.049999999999727,0.7810578105780841,0.14227142271423568,1.8700000000003456,3.4700000000002547,-3.353369233008252,-0.019502255857955824,35.295719623291916,24.707334956370687,0.23832339584988538,-0.4551821007542297,0.7000093841426066,-5.0094600494833434,-4.214815892883135,-2.055013826226151,-3.3284820259059638,False,0,0,0
GOLD#,2025-07-16 16:00:00,2025-07-16 17:00:00,LOWER,3334.57,3339.42,3322.0,3326.83,60,3333.1305,3343.594366347252,3322.6666336527483,3337.1825000000003,3346.9597542240526,3327.405245775948,False,17.420000000000073,5.8660000000000085,2.969655642686677,-7.7400000000002365,0.4443168771527098,0.27726750861078686,4.849999999999909,4.829999999999927,-1.074070917149723,-0.32986703034427,20.927732694503902,19.55450844810457,0.02373429314812303,-0.05000132164466864,0.9343825599053083,-1.8735083532219947,-0.6887146266621135,-3.7521309239686644,-6.341629730651247,False,0,1,0
GOLD#,2025-07-16 18:00:00,2025-07-16 19:00:00,UPPER,3337.95,3377.22,3335.79,3343.48,60,3334.3590000000004,3345.3599670453577,3323.358032954643,3334.635,3354.0411742793844,3315.228825720616,False,41.429999999999836,7.101499999999987,5.833978736886561,5.5300000000002,0.1334781559256631,0.1856142891624447,33.73999999999978,2.1599999999998545,1.2843765401675218,0.05287615292551676,22.001934090714713,38.81234855876846,0.05676138720743262,0.07819616956349362,1.7640425791089023,0.48722100964585546,1.2912764908822205,-0.6252200239386133,-1.665845243962536,False,1,2,0
GOLD#,2025-07-17 09:00:00,2025-07-17 10:00:00,LOWER,3339.36,3339.84,3328.15,3335.41,60,3342.3465000000006,3355.224827955613,3329.468172044388,3341.2025,3345.93421218077,3336.47078781923,False,11.690000000000055,9.990000000000032,1.1701701701701719,-3.950000000000273,0.3378956372968567,0.6210436270316279,0.4800000000000182,7.2599999999997635,-0.6943443443444127,0.044594594594621034,25.756655911224698,9.463424361540092,0.02748077518773373,0.13337755402546292,0.36741665510296123,-0.5365365365365475,-1.9329329329329212,-0.26626626626629635,-2.4774774774774695,False,0,2,0
GOLD#,2025-07-17 10:00:00,2025-07-17 11:00:00,LOWER,3335.4,3336.15,3325.12,3325.79,60,3341.8875,3356.342588893962,3327.4324111060378,3339.715,3350.741132602215,3328.688867397785,True,11.0300000000002,10.378500000000031,1.0627740039504907,-9.610000000000127,0.8712601994560247,0.06074342701723124,0.75,0.6700000000000728,-1.5510430216312383,-0.028761381702589985,28.910177787924113,22.052265204430114,0.12243522169836951,1.3302627423168092,0.762785527166195,-1.7507346919111644,-2.36257648022353,-1.2843859902683323,-3.4976152623211516,True,1,3,1
GOLD#,2025-07-17 15:00:00,2025-07-17 16:00:00,LOWER,3324.23,3328.51,3309.8,3313.06,60,3338.6490000000003,3360.421751684908,3316.8762483150927,3326.0825,3332.6636473286553,3319.5013526713446,True,18.710000000000036,9.110500000000048,2.053674331814932,-11.170000000000073,0.597006948156069,0.1742383752004146,4.2800000000002,3.2599999999997635,-2.8087371713956713,-0.4058503924043904,43.54550336981538,13.162294657310667,0.18339386377291733,0.25388173107092826,0.302265300403771,-2.45321332528399,-3.041545469513187,-2.881290818286577,-5.2960869326600895,False,2,4,2
GOLD#,2025-07-18 14:00:00,2025-07-18 15:00:00,UPPER,3351.31,3357.62,3350.8,3354.31,60,3341.5875,3353.5628494701577,3329.6121505298424,3350.2425,3357.239149209513,3343.2458507904867,False,6.819999999999709,6.055500000000097,1.126248864668417,3.0,0.43988269794723284,0.5146627565982278,3.3099999999999454,0.5099999999997635,2.1009825778217572,1.285855833539688,23.950698940315306,13.99329841902636,0.10153095796225098,-0.5333202085072428,0.5842542822611314,3.4381966807034647,2.32185616381797,4.708116588225465,2.359838163652834,False,0,1,0
GOLD#,2025-07-18 15:00:00,2025-07-18 16:00:00,UPPER,3354.3,3361.22,3354.15,3359.92,60,3342.745,3356.9091879376224,3328.5808120623774,3351.35,3361.077610197831,3341.622389802169,False,7.069999999999709,5.557500000000073,1.2721547458388873,5.619999999999891,0.7949080622348121,0.8161244695898472,1.2999999999997272,0.15000000000009095,3.0904183535762404,1.460728744939159,28.328375875245,19.455220395661854,0.18277867154686311,0.39032412609803613,0.6867750019041144,3.20827710301389,3.6149347728294883,6.423751686909546,4.489428699955006,True,1,2,1
GOLD#,2025-07-21 08:00:00,2025-07-21 09:00:00,UPPER,3357.76,3369.61,3357.65,3366.61,60,3353.665,3362.0791773175547,3345.2508226824452,3354.8949999999995,3364.90257713739,3344.887422862609,True,11.960000000000036,5.709999999999991,2.094570928196157,8.849999999999909,0.7399665551839366,0.7491638795986629,3.0,0.11000000000012733,2.2670753064798923,0.8227670753065373,16.828354635109463,20.015154274780798,0.30935602466657586,0.24086344233885937,1.189370839203889,3.0647985989492166,2.274956217162917,5.178633975481648,4.401050788091094,False,0,2,0
GOLD#,2025-07-21 14:00:00,2025-07-21 15:00:00,UPPER,3366.09,3375.63,3365.17,3375.33,60,3357.568,3373.4518390803637,3341.6841609196367,3365.7200000000003,3368.0146895564185,3363.425310443582,True,10.460000000000036,5.622999999999957,1.860216966032388,9.239999999999782,0.8833652007647944,0.9713193116634626,0.3000000000001819,0.9200000000000728,3.1588120220522593,0.6941134625645167,31.767678160726973,4.589379112836468,0.16280091762036042,-0.5511493230377207,0.14446693553166634,1.550773608394072,4.662991285790504,4.25573537257692,8.84936866441404,False,1,3,1
GOLD#,2025-07-21 15:00:00,2025-07-21 16:00:00,UPPER,3375.26,3388.58,3374.52,3387.21,60,3359.2464999999997,3379.5853960106174,3338.907603989382,3368.3525,3384.3058914939825,3352.3991085060175,True,14.059999999999945,5.75499999999995,2.4430929626411935,11.949999999999818,0.8499288762446561,0.9025604551920415,1.3699999999998909,0.7400000000002365,4.858992180712518,0.8317115551693739,40.67779202123529,31.906782987965016,0.2804773397485345,5.952309278333951,0.7843784385177178,3.29452649869682,6.079930495221641,5.716768027801977,10.670721112076523,True,1,4,1
GOLD#,2025-07-22 15:00:00,2025-07-22 16:00:00,UPPER,3391.29,3407.74,3390.9,3407.51,60,3392.4955,3403.7809073443395,3381.2100926556604,3388.3275,3396.2995198293615,3380.355480170638,True,16.83999999999969,5.275000000000068,3.1924170616112746,16.220000000000255,0.9631828978622656,0.9863420427553701,0.22999999999956344,0.38999999999987267,2.84635071090048,0.3127014218009418,22.570814688679093,15.94403965872334,0.2069513981924651,0.9470144729867904,0.7064007160858238,4.333649289099495,2.4758293838863,6.1004739336492655,10.636966824644437,False,0,2,0
GOLD#,2025-07-23 16:00:00,2025-07-23 17:00:00,LOWER,3419.95,3420.5,3405.64,3413.35,60,3425.334,3434.753315045402,3415.9146849545978,3425.455,3442.995045614514,3407.914954385486,False,14.860000000000127,6.994499999999971,2.124526413610721,-6.599999999999909,0.4441453566621704,0.5188425302826359,0.5500000000001819,7.710000000000036,-1.713346200586171,0.3412681392522305,18.838630090804145,35.08009122902786,0.16198892851356272,0.4318371180098215,1.8621359971472549,-1.0365287011223148,-1.10944313389095,0.8349417399384824,5.435699478161433,False,0,1,0
GOLD#,2025-07-24 15:00:00,2025-07-24 16:00:00,LOWER,3362.11,3365.49,3352.59,3353.44,60,3379.675,3403.142643680815,3356.2073563191852,3364.8925,3376.1002964005775,3353.6847035994224,True,12.899999999999636,8.22450000000008,1.5684844063468308,-8.670000000000073,0.6720930232558385,0.06589147286821186,3.3799999999996544,0.849999999999909,-3.1898595659310436,-1.9156179706971908,46.93528736162989,22.41559280115507,0.09235093693799135,0.140547845508052,0.4775850764148099,-2.729649218797446,-4.619125782722282,-9.087482521733728,-4.075627697732343,False,0,1,0
GOLD#,2025-07-25 10:00:00,2025-07-25 11:00:00,LOWER,3359.32,3360.06,3352.71,3354.02,60,3365.5964999999997,3377.8388531615187,3353.3541468384806,3359.52,3363.041249800316,3355.998750199684,False,7.349999999999909,6.845499999999947,1.0736980498137412,-5.300000000000182,0.7210884353741833,0.1782312925170016,0.7399999999997817,1.3099999999999454,-1.6911109487984455,-0.4773208677233814,24.484706323038154,7.042499600632254,0.1066447813640321,-0.4882396272395325,0.28762851012861956,-2.384047914688524,-2.6177781024030695,-3.19479950332336,-9.689577094441669,False,0,1,0
GOLD#,2025-07-25 11:00:00,2025-07-25 12:00:00,LOWER,3354.05,3355.28,3344.55,3345.43,60,3364.762,3379.7956284353268,3349.7283715646736,3358.2575,3368.547043243319,3347.9679567566814,True,10.730000000000018,6.9594999999999345,1.54177742653928,-8.620000000000346,0.8033550792171791,0.08201304753025657,1.2300000000000182,0.8799999999996544,-2.7777857604713723,-0.47338170845606753,30.067256870653182,20.579086486637607,0.2280015318118107,1.92212817233104,0.6844351174158358,-2.53897550111362,-3.5893383145341264,-3.204253179107751,-11.434729506430221,True,1,2,1
GOLD#,2025-07-25 17:00:00,2025-07-25 18:00:00,LOWER,3343.77,3344.87,3330.55,3331.72,60,3356.9090000000006,3381.8138484422707,3332.0041515577304,3342.1025,3347.2714360757345,3336.9335639242654,True,14.319999999999709,6.2654999999999745,2.285531880935243,-12.050000000000182,0.8414804469274041,0.08170391061450012,1.099999999999909,1.169999999999618,-4.020269731067092,-1.2533716383368674,49.809696884540244,10.337872151469128,0.09974566412188612,-0.3741932971637971,0.20754738129470046,-2.1881733301412645,-5.008379219535589,-5.568589897055378,-14.086665070624942,False,1,2,1
GOLD#,2025-07-28 15:00:00,2025-07-28 16:00:00,LOWER,3336.56,3338.32,3325.55,3328.4,60,3335.9205,3343.8959008636016,3327.9450991363988,3336.5575,3339.3825840968975,3333.7324159031023,False,12.769999999999982,6.898500000000036,1.8511270566064963,-8.159999999999854,0.6389976507439206,0.2231793265465868,1.7600000000002183,2.849999999999909,-1.0901645285206993,-0.13437703848658042,15.950801727202816,5.650168193795253,-0.014651849720508592,-0.2962666405212142,0.3542247148718138,-1.6960208741030307,-0.7160977023990764,-1.8206856563020772,-5.198231499601354,False,0,1,0
GOLD#,2025-07-28 16:00:00,2025-07-28 17:00:00,LOWER,3328.35,3330.63,3301.71,3302.25,60,3334.5474999999997,3351.133426411729,3317.9615735882703,3334.65,3349.4108400897244,3319.889159910276,True,28.920000000000073,6.993000000000029,4.135564135564129,-26.09999999999991,0.9024896265560112,0.018672199170123176,2.2800000000002,0.5399999999999636,-4.618547118547053,-0.27227227227233564,33.17185282345872,29.521680179448595,1.0796354559963453,4.224920598269607,0.8899617496967559,-4.677534677534664,-4.252824252824204,-5.502645502645483,-8.561418561418511,True,1,2,1
GOLD#,2025-07-29 11:00:00,2025-07-29 12:00:00,UPPER,3317.11,3329.97,3316.62,3326.33,60,3315.3564999999994,3326.673162535294,3304.0398374647048,3317.6425,3322.9452823030215,3312.3397176969784,False,13.349999999999909,7.9345000000000026,1.6825256789967742,9.2199999999998,0.6906367041198399,0.7273408239700452,3.6399999999998727,0.49000000000023647,1.383010901758209,-0.7041401474573624,22.633325070589308,10.605564606043117,-0.18352640096224637,-0.493500863769995,0.4685818178710486,0.9401978700611298,1.1632743084000272,-1.0876551767597336,-4.156531602495432,False,0,2,0
GOLD#,2025-07-30 03:00:00,2025-07-30 04:00:00,UPPER,3327.5,3333.67,3327.24,3330.24,60,3323.1159999999995,3332.281468669784,3313.950531330215,3326.6825,3330.935346123918,3322.429653876082,False,6.430000000000291,7.567999999999938,0.8496300211416944,2.7399999999997817,0.42612752721612096,0.4665629860030893,3.430000000000291,0.2600000000002183,0.9413319238901042,0.48691860465115955,18.330937339568663,8.505692247836123,-0.04946698748958622,0.06893225992759566,0.4640074912850183,0.2655919661733324,1.985993657505268,2.3321881606765036,0.0951374207187904,False,0,1,0
GOLD#,2025-07-30 11:00:00,2025-07-30 12:00:00,UPPER,3328.06,3333.38,3327.53,3332.2,60,3326.1910000000003,3333.025011701514,3319.3569882984866,3326.8374999999996,3331.4324864149667,3322.2425135850326,False,5.849999999999909,7.142999999999984,0.8189836203275825,4.139999999999873,0.707692307692297,0.7982905982905454,1.180000000000291,0.5299999999997453,0.8412431751364375,0.31674366512667274,13.668023403027291,9.18997282993405,-0.12292132443578285,-0.06598250041260034,0.6723702878573202,0.3933921321573501,1.0135797284054036,2.1111577768444576,-1.1059778804424063,False,0,2,0
GOLD#,2025-07-30 15:00:00,2025-07-30 16:00:00,LOWER,3330.8,3331.86,3310.62,3313.28,60,3326.8985000000002,3334.775540747409,3319.0214592525913,3330.6475000000005,3335.8882919395764,3325.4067080604245,True,21.240000000000236,6.083000000000015,3.4916981752425094,-17.519999999999982,0.8248587570621368,0.125235404896435,1.0599999999999454,2.6600000000003092,-2.2387802071346385,0.30256452408355133,15.75408149481791,10.481583879151913,0.3865610929173797,-0.2326558627755121,0.6653249751564181,-2.2784810126581685,-2.78809797797132,-0.3172776590497832,-3.711984218313311,False,1,2,0
GOLD#,2025-08-01 15:00:00,2025-08-01 16:00:00,UPPER,3300.37,3345.15,3297.39,3341.21,60,3295.1724999999997,3317.6144917774764,3272.730508222523,3296.84,3307.1988802556943,3286.481119744306,True,47.76000000000022,6.904500000000008,6.917227894851208,40.840000000000146,0.8551088777219422,0.9175041876046893,3.9400000000000546,2.980000000000018,6.667752914765778,0.08885509450350865,44.883983554953375,20.717760511388406,1.9267197716400242,-0.38941095406454584,0.4615847095216664,7.076544282714183,7.385038742848892,5.08364110362805,1.845173437613183,False,0,0,0
GOLD#,2025-08-04 14:00:00,2025-08-04 15:00:00,UPPER,3357.91,3370.65,3357.68,3370.3,60,3356.554,3368.15915816062,3344.9488418393803,3357.5874999999996,3361.2874865075896,3353.8875134924097,True,12.970000000000255,7.9,1.6417721518987662,12.390000000000327,0.9552814186584491,0.973014649190447,0.34999999999990905,0.2300000000000182,1.740000000000012,1.5273417721519313,23.21031632123959,7.399973015179967,0.0872076479603674,-0.6124876076601302,0.3188225835771271,1.615189873417749,1.0544303797468837,9.117721518987366,8.06329113924054,False,0,1,0
GOLD#,2025-08-06 11:00:00,2025-08-06 12:00:00,LOWER,3373.5,3374.78,3364.76,3365.12,60,3377.5,3389.2436842571083,3365.7563157428917,3373.815,3377.800824902971,3369.8291750970293,True,10.019999999999982,6.939000000000033,1.4440121054906951,-8.38000000000011,0.8363273453093937,0.035928143712542236,1.2800000000002,0.3599999999996726,-1.7841187490993011,0.46793486093101067,23.48736851421654,7.971649805941524,-0.24481310153203295,-0.02714996589621088,0.3394015724288742,-1.6054186482202442,-1.9945237065859749,-1.2264014987750653,0.3646058509871355,False,0,0,0
GOLD#,2025-08-07 04:00:00,2025-08-07 05:00:00,UPPER,3372.2,3382.45,3370.05,3382.22,60,3371.546,3382.4160918087787,3360.675908191221,3370.6749999999997,3376.4655094902787,3364.8844905097208,False,12.399999999999636,6.944000000000005,1.785714285714232,10.019999999999982,0.8080645161290545,0.9814516129032238,0.2300000000000182,2.149999999999636,1.53715437788018,-0.20622119815671697,21.740183617557705,11.581018980557928,0.1178775229015816,0.10319035853927327,0.5327010656526802,1.5264976958525203,2.1212557603686646,-0.17281105990787327,0.6912442396312966,False,0,1,0
GOLD#,2025-08-07 09:00:00,2025-08-07 10:00:00,UPPER,3375.35,3387.79,3374.81,3387.77,60,3374.196,3385.754709959637,3362.637290040363,3378.0274999999997,3385.114184708456,3370.9408152915435,True,12.980000000000018,7.126999999999976,1.8212431598147976,12.420000000000073,0.9568567026194188,0.9984591679506948,0.01999999999998181,0.5399999999999636,1.904588185772431,0.4407183948364855,23.117419919273743,14.173369416912465,-0.007186557012479722,0.06047700466492767,0.6131034287738861,2.1818436929984895,1.864739722183248,1.8913989055703753,2.3375894485758257,False,1,2,1
GOLD#,2025-08-07 15:00:00,2025-08-07 16:00:00,UPPER,3378.25,3389.72,3375.23,3380.81,60,3377.1135000000004,3389.6037990729087,3364.623200927092,3376.49,3384.9378162951703,3368.0421837048293,False,14.489999999999782,8.347499999999968,1.735849056603754,2.5599999999999454,0.1766735679779147,0.38509316770186414,8.909999999999854,3.019999999999982,0.442827193770539,0.3495058400719358,24.980598145816657,16.895632590340938,0.009204219097595834,-0.763967239072741,0.6763502015331183,-0.8337825696316338,1.0290506139562956,1.8772087451332893,3.3159628631326674,False,1,2,1
GOLD#,2025-08-07 16:00:00,2025-08-07 17:00:00,UPPER,3380.74,3393.79,3380.05,3384.92,60,3377.5555,3390.486114019862,3364.624885980138,3377.16,3388.4104933294934,3365.9095066705063,False,13.739999999999782,8.582499999999959,1.6009321293329273,4.180000000000291,0.30422125181953114,0.3544395924308565,8.86999999999989,0.6899999999995998,0.8580833090591518,0.20227206524903987,25.861228039723756,22.50098665898713,0.03525255435304997,0.33176349205478806,0.8700664417182674,-1.3026507427905494,0.3145936498689526,2.030876784153845,3.907952228371701,True,1,3,1
GOLD#,2025-08-07 22:00:00,2025-08-07 23:00:00,UPPER,3388.15,3400.7,3387.25,3399.67,60,3383.4485,3398.3617642613895,3368.5352357386105,3389.83,3396.002714164598,3383.657285835402,True,13.449999999999818,9.723999999999956,1.3831756478815178,11.519999999999982,0.8565055762081887,0.9234200743494603,1.0299999999997453,0.900000000000091,1.6681921020156498,0.6060263266145677,29.826528522778972,12.345428329195784,0.06380013789881489,-0.05208214267421707,0.41390765002260965,1.5168654874537297,0.3671328671328856,2.8846153846154166,2.014603044014833,False,1,4,1
GOLD#,2025-08-11 03:00:00,2025-08-11 04:00:00,LOWER,3391.46,3391.6,3381.43,3381.6,60,3393.3550000000005,3404.6801799071345,3382.0298200928664,3395.715,3406.699734869732,3384.7302651302684,True,10.170000000000073,11.636499999999979,0.8739741331156354,-9.860000000000127,0.9695181907571344,0.016715830875129945,0.13999999999987267,0.17000000000007276,-1.0101834744124596,-0.012117045503340515,22.650359814268086,21.96946973946342,0.13371414637633738,0.9326626324212375,0.9699391055864925,-0.1039831564473887,-0.3944485025566239,-1.625918446268217,0.8413182658015711,False,0,0,0
GOLD#,2025-08-11 09:00:00,2025-08-11 10:00:00,LOWER,3377.09,3377.29,3363.75,3365.74,60,3387.0795,3406.0324084556855,3368.126591544314,3377.09,3380.6851078088152,3373.494892191185,True,13.539999999999964,11.53949999999993,1.1733610641708954,-11.350000000000364,0.8382570162481827,0.1469719350073698,0.1999999999998181,1.9899999999997817,-1.8492569002123294,-0.5438277221717307,37.9058169113714,7.1902156176302015,0.10809866136441038,-0.020791839055485872,0.18968633849632724,-1.374409636466071,-1.479266865982085,-2.3007929286364526,-1.0208414576021727,False,1,1,1
GOLD#,2025-08-12 15:00:00,2025-08-12 16:00:00,LOWER,3347.48,3358.05,3338.52,3349.87,60,3350.0055,3358.67477095742,3341.3362290425803,3346.38,3351.732606856022,3341.0273931439783,False,19.5300000000002,8.512499999999978,2.2942731277533333,2.3899999999998727,0.12237583205324364,0.5811571940604092,8.180000000000291,8.960000000000036,-0.01591776798829022,-0.19882525697505005,17.33854191483988,10.705213712043587,-0.00041796645049574366,-0.6892848909883004,0.6174229508238582,0.5204111600587192,-0.5450807635830061,-0.6343612334801886,-4.140969162995606,False,0,0,0
GOLD#,2025-08-12 17:00:00,2025-08-12 18:00:00,LOWER,3345.41,3346.59,3331.08,3337.41,60,3349.068,3358.501884880221,3339.6341151197794,3346.84,3354.7185277911026,3338.9614722088977,True,15.510000000000218,9.582000000000017,1.6186599874765384,-8.0,0.5157962604771043,0.4081237911025041,1.180000000000291,6.329999999999927,-1.2166562304320951,-0.22088290544772318,18.86776976044166,15.757055582204885,0.11018434690328438,0.002754154328313385,0.8351307961813946,-1.0916301398455457,-1.624921728240465,-2.212481736589463,-5.649133792527658,False,1,1,1
GOLD#,2025-08-13 09:00:00,2025-08-13 10:00:00,UPPER,3349.21,3357.59,3348.92,3357.15,60,3348.6364999999996,3356.2437761835818,3341.0292238164175,3350.5925,3355.374497506845,3345.8105024931556,True,8.670000000000073,8.468500000000017,1.0237940603412712,7.940000000000055,0.915801614763551,0.9492502883506285,0.44000000000005457,0.2899999999999636,1.0053138100018255,0.0413886756804104,15.214552367164288,9.563995013689237,0.14743295587676086,0.33902238997519696,0.6286083732788643,1.607132313869056,0.9623900336541389,0.3058392867686297,-2.2058215740685836,False,0,2,0
GOLD#,2025-08-14 03:00:00,2025-08-14 04:00:00,UPPER,3362.78,3374.78,3362.74,3369.48,60,3358.9379999999996,3369.0833252255516,3348.7926747744477,3358.755,3368.1630178654286,3349.3469821345716,True,12.040000000000418,6.679999999999973,1.8023952095809082,6.699999999999818,0.5564784053155801,0.5598006644518274,5.300000000000182,0.04000000000041837,1.5781437125749123,0.45366766467056957,20.29065045110383,18.81603573085704,0.045548627167293576,0.43053189675117376,0.9273254091188303,2.369760479041915,1.0778443113772227,2.83832335329343,3.3562874251497252,False,0,1,0
GOLD#,2025-08-14 10:00:00,2025-08-14 11:00:00,LOWER,3361.99,3366.4,3343.53,3346.02,60,3359.6495000000004,3369.840861976309,3349.458138023692,3360.415,3364.8816318581667,3355.9483681418333,True,22.86999999999989,6.628500000000031,3.4502526966885094,-15.9699999999998,0.698294709226055,0.1088762571053692,4.410000000000309,2.4899999999997817,-2.056196726257886,-0.010258731236291157,20.382723952617198,8.933263716333386,0.2098548597535952,-0.20110730526800236,0.4382762449758993,-3.225465791657239,-1.1616504488194588,-1.6791129214754557,-1.288375952327061,False,0,2,0
GOLD#,2025-08-18 02:00:00,2025-08-18 03:00:00,LOWER,3334.21,3334.4,3323.47,3327.04,60,3339.5114999999996,3348.599981222643,3330.4230187773564,3336.3575,3343.2326945539567,3329.4823054460435,True,10.930000000000291,6.290000000000054,1.7376788553259455,-7.170000000000073,0.6559926806953231,0.3266239707227876,0.19000000000005457,3.5700000000001637,-1.9827503974562073,-0.10747217806047374,18.176962445286335,13.750389107913179,0.2869563428824864,0.3563866253797128,0.7564734288967484,-1.7678855325913823,-1.6868044515103395,-0.9809220985691605,-4.604133545309982,False,0,0,0
GOLD#,2025-08-18 07:00:00,2025-08-18 08:00:00,UPPER,3347.03,3358.15,3346.77,3357.49,60,3340.3154999999997,3352.442140875949,3328.1888591240504,3344.4500000000003,3355.2106319589275,3333.689368041073,True,11.38000000000011,7.556500000000005,1.5059882220604912,10.459999999999582,0.919156414762696,0.9420035149384619,0.6600000000003092,0.2600000000002183,2.272811486799453,0.017600741083810063,24.253281751898612,21.521263917854412,0.2521595412051236,-0.6413148784877695,0.8873547150446833,3.0702044597366243,2.010189902732692,1.8712366836498198,-0.7000595513796618,False,1,1,0
GOLD#,2025-08-19 16:00:00,2025-08-19 17:00:00,LOWER,3334.7,3339.27,3325.71,3334.02,60,3336.0445,3342.410687158321,3329.678312841679,3339.33,3351.911669211807,3326.748330788193,False,13.559999999999945,4.926999999999976,2.752181855084232,-0.6799999999998363,0.05014749262535686,0.6128318584070781,4.570000000000164,8.309999999999945,-0.4108991272579661,-0.016744469251154245,12.732374316641653,25.163338423613823,0.0021809386449436197,0.511849704848931,1.9763272582023033,-1.3639131317231243,0.2110817941952443,-2.1777958189567834,-1.678506190379546,False,0,0,0
GOLD#,2025-08-19 17:00:00,2025-08-19 18:00:00,LOWER,3333.99,3336.92,3320.85,3325.3,60,3335.625,3343.4865863497657,3327.7634136502343,3337.9975,3353.61644683246,3322.37855316754,False,16.070000000000164,5.403499999999963,2.973998334412931,-8.6899999999996,0.5407591785936223,0.2769135034225406,2.930000000000291,4.450000000000273,-1.9107985564911425,-0.024151013232203554,15.72317269953146,31.237893664920193,0.23489714553716268,0.24140498128840782,1.9867423872950947,-2.3429258813731733,-2.3595817525677965,-2.1282502081984047,-3.205329878782239,True,1,1,1
GOLD#,2025-08-20 14:00:00,2025-08-20 15:00:00,UPPER,3326.39,3332.89,3325.71,3332.29,60,3320.057,3329.910639121493,3310.2033608785064,3325.5625,3328.3953607720505,3322.7296392279495,True,7.179999999999836,5.016999999999984,1.4311341439106755,5.900000000000091,0.8217270194986387,0.916434540389983,0.599999999999909,0.6799999999998363,2.438309746860716,-0.5871038469205252,19.70727824298683,5.665721544100961,0.15986060806595703,-0.3674948083852133,0.2874938626351005,1.7719752840342635,3.5897946980266733,-2.260314929240618,-3.1472991827785557,False,0,2,0
GOLD#,2025-08-20 15:00:00,2025-08-20 16:00:00,UPPER,3332.32,3344.82,3332.1,3342.88,60,3321.0690000000004,3335.0633244187247,3307.074675581276,3327.455,3338.888931963852,3316.021068036148,True,12.720000000000255,4.572499999999968,2.78184800437405,10.559999999999945,0.8301886792452621,0.8474842767295585,1.9400000000000546,0.22000000000025466,4.770038272279901,-0.24395844723890464,27.988648837448636,22.867863927704093,0.42021889031829507,3.0361785784396105,0.817040653177478,4.347731000546801,5.887370147621708,0.6910880262439216,-0.8157463094587303,True,1,3,1
GOLD#,2025-08-21 13:00:00,2025-08-21 14:00:00,LOWER,3340.69,3341.56,3327.53,3328.4,60,3342.4784999999997,3352.399839170399,3332.5571608296004,3339.1275,3345.2091034197433,3333.045896580257,True,14.029999999999745,4.996000000000118,2.808246597277705,-12.289999999999964,0.8759800427655158,0.0620099786172421,0.8699999999998909,0.8699999999998909,-2.8179543634906503,0.25950760608484646,19.842678340798557,12.16320683948652,0.3118301174635285,0.24048241215994515,0.6129821101054556,-1.967574059247337,-4.223378702962252,0.45036028823057384,-1.9135308246596718,False,0,2,0
GOLD#,2025-08-22 15:00:00,2025-08-22 16:00:00,LOWER,3329.29,3329.98,3321.42,3323.47,60,3333.41,3343.2090591352016,3323.610940864798,3329.8,3333.1532074427105,3326.44679255729,True,8.559999999999945,4.415499999999997,1.9386252972483187,-5.820000000000164,0.6799065420560982,0.23948598130838086,0.6900000000000546,2.049999999999727,-2.2511606839542657,-0.6867851885403243,19.598118270403575,6.7064148854206,0.016046031123621907,-0.3779628089769733,0.3421968779292655,-1.3633790057751072,-3.64851092741482,-2.3032499150719237,-0.7066017438569466,False,0,0,0
GOLD#,2025-08-22 17:00:00,2025-08-22 18:00:00,UPPER,3334.81,3376.77,3334.81,3373.8,60,3334.953,3355.0086028065725,3314.8973971934274,3329.6225,3346.0123352692704,3313.2326647307295,True,42.960000000000036,4.786500000000001,8.975242870573494,38.99000000000024,0.9292183031458581,0.9292183031458581,2.9699999999998,0.0,8.115951112503959,-0.24997388488447916,40.1112056131451,32.77967053854081,1.1407647999745785,0.38129036443480735,0.8172197778019012,9.41188760054323,8.29833907865878,7.278804972318007,6.459834952470503,False,1,1,0
GOLD#,2025-08-26 02:00:00,2025-08-26 03:00:00,LOWER,3364.13,3364.22,3351.69,3354.85,60,3367.4809999999998,3376.2599541479044,3358.702045852095,3366.42,3376.1795901634587,3356.6604098365415,True,12.63000000000011,4.561999999999943,2.7685225778168054,-9.2800000000002,0.7406225059856655,0.25219473264165354,0.08999999999969077,3.1599999999998545,-2.7687417799210903,-0.09798334064009688,17.557908295809284,19.519180326917194,0.2929035573145109,-0.07835823168901812,1.1117030569966029,-4.156071898290283,-2.433143358176249,-2.704953967558154,3.5708022797019217,False,0,0,0
GOLD#,2025-08-26 03:00:00,2025-08-26 04:00:00,UPPER,3354.85,3386.47,3351.29,3383.1,60,3368.2705,3379.377325781064,3357.163674218936,3362.5,3380.3123103543057,3344.6876896456943,True,35.179999999999836,4.923499999999967,7.145323448766137,28.25,0.8030130756111464,0.9042069357589566,3.369999999999891,3.5599999999999454,3.011983345181258,0.0818523408144197,22.21365156212778,35.624620708611474,0.26516502922103347,0.8251084375446174,1.6037264566330083,2.449476998070484,2.5530618462475463,2.849598862597713,8.991571036864077,True,1,1,0
GOLD#,2025-08-26 18:00:00,2025-08-26 19:00:00,UPPER,3379.31,3389.41,3378.62,3386.63,60,3373.8125,3387.6152821445608,3360.0097178554392,3376.0924999999997,3386.9875768772017,3365.1974231227978,False,10.789999999999964,8.721499999999969,1.2371725047296913,7.320000000000164,0.6784059314179971,0.7423540315106808,2.7799999999997453,0.6900000000000546,1.469643983259778,0.1648798945135186,27.605564289121503,21.790153754403946,0.10073431194561189,0.17025867797803218,0.7893391899614517,1.6786103307917652,1.6556784956716284,1.4103078598865133,6.0562976552198995,False,0,2,0
GOLD#,2025-08-28 14:00:00,2025-08-28 15:00:00,UPPER,3396.97,3407.62,3396.22,3404.08,60,3394.451,3403.098198154748,3385.803801845252,3398.09,3406.0157050262987,3390.1642949737015,False,11.400000000000091,5.338999999999942,2.135231316726019,7.110000000000127,0.623684210526322,0.689473684210532,3.5399999999999636,0.75,1.8035212586626728,1.0912155834426083,17.294396309495824,15.851410052597203,0.06430666475413349,-0.13290018047334307,0.9165633635846357,2.811387900355858,1.5639632890054318,5.353062371230612,6.010488855591028,False,0,0,0
GOLD#,2025-08-29 16:00:00,2025-08-29 17:00:00,UPPER,3416.39,3429.15,3413.59,3428.58,60,3413.7045,3424.476457061042,3402.932542938958,3410.01,3426.54679534149,3393.4732046585104,True,15.559999999999945,4.950000000000114,3.14343434343426,12.190000000000055,0.783419023136253,0.963367609254488,0.5700000000001637,2.799999999999727,3.0051515151514665,0.32383838383838964,21.54391412208406,33.07359068297956,0.28090013444665884,0.9104473662344379,1.535170930201432,3.307070707070609,3.7878787878787006,6.349494949494771,10.476767676767462,False,0,0,0
GOLD#,2025-09-01 05:00:00,2025-09-01 06:00:00,UPPER,3457.27,3484.57,3454.87,3483.65,60,3435.3595,3476.941929689981,3393.777070310019,3449.8599999999997,3469.1303295294206,3430.5896704705788,True,29.700000000000273,8.374500000000035,3.546480386888787,26.38000000000011,0.8882154882154837,0.9690235690235669,0.9200000000000728,2.400000000000091,5.76637411188726,1.5908412442533535,83.16485937996185,38.54065905884181,0.1386855867768757,1.1565231674231162,0.46342480882169307,3.698131231715341,6.575914979998798,8.814854618186143,10.943936951459754,False,0,1,0
GOLD#,2025-09-02 03:00:00,2025-09-02 04:00:00,UPPER,3479.13,3485.01,3478.18,3479.14,60,3475.686,3482.860946405188,3468.5110535948124,3477.125,3483.1479228931125,3471.1020771068875,False,6.830000000000382,9.538000000000057,0.7160830362759846,0.009999999999763531,0.0014641288433035098,0.140556368960466,5.870000000000346,0.9500000000002728,0.36213042566572684,0.8675298804780336,14.349892810375422,12.045845786225073,-0.3270425414800143,0.4577110966970914,0.8394380324231794,0.5336548542671063,1.0243237576011661,3.2103166282239157,5.993919060599678,False,0,1,0
GOLD#,2025-09-02 04:00:00,2025-09-02 05:00:00,UPPER,3479.15,3508.61,3476.86,3497.77,60,3476.392,3487.982585141279,3464.801414858721,3477.44,3484.4220913898653,3470.457908610135,True,31.75,8.757500000000096,3.625463888095878,18.61999999999989,0.5864566929133824,0.6585826771653498,10.840000000000146,2.2899999999999636,2.441107622038244,0.8847273765344467,23.181170282558014,13.964182779730436,0.6154246299176047,0.15925299290308548,0.6023933481148436,2.3339994290607855,3.1104767342277455,5.45246931201821,9.233228661147502,True,1,2,1
GOLD#,2025-09-02 17:00:00,2025-09-02 18:00:00,UPPER,3488.65,3514.01,3487.64,3511.0,60,3485.8869999999997,3505.0051349486844,3466.768865051315,3486.5125000000003,3498.4206946649383,3474.6043053350622,True,26.370000000000346,9.722500000000105,2.7122653638467535,22.34999999999991,0.847554038680304,0.8858551384148586,3.0100000000002183,1.0100000000002183,2.5829776292105953,0.5067112368217562,38.23626989736931,23.816389329876074,0.20019191419387172,-0.37975216717500104,0.622874286477266,3.433273335047544,1.5160709694008354,4.2129082026227405,10.848032913345195,False,0,2,0
GOLD#,2025-09-03 14:00:00,2025-09-03 15:00:00,UPPER,3540.1,3549.5,3539.94,3547.59,60,3533.5090000000005,3544.92877389927,3522.089226100731,3537.025,3549.178699033069,3524.8713009669314,False,9.559999999999945,9.960000000000013,0.9598393574297122,7.4900000000002365,0.7834728033473095,0.8002092050209346,1.9099999999998545,0.15999999999985448,1.4137550200802869,1.4932730923695263,22.83954779853866,24.307398066137466,-0.1457276051717301,0.22167844512487345,1.064267921613261,1.7700803212851492,1.7730923694779404,6.214859437751005,7.011044176706811,False,0,1,0
GOLD#,2025-09-05 06:00:00,2025-09-05 07:00:00,UPPER,3550.75,3559.01,3548.59,3558.26,60,3547.2710000000006,3557.6137615223843,3536.928238477617,3551.975,3554.876103270979,3549.073896729021,True,10.420000000000073,9.956500000000052,1.0465525033897474,7.510000000000218,0.720729366602703,0.9280230326295591,0.75,2.1599999999998545,1.1037010997840127,0.5270426354643071,20.68552304476725,5.802206541958185,0.01855448300072915,-0.8525491298787706,0.280496003383678,1.2504394114397839,1.2474263044242464,2.7831065133329878,1.9534977150605306,False,0,0,0
GOLD#,2025-09-05 15:00:00,2025-09-05 16:00:00,UPPER,3553.3,3586.87,3548.77,3580.3,60,3552.2640000000006,3568.0560567345865,3536.4719432654147,3550.8599999999997,3562.3745473288654,3539.345452671134,True,38.09999999999991,7.586000000000036,5.022409702082748,27.0,0.7086614173228364,0.8275590551181174,6.569999999999709,4.5300000000002,3.695755338781897,0.3428684418667295,31.584113469171825,23.029094657731548,0.715565451527338,0.08761321776826558,0.7291353825779996,3.6435539151068017,3.713419456894271,4.588716055892465,5.3005536514632015,False,0,1,0
GOLD#,2025-09-08 16:00:00,2025-09-08 17:00:00,UPPER,3624.5,3636.81,3620.2,3633.38,60,3600.6980000000003,3629.267069706647,3572.1289302933537,3618.7524999999996,3634.472178756233,3603.032821243766,False,16.610000000000127,9.109500000000002,1.8233712058839808,8.88000000000011,0.5346177001806166,0.7934978928356526,3.4299999999998363,4.300000000000182,3.5876831878807596,1.173994181898025,57.138139413293175,31.439357512466813,0.17209475351330483,0.21794755405040833,0.550234183949512,2.633514462923347,4.818047093693432,5.826884022174643,9.648169493386058,False,0,1,0
GOLD#,2025-09-09 16:00:00,2025-09-09 17:00:00,UPPER,3647.44,3668.2,3646.33,3665.96,60,3645.0620000000004,3662.7524285956715,3627.371571404329,3650.2225000000003,3660.549411455228,3639.8955885447726,True,21.86999999999989,8.636500000000002,2.5322758061714685,18.519999999999982,0.8468221307727515,0.8975765889346231,2.2399999999997817,1.1100000000001273,2.4197302147860453,0.6768366815261223,35.38085719134233,20.653822910455347,0.18429065347608709,0.07459649392908263,0.5837569960150463,2.5044867712615186,2.2659642216175717,4.83297632142653,13.049267643142453,False,0,1,0
GOLD#,2025-09-09 22:00:00,2025-09-09 23:00:00,LOWER,3640.41,3641.26,3628.52,3629.39,60,3647.167,3661.4629673998766,3632.8710326001233,3643.4275000000002,3651.548158852761,3635.3068411472395,True,12.740000000000236,11.635500000000025,1.0949250139658981,-11.019999999999982,0.8649921507064189,0.06828885400312988,0.8500000000003638,0.8699999999998909,-1.5278243307120454,0.18091186455240935,28.59193479975329,16.241317705521396,0.09287803196321454,0.8904945299105933,0.5680384282934758,-3.1429676421296966,-1.2840015469898176,-0.5706673542177227,2.83356967899959,False,1,1,0
GOLD#,2025-09-11 05:00:00,2025-09-11 06:00:00,LOWER,3641.02,3643.48,3634.22,3637.34,60,3645.2614999999996,3654.4087974641984,3636.114202535801,3642.3975,3650.5393609790635,3634.2556390209365,False,9.260000000000218,8.100000000000046,1.1432098765432304,-3.6799999999998363,0.3974082073433855,0.3369330453564009,2.4600000000000364,3.1200000000003456,-0.9779629629628919,0.21086419753076105,18.2945949283976,16.28372195812699,0.0790197380096147,0.0733109126880056,0.890083766372479,-0.5703703703703537,-1.7172839506172564,0.8234567901234611,-0.14074074074072424,False,0,0,0
GOLD#,2025-09-11 06:00:00,2025-09-11 07:00:00,LOWER,3637.36,3637.36,3629.8,3631.98,60,3644.6755000000003,3655.496380689602,3633.8546193103984,3641.7725,3653.4253923535016,3630.1196076464985,False,7.559999999999945,8.289500000000066,0.9119971047710821,-5.380000000000109,0.7116402116402312,0.2883597883597688,0.0,2.1799999999998363,-1.53151577296582,0.035225284999139725,21.641761379203672,23.305784707003113,0.18295930923348647,0.43123204676013915,1.0768894591638212,-1.0326316424392155,-1.8818987876228706,-0.5199348573496485,-1.7383436877977851,True,1,1,1
GOLD#,2025-09-11 12:00:00,2025-09-11 13:00:00,LOWER,3626.12,3626.12,3614.18,3621.84,60,3638.3415,3654.6925137575363,3621.9904862424637,3628.5625,3641.4552072486827,3615.6697927513173,False,12.010000000000218,8.688000000000011,1.3823664825046273,-4.279999999999745,0.3584589614740139,0.6415410385259861,0.0,7.660000000000309,-1.899343922651914,-0.7290515653775643,32.70202751507259,25.78541449736531,0.1167656206439287,0.0942507416412739,0.7884958963318295,-1.1671270718231883,-2.1523941068139725,-2.7555248618784556,-2.588627992633489,False,1,2,1
GOLD#,2025-09-12 04:00:00,2025-09-12 05:00:00,UPPER,3636.61,3647.53,3636.55,3646.35,60,3631.0125,3643.791241522535,3618.2337584774646,3634.2675,3641.281108215539,3627.253891784461,True,10.980000000000018,9.356500000000006,1.17351573772244,9.739999999999782,0.8870673952640952,0.8925318761384072,1.180000000000291,0.05999999999994543,1.639234756586339,-0.04996526478915674,25.557483045070512,14.027216431078159,0.19788025321154468,-0.04433893608754236,0.5488496815723686,1.5048362101212973,1.8553946454336683,0.2671939293539249,1.3723080211617253,False,0,3,0
GOLD#,2025-09-15 16:00:00,2025-09-15 17:00:00,UPPER,3650.37,3664.28,3646.88,3657.11,60,3643.3045000000006,3654.1534510506217,3632.4555489493796,3643.5175,3659.7706566227193,3627.2643433772805,False,17.40000000000009,6.972499999999991,2.495518106848349,6.7400000000002365,0.387356321839092,0.5879310344827566,7.170000000000073,3.4899999999997817,1.9799928289708857,-0.056435998565747825,21.697902101242107,32.50631324543883,0.17118928175922132,0.9883534335071633,1.4981316209173048,1.9046253137325517,3.2628182144137723,1.682323413409829,5.785586231624266,False,0,0,0
GOLD#,2025-09-17 04:00:00,2025-09-17 05:00:00,LOWER,3691.17,3691.93,3676.1,3679.41,60,3690.3419999999996,3699.5501780985837,3681.1338219014156,3691.7475000000004,3698.3889079990454,3685.1060920009554,True,15.829999999999927,7.416500000000019,2.134429987190708,-11.760000000000218,0.7428932406822661,0.20909665192671892,0.7599999999997635,3.3099999999999454,-1.4740106519247302,0.34059192341398686,18.41635619716817,13.282815998089973,0.11623104485352953,-0.13357181646954486,0.7212510366264763,-1.5114946403289973,-1.3227263534011893,-0.9397963999191312,5.564619429650088,False,0,0,0
GOLD#,2025-09-17 08:00:00,2025-09-17 09:00:00,LOWER,3680.74,3685.86,3675.8,3679.16,60,3688.6879999999996,3699.9257499480705,3677.450250051929,3680.9975000000004,3685.2666802736153,3676.7283197263855,False,10.059999999999945,7.477000000000021,1.3454594088538074,-1.5799999999999272,0.15705765407554034,0.33399602385682814,5.120000000000346,3.3599999999996726,-1.274307877490941,-0.18583656546752395,22.475499896141628,8.538360547229786,0.061857268296438006,-0.7624913070328898,0.37989635766435464,-2.0168516784806587,-1.417680888056752,-0.6820917480273304,4.428246622977074,False,1,1,1
GOLD#,2025-09-17 09:00:00,2025-09-17 10:00:00,LOWER,3679.13,3680.03,3670.47,3675.01,60,3687.5260000000003,3699.3588870481994,3675.693112951801,3680.9375,3685.57684264833,3676.29815735167,True,9.5600000000004,7.424500000000012,1.2876287965520083,-4.119999999999891,0.43096234309620485,0.4748953974895636,0.900000000000091,4.540000000000418,-1.6857700855276525,-0.4119469324533147,23.66577409639831,9.278685296660115,0.05295874199714756,0.08670572592188353,0.39207191190387625,-2.1792713314027625,-1.7051653309986983,-1.03575998383724,3.9571688329180503,True,2,2,2
GOLD#,2025-09-17 10:00:00,2025-09-17 11:00:00,LOWER,3675.01,3677.37,3666.63,3667.03,60,3686.2195,3700.74045929667,3671.6985407033303,3679.1600000000003,3689.4517054081634,3668.868294591837,True,10.739999999999782,7.60450000000003,1.412321651653592,-7.980000000000018,0.7430167597765531,0.03724394785848222,2.3599999999996726,0.40000000000009095,-2.523440068380548,-0.5421132224340159,29.041918593339688,20.58341081632625,0.22716960261019192,1.2183542342723164,0.7087483132414928,-1.6279834308632528,-3.1021105924123344,-3.46899861923855,3.0771253862844365,True,3,3,3
GOLD#,2025-09-17 21:00:00,2025-09-17 22:00:00,BOTH,3686.37,3707.43,3646.09,3650.29,60,3676.9130000000005,3698.1320217469197,3655.6939782530812,3684.9025,3688.3856451604893,3681.419354839511,False,61.33999999999969,7.756000000000017,7.908715832903502,-36.07999999999993,0.5881969351157501,0.06847081838930288,21.059999999999945,4.199999999999818,-3.4325683341929403,-0.45306859205777666,42.43804349383845,6.96629032097826,0.1568893045849089,-0.6545795553753344,0.16415201426497644,-3.6642599277978354,-3.187209902011372,-4.819494584837549,-3.7248581743166334,False,0,4,0
GOLD#,2025-09-18 09:00:00,2025-09-18 10:00:00,LOWER,3651.55,3651.88,3633.9,3637.48,60,3665.829,3692.0273670463857,3639.6306329536146,3657.11,3677.5183708366417,3636.7016291633586,False,17.980000000000018,12.38299999999997,1.4519906323185061,-14.070000000000164,0.7825361512792074,0.1991101223581715,0.32999999999992724,3.5799999999999272,-2.2893483000888497,-0.4511830735685656,52.39673409277111,40.816741673283104,0.15196798256183253,0.2607248561949702,0.778994003729602,-2.2353226197205767,-3.9788419607526526,-3.3659048695792566,-3.777759832027805,False,0,4,0
GOLD#,2025-09-18 16:00:00,2025-09-18 17:00:00,LOWER,3663.25,3664.22,3627.89,3642.15,60,3660.715,3681.559172804349,3639.870827195651,3667.295,3679.1917726803176,3655.3982273196825,False,36.32999999999993,13.495000000000005,2.692108188217852,-21.09999999999991,0.5807872281860708,0.39251307459400625,0.9699999999997999,14.260000000000218,-1.3756947017413892,-0.36987773249352246,41.688345608698,23.793545360635107,-0.030764305410307058,0.2899833033106478,0.5707481314794786,-1.2456465357539785,-1.1041126343090097,-2.709151537606516,-4.074842534271935,False,0,2,0
GOLD#,2025-09-19 20:00:00,2025-09-19 21:00:00,UPPER,3668.18,3679.39,3668.06,3678.6,60,3654.4525000000003,3675.9691167158803,3632.9358832841203,3667.33,3677.9915946371884,3656.6684053628114,True,11.329999999999927,9.154500000000008,1.237642689387724,10.420000000000073,0.919682259488097,0.9302736098852631,0.7899999999999636,0.11999999999989086,2.637773772461583,0.730460429297105,43.03323343175998,21.323189274377,0.1418337017382718,-0.6723636589555586,0.4955051613351407,3.2967393085367647,2.8587033699273636,3.528319405756699,-0.612813370473551,False,0,0,0
GOLD#,2025-09-22 09:00:00,2025-09-22 10:00:00,UPPER,3697.01,3719.82,3695.51,3714.37,60,3679.7315000000003,3712.7895757288757,3646.673424271125,3692.7175,3709.0011451758305,3676.43385482417,True,24.309999999999945,8.21099999999999,2.9606625258799144,17.359999999999673,0.714109419991761,0.7758124228712346,5.450000000000273,1.5,4.218548288880722,1.5129095116307567,66.11615145775068,32.56729035166063,0.09504046705953462,0.21883161888508385,0.4925769215782572,2.871757398611613,4.356351236146636,7.543539154792368,7.413226160029225,False,0,1,0
GOLD#,2025-09-23 11:00:00,2025-09-23 12:00:00,UPPER,3753.39,3775.17,3753.07,3774.31,60,3744.4365,3768.101311237172,3720.7716887628276,3751.2275,3766.3467691695746,3736.1082308304253,True,22.09999999999991,9.081500000000005,2.433518691846049,20.920000000000073,0.9466063348416361,0.9610859728506728,0.8600000000001273,0.31999999999970896,3.2894896217585345,1.1166657490502248,47.32962247434443,30.238538339149272,0.13431848600128204,-0.041797523350540766,0.6388924474422001,3.5776028189175535,2.9378406650883466,6.729064581842216,14.029620657380365,False,0,0,0
GOLD#,2025-09-24 17:00:00,2025-09-24 18:00:00,LOWER,3761.25,3765.16,3749.56,3752.71,60,3765.0729999999994,3777.2569354844427,3752.889064515556,3765.115,3778.8840813137285,3751.345918686271,False,15.599999999999909,10.26600000000003,1.519579193454107,-8.539999999999964,0.5474358974358983,0.20192307692308392,3.9099999999998545,3.150000000000091,-1.2042665108123258,-0.47048509643486924,24.367870968886564,27.538162627457496,0.022303360858236365,0.24905156850593224,1.1301012986575163,-1.688096629651264,-0.41496201052013937,-3.0284434054159415,3.0333138515487805,False,0,0,0
GOLD#,2025-09-26 16:00:00,2025-09-26 17:00:00,UPPER,3752.04,3766.18,3751.19,3761.99,60,3747.572,3758.5358015255056,3736.6081984744947,3749.1724999999997,3760.9855224845596,3737.3594775154397,True,14.989999999999782,10.070000000000027,1.4885799404170548,9.949999999999818,0.6637758505670422,0.720480320213468,4.190000000000055,0.849999999999909,1.431777557100261,0.4230387288976914,21.92760305101092,23.626044969119903,0.04936085245197219,-0.06800256300738883,1.0774567979070873,1.3872889771598573,2.278053624627561,2.3068520357497024,-0.696127110228421,False,0,0,0
GOLD#,2025-09-26 17:00:00,2025-09-26 18:00:00,UPPER,3761.78,3783.76,3761.61,3778.84,60,3749.4270000000006,3766.6076857805656,3732.2463142194356,3751.755,3777.208620571956,3726.301379428044,True,22.15000000000009,10.312500000000023,2.147878787878792,17.059999999999945,0.7702031602708748,0.7778781038374694,4.920000000000073,0.17000000000007276,2.8521696969696477,0.5931636363636975,34.36137156113,50.90724114391196,0.5670372854339796,1.1547085519582128,1.4815252951514557,2.5124848484848727,3.92242424242426,4.387878787878778,1.0453333333333503,True,1,1,1
GOLD#,2025-09-30 04:00:00,2025-09-30 05:00:00,UPPER,3838.97,3850.87,3837.97,3848.13,60,3825.0255000000006,3845.4971843196677,3804.5538156803336,3834.1924999999997,3846.564577442081,3821.8204225579184,True,12.900000000000091,11.441499999999996,1.1274745444216314,9.16000000000031,0.710077519379864,0.7875968992248246,2.7399999999997817,1.0,2.019359349735565,1.2608049643841055,40.94336863933404,24.744154884162526,0.05876805630269044,0.4145217860714392,0.6043507338668507,2.0687846873224736,3.011842852772805,5.335838832320955,9.042520648516373,False,0,0,0
GOLD#,2025-10-02 11:00:00,2025-10-02 12:00:00,UPPER,3868.46,3878.71,3864.66,3874.52,60,3866.522,3875.4349604442386,3857.6090395557612,3866.1800000000003,3874.5603102709447,3857.799689729056,False,14.050000000000182,11.732000000000017,1.1975792703716468,6.059999999999945,0.43131672597863824,0.701779359430605,4.190000000000055,3.800000000000182,0.6817251960450081,-0.36545346062055556,17.825920888477413,16.760620541888784,-0.1994475682661634,0.2302241827932483,0.9402386921128303,0.7091714967610084,0.5762018411182879,-0.3980565973406125,1.6109785202864015,False,0,0,0
GOLD#,2025-10-02 16:00:00,2025-10-02 17:00:00,UPPER,3884.44,3896.81,3873.55,3875.14,60,3869.0649999999996,3885.3015482748124,3852.828451725187,3882.8775,3893.7694557582445,3871.9855442417556,False,23.259999999999764,9.542500000000064,2.4375163741157566,-9.300000000000182,0.3998280309544401,0.06835769561477674,12.36999999999989,1.5899999999996908,0.6366256222164246,0.21907257008124006,32.47309654962555,21.783911516488843,0.013388660075753123,-0.3612777757560106,0.670829512153193,0.6968823683521138,1.0626146188105636,0.4883416295519856,6.27508514540207,False,1,1,1
GOLD#,2025-10-02 17:00:00,2025-10-02 18:00:00,LOWER,3875.15,3876.9,3825.42,3839.79,60,3868.0160000000005,3888.433336160245,3847.5986638397562,3881.8925,3898.7622214037283,3865.0227785962716,True,51.48000000000002,10.164000000000033,5.06493506493505,-35.36000000000013,0.6868686868686891,0.27913752913752693,1.75,14.36999999999989,-2.7770562770563236,0.14698937426215974,40.83467232048861,33.739442807456726,0.25749240630886105,0.5488239006993034,0.8262449749236292,-3.4169618260527255,-2.5983864620228028,-3.2565918929555098,2.020857929948829,True,2,2,0
GOLD#,2025-10-03 15:00:00,2025-10-03 16:00:00,UPPER,3862.09,3874.98,3860.54,3873.83,60,3856.5315,3873.214434120877,3839.8485658791233,3864.1925,3869.505681743286,3858.879318256714,True,14.440000000000055,10.216999999999985,1.4133307233043042,11.739999999999782,0.8130193905816993,0.9203601108033181,1.150000000000091,1.550000000000182,1.6931095233434377,-0.002740530488336883,33.36586824175356,10.62636348657179,-0.11748305543819215,1.2440472099169169,0.318480053016397,1.4348634628560122,1.6589997063717181,-1.2156210237838985,-1.3487325046491359,False,0,2,0
GOLD#,2025-10-03 16:00:00,2025-10-03 17:00:00,UPPER,3874.14,3890.71,3870.06,3882.78,60,3858.4285000000004,3877.7775147263715,3839.0794852736294,3866.5575,3884.8221845096623,3848.2928154903375,False,20.65000000000009,9.663499999999976,2.1369069177834263,8.640000000000327,0.41840193704601886,0.6159806295399612,7.929999999999836,4.079999999999927,2.5199461892688797,0.2838516065607642,38.69802945274205,36.529369019324804,0.15980885533546219,2.437617117604329,0.94395940919768,1.9216639933771624,2.5187561442541737,-0.16660630206443594,-0.08175091840430129,True,1,3,1
GOLD#,2025-10-06 01:00:00,2025-10-06 02:00:00,UPPER,3888.7,3902.88,3884.13,3899.32,60,3870.9579999999996,3902.6350166505626,3839.2809833494366,3885.57,3895.1632893336896,3875.9767106663107,False,18.75,11.047999999999979,1.6971397538015962,10.620000000000346,0.5664000000000184,0.8101333333333363,3.5599999999999454,4.569999999999709,2.567161477190495,0.7991039102099601,63.35403330112604,19.186578667378853,0.08195196642685088,0.4832603249146883,0.302846995962889,0.8969949312092984,3.17161477190442,3.8767197682838943,2.856625633598842,False,0,2,0
GOLD#,2025-10-06 02:00:00,2025-10-06 03:00:00,UPPER,3899.25,3920.73,3898.33,3909.58,60,3874.0335,3908.079913186704,3839.987086813296,3889.8900000000003,3912.0296115648043,3867.7503884351963,False,22.40000000000009,11.22099999999998,1.9962570180910908,10.329999999999927,0.46116071428570915,0.5022321428571408,11.150000000000091,0.9200000000000728,3.1678549148917194,0.9355226806879925,68.09282637340766,44.279223129608,0.07479860121545556,1.3078227701373266,0.6502773564837719,2.3099545495054024,3.906068977809465,4.683183316994904,3.922110328847682,True,1,3,1
GOLD#,2025-10-07 01:00:00,2025-10-07 02:00:00,UPPER,3960.18,3976.14,3958.39,3963.43,60,3945.6544999999996,3969.9446613595323,3921.364338640467,3958.9700000000003,3962.4352561591118,3955.5047438408888,False,17.75,12.992500000000017,1.36617279199538,3.25,0.18309859154929578,0.2839436619718289,12.710000000000036,1.7899999999999636,1.368135462766994,1.363825283817562,48.58032271906541,6.930512318223009,-0.05373989534159118,-0.5605901101764224,0.14266089499448964,0.07542813161439421,1.6224745045218318,5.891860688858928,8.304791225707099,False,0,2,0
GOLD#,2025-10-07 02:00:00,2025-10-07 03:00:00,UPPER,3963.51,3972.64,3961.72,3969.41,60,3948.076,3971.6907381072047,3924.4612618927954,3960.3625,3968.0557373061292,3952.669262693871,False,10.920000000000073,12.946000000000003,0.8435037849528866,5.899999999999636,0.5402930402930034,0.7042124542124545,3.230000000000018,1.7900000000004184,1.647922138112145,1.2914413718523132,47.22947621440926,15.386474612258098,-0.027806453910731332,1.2201063796973681,0.32578118254811034,1.1841495442607697,2.103352386837634,5.414027498841316,8.722385292754522,True,1,3,1
GOLD#,2025-10-08 05:00:00,2025-10-08 06:00:00,UPPER,4000.43,4011.75,3995.56,4011.68,60,3976.8085,4010.6248417724123,3942.992158227588,3994.1375,4010.1642120849147,3978.110787915085,True,16.190000000000055,12.840499999999974,1.260854328102495,11.25,0.6948733786287808,0.9956763434218553,0.07000000000016371,4.869999999999891,2.715743156419128,0.6737665978739114,67.63268354482443,32.05342416982967,0.12260698025853256,0.12024411677747504,0.47393393977315496,2.46018457225184,2.5256025855690902,4.175849850083719,8.67333826564387,False,0,0,0
GOLD#,2025-10-09 19:00:00,2025-10-09 20:00:00,LOWER,4014.31,4021.61,3963.99,3969.02,60,4027.0575,4061.96369364615,3992.1513063538496,4027.225,4089.2485729401137,3965.201427059886,False,57.620000000000346,17.657499999999914,3.263202605125336,-45.289999999999964,0.7860118014578218,0.08729607775078392,7.300000000000182,5.0300000000002,-3.286846948888585,-0.4921987823871047,69.81238729230063,124.04714588022762,0.48753876594030454,0.05530975847716624,1.7768644031731653,-4.255981877389237,-3.958091462551336,-4.343196941809453,-0.9372787767237867,False,0,0,0
GOLD#,2025-10-10 18:00:00,2025-10-10 19:00:00,UPPER,3989.97,4022.72,3988.02,3997.86,60,3981.1280000000006,4001.8945958661398,3960.3614041338615,3985.825,3999.46648086722,3972.1835191327796,False,34.69999999999982,17.475000000000023,1.9856938483547795,7.890000000000327,0.22737752161384348,0.283573487031706,24.859999999999673,1.949999999999818,0.9574821173104145,0.007038626609496803,41.53319173227828,27.282961734440505,-0.043802317336646746,-0.27641124551759055,0.6568953792500626,0.13218884120171345,2.064091559370536,-1.4981402002861117,-2.2981402002861118,False,0,1,0
GOLD#,2025-10-10 22:00:00,2025-10-10 23:00:00,UPPER,3998.96,4021.25,3996.06,4011.26,60,3984.594,4009.192889728343,3959.9951102716573,3992.575,4017.384844825232,3967.7651551747676,False,25.190000000000055,18.62700000000002,1.3523380039727293,12.300000000000182,0.48828900357285254,0.603414053195722,9.989999999999782,2.900000000000091,1.4315778171471594,0.4012186610833763,49.197779456685566,49.61968965046435,0.14252226501554466,0.24238910881437015,1.0085757974940768,1.645997745208583,2.1093036989316785,2.8925752939281715,-2.1495678316422353,False,1,1,1
GOLD#,2025-10-13 01:00:00,2025-10-13 02:00:00,UPPER,4008.2,4045.26,4000.46,4042.44,60,3989.0225000000005,4025.002686142747,3953.042313857254,4002.085,4035.2305034696124,3968.9394965303877,True,44.80000000000018,19.35500000000004,2.3146473779385217,34.24000000000024,0.7642857142857165,0.937053571428568,2.8200000000001637,7.739999999999782,2.759881167656908,0.4078791010074846,71.96037228549267,66.29100693922464,0.3353348166861285,-0.19838385572575246,0.9212154528081704,2.303280805993275,2.4226298114182265,3.424438129682256,-0.12503229139757518,False,2,2,2
GOLD#,2025-10-13 08:00:00,2025-10-13 09:00:00,UPPER,4056.16,4078.06,4055.49,4063.46,60,4015.9314999999997,4073.229598143513,3958.633401856486,4052.2799999999997,4063.731881952977,4040.8281180470226,False,22.570000000000164,21.16650000000002,1.0663076087213352,7.300000000000182,0.323438192290657,0.3531236154187061,14.599999999999909,0.6700000000000728,2.245458625658484,1.1378121087567266,114.59619628702694,22.903763905954293,0.0649768124936807,-0.20088494549031743,0.19986495754699976,1.341270403703959,3.782391987338477,4.594051921668681,1.7272576949424756,False,0,3,0
GOLD#,2025-10-14 02:00:00,2025-10-14 03:00:00,UPPER,4114.89,4131.89,4112.84,4127.9,60,4088.5555,4129.740792749424,4047.3702072505757,4109.075000000001,4128.268196718548,4089.8818032814534,False,19.050000000000182,12.85449999999994,1.4819712940993637,13.009999999999309,0.682939632545889,0.7905511811023279,3.990000000000691,2.050000000000182,3.060756933369628,1.6899140378856052,82.37058549884841,38.38639343709474,0.014005124825332116,0.27494005229213747,0.46602064565428397,1.7301334163133444,3.653973316737331,6.648255474736472,11.804426465440157,False,0,2,0
GOLD#,2025-10-14 04:00:00,2025-10-14 05:00:00,UPPER,4124.43,4149.88,4123.37,4137.01,60,4096.2215,4137.584867015452,4054.8581329845474,4119.61,4146.957541028016,4092.262458971983,False,26.51000000000022,13.11899999999996,2.020733287598163,12.579999999999927,0.4745379102225509,0.5145228215767716,12.86999999999989,1.0600000000004002,3.10911654851747,1.658777345834227,82.72673403090448,54.69508205603279,0.023420288663147604,-0.08554141548236549,0.661153648778159,2.6899916152145797,4.3707599664608825,7.104200015245106,11.225703178595996,False,1,2,1
GOLD#,2025-10-16 03:00:00,2025-10-16 04:00:00,UPPER,4209.43,4227.32,4204.81,4210.52,60,4199.8575,4217.739576916419,4181.9754230835815,4210.635,4216.313344855414,4204.956655144587,False,22.50999999999931,16.717000000000006,1.3465334689238082,1.0900000000001455,0.04842292314527672,0.2536650377610045,16.799999999999272,4.619999999999891,0.6378237722079536,0.672967637734043,35.76415383283711,11.356689710826686,-0.007483313993775886,-0.6929260324559696,0.31754392299922,0.7656876233774108,0.7112520189029325,2.926362385595505,5.717533050188479,False,0,0,0
GOLD#,2025-10-16 04:00:00,2025-10-16 05:00:00,UPPER,4210.52,4232.94,4210.5,4230.18,60,4202.378999999999,4222.313024075546,4182.444975924452,4210.67,4216.328339005132,4205.011660994868,True,22.4399999999996,17.102999999999973,1.312050517453057,19.659999999999854,0.876114081996444,0.8770053475936115,2.759999999999309,0.020000000000436557,1.6255042974917464,0.6811962813541341,39.86804815109463,11.316678010263786,0.11474881629911504,-0.003523183390733653,0.2838533245313408,1.7178272817634423,2.314213880605741,3.9589545693738026,5.980237385254097,True,1,1,1
GOLD#,2025-10-16 16:00:00,2025-10-16 17:00:00,UPPER,4235.95,4258.65,4234.91,4245.89,60,4224.153,4254.546250629748,4193.759749370252,4239.6775,4249.529012589509,4229.825987410491,False,23.73999999999978,15.292499999999837,1.5523949648520539,9.94000000000051,0.41870261162597305,0.4625105307498136,12.759999999999309,1.0399999999999636,1.4214157266634175,0.8720614680398544,60.78650125949571,19.70302517901837,-0.005784131536507364,-0.32805365536555564,0.32413487815175873,0.9998365211705167,1.0273009645251072,3.615497793035838,7.5514140918752135,False,0,2,0
GOLD#,2025-10-16 17:00:00,2025-10-16 18:00:00,UPPER,4245.48,4267.55,4245.41,4263.23,60,4227.4285,4259.778086872824,4195.078913127176,4241.2,4255.139497849687,4227.260502150312,True,22.140000000000327,15.801999999999817,1.4010884698139845,17.75,0.8017163504968264,0.8048780487804628,4.3200000000006185,0.06999999999970896,2.265630932793317,0.9429819010251875,64.6991737456483,27.878995699375082,0.06436745667347266,0.41496016200919517,0.43090188151359876,1.9231742817364745,1.5017086444753727,4.50196177699027,9.912669282369398,True,1,3,1
GOLD#,2025-10-16 23:00:00,2025-10-17 00:00:00,UPPER,4307.33,4330.67,4307.33,4326.04,59,4253.5135,4315.416065785598,4191.610934214402,4293.62,4329.262525167374,4257.977474832625,False,23.350000000000364,18.868999999999822,1.2374794636706017,18.710000000000036,0.8016281062553522,0.8016281062553522,4.630000000000109,0.0,3.843685409931667,1.3824262017065176,123.8051315711964,71.28505033474903,0.12715148929240683,0.13302576161821156,0.575784294480195,3.32874026180513,4.9393184588478825,6.130690550638687,9.430812443690789,False,1,4,1
GOLD#,2025-10-17 01:00:00,2025-10-17 02:00:00,UPPER,4332.84,4380.07,4327.06,4346.68,60,4259.3385,4332.299544748824,4186.377455251176,4306.175,4372.6368296491155,4239.713170350885,False,54.029999999999745,18.910999999999877,2.8570673153191315,13.840000000000146,0.2610828145632961,0.37011884550085167,33.38999999999942,5.779999999999745,4.618555338163028,1.4950822272751052,145.9220894976479,132.92365929823063,0.1786433053765042,0.8646779187786431,0.9109221212212234,3.868119084130983,5.666543281687936,7.322193432393906,10.846597218550116,True,1,5,1
GOLD#,2025-10-20 15:00:00,2025-10-20 16:00:00,UPPER,4278.99,4327.25,4272.68,4323.57,60,4251.8815,4299.234963345782,4204.528036654219,4263.2075,4300.711999734146,4225.703000265855,True,54.56999999999971,25.87899999999995,2.1086595308937675,44.57999999999993,0.8169323804288101,0.9325636796774728,3.680000000000291,6.309999999999491,2.7701418138258598,-0.11204065072064376,94.70692669156233,75.00899946829122,0.377399208334936,2.7271995352166485,0.7920117576254743,3.378414931025138,2.8660303721163958,1.4007496425673351,3.1245411337377726,False,0,0,0
GOLD#,2025-10-20 22:00:00,2025-10-20 23:00:00,UPPER,4359.34,4381.46,4359.19,4377.97,60,4291.0115,4380.835995383146,4201.187004616853,4350.995,4370.403668174636,4331.586331825364,False,22.270000000000437,23.53850000000002,0.9461095651804667,18.63000000000011,0.8365514144589018,0.843286933093861,3.4899999999997817,0.1500000000005457,3.694309323024006,1.4584616691802361,179.64899076629263,38.8173363492715,0.07958048072379231,-0.29563654684367713,0.21607322247509536,3.280158038957451,5.2199587909169995,6.045414958472293,3.574569322599157,False,0,1,0
GOLD#,2025-10-21 11:00:00,2025-10-21 12:00:00,LOWER,4298.58,4301.88,4244.92,4274.0,60,4340.4195,4390.72906230015,4290.10993769985,4326.7425,4399.080928931726,4254.404071068275,False,56.960000000000036,25.48400000000006,2.2351279234029158,-24.579999999999927,0.43153089887640295,0.5105337078651669,3.300000000000182,29.079999999999927,-2.6063216135614433,0.7522955579971521,100.61912460029998,144.676857863451,0.026991107424199523,0.9832162435667313,1.4378663940693803,-2.5439491445612847,-4.079814785747921,0.7416418144718094,-3.382122115837365,False,0,2,0
GOLD#,2025-10-21 15:00:00,2025-10-21 16:00:00,LOWER,4253.43,4257.55,4205.75,4211.05,60,4324.3045,4416.969949757901,4231.639050242099,4261.66,4296.49526948802,4226.824730511979,True,51.80000000000018,24.17100000000005,2.1430640023168293,-42.38000000000011,0.8181467181467174,0.10231660231660547,4.119999999999891,5.300000000000182,-4.685552935335724,-0.5860535352281675,185.33089951580223,69.67053897604092,0.20092998789126382,-0.4722163612664967,0.37592511102068255,-5.466054362665989,-6.523106201646591,-2.8165984030449627,-4.825203756567783,False,1,3,1
GOLD#,2025-10-21 17:00:00,2025-10-21 18:00:00,LOWER,4173.53,4188.25,4082.05,4138.95,60,4305.191,4440.491386828108,4169.890613171891,4222.9375,4356.327728653749,4089.547271346252,False,106.19999999999982,28.075500000000055,3.782657477159787,-34.57999999999993,0.32561205273069666,0.535781544256118,14.720000000000255,56.899999999999636,-5.921212445014325,-1.2547772969314919,270.6007736562169,266.7804573074968,0.20056562067731454,0.6162114879149199,0.9858820937682403,-4.81024380687788,-7.119374543641243,-5.763388007337361,-6.251357945539701,False,2,3,2
GOLD#,2025-10-22 03:00:00,2025-10-22 04:00:00,LOWER,4093.17,4093.68,4004.19,4075.04,60,4194.053,4371.876426476509,4016.229573523491,4112.665,4163.879322218354,4061.4506777816464,False,89.48999999999978,34.39150000000018,2.6020964482502746,-18.13000000000011,0.20259246843222878,0.7917085707900333,0.5099999999997635,70.84999999999991,-3.4605353066891325,-2.16948955410493,355.6468529530175,102.4286444367076,-0.016676274247598433,1.0096316526193245,0.28800660988904875,-1.0528764374918178,-5.1873282642513034,-8.293909832371321,-5.254205254205222,False,0,3,0
GOLD#,2025-10-22 11:00:00,2025-10-22 12:00:00,LOWER,4132.56,4135.76,4056.35,4070.42,60,4124.026500000001,4187.245561135496,4060.8074388645055,4137.8525,4180.346794914607,4095.358205085393,False,79.41000000000031,39.23350000000012,2.0240355818369524,-62.14000000000033,0.7825210930613283,0.1771817151492269,3.199999999999818,14.070000000000164,-1.366345087743908,-1.1950246600481518,126.43812227099079,84.9885898292141,-0.21200714288232214,-0.0585115692658249,0.6721753558397583,-1.1390775740119914,-0.9820688952043439,-5.818496947761455,-4.223941274675972,False,0,4,0
GOLD#,2025-10-23 09:00:00,2025-10-23 10:00:00,UPPER,4110.41,4137.63,4110.37,4113.59,60,4073.1585,4130.283186177328,4016.0338138226716,4093.4275,4134.869820160456,4051.985179839544,False,27.26000000000022,31.570499999999992,0.8634643100362752,3.180000000000291,0.11665443873808751,0.1181217901687538,24.039999999999964,0.03999999999996362,1.2806734134714417,-0.20802648041684835,114.24937235465677,82.88464032091179,0.05724243454329625,0.4431533937142087,0.7254712968016881,1.0060024389857691,1.384837110593759,-0.6781647424019214,-7.2358689282716355,False,0,1,0
GOLD#,2025-10-24 09:00:00,2025-10-24 10:00:00,LOWER,4104.46,4104.78,4081.21,4092.05,60,4123.014000000001,4151.799653646452,4094.228346353551,4112.0425,4137.912751260517,4086.1722487394813,False,23.56999999999971,18.70949999999989,1.2597878083326572,-12.409999999999854,0.5265167585914301,0.45990666100977,0.31999999999970896,10.840000000000146,-1.6549881076459036,0.027071808439633728,57.571307292900656,51.74050252103598,0.1497971855156781,0.26868943387340205,0.8987202992942337,-2.167348138646165,-2.436730003474193,-0.980785162617898,-1.9268286164782809,False,0,1,0
GOLD#,2025-10-27 10:00:00,2025-10-27 11:00:00,LOWER,4068.67,4070.39,4024.87,4043.34,60,4089.5275,4135.697716318068,4043.357283681932,4073.8225,4094.1931529172844,4053.451847082716,True,45.51999999999998,22.561999999999944,2.0175516354933114,-25.329999999999927,0.5564586994727578,0.4057557117750497,1.7199999999998,18.470000000000255,-2.0471367786543797,6.648346777106846e-05,92.34043263613603,40.741305834568266,0.0703451901958616,0.04507825511648034,0.4412076559691661,-1.2543214254055401,-2.689921106284893,-1.3664568743905683,-3.1136424075879874,False,0,0,0
GOLD#,2025-10-27 16:00:00,2025-10-27 17:00:00,LOWER,4022.05,4023.42,3983.24,3988.01,60,4063.6979999999994,4125.105669422149,4002.29033057785,4032.38,4071.7310863925063,3993.028913607494,True,40.18000000000029,22.89499999999996,1.7549683336973296,-34.039999999999964,0.8471876555500178,0.11871577899453464,1.3699999999998909,4.770000000000437,-3.305874645118992,-1.1281720899760113,122.81533884429882,78.70217278501241,0.14673036430160558,0.22929391214186912,0.6408171285900077,-2.4166848656912,-3.652762611923992,-5.185411661934901,-6.07119458397031,False,1,1,1
GOLD#,2025-10-28 08:00:00,2025-10-28 09:00:00,LOWER,3966.45,3968.36,3938.37,3942.44,60,3997.472,4044.125515450257,3950.8184845497435,3979.3549999999996,4019.153175840902,3939.5568241590972,False,29.990000000000236,23.1635,1.2947093487599126,-24.009999999999764,0.8006002000666746,0.1357119039679937,1.9100000000003092,4.070000000000164,-2.3758067649534897,-1.0972003367366552,93.30703090051338,79.59635168180466,0.08936691508623174,-0.26543373597904363,0.8530584556556361,-2.7711701599499237,-2.7690115915125033,-5.924406933321822,-7.304595592203263,False,0,2,0
GOLD#,2025-10-29 09:00:00,2025-10-29 10:00:00,UPPER,3977.87,4001.43,3975.03,4001.4,60,3957.314,3995.604506080122,3919.0234939198776,3964.0525,4000.5006920026262,3927.6043079973733,True,26.399999999999636,21.406500000000005,1.2332702683764105,23.5300000000002,0.8912878787878986,0.998863636363646,0.02999999999974534,2.8399999999996908,2.059467918622859,0.5818326209329119,76.58101216024443,72.89638400525291,0.1003056603677337,1.0376142544815399,0.9518858780910143,1.29446663396632,2.101698082358173,2.754303599374023,-3.656366057038748,False,0,1,0
GOLD#,2025-10-29 20:00:00,2025-10-29 21:00:00,LOWER,3994.65,4007.44,3942.6,3969.3,60,3990.4715000000006,4038.167460949206,3942.775539050795,3997.1175,4023.1547560048734,3971.0802439951262,False,64.84000000000015,20.000000000000046,3.242,-25.34999999999991,0.39096236890807917,0.41178285009253873,12.789999999999964,26.700000000000273,-1.0585750000000165,0.6153000000000233,95.39192189841106,52.074512009747195,-0.10026289417546175,-0.27190347536467874,0.5459006483295794,-2.8124999999999933,-0.4534999999999844,0.3490000000000001,-1.5004999999999846,False,0,1,0
GOLD#,2025-10-29 21:00:00,2025-10-29 22:00:00,LOWER,3969.31,3979.75,3927.77,3945.79,60,3989.5199999999995,4039.9081998077745,3939.1318001922245,3987.3675000000003,4029.187097083931,3945.5479029160697,False,51.98000000000002,21.036500000000068,2.470943360349861,-23.519999999999982,0.4524817237398995,0.3466717968449399,10.440000000000055,18.019999999999982,-2.0787678558695326,0.41164167042993227,100.77639961554996,83.6391941678612,0.056445845832450825,0.6061445597839841,0.8299482268361922,-3.1683027119530283,-2.643500582321201,-0.504836831221917,-2.8897392627100404,True,1,2,1
GOLD#,2025-10-31 18:00:00,2025-10-31 19:00:00,LOWER,4012.53,4015.19,3972.46,3980.72,60,4014.2410000000004,4039.5012334879484,3988.9807665120525,4018.1400000000003,4033.8314499096196,4002.448550090381,True,42.73000000000002,18.275500000000058,2.3381029246805767,-31.8100000000004,0.7444418441376173,0.1933068102035984,2.6599999999998545,8.259999999999764,-1.8342042625373058,0.056496402287253764,50.52046697589594,31.382899819238446,0.24457654558441178,-0.16565476443775917,0.6211918000324836,-1.4653497852316004,-1.3734234357473276,-1.1463434652950786,-1.5009165275915954,False,0,0,0
GOLD#,2025-11-04 01:00:00,2025-11-04 02:00:00,LOWER,4003.4,4005.76,3982.3,3997.16,60,4009.631,4024.9015152455995,3994.3604847544,4006.1349999999998,4016.3031266841517,3995.966873315848,False,23.460000000000036,15.049000000000001,1.5589075686092122,-6.2400000000002365,0.2659846547314675,0.6334185848252195,2.3600000000001273,14.859999999999673,-0.8286929364077349,0.2394843511196936,30.541030491199308,20.336253368303915,0.05983127987692938,0.2509239467355795,0.665866640425378,-0.7435710013954451,-0.10299687686890702,-0.2963652069905001,-1.7443019469732206,False,0,0,0
GOLD#,2025-11-04 02:00:00,2025-11-04 03:00:00,LOWER,3997.56,3999.27,3978.51,3986.38,60,4008.3885,4026.6812267203727,3990.0957732796273,4003.9400000000005,4021.8357201661406,3986.0442798338604,False,20.759999999999764,15.408000000000015,1.3473520249221016,-11.179999999999836,0.5385356454720599,0.3790944123314056,1.7100000000000364,7.869999999999891,-1.428381360332288,0.1375259605399883,36.58545344074537,35.79144033228022,0.1979115587238558,0.7599820224537897,0.9782970269932242,-1.2818016614745573,-1.3752596053997945,0.4127725856697898,-2.46170820353062,True,1,1,1
GOLD#,2025-11-04 07:00:00,2025-11-04 08:00:00,LOWER,3985.16,3987.17,3972.68,3973.25,60,4000.7664999999993,4024.573704179977,3976.9592958200215,3988.4300000000003,4002.7931472965893,3974.0668527034113,True,14.490000000000236,15.83399999999997,0.9151193633952421,-11.909999999999854,0.8219461697722332,0.039337474120093474,2.0100000000002183,0.5700000000001637,-1.7378110395351347,-0.559839585701693,47.61440835995563,28.726294593177954,0.10363155005518565,0.07569504055856102,0.6033109636900825,-1.5100416824554692,-2.216748768472905,-1.919287608942777,-2.3828470380194577,False,2,2,2
GOLD#,2025-11-04 15:00:00,2025-11-04 16:00:00,LOWER,3984.7,3995.99,3971.79,3975.76,60,3992.7450000000003,4012.12517491841,3973.364825081591,3991.2375,4007.3728865855082,3975.102113414492,False,24.199999999999818,13.624500000000035,1.7762119710814896,-8.9399999999996,0.369421487603292,0.16404958677687126,11.289999999999964,3.9700000000002547,-1.2466512532570064,-0.5139638151858477,38.76034983681893,32.27077317101612,0.027182910357476997,1.208638659086278,0.8325717726201148,-1.3233513156445886,-0.8550772505412754,-2.763404161620576,-2.3296267752944844,False,0,3,0
GOLD#,2025-11-04 16:00:00,2025-11-04 17:00:00,LOWER,3975.73,3977.72,3928.75,3956.9,60,3990.2835,4014.210397226102,3966.356602773898,3987.3875,4018.773399704538,3956.0016002954617,False,48.9699999999998,13.92950000000003,3.515560501094777,-18.829999999999927,0.3845211353890138,0.5748417398407231,1.9899999999997817,28.15000000000009,-2.396604328942162,-0.6380343874510787,47.853794452204056,62.771799409076266,0.2346068767095375,0.9451594505164984,1.3117413180635484,-2.8098639577874147,-2.1343192505115014,-4.2485372770020255,-3.8436411931512153,True,1,4,1
GOLD#,2025-11-04 20:00:00,2025-11-04 21:00:00,LOWER,3955.06,3956.82,3932.0,3937.77,60,3980.0910000000003,4012.879253931396,3947.302746068605,3959.4474999999998,3981.7478385682807,3937.147161431719,False,24.820000000000164,17.50649999999998,1.417759118041881,-17.289999999999964,0.6966156325543855,0.2324738114423829,1.7600000000002183,5.769999999999982,-2.4174449490189596,-0.8158969525604267,65.576507862791,44.6006771365619,0.18422078203595071,-0.31295210433316134,0.6801319342878416,-2.6812898066432527,-2.698426298803318,-3.9048353468711734,-4.280695741581706,False,2,5,2
GOLD#,2025-11-06 09:00:00,2025-11-06 10:00:00,UPPER,3991.44,4009.28,3991.1,4005.68,60,3981.871,3999.0145829355906,3964.7274170644096,3988.8175,3995.1071979468875,3982.5278020531127,True,18.18000000000029,11.004000000000019,1.6521264994547673,14.239999999999782,0.7832783278327587,0.8019801980197852,3.600000000000364,0.3400000000001455,2.1636677571791805,0.565430752453671,34.28716587118106,12.579395893774745,0.1462819567654443,-0.22843098232460135,0.36688351382077744,2.6426753907669824,2.120138131588503,3.5859687386404913,2.9471101417666103,False,0,0,0
GOLD#,2025-11-07 18:00:00,2025-11-07 19:00:00,UPPER,3991.06,4027.44,3990.04,4007.69,60,3997.1770000000006,4015.348143163481,3979.0058568365203,3994.6075,4004.6615688412057,3984.5534311587944,False,37.40000000000009,11.754999999999995,3.181624840493416,16.63000000000011,0.4446524064171141,0.47192513368984085,19.75,1.0199999999999818,0.8943428328370454,0.3185878349639134,36.342286326960675,20.108137682411325,-0.0017186857945439282,-0.25261592347370376,0.5532986422897125,-0.011909825606114225,0.8022118247554096,2.331773713313472,2.9136537643555944,False,0,0,0
GOLD#,2025-11-10 02:00:00,2025-11-10 03:00:00,UPPER,4011.8,4023.92,4011.09,4020.34,60,4003.793,4017.457213254593,3990.128786745407,4005.8025,4021.7598525456096,3989.84514745439,False,12.829999999999927,13.123500000000012,0.977635539299723,8.539999999999964,0.6656274356975848,0.7209664848012511,3.5799999999999272,0.7100000000000364,1.2608679087133776,0.4096087171867681,27.3284265091861,31.91470509121973,0.08265459674620113,0.8907200647822824,1.1678208066787896,1.1353678515639942,1.3289137806225502,2.3743665942774625,3.144740351278237,False,0,1,0
GOLD#,2025-11-10 03:00:00,2025-11-10 04:00:00,UPPER,4020.09,4053.36,4019.03,4044.0,60,4006.0800000000004,4028.056965210574,3984.1030347894266,4009.16,4038.9570065655125,3979.362993434487,True,34.32999999999993,13.341499999999996,2.5731739309672776,23.909999999999854,0.6964753859597992,0.727352170113599,9.360000000000127,1.0599999999999454,2.8422591162912436,0.46786343364693966,43.95393042114756,59.59401313102535,0.608359354548752,0.8672901084528792,1.355828990946231,2.884233407038191,3.604542217891553,4.154705243038627,5.264775325113353,True,1,2,1
GOLD#,2025-11-10 07:00:00,2025-11-10 08:00:00,UPPER,4054.15,4069.93,4050.17,4069.46,60,4016.2155,4061.507440330104,3970.9235596698954,4049.0625,4063.703958269894,4034.421041730106,True,19.759999999999764,14.221499999999969,1.3894455577822176,15.309999999999945,0.774797570850209,0.9762145748987953,0.4699999999997999,3.980000000000018,3.743944028407718,0.9790809689554234,90.5838806602087,29.282916539787948,0.18647127867176638,-0.6952592170007563,0.32326851451233113,4.053721478043823,4.34342368948424,5.00650423654326,5.763808318391199,False,2,3,2
GOLD#,2025-11-11 02:00:00,2025-11-11 03:00:00,UPPER,4120.11,4133.62,4116.21,4130.89,60,4092.7475,4130.969129411342,4054.525870588658,4115.2725,4128.287026509867,4102.257973490133,False,17.409999999999854,11.492999999999961,1.5148351170277485,10.780000000000655,0.6191843767949882,0.8431935669155896,2.7299999999995634,3.899999999999636,3.318759244757723,2.2872618115374572,76.44325882268367,26.02905301973442,-0.0020925406429117555,0.42282684887258926,0.34050161414639474,2.464108587836136,3.9676324719394866,10.361089358740172,13.380318454711626,False,0,3,0
GOLD#,2025-11-11 17:00:00,2025-11-11 18:00:00,LOWER,4124.63,4126.11,4097.05,4106.69,60,4130.853000000001,4154.070020563665,4107.635979436337,4136.1325,4165.972706103163,4106.292293896837,False,29.05999999999949,11.106499999999915,2.616485841624248,-17.94000000000051,0.617343427391632,0.33172746042668916,1.4799999999995634,9.639999999999418,-2.1755728627381767,1.0180524917841611,46.43404112732787,59.680412206325855,0.029803886359203613,1.124283193146117,1.285272846330019,-3.1612119029397965,-3.6231035879891054,2.0951694953405395,9.810471345608464,False,0,1,0
GOLD#,2025-11-12 17:00:00,2025-11-12 18:00:00,UPPER,4136.59,4185.48,4134.56,4181.35,60,4127.905000000001,4158.096171886066,4097.713828113935,4129.99,4146.345622894865,4113.634377105134,True,50.91999999999916,12.686500000000205,4.013715366728281,44.76000000000022,0.8790259230165152,0.9188923802042563,4.1299999999992,2.0299999999997453,4.212745832183726,0.4464194222205081,60.38234377213121,32.71124578973104,0.6512270207618958,1.7569785619143783,0.5417352780007282,4.470106018208263,5.4703819020217885,4.446458834193817,7.073660978205083,False,0,1,0
GOLD#,2025-11-13 14:00:00,2025-11-13 15:00:00,UPPER,4230.49,4245.16,4230.01,4242.57,60,4210.038,4241.110956470918,4178.965043529081,4230.51,4242.097821205348,4218.922178794653,True,15.149999999999636,18.19399999999996,0.8326920962954638,12.079999999999927,0.7973597359736116,0.8290429042904154,2.5900000000001455,0.47999999999956344,1.7880619984610435,1.5273716609871288,62.145912941836286,23.175642410695218,0.04688412569336009,-0.4595953847379608,0.37292303409213423,1.7659668022425075,2.016598878751219,6.405958008134524,5.535890953061425,False,0,1,0
GOLD#,2025-11-13 20:00:00,2025-11-13 21:00:00,LOWER,4201.83,4203.22,4145.31,4157.83,60,4210.243,4248.968606565212,4171.517393434789,4201.6125,4218.567177828983,4184.657822171017,True,57.909999999999854,18.40999999999999,3.1455730581205805,-44.0,0.7597996891728563,0.2161975479191773,1.3900000000003274,12.519999999999527,-2.8469853340576043,0.011135252580164956,77.45121313042364,33.909355657966444,0.23776055942670826,-0.6912779068021133,0.437815681477641,-4.60293318848451,-2.8576860401955297,-2.2542096686583393,2.424225964149926,False,1,1,0
GOLD#,2025-11-14 13:00:00,2025-11-14 14:00:00,LOWER,4167.96,4170.03,4130.91,4132.97,60,4181.7555,4220.010134475411,4143.500865524589,4173.645,4194.83074049409,4152.459259505911,True,39.11999999999989,20.417999999999758,1.9159565089626973,-34.98999999999978,0.8944274028629826,0.05265848670757684,2.069999999999709,2.0600000000004,-2.3893378391615503,-0.8717308257420017,76.50926895082193,42.37148098817852,0.2185307426011669,0.27382114476511243,0.5538084675127892,-2.789695366833221,-2.5957488490547864,-4.535703790772885,0.4079733568420034,False,0,2,0
GOLD#,2025-11-14 15:00:00,2025-11-14 16:00:00,LOWER,4115.93,4119.0,4041.25,4055.86,60,4169.902,4238.621606982641,4101.182393017359,4146.555,4238.300929611515,4054.8090703884855,False,77.75,20.70399999999977,3.7553129829984964,-60.070000000000164,0.7726045016077191,0.1879099678456608,3.069999999999709,14.610000000000127,-5.508210973724942,-1.1852299072642984,137.43921396528276,183.49185922302968,0.47729150485008076,0.36243480165476094,1.3350764598332165,-6.049555641421993,-6.4741112828439435,-9.018064142194826,-3.388717156105153,False,1,3,1
GOLD#,2025-11-17 21:00:00,2025-11-17 22:00:00,LOWER,4062.62,4065.14,4010.87,4011.23,60,4071.918,4104.610361552181,4039.22563844782,4067.5625,4084.984655442888,4050.140344557112,True,54.26999999999998,19.717999999999982,2.7523075362612857,-51.38999999999987,0.9469320066334972,0.006633499170814952,2.519999999999982,0.36000000000012733,-3.077796936809015,-0.5028146870879103,65.38472310436055,34.844310885776395,0.682609611705383,-0.02517037830186053,0.5329121120565333,-2.745714575514754,-3.900497007810119,-4.401054873719458,-9.66122324779388,False,0,0,0
GOLD#,2025-11-19 07:00:00,2025-11-19 08:00:00,UPPER,4075.18,4097.4,4074.2,4095.5,60,4064.3795000000005,4094.8149178361195,4033.9440821638814,4069.2124999999996,4096.246883667394,4042.1781163326045,False,23.199999999999818,17.64249999999995,1.3150063766472941,20.320000000000164,0.8758620689655312,0.9181034482758771,1.8999999999996362,0.9800000000000182,1.7639506872608546,0.9631004676208098,60.87083567223817,54.068767334789754,0.042902080274431986,0.14819433147149486,0.8882540667903022,1.0588068584384238,1.6273203911010412,4.826413490151642,0.7158849369420517,False,0,0,0
GOLD#,2025-11-19 11:00:00,2025-11-19 12:00:00,UPPER,4083.24,4116.28,4081.15,4113.28,60,4075.298,4102.075139202277,4048.5208607977233,4089.095,4107.367438268521,4070.8225617314783,True,35.129999999999654,16.624999999999954,2.1130827067669022,30.039999999999964,0.855109592940514,0.9146029035012802,3.0,2.0899999999996908,2.2846315789473732,1.0186165413533494,53.554278404553315,36.54487653704291,-0.009482927607251113,-0.3930404534975305,0.6823894864380392,2.7873684210526206,2.6309774436090168,4.608721804511284,1.512180451127816,False,1,1,1
GOLD#,2025-11-19 16:00:00,2025-11-19 17:00:00,UPPER,4110.74,4128.92,4101.91,4127.8,60,4087.9394999999995,4127.210928530891,4048.6680714691083,4111.8875,4120.160413651077,4103.614586348923,True,27.01000000000022,14.246499999999969,1.895904257185995,17.0600000000004,0.6316179192891619,0.9585338763420999,1.1199999999998909,8.829999999999927,2.7979152774366174,1.171129751166913,78.54285706178234,16.545827302154066,0.11220017682874617,0.02677967352971189,0.21065986037583287,3.1109395290071427,3.659144351244181,4.394763626153811,3.5517495525217053,False,1,2,1
GOLD#,2025-11-20 04:00:00,2025-11-20 05:00:00,LOWER,4081.46,4081.64,4041.35,4066.99,60,4093.5284999999994,4127.263146446292,4059.793853553707,4092.0325,4139.259029623473,4044.805970376527,False,40.289999999999964,19.744500000000038,2.0405682595153025,-14.470000000000255,0.3591461901216249,0.6363862000496375,0.1799999999998363,25.639999999999873,-1.344095824153542,0.17333941097519137,67.46929289258514,94.45305924694594,0.07225647842622296,-0.09830846259112835,1.3999414429512467,-0.3357897135911315,-2.210235761857745,0.4016308339031032,1.366962951708057,False,0,3,0
GOLD#,2025-11-20 10:00:00,2025-11-20 11:00:00,LOWER,4059.87,4069.37,4038.79,4063.35,60,4083.9965,4121.108894302406,4046.884105697594,4067.5225,4089.647406785678,4045.397593214322,False,30.579999999999927,20.94700000000005,1.459874922423252,3.480000000000018,0.11379986919555352,0.8031393067364292,6.019999999999982,21.079999999999927,-0.9856542703012479,-0.45505322957937755,74.22478860481215,44.249813571355844,-0.020635240287277257,0.5953571884371536,0.5961595095534841,-0.17377190051080652,-0.490285005012649,-1.1252207953406268,2.600372368358222,False,1,3,1
GOLD#,2025-11-20 18:00:00,2025-11-20 19:00:00,LOWER,4070.26,4082.52,4044.81,4049.26,60,4073.7835,4101.583746956785,4045.9832530432154,4081.3624999999997,4113.971742559075,4048.7532574409242,False,37.710000000000036,21.5645,1.748707366273275,-21.0,0.5568814638027043,0.11800583399629458,12.259999999999764,4.450000000000273,-1.137216258202128,-0.23916622226345405,55.60049391356961,65.21848511815097,0.09324081200388235,-0.3045119144202043,1.1729839166452807,-0.4938672355027771,-1.2131048714322084,-2.1975932667114666,-0.7614366203714261,False,0,2,0
GOLD#,2025-11-21 08:00:00,2025-11-21 09:00:00,LOWER,4058.53,4064.74,4029.28,4032.74,60,4066.9669999999996,4095.0122042934045,4038.921795706595,4056.0525,4065.167164024165,4046.937835975835,True,35.45999999999958,19.60450000000001,1.8087683950113274,-25.79000000000042,0.7272983643542223,0.09757473209248795,6.209999999999582,3.4599999999995816,-1.7458746716315054,-0.184779004820319,56.090408586809644,18.22932804832999,0.20247552396592772,-0.6216904250161883,0.32499902403308295,-2.0928868372057527,-1.6965492616491216,-1.7291948277181297,-2.165319186921383,False,0,2,0
GOLD#,2025-11-21 18:00:00,2025-11-21 19:00:00,UPPER,4069.43,4100.69,4063.05,4099.97,60,4060.8154999999997,4097.172334554996,4024.458665445003,4071.63,4092.087624502264,4051.172375497736,True,37.63999999999942,19.62649999999992,1.9178151988382837,30.54000000000042,0.8113708820404062,0.9808714133900277,0.7199999999993452,6.379999999999654,1.9949812753165728,-0.0018087789468530426,72.71366910999313,40.91524900452805,0.08333652241560574,-0.6860016365025808,0.5626899248150443,3.1977173719206418,2.4365016686622862,1.518864800142691,-1.417980791277102,False,0,2,0
GOLD#,2025-11-24 20:00:00,2025-11-24 21:00:00,UPPER,4092.93,4125.84,4087.98,4120.47,60,4069.786,4109.911143935675,4029.660856064325,4090.8725,4114.148640149934,4067.5963598500657,True,37.86000000000013,14.000499999999965,2.704189136102298,27.54000000000042,0.7274167987321798,0.8581616481774994,5.369999999999891,4.949999999999818,3.6201564229849166,0.2580979250740677,80.25028787134988,46.55228029986847,0.2269589098103426,-0.2602182189796227,0.5800886393640973,2.8663262026356353,4.792685975500913,2.489911074604494,5.086246919752881,False,0,0,0
GOLD#,2025-11-26 04:00:00,2025-11-26 05:00:00,UPPER,4148.38,4166.52,4147.28,4161.44,60,4135.433,4155.366794517172,4115.499205482828,4139.3525,4165.891789747259,4112.813210252741,False,19.24000000000069,16.229500000000144,1.185495548230107,13.05999999999949,0.678794178794128,0.7359667359667019,5.080000000000837,1.1000000000003638,1.6024523244708326,-0.0008318186019299244,39.86758903434384,53.078579494518635,0.13385770436922217,0.4865313661071382,1.3313716926497416,1.7080008626266427,0.8509196216765377,1.6457685079638806,5.791922117132303,False,0,0,0
GOLD#,2025-11-28 02:00:00,2025-11-28 03:00:00,UPPER,4163.14,4182.86,4162.93,4180.67,60,4157.0785000000005,4171.805189066155,4142.351810933846,4159.452499999999,4168.247106318186,4150.657893681813,True,19.92999999999938,8.513500000000112,2.3409878428377424,17.529999999999745,0.8795785248369438,0.8901154039137146,2.1899999999996,0.21000000000003638,2.77106947788797,0.002701591589844123,29.45337813230981,17.589212636372395,0.4711854061361749,1.2527844581779073,0.5971882938981914,2.6698772537734388,2.5923533211956795,1.956891995066616,5.5147706583660305,False,0,0,0
GOLD#,2025-11-28 16:00:00,2025-11-28 17:00:00,UPPER,4182.58,4208.89,4182.58,4198.01,60,4175.023,4200.048671696279,4149.997328303722,4173.545,4201.732011198311,4145.357988801689,False,26.480000000000473,11.032500000000073,2.4001812825742395,15.430000000000291,0.5864690231851029,0.5864690231851029,10.88000000000011,0.0,2.0835712667119806,0.5652843870382902,50.0513433925571,56.37402239662151,0.054787309020462915,0.4096291648956527,1.1263238621683953,2.6014049399501133,0.7777022433718441,3.684568320870181,3.4552458644912427,False,0,1,0
GOLD#,2025-12-01 02:00:00,2025-12-01 03:00:00,UPPER,4221.77,4233.61,4218.26,4230.69,60,4192.7205,4233.187577715703,4152.253422284298,4220.2975,4228.461586005507,4212.133413994492,False,15.349999999999454,14.20699999999997,1.0804532976701264,8.919999999999163,0.5811074918566437,0.8097719869706725,2.9200000000000728,3.5100000000002183,2.6725909762792512,1.0790807348490863,80.93415543140509,16.32817201101534,0.1079183684665459,-0.6678081616961208,0.2017463693045406,1.8983599633982826,4.495671148025623,5.035545857675801,4.465404378123441,False,0,2,0
GOLD#,2025-12-01 03:00:00,2025-12-01 04:00:00,UPPER,4230.66,4256.25,4219.76,4255.41,60,4196.0195,4244.78301073137,4147.25598926863,4223.724999999999,4239.954319157197,4207.495680842802,True,36.48999999999978,14.34399999999996,2.5439208031232488,24.75,0.6782680186352466,0.9769799945190422,0.8400000000001455,10.899999999999636,4.140441996653631,1.129775515895153,97.52702146273987,32.45863831439419,0.20501685528056068,0.9878917427190803,0.332816872981146,3.4258226436140236,6.414528722810965,6.79935861684328,6.321807027328537,True,1,3,1
GOLD#,2025-12-02 03:00:00,2025-12-02 04:00:00,LOWER,4226.59,4226.99,4199.57,4219.42,60,4238.067,4257.447644051357,4218.686355948643,4230.882500000001,4248.037962695834,4213.727037304167,False,27.420000000000073,15.019999999999936,1.8255659121171897,-7.170000000000073,0.261487964989061,0.7239241429613534,0.3999999999996362,19.850000000000364,-1.2414780292942753,-0.18478695073240076,38.76128810271439,34.31092539166639,0.09979329600303566,0.06623994107356124,0.8851853762120885,-1.3908122503329172,-1.8042609853528948,-0.7503328894806641,4.012649800266358,False,0,2,0
GOLD#,2025-12-02 08:00:00,2025-12-02 09:00:00,LOWER,4224.93,4226.22,4203.34,4212.86,60,4232.5025000000005,4256.409324022564,4208.595675977437,4220.4825,4232.829204026003,4208.135795973997,False,22.88000000000011,13.966999999999961,1.6381470609293458,-12.070000000000618,0.5275349650349895,0.41608391608389345,1.2899999999999636,9.519999999999527,-1.406350683754628,-0.4920884943079839,47.81364804512668,24.693408052005907,0.02742196340991243,0.7914273591190661,0.5164510356687317,-0.9901911648886637,-1.3904202763657283,-1.1971074676022266,1.6775255960477873,False,1,1,1
GOLD#,2025-12-02 11:00:00,2025-12-02 12:00:00,LOWER,4210.24,4213.21,4181.12,4192.04,60,4225.46,4250.57624175402,4200.34375824598,4215.38,4237.970635234638,4192.789364765362,True,32.090000000000146,14.526499999999988,2.209066189378045,-18.199999999999818,0.567154876908686,0.3402929261452173,2.9700000000002547,10.920000000000073,-2.3006229993460297,-0.7720373111210653,50.23248350803988,45.18127046927657,0.16290071940677708,0.16436611858101746,0.8994432947366648,-1.705159536020408,-3.1232574949230667,-3.6244105600109924,0.6629263759336466,False,1,2,1
GOLD#,2025-12-02 17:00:00,2025-12-02 18:00:00,LOWER,4218.54,4219.53,4163.92,4169.6,60,4214.5765,4247.344335614322,4181.808664385679,4211.3025,4230.685593156228,4191.919406843772,True,55.60999999999967,13.730000000000109,4.050254916241751,-48.9399999999996,0.8800575436072628,0.10213990289516857,0.9899999999997817,5.680000000000291,-3.2757829570283614,-0.7926802621995503,65.53567122864297,38.76618631245583,0.1952399253043533,-0.5277634570136576,0.5915280271900643,-1.6343772760378312,-3.438455935906749,-5.113619810633611,-0.15222141296425487,False,1,3,1
GOLD#,2025-12-03 15:00:00,2025-12-03 16:00:00,UPPER,4213.45,4238.31,4211.18,4237.13,60,4209.837,4231.521071662111,4188.1529283378895,4206.2325,4227.042850797189,4185.422149202811,True,27.13000000000011,11.445500000000038,2.370363898475385,23.68000000000029,0.8728345005529007,0.9565057132325733,1.180000000000291,2.269999999999527,2.3846053033943098,0.29998689441273796,43.36814332422182,41.62070159437826,0.059645506739865795,0.5739981388449078,0.9597067894564999,2.691013935607888,1.9763225721899276,2.490935302083799,-1.522869249923571,False,0,1,0
GOLD#,2025-12-04 05:00:00,2025-12-04 06:00:00,LOWER,4200.55,4201.53,4187.4,4195.88,60,4207.696,4224.955344594964,4190.436655405036,4207.115,4223.44579300898,4190.784206991019,False,14.13000000000011,14.059500000000025,1.0050144030726615,-4.670000000000073,0.33050247699929486,0.6001415428167309,0.9799999999995634,8.480000000000473,-0.84042818023399,-0.25964650236492987,34.51868918992841,32.66158601796087,0.05331464936586783,0.4545810184200003,0.9462000668174448,-0.7397133610725571,-1.1721611721611391,-2.1892670436359536,-1.6743127422739017,False,0,1,0
GOLD#,2025-12-04 07:00:00,2025-12-04 08:00:00,LOWER,4196.97,4199.0,4174.88,4180.95,60,4205.959,4227.197506441081,4184.720493558919,4200.645,4221.684895444154,4179.605104555847,False,24.11999999999989,14.227000000000043,1.6953679623251436,-16.020000000000437,0.6641791044776331,0.2516583747926922,2.0299999999997453,6.069999999999709,-1.7578547831587783,-0.2704716384339597,42.477012882161944,42.07979088830689,0.18807990132463925,-0.17328568969234737,0.9906485421901721,-1.8457861812047613,-1.4022633021719095,-2.914177268573832,-2.5205594995431557,False,1,2,1
GOLD#,2025-12-05 15:00:00,2025-12-05 16:00:00,UPPER,4228.77,4238.83,4221.45,4234.47,60,4215.977000000001,4234.110702430753,4197.8432975692485,4224.675,4234.217389653787,4215.132610346213,True,17.38000000000011,8.197499999999991,2.120158584934447,5.699999999999818,0.3279631760644294,0.7491369390103771,4.359999999999673,7.3200000000006185,2.2559316864897228,0.8662397072279945,36.267404861504474,19.084779307573626,0.1313680664131931,0.9755738052372875,0.5262240124556278,1.2223238792315276,3.824336688014687,5.367490088441604,3.130222628850245,False,0,0,0
GOLD#,2025-12-05 17:00:00,2025-12-05 18:00:00,UPPER,4241.74,4259.22,4234.07,4243.75,60,4219.0380000000005,4242.860770280698,4195.215229719303,4232.1825,4258.933400925122,4205.431599074877,False,25.150000000000546,8.843499999999995,2.8438966472551095,2.0100000000002183,0.07992047713718388,0.3848906560636215,15.470000000000255,7.670000000000073,2.7943687454061794,0.8383558545825378,47.64554056139423,53.5018018502451,0.1142322904520352,0.4485549976839216,1.122913104140454,2.3146944083225267,3.875162548764681,4.80013569288176,0.7485723978062865,False,1,1,1
GOLD#,2025-12-08 17:00:00,2025-12-08 18:00:00,LOWER,4196.37,4196.68,4176.15,4182.91,60,4205.6965,4220.822626101801,4190.570373898199,4205.1475,4231.66038555217,4178.63461444783,False,20.530000000000655,10.967499999999973,1.8718942329610855,-13.460000000000036,0.6556259132975941,0.329274232830005,0.3100000000004002,6.760000000000218,-2.0776384773193723,-0.6995213129701017,30.25225220360153,53.02577110433958,0.37979598433742345,0.3993770755933408,1.7527875527239876,-2.281285616594529,-2.469113289263733,-5.382265785274665,-1.4068839753818398,False,0,1,0
GOLD#,2025-12-09 11:00:00,2025-12-09 12:00:00,UPPER,4191.62,4212.89,4190.75,4202.75,60,4190.758,4202.964309182071,4178.551690817929,4183.9775,4202.13398369869,4165.82101630131,False,22.140000000000327,10.832500000000072,2.0438495268867003,11.13000000000011,0.5027100271002685,0.5420054200541925,10.140000000000327,0.8699999999998909,1.1070390030002408,-0.5763212554812233,24.412618364141963,36.31296739737991,-0.18579138901848546,0.7747645928387019,1.4874671309619765,0.760673897992128,1.0357719824602059,-0.6545118855296652,-2.0032310177705677,False,0,1,0
GOLD#,2025-12-09 15:00:00,2025-12-09 16:00:00,UPPER,4204.08,4208.27,4195.7,4201.32,60,4192.747,4207.329670669264,4178.164329330737,4203.52,4205.527984139125,4201.512015860876,False,12.570000000000618,9.992500000000064,1.2579434575932489,-2.7600000000002183,0.21957040572793018,0.44709626093871235,4.190000000000509,5.619999999999891,0.8579434575931304,0.05904428321242349,29.16534133852656,4.0159682782486925,0.03811947493780643,-0.9013089109533963,0.13769659787741678,1.894420815611635,0.5113835376532039,-1.2439329497123055,-2.2346760070052323,False,1,2,1
GOLD#,2025-12-09 16:00:00,2025-12-09 17:00:00,UPPER,4201.51,4210.33,4189.49,4204.81,60,4193.245000000001,4208.733090258266,4177.756909741735,4203.1375,4207.252096007257,4199.022903992743,False,20.840000000000146,9.572500000000081,2.177069731000258,3.300000000000182,0.15834932821497882,0.7351247600767999,5.519999999999527,12.020000000000437,1.2081483416034997,0.20235048315495338,30.976180516530803,8.22919201451441,0.06208873597553888,1.049117782898187,0.2656619336952406,1.372682162444525,1.5554975189344686,0.3227996866022585,-2.495690780882655,True,2,3,2
GOLD#,2025-12-09 17:00:00,2025-12-09 18:00:00,UPPER,4204.84,4216.37,4189.98,4212.42,60,4194.4995,4211.82360282953,4177.17539717047,4203.3575,4208.361848139664,4198.353151860336,True,26.390000000000327,10.113500000000112,2.609383497305585,7.579999999999927,0.2872300113679361,0.8503220917014108,3.949999999999818,14.860000000000582,1.7719384980471624,0.36995105551985424,34.648205659059386,10.008696279328433,0.11854350928026669,0.21624289014952924,0.2888662223323961,0.9561477233400866,1.7709002818015183,1.574133583823592,-2.1802541157858246,True,3,4,3
GOLD#,2025-12-10 21:00:00,2025-12-10 22:00:00,UPPER,4194.32,4219.79,4182.06,4216.48,60,4202.8035,4218.3066058452105,4187.3003941547895,4198.11,4215.975407924308,4180.244592075692,False,37.72999999999956,9.029999999999836,4.178294573643439,22.159999999999854,0.5873310363106311,0.9122714020673088,3.3100000000004,12.259999999999309,1.5145625692137128,-0.30022148394244624,31.00621169042097,35.73081584861575,0.057282362706244205,-0.0867000372387613,1.1523760530750164,1.7574750830564982,1.4551495016610916,0.8305647840531712,2.3953488372092573,False,0,0,0
GOLD#,2025-12-10 22:00:00,2025-12-10 23:00:00,UPPER,4216.33,4238.65,4211.22,4229.75,60,4203.874000000001,4223.235162564469,4184.512837435533,4203.7625,4236.300875809232,4171.224124190768,False,27.42999999999938,10.6574999999998,2.5737743373211255,13.420000000000073,0.4892453518046072,0.6755377324097763,8.899999999999636,5.109999999999673,2.4279615294393415,-0.1040581749940877,38.72232512893606,65.07675161846419,0.2488570198628588,0.8213060651674242,1.68060031007369,3.4998827117054545,2.977246070842145,1.6204550785832288,3.980295566502545,True,1,1,1
GOLD#,2025-12-11 03:00:00,2025-12-11 04:00:00,UPPER,4237.16,4247.53,4232.97,4238.36,60,4208.489,4239.738170162543,4177.239829837456,4231.88,4245.351599767926,4218.408400232074,False,14.55999999999949,11.909999999999764,1.222502099076388,1.199999999999818,0.08241758241757281,0.3701923076922807,9.170000000000073,4.1899999999996,2.5080604534005615,0.5017212426532817,62.49834032508625,26.943199535851818,0.11273591918572201,-0.45152660185273563,0.43110264041742996,3.69269521410583,3.5214105793451242,2.520570948782546,3.664987405541604,False,2,2,2
GOLD#,2025-12-11 16:00:00,2025-12-11 17:00:00,UPPER,4220.87,4244.43,4217.88,4230.2,60,4220.1105,4240.560645692565,4199.660354307434,4217.3625,4232.842122098268,4201.882877901732,False,26.550000000000182,13.859499999999935,1.915653522854382,9.329999999999927,0.3514124293785259,0.46403013182672787,14.230000000000473,2.9899999999997817,0.7279844150221935,0.47101266279449316,40.90029138513091,30.95924419653602,-0.05902267041846443,0.12553741461446122,0.7569443431347066,0.9848840145748188,0.5736137667303911,2.134997655038081,1.8860709260795512,False,0,3,0
GOLD#,2025-12-11 17:00:00,2025-12-11 18:00:00,UPPER,4230.17,4261.23,4226.02,4255.9,60,4223.186500000001,4245.639279134153,4200.733720865848,4220.6625,4247.511907820396,4193.813092179605,True,35.20999999999913,14.795499999999947,2.3797776350917004,25.729999999999563,0.7307583072990685,0.8486225504118131,5.329999999999927,4.149999999999636,2.211043898482582,0.5747693555473519,44.90555826830496,53.69881564079151,0.09792758798364298,0.7345002125988522,1.195816680864938,2.533202662971829,2.6413436517860207,4.288466087661792,3.6889594809232618,True,1,4,1
GOLD#,2025-12-15 18:00:00,2025-12-15 19:00:00,LOWER,4318.23,4318.88,4285.31,4297.62,60,4326.382,4359.580938293897,4293.183061706102,4329.9574999999995,4371.28293406102,4288.632065938979,False,33.56999999999971,11.476500000000033,2.9251078290419215,-20.609999999999673,0.6139410187667516,0.366696455168293,0.6500000000005457,12.30999999999949,-2.5061647714895336,0.6756415283405117,66.3978765877946,82.65086812204027,-0.005900935954973319,0.18569182310921306,1.2447817967906722,-3.6640090619962584,-2.4728793621748815,0.6203982050276539,5.874613340304089,False,0,0,0
GOLD#,2025-12-17 15:00:00,2025-12-17 16:00:00,UPPER,4317.48,4344.09,4315.07,4342.1,60,4317.857,4338.203201705544,4297.5107982944555,4317.0725,4319.193702566358,4314.951297433642,True,29.020000000000437,12.658500000000004,2.292530710589756,24.6200000000008,0.848380427291538,0.9314266023432202,1.9899999999997817,2.4099999999998545,1.9151558241498112,0.38985661808267086,40.69240341108889,4.242405132716158,0.10524447917801694,-0.49515064150079746,0.10425545745867841,1.9117588971837676,1.2221037247699371,3.761899119169,-0.0560887940909299,False,0,0,0
GOLD#,2025-12-18 10:00:00,2025-12-18 11:00:00,LOWER,4331.48,4332.67,4321.77,4326.48,60,4334.2845,4345.489895969872,4323.079104030127,4332.68,4336.75735212236,4328.60264787764,False,10.899999999999636,11.882000000000016,0.9173539808112794,-5.0,0.4587155963302905,0.4321100917430536,1.1900000000005093,4.709999999999127,-0.656833866352481,0.3108062615720667,22.41079193974474,8.154704244720051,-0.15682679787318954,0.36145652568931075,0.36387398832872003,-0.5680861807776462,-0.8904224877967365,0.7221006564551351,3.1375189362060003,False,0,1,0
GOLD#,2025-12-18 14:00:00,2025-12-18 15:00:00,LOWER,4325.63,4326.68,4317.33,4320.85,60,4332.662,4344.031912217856,4321.292087782144,4325.1875,4329.16638179375,4321.20861820625,True,9.350000000000364,10.034500000000026,0.93178534057505,-4.779999999999745,0.5112299465240171,0.37647058823532614,1.050000000000182,3.5200000000004366,-1.1771388708953976,-0.042353879116973574,22.739824435711853,7.9577635874993575,0.12778837755624894,-0.6627678746419862,0.3499483300760253,-1.3035029149434345,-1.3902037969006709,0.447456275848391,4.336040659723963,False,1,2,1
GOLD#,2025-12-18 15:00:00,2025-12-18 16:00:00,LOWER,4320.83,4343.03,4314.68,4336.52,60,4332.807999999999,4344.296712018399,4321.319287981599,4323.860000000001,4331.603229321704,4316.116770678297,False,28.349999999999454,9.277500000000055,3.055780113176964,15.69000000000051,0.553439153439182,0.7703703703703904,6.509999999999309,6.149999999999636,0.4001077876584566,-0.10460792239292382,22.977424036800585,15.486458643406877,0.010448611938955521,0.9460817694727888,0.6739858488316098,0.5421719213150769,0.5335489086500348,2.0565885206144676,6.255995688493725,True,2,3,2
GOLD#,2025-12-18 18:00:00,2025-12-18 19:00:00,UPPER,4338.13,4374.57,4337.75,4360.3,60,4333.3695,4349.6950903060715,4317.043909693928,4330.905,4358.239937357332,4303.570062642668,True,36.81999999999971,10.69300000000003,3.443374170017732,22.170000000000073,0.6021184139054929,0.6124388919065823,14.269999999999527,0.38000000000010914,2.5185167866829063,-0.036612737304837925,32.651180612143435,54.66987471466382,0.49783928088583784,0.2305436799789502,1.674361345890547,3.255400729449201,2.6522023753858135,2.8093145048162236,3.356401384083066,False,2,3,0
GOLD#,2025-12-19 03:00:00,2025-12-19 04:00:00,LOWER,4326.14,4328.47,4309.18,4323.24,60,4331.3145,4347.787070498919,4314.841929501082,4332.3225,4346.796652836326,4317.848347163675,False,19.289999999999964,13.99350000000004,1.3784971593954272,-2.9000000000005457,0.15033696215658637,0.7288750648003897,2.3299999999999272,14.05999999999949,-0.5770179011684426,-0.09550862900628354,32.94514099783737,28.94830567265126,0.02627874332755642,-0.12061423055847809,0.8786820998748047,-0.6117125808411317,0.17079358273479908,-0.8260978311359107,1.1126594490298827,False,0,4,0
GOLD#,2025-12-19 16:00:00,2025-12-19 17:00:00,UPPER,4328.33,4337.79,4319.75,4332.35,60,4326.9365,4336.579674313584,4317.293325686415,4327.5325,4329.947515595924,4325.117484404076,False,18.039999999999964,11.467000000000052,1.5732100811022833,4.020000000000437,0.22283813747230846,0.6984478935698664,5.4399999999996,8.579999999999927,0.47209383448160314,-0.2004447545129385,19.28634862716899,4.83003119184832,-0.013355346014017333,-0.4003897125332322,0.2504378244539341,0.5607395133862616,1.3612976366966523,-0.3636522194122311,1.3002528996250717,False,0,3,0
GOLD#,2025-12-19 17:00:00,2025-12-19 18:00:00,UPPER,4332.34,4349.08,4331.94,4347.74,60,4327.7335,4340.85890935903,4314.608090640971,4328.6775,4337.457995448928,4319.897004551071,True,17.140000000000327,10.304500000000052,1.6633509631714534,15.399999999999636,0.8984830805133805,0.9218203033838903,1.3400000000001455,0.4000000000005457,1.9415303993400364,-0.18739385705270276,26.250818718059236,17.560990897856755,0.36110879386880335,2.6357924411532934,0.6689692647862324,1.7759231403755726,2.8812654665436894,1.8661749720995162,0.5473336891648687,True,1,3,1
GOLD#,2025-12-22 08:00:00,2025-12-22 09:00:00,UPPER,4400.12,4420.08,4398.85,4419.59,60,4358.289,4413.761052024779,4302.8169479752205,4394.237499999999,4416.256934605188,4372.218065394811,True,21.229999999999563,11.25200000000009,1.8867756843227332,19.470000000000255,0.9170984455958858,0.9769194536034013,0.4899999999997817,1.269999999999527,5.4480092428012705,1.8965961606824715,110.94410404955852,44.038869210377015,0.12978668770837398,-0.0691648347841003,0.3969464586482661,4.8586917881265235,5.8878421613934835,8.321187344472037,7.789726270885162,False,0,2,0
GOLD#,2025-12-23 01:00:00,2025-12-23 02:00:00,UPPER,4447.7,4461.67,4445.34,4460.04,60,4422.1565,4456.2062555179955,4388.106744482005,4438.844999999999,4460.4704017381055,4417.219598261893,False,17.890000000000327,11.341999999999961,1.577323223417421,12.340000000000146,0.7556644213104838,0.9001837109614136,1.6300000000001091,2.3599999999996726,3.340107564803389,2.1251102098395473,68.09951103599087,43.25080347621224,0.03670903396072722,1.5235369992124488,0.6351118065055418,1.873567272086058,4.527420208076225,10.641862105448794,11.034209134191507,False,0,1,0
GOLD#,2025-12-24 01:00:00,2025-12-24 02:00:00,UPPER,4487.13,4510.32,4484.29,4503.33,60,4481.9425,4506.819205465789,4457.065794534211,4489.987499999999,4509.304360519642,4470.670639480357,False,26.029999999999745,14.875500000000192,1.7498571476588625,16.199999999999818,0.622358816749903,0.7314636957356954,6.989999999999782,2.8400000000001455,1.4377667977546664,0.4719505226714758,49.7534109315784,38.633721039284865,0.05826088717657307,-0.46390749822527555,0.7765039685905054,1.9522032872844333,1.277267990991883,4.003226782292993,11.014755806527393,False,0,1,0
GOLD#,2025-12-24 16:00:00,2025-12-24 17:00:00,LOWER,4487.94,4489.43,4460.56,4464.75,60,4491.4220000000005,4514.155990055224,4468.688009944777,4489.855,4495.261477627388,4484.4485223726115,True,28.86999999999989,16.274000000000115,1.7739953299741729,-23.1899999999996,0.8032559750606058,0.14513335642534173,1.4900000000006912,4.1899999999996,-1.6389332677891295,0.31197001351850745,45.46798011044666,10.81295525477617,0.0791546885752279,-0.2992715497573474,0.2378147265066609,-1.087624431608682,-0.7853017082462612,-0.8836180410470694,3.0078653066240304,False,0,1,0
GOLD#,2025-12-26 17:00:00,2025-12-26 18:00:00,UPPER,4521.02,4547.43,4519.51,4546.65,60,4499.8595,4542.390467762683,4457.328532237316,4516.155,4544.473312102458,4487.836687897541,True,27.920000000000073,16.326000000000068,1.7101555800563493,25.6299999999992,0.9179799426933787,0.9720630372492602,0.7800000000006548,1.5100000000002183,2.866011270366279,0.5825983094450309,85.06193552536752,56.6366242049171,0.14365684839401838,0.08940091827064589,0.6658280681613069,2.0807301237289724,5.406100698272629,3.26779370329531,3.2622810241332285,False,0,1,0
GOLD#,2025-12-29 02:00:00,2025-12-29 03:00:00,LOWER,4527.12,4527.87,4472.18,4497.29,60,4516.7725,4550.365627791699,4483.179372208301,4530.4175,4554.181007744653,4506.653992255347,False,55.6899999999996,18.128500000000123,3.071958518355033,-29.829999999999927,0.535643742144014,0.45088884898545256,0.75,25.109999999999673,-1.0746890255674733,0.7169098381002349,67.18625558339772,47.527015489305995,-0.18979891721390074,0.05424603401738137,0.7073919371844011,-1.2008715558375094,-0.6873155528587557,0.31773174835205226,0.7148964337920924,False,0,2,0
GOLD#,2025-12-29 08:00:00,2025-12-29 09:00:00,LOWER,4506.45,4510.57,4471.28,4475.14,60,4517.3745,4548.659423187205,4486.089576812795,4512.68,4528.110696689819,4497.249303310182,True,39.289999999999964,19.015000000000054,2.0662634762029897,-31.30999999999949,0.7968948841944393,0.09824382794605716,4.119999999999891,3.860000000000582,-2.2211149092821167,0.03165921640809151,62.56984637441019,30.861393379636866,0.2642968986583296,-0.5011619074035624,0.4932310876227204,-1.164869839600293,-2.309755456218772,-0.28766763081774016,0.044701551406803125,False,1,2,1
GOLD#,2025-12-29 13:00:00,2025-12-29 14:00:00,LOWER,4460.9,4467.77,4434.27,4446.85,60,4504.177,4561.483674688296,4446.870325311704,4467.1675,4491.9270537185075,4442.407946281492,False,33.5,23.009000000000015,1.455952018775261,-14.049999999999272,0.41940298507460516,0.37552238805969934,6.8700000000008,12.579999999999927,-2.491503324785922,-0.6551566778217487,114.61334937659194,49.51910743701592,0.11781072499308798,0.10149398556637168,0.4320535758387797,-2.5989830066495387,-3.487331044373929,-2.9392846277543203,-1.6467469251162326,False,1,3,1
GOLD#,2025-12-29 15:00:00,2025-12-29 16:00:00,LOWER,4464.26,4467.36,4407.16,4421.75,60,4494.325500000001,4557.6245260496235,4431.026473950378,4461.012500000001,4497.41203159507,4424.612968404931,True,60.19999999999982,23.220499999999994,2.592536767080805,-42.51000000000022,0.7061461794019991,0.2423588039867141,3.0999999999994543,14.590000000000146,-3.1254925604530843,-0.9064834951874022,126.59805209924525,72.79906319013935,0.12339093469777906,0.02001418223978968,0.5750409424393771,-2.2708382679098027,-3.249714691759439,-3.7574556964750983,-3.88535991903707,False,1,4,1
GOLD#,2025-12-29 16:00:00,2025-12-29 17:00:00,LOWER,4421.1,4421.18,4356.87,4360.25,60,4486.385,4571.399406895722,4401.370593104279,4448.285,4516.265500147779,4380.304499852221,True,64.88000000000011,25.287999999999965,2.5656437836127886,-60.850000000000364,0.9461981029388895,0.05255792256258884,0.07999999999992724,3.380000000000109,-4.987938943372366,-1.0503400822524411,170.0288137914431,135.96100029555782,0.3430602680849366,0.867620190941877,0.7996350575163527,-3.9912211325530067,-6.026573869028782,-6.520879468522614,-6.264631445745029,True,2,5,2
GOLD#,2025-12-30 12:00:00,2025-12-30 13:00:00,UPPER,4371.93,4391.65,4367.59,4384.76,60,4352.9045,4388.232086088482,4317.576913911517,4368.587500000001,4383.142179672008,4354.032820327993,False,24.05999999999949,25.31650000000004,0.9503683368553889,12.829999999999927,0.533250207813807,0.7136325852036757,6.889999999999418,4.3400000000001455,1.2582900479924366,-0.9680050559911668,70.6551721769647,29.109359344014592,-0.2059395376209865,-0.32710235292908796,0.4119919101054141,0.8401635297138389,2.0887563446763977,-3.446763968163059,-5.288645744869915,False,0,3,0
GOLD#,2025-12-30 21:00:00,2025-12-30 22:00:00,LOWER,4364.72,4367.97,4337.47,4348.53,60,4369.424499999999,4396.455489971477,4342.393510028522,4369.5075,4390.472182214505,4348.542817785495,False,30.5,20.580499999999937,1.4819853745049971,-16.19000000000051,0.5308196721311642,0.36262295081965545,3.25,11.05999999999949,-1.0152571609047152,0.44627195646361445,54.06197994295508,41.92936442901009,-0.01716235673332389,0.044415009062729105,0.7755795195302312,-1.9338694395180052,-1.1612934573990243,0.8328271907873701,-8.285998882437315,False,0,1,0
